Frame,Time (Seconds),RFoot:Rotation:X,RFoot:Rotation:Y,RFoot:Rotation:Z,RFoot:Rotation:W,RFoot:Position:X,RFoot:Position:Y,RFoot:Position:Z,LFoot:Rotation:X,LFoot:Rotation:Y,LFoot:Rotation:Z,LFoot:Rotation:W,LFoot:Position:X,LFoot:Position:Y,LFoot:Position:Z,Waist:Rotation:X,Waist:Rotation:Y,Waist:Rotation:Z,Waist:Rotation:W,Waist:Position:X,Waist:Position:Y,Waist:Position:Z
0,0.000000,0.055196,0.006785,0.420679,0.905503,-0.331171,-0.425317,0.025737,-0.066213,-0.018583,0.059955,0.995829,-0.169374,-0.611540,0.022384,-0.005715,-0.014325,-0.334168,-0.942388,-0.237978,-0.556977,0.935168
1,0.008333,0.055085,0.006756,0.420696,0.905503,-0.331186,-0.425298,0.025740,-0.066134,-0.018576,0.059978,0.995833,-0.169380,-0.611550,0.022392,-0.006048,-0.014915,-0.333695,-0.942544,-0.237737,-0.557450,0.935023
2,0.016667,0.054987,0.006766,0.420700,0.905507,-0.331192,-0.425285,0.025740,-0.065906,-0.018597,0.059977,0.995848,-0.169390,-0.611560,0.022387,-0.006265,-0.015322,-0.333423,-0.942632,-0.237526,-0.557925,0.935002
3,0.025000,0.054908,0.006710,0.420688,0.905517,-0.331201,-0.425280,0.025737,-0.065760,-0.018595,0.060017,0.995855,-0.169401,-0.611565,0.022393,-0.006745,-0.015449,-0.332946,-0.942795,-0.237334,-0.558404,0.934960
4,0.033333,0.054890,0.006756,0.420718,0.905504,-0.331202,-0.425271,0.025738,-0.065616,-0.018602,0.060071,0.995861,-0.169403,-0.611574,0.022399,-0.007032,-0.015641,-0.332497,-0.942949,-0.237155,-0.558898,0.934915
5,0.041667,0.054805,0.006760,0.420729,0.905504,-0.331216,-0.425256,0.025737,-0.065507,-0.018545,0.060051,0.995871,-0.169409,-0.611580,0.022408,-0.007256,-0.015454,-0.332190,-0.943058,-0.236972,-0.559461,0.934911
6,0.050000,0.054696,0.006776,0.420757,0.905498,-0.331221,-0.425243,0.025737,-0.065317,-0.018565,0.060030,0.995884,-0.169423,-0.611585,0.022390,-0.007068,-0.015445,-0.331939,-0.943148,-0.236720,-0.559947,0.934903
7,0.058333,0.054675,0.006798,0.420792,0.905482,-0.331223,-0.425222,0.025731,-0.065174,-0.018543,0.060111,0.995889,-0.169419,-0.611598,0.022393,-0.007169,-0.015674,-0.331655,-0.943243,-0.236438,-0.560454,0.934931
8,0.066667,0.054603,0.006772,0.420777,0.905494,-0.331212,-0.425209,0.025737,-0.065031,-0.018513,0.060115,0.995899,-0.169411,-0.611607,0.022412,-0.007255,-0.015822,-0.331472,-0.943305,-0.236103,-0.560851,0.934934
9,0.075000,0.054564,0.006801,0.420809,0.905481,-0.331212,-0.425186,0.025738,-0.064991,-0.018457,0.060140,0.995901,-0.169414,-0.611618,0.022419,-0.007201,-0.015771,-0.331544,-0.943281,-0.235742,-0.561259,0.934942
10,0.083333,0.054563,0.006860,0.420819,0.905476,-0.331207,-0.425170,0.025734,-0.064717,-0.018403,0.060127,0.995921,-0.169419,-0.611630,0.022416,-0.007199,-0.015648,-0.331621,-0.943255,-0.235474,-0.561591,0.935064
11,0.091667,0.054491,0.006899,0.420840,0.905471,-0.331221,-0.425159,0.025740,-0.064531,-0.018399,0.060120,0.995933,-0.169425,-0.611637,0.022411,-0.006872,-0.015512,-0.331570,-0.943278,-0.235035,-0.561966,0.934937
12,0.100000,0.054510,0.006921,0.420855,0.905462,-0.331222,-0.425147,0.025744,-0.064400,-0.018357,0.060110,0.995943,-0.169431,-0.611645,0.022423,-0.007065,-0.016120,-0.331630,-0.943246,-0.234444,-0.562430,0.934900
13,0.108333,0.054498,0.007032,0.420855,0.905462,-0.331231,-0.425136,0.025749,-0.065198,-0.018209,0.060141,0.995892,-0.169404,-0.611716,0.022473,-0.008958,-0.018741,-0.329738,-0.943844,-0.233950,-0.564022,0.934187
14,0.116667,0.054346,0.006975,0.420885,0.905458,-0.331236,-0.425124,0.025756,-0.065230,-0.018221,0.060182,0.995887,-0.169402,-0.611721,0.022477,-0.010156,-0.018250,-0.329638,-0.943876,-0.233541,-0.564587,0.934174
15,0.125000,0.054289,0.006964,0.420881,0.905463,-0.331239,-0.425117,0.025761,-0.064989,-0.018222,0.060236,0.995900,-0.169416,-0.611721,0.022473,-0.010689,-0.019033,-0.330090,-0.943697,-0.233028,-0.564986,0.934205
16,0.133333,0.054258,0.006999,0.420904,0.905454,-0.331241,-0.425110,0.025763,-0.064830,-0.018193,0.060250,0.995910,-0.169413,-0.611720,0.022480,-0.009840,-0.018578,-0.330148,-0.943695,-0.232639,-0.565369,0.934158
17,0.141667,0.054195,0.007107,0.420906,0.905456,-0.331250,-0.425103,0.025777,-0.064706,-0.018192,0.060258,0.995917,-0.169427,-0.611727,0.022485,-0.008902,-0.016484,-0.331137,-0.943397,-0.232377,-0.565260,0.934761
18,0.150000,0.054236,0.007110,0.420945,0.905435,-0.331248,-0.425095,0.025768,-0.064511,-0.018153,0.060256,0.995931,-0.169427,-0.611732,0.022482,-0.007933,-0.016188,-0.332813,-0.942821,-0.231638,-0.565197,0.935049
19,0.158333,0.054238,0.007134,0.420976,0.905421,-0.331249,-0.425091,0.025772,-0.064504,-0.018043,0.060290,0.995931,-0.169417,-0.611738,0.022513,-0.007563,-0.015567,-0.333776,-0.942494,-0.230996,-0.565447,0.935085
20,0.166667,0.054270,0.007340,0.420952,0.905428,-0.331246,-0.425062,0.025795,-0.064130,-0.017946,0.060297,0.995957,-0.169421,-0.611743,0.022503,-0.007962,-0.016122,-0.334236,-0.942318,-0.230257,-0.566133,0.934930
21,0.175000,0.054321,0.007417,0.421012,0.905397,-0.331248,-0.425045,0.025802,-0.063966,-0.017820,0.060309,0.995969,-0.169419,-0.611750,0.022525,-0.008231,-0.015868,-0.334567,-0.942202,-0.229766,-0.566574,0.934828
22,0.183333,0.054331,0.007529,0.421028,0.905388,-0.331238,-0.425042,0.025809,-0.063605,-0.017771,0.060370,0.995989,-0.169421,-0.611757,0.022524,-0.008487,-0.016035,-0.334505,-0.942219,-0.229219,-0.566999,0.934810
23,0.191667,0.054400,0.007613,0.421068,0.905364,-0.331237,-0.425038,0.025817,-0.063593,-0.017582,0.060390,0.995992,-0.169409,-0.611776,0.022540,-0.008356,-0.017040,-0.334140,-0.942332,-0.228661,-0.567654,0.934680
24,0.200000,0.054384,0.007743,0.421147,0.905327,-0.331247,-0.425034,0.025826,-0.063106,-0.017518,0.060397,0.996024,-0.169412,-0.611783,0.022549,-0.008316,-0.016992,-0.333800,-0.942454,-0.228064,-0.568433,0.934444
25,0.208333,0.054385,0.007782,0.421202,0.905301,-0.331241,-0.425037,0.025826,-0.062997,-0.017312,0.060338,0.996038,-0.169408,-0.611796,0.022564,-0.009443,-0.017987,-0.333476,-0.942540,-0.227394,-0.569311,0.934457
26,0.216667,0.054286,0.007620,0.421381,0.905225,-0.331235,-0.425085,0.025787,-0.062782,-0.017272,0.060409,0.996048,-0.169407,-0.611809,0.022568,-0.011467,-0.019225,-0.331538,-0.943176,-0.226900,-0.570918,0.933736
27,0.225000,0.054466,0.007944,0.421514,0.905150,-0.331238,-0.425085,0.025801,-0.062400,-0.017240,0.060428,0.996071,-0.169406,-0.611821,0.022555,-0.012427,-0.019214,-0.331629,-0.943132,-0.226221,-0.571732,0.933701
28,0.233333,0.054474,0.008190,0.421598,0.905108,-0.331235,-0.425073,0.025804,-0.062284,-0.017129,0.060464,0.996078,-0.169406,-0.611835,0.022558,-0.009619,-0.016667,-0.333440,-0.942575,-0.225568,-0.571497,0.934278
29,0.241667,0.054426,0.008426,0.421644,0.905087,-0.331235,-0.425067,0.025818,-0.061936,-0.017068,0.060455,0.996101,-0.169405,-0.611844,0.022553,-0.009310,-0.016468,-0.332944,-0.942757,-0.225002,-0.572202,0.934167
30,0.250000,0.054470,0.008576,0.421792,0.905014,-0.331205,-0.425043,0.025825,-0.061749,-0.017000,0.060478,0.996113,-0.169415,-0.611860,0.022545,-0.010063,-0.016400,-0.332599,-0.942872,-0.224195,-0.573131,0.933909
31,0.258333,0.054591,0.009038,0.421909,0.904948,-0.331200,-0.425038,0.025847,-0.061613,-0.016971,0.060528,0.996119,-0.169413,-0.611884,0.022544,-0.010396,-0.016626,-0.332183,-0.943011,-0.223559,-0.574099,0.933823
32,0.266667,0.054496,0.009260,0.421986,0.904916,-0.331195,-0.425020,0.025864,-0.061241,-0.017024,0.060644,0.996134,-0.169419,-0.611892,0.022527,-0.010516,-0.016459,-0.331910,-0.943109,-0.222799,-0.574954,0.933620
33,0.275000,0.054391,0.009522,0.422042,0.904893,-0.331200,-0.425009,0.025877,-0.061077,-0.016945,0.060752,0.996138,-0.169426,-0.611915,0.022524,-0.010678,-0.015632,-0.331765,-0.943172,-0.222143,-0.575835,0.933437
34,0.283333,0.054287,0.009881,0.422156,0.904842,-0.331185,-0.424976,0.025912,-0.060911,-0.016993,0.060897,0.996139,-0.169430,-0.611943,0.022516,-0.010987,-0.015551,-0.331335,-0.943321,-0.221382,-0.576692,0.933249
35,0.291667,0.054227,0.010332,0.422316,0.904766,-0.331180,-0.424940,0.025930,-0.060839,-0.017165,0.061295,0.996116,-0.169354,-0.611967,0.022523,-0.010869,-0.015620,-0.331024,-0.943430,-0.220700,-0.577573,0.933165
36,0.300000,0.054109,0.010740,0.422482,0.904691,-0.331158,-0.424893,0.025971,-0.060562,-0.016868,0.061153,0.996147,-0.169433,-0.611975,0.022509,-0.010806,-0.014225,-0.330974,-0.943471,-0.219842,-0.578530,0.932799
37,0.308333,0.054042,0.011390,0.422606,0.904629,-0.331134,-0.424841,0.026012,-0.060353,-0.017007,0.061501,0.996135,-0.169347,-0.612012,0.022508,-0.010862,-0.013815,-0.330442,-0.943663,-0.219111,-0.579417,0.932520
38,0.316667,0.054435,0.012349,0.422826,0.904490,-0.331090,-0.424765,0.026101,-0.060194,-0.016763,0.061389,0.996156,-0.169424,-0.612051,0.022470,-0.011072,-0.013479,-0.330028,-0.943810,-0.218306,-0.580320,0.932339
39,0.325000,0.054776,0.013205,0.422978,0.904386,-0.331046,-0.424677,0.026154,-0.059981,-0.016941,0.061861,0.996137,-0.169335,-0.612103,0.022468,-0.011165,-0.012963,-0.330085,-0.943796,-0.217579,-0.581270,0.932255
40,0.333333,0.054798,0.014508,0.423131,0.904293,-0.330964,-0.424599,0.026267,-0.059230,-0.016748,0.061741,0.996192,-0.169413,-0.612133,0.022416,-0.011134,-0.012427,-0.329764,-0.943916,-0.216697,-0.582187,0.931984
41,0.341667,0.054599,0.015616,0.423326,0.904196,-0.330871,-0.424528,0.026448,-0.058785,-0.016660,0.061756,0.996219,-0.169411,-0.612184,0.022408,-0.011115,-0.011834,-0.329182,-0.944127,-0.215903,-0.583145,0.931726
42,0.350000,0.054370,0.016536,0.423497,0.904113,-0.330739,-0.424485,0.026575,-0.058356,-0.016515,0.061830,0.996242,-0.169414,-0.612232,0.022399,-0.011626,-0.010724,-0.329128,-0.944153,-0.215373,-0.584074,0.931667
43,0.358333,0.053810,0.018000,0.423626,0.904058,-0.330602,-0.424445,0.026808,-0.058500,-0.016627,0.062383,0.996198,-0.169288,-0.612303,0.022452,-0.011740,-0.009981,-0.328985,-0.944209,-0.214534,-0.585035,0.931508
44,0.366667,0.052735,0.019566,0.423824,0.903996,-0.330489,-0.424358,0.027142,-0.058290,-0.016424,0.062578,0.996201,-0.169277,-0.612341,0.022466,-0.011943,-0.009083,-0.328363,-0.944432,-0.213684,-0.585882,0.931295
45,0.375000,0.051017,0.021670,0.424125,0.903906,-0.330341,-0.424242,0.027615,-0.057891,-0.016358,0.062652,0.996221,-0.169283,-0.612383,0.022432,-0.012011,-0.008418,-0.327830,-0.944623,-0.212702,-0.586783,0.931043
46,0.383333,0.048729,0.024783,0.424878,0.903599,-0.330101,-0.424177,0.028271,-0.057609,-0.016222,0.062653,0.996239,-0.169282,-0.612408,0.022407,-0.012482,-0.008212,-0.327487,-0.944738,-0.212035,-0.587812,0.930938
47,0.391667,0.046075,0.028182,0.425742,0.903231,-0.329779,-0.424218,0.028986,-0.057280,-0.016229,0.062777,0.996250,-0.169283,-0.612440,0.022385,-0.013636,-0.006850,-0.327241,-0.944818,-0.211409,-0.588803,0.930800
48,0.400000,0.042571,0.032967,0.426375,0.902943,-0.329457,-0.424221,0.030013,-0.056961,-0.016270,0.062830,0.996265,-0.169289,-0.612457,0.022352,-0.014387,-0.005992,-0.326785,-0.944970,-0.210702,-0.589754,0.930667
49,0.408333,0.039272,0.039031,0.427183,0.902468,-0.329062,-0.424100,0.031284,-0.056680,-0.016311,0.062859,0.996278,-0.169287,-0.612488,0.022332,-0.015132,-0.005391,-0.326117,-0.945193,-0.209968,-0.590816,0.930535
50,0.416667,0.035514,0.046184,0.427948,0.901924,-0.328607,-0.423926,0.032741,-0.055565,-0.016424,0.062735,0.996347,-0.169394,-0.612493,0.022246,-0.015999,-0.004575,-0.325981,-0.945230,-0.209159,-0.591841,0.930384
51,0.425000,0.030728,0.053314,0.429136,0.901141,-0.327984,-0.423810,0.034386,-0.055005,-0.016418,0.062707,0.996380,-0.169406,-0.612514,0.022222,-0.017313,-0.004308,-0.325591,-0.945342,-0.208526,-0.592912,0.930382
52,0.433333,0.027035,0.062504,0.430822,0.899864,-0.327232,-0.423563,0.036410,-0.054615,-0.016479,0.062778,0.996396,-0.169415,-0.612551,0.022195,-0.018661,-0.003679,-0.325738,-0.945269,-0.207986,-0.593931,0.930472
53,0.441667,0.022187,0.071941,0.432373,0.898547,-0.326255,-0.423264,0.038758,-0.055450,-0.016438,0.063137,0.996328,-0.169292,-0.612603,0.022279,-0.019435,-0.003002,-0.325306,-0.945404,-0.207114,-0.595046,0.930231
54,0.450000,0.016867,0.082481,0.433946,0.896997,-0.325220,-0.423113,0.041104,-0.055044,-0.016356,0.063185,0.996348,-0.169316,-0.612658,0.022246,-0.021004,-0.002447,-0.325276,-0.945383,-0.206669,-0.596229,0.930445
55,0.458333,0.012470,0.093633,0.435112,0.895408,-0.323925,-0.423088,0.043544,-0.054473,-0.016408,0.063166,0.996380,-0.169336,-0.612681,0.022206,-0.021844,-0.001947,-0.325088,-0.945429,-0.205842,-0.597296,0.930262
56,0.466667,0.008471,0.105605,0.436875,0.893261,-0.322446,-0.422728,0.046527,-0.054469,-0.016328,0.063307,0.996373,-0.169349,-0.612688,0.022193,-0.023759,-0.000858,-0.324969,-0.945426,-0.205387,-0.598479,0.930451
57,0.475000,0.004107,0.118208,0.438121,0.891100,-0.320820,-0.422515,0.049623,-0.054343,-0.016287,0.063328,0.996379,-0.169361,-0.612690,0.022171,-0.025304,-0.000204,-0.324958,-0.945390,-0.204868,-0.599685,0.930567
58,0.483333,-0.003586,0.128688,0.440509,0.888470,-0.318973,-0.422273,0.052885,-0.053340,-0.016290,0.063025,0.996452,-0.169479,-0.612652,0.022087,-0.028135,0.000863,-0.324930,-0.945319,-0.204444,-0.600941,0.930806
59,0.491667,-0.010220,0.140261,0.441686,0.886079,-0.317046,-0.421912,0.056193,-0.055031,-0.016394,0.063032,0.996358,-0.169467,-0.612674,0.022134,-0.028205,0.001540,-0.324698,-0.945396,-0.203805,-0.601973,0.930617
60,0.500000,-0.017295,0.150043,0.443453,0.883480,-0.315008,-0.421500,0.059552,-0.056725,-0.015570,0.062324,0.996321,-0.169414,-0.612659,0.022271,-0.029815,0.002276,-0.324330,-0.945471,-0.203132,-0.602998,0.930631
61,0.508333,-0.028555,0.157536,0.446722,0.880231,-0.312522,-0.420789,0.063868,-0.056920,-0.015719,0.062366,0.996305,-0.169415,-0.612662,0.022254,-0.034748,0.003716,-0.324563,-0.945218,-0.202827,-0.604347,0.931436
62,0.516667,-0.034985,0.166740,0.448383,0.877455,-0.309853,-0.420203,0.068279,-0.054727,-0.016310,0.062560,0.996406,-0.169472,-0.612616,0.022071,-0.033422,0.003778,-0.324342,-0.945342,-0.202025,-0.605143,0.930799
63,0.525000,-0.038948,0.176666,0.449604,0.874716,-0.307220,-0.419410,0.073015,-0.054354,-0.016479,0.062463,0.996430,-0.169490,-0.612598,0.022016,-0.036460,0.004864,-0.324273,-0.945248,-0.201694,-0.606130,0.931149
64,0.533333,-0.040076,0.189400,0.450457,0.871556,-0.304467,-0.418542,0.078157,-0.054594,-0.016550,0.062486,0.996414,-0.169497,-0.612600,0.022013,-0.038179,0.004269,-0.324139,-0.945229,-0.200757,-0.606928,0.930918
65,0.541667,-0.042417,0.194045,0.452419,0.869405,-0.301679,-0.417556,0.083039,-0.061242,-0.017365,0.064266,0.995900,-0.169624,-0.613131,0.021840,-0.038217,0.003172,-0.323606,-0.945415,-0.200158,-0.607646,0.930300
66,0.550000,-0.050236,0.197677,0.458910,0.864756,-0.298242,-0.416487,0.088423,-0.061172,-0.017342,0.064200,0.995909,-0.169630,-0.613132,0.021816,-0.040467,0.005944,-0.323584,-0.945315,-0.199818,-0.608352,0.931099
67,0.558333,-0.049660,0.198768,0.460987,0.863433,-0.295401,-0.415198,0.093860,-0.059528,-0.017307,0.063932,0.996027,-0.169635,-0.613104,0.021753,-0.041542,0.007767,-0.322772,-0.945533,-0.199041,-0.608831,0.930784
68,0.566667,-0.048438,0.200220,0.463915,0.861596,-0.292546,-0.413980,0.099290,-0.061177,-0.017399,0.064071,0.995916,-0.169651,-0.613161,0.021745,-0.042811,0.007477,-0.322544,-0.945556,-0.198254,-0.609452,0.930823
69,0.575000,-0.047952,0.201097,0.467822,0.859304,-0.289581,-0.412676,0.104880,-0.061360,-0.017457,0.064093,0.995903,-0.169618,-0.613166,0.021779,-0.042956,0.006552,-0.321828,-0.945800,-0.197403,-0.609907,0.930587
70,0.583333,-0.050203,0.202179,0.473021,0.856069,-0.286219,-0.411253,0.110881,-0.060450,-0.017326,0.063873,0.995975,-0.169609,-0.613085,0.021794,-0.045442,0.008103,-0.321092,-0.945922,-0.197033,-0.610445,0.930396
71,0.591667,-0.052261,0.204392,0.477553,0.852899,-0.282742,-0.409661,0.116843,-0.060934,-0.017007,0.063630,0.995966,-0.169573,-0.613039,0.021877,-0.045821,0.008935,-0.321104,-0.945893,-0.196261,-0.610762,0.930848
72,0.600000,-0.053492,0.206154,0.480909,0.850509,-0.279242,-0.408243,0.122417,-0.057143,-0.016365,0.062213,0.996291,-0.169471,-0.612617,0.022014,-0.047018,0.011487,-0.320038,-0.946168,-0.195346,-0.610877,0.930376
73,0.608333,-0.057858,0.206712,0.484329,0.848144,-0.275427,-0.406487,0.128295,-0.053283,-0.016324,0.061596,0.996544,-0.169475,-0.612406,0.021952,-0.046717,0.014643,-0.318706,-0.946588,-0.194981,-0.610898,0.930107
74,0.616667,-0.061005,0.207105,0.485995,0.846873,-0.271410,-0.404905,0.133792,-0.054989,-0.015295,0.061494,0.996474,-0.169548,-0.612353,0.022027,-0.049035,0.015338,-0.317517,-0.946860,-0.194319,-0.610973,0.930495
75,0.625000,-0.064100,0.207943,0.486780,0.845988,-0.266999,-0.403141,0.139497,-0.053956,-0.016048,0.061359,0.996527,-0.169404,-0.612232,0.022025,-0.052219,0.014051,-0.316595,-0.947018,-0.193782,-0.611304,0.931163
76,0.633333,-0.066699,0.207719,0.486065,0.846253,-0.262577,-0.401460,0.144884,-0.053444,-0.016674,0.061341,0.996546,-0.169355,-0.612226,0.021933,-0.054521,0.014377,-0.315649,-0.947199,-0.192699,-0.611212,0.930381
77,0.641667,-0.068803,0.208118,0.485057,0.846565,-0.257968,-0.399596,0.150143,-0.060295,-0.017447,0.063190,0.996026,-0.169520,-0.612853,0.021767,-0.056355,0.015036,-0.314864,-0.947343,-0.192247,-0.611476,0.930320
78,0.650000,-0.071664,0.207639,0.484152,0.846964,-0.253218,-0.397625,0.155253,-0.060300,-0.017645,0.063136,0.996025,-0.169511,-0.612837,0.021754,-0.060861,0.016047,-0.314436,-0.947190,-0.192216,-0.611603,0.931271
79,0.658333,-0.075629,0.205797,0.482897,0.847784,-0.248105,-0.395495,0.160407,-0.060770,-0.017383,0.062924,0.996015,-0.169536,-0.612786,0.021757,-0.060577,0.016897,-0.314656,-0.947120,-0.192115,-0.612352,0.931668
80,0.666667,-0.078569,0.204448,0.480914,0.848970,-0.243029,-0.393366,0.165272,-0.061397,-0.016920,0.063237,0.995964,-0.169564,-0.612799,0.021784,-0.062986,0.017350,-0.314000,-0.947173,-0.191378,-0.612688,0.931960
81,0.675000,-0.079646,0.202501,0.478503,0.850697,-0.237892,-0.391269,0.169930,-0.062884,-0.016403,0.063121,0.995888,-0.169581,-0.612828,0.021785,-0.067874,0.017636,-0.313690,-0.946932,-0.190758,-0.612955,0.932387
82,0.683333,-0.082238,0.201961,0.476705,0.851587,-0.232504,-0.388905,0.174579,-0.063322,-0.016247,0.062802,0.995883,-0.169606,-0.612838,0.021740,-0.065907,0.017114,-0.312122,-0.947599,-0.189647,-0.612991,0.931492
83,0.691667,-0.086021,0.199783,0.475073,0.852639,-0.227101,-0.386366,0.179033,-0.063617,-0.016328,0.062694,0.995869,-0.169592,-0.612820,0.021735,-0.064985,0.017203,-0.311025,-0.948021,-0.188756,-0.613127,0.931359
84,0.700000,-0.088341,0.197679,0.473302,0.853876,-0.221667,-0.383784,0.183249,-0.063721,-0.016608,0.062606,0.995864,-0.169565,-0.612796,0.021733,-0.062170,0.018551,-0.310258,-0.948436,-0.187821,-0.613270,0.931270
85,0.708333,-0.091204,0.195126,0.472242,0.854748,-0.216129,-0.380989,0.187500,-0.064292,-0.016546,0.062532,0.995833,-0.169514,-0.612794,0.021739,-0.062966,0.018191,-0.309374,-0.948679,-0.187016,-0.613516,0.931359
86,0.716667,-0.092291,0.192015,0.470682,0.856196,-0.210604,-0.378267,0.191408,-0.063799,-0.016133,0.062276,0.995887,-0.169499,-0.612736,0.021774,-0.069803,0.018201,-0.308974,-0.948331,-0.186464,-0.613228,0.932836
87,0.725000,-0.092480,0.189716,0.468179,0.858058,-0.204949,-0.375565,0.195103,-0.064095,-0.016267,0.062034,0.995881,-0.169471,-0.612709,0.021770,-0.072381,0.018903,-0.307881,-0.948479,-0.185474,-0.613295,0.932779
88,0.733333,-0.094216,0.186510,0.466786,0.859330,-0.199301,-0.372559,0.198770,-0.064362,-0.016531,0.061869,0.995870,-0.169459,-0.612689,0.021736,-0.064023,0.017208,-0.306618,-0.949521,-0.184391,-0.613087,0.931761
89,0.741667,-0.094904,0.183837,0.465099,0.860744,-0.193568,-0.369476,0.202332,-0.064647,-0.016730,0.061797,0.995852,-0.169455,-0.612665,0.021705,-0.066998,0.016866,-0.305949,-0.949538,-0.183544,-0.613119,0.931764
90,0.750000,-0.094747,0.182096,0.462990,0.862267,-0.187861,-0.366424,0.205738,-0.064653,-0.017000,0.061844,0.995845,-0.169505,-0.612622,0.021644,-0.069548,0.019560,-0.305630,-0.949406,-0.182521,-0.612813,0.931261
91,0.758333,-0.096099,0.178238,0.462189,0.863353,-0.182138,-0.363125,0.209128,-0.065008,-0.016758,0.061560,0.995843,-0.169433,-0.612588,0.021687,-0.070890,0.019939,-0.304837,-0.949553,-0.181788,-0.612805,0.931440
92,0.766667,-0.097401,0.173269,0.462553,0.864023,-0.176488,-0.359623,0.212650,-0.064728,-0.016853,0.061210,0.995881,-0.169354,-0.612555,0.021666,-0.072338,0.020746,-0.304201,-0.949631,-0.181042,-0.612780,0.931520
93,0.775000,-0.098825,0.168478,0.463307,0.864405,-0.170790,-0.356092,0.216153,-0.065000,-0.016940,0.061246,0.995860,-0.169350,-0.612509,0.021634,-0.073125,0.020447,-0.303755,-0.949720,-0.180353,-0.612850,0.931958
94,0.783333,-0.098985,0.162934,0.464167,0.864987,-0.165173,-0.352569,0.219595,-0.065171,-0.016950,0.061155,0.995854,-0.169369,-0.612468,0.021629,-0.073929,0.019024,-0.302586,-0.950060,-0.179370,-0.613089,0.932255
95,0.791667,-0.098684,0.157896,0.465688,0.865139,-0.159545,-0.349009,0.223022,-0.065551,-0.017072,0.061073,0.995832,-0.169391,-0.612444,0.021616,-0.075042,0.019747,-0.302150,-0.950097,-0.178525,-0.613052,0.932364
96,0.800000,-0.099272,0.150662,0.468273,0.864966,-0.154030,-0.345195,0.226624,-0.065533,-0.017162,0.061002,0.995836,-0.169394,-0.612421,0.021593,-0.074069,0.021739,-0.301253,-0.950414,-0.177670,-0.612980,0.932240
97,0.808333,-0.097412,0.146266,0.469604,0.865211,-0.148502,-0.341784,0.229917,-0.065284,-0.016531,0.060568,0.995890,-0.169325,-0.612320,0.021696,-0.073966,0.021602,-0.300790,-0.950572,-0.176744,-0.612939,0.932582
98,0.816667,-0.094590,0.144990,0.470008,0.865519,-0.143022,-0.338225,0.233289,-0.059196,-0.016183,0.058664,0.996390,-0.169222,-0.611816,0.021607,-0.074392,0.024283,-0.301479,-0.950256,-0.175615,-0.612818,0.933940
99,0.825000,-0.092694,0.140856,0.470605,0.866082,-0.137478,-0.334791,0.236553,-0.058842,-0.016543,0.058649,0.996406,-0.169244,-0.611723,0.021580,-0.075032,0.023622,-0.301753,-0.950136,-0.174447,-0.612783,0.934422
100,0.833333,-0.088865,0.137475,0.472281,0.866114,-0.132318,-0.331217,0.239566,-0.058885,-0.016531,0.058577,0.996408,-0.169240,-0.611700,0.021571,-0.074321,0.024551,-0.301713,-0.950180,-0.173350,-0.612684,0.934459
101,0.841667,-0.087468,0.131928,0.474504,0.865904,-0.127089,-0.327527,0.242774,-0.059072,-0.016485,0.058472,0.996403,-0.169227,-0.611678,0.021561,-0.075363,0.023319,-0.302214,-0.949970,-0.172115,-0.612668,0.934698
102,0.850000,-0.086890,0.126937,0.475684,0.866062,-0.121754,-0.323963,0.245933,-0.059262,-0.016484,0.058368,0.996398,-0.169208,-0.611665,0.021542,-0.076759,0.023295,-0.302531,-0.949758,-0.171028,-0.612564,0.934952
103,0.858333,-0.085667,0.122320,0.476433,0.866436,-0.116540,-0.320386,0.248891,-0.059319,-0.016469,0.058298,0.996399,-0.169196,-0.611635,0.021529,-0.077363,0.024059,-0.302377,-0.949739,-0.169981,-0.612447,0.935147
104,0.866667,-0.087987,0.116715,0.478460,0.865859,-0.111402,-0.316417,0.251990,-0.059544,-0.016450,0.058254,0.996389,-0.169170,-0.611609,0.021520,-0.078645,0.021623,-0.302370,-0.949695,-0.168852,-0.612326,0.935245
105,0.875000,-0.088942,0.112010,0.479455,0.865833,-0.106336,-0.312514,0.254989,-0.059730,-0.016370,0.058138,0.996386,-0.169143,-0.611575,0.021509,-0.080563,0.023411,-0.301669,-0.949714,-0.167905,-0.612013,0.935101
106,0.883333,-0.085098,0.109324,0.477699,0.867531,-0.101436,-0.309069,0.257399,-0.059902,-0.016345,0.058000,0.996384,-0.169118,-0.611537,0.021489,-0.082741,0.028722,-0.301089,-0.949565,-0.167403,-0.611781,0.935546
107,0.891667,-0.087437,0.098457,0.480771,0.866902,-0.097384,-0.305553,0.260066,-0.061089,-0.016345,0.058308,0.996294,-0.169000,-0.611522,0.021553,-0.071609,0.027263,-0.299286,-0.951082,-0.166205,-0.610794,0.933693
108,0.900000,-0.084550,0.096467,0.478792,0.868507,-0.092160,-0.302174,0.262263,-0.061442,-0.016106,0.058180,0.996283,-0.168957,-0.611478,0.021572,-0.072182,0.028603,-0.298514,-0.951242,-0.165277,-0.610493,0.933616
109,0.908333,-0.087305,0.091380,0.479957,0.868141,-0.087331,-0.298657,0.264613,-0.061729,-0.015890,0.058093,0.996274,-0.168922,-0.611428,0.021584,-0.073516,0.029637,-0.298265,-0.951186,-0.164549,-0.610259,0.933849
110,0.916667,-0.086913,0.089771,0.478645,0.869072,-0.082270,-0.295015,0.266875,-0.061942,-0.015758,0.058026,0.996267,-0.168889,-0.611386,0.021583,-0.071727,0.029070,-0.298424,-0.951290,-0.163229,-0.609542,0.933580
111,0.925000,-0.079483,0.092855,0.473447,0.872301,-0.076921,-0.291754,0.268216,-0.062045,-0.015682,0.057976,0.996265,-0.168872,-0.611333,0.021578,-0.072644,0.027995,-0.299190,-0.951012,-0.162406,-0.609130,0.934160
112,0.933333,-0.081072,0.087967,0.473022,0.872892,-0.072138,-0.288483,0.270175,-0.062374,-0.015701,0.057922,0.996247,-0.168861,-0.611292,0.021577,-0.071537,0.028010,-0.299719,-0.950929,-0.161349,-0.608603,0.934373
113,0.941667,-0.077473,0.086255,0.470667,0.874660,-0.067742,-0.284979,0.271621,-0.062688,-0.015491,0.057886,0.996233,-0.168813,-0.611242,0.021608,-0.072496,0.028210,-0.299461,-0.950932,-0.160161,-0.608474,0.934337
114,0.950000,-0.083815,0.075502,0.474520,0.872986,-0.064227,-0.281266,0.273655,-0.063047,-0.015219,0.057858,0.996216,-0.168792,-0.611197,0.021622,-0.072835,0.026964,-0.300243,-0.950696,-0.159194,-0.607979,0.934979
115,0.958333,-0.083425,0.072630,0.472771,0.874216,-0.059891,-0.277919,0.274798,-0.063486,-0.014993,0.057960,0.996185,-0.168801,-0.611163,0.021636,-0.070332,0.029958,-0.299794,-0.950936,-0.157962,-0.607461,0.934451
116,0.966667,-0.081973,0.073426,0.469235,0.876189,-0.055015,-0.274373,0.275781,-0.064158,-0.014709,0.057682,0.996163,-0.168707,-0.611096,0.021663,-0.070561,0.030439,-0.300399,-0.950713,-0.157056,-0.606870,0.934814
117,0.975000,-0.081314,0.068455,0.469250,0.876645,-0.051475,-0.271235,0.276332,-0.064766,-0.014575,0.057534,0.996134,-0.168655,-0.611035,0.021678,-0.075970,0.027958,-0.298683,-0.950913,-0.155925,-0.607247,0.934865
118,0.983333,-0.078686,0.070149,0.466381,0.878281,-0.046943,-0.267750,0.276557,-0.065249,-0.014458,0.057405,0.996112,-0.168626,-0.610978,0.021668,-0.077143,0.028727,-0.298543,-0.950839,-0.155155,-0.606743,0.934986
119,0.991667,-0.078380,0.065484,0.467216,0.878224,-0.043759,-0.264423,0.276891,-0.065578,-0.014430,0.057296,0.996097,-0.168606,-0.610910,0.021648,-0.076720,0.029100,-0.297470,-0.951199,-0.154021,-0.606273,0.934811
120,1.000000,-0.069236,0.075202,0.462891,0.880502,-0.039217,-0.261468,0.276112,-0.066028,-0.014300,0.057210,0.996074,-0.168577,-0.610859,0.021672,-0.078177,0.030940,-0.297044,-0.951155,-0.153377,-0.605724,0.934724
121,1.008333,-0.064739,0.077254,0.461207,0.881549,-0.035772,-0.258257,0.275628,-0.066429,-0.014267,0.057150,0.996051,-0.168554,-0.610812,0.021696,-0.079783,0.029875,-0.297113,-0.951034,-0.152769,-0.605198,0.935118
122,1.016667,-0.065180,0.075537,0.461489,0.881518,-0.032480,-0.254930,0.274863,-0.066940,-0.014826,0.057636,0.995981,-0.168643,-0.610731,0.021680,-0.080824,0.031900,-0.296601,-0.951040,-0.152187,-0.604603,0.935010
123,1.025000,-0.065781,0.075515,0.460515,0.881984,-0.029259,-0.251711,0.273730,-0.067352,-0.014588,0.057504,0.995964,-0.168615,-0.610689,0.021684,-0.081447,0.034395,-0.293815,-0.951765,-0.151211,-0.604421,0.934402
124,1.033333,-0.078049,0.068578,0.454558,0.884637,-0.024646,-0.248633,0.271730,-0.067731,-0.014436,0.057386,0.995947,-0.168585,-0.610640,0.021689,-0.081799,0.034301,-0.293664,-0.951785,-0.150691,-0.603546,0.934499
125,1.041667,-0.079363,0.072913,0.452405,0.885277,-0.021135,-0.245655,0.269670,-0.068132,-0.014232,0.057443,0.995920,-0.168554,-0.610604,0.021702,-0.084128,0.035035,-0.294575,-0.951273,-0.150486,-0.602391,0.935234
126,1.050000,-0.093265,0.061920,0.455234,0.883306,-0.018409,-0.241440,0.268619,-0.068856,-0.014177,0.057450,0.995870,-0.168523,-0.610575,0.021707,-0.084598,0.036124,-0.294335,-0.951265,-0.149599,-0.601576,0.934944
127,1.058333,-0.097847,0.061649,0.453802,0.883566,-0.015374,-0.238196,0.266236,-0.069481,-0.013935,0.057303,0.995839,-0.168498,-0.610527,0.021701,-0.085311,0.036084,-0.294309,-0.951211,-0.148638,-0.600988,0.934761
128,1.066667,-0.100638,0.062795,0.451557,0.884322,-0.012347,-0.235328,0.263299,-0.073106,-0.015418,0.057403,0.995551,-0.168431,-0.610791,0.021476,-0.083910,0.037716,-0.292996,-0.951677,-0.147309,-0.600474,0.933744
129,1.075000,-0.103519,0.063691,0.449393,0.885027,-0.009288,-0.232636,0.260071,-0.073681,-0.015644,0.057244,0.995515,-0.168394,-0.610760,0.021442,-0.085182,0.036514,-0.291838,-0.951967,-0.146660,-0.599638,0.933283
130,1.083333,-0.102810,0.066995,0.447968,0.885588,-0.006734,-0.229550,0.256261,-0.074141,-0.015723,0.057139,0.995485,-0.168370,-0.610724,0.021426,-0.085157,0.033420,-0.291095,-0.952310,-0.145441,-0.598972,0.932621
131,1.091667,-0.104305,0.068142,0.446257,0.886190,-0.004124,-0.226364,0.252928,-0.074190,-0.015559,0.057124,0.995485,-0.168359,-0.610692,0.021450,-0.085854,0.033376,-0.291178,-0.952224,-0.144755,-0.598218,0.932651
132,1.100000,-0.105545,0.068882,0.444092,0.887073,-0.001480,-0.223498,0.249147,-0.073937,-0.015493,0.057327,0.995493,-0.168419,-0.610654,0.021439,-0.085650,0.032808,-0.291053,-0.952300,-0.143908,-0.597490,0.932605
133,1.108333,-0.106643,0.069574,0.441707,0.888077,0.001218,-0.220560,0.245443,-0.074881,-0.015456,0.057040,0.995440,-0.168350,-0.610649,0.021414,-0.083814,0.034976,-0.290229,-0.952638,-0.142902,-0.596698,0.931931
134,1.116667,-0.105251,0.070382,0.439893,0.889080,0.003664,-0.217820,0.240925,-0.075209,-0.015439,0.056944,0.995421,-0.168335,-0.610624,0.021411,-0.068047,0.038826,-0.288114,-0.954386,-0.141216,-0.595580,0.928453
135,1.125000,-0.104936,0.071565,0.437989,0.889962,0.005886,-0.214564,0.236854,-0.075582,-0.014966,0.057055,0.995394,-0.168311,-0.610624,0.021458,-0.065825,0.038468,-0.287328,-0.954793,-0.140197,-0.594595,0.927891
136,1.133333,-0.101509,0.070665,0.436389,0.891217,0.008019,-0.211575,0.232233,-0.072294,-0.013071,0.056578,0.995692,-0.168356,-0.610297,0.021760,-0.063780,0.038769,-0.286722,-0.955102,-0.139377,-0.593904,0.927431
137,1.141667,-0.101421,0.074041,0.435367,0.891452,0.010303,-0.208455,0.228078,-0.072324,-0.013223,0.056310,0.995703,-0.168320,-0.610262,0.021694,-0.063030,0.039351,-0.286182,-0.955290,-0.138391,-0.593511,0.927217
138,1.150000,-0.102893,0.073741,0.434420,0.891770,0.012623,-0.205669,0.223466,-0.072165,-0.012978,0.055819,0.995745,-0.168269,-0.610233,0.021651,-0.061859,0.039982,-0.285546,-0.955531,-0.137373,-0.593000,0.926888
139,1.158333,-0.101437,0.074780,0.434152,0.891981,0.014545,-0.202780,0.218361,-0.072126,-0.012737,0.055514,0.995768,-0.168259,-0.610216,0.021633,-0.060635,0.039412,-0.284828,-0.955847,-0.136342,-0.592287,0.926600
140,1.166667,-0.101228,0.075437,0.434276,0.891889,0.016613,-0.199957,0.213402,-0.072460,-0.012767,0.055482,0.995745,-0.168265,-0.610192,0.021627,-0.058876,0.039194,-0.284312,-0.956119,-0.135206,-0.591522,0.926166
141,1.175000,-0.100793,0.075097,0.434532,0.891842,0.018454,-0.197166,0.208300,-0.077587,-0.014418,0.056197,0.995296,-0.168201,-0.610560,0.021413,-0.048676,0.036088,-0.283260,-0.957127,-0.134005,-0.590850,0.923974
142,1.183333,-0.100526,0.075652,0.435020,0.891588,0.020321,-0.194332,0.203427,-0.077557,-0.014702,0.056230,0.995292,-0.168211,-0.610565,0.021393,-0.056197,0.038239,-0.282943,-0.956725,-0.132981,-0.589880,0.925624
143,1.191667,-0.101276,0.074185,0.436231,0.891034,0.022067,-0.191684,0.198373,-0.073448,-0.013147,0.055789,0.995651,-0.168297,-0.610235,0.021638,-0.055410,0.038007,-0.282584,-0.956886,-0.131908,-0.589147,0.925534
144,1.200000,-0.102937,0.070845,0.437666,0.890412,0.023738,-0.189407,0.192697,-0.073134,-0.013137,0.055586,0.995685,-0.168269,-0.610209,0.021605,-0.053336,0.038323,-0.282286,-0.957079,-0.130757,-0.588365,0.925174
145,1.208333,-0.101394,0.072102,0.439056,0.889804,0.024940,-0.186866,0.187123,-0.073099,-0.013099,0.055375,0.995700,-0.168246,-0.610204,0.021569,-0.051768,0.037879,-0.281652,-0.957370,-0.129735,-0.587463,0.925018
146,1.216667,-0.101247,0.070116,0.440307,0.889361,0.026328,-0.184202,0.181863,-0.073130,-0.012874,0.055162,0.995713,-0.168232,-0.610210,0.021559,-0.050289,0.038012,-0.280985,-0.957640,-0.128649,-0.586573,0.924734
147,1.225000,-0.101849,0.069072,0.441761,0.888653,0.027600,-0.181743,0.176725,-0.072812,-0.012351,0.055016,0.995751,-0.168259,-0.610206,0.021604,-0.049089,0.037048,-0.280439,-0.957900,-0.127525,-0.585621,0.924456
148,1.233333,-0.100545,0.067178,0.444521,0.887569,0.028344,-0.179244,0.170856,-0.073000,-0.012443,0.054946,0.995740,-0.168253,-0.610195,0.021595,-0.048491,0.036687,-0.279875,-0.958109,-0.126452,-0.584591,0.923985
149,1.241667,-0.098487,0.069160,0.445853,0.886980,0.029478,-0.176807,0.165912,-0.073101,-0.012576,0.054896,0.995733,-0.168266,-0.610190,0.021578,-0.047227,0.035571,-0.279374,-0.958360,-0.125361,-0.583600,0.923547
150,1.250000,-0.097962,0.068488,0.447393,0.886314,0.030367,-0.174541,0.160675,-0.072857,-0.012393,0.054829,0.995757,-0.168298,-0.610190,0.021585,-0.045397,0.034894,-0.278970,-0.958591,-0.124122,-0.582511,0.922991
151,1.258333,-0.097126,0.069289,0.449352,0.885352,0.031092,-0.172314,0.155384,-0.073227,-0.012541,0.054832,0.995728,-0.168289,-0.610199,0.021581,-0.044293,0.033785,-0.278267,-0.958887,-0.122866,-0.581451,0.922547
152,1.266667,-0.096870,0.068879,0.452526,0.883794,0.031415,-0.170059,0.149905,-0.078807,-0.014416,0.055798,0.995223,-0.168145,-0.610593,0.021368,-0.042277,0.032490,-0.277326,-0.959295,-0.121736,-0.580396,0.922166
153,1.275000,-0.095766,0.070848,0.453923,0.883042,0.032140,-0.168015,0.145036,-0.079001,-0.014499,0.055830,0.995204,-0.168122,-0.610618,0.021341,-0.040658,0.032845,-0.276535,-0.959581,-0.120543,-0.579466,0.921839
154,1.283333,-0.095332,0.070041,0.456168,0.881996,0.032550,-0.166052,0.139996,-0.079287,-0.014725,0.055801,0.995180,-0.168116,-0.610626,0.021312,-0.038598,0.031793,-0.276165,-0.959809,-0.119344,-0.578432,0.921459
155,1.291667,-0.094503,0.070081,0.457960,0.881153,0.032861,-0.164062,0.135110,-0.079290,-0.014677,0.055669,0.995188,-0.168121,-0.610623,0.021296,-0.037024,0.031527,-0.275888,-0.959959,-0.118237,-0.577370,0.921109
156,1.300000,-0.094126,0.069761,0.459603,0.880363,0.033214,-0.162287,0.130229,-0.079445,-0.014500,0.055535,0.995185,-0.168119,-0.610627,0.021304,-0.035793,0.030339,-0.275806,-0.960068,-0.117207,-0.576331,0.920732
157,1.308333,-0.089933,0.071746,0.460650,0.880095,0.033222,-0.160829,0.124817,-0.079556,-0.014371,0.055443,0.995184,-0.168122,-0.610626,0.021307,-0.027461,0.028213,-0.274799,-0.960695,-0.115761,-0.575699,0.918782
158,1.316667,-0.090331,0.071862,0.461866,0.879407,0.033570,-0.159157,0.120377,-0.079796,-0.014275,0.055386,0.995169,-0.168120,-0.610626,0.021307,-0.024401,0.026375,-0.274497,-0.960917,-0.114491,-0.574494,0.917791
159,1.325000,-0.089780,0.071514,0.462843,0.878978,0.033697,-0.157783,0.115903,-0.079722,-0.014037,0.055101,0.995194,-0.168157,-0.610626,0.021268,-0.022941,0.025491,-0.274428,-0.960996,-0.113570,-0.573448,0.917351
160,1.333333,-0.088122,0.071684,0.464160,0.878437,0.033514,-0.156561,0.111266,-0.079743,-0.013943,0.055101,0.995194,-0.168171,-0.610622,0.021275,-0.020425,0.023739,-0.273988,-0.961223,-0.112193,-0.572228,0.916735
161,1.341667,-0.085744,0.073758,0.464294,0.878430,0.033604,-0.155582,0.107280,-0.080031,-0.013949,0.055098,0.995171,-0.168148,-0.610624,0.021294,-0.023125,0.024644,-0.276417,-0.960443,-0.112414,-0.570665,0.917450
162,1.350000,-0.086027,0.070812,0.464492,0.878540,0.033524,-0.154893,0.103484,-0.080174,-0.013880,0.055034,0.995164,-0.168128,-0.610623,0.021287,-0.038167,0.019799,-0.269654,-0.961997,-0.108099,-0.570090,0.920727
163,1.358333,-0.085651,0.071185,0.464466,0.878560,0.033285,-0.154455,0.099620,-0.080335,-0.013824,0.055027,0.995152,-0.168115,-0.610627,0.021292,-0.050239,0.015258,-0.265716,-0.962620,-0.106379,-0.568205,0.923516
164,1.366667,-0.083755,0.070975,0.464241,0.878879,0.032901,-0.154274,0.095764,-0.080247,-0.013510,0.055012,0.995164,-0.168128,-0.610625,0.021298,-0.070180,0.026678,-0.273181,-0.959028,-0.108083,-0.568296,0.927307
165,1.375000,-0.080830,0.074221,0.463804,0.879115,0.032405,-0.154392,0.091703,-0.080465,-0.013376,0.054971,0.995151,-0.168098,-0.610633,0.021316,-0.070734,0.034825,-0.273699,-0.958578,-0.107035,-0.566586,0.927131
166,1.383333,-0.077211,0.074096,0.462906,0.879924,0.031845,-0.154824,0.087639,-0.080494,-0.013108,0.054907,0.995155,-0.168126,-0.610624,0.021304,-0.070788,0.033660,-0.273847,-0.958574,-0.105618,-0.565304,0.926114
167,1.391667,-0.078123,0.078236,0.462299,0.879805,0.031396,-0.155496,0.083705,-0.080793,-0.012878,0.054850,0.995137,-0.168085,-0.610620,0.021345,-0.069968,0.030427,-0.274808,-0.958467,-0.103812,-0.563679,0.924598
168,1.400000,-0.078842,0.077736,0.461513,0.880197,0.030942,-0.156468,0.079993,-0.081123,-0.012530,0.054790,0.995118,-0.168099,-0.610604,0.021342,-0.071183,0.032808,-0.275394,-0.958131,-0.102328,-0.562415,0.923600
169,1.408333,-0.078903,0.081936,0.460371,0.880409,0.030401,-0.157925,0.075782,-0.081523,-0.012404,0.054720,0.995091,-0.168061,-0.610599,0.021363,-0.071716,0.034322,-0.275977,-0.957870,-0.100996,-0.560921,0.922854
170,1.416667,-0.076552,0.079852,0.458172,0.881954,0.030080,-0.160166,0.071544,-0.081640,-0.012238,0.054616,0.995089,-0.168038,-0.610594,0.021388,-0.071067,0.031023,-0.276855,-0.957778,-0.099584,-0.559489,0.922331
171,1.425000,-0.076837,0.076662,0.458098,0.882250,0.029415,-0.161963,0.068394,-0.081721,-0.012087,0.054545,0.995088,-0.168044,-0.610595,0.021392,-0.070513,0.033284,-0.277054,-0.957685,-0.098246,-0.557969,0.921214
172,1.433333,-0.075528,0.070503,0.458983,0.882417,0.028446,-0.164386,0.065076,-0.081933,-0.012039,0.054534,0.995072,-0.168042,-0.610582,0.021397,-0.068395,0.030856,-0.277352,-0.957834,-0.096847,-0.556423,0.920765
173,1.441667,-0.075981,0.060110,0.461285,0.881947,0.027082,-0.166812,0.061985,-0.082054,-0.011895,0.054561,0.995062,-0.168025,-0.610589,0.021406,-0.071221,0.035573,-0.277036,-0.957556,-0.095750,-0.555406,0.920920
174,1.450000,-0.075457,0.055198,0.465627,0.880029,0.025908,-0.168995,0.059372,-0.082309,-0.011507,0.054518,0.995048,-0.167998,-0.610590,0.021432,-0.069044,0.033189,-0.276811,-0.957866,-0.094277,-0.554020,0.920347
175,1.458333,-0.072394,0.051345,0.469956,0.878217,0.024225,-0.171026,0.056564,-0.082729,-0.011330,0.054528,0.995015,-0.167980,-0.610587,0.021444,-0.066398,0.033283,-0.276839,-0.958042,-0.093247,-0.552350,0.919773
176,1.466667,-0.070130,0.046369,0.472895,0.877099,0.022780,-0.173226,0.053898,-0.083291,-0.011211,0.054738,0.994958,-0.167903,-0.610537,0.021456,-0.065029,0.031404,-0.276462,-0.958308,-0.091790,-0.550890,0.919284
177,1.475000,-0.068826,0.038841,0.474706,0.876589,0.021627,-0.175253,0.051772,-0.083567,-0.010979,0.054547,0.994948,-0.167921,-0.610539,0.021456,-0.061230,0.027818,-0.276385,-0.958691,-0.090370,-0.549251,0.919099
178,1.483333,-0.062274,0.034699,0.475896,0.876608,0.020494,-0.176854,0.049484,-0.083642,-0.010673,0.054406,0.994952,-0.167927,-0.610562,0.021502,-0.057180,0.026246,-0.276837,-0.958855,-0.089248,-0.547532,0.918587
179,1.491667,-0.057572,0.029239,0.477297,0.876366,0.019791,-0.177481,0.047737,-0.083774,-0.010612,0.054413,0.994942,-0.167932,-0.610548,0.021527,-0.053699,0.021838,-0.276686,-0.959210,-0.087797,-0.545795,0.918321
180,1.500000,-0.052357,0.025875,0.477358,0.876766,0.019911,-0.177547,0.046172,-0.084614,-0.010141,0.054881,0.994850,-0.167957,-0.610456,0.021562,-0.050516,0.021545,-0.277073,-0.959278,-0.086815,-0.544059,0.918016
181,1.508333,-0.045914,0.023497,0.476343,0.877746,0.020724,-0.177405,0.044866,-0.085088,-0.009758,0.055036,0.994804,-0.168004,-0.610429,0.021575,-0.047403,0.016198,-0.276639,-0.959667,-0.085316,-0.542389,0.917417
182,1.516667,-0.041453,0.017758,0.476077,0.878247,0.021461,-0.177147,0.043656,-0.085458,-0.009571,0.055175,0.994767,-0.168036,-0.610397,0.021581,-0.043670,0.018062,-0.278666,-0.959225,-0.083378,-0.540774,0.917951
183,1.525000,-0.037479,0.011368,0.475912,0.878621,0.022236,-0.176909,0.042390,-0.085668,-0.009285,0.055184,0.994751,-0.168011,-0.610395,0.021620,-0.042313,0.016296,-0.279061,-0.959202,-0.081967,-0.539114,0.917678
184,1.533333,-0.034674,0.007794,0.477005,0.878182,0.022529,-0.176667,0.041089,-0.086000,-0.009061,0.055115,0.994728,-0.167992,-0.610385,0.021643,-0.039118,0.015240,-0.279619,-0.959193,-0.080969,-0.537237,0.917383
185,1.541667,-0.030172,0.005915,0.476367,0.878709,0.022819,-0.176741,0.040013,-0.086202,-0.008809,0.055080,0.994715,-0.167967,-0.610377,0.021672,-0.037863,0.012289,-0.279954,-0.959188,-0.079749,-0.535469,0.916934
186,1.550000,-0.025478,0.004216,0.475948,0.879094,0.022795,-0.176987,0.038948,-0.086440,-0.008428,0.054999,0.994702,-0.167927,-0.610368,0.021714,-0.035860,0.008931,-0.279955,-0.959302,-0.078630,-0.533762,0.915834
187,1.558333,-0.021394,0.001568,0.475190,0.879622,0.022538,-0.177334,0.037938,-0.086689,-0.007998,0.054907,0.994689,-0.167893,-0.610358,0.021765,-0.034888,0.009578,-0.279674,-0.959413,-0.078066,-0.532179,0.913683
188,1.566667,-0.016847,-0.000274,0.474544,0.880070,0.022253,-0.177620,0.037391,-0.087044,-0.007785,0.054727,0.994670,-0.167852,-0.610332,0.021791,-0.036098,0.008443,-0.278564,-0.959702,-0.077520,-0.530300,0.913112
189,1.575000,-0.012426,-0.001986,0.473749,0.880570,0.022111,-0.178002,0.036787,-0.087361,-0.007527,0.054527,0.994655,-0.167786,-0.610304,0.021827,-0.035456,0.008991,-0.278957,-0.959607,-0.077444,-0.528395,0.912672
190,1.583333,-0.009277,-0.004417,0.473394,0.880791,0.022125,-0.178256,0.036238,-0.087695,-0.007129,0.054296,0.994641,-0.167728,-0.610260,0.021863,-0.036766,0.012793,-0.275831,-0.960418,-0.077543,-0.526938,0.911847
191,1.591667,-0.007299,-0.005954,0.473919,0.880518,0.022194,-0.178288,0.035728,-0.088093,-0.006751,0.054093,0.994620,-0.167666,-0.610228,0.021926,-0.034737,0.011084,-0.276247,-0.960395,-0.076887,-0.524927,0.912832
192,1.600000,-0.004910,-0.007219,0.474496,0.880215,0.022319,-0.178260,0.035235,-0.088551,-0.006150,0.054012,0.994587,-0.167572,-0.610235,0.022018,-0.032320,0.009894,-0.276486,-0.960423,-0.076223,-0.522916,0.913151
193,1.608333,-0.002294,-0.007945,0.474816,0.880046,0.022504,-0.178314,0.034744,-0.088841,-0.005503,0.053937,0.994569,-0.167471,-0.610239,0.022122,-0.028641,0.005192,-0.275826,-0.960767,-0.075394,-0.521199,0.912654
194,1.616667,0.000031,-0.009043,0.474868,0.880010,0.022708,-0.178404,0.034313,-0.088680,-0.004745,0.053831,0.994593,-0.167408,-0.610249,0.022217,-0.027504,0.002297,-0.276142,-0.960720,-0.074474,-0.519453,0.912371
195,1.625000,0.002250,-0.010786,0.475011,0.879911,0.022831,-0.178512,0.034008,-0.088415,-0.004057,0.053734,0.994625,-0.167325,-0.610278,0.022302,-0.024044,0.002470,-0.276709,-0.960650,-0.073881,-0.517514,0.912809
196,1.633333,0.004306,-0.012266,0.475169,0.879798,0.022921,-0.178652,0.033739,-0.088317,-0.003316,0.053694,0.994639,-0.167264,-0.610312,0.022398,-0.021085,0.001413,-0.277161,-0.960591,-0.073087,-0.515580,0.912794
197,1.641667,0.006259,-0.013023,0.475414,0.879643,0.023014,-0.178813,0.033520,-0.088178,-0.002450,0.053644,0.994656,-0.167183,-0.610368,0.022498,-0.013743,-0.004187,-0.275462,-0.961205,-0.073581,-0.513965,0.914447
198,1.650000,0.008356,-0.012767,0.475665,0.879494,0.023108,-0.178940,0.033441,-0.087944,-0.001606,0.053704,0.994675,-0.167102,-0.610425,0.022618,-0.008671,-0.010191,-0.275363,-0.961247,-0.073149,-0.511925,0.915037
199,1.658333,0.009624,-0.013153,0.475940,0.879327,0.023193,-0.179024,0.033297,-0.087787,-0.000687,0.053799,0.994685,-0.167009,-0.610484,0.022750,-0.008465,-0.010684,-0.275323,-0.961255,-0.072668,-0.510115,0.915053
200,1.666667,0.010711,-0.013774,0.476153,0.879190,0.023263,-0.179088,0.033133,-0.087559,0.000247,0.053889,0.994701,-0.166946,-0.610549,0.022880,-0.010536,-0.007384,-0.276276,-0.960992,-0.071673,-0.508043,0.916671
201,1.675000,0.011687,-0.015174,0.476217,0.879119,0.023319,-0.179125,0.032979,-0.087480,0.001036,0.053969,0.994703,-0.166882,-0.610608,0.023004,-0.009964,-0.007147,-0.275757,-0.961149,-0.071361,-0.505985,0.916950
202,1.683333,0.012663,-0.015648,0.476279,0.879064,0.023407,-0.179165,0.032929,-0.087300,0.001957,0.053979,0.994717,-0.166813,-0.610662,0.023135,-0.008453,-0.011298,-0.275018,-0.961335,-0.070877,-0.503954,0.917081
203,1.691667,0.014024,-0.015470,0.476343,0.879012,0.023502,-0.179196,0.032847,-0.087159,0.002932,0.054014,0.994725,-0.166771,-0.610710,0.023282,-0.005142,-0.013572,-0.274670,-0.961429,-0.071044,-0.502119,0.916925
204,1.700000,0.014988,-0.015590,0.476354,0.878988,0.023573,-0.179210,0.032796,-0.087127,0.003986,0.053981,0.994726,-0.166702,-0.610754,0.023427,-0.005844,-0.016141,-0.273386,-0.961751,-0.070399,-0.500105,0.915743
205,1.708333,0.015612,-0.015880,0.476405,0.878944,0.023642,-0.179179,0.032817,-0.087021,0.004913,0.053978,0.994731,-0.166654,-0.610787,0.023584,-0.009857,-0.013338,-0.273349,-0.961772,-0.069413,-0.497867,0.917197
206,1.716667,0.016422,-0.015597,0.476427,0.878922,0.023699,-0.179160,0.032785,-0.086811,0.005931,0.053868,0.994750,-0.166598,-0.610803,0.023744,-0.006349,-0.014034,-0.273707,-0.961690,-0.069081,-0.495735,0.917117
207,1.725000,0.017064,-0.015441,0.476316,0.878973,0.023754,-0.179152,0.032707,-0.086317,0.006728,0.053739,0.994795,-0.166535,-0.610848,0.023936,-0.007052,-0.013754,-0.272594,-0.962005,-0.068854,-0.493594,0.917379
208,1.733333,0.017714,-0.014628,0.476403,0.878927,0.023737,-0.179145,0.032607,-0.084995,0.007642,0.053506,0.994914,-0.166412,-0.610886,0.024253,-0.010390,-0.015360,-0.271611,-0.962229,-0.068048,-0.491463,0.917794
209,1.741667,0.018255,-0.014088,0.476321,0.878969,0.023743,-0.179154,0.032519,-0.084144,0.009525,0.053612,0.994965,-0.166152,-0.610941,0.024508,-0.010711,-0.017374,-0.270328,-0.962552,-0.067864,-0.489422,0.917541
210,1.750000,0.018630,-0.013897,0.476165,0.879049,0.023774,-0.179157,0.032454,-0.083753,0.011287,0.053548,0.994983,-0.166050,-0.610999,0.024728,-0.004948,-0.021179,-0.269388,-0.962786,-0.068039,-0.487357,0.916658
211,1.758333,0.019012,-0.013929,0.476004,0.879127,0.023797,-0.179149,0.032403,-0.083420,0.012533,0.053489,0.994999,-0.166018,-0.611017,0.024940,-0.004711,-0.024682,-0.268362,-0.962991,-0.067847,-0.485346,0.916250
212,1.766667,0.019534,-0.013997,0.475850,0.879198,0.023827,-0.179143,0.032337,-0.083447,0.013431,0.053346,0.994993,-0.165983,-0.611019,0.025095,-0.007425,-0.022822,-0.266984,-0.963402,-0.067692,-0.483173,0.916013
213,1.775000,0.020054,-0.014031,0.475810,0.879208,0.023842,-0.179130,0.032275,-0.083435,0.014390,0.053260,0.994985,-0.165925,-0.611019,0.025263,-0.012817,-0.017352,-0.266773,-0.963518,-0.066356,-0.480750,0.917731
214,1.783333,0.020568,-0.014148,0.475719,0.879243,0.023856,-0.179110,0.032177,-0.083448,0.015290,0.053109,0.994978,-0.165874,-0.611020,0.025428,-0.011856,-0.018050,-0.266110,-0.963701,-0.066034,-0.478470,0.917648
215,1.791667,0.021004,-0.014318,0.475641,0.879272,0.023866,-0.179071,0.032110,-0.083706,0.016263,0.052862,0.994955,-0.165867,-0.611006,0.025606,-0.012221,-0.017304,-0.265503,-0.963877,-0.066296,-0.476305,0.918286
216,1.800000,0.021277,-0.014955,0.475488,0.879338,0.023885,-0.179049,0.032019,-0.084076,0.017351,0.052488,0.994925,-0.165843,-0.610993,0.025791,-0.013255,-0.017094,-0.264100,-0.964253,-0.065771,-0.473902,0.919646
217,1.808333,0.021537,-0.015521,0.475324,0.879410,0.023895,-0.179016,0.031949,-0.084353,0.018398,0.052181,0.994899,-0.165802,-0.610962,0.026014,-0.014443,-0.016599,-0.263178,-0.964496,-0.065518,-0.471642,0.919610
218,1.816667,0.021501,-0.016290,0.475148,0.879493,0.023935,-0.178992,0.031846,-0.084599,0.019427,0.051790,0.994879,-0.165787,-0.610899,0.026235,-0.014392,-0.019459,-0.262088,-0.964740,-0.065052,-0.469339,0.919618
219,1.825000,0.021606,-0.016856,0.475052,0.879531,0.023957,-0.178959,0.031805,-0.085136,0.020469,0.051328,0.994836,-0.165771,-0.610819,0.026445,-0.014010,-0.018518,-0.261846,-0.964830,-0.064773,-0.466799,0.919977
220,1.833333,0.021760,-0.017093,0.475045,0.879526,0.023973,-0.178925,0.031787,-0.085768,0.021561,0.050972,0.994777,-0.165746,-0.610732,0.026662,-0.013679,-0.020674,-0.261162,-0.964977,-0.064145,-0.464384,0.920328
221,1.841667,0.021641,-0.017264,0.475000,0.879550,0.023989,-0.178882,0.031784,-0.086393,0.022512,0.050504,0.994726,-0.165726,-0.610639,0.026857,-0.013618,-0.021099,-0.260666,-0.965102,-0.063750,-0.461967,0.920491
222,1.850000,0.021422,-0.017398,0.474964,0.879572,0.024000,-0.178838,0.031776,-0.084406,0.023480,0.050045,0.994897,-0.165675,-0.610411,0.027118,-0.013791,-0.018656,-0.259566,-0.965447,-0.063371,-0.459668,0.921131
223,1.858333,0.020992,-0.017664,0.474897,0.879614,0.023995,-0.178773,0.031815,-0.083859,0.024721,0.049492,0.994941,-0.165643,-0.610208,0.027398,-0.014680,-0.023524,-0.258517,-0.965609,-0.062566,-0.457274,0.921535
224,1.866667,0.020494,-0.018216,0.474813,0.879659,0.023963,-0.178699,0.031853,-0.084511,0.025710,0.049035,0.994883,-0.165612,-0.610071,0.027609,-0.016204,-0.021473,-0.257819,-0.965819,-0.062185,-0.454826,0.921756
225,1.875000,0.020242,-0.018773,0.474522,0.879810,0.023988,-0.178647,0.031838,-0.085001,0.026556,0.048544,0.994843,-0.165587,-0.609949,0.027803,-0.017335,-0.022822,-0.257405,-0.965878,-0.061582,-0.452493,0.921988
226,1.883333,0.019457,-0.019814,0.474339,0.879904,0.023949,-0.178530,0.031896,-0.085444,0.027369,0.048187,0.994801,-0.165475,-0.609831,0.028013,-0.018186,-0.022011,-0.256973,-0.965997,-0.061206,-0.450152,0.922179
227,1.891667,0.018326,-0.021072,0.474240,0.879952,0.023879,-0.178422,0.031925,-0.085114,0.028482,0.047696,0.994821,-0.165366,-0.609710,0.028295,-0.018372,-0.021565,-0.257152,-0.965956,-0.060748,-0.447598,0.922015
228,1.900000,0.017334,-0.021949,0.474159,0.879995,0.023764,-0.178358,0.031869,-0.085443,0.029272,0.047165,0.994796,-0.165302,-0.609569,0.028544,-0.022730,-0.025505,-0.256430,-0.965959,-0.059031,-0.445038,0.923373
229,1.908333,0.016303,-0.022814,0.474075,0.880038,0.023661,-0.178283,0.031945,-0.085927,0.030245,0.046533,0.994755,-0.165298,-0.609446,0.028782,-0.023418,-0.028433,-0.256195,-0.965923,-0.058039,-0.442523,0.923009
230,1.916667,0.015329,-0.023436,0.474054,0.880051,0.023549,-0.178197,0.032051,-0.083298,0.032974,0.044971,0.994963,-0.164822,-0.609143,0.029181,-0.019978,-0.028357,-0.256925,-0.965809,-0.058051,-0.440006,0.921756
231,1.925000,0.013393,-0.024277,0.474144,0.880010,0.023402,-0.178066,0.032187,-0.083576,0.034363,0.044487,0.994915,-0.164748,-0.608999,0.029459,-0.024403,-0.028000,-0.256054,-0.965949,-0.056724,-0.437510,0.923025
232,1.933333,0.011938,-0.025186,0.474092,0.880034,0.023263,-0.177992,0.032197,-0.083758,0.035783,0.043865,0.994877,-0.164727,-0.608891,0.029749,-0.024873,-0.029093,-0.256071,-0.965900,-0.055960,-0.435051,0.923398
233,1.941667,0.010678,-0.026163,0.474008,0.880067,0.023165,-0.177923,0.032261,-0.083969,0.037479,0.043574,0.994810,-0.164752,-0.608850,0.030100,-0.024837,-0.030197,-0.256506,-0.965752,-0.055032,-0.432521,0.923559
234,1.950000,0.009382,-0.027028,0.473865,0.880132,0.023056,-0.177867,0.032320,-0.083978,0.039109,0.043261,0.994760,-0.164675,-0.608744,0.030433,-0.023997,-0.031567,-0.256982,-0.965602,-0.054031,-0.429935,0.923457
235,1.958333,0.007994,-0.027968,0.473683,0.880215,0.022939,-0.177822,0.032383,-0.084067,0.041214,0.042663,0.994693,-0.164652,-0.608654,0.030864,-0.024549,-0.032630,-0.257572,-0.965396,-0.052954,-0.427439,0.923692
236,1.966667,0.006728,-0.029115,0.473393,0.880344,0.022807,-0.177800,0.032424,-0.083927,0.043277,0.042260,0.994634,-0.164593,-0.608605,0.031274,-0.020606,-0.037165,-0.257783,-0.965268,-0.051969,-0.424798,0.923554
237,1.975000,0.005640,-0.030083,0.473074,0.880491,0.022692,-0.177783,0.032463,-0.083521,0.045517,0.041996,0.994580,-0.164456,-0.608573,0.031705,-0.019610,-0.038787,-0.258003,-0.965166,-0.050988,-0.422199,0.924122
238,1.983333,0.004323,-0.030843,0.472846,0.880595,0.022596,-0.177738,0.032509,-0.083076,0.047999,0.041905,0.994504,-0.164348,-0.608634,0.032152,-0.017690,-0.038811,-0.258845,-0.964977,-0.049993,-0.419574,0.924033
239,1.991667,0.002765,-0.030661,0.472736,0.880666,0.022517,-0.177690,0.032517,-0.084601,0.049770,0.042749,0.994253,-0.164309,-0.608680,0.032517,-0.019257,-0.038733,-0.259392,-0.964803,-0.048747,-0.416995,0.924427
240,2.000000,0.002541,-0.030098,0.472765,0.880671,0.022489,-0.177650,0.032582,-0.085178,0.052256,0.043360,0.994049,-0.164216,-0.608777,0.033042,-0.017100,-0.041817,-0.259928,-0.964571,-0.047217,-0.414251,0.924312
241,2.008333,0.002560,-0.029994,0.472737,0.880690,0.022496,-0.177627,0.032587,-0.089008,0.055216,0.043988,0.993526,-0.163776,-0.608838,0.033374,-0.018816,-0.036905,-0.261154,-0.964408,-0.046242,-0.411635,0.924864
242,2.016667,0.002558,-0.030026,0.472715,0.880700,0.022525,-0.177613,0.032529,-0.088841,0.058583,0.044312,0.993334,-0.163364,-0.608873,0.034086,-0.018014,-0.035558,-0.262242,-0.964179,-0.045020,-0.408798,0.925249
243,2.025000,0.002888,-0.029865,0.472704,0.880710,0.022575,-0.177609,0.032450,-0.088008,0.062054,0.044891,0.993171,-0.162909,-0.608917,0.034877,-0.016791,-0.036275,-0.263439,-0.963848,-0.043629,-0.406001,0.925426
244,2.033333,0.003491,-0.029311,0.472750,0.880702,0.022650,-0.177626,0.032369,-0.084789,0.067260,0.044901,0.993112,-0.162008,-0.608773,0.035514,-0.015977,-0.034490,-0.264794,-0.963556,-0.042192,-0.403102,0.925663
245,2.041667,0.004582,-0.028331,0.472653,0.880781,0.022759,-0.177663,0.032259,-0.083947,0.072031,0.046094,0.992794,-0.161603,-0.608892,0.036310,-0.015412,-0.033424,-0.266304,-0.963186,-0.040675,-0.400227,0.926058
246,2.050000,0.005486,-0.027296,0.472861,0.880697,0.022855,-0.177662,0.032184,-0.082953,0.076785,0.046946,0.992481,-0.161239,-0.608970,0.037143,-0.014920,-0.031026,-0.267979,-0.962810,-0.039137,-0.397184,0.926517
247,2.058333,0.006594,-0.026107,0.472949,0.880679,0.022981,-0.177700,0.032079,-0.083449,0.081154,0.047442,0.992068,-0.160985,-0.609077,0.038122,-0.014245,-0.030759,-0.269336,-0.962450,-0.037487,-0.394191,0.926866
248,2.066667,0.007538,-0.025122,0.472971,0.880688,0.023091,-0.177746,0.031954,-0.084791,0.086650,0.048102,0.991458,-0.160397,-0.609114,0.038924,-0.013733,-0.027175,-0.271189,-0.962044,-0.035919,-0.391145,0.927209
249,2.075000,0.008646,-0.024634,0.473025,0.880663,0.023204,-0.177798,0.031817,-0.084853,0.092588,0.048599,0.990891,-0.159923,-0.609104,0.039804,-0.012999,-0.025795,-0.273153,-0.961537,-0.034195,-0.388059,0.927797
250,2.083333,0.009757,-0.024521,0.472948,0.880695,0.023344,-0.177822,0.031780,-0.084928,0.098401,0.049164,0.990297,-0.159523,-0.609043,0.040603,-0.011985,-0.023729,-0.275175,-0.961027,-0.032602,-0.385023,0.928186
251,2.091667,0.010007,-0.024509,0.472979,0.880676,0.023429,-0.177822,0.031689,-0.086303,0.105229,0.050043,0.989431,-0.159318,-0.609216,0.041704,-0.011803,-0.021960,-0.277223,-0.960482,-0.031015,-0.381943,0.928796
252,2.100000,0.010401,-0.024413,0.473116,0.880600,0.023485,-0.177816,0.031663,-0.085512,0.111406,0.049955,0.988828,-0.158909,-0.609114,0.042817,-0.011255,-0.021703,-0.279071,-0.959959,-0.029319,-0.378803,0.929431
253,2.108333,0.010554,-0.024252,0.473304,0.880502,0.023490,-0.177800,0.031645,-0.085161,0.117828,0.049872,0.988118,-0.158387,-0.608949,0.044047,-0.011362,-0.019024,-0.281224,-0.959386,-0.027675,-0.375696,0.930137
254,2.116667,0.010536,-0.024129,0.473428,0.880439,0.023475,-0.177787,0.031592,-0.087060,0.125479,0.050516,0.986977,-0.157578,-0.608905,0.045071,-0.011049,-0.017986,-0.283259,-0.958811,-0.025972,-0.372546,0.930824
255,2.125000,0.010467,-0.023865,0.473527,0.880394,0.023453,-0.177797,0.031522,-0.090383,0.132595,0.052087,0.985665,-0.156775,-0.608906,0.046524,-0.009733,-0.018598,-0.285145,-0.958255,-0.024211,-0.369404,0.931288
256,2.133333,0.010624,-0.023600,0.473543,0.880390,0.023441,-0.177793,0.031489,-0.090445,0.141324,0.052809,0.984408,-0.155896,-0.608761,0.047816,-0.010270,-0.015248,-0.287767,-0.957524,-0.022648,-0.366260,0.931909
257,2.141667,0.010698,-0.023497,0.473570,0.880377,0.023423,-0.177802,0.031429,-0.090987,0.150703,0.053468,0.982930,-0.155038,-0.608480,0.049195,-0.009231,-0.014136,-0.290166,-0.956828,-0.021010,-0.363139,0.932402
258,2.150000,0.010712,-0.023379,0.473583,0.880374,0.023419,-0.177815,0.031358,-0.092611,0.159626,0.054243,0.981326,-0.154089,-0.608174,0.050657,-0.007638,-0.013849,-0.292524,-0.956127,-0.019352,-0.359911,0.932796
259,2.158333,0.010615,-0.023043,0.473661,0.880342,0.023355,-0.177829,0.031219,-0.094737,0.168838,0.055200,0.979526,-0.152968,-0.607573,0.051915,-0.006959,-0.013236,-0.294949,-0.955396,-0.017717,-0.356757,0.933284
260,2.166667,0.010490,-0.022788,0.473725,0.880315,0.023337,-0.177822,0.031162,-0.096928,0.179538,0.056279,0.977345,-0.152305,-0.607372,0.054098,-0.007019,-0.011711,-0.297489,-0.954628,-0.016175,-0.353600,0.933931
261,2.175000,0.010316,-0.022536,0.473778,0.880296,0.023333,-0.177817,0.031109,-0.102266,0.189065,0.056484,0.974990,-0.151123,-0.607028,0.055897,-0.006464,-0.010939,-0.299884,-0.953891,-0.014583,-0.350375,0.934459
262,2.183333,0.010280,-0.022034,0.473899,0.880244,0.023304,-0.177834,0.031009,-0.107241,0.198964,0.056874,0.972460,-0.149913,-0.606558,0.057825,-0.006349,-0.009682,-0.302377,-0.953118,-0.013099,-0.347153,0.935126
263,2.191667,0.010456,-0.021755,0.474008,0.880190,0.023299,-0.177867,0.030895,-0.112669,0.209223,0.057184,0.969671,-0.148598,-0.606009,0.059688,-0.005758,-0.008191,-0.304960,-0.952313,-0.011720,-0.344046,0.935486
264,2.200000,0.011049,-0.021493,0.474042,0.880170,0.023305,-0.177899,0.030806,-0.117204,0.219957,0.057912,0.966710,-0.147177,-0.605379,0.061758,-0.005120,-0.005964,-0.307738,-0.951439,-0.010694,-0.341135,0.935887
265,2.208333,0.011563,-0.021160,0.474058,0.880163,0.023349,-0.177945,0.030742,-0.119808,0.230555,0.057632,0.963934,-0.145465,-0.604877,0.064404,-0.004143,-0.005291,-0.310269,-0.950625,-0.009444,-0.338184,0.936079
266,2.216667,0.012445,-0.021023,0.474159,0.880100,0.023410,-0.178016,0.030617,-0.118091,0.243104,0.054989,0.961213,-0.143380,-0.604184,0.067380,-0.003435,-0.005088,-0.312830,-0.949789,-0.008187,-0.335119,0.936589
267,2.225000,0.013320,-0.020717,0.474145,0.880102,0.023480,-0.178096,0.030496,-0.120137,0.255047,0.054288,0.957899,-0.141367,-0.603283,0.070307,-0.002266,-0.003980,-0.315152,-0.949030,-0.007089,-0.332069,0.937191
268,2.233333,0.014130,-0.020289,0.474085,0.880132,0.023557,-0.178162,0.030418,-0.125286,0.267818,0.054045,0.953759,-0.139442,-0.602134,0.073514,-0.001835,-0.002330,-0.317714,-0.948182,-0.006062,-0.329168,0.937768
269,2.241667,0.014716,-0.019884,0.474078,0.880136,0.023637,-0.178207,0.030365,-0.128517,0.282792,0.055029,0.948938,-0.136637,-0.600878,0.076921,-0.000008,-0.001994,-0.319924,-0.947441,-0.005057,-0.326203,0.938296
270,2.250000,0.015255,-0.019744,0.474043,0.880148,0.023695,-0.178266,0.030301,-0.133372,0.296672,0.053889,0.944084,-0.134027,-0.599256,0.080612,0.001234,-0.001018,-0.322198,-0.946671,-0.004210,-0.323346,0.938866
271,2.258333,0.015791,-0.019306,0.473972,0.880186,0.023740,-0.178307,0.030219,-0.138889,0.311285,0.053198,0.938606,-0.131249,-0.597503,0.084426,0.002390,-0.001704,-0.324134,-0.946007,-0.003303,-0.320578,0.939256
272,2.266667,0.016055,-0.019248,0.474032,0.880151,0.023758,-0.178327,0.030170,-0.145683,0.325337,0.054437,0.932721,-0.128113,-0.595338,0.088382,0.003887,-0.000943,-0.326246,-0.945276,-0.002607,-0.318006,0.939572
273,2.275000,0.016247,-0.019352,0.474056,0.880132,0.023813,-0.178387,0.030054,-0.152915,0.339736,0.055737,0.926332,-0.124484,-0.592795,0.092804,0.004904,-0.000789,-0.328097,-0.944631,-0.001934,-0.315475,0.940034
274,2.283333,0.016370,-0.019185,0.474002,0.880163,0.023813,-0.178385,0.030023,-0.158236,0.355044,0.058502,0.919501,-0.120485,-0.589777,0.097203,0.005226,0.001276,-0.330166,-0.943908,-0.001283,-0.312987,0.940288
275,2.291667,0.016397,-0.019241,0.474060,0.880129,0.023792,-0.178389,0.029994,-0.158862,0.370359,0.058954,0.913303,-0.114836,-0.586390,0.102918,0.008828,0.000590,-0.332622,-0.943019,-0.000882,-0.310389,0.939861
276,2.300000,0.016454,-0.019154,0.474140,0.880088,0.023776,-0.178392,0.029962,-0.170263,0.383562,0.063515,0.905459,-0.109859,-0.582734,0.108382,0.006071,0.004193,-0.333925,-0.942571,-0.000171,-0.308165,0.940847
277,2.308333,0.016611,-0.019106,0.474196,0.880055,0.023769,-0.178406,0.029923,-0.178422,0.399600,0.068212,0.896567,-0.104357,-0.578615,0.113962,0.006441,0.005981,-0.335744,-0.941912,0.000085,-0.306004,0.941523
278,2.316667,0.016810,-0.019015,0.474244,0.880028,0.023767,-0.178419,0.029886,-0.188646,0.415143,0.075910,0.886739,-0.098468,-0.573895,0.120017,0.007767,0.004333,-0.337345,-0.941339,0.000459,-0.304061,0.942112
279,2.325000,0.017187,-0.019001,0.474344,0.879967,0.023782,-0.178443,0.029830,-0.190546,0.421554,0.088071,0.882172,-0.092054,-0.568471,0.125568,0.007937,0.004141,-0.338839,-0.940802,0.000977,-0.302290,0.942505
280,2.333333,0.017847,-0.018918,0.474489,0.879877,0.023799,-0.178470,0.029776,-0.191809,0.425022,0.098532,0.879123,-0.085872,-0.562661,0.131372,0.008129,0.006089,-0.340652,-0.940135,0.001433,-0.300462,0.942655
281,2.341667,0.018860,-0.018342,0.474632,0.879791,0.023870,-0.178523,0.029719,-0.187634,0.426021,0.108665,0.878346,-0.079493,-0.556413,0.137307,0.007929,0.007799,-0.342258,-0.939540,0.002155,-0.299021,0.943019
282,2.350000,0.020143,-0.017220,0.474762,0.879715,0.023953,-0.178561,0.029705,-0.182559,0.427318,0.120384,0.877257,-0.072018,-0.549457,0.143673,0.008352,0.009300,-0.343930,-0.938912,0.002554,-0.297233,0.943277
283,2.358333,0.022415,-0.016159,0.475028,0.879537,0.024092,-0.178663,0.029627,-0.178327,0.425126,0.131073,0.877660,-0.064715,-0.542209,0.149847,0.010774,0.008952,-0.346318,-0.938013,0.002783,-0.295255,0.943199
284,2.366667,0.025789,-0.014252,0.475244,0.879360,0.024308,-0.178875,0.029508,-0.179544,0.423554,0.142681,0.876361,-0.057572,-0.534816,0.155673,0.012022,0.011672,-0.348224,-0.937262,0.002987,-0.293450,0.943557
285,2.375000,0.028900,-0.012874,0.475433,0.879183,0.024505,-0.179056,0.029406,-0.180524,0.422928,0.154258,0.874499,-0.050176,-0.527156,0.161626,0.013739,0.013865,-0.350101,-0.936509,0.003197,-0.291616,0.943728
286,2.383333,0.031651,-0.011975,0.475759,0.878924,0.024709,-0.179216,0.029347,-0.181786,0.420509,0.164296,0.873575,-0.042880,-0.519345,0.167521,0.012939,0.018485,-0.351866,-0.935779,0.003091,-0.289623,0.944066
287,2.391667,0.034028,-0.010917,0.475991,0.878724,0.024933,-0.179375,0.029311,-0.181719,0.420350,0.171190,0.872341,-0.034991,-0.511394,0.173710,0.014431,0.020889,-0.353560,-0.935067,0.003265,-0.287988,0.944346
288,2.400000,0.036827,-0.011558,0.475751,0.878733,0.025050,-0.179856,0.029196,-0.182480,0.417527,0.176704,0.872438,-0.027138,-0.503536,0.179746,0.018656,0.021948,-0.356012,-0.934037,0.003445,-0.286093,0.943992
289,2.408333,0.038796,-0.012169,0.475633,0.878704,0.025258,-0.180114,0.029101,-0.183148,0.412276,0.179539,0.874215,-0.019366,-0.495863,0.185701,0.019959,0.024232,-0.357687,-0.933314,0.003684,-0.284454,0.944377
290,2.416667,0.040254,-0.012465,0.475363,0.878780,0.025438,-0.180337,0.029088,-0.184153,0.411214,0.179271,0.874558,-0.011047,-0.488247,0.191753,0.021415,0.027004,-0.359210,-0.932620,0.003901,-0.282924,0.944699
291,2.425000,0.041431,-0.012454,0.475209,0.878809,0.025562,-0.180508,0.029071,-0.182085,0.410361,0.177087,0.875836,-0.002248,-0.480708,0.198151,0.019427,0.031744,-0.360624,-0.931969,0.004199,-0.281493,0.945853
292,2.433333,0.042534,-0.011989,0.475103,0.878820,0.025657,-0.180622,0.029081,-0.186315,0.404690,0.178844,0.877227,0.005727,-0.472751,0.203560,0.020400,0.033978,-0.361912,-0.931370,0.004479,-0.280091,0.946106
293,2.441667,0.043089,-0.011969,0.474998,0.878850,0.025685,-0.180679,0.029071,-0.186343,0.401214,0.179478,0.878687,0.014315,-0.464865,0.208960,0.021028,0.036710,-0.363063,-0.930804,0.004761,-0.278676,0.946531
294,2.450000,0.042832,-0.012373,0.475106,0.878798,0.025681,-0.180699,0.029053,-0.188205,0.397788,0.180791,0.879578,0.022705,-0.456576,0.214105,0.024138,0.037980,-0.364603,-0.930075,0.004952,-0.277070,0.946347
295,2.458333,0.042406,-0.012692,0.475131,0.878801,0.025642,-0.180679,0.029089,-0.191276,0.390671,0.183718,0.881497,0.030809,-0.448386,0.218769,0.022051,0.043113,-0.365749,-0.929453,0.005341,-0.275889,0.947721
296,2.466667,0.042492,-0.012254,0.475492,0.878608,0.025667,-0.180625,0.029133,-0.191252,0.386586,0.186178,0.882786,0.039294,-0.439962,0.223537,0.022521,0.046615,-0.367218,-0.928693,0.005693,-0.274488,0.948394
297,2.475000,0.042007,-0.012524,0.475578,0.878581,0.025595,-0.180592,0.029136,-0.196355,0.382520,0.190343,0.882549,0.047468,-0.431333,0.227923,0.022838,0.049230,-0.369114,-0.927798,0.005916,-0.273046,0.949067
298,2.483333,0.041550,-0.012571,0.475725,0.878522,0.025528,-0.180547,0.029145,-0.199673,0.375621,0.195185,0.883709,0.055305,-0.422395,0.231728,0.023519,0.052097,-0.370885,-0.926918,0.006214,-0.271735,0.949655
299,2.491667,0.041122,-0.012743,0.476075,0.878350,0.025508,-0.180477,0.029130,-0.202972,0.369307,0.201720,0.884152,0.063658,-0.413113,0.235578,0.023286,0.055169,-0.372763,-0.925992,0.006468,-0.270423,0.950423
300,2.500000,0.040513,-0.013076,0.476238,0.878285,0.025423,-0.180423,0.029130,-0.204107,0.363968,0.208597,0.884509,0.071924,-0.403822,0.239187,0.023435,0.057746,-0.374881,-0.924976,0.006753,-0.269160,0.951093
301,2.508333,0.039920,-0.013098,0.476190,0.878338,0.025329,-0.180407,0.029154,-0.203286,0.358952,0.214038,0.885447,0.079926,-0.394239,0.242555,0.023798,0.060714,-0.377163,-0.923848,0.007016,-0.267813,0.951822
302,2.516667,0.039304,-0.013689,0.476189,0.878358,0.025228,-0.180405,0.029109,-0.203251,0.351466,0.221636,0.886588,0.088033,-0.384878,0.245535,0.024292,0.063569,-0.379501,-0.922685,0.007267,-0.266480,0.952383
303,2.525000,0.044278,-0.010098,0.474708,0.878971,0.024786,-0.180664,0.028476,-0.193382,0.348504,0.222431,0.889760,0.096389,-0.375304,0.248622,0.024734,0.066437,-0.381800,-0.921522,0.007531,-0.265145,0.952857
304,2.533333,0.043930,-0.009537,0.474957,0.878860,0.024728,-0.180641,0.028475,-0.187942,0.342412,0.227062,0.892118,0.104827,-0.365555,0.251559,0.025606,0.070588,-0.383860,-0.920333,0.007900,-0.263744,0.953579
305,2.541667,0.043780,-0.009207,0.475204,0.878738,0.024697,-0.180631,0.028455,-0.184247,0.335611,0.230566,0.894571,0.112861,-0.355979,0.254245,0.024982,0.071459,-0.389402,-0.917952,0.007282,-0.263630,0.954736
306,2.550000,0.043244,-0.009386,0.475232,0.878747,0.024588,-0.180639,0.028409,-0.164765,0.334892,0.227310,0.899461,0.121322,-0.345080,0.257576,0.025834,0.071427,-0.391673,-0.916964,0.007570,-0.262428,0.954724
307,2.558333,0.043444,-0.009098,0.475704,0.878485,0.024679,-0.180568,0.028584,-0.161145,0.327670,0.229534,0.902208,0.129590,-0.335187,0.260037,0.025300,0.073700,-0.393993,-0.915804,0.007773,-0.261126,0.955218
308,2.566667,0.041296,-0.009131,0.476814,0.877986,0.024701,-0.180384,0.028760,-0.159262,0.317676,0.233541,0.905084,0.137722,-0.325744,0.262202,0.026262,0.074672,-0.396162,-0.914762,0.008015,-0.259648,0.955277
309,2.575000,0.039016,-0.009180,0.478001,0.877444,0.024909,-0.180331,0.028863,-0.156438,0.310137,0.234817,0.907856,0.145902,-0.316001,0.264402,0.025837,0.077825,-0.398536,-0.913480,0.008275,-0.258397,0.955956
310,2.583333,0.037710,-0.010170,0.478656,0.877134,0.024788,-0.180247,0.028969,-0.155734,0.300898,0.237531,0.910377,0.153985,-0.306349,0.266348,0.025732,0.080176,-0.400817,-0.912280,0.008539,-0.257025,0.956480
311,2.591667,0.036458,-0.010531,0.478723,0.877145,0.024727,-0.180223,0.029010,-0.153022,0.292552,0.239202,0.913116,0.162016,-0.296628,0.268170,0.026447,0.085267,-0.403698,-0.910526,0.008991,-0.254783,0.956910
312,2.600000,0.036216,-0.011514,0.478805,0.877099,0.024665,-0.180220,0.029048,-0.150122,0.285202,0.241536,0.915305,0.169988,-0.286946,0.269967,0.027535,0.085648,-0.405295,-0.909748,0.009275,-0.253563,0.957068
313,2.608333,0.038308,-0.013426,0.479098,0.876822,0.024380,-0.180157,0.028676,-0.147821,0.277259,0.244068,0.917446,0.177821,-0.277189,0.271582,0.027106,0.088714,-0.406777,-0.908805,0.009656,-0.252294,0.957552
314,2.616667,0.037697,-0.013223,0.479390,0.876692,0.024324,-0.180110,0.028653,-0.145006,0.268912,0.247125,0.919559,0.185454,-0.267472,0.272950,0.027581,0.091382,-0.408210,-0.907884,0.009862,-0.250869,0.957822
315,2.625000,0.036668,-0.013681,0.479552,0.876640,0.024264,-0.180080,0.028729,-0.142165,0.262922,0.250450,0.920834,0.193058,-0.257734,0.274485,0.028282,0.093465,-0.409567,-0.907039,0.010096,-0.249433,0.957987
316,2.633333,0.035171,-0.013973,0.479599,0.876671,0.024210,-0.180069,0.028819,-0.139663,0.255114,0.254191,0.922387,0.200369,-0.247916,0.275685,0.030253,0.092489,-0.410884,-0.906479,0.010255,-0.248051,0.957729
317,2.641667,0.033684,-0.013707,0.479660,0.876700,0.024228,-0.180055,0.029020,-0.136075,0.248420,0.258305,0.923607,0.207636,-0.238129,0.277032,0.028444,0.091626,-0.412138,-0.906057,0.010852,-0.246753,0.957881
318,2.650000,0.031841,-0.014926,0.479410,0.876886,0.024276,-0.180117,0.029248,-0.132811,0.240512,0.263776,0.924628,0.214818,-0.228482,0.278253,0.028621,0.094003,-0.413603,-0.905139,0.011196,-0.245214,0.958175
319,2.658333,0.031845,-0.014482,0.479646,0.876764,0.024155,-0.180021,0.029188,-0.129162,0.233599,0.267893,0.925733,0.221933,-0.218749,0.279454,0.029196,0.097264,-0.415043,-0.904117,0.011491,-0.243680,0.958696
320,2.666667,0.030951,-0.014933,0.479883,0.876659,0.024017,-0.179977,0.029212,-0.126068,0.225789,0.271849,0.926944,0.228849,-0.209105,0.280516,0.029727,0.101050,-0.416311,-0.903100,0.011739,-0.242037,0.959439
321,2.675000,0.029810,-0.015211,0.479918,0.876675,0.023939,-0.179939,0.029218,-0.124004,0.217020,0.275239,0.928315,0.235554,-0.199697,0.281363,0.030605,0.102226,-0.417595,-0.902346,0.012105,-0.240586,0.959612
322,2.683333,0.028508,-0.015592,0.479918,0.876711,0.023863,-0.179892,0.029236,-0.119343,0.209580,0.277863,0.929853,0.242141,-0.190036,0.282216,0.029196,0.105062,-0.418691,-0.901558,0.012653,-0.239175,0.959983
323,2.691667,0.027430,-0.015935,0.479901,0.876749,0.023779,-0.179855,0.029241,-0.116112,0.200587,0.278519,0.932046,0.248317,-0.180288,0.282778,0.028962,0.105906,-0.419575,-0.901056,0.013180,-0.237726,0.960038
324,2.700000,0.026837,-0.016513,0.480051,0.876675,0.023698,-0.179804,0.029289,-0.111664,0.194781,0.282125,0.932736,0.254864,-0.170905,0.283498,0.028142,0.108630,-0.420756,-0.900207,0.013682,-0.236370,0.960565
325,2.708333,0.026335,-0.016858,0.480069,0.876673,0.023650,-0.179760,0.029310,-0.109126,0.187054,0.283660,0.934152,0.260903,-0.161478,0.283636,0.028169,0.108616,-0.421758,-0.899738,0.014276,-0.234972,0.960372
326,2.716667,0.026072,-0.016947,0.480132,0.876645,0.023593,-0.179720,0.029355,-0.106760,0.180138,0.286326,0.934971,0.267047,-0.152116,0.283709,0.027148,0.110411,-0.422802,-0.899061,0.014873,-0.233564,0.960467
327,2.725000,0.025557,-0.016750,0.480129,0.876665,0.023566,-0.179692,0.029393,-0.103072,0.173819,0.289453,0.935618,0.273045,-0.142888,0.283681,0.026743,0.111669,-0.423694,-0.898498,0.015518,-0.232073,0.960457
328,2.733333,0.025066,-0.016837,0.480158,0.876662,0.023533,-0.179673,0.029401,-0.099201,0.167073,0.293217,0.936093,0.278942,-0.133571,0.283467,0.025967,0.112562,-0.424742,-0.897914,0.016103,-0.230662,0.960445
329,2.741667,0.024726,-0.016846,0.480115,0.876695,0.023517,-0.179659,0.029410,-0.093655,0.162010,0.296790,0.936428,0.284766,-0.124909,0.283352,0.024781,0.115577,-0.425849,-0.897040,0.016708,-0.229118,0.960658
330,2.750000,0.023916,-0.016260,0.480107,0.876733,0.023496,-0.179650,0.029374,-0.092122,0.157186,0.300047,0.936364,0.290538,-0.116045,0.283018,0.025350,0.117151,-0.426803,-0.896366,0.017173,-0.227525,0.960841
331,2.758333,0.022619,-0.015570,0.480162,0.876750,0.023493,-0.179594,0.029335,-0.090398,0.150639,0.301870,0.937022,0.295962,-0.107082,0.282149,0.025566,0.116095,-0.427839,-0.896003,0.017866,-0.226004,0.960438
332,2.766667,0.022267,-0.015318,0.480191,0.876748,0.023479,-0.179575,0.029333,-0.089325,0.143908,0.304684,0.937272,0.301365,-0.098415,0.280995,0.024607,0.120552,-0.428858,-0.894954,0.018410,-0.224346,0.960949
333,2.775000,0.021815,-0.014858,0.480138,0.876796,0.023487,-0.179562,0.029308,-0.087316,0.137281,0.308098,0.937340,0.306599,-0.089921,0.279685,0.024460,0.123038,-0.429621,-0.894253,0.019069,-0.222689,0.961148
334,2.783333,0.021549,-0.014600,0.480127,0.876813,0.023502,-0.179553,0.029318,-0.086441,0.131028,0.311816,0.937086,0.311757,-0.081569,0.278210,0.024241,0.121525,-0.430337,-0.894122,0.019862,-0.221166,0.960613
335,2.791667,0.021728,-0.014725,0.480125,0.876807,0.023511,-0.179555,0.029335,-0.079501,0.129009,0.313807,0.937316,0.317012,-0.073080,0.277011,0.021603,0.123481,-0.430804,-0.893697,0.020802,-0.219502,0.960412
336,2.800000,0.021636,-0.014977,0.480144,0.876795,0.023542,-0.179549,0.029327,-0.075629,0.125868,0.317555,0.936801,0.321996,-0.064759,0.275386,0.021156,0.123750,-0.431680,-0.893247,0.021381,-0.217949,0.960209
337,2.808333,0.021658,-0.014896,0.480161,0.876787,0.023549,-0.179554,0.029331,-0.075737,0.122159,0.320762,0.936191,0.326891,-0.056920,0.273288,0.020688,0.126082,-0.432382,-0.892592,0.021925,-0.216393,0.960382
338,2.816667,0.021558,-0.014668,0.480214,0.876763,0.023552,-0.179551,0.029325,-0.076548,0.116926,0.324458,0.935519,0.331583,-0.049209,0.270900,0.021821,0.125837,-0.432972,-0.892314,0.022540,-0.214733,0.960044
339,2.825000,0.021449,-0.014537,0.480255,0.876746,0.023559,-0.179556,0.029308,-0.076000,0.113017,0.328360,0.934682,0.336162,-0.041564,0.268398,0.021595,0.127287,-0.433559,-0.891829,0.023109,-0.213192,0.960272
340,2.833333,0.021364,-0.014465,0.480277,0.876737,0.023575,-0.179559,0.029290,-0.075314,0.109668,0.332094,0.933817,0.340658,-0.033906,0.265737,0.022379,0.125408,-0.434316,-0.891707,0.023860,-0.211616,0.959618
341,2.841667,0.021399,-0.014219,0.480316,0.876719,0.023586,-0.179549,0.029289,-0.073942,0.107461,0.335442,0.932986,0.345058,-0.026394,0.262803,0.021277,0.126410,-0.435072,-0.891224,0.024626,-0.210071,0.959522
342,2.850000,0.021377,-0.014073,0.480385,0.876684,0.023599,-0.179550,0.029264,-0.071651,0.106014,0.337802,0.932479,0.349416,-0.019100,0.259744,0.039503,0.130832,-0.436824,-0.889105,0.023923,-0.207945,0.961784
343,2.858333,0.021270,-0.013936,0.480414,0.876673,0.023607,-0.179538,0.029267,-0.069520,0.105179,0.339875,0.931982,0.353658,-0.011977,0.256455,0.037587,0.131219,-0.437500,-0.888798,0.024618,-0.206327,0.962077
344,2.866667,0.021111,-0.013896,0.480431,0.876669,0.023606,-0.179534,0.029257,-0.067349,0.104612,0.341695,0.931539,0.357816,-0.004997,0.252975,0.037591,0.128882,-0.438648,-0.888574,0.025589,-0.204689,0.961257
345,2.875000,0.020906,-0.013791,0.480444,0.876668,0.023603,-0.179513,0.029255,-0.064523,0.104527,0.342978,0.931277,0.361894,0.001785,0.249385,0.036000,0.128801,-0.439726,-0.888119,0.026566,-0.202939,0.960727
346,2.883333,0.020664,-0.013749,0.480489,0.876649,0.023595,-0.179488,0.029257,-0.060533,0.104631,0.343903,0.931192,0.365770,0.008471,0.245509,0.035322,0.127791,-0.440953,-0.887684,0.027490,-0.201262,0.960261
347,2.891667,0.020280,-0.013730,0.480529,0.876637,0.023580,-0.179467,0.029250,-0.057506,0.105357,0.345324,0.930776,0.369743,0.014911,0.241783,0.032671,0.128071,-0.441770,-0.887339,0.028466,-0.199481,0.959991
348,2.900000,0.019839,-0.013718,0.480530,0.876647,0.023571,-0.179443,0.029244,-0.054542,0.105774,0.346586,0.930438,0.373542,0.021171,0.237988,0.032044,0.126720,-0.442852,-0.887016,0.029373,-0.197801,0.959382
349,2.908333,0.019445,-0.013705,0.480559,0.876639,0.023543,-0.179408,0.029245,-0.050800,0.105083,0.346880,0.930619,0.377030,0.027343,0.233730,0.031833,0.126389,-0.443560,-0.886717,0.030116,-0.196175,0.959113
350,2.916667,0.019039,-0.013591,0.480579,0.876639,0.023527,-0.179373,0.029258,-0.047775,0.104671,0.347805,0.930480,0.380495,0.033309,0.229605,0.030445,0.125628,-0.444311,-0.886498,0.031060,-0.194439,0.958656
351,2.925000,0.018649,-0.013330,0.480609,0.876635,0.023517,-0.179322,0.029262,-0.043778,0.105421,0.348763,0.930234,0.383934,0.039029,0.225606,0.029924,0.124404,-0.445217,-0.886234,0.031964,-0.192788,0.958052
352,2.933333,0.018088,-0.012978,0.480620,0.876646,0.023510,-0.179268,0.029298,-0.040555,0.106600,0.349727,0.929883,0.387323,0.044528,0.221679,0.028280,0.125310,-0.445598,-0.885968,0.032734,-0.191097,0.958034
353,2.941667,0.017770,-0.012834,0.480620,0.876655,0.023490,-0.179246,0.029292,-0.039244,0.105873,0.350226,0.929835,0.390461,0.049788,0.217390,0.027559,0.125458,-0.446253,-0.885640,0.033571,-0.189325,0.957583
354,2.950000,0.017382,-0.012669,0.480637,0.876656,0.023469,-0.179215,0.029295,-0.031854,0.108294,0.350598,0.929698,0.393558,0.054996,0.213460,0.029129,0.124372,-0.446670,-0.885533,0.034062,-0.187800,0.956975
355,2.958333,0.017058,-0.012416,0.480606,0.876683,0.023450,-0.179182,0.029311,-0.028077,0.108484,0.351046,0.929629,0.396454,0.059867,0.209255,0.028014,0.124098,-0.447249,-0.885316,0.034901,-0.186134,0.956832
356,2.966667,0.016495,-0.012399,0.480589,0.876703,0.023414,-0.179145,0.029325,-0.024116,0.108744,0.351143,0.929673,0.399274,0.064710,0.205110,0.018208,0.116988,-0.446932,-0.886698,0.036894,-0.184955,0.954397
357,2.975000,0.015819,-0.012350,0.480568,0.876728,0.023376,-0.179095,0.029353,-0.018145,0.110844,0.350943,0.929636,0.402019,0.069216,0.201161,0.017384,0.117379,-0.447708,-0.886272,0.037786,-0.183296,0.954151
358,2.983333,0.015150,-0.012407,0.480510,0.876771,0.023314,-0.179054,0.029364,-0.014669,0.112628,0.351101,0.929423,0.404608,0.073497,0.197037,0.014160,0.113930,-0.448828,-0.886213,0.039448,-0.181474,0.952930
359,2.991667,0.014412,-0.012459,0.480497,0.876790,0.023277,-0.179005,0.029389,-0.009728,0.115229,0.350835,0.929270,0.407149,0.077627,0.193040,0.013906,0.114044,-0.449589,-0.885816,0.040319,-0.179475,0.952388
360,3.000000,0.013551,-0.012377,0.480493,0.876806,0.023230,-0.178934,0.029418,-0.003321,0.118423,0.350513,0.929035,0.409654,0.081558,0.189219,0.011879,0.114352,-0.450571,-0.885307,0.041487,-0.177797,0.951544
361,3.008333,0.012742,-0.012288,0.480492,0.876820,0.023182,-0.178876,0.029461,-0.004167,0.117880,0.349401,0.929519,0.411744,0.085250,0.184882,0.007982,0.116604,-0.451623,-0.884521,0.042878,-0.175868,0.950284
362,3.016667,0.011725,-0.012345,0.480558,0.876798,0.023131,-0.178806,0.029509,0.000400,0.118995,0.348955,0.929554,0.413979,0.089014,0.180700,0.006635,0.116258,-0.452562,-0.884097,0.044018,-0.174109,0.949491
363,3.025000,0.010875,-0.012303,0.480624,0.876773,0.023085,-0.178738,0.029553,0.004105,0.119910,0.348522,0.929590,0.416182,0.092550,0.176598,0.005283,0.115990,-0.453218,-0.883805,0.045020,-0.172356,0.949128
364,3.033333,0.010073,-0.012221,0.480641,0.876775,0.023061,-0.178683,0.029595,0.008757,0.121996,0.348153,0.929424,0.418403,0.095915,0.172524,0.005494,0.115358,-0.453589,-0.883696,0.046044,-0.170704,0.948709
365,3.041667,0.009311,-0.012117,0.480682,0.876762,0.023020,-0.178625,0.029620,0.012852,0.125214,0.347938,0.929029,0.420502,0.099128,0.168706,0.000594,0.113553,-0.452659,-0.884424,0.047741,-0.168800,0.948353
366,3.050000,0.008473,-0.012193,0.480694,0.876763,0.022974,-0.178570,0.029661,0.014398,0.124135,0.347076,0.929474,0.422298,0.102338,0.164667,-0.000264,0.113016,-0.452983,-0.884327,0.048760,-0.167133,0.947971
367,3.058333,0.007750,-0.012160,0.480698,0.876768,0.022924,-0.178522,0.029696,0.016439,0.124194,0.346441,0.929669,0.424068,0.105379,0.160806,-0.001389,0.110566,-0.453233,-0.884508,0.049898,-0.165452,0.947160
368,3.066667,0.006901,-0.012301,0.480669,0.876789,0.022864,-0.178476,0.029701,0.018712,0.124008,0.345321,0.930067,0.425700,0.108312,0.157035,-0.001867,0.109464,-0.453722,-0.884393,0.050871,-0.163819,0.946691
369,3.075000,0.006120,-0.012320,0.480647,0.876806,0.022804,-0.178435,0.029712,0.022733,0.125819,0.344450,0.930058,0.427462,0.111011,0.153470,-0.002748,0.106775,-0.454018,-0.884567,0.052043,-0.162220,0.946204
370,3.083333,0.005373,-0.012457,0.480582,0.876845,0.022737,-0.178409,0.029726,0.026920,0.126764,0.342349,0.930593,0.429014,0.113842,0.149948,-0.002692,0.104499,-0.454170,-0.884761,0.053147,-0.160512,0.945754
371,3.091667,0.004636,-0.012412,0.480527,0.876880,0.022681,-0.178370,0.029756,0.030748,0.127341,0.340044,0.931241,0.430446,0.116581,0.146379,-0.002547,0.102459,-0.454776,-0.884689,0.054434,-0.159046,0.945288
372,3.100000,0.004013,-0.012446,0.480498,0.876899,0.022630,-0.178344,0.029781,0.033573,0.128078,0.337584,0.931937,0.431955,0.118740,0.142845,-0.002533,0.101022,-0.455104,-0.884686,0.055493,-0.157271,0.944982
373,3.108333,0.003305,-0.012591,0.480550,0.876871,0.022593,-0.178315,0.029825,0.035276,0.127584,0.334675,0.932990,0.433287,0.120883,0.139180,-0.002914,0.096996,-0.455997,-0.884675,0.056818,-0.155758,0.944368
374,3.116667,0.002694,-0.012563,0.480664,0.876811,0.022578,-0.178288,0.029865,0.044233,0.131708,0.331053,0.933328,0.434873,0.123060,0.135965,-0.003511,0.096501,-0.456729,-0.884350,0.057895,-0.154034,0.944283
375,3.125000,0.002559,-0.012366,0.480775,0.876753,0.022585,-0.178292,0.029887,0.049175,0.132429,0.327378,0.934274,0.436275,0.125135,0.132470,-0.005049,0.095754,-0.457501,-0.884024,0.059132,-0.152101,0.943721
376,3.133333,0.002426,-0.012265,0.480853,0.876712,0.022610,-0.178305,0.029904,0.053148,0.134754,0.323641,0.935026,0.437683,0.126664,0.129179,-0.006618,0.094472,-0.458417,-0.883677,0.060372,-0.150338,0.942930
377,3.141667,0.002413,-0.011997,0.480951,0.876662,0.022640,-0.178310,0.029926,0.057511,0.134701,0.319904,0.936061,0.439037,0.128598,0.125722,-0.008058,0.094984,-0.459051,-0.883281,0.061492,-0.148376,0.942373
378,3.150000,0.002495,-0.011803,0.481055,0.876607,0.022657,-0.178324,0.029927,0.060610,0.136890,0.317077,0.936509,0.440372,0.129834,0.122689,-0.008852,0.095288,-0.460062,-0.882715,0.062683,-0.146569,0.941788
379,3.158333,0.002419,-0.011701,0.481119,0.876574,0.022673,-0.178333,0.029939,0.062189,0.134996,0.314798,0.937449,0.441472,0.131418,0.119321,-0.009992,0.093478,-0.460801,-0.882511,0.063981,-0.144703,0.940920
380,3.166667,0.002310,-0.011585,0.481156,0.876555,0.022663,-0.178341,0.029960,0.062602,0.134513,0.313218,0.938020,0.442616,0.132693,0.116339,-0.010959,0.092993,-0.461654,-0.882104,0.065205,-0.142879,0.940450
381,3.175000,0.002025,-0.011583,0.481195,0.876535,0.022640,-0.178334,0.029989,0.059490,0.132946,0.312569,0.938662,0.443410,0.133580,0.113490,-0.011585,0.090760,-0.462552,-0.881858,0.066581,-0.141116,0.939733
382,3.183333,0.001635,-0.011519,0.481232,0.876516,0.022614,-0.178312,0.030017,0.056072,0.126938,0.313129,0.939518,0.443878,0.134777,0.110240,-0.012133,0.088975,-0.463448,-0.881563,0.068113,-0.139370,0.939222
383,3.191667,0.001015,-0.011548,0.481357,0.876448,0.022587,-0.178279,0.030075,0.054091,0.123097,0.314881,0.939559,0.444215,0.135734,0.107348,-0.012567,0.087590,-0.463939,-0.881437,0.069543,-0.137549,0.938586
384,3.200000,0.000261,-0.011557,0.481505,0.876367,0.022568,-0.178242,0.030160,0.050253,0.120351,0.318123,0.939036,0.444161,0.136379,0.104625,-0.007883,0.083824,-0.465667,-0.880946,0.071148,-0.135841,0.938632
385,3.208333,-0.000366,-0.011408,0.481686,0.876270,0.022570,-0.178200,0.030239,0.043439,0.116496,0.322859,0.938245,0.443704,0.136874,0.101789,-0.008601,0.083093,-0.465779,-0.880949,0.072675,-0.133900,0.937815
386,3.216667,-0.000769,-0.011182,0.481919,0.876144,0.022590,-0.178164,0.030305,0.036301,0.114690,0.328768,0.936718,0.442805,0.137183,0.099082,-0.009035,0.079921,-0.466257,-0.880986,0.074235,-0.132199,0.936852
387,3.225000,-0.001066,-0.010985,0.482150,0.876019,0.022618,-0.178135,0.030382,0.027076,0.109787,0.337173,0.934627,0.441545,0.137630,0.096144,-0.015067,0.075927,-0.464250,-0.882315,0.075566,-0.130649,0.933911
388,3.233333,-0.001367,-0.010790,0.482334,0.875920,0.022641,-0.178105,0.030440,0.018327,0.105834,0.346497,0.931881,0.440049,0.137996,0.092963,-0.016023,0.074790,-0.464720,-0.882148,0.077129,-0.128967,0.933314
389,3.241667,-0.001682,-0.010673,0.482428,0.875869,0.022627,-0.178073,0.030489,0.016134,0.107008,0.356645,0.927951,0.438396,0.138192,0.090157,-0.016809,0.074216,-0.465240,-0.881908,0.078577,-0.127259,0.932939
390,3.250000,-0.002001,-0.010694,0.482336,0.875919,0.022589,-0.178055,0.030519,0.008396,0.106564,0.366104,0.924414,0.436256,0.138429,0.086797,-0.017108,0.072361,-0.465506,-0.881916,0.080063,-0.125642,0.932424
391,3.258333,-0.002434,-0.010650,0.482230,0.875976,0.022546,-0.178022,0.030567,0.007102,0.107775,0.375163,0.920645,0.433657,0.138502,0.083486,-0.016849,0.069203,-0.465934,-0.881948,0.081610,-0.124063,0.931778
392,3.266667,-0.002843,-0.010601,0.482069,0.876064,0.022515,-0.177994,0.030602,-0.001701,0.104929,0.381740,0.918293,0.430380,0.138713,0.079184,-0.017041,0.066915,-0.466249,-0.881954,0.083068,-0.122424,0.931397
393,3.275000,-0.002997,-0.010411,0.481975,0.876118,0.022510,-0.177979,0.030647,0.002313,0.111357,0.387748,0.915011,0.426958,0.138337,0.075328,-0.015210,0.064205,-0.466309,-0.882158,0.084450,-0.120823,0.930984
394,3.283333,-0.003025,-0.010024,0.481978,0.876121,0.022525,-0.177969,0.030683,0.005688,0.119095,0.392679,0.911914,0.423260,0.137625,0.071577,-0.015130,0.062198,-0.466579,-0.882160,0.086018,-0.118960,0.930409
395,3.291667,-0.002943,-0.009630,0.482020,0.876103,0.022550,-0.177963,0.030713,0.007632,0.127004,0.397338,0.908809,0.419615,0.136617,0.067772,-0.015516,0.061973,-0.466961,-0.881967,0.087413,-0.116980,0.929916
396,3.300000,-0.002827,-0.009279,0.482100,0.876063,0.022582,-0.177972,0.030739,0.012853,0.134849,0.400617,0.906177,0.415797,0.135420,0.063946,-0.016575,0.060902,-0.467351,-0.881816,0.088995,-0.115020,0.929485
397,3.308333,-0.002733,-0.009062,0.482190,0.876015,0.022611,-0.177997,0.030765,0.011854,0.132294,0.403261,0.905394,0.411893,0.134189,0.060136,-0.016960,0.059378,-0.467928,-0.881606,0.090593,-0.113113,0.928932
398,3.316667,-0.002598,-0.008814,0.482263,0.875978,0.022610,-0.178014,0.030790,0.010512,0.120464,0.404487,0.906514,0.408236,0.132466,0.057626,-0.017538,0.058375,-0.468428,-0.881397,0.092204,-0.111146,0.928480
399,3.325000,-0.002552,-0.008649,0.482242,0.875992,0.022612,-0.178034,0.030799,0.003897,0.107059,0.408189,0.906590,0.405277,0.130156,0.056060,-0.018314,0.056241,-0.469007,-0.881212,0.093850,-0.109192,0.927846
400,3.333333,-0.002413,-0.008375,0.482206,0.876015,0.022614,-0.178040,0.030816,-0.000447,0.091442,0.410939,0.907065,0.402689,0.128455,0.054783,-0.018894,0.054108,-0.469887,-0.880864,0.095642,-0.107376,0.927404
401,3.341667,-0.002435,-0.008163,0.482167,0.876038,0.022608,-0.178045,0.030828,0.002145,0.083007,0.413419,0.906747,0.401176,0.127052,0.053866,-0.019019,0.052102,-0.470680,-0.880559,0.097252,-0.105448,0.926653
402,3.350000,-0.002377,-0.007921,0.482123,0.876064,0.022605,-0.178045,0.030833,0.009076,0.079115,0.416281,0.905742,0.400921,0.125700,0.052969,-0.020036,0.049974,-0.471933,-0.879989,0.099113,-0.103734,0.926427
403,3.358333,-0.002220,-0.007676,0.482077,0.876093,0.022601,-0.178051,0.030841,0.011761,0.071410,0.416274,0.906354,0.400351,0.125361,0.051193,-0.020745,0.047868,-0.472886,-0.879578,0.100964,-0.101888,0.925841
404,3.366667,-0.002065,-0.007436,0.482060,0.876104,0.022611,-0.178064,0.030846,0.007932,0.061337,0.415231,0.907611,0.400268,0.125867,0.048853,-0.021693,0.045501,-0.473630,-0.879280,0.102689,-0.100064,0.925054
405,3.375000,-0.001695,-0.007068,0.482086,0.876094,0.022617,-0.178077,0.030839,0.006383,0.055909,0.414183,0.908452,0.400948,0.126758,0.047217,-0.025844,0.046223,-0.474512,-0.878655,0.104705,-0.098548,0.925576
406,3.383333,-0.001047,-0.006593,0.482127,0.876076,0.022648,-0.178108,0.030824,0.002420,0.048621,0.413468,0.909216,0.401688,0.127916,0.046484,-0.024199,0.040548,-0.476586,-0.877859,0.106582,-0.097096,0.924771
407,3.391667,-0.000306,-0.006104,0.482189,0.876046,0.022700,-0.178147,0.030792,0.000077,0.044346,0.413575,0.909389,0.402471,0.129041,0.045957,-0.024695,0.039378,-0.477274,-0.877524,0.108514,-0.095260,0.924210
408,3.400000,0.000550,-0.005619,0.482320,0.875977,0.022759,-0.178184,0.030763,-0.003193,0.041236,0.413572,0.909532,0.403309,0.130185,0.045303,-0.026257,0.038626,-0.477812,-0.877220,0.110171,-0.093431,0.923544
409,3.408333,0.001645,-0.005026,0.482523,0.875868,0.022831,-0.178244,0.030711,-0.005780,0.036646,0.413776,0.909622,0.403679,0.131011,0.044609,-0.027848,0.039871,-0.478661,-0.876652,0.112466,-0.092066,0.923829
410,3.416667,0.002868,-0.004371,0.482747,0.875744,0.022928,-0.178308,0.030671,-0.007585,0.030458,0.413695,0.909874,0.403400,0.131344,0.043915,-0.027825,0.038931,-0.479639,-0.876160,0.114537,-0.090582,0.923508
411,3.425000,0.004360,-0.003567,0.483028,0.875587,0.023045,-0.178399,0.030594,-0.007889,0.025639,0.413572,0.910076,0.402766,0.131115,0.043243,-0.027790,0.037459,-0.480743,-0.875620,0.116436,-0.089089,0.923158
412,3.433333,0.006107,-0.002759,0.483401,0.875373,0.023174,-0.178504,0.030519,-0.006944,0.021678,0.413734,0.910113,0.402029,0.130738,0.042504,-0.026914,0.034245,-0.482185,-0.874986,0.117614,-0.087291,0.922108
413,3.441667,0.007739,-0.002098,0.483807,0.875138,0.023302,-0.178626,0.030438,-0.009885,0.014865,0.411894,0.911057,0.401026,0.131362,0.041128,-0.026735,0.033439,-0.483567,-0.874260,0.119373,-0.085782,0.921786
414,3.450000,0.009311,-0.001632,0.484217,0.874897,0.023436,-0.178748,0.030337,-0.009098,0.011038,0.411675,0.911218,0.400780,0.131280,0.040364,-0.025960,0.032084,-0.484699,-0.873707,0.121105,-0.084247,0.921234
415,3.458333,0.010964,-0.001479,0.484675,0.874624,0.023543,-0.178866,0.030221,-0.007871,0.007135,0.410811,0.911658,0.400596,0.131390,0.039655,-0.026126,0.031409,-0.486051,-0.872975,0.122638,-0.082608,0.920798
416,3.466667,0.012518,-0.001160,0.485105,0.874365,0.023643,-0.178946,0.030100,-0.006970,0.002921,0.410162,0.911982,0.400382,0.131549,0.039058,-0.026278,0.029629,-0.488005,-0.871942,0.124045,-0.081208,0.920510
417,3.475000,0.014212,-0.000895,0.485539,0.874099,0.023763,-0.179068,0.030020,-0.006323,-0.000331,0.409712,0.912193,0.400066,0.131572,0.038501,-0.025574,0.028569,-0.489648,-0.871077,0.125569,-0.079727,0.920033
418,3.483333,0.015803,-0.000609,0.485994,0.873819,0.023856,-0.179172,0.029956,-0.007252,-0.003303,0.409228,0.912398,0.399786,0.131608,0.038068,-0.024923,0.027335,-0.491352,-0.870175,0.127096,-0.078219,0.919554
419,3.491667,0.017237,-0.000250,0.486369,0.873584,0.023937,-0.179273,0.029900,-0.007647,-0.005460,0.407983,0.912941,0.399576,0.131879,0.037776,-0.024306,0.026445,-0.493275,-0.869132,0.128482,-0.076732,0.919093
420,3.500000,0.018560,0.000083,0.486675,0.873386,0.024013,-0.179372,0.029852,-0.010588,-0.008041,0.407054,0.913308,0.399473,0.132170,0.037531,-0.023470,0.025552,-0.495288,-0.868036,0.129886,-0.075362,0.918746
421,3.508333,0.019897,0.000505,0.486972,0.873191,0.024073,-0.179462,0.029805,-0.013525,-0.009658,0.406045,0.913702,0.399415,0.132566,0.037470,-0.022695,0.024082,-0.497272,-0.866963,0.131304,-0.074179,0.918612
422,3.516667,0.021294,0.001028,0.487190,0.873035,0.024149,-0.179541,0.029767,-0.015612,-0.011431,0.405024,0.914101,0.399279,0.132946,0.037385,-0.021728,0.022487,-0.499636,-0.865671,0.132581,-0.073160,0.918659
423,3.525000,0.022833,0.001616,0.487375,0.872893,0.024250,-0.179628,0.029722,-0.017169,-0.012384,0.404414,0.914331,0.399227,0.133230,0.037394,-0.019867,0.021745,-0.501435,-0.864694,0.133835,-0.072123,0.918437
424,3.533333,0.023986,0.002031,0.487551,0.872763,0.024357,-0.179710,0.029701,-0.018288,-0.012966,0.403878,0.914538,0.399205,0.133411,0.037385,-0.017058,0.020671,-0.502914,-0.863921,0.135415,-0.071293,0.917991
425,3.541667,0.024953,0.002511,0.487715,0.872643,0.024451,-0.179784,0.029677,-0.019059,-0.012969,0.403574,0.914657,0.399236,0.133488,0.037393,-0.016085,0.020860,-0.504581,-0.862962,0.136496,-0.070452,0.918096
426,3.550000,0.025729,0.002798,0.487852,0.872543,0.024530,-0.179856,0.029661,-0.019014,-0.012953,0.403461,0.914708,0.399275,0.133500,0.037363,-0.014807,0.020681,-0.505613,-0.862385,0.137500,-0.069589,0.918196
427,3.558333,0.026035,0.003088,0.488017,0.872441,0.024590,-0.179890,0.029657,-0.019084,-0.012959,0.403483,0.914696,0.399329,0.133497,0.037340,-0.011738,0.019237,-0.506291,-0.862068,0.138492,-0.068592,0.917713
428,3.566667,0.026127,0.003297,0.488105,0.872388,0.024616,-0.179893,0.029668,-0.019285,-0.012935,0.403518,0.914677,0.399389,0.133496,0.037325,-0.010668,0.018371,-0.506738,-0.861839,0.139440,-0.067947,0.917749
429,3.575000,0.026006,0.003381,0.488165,0.872357,0.024610,-0.179882,0.029687,-0.019673,-0.012857,0.403528,0.914665,0.399439,0.133504,0.037327,-0.009305,0.017925,-0.506923,-0.861755,0.140577,-0.067254,0.917753
430,3.583333,0.025588,0.003353,0.488209,0.872345,0.024590,-0.179856,0.029716,-0.020220,-0.013142,0.403494,0.914664,0.399459,0.133526,0.037308,-0.008769,0.016664,-0.507397,-0.861507,0.141730,-0.066662,0.917928
431,3.591667,0.025199,0.003359,0.488236,0.872341,0.024553,-0.179824,0.029744,-0.020920,-0.013263,0.403178,0.914786,0.399461,0.133561,0.037292,-0.007022,0.015051,-0.507611,-0.861426,0.142785,-0.065947,0.917791
432,3.600000,0.024772,0.003391,0.488282,0.872327,0.024524,-0.179789,0.029794,-0.021954,-0.013772,0.402893,0.914880,0.399450,0.133626,0.037276,-0.007128,0.014266,-0.508153,-0.861119,0.143750,-0.065080,0.917953
433,3.608333,0.024309,0.003386,0.488339,0.872309,0.024471,-0.179755,0.029835,-0.021943,-0.013857,0.402410,0.915092,0.399413,0.133818,0.037341,-0.007067,0.013284,-0.508359,-0.861014,0.144743,-0.064269,0.918103
434,3.616667,0.023790,0.003342,0.488367,0.872308,0.024429,-0.179737,0.029876,-0.022498,-0.014568,0.402024,0.915237,0.399365,0.133900,0.037309,-0.006397,0.011423,-0.508189,-0.861146,0.145733,-0.063574,0.918117
435,3.625000,0.023249,0.003280,0.488426,0.872290,0.024375,-0.179709,0.029923,-0.023190,-0.015394,0.401670,0.915361,0.399303,0.133986,0.037266,-0.006227,0.010140,-0.508457,-0.861005,0.146633,-0.062762,0.918095
436,3.633333,0.022588,0.003184,0.488508,0.872261,0.024331,-0.179682,0.029960,-0.023934,-0.016179,0.401389,0.915452,0.399228,0.134046,0.037216,-0.006220,0.009523,-0.508498,-0.860988,0.147430,-0.062038,0.918292
437,3.641667,0.022042,0.003185,0.488580,0.872235,0.024289,-0.179655,0.030023,-0.024774,-0.016652,0.401115,0.915541,0.399155,0.134108,0.037196,-0.005942,0.008260,-0.508433,-0.861041,0.148197,-0.061300,0.918294
438,3.650000,0.021303,0.003043,0.488717,0.872177,0.024252,-0.179631,0.030079,-0.025465,-0.017075,0.400859,0.915627,0.399073,0.134167,0.037180,-0.004898,0.006982,-0.507939,-0.861351,0.149055,-0.060768,0.918248
439,3.658333,0.020551,0.002885,0.488807,0.872145,0.024207,-0.179598,0.030141,-0.026155,-0.017545,0.400651,0.915689,0.398993,0.134198,0.037154,-0.004570,0.006446,-0.508276,-0.861158,0.150067,-0.059866,0.918106
440,3.666667,0.019840,0.002746,0.488911,0.872104,0.024148,-0.179565,0.030193,-0.027022,-0.017932,0.400453,0.915743,0.398914,0.134233,0.037148,-0.006915,0.006774,-0.509640,-0.860334,0.150915,-0.058180,0.917980
441,3.675000,0.018930,0.002434,0.488906,0.872128,0.024078,-0.179546,0.030238,-0.027731,-0.018443,0.400281,0.915787,0.398817,0.134269,0.037119,-0.007062,0.006176,-0.510186,-0.860013,0.151824,-0.057367,0.917863
442,3.683333,0.018061,0.002293,0.488907,0.872146,0.024000,-0.179513,0.030280,-0.028737,-0.018920,0.400111,0.915821,0.398712,0.134308,0.037106,-0.006186,0.006598,-0.510054,-0.860095,0.152867,-0.056483,0.917500
443,3.691667,0.017110,0.001984,0.488852,0.872197,0.023927,-0.179496,0.030332,-0.029503,-0.019447,0.399906,0.915875,0.398589,0.134332,0.037083,-0.005847,0.005689,-0.510403,-0.859896,0.153763,-0.055839,0.917386
444,3.700000,0.016291,0.001831,0.488811,0.872236,0.023861,-0.179466,0.030375,-0.031779,-0.020492,0.399837,0.915806,0.398488,0.134276,0.037032,-0.005603,0.004378,-0.510596,-0.859791,0.154554,-0.055161,0.917305
445,3.708333,0.015537,0.001652,0.488837,0.872235,0.023815,-0.179457,0.030415,-0.030551,-0.020914,0.399641,0.915924,0.398273,0.134220,0.036854,-0.005062,0.003085,-0.510937,-0.859598,0.155460,-0.054561,0.917225
446,3.716667,0.014868,0.001643,0.488828,0.872252,0.023769,-0.179450,0.030460,-0.030774,-0.021070,0.399678,0.915897,0.398156,0.134153,0.036824,-0.004768,0.001849,-0.511144,-0.859480,0.156312,-0.053999,0.917147
447,3.725000,0.014662,0.001969,0.488595,0.872385,0.023799,-0.179512,0.030487,-0.031544,-0.021864,0.399930,0.915742,0.398149,0.133986,0.036872,-0.004527,0.001546,-0.510975,-0.859583,0.157320,-0.053221,0.917025
448,3.733333,0.014036,0.002009,0.488636,0.872373,0.023763,-0.179521,0.030534,-0.035609,-0.023040,0.400639,0.915254,0.398271,0.133873,0.037010,-0.004534,0.001385,-0.510600,-0.859805,0.158393,-0.052453,0.916819
449,3.741667,0.013341,0.002011,0.488681,0.872358,0.023726,-0.179544,0.030582,-0.038356,-0.024624,0.400740,0.915057,0.398250,0.133801,0.036922,-0.004353,0.001487,-0.510503,-0.859863,0.159439,-0.051649,0.916554
450,3.750000,0.012753,0.002099,0.488720,0.872345,0.023687,-0.179560,0.030623,-0.040045,-0.025397,0.400541,0.915051,0.398152,0.133753,0.036808,-0.003845,0.001344,-0.510624,-0.859794,0.160361,-0.050948,0.916287
451,3.758333,0.012024,0.002126,0.488750,0.872339,0.023653,-0.179578,0.030685,-0.041708,-0.026073,0.400128,0.915138,0.397985,0.133763,0.036760,-0.003636,0.000664,-0.511184,-0.859463,0.161396,-0.050314,0.916203
452,3.766667,0.011432,0.001994,0.488654,0.872400,0.023637,-0.179621,0.030744,-0.042695,-0.026567,0.399909,0.915175,0.397792,0.133830,0.036784,-0.004009,-0.000073,-0.511628,-0.859198,0.162383,-0.049627,0.916224
453,3.775000,0.010221,0.001563,0.488978,0.872235,0.023526,-0.179562,0.030828,-0.043644,-0.026958,0.399743,0.915191,0.397585,0.133891,0.036848,-0.000960,-0.000575,-0.512330,-0.858788,0.163397,-0.048837,0.915737
454,3.783333,0.009199,0.001685,0.489107,0.872173,0.023471,-0.179555,0.030884,-0.044063,-0.026950,0.399369,0.915334,0.397338,0.133946,0.036877,-0.004279,-0.001043,-0.513102,-0.858316,0.164267,-0.047990,0.916234
455,3.791667,0.008132,0.001837,0.489213,0.872125,0.023442,-0.179560,0.030970,-0.044110,-0.026986,0.398919,0.915527,0.397076,0.134002,0.036865,-0.005442,-0.001652,-0.513562,-0.858034,0.165292,-0.047045,0.916027
456,3.800000,0.007093,0.001998,0.489203,0.872139,0.023441,-0.179566,0.031081,-0.044250,-0.027119,0.398480,0.915707,0.396825,0.134015,0.036848,-0.006345,-0.002519,-0.514218,-0.857632,0.166449,-0.046138,0.916043
457,3.808333,0.005787,0.002185,0.489334,0.872075,0.023423,-0.179530,0.031219,-0.044399,-0.027339,0.398039,0.915886,0.396593,0.134054,0.036784,-0.006779,-0.002965,-0.514703,-0.857337,0.167732,-0.045186,0.915955
458,3.816667,0.004371,0.002539,0.489489,0.871995,0.023397,-0.179493,0.031371,-0.044635,-0.027646,0.397860,0.915943,0.396415,0.134082,0.036761,-0.006844,-0.003423,-0.515358,-0.856941,0.169040,-0.044268,0.915844
459,3.825000,0.002865,0.002821,0.489606,0.871934,0.023372,-0.179452,0.031516,-0.045549,-0.028016,0.397750,0.915934,0.396311,0.134107,0.036753,-0.006956,-0.004187,-0.515764,-0.856692,0.170503,-0.043252,0.915611
460,3.833333,0.001147,0.003098,0.489777,0.871841,0.023358,-0.179408,0.031681,-0.046766,-0.028448,0.397631,0.915911,0.396221,0.134136,0.036755,-0.007373,-0.004539,-0.516300,-0.856364,0.172025,-0.042192,0.915549
461,3.841667,-0.000814,0.003495,0.489976,0.871729,0.023336,-0.179358,0.031909,-0.047939,-0.028860,0.397675,0.915819,0.396156,0.134164,0.036763,-0.007932,-0.005417,-0.516891,-0.855998,0.173543,-0.041176,0.915629
462,3.850000,-0.003066,0.004002,0.490203,0.871594,0.023303,-0.179276,0.032167,-0.049067,-0.029303,0.397711,0.915729,0.396112,0.134187,0.036765,-0.008370,-0.006342,-0.517433,-0.855659,0.175156,-0.040041,0.915715
463,3.858333,-0.005173,0.004282,0.490323,0.871515,0.023280,-0.179184,0.032503,-0.050150,-0.029684,0.397736,0.915647,0.396073,0.134196,0.036777,-0.009439,-0.007470,-0.518096,-0.855238,0.176690,-0.038820,0.916036
464,3.866667,-0.007406,0.004938,0.490537,0.871375,0.023237,-0.179092,0.032798,-0.051000,-0.030028,0.397790,0.915565,0.396020,0.134223,0.036782,-0.007756,-0.004847,-0.517830,-0.855435,0.178790,-0.037287,0.915549
465,3.875000,-0.009692,0.005713,0.490712,0.871249,0.023212,-0.179016,0.033079,-0.051618,-0.030154,0.397688,0.915571,0.395941,0.134252,0.036778,-0.007464,-0.004570,-0.517900,-0.855397,0.180726,-0.035797,0.915525
466,3.883333,-0.012180,0.006684,0.490886,0.871113,0.023229,-0.178970,0.033397,-0.052091,-0.030389,0.397754,0.915508,0.395888,0.134293,0.036782,-0.007699,-0.004415,-0.518053,-0.855303,0.182665,-0.034171,0.915420
467,3.891667,-0.014773,0.007752,0.491144,0.870919,0.023232,-0.178878,0.033748,-0.052395,-0.030407,0.397769,0.915484,0.395856,0.134312,0.036773,-0.009065,-0.005374,-0.519085,-0.854657,0.184401,-0.032835,0.916313
468,3.900000,-0.017514,0.008802,0.491407,0.870710,0.023211,-0.178744,0.034126,-0.052607,-0.030522,0.397855,0.915430,0.395839,0.134336,0.036775,-0.009012,-0.005482,-0.519332,-0.854508,0.186611,-0.031161,0.916188
469,3.908333,-0.020282,0.009825,0.491490,0.870592,0.023206,-0.178692,0.034537,-0.052630,-0.030512,0.397956,0.915385,0.395844,0.134337,0.036763,-0.010008,-0.007636,-0.520283,-0.853902,0.188519,-0.029778,0.916850
470,3.916667,-0.023019,0.010984,0.491490,0.870510,0.023209,-0.178647,0.034972,-0.052706,-0.030479,0.398086,0.915326,0.395851,0.134353,0.036752,-0.008921,-0.006264,-0.520767,-0.853629,0.190807,-0.028080,0.916909
471,3.925000,-0.025293,0.012608,0.491505,0.870416,0.023270,-0.178592,0.035479,-0.052734,-0.030441,0.398145,0.915300,0.395858,0.134372,0.036734,-0.007767,-0.005985,-0.520958,-0.853526,0.193347,-0.026244,0.916598
472,3.933333,-0.028138,0.013827,0.491603,0.870255,0.023236,-0.178479,0.035937,-0.052961,-0.030430,0.398202,0.915262,0.395862,0.134399,0.036716,-0.009383,-0.003715,-0.521673,-0.853086,0.195735,-0.024686,0.917569
473,3.941667,-0.031901,0.015309,0.491798,0.869990,0.023092,-0.178162,0.036528,-0.053052,-0.030489,0.398334,0.915197,0.395882,0.134425,0.036697,-0.009031,-0.004695,-0.522385,-0.852649,0.198292,-0.022967,0.917662
474,3.950000,-0.035410,0.016597,0.491844,0.869805,0.023118,-0.178033,0.037071,-0.053046,-0.030510,0.398463,0.915141,0.395904,0.134458,0.036677,-0.008886,-0.003906,-0.523547,-0.851941,0.200564,-0.021260,0.918313
475,3.958333,-0.039088,0.017863,0.492004,0.869531,0.023091,-0.177823,0.037686,-0.052918,-0.030588,0.398678,0.915052,0.395923,0.134493,0.036660,-0.008476,-0.003847,-0.524316,-0.851473,0.203269,-0.019430,0.918657
476,3.966667,-0.043076,0.020260,0.492583,0.868963,0.023113,-0.177443,0.038331,-0.053119,-0.030657,0.399038,0.914881,0.395974,0.134519,0.036665,-0.008334,-0.004401,-0.525317,-0.850854,0.205918,-0.017608,0.918979
477,3.975000,-0.046992,0.022328,0.492837,0.868565,0.023031,-0.177074,0.039077,-0.053136,-0.030643,0.399247,0.914789,0.395999,0.134535,0.036660,-0.008802,-0.004861,-0.525934,-0.850466,0.208681,-0.015693,0.919430
478,3.983333,-0.050778,0.024375,0.492780,0.868329,0.022968,-0.176754,0.039818,-0.052850,-0.030663,0.399467,0.914709,0.396017,0.134562,0.036650,-0.009140,-0.005091,-0.526581,-0.850061,0.211585,-0.013756,0.919992
479,3.991667,-0.054690,0.026178,0.492957,0.867938,0.022927,-0.176403,0.040548,-0.052918,-0.030608,0.399549,0.914671,0.396046,0.134586,0.036634,-0.009073,-0.004925,-0.527083,-0.849751,0.214517,-0.011673,0.920323
480,4.000000,-0.059157,0.027523,0.493043,0.867555,0.022925,-0.176067,0.041428,-0.052891,-0.030690,0.399736,0.914588,0.396075,0.134617,0.036610,-0.005222,-0.007731,-0.528629,-0.848802,0.217106,-0.009806,0.919806
481,4.008333,-0.062649,0.030353,0.493017,0.867230,0.023019,-0.175847,0.042277,-0.053027,-0.030702,0.399807,0.914549,0.396116,0.134649,0.036581,-0.004697,-0.007875,-0.529288,-0.848393,0.220169,-0.007834,0.920353
482,4.016667,-0.068129,0.032131,0.493369,0.866553,0.023067,-0.175330,0.043182,-0.053280,-0.030665,0.399839,0.914521,0.396157,0.134704,0.036567,-0.005827,-0.009437,-0.530498,-0.847614,0.223002,-0.005956,0.921336
483,4.025000,-0.072567,0.034607,0.493342,0.866112,0.023101,-0.174960,0.044109,-0.052700,-0.030798,0.399813,0.914562,0.396161,0.134764,0.036483,-0.001913,-0.011361,-0.530076,-0.847872,0.226729,-0.003751,0.921022
484,4.033333,-0.077591,0.042992,0.493786,0.865048,0.023468,-0.173967,0.044798,-0.053047,-0.030866,0.399868,0.914516,0.396205,0.134822,0.036464,-0.002065,-0.010548,-0.530629,-0.847536,0.229788,-0.001532,0.921522
485,4.041667,-0.076985,0.049941,0.491464,0.866050,0.024014,-0.174294,0.045427,-0.053049,-0.030904,0.400009,0.914453,0.396249,0.134892,0.036453,-0.002997,-0.011062,-0.531184,-0.847179,0.233142,0.000642,0.922297
486,4.050000,-0.087698,0.046315,0.493530,0.864056,0.023462,-0.173393,0.047125,-0.053366,-0.031075,0.400052,0.914410,0.396329,0.134922,0.036403,-0.002743,-0.012238,-0.531901,-0.846714,0.236509,0.002616,0.923122
487,4.058333,-0.092354,0.049952,0.493586,0.863335,0.023733,-0.172519,0.048704,-0.053195,-0.030910,0.399957,0.914467,0.396365,0.134905,0.036341,-0.002483,-0.011466,-0.532212,-0.846530,0.239840,0.004894,0.923493
488,4.066667,-0.095173,0.055274,0.492468,0.863344,0.023735,-0.171872,0.049827,-0.053104,-0.030837,0.399926,0.914488,0.396419,0.134915,0.036303,-0.002099,-0.010848,-0.532336,-0.846461,0.243313,0.007168,0.924035
489,4.075000,-0.099278,0.064164,0.490919,0.863149,0.024155,-0.171545,0.050862,-0.053006,-0.030858,0.399915,0.914498,0.396474,0.134928,0.036267,-0.002713,-0.011005,-0.532442,-0.846390,0.246758,0.009467,0.924767
490,4.083333,-0.105235,0.071692,0.491365,0.861596,0.024354,-0.170423,0.052079,-0.052942,-0.030910,0.399984,0.914470,0.396542,0.134951,0.036241,-0.001959,-0.011421,-0.532288,-0.846484,0.250202,0.011698,0.925384
491,4.091667,-0.109812,0.078599,0.490808,0.860739,0.024551,-0.169655,0.053475,-0.052825,-0.030904,0.400002,0.914469,0.396614,0.134968,0.036201,-0.002891,-0.011029,-0.532268,-0.846499,0.253604,0.014080,0.926273
492,4.100000,-0.117042,0.083545,0.490632,0.859419,0.025126,-0.169036,0.055014,-0.050268,-0.030806,0.400150,0.914551,0.396633,0.135174,0.036240,-0.003689,-0.011269,-0.532128,-0.846581,0.257045,0.016367,0.927122
493,4.108333,-0.123918,0.089646,0.490815,0.857735,0.025561,-0.167935,0.056864,-0.049996,-0.030752,0.400216,0.914539,0.396683,0.135183,0.036216,-0.003822,-0.011193,-0.531834,-0.846766,0.260505,0.018699,0.927815
494,4.116667,-0.131355,0.097267,0.490831,0.855786,0.025991,-0.166871,0.058536,-0.049764,-0.030739,0.400256,0.914535,0.396748,0.135197,0.036188,-0.005098,-0.010993,-0.531611,-0.846902,0.263929,0.021037,0.928782
495,4.125000,-0.137604,0.106145,0.490443,0.853970,0.026427,-0.165706,0.060330,-0.049508,-0.030627,0.400281,0.914541,0.396821,0.135205,0.036165,-0.005660,-0.011648,-0.531368,-0.847042,0.267359,0.023297,0.929726
496,4.133333,-0.147170,0.114524,0.490210,0.851422,0.026994,-0.164546,0.062105,-0.049165,-0.030416,0.400303,0.914557,0.396884,0.135193,0.036127,-0.006087,-0.011937,-0.531140,-0.847178,0.270719,0.025426,0.930720
497,4.141667,-0.154917,0.124173,0.489877,0.848883,0.027602,-0.163045,0.064183,-0.048858,-0.030246,0.400326,0.914569,0.396944,0.135203,0.036122,-0.007216,-0.012481,-0.530864,-0.847334,0.274026,0.027577,0.931681
498,4.150000,-0.163908,0.134393,0.489702,0.845733,0.028325,-0.161392,0.066416,-0.048346,-0.030055,0.400376,0.914581,0.397007,0.135201,0.036101,-0.008621,-0.012701,-0.530787,-0.847366,0.277492,0.029721,0.932708
499,4.158333,-0.172284,0.145144,0.489904,0.842167,0.029021,-0.159414,0.068870,-0.048659,-0.031236,0.401533,0.914018,0.397193,0.135099,0.036013,-0.009791,-0.012713,-0.530606,-0.847467,0.280802,0.031788,0.933755
500,4.166667,-0.181695,0.157232,0.489680,0.838140,0.029879,-0.157260,0.071463,-0.048570,-0.031408,0.402131,0.913754,0.397313,0.135028,0.035993,-0.010819,-0.012900,-0.530312,-0.847635,0.284167,0.033902,0.934765
501,4.175000,-0.193375,0.169975,0.489469,0.833148,0.030821,-0.155003,0.074201,-0.047129,-0.030071,0.401032,0.914357,0.397232,0.135099,0.035990,-0.011106,-0.013143,-0.529732,-0.847990,0.287559,0.035989,0.935567
502,4.183333,-0.205041,0.182663,0.489245,0.827787,0.031866,-0.152584,0.077111,-0.046235,-0.029493,0.400389,0.914703,0.397244,0.135136,0.035963,-0.014693,-0.013033,-0.529142,-0.848306,0.290899,0.037913,0.937169
503,4.191667,-0.219163,0.195868,0.489303,0.821088,0.033068,-0.150052,0.080484,-0.045575,-0.029083,0.400287,0.914793,0.397316,0.135096,0.035937,-0.017068,-0.013035,-0.528585,-0.848609,0.294234,0.039832,0.938314
504,4.200000,-0.232262,0.208960,0.488601,0.814653,0.034335,-0.147420,0.084120,-0.044797,-0.028552,0.400258,0.914861,0.397390,0.135055,0.035920,-0.017873,-0.012768,-0.528004,-0.848958,0.297590,0.041897,0.939091
505,4.208333,-0.243807,0.222037,0.487326,0.808561,0.035627,-0.144647,0.088372,-0.044070,-0.027942,0.400288,0.914903,0.397489,0.135000,0.035908,-0.018830,-0.012493,-0.527109,-0.849497,0.300890,0.043833,0.939870
506,4.216667,-0.254565,0.234289,0.487093,0.801901,0.037222,-0.141458,0.092949,-0.043906,-0.027836,0.400921,0.914636,0.397748,0.134843,0.035875,-0.020931,-0.011638,-0.526635,-0.849754,0.304141,0.045835,0.940947
507,4.225000,-0.265354,0.246713,0.487706,0.794269,0.039153,-0.138069,0.097958,-0.044658,-0.028259,0.401439,0.914360,0.397898,0.134674,0.035779,-0.022804,-0.010812,-0.525931,-0.850153,0.307370,0.047714,0.941784
508,4.233333,-0.273844,0.260085,0.487571,0.787172,0.041142,-0.133991,0.103278,-0.044482,-0.028001,0.401449,0.914372,0.398030,0.134610,0.035760,-0.023955,-0.010109,-0.525604,-0.850332,0.310322,0.049502,0.942467
509,4.241667,-0.281383,0.272928,0.488427,0.779598,0.043418,-0.129305,0.108753,-0.043658,-0.027378,0.401410,0.914447,0.398114,0.134584,0.035758,-0.025151,-0.008721,-0.525224,-0.850547,0.313113,0.051308,0.943069
510,4.250000,-0.290435,0.286536,0.488076,0.771574,0.046021,-0.124775,0.113999,-0.042901,-0.026710,0.401591,0.914424,0.398119,0.134593,0.035784,-0.027626,-0.008144,-0.524648,-0.850832,0.316221,0.053023,0.943603
511,4.258333,-0.300201,0.300596,0.486587,0.763384,0.048791,-0.120092,0.119291,-0.042064,-0.026020,0.401441,0.914548,0.398097,0.134606,0.035804,-0.029235,-0.005882,-0.524404,-0.850947,0.318689,0.054718,0.944120
512,4.266667,-0.310266,0.316977,0.484572,0.753956,0.051959,-0.114580,0.124991,-0.041548,-0.025556,0.401208,0.914687,0.398063,0.134636,0.035821,-0.029176,-0.004675,-0.523853,-0.851296,0.321556,0.056418,0.944237
513,4.275000,-0.315241,0.332775,0.482262,0.746530,0.055469,-0.108446,0.130732,-0.040981,-0.025240,0.400980,0.914821,0.398007,0.134665,0.035801,-0.030484,-0.002757,-0.523923,-0.851216,0.323727,0.057882,0.944551
514,4.283333,-0.318482,0.346139,0.481097,0.739799,0.059357,-0.102074,0.136969,-0.040635,-0.024984,0.400752,0.914944,0.397950,0.134667,0.035771,-0.032830,-0.002499,-0.523223,-0.851560,0.326624,0.059640,0.945051
515,4.291667,-0.320889,0.360556,0.478611,0.733458,0.063683,-0.095039,0.143444,-0.040208,-0.024849,0.400724,0.914979,0.397936,0.134660,0.035745,-0.034607,-0.000571,-0.523217,-0.851496,0.328663,0.061315,0.945383
516,4.300000,-0.316810,0.363791,0.485070,0.729380,0.068261,-0.087001,0.150123,-0.039807,-0.024554,0.400813,0.914965,0.397966,0.134642,0.035750,-0.036941,0.001170,-0.522706,-0.851711,0.330858,0.063031,0.945632
517,4.308333,-0.314004,0.366208,0.493045,0.724017,0.072913,-0.078503,0.157166,-0.039475,-0.023870,0.401008,0.914912,0.398022,0.134602,0.035787,-0.036923,0.003808,-0.523166,-0.851422,0.332963,0.064870,0.946048
518,4.316667,-0.311524,0.359129,0.506398,0.719403,0.078031,-0.069120,0.164518,-0.039609,-0.023808,0.401576,0.914659,0.398139,0.134487,0.035779,-0.042564,0.005575,-0.523949,-0.850667,0.334466,0.066356,0.947243
519,4.325000,-0.308077,0.357471,0.517327,0.713916,0.083140,-0.059807,0.171635,-0.039624,-0.023627,0.401758,0.914583,0.398164,0.134396,0.035731,-0.044254,0.008109,-0.523532,-0.850817,0.336533,0.068245,0.947406
520,4.333333,-0.304086,0.360661,0.524409,0.708838,0.088169,-0.050757,0.178829,-0.039974,-0.023571,0.402070,0.914432,0.398205,0.134201,0.035625,-0.047034,0.010082,-0.523466,-0.850688,0.338389,0.069935,0.947874
521,4.341667,-0.296354,0.359924,0.530736,0.707777,0.093546,-0.041391,0.185967,-0.036260,-0.022138,0.401880,0.914706,0.398285,0.134351,0.035747,-0.049243,0.011062,-0.523624,-0.850453,0.340174,0.071672,0.948330
522,4.350000,-0.293112,0.357889,0.535821,0.706326,0.099470,-0.031368,0.193207,-0.034976,-0.022177,0.401742,0.914816,0.398338,0.134295,0.035669,-0.051157,0.011508,-0.523534,-0.850390,0.342053,0.073175,0.948534
523,4.358333,-0.289376,0.356546,0.539325,0.705879,0.105476,-0.021796,0.199919,-0.035079,-0.022014,0.402179,0.914624,0.398456,0.134117,0.035621,-0.054123,0.012212,-0.524025,-0.849894,0.343735,0.074570,0.949013
524,4.366667,-0.289242,0.356266,0.542001,0.704023,0.111759,-0.012149,0.206572,-0.035594,-0.021732,0.402967,0.914264,0.398541,0.134025,0.035685,-0.056182,0.011767,-0.524233,-0.849638,0.345427,0.076049,0.949210
525,4.375000,-0.288857,0.351790,0.544067,0.704838,0.118354,-0.002309,0.212965,-0.034644,-0.021234,0.403168,0.914224,0.398584,0.133970,0.035694,-0.058519,0.012209,-0.524356,-0.849398,0.347076,0.077399,0.949647
526,4.383333,-0.288200,0.348399,0.544282,0.706623,0.125121,0.007624,0.219108,-0.034398,-0.020316,0.403546,0.914087,0.398702,0.133906,0.035804,-0.061359,0.012256,-0.524491,-0.849114,0.348842,0.078757,0.950185
527,4.391667,-0.289781,0.345525,0.543679,0.707851,0.132035,0.017303,0.225020,-0.034107,-0.019894,0.403752,0.914016,0.398745,0.133839,0.035807,-0.062176,0.012714,-0.524597,-0.848982,0.350365,0.080256,0.950330
528,4.400000,-0.292661,0.343649,0.541930,0.708920,0.138919,0.026864,0.230511,-0.033594,-0.019495,0.403848,0.914001,0.398784,0.133795,0.035792,-0.062156,0.013339,-0.524756,-0.848875,0.351972,0.081720,0.950277
529,4.408333,-0.296101,0.340550,0.540249,0.710268,0.145946,0.036623,0.236013,-0.033284,-0.019243,0.403971,0.913963,0.398824,0.133764,0.035807,-0.071433,0.014632,-0.524848,-0.848067,0.353430,0.082849,0.952298
530,4.416667,-0.297251,0.338733,0.537418,0.712800,0.152844,0.046230,0.241188,-0.032828,-0.019122,0.403905,0.914012,0.398853,0.133746,0.035805,-0.072576,0.014878,-0.525233,-0.847727,0.354752,0.084218,0.952628
531,4.425000,-0.300198,0.335302,0.535907,0.714323,0.159876,0.056020,0.246220,-0.032742,-0.019528,0.404009,0.913960,0.398846,0.133737,0.035771,-0.073894,0.015053,-0.525155,-0.847659,0.356088,0.085601,0.953083
532,4.433333,-0.301246,0.329227,0.535088,0.717315,0.166961,0.066001,0.251149,-0.032695,-0.019735,0.403837,0.914034,0.398820,0.133769,0.035746,-0.075949,0.015761,-0.524894,-0.847626,0.357467,0.087048,0.953509
533,4.441667,-0.302373,0.322984,0.534288,0.720270,0.173840,0.076208,0.255805,-0.033221,-0.020237,0.403742,0.914045,0.398749,0.133807,0.035720,-0.084077,0.018223,-0.523305,-0.847792,0.359201,0.088273,0.955300
534,4.450000,-0.303309,0.316849,0.533724,0.723014,0.180531,0.086467,0.260289,-0.034011,-0.020756,0.403676,0.914034,0.398663,0.133821,0.035685,-0.086293,0.018734,-0.522816,-0.847860,0.360581,0.089927,0.955545
535,4.458333,-0.302968,0.310548,0.532284,0.726941,0.187166,0.096945,0.264462,-0.035182,-0.021358,0.403606,0.914007,0.398552,0.133867,0.035640,-0.087779,0.018773,-0.522448,-0.847933,0.361951,0.091377,0.955620
536,4.466667,-0.303197,0.304892,0.532084,0.729383,0.193427,0.107235,0.268403,-0.036486,-0.022641,0.403268,0.914074,0.398322,0.133971,0.035567,-0.090596,0.019417,-0.521404,-0.848265,0.363167,0.092882,0.956183
537,4.475000,-0.304152,0.299855,0.531041,0.731829,0.199554,0.117522,0.271896,-0.037695,-0.023379,0.403069,0.914094,0.398189,0.134054,0.035609,-0.090751,0.018414,-0.520558,-0.848790,0.364576,0.094577,0.955935
538,4.483333,-0.302467,0.292370,0.531648,0.735108,0.205442,0.128305,0.275318,-0.038060,-0.024261,0.402843,0.914156,0.398092,0.134141,0.035601,-0.089755,0.017362,-0.519828,-0.849365,0.365980,0.096174,0.955391
539,4.491667,-0.304641,0.278310,0.532338,0.739157,0.212108,0.140112,0.278701,-0.038369,-0.024851,0.402718,0.914182,0.397941,0.134227,0.035600,-0.089476,0.019192,-0.518849,-0.849954,0.367189,0.097774,0.955031
540,4.500000,-0.303001,0.278874,0.531380,0.740307,0.217640,0.150531,0.280781,-0.039980,-0.026035,0.402857,0.914019,0.397808,0.134209,0.035552,-0.093497,0.020167,-0.517987,-0.850024,0.368341,0.099224,0.955825
541,4.508333,-0.301827,0.273616,0.532481,0.741956,0.223080,0.161574,0.283110,-0.040471,-0.026815,0.402729,0.914031,0.397697,0.134194,0.035512,-0.092302,0.019766,-0.517415,-0.850513,0.369649,0.100801,0.955192
542,4.516667,-0.299944,0.267736,0.533814,0.743904,0.228300,0.172925,0.285401,-0.042340,-0.027281,0.402544,0.914014,0.397548,0.134277,0.035549,-0.095495,0.020569,-0.516998,-0.850394,0.370810,0.102240,0.955694
543,4.525000,-0.298007,0.261678,0.534329,0.746464,0.233310,0.184213,0.287526,-0.044469,-0.028056,0.402772,0.913789,0.397501,0.134301,0.035634,-0.096802,0.019556,-0.516613,-0.850504,0.371970,0.103757,0.955632
544,4.533333,-0.296853,0.255438,0.535993,0.747891,0.238380,0.195691,0.289385,-0.045584,-0.028237,0.402767,0.913731,0.397391,0.134310,0.035633,-0.099851,0.019866,-0.516295,-0.850338,0.373085,0.105195,0.956080
545,4.541667,-0.292037,0.250524,0.537211,0.750571,0.243210,0.207239,0.290855,-0.046538,-0.028892,0.403079,0.913524,0.397346,0.134336,0.035652,-0.102390,0.018939,-0.516801,-0.849750,0.374011,0.106330,0.956743
546,4.550000,-0.285996,0.245737,0.537922,0.753962,0.248008,0.218900,0.292088,-0.046915,-0.029083,0.402976,0.913545,0.397248,0.134359,0.035610,-0.104509,0.018748,-0.516459,-0.849704,0.375102,0.107838,0.956795
547,4.558333,-0.279028,0.240556,0.539394,0.757186,0.252576,0.230762,0.293271,-0.048131,-0.029331,0.403130,0.913405,0.397146,0.134404,0.035578,-0.106599,0.017675,-0.516894,-0.849203,0.376022,0.108865,0.957772
548,4.566667,-0.273315,0.235525,0.540625,0.759968,0.257093,0.242673,0.294180,-0.047394,-0.029378,0.402717,0.913624,0.397013,0.134439,0.035459,-0.109545,0.016693,-0.516606,-0.849023,0.377140,0.110321,0.957952
549,4.575000,-0.270647,0.228927,0.544020,0.760516,0.261737,0.255130,0.295164,-0.049185,-0.029767,0.403307,0.913257,0.397024,0.134472,0.035538,-0.108602,0.015300,-0.516460,-0.849259,0.378109,0.111802,0.958111
550,4.583333,-0.264905,0.222778,0.545767,0.763108,0.266095,0.267009,0.295763,-0.048797,-0.031010,0.402712,0.913499,0.396816,0.134497,0.035397,-0.108667,0.015586,-0.515820,-0.849635,0.379074,0.113374,0.958302
551,4.591667,-0.258855,0.217461,0.547715,0.765319,0.270370,0.279005,0.296169,-0.049397,-0.030678,0.402985,0.913358,0.396896,0.134458,0.035500,-0.103368,0.013035,-0.514924,-0.850881,0.380169,0.115104,0.957189
552,4.600000,-0.253074,0.211042,0.549652,0.767658,0.274684,0.291196,0.296529,-0.049817,-0.030517,0.403116,0.913282,0.396889,0.134443,0.035535,-0.095284,0.009956,-0.516452,-0.850940,0.380700,0.116587,0.955547
553,4.608333,-0.246074,0.205843,0.551430,0.770066,0.278851,0.303139,0.296491,-0.049166,-0.030110,0.402995,0.913384,0.396798,0.134487,0.035440,-0.093458,0.010677,-0.515881,-0.851480,0.381692,0.118072,0.954913
554,4.616667,-0.240494,0.199098,0.553065,0.772426,0.283043,0.315025,0.296422,-0.048453,-0.030118,0.402864,0.913480,0.396778,0.134439,0.035424,-0.096807,0.013200,-0.514871,-0.851682,0.382586,0.119170,0.955169
555,4.625000,-0.234516,0.192695,0.554749,0.774677,0.287210,0.326965,0.296287,-0.047279,-0.030096,0.402444,0.913727,0.396715,0.134489,0.035398,-0.096430,-0.000610,-0.513398,-0.852716,0.384618,0.120433,0.957976
556,4.633333,-0.228622,0.186963,0.556047,0.776909,0.291307,0.338816,0.295987,-0.047308,-0.029921,0.402133,0.913869,0.396667,0.134493,0.035394,-0.082204,0.012705,-0.511114,-0.855479,0.385821,0.123392,0.952244
557,4.641667,-0.222983,0.180773,0.557204,0.779181,0.295358,0.350509,0.295518,-0.047748,-0.029641,0.401931,0.913944,0.396644,0.134482,0.035370,-0.082104,0.010707,-0.511092,-0.855529,0.385796,0.125459,0.952780
558,4.650000,-0.217639,0.175051,0.557950,0.781461,0.299392,0.362144,0.294969,-0.047854,-0.029516,0.401777,0.914010,0.396614,0.134482,0.035348,-0.081624,0.009708,-0.510649,-0.855851,0.386700,0.126653,0.952972
559,4.658333,-0.212315,0.169897,0.558120,0.783938,0.303332,0.373623,0.294240,-0.048079,-0.030025,0.401633,0.914045,0.396612,0.134489,0.035366,-0.083647,0.010884,-0.509297,-0.856447,0.387852,0.127950,0.952825
560,4.666667,-0.207398,0.164802,0.558136,0.786327,0.307232,0.384982,0.293378,-0.048375,-0.029858,0.401616,0.914042,0.396574,0.134491,0.035343,-0.082044,0.010154,-0.508542,-0.857060,0.388961,0.129395,0.952936
561,4.675000,-0.203098,0.159512,0.557950,0.788669,0.311130,0.396211,0.292401,-0.048377,-0.030303,0.401401,0.914122,0.396565,0.134514,0.035334,-0.084272,0.011671,-0.507591,-0.857388,0.389913,0.130790,0.952645
562,4.683333,-0.198815,0.154241,0.557415,0.791183,0.314957,0.407307,0.291349,-0.048477,-0.030605,0.401298,0.914152,0.396557,0.134543,0.035316,-0.084603,0.010155,-0.506944,-0.857757,0.390880,0.132057,0.952943
563,4.691667,-0.194439,0.149103,0.556829,0.793664,0.318839,0.418176,0.290159,-0.048680,-0.030648,0.401197,0.914184,0.396536,0.134573,0.035305,-0.086169,0.010980,-0.505837,-0.858244,0.392170,0.133494,0.952705
564,4.700000,-0.189149,0.145297,0.554485,0.797282,0.322369,0.428690,0.288737,-0.049068,-0.030756,0.401175,0.914169,0.396523,0.134597,0.035294,-0.086051,0.010594,-0.505369,-0.858537,0.393021,0.134955,0.952974
565,4.708333,-0.183342,0.141448,0.552519,0.800688,0.325891,0.439277,0.287497,-0.049110,-0.030728,0.401361,0.914086,0.396547,0.134597,0.035285,-0.086459,0.010861,-0.504404,-0.859060,0.394148,0.136362,0.952468
566,4.716667,-0.179849,0.137404,0.551088,0.803166,0.329530,0.449523,0.286157,-0.049242,-0.030658,0.401284,0.914115,0.396530,0.134616,0.035271,-0.086799,0.010557,-0.503887,-0.859332,0.395255,0.137770,0.952509
567,4.725000,-0.175674,0.131264,0.551855,0.804589,0.333156,0.460098,0.284448,-0.049600,-0.030728,0.400987,0.914224,0.396476,0.134649,0.035245,-0.089127,0.010402,-0.503379,-0.859394,0.396174,0.139148,0.952697
568,4.733333,-0.171586,0.127642,0.549846,0.807425,0.336712,0.469892,0.282946,-0.049840,-0.030686,0.400965,0.914222,0.396456,0.134656,0.035241,-0.087449,0.011118,-0.503412,-0.859538,0.397096,0.140779,0.952552
569,4.741667,-0.167504,0.122320,0.548081,0.810301,0.340209,0.479463,0.281488,-0.050011,-0.030554,0.400943,0.914226,0.396462,0.134662,0.035244,-0.087572,0.012132,-0.502676,-0.859942,0.398311,0.142377,0.952186
570,4.750000,-0.162049,0.118707,0.546201,0.813212,0.343658,0.488655,0.279476,-0.050275,-0.030336,0.400977,0.914204,0.396466,0.134685,0.035244,-0.088195,0.011508,-0.502004,-0.860280,0.399438,0.143843,0.951892
571,4.758333,-0.157392,0.115459,0.543997,0.816067,0.347071,0.497633,0.277687,-0.050633,-0.030281,0.401058,0.914151,0.396487,0.134700,0.035259,-0.088639,0.011962,-0.502099,-0.860172,0.400292,0.145269,0.952075
572,4.766667,-0.154247,0.111843,0.542020,0.818482,0.350394,0.506543,0.275808,-0.050652,-0.030053,0.401074,0.914150,0.396500,0.134711,0.035256,-0.091136,0.013871,-0.502339,-0.859743,0.401037,0.146926,0.952166
573,4.775000,-0.150710,0.108732,0.540179,0.820775,0.353740,0.515043,0.273611,-0.050596,-0.029860,0.401072,0.914161,0.396519,0.134714,0.035254,-0.090645,0.013969,-0.502195,-0.859877,0.402066,0.148440,0.951973
574,4.783333,-0.146593,0.104755,0.539129,0.822725,0.357032,0.523125,0.271382,-0.050370,-0.029484,0.401112,0.914168,0.396552,0.134715,0.035252,-0.088630,0.013481,-0.501312,-0.860610,0.403525,0.150132,0.951432
575,4.791667,-0.141384,0.101741,0.537698,0.824948,0.360239,0.530855,0.268827,-0.050228,-0.029142,0.401139,0.914174,0.396591,0.134706,0.035253,-0.089680,0.013944,-0.501239,-0.860536,0.404465,0.151593,0.951156
576,4.800000,-0.138635,0.098389,0.536413,0.826657,0.363450,0.538468,0.266357,-0.050225,-0.028761,0.401158,0.914179,0.396638,0.134718,0.035278,-0.088693,0.014221,-0.501064,-0.860736,0.405397,0.153181,0.951142
577,4.808333,-0.135959,0.092649,0.535778,0.828175,0.366600,0.545791,0.263716,-0.050212,-0.028415,0.401200,0.914172,0.396687,0.134719,0.035308,-0.088399,0.014466,-0.500941,-0.860834,0.406425,0.154919,0.950989
578,4.816667,-0.133350,0.088901,0.535614,0.829115,0.369689,0.552789,0.260940,-0.050045,-0.027993,0.401255,0.914170,0.396732,0.134717,0.035321,-0.089669,0.017029,-0.501222,-0.860492,0.407184,0.156515,0.950844
579,4.825000,-0.131262,0.085690,0.535464,0.829883,0.372680,0.559466,0.257973,-0.049794,-0.027525,0.401311,0.914173,0.396790,0.134701,0.035338,-0.089352,0.016036,-0.500689,-0.860854,0.408241,0.158049,0.950723
580,4.833333,-0.129869,0.081651,0.535957,0.830191,0.375629,0.565951,0.254905,-0.048202,-0.026923,0.401134,0.914354,0.396835,0.134803,0.035360,-0.089436,0.014183,-0.500296,-0.861107,0.409341,0.159571,0.950676
581,4.841667,-0.127759,0.079050,0.536509,0.830414,0.378495,0.571985,0.251592,-0.047628,-0.026166,0.401068,0.914435,0.396887,0.134795,0.035393,-0.087545,0.014525,-0.499416,-0.861805,0.410476,0.161139,0.950238
582,4.850000,-0.126451,0.075789,0.537688,0.830155,0.381234,0.577778,0.248096,-0.047452,-0.025350,0.400982,0.914505,0.396944,0.134799,0.035452,-0.086115,0.016142,-0.498859,-0.862243,0.411468,0.162846,0.949742
583,4.858333,-0.125920,0.073963,0.538363,0.829964,0.383917,0.583293,0.244558,-0.047470,-0.024485,0.400911,0.914559,0.396994,0.134786,0.035505,-0.086902,0.017489,-0.498884,-0.862124,0.412268,0.164556,0.949693
584,4.866667,-0.125967,0.069691,0.540341,0.829040,0.386486,0.588602,0.240869,-0.047540,-0.023632,0.400899,0.914583,0.397050,0.134784,0.035573,-0.085891,0.017289,-0.498292,-0.862571,0.413122,0.166119,0.949383
585,4.875000,-0.124874,0.067038,0.542013,0.828333,0.389016,0.593465,0.236862,-0.047533,-0.022798,0.400832,0.914634,0.397107,0.134786,0.035642,-0.086572,0.017337,-0.497732,-0.862825,0.414084,0.167771,0.949462
586,4.883333,-0.125093,0.064583,0.543794,0.827326,0.391367,0.598179,0.232870,-0.047773,-0.021880,0.400827,0.914646,0.397160,0.134765,0.035721,-0.085892,0.016209,-0.497035,-0.863317,0.414901,0.169230,0.949336
587,4.891667,-0.125835,0.062591,0.545773,0.826063,0.393685,0.602628,0.228741,-0.047840,-0.020967,0.400683,0.914727,0.397216,0.134745,0.035802,-0.075378,0.018497,-0.494930,-0.865459,0.416994,0.171061,0.946572
588,4.900000,-0.126114,0.061092,0.547742,0.824828,0.395904,0.606748,0.224494,-0.048382,-0.019966,0.400693,0.914716,0.397308,0.134719,0.035932,-0.090820,0.007685,-0.497086,-0.862901,0.417711,0.170434,0.951462
589,4.908333,-0.126952,0.059156,0.549754,0.823501,0.398006,0.610556,0.220120,-0.049138,-0.018926,0.400715,0.914688,0.397373,0.134669,0.036057,-0.088223,0.005709,-0.496464,-0.863544,0.418616,0.172109,0.951187
590,4.916667,-0.128152,0.056772,0.551773,0.822132,0.400043,0.614186,0.215649,-0.048319,-0.018223,0.400148,0.914995,0.397325,0.134791,0.036032,-0.096470,0.017768,-0.492670,-0.864670,0.419280,0.174561,0.950916
591,4.925000,-0.128794,0.056529,0.553710,0.820745,0.401944,0.617382,0.211050,-0.048200,-0.017233,0.399846,0.915152,0.397338,0.134807,0.036101,-0.090138,0.021069,-0.493548,-0.864778,0.419172,0.176185,0.948977
592,4.933333,-0.129673,0.055670,0.555829,0.819231,0.403868,0.620397,0.206360,-0.047335,-0.015647,0.398933,0.915624,0.397217,0.134925,0.036200,-0.089153,0.022639,-0.492780,-0.865279,0.420206,0.178072,0.948203
593,4.941667,-0.130421,0.055336,0.557967,0.817681,0.405643,0.623079,0.201551,-0.047443,-0.014636,0.398469,0.915837,0.397196,0.134956,0.036286,-0.086778,0.021254,-0.491870,-0.866073,0.420940,0.179857,0.948176
594,4.950000,-0.131465,0.054644,0.559932,0.816216,0.407297,0.625507,0.196733,-0.047200,-0.013455,0.397845,0.916139,0.397163,0.134997,0.036357,-0.084220,0.017108,-0.490982,-0.866921,0.421831,0.181546,0.948338
595,4.958333,-0.132601,0.054520,0.561889,0.814694,0.408919,0.627724,0.191769,-0.045995,-0.011600,0.396981,0.916600,0.397113,0.135127,0.036475,-0.081755,0.015292,-0.490125,-0.867675,0.422883,0.183409,0.947987
596,4.966667,-0.134153,0.053896,0.563581,0.813311,0.410453,0.629700,0.186735,-0.045535,-0.010398,0.396365,0.916904,0.397090,0.135220,0.036561,-0.078575,0.014771,-0.489447,-0.868361,0.423795,0.185295,0.947404
597,4.975000,-0.135650,0.054101,0.565029,0.812043,0.411948,0.631512,0.181697,-0.045486,-0.009571,0.395804,0.917158,0.397030,0.135278,0.036664,-0.083468,0.021170,-0.487736,-0.868734,0.424788,0.186862,0.947478
598,4.983333,-0.137130,0.053948,0.566528,0.810759,0.413391,0.633021,0.176663,-0.046533,-0.008922,0.395505,0.917241,0.397058,0.135284,0.036869,-0.082658,0.024823,-0.487539,-0.868825,0.425510,0.188644,0.946476
599,4.991667,-0.138791,0.053279,0.567501,0.809840,0.414866,0.634324,0.171527,-0.046899,-0.008106,0.395047,0.917427,0.397039,0.135334,0.036999,-0.065956,0.020323,-0.486954,-0.870697,0.426289,0.191326,0.943813
600,5.000000,-0.139987,0.053979,0.568077,0.809184,0.416303,0.635510,0.166268,-0.046725,-0.007105,0.394704,0.917592,0.397030,0.135390,0.037096,-0.063567,0.022220,-0.486889,-0.870864,0.426974,0.193208,0.943126
601,5.008333,-0.141435,0.055449,0.567955,0.808918,0.417676,0.636423,0.161016,-0.046541,-0.006111,0.394372,0.917752,0.397021,0.135434,0.037184,-0.071316,0.019187,-0.485784,-0.870953,0.427670,0.194742,0.944870
602,5.016667,-0.142909,0.056995,0.567303,0.809009,0.419092,0.637138,0.155656,-0.046441,-0.005188,0.394075,0.917890,0.397024,0.135463,0.037273,-0.067900,0.025002,-0.485625,-0.871168,0.428453,0.196782,0.943373
603,5.025000,-0.144562,0.058792,0.566186,0.809369,0.420580,0.637723,0.150357,-0.046275,-0.004290,0.393789,0.918025,0.397027,0.135494,0.037359,-0.063220,0.023824,-0.485718,-0.871501,0.428996,0.198759,0.943569
604,5.033333,-0.146032,0.060029,0.564193,0.810406,0.422051,0.638017,0.145014,-0.046154,-0.003501,0.393631,0.918103,0.397039,0.135510,0.037439,-0.061543,0.023324,-0.485752,-0.871615,0.429524,0.200595,0.943072
605,5.041667,-0.147617,0.060515,0.561716,0.811802,0.423623,0.638115,0.139649,-0.046026,-0.002694,0.393553,0.918145,0.397070,0.135506,0.037518,-0.058727,0.024076,-0.485923,-0.871694,0.429911,0.202447,0.942515
606,5.050000,-0.149257,0.063461,0.558057,0.813798,0.425250,0.637987,0.134230,-0.045891,-0.001956,0.393551,0.918155,0.397111,0.135486,0.037587,-0.058430,0.024042,-0.486007,-0.871668,0.430615,0.204685,0.941643
607,5.058333,-0.151636,0.066629,0.554116,0.815795,0.426899,0.637643,0.128846,-0.045808,-0.001162,0.393553,0.918159,0.397160,0.135470,0.037662,-0.059810,0.021638,-0.485954,-0.871667,0.431206,0.206149,0.942842
608,5.066667,-0.153777,0.068538,0.549595,0.818291,0.428645,0.637078,0.123460,-0.045667,-0.000332,0.393527,0.918178,0.397212,0.135455,0.037755,-0.059188,0.023808,-0.484892,-0.872244,0.432242,0.208179,0.942545
609,5.075000,-0.156487,0.071190,0.544698,0.820822,0.430424,0.636268,0.118143,-0.045383,0.000641,0.393478,0.918213,0.397255,0.135453,0.037855,-0.044893,0.021436,-0.484256,-0.873511,0.433093,0.211200,0.940217
610,5.083333,-0.160176,0.073488,0.539920,0.823061,0.432243,0.635170,0.112834,-0.045296,0.001553,0.393369,0.918263,0.397303,0.135453,0.037957,-0.056593,0.023843,-0.483307,-0.873295,0.433775,0.212756,0.941565
611,5.091667,-0.165059,0.075266,0.535186,0.825025,0.434056,0.633900,0.107576,-0.045207,0.002413,0.393256,0.918314,0.397328,0.135464,0.038064,-0.055997,0.021814,-0.483185,-0.873453,0.434285,0.214892,0.941800
612,5.100000,-0.169864,0.077039,0.530819,0.826706,0.435932,0.632154,0.102347,-0.045112,0.003348,0.393119,0.918374,0.397352,0.135476,0.038174,-0.045279,0.022075,-0.482118,-0.874657,0.435097,0.217622,0.939413
613,5.108333,-0.173993,0.076971,0.527240,0.828142,0.437714,0.630185,0.097336,-0.045204,0.004092,0.393055,0.918394,0.397381,0.135482,0.038284,-0.044264,0.021501,-0.481898,-0.874844,0.435674,0.219803,0.939309
614,5.116667,-0.173655,0.074628,0.525280,0.829672,0.439279,0.628093,0.092751,-0.045555,0.004654,0.393094,0.918357,0.397417,0.135499,0.038400,-0.041353,0.021556,-0.481483,-0.875214,0.436319,0.222013,0.938814
615,5.125000,-0.169409,0.076735,0.526152,0.829805,0.440351,0.625467,0.088232,-0.045799,0.005140,0.393192,0.918301,0.397459,0.135495,0.038494,-0.039310,0.022152,-0.480716,-0.875715,0.437035,0.224240,0.938093
616,5.133333,-0.159023,0.070148,0.526067,0.832493,0.441532,0.622522,0.084757,-0.046154,0.005505,0.393337,0.918219,0.397504,0.135495,0.038574,-0.053274,0.026537,-0.482558,-0.873839,0.436565,0.225377,0.940532
617,5.141667,-0.147956,0.060071,0.529865,0.832913,0.441943,0.619459,0.081526,-0.046273,0.006049,0.393391,0.918186,0.397539,0.135497,0.038655,-0.051845,0.024261,-0.479630,-0.875602,0.438104,0.228319,0.940155
618,5.150000,-0.136280,0.053328,0.534307,0.832526,0.442070,0.615976,0.078112,-0.046187,0.006578,0.393282,0.918234,0.397556,0.135508,0.038728,-0.051543,0.027048,-0.481499,-0.874512,0.437582,0.229867,0.939785
619,5.158333,-0.131658,0.046299,0.538938,0.830703,0.441855,0.612615,0.074313,-0.046138,0.007173,0.393173,0.918278,0.397567,0.135522,0.038813,-0.049640,0.026624,-0.480556,-0.875153,0.438251,0.232081,0.938924
620,5.166667,-0.127263,0.035959,0.542896,0.829322,0.441115,0.609787,0.071300,-0.046222,0.007665,0.393257,0.918234,0.397616,0.135517,0.038889,-0.047251,0.026272,-0.479981,-0.875611,0.438869,0.234337,0.938358
621,5.175000,-0.108401,0.034089,0.543339,0.831787,0.440692,0.607545,0.069166,-0.048887,0.008494,0.394301,0.917641,0.397849,0.135331,0.039249,-0.043981,0.027191,-0.479634,-0.875944,0.439453,0.236645,0.937374
622,5.183333,-0.086269,0.036864,0.541488,0.835458,0.441174,0.606082,0.066820,-0.048865,0.009070,0.394345,0.917617,0.397919,0.135324,0.039323,-0.042202,0.026999,-0.478736,-0.876529,0.440021,0.238756,0.936716
623,5.191667,-0.071354,0.035336,0.542211,0.836461,0.442131,0.605775,0.064653,-0.049096,0.009392,0.394276,0.917632,0.397980,0.135346,0.039398,-0.040569,0.027881,-0.478277,-0.876828,0.440560,0.241001,0.936051
624,5.200000,-0.063778,0.031370,0.542677,0.836929,0.443048,0.605860,0.062528,-0.049206,0.009774,0.394199,0.917655,0.398027,0.135388,0.039483,-0.039316,0.028581,-0.477822,-0.877111,0.441054,0.243166,0.935660
625,5.208333,-0.061220,0.028449,0.543616,0.836615,0.444075,0.606298,0.060874,-0.046926,0.010379,0.392756,0.918386,0.397768,0.135545,0.039343,-0.037644,0.029554,-0.477230,-0.877474,0.441488,0.245212,0.935052
626,5.216667,-0.058464,0.021776,0.545108,0.836041,0.444298,0.606623,0.059309,-0.046643,0.011084,0.392435,0.918530,0.397762,0.135673,0.039432,-0.033277,0.028032,-0.475863,-0.878442,0.442696,0.247097,0.933966
627,5.225000,-0.052487,0.017058,0.545548,0.836260,0.444362,0.606374,0.057965,-0.046604,0.011842,0.391930,0.918738,0.397715,0.135747,0.039549,-0.031182,0.028446,-0.475574,-0.878663,0.443064,0.248989,0.933261
628,5.233333,-0.042443,0.015822,0.544889,0.837284,0.444337,0.605713,0.056750,-0.046246,0.012794,0.391322,0.919002,0.397617,0.135842,0.039669,-0.030129,0.028584,-0.475352,-0.878815,0.443426,0.250864,0.932998
629,5.241667,-0.033221,0.015118,0.542992,0.838945,0.444367,0.604787,0.055554,-0.046267,0.013354,0.390782,0.919223,0.397568,0.135929,0.039758,-0.028770,0.029007,-0.475318,-0.878865,0.443768,0.252552,0.932499
630,5.250000,-0.027638,0.012544,0.542398,0.839573,0.444295,0.604012,0.054418,-0.046169,0.013781,0.390206,0.919466,0.397522,0.136027,0.039828,-0.026562,0.028605,-0.475118,-0.879056,0.444277,0.254457,0.931841
631,5.258333,-0.020568,0.010056,0.540422,0.841083,0.444362,0.603363,0.053160,-0.045904,0.014229,0.389543,0.919753,0.397447,0.136119,0.039880,-0.026185,0.029461,-0.475380,-0.878897,0.444562,0.256220,0.931735
632,5.266667,-0.016973,0.005190,0.539604,0.841732,0.444212,0.603126,0.052224,-0.045517,0.014555,0.388887,0.920045,0.397383,0.136217,0.039910,-0.025729,0.028280,-0.475376,-0.878952,0.444862,0.257915,0.931745
633,5.275000,-0.011279,0.005639,0.539675,0.841779,0.444085,0.603141,0.051507,-0.045288,0.014692,0.388364,0.920275,0.397330,0.136286,0.039924,-0.023106,0.027966,-0.475581,-0.878924,0.445382,0.259784,0.931222
634,5.283333,-0.006724,0.004123,0.538401,0.842652,0.443999,0.602896,0.050598,-0.045038,0.014706,0.387845,0.920506,0.397277,0.136344,0.039909,-0.023123,0.027568,-0.475706,-0.878868,0.445596,0.261583,0.931644
635,5.291667,-0.002323,0.003126,0.536907,0.843633,0.443886,0.602718,0.049769,-0.044775,0.014637,0.387463,0.920681,0.397234,0.136386,0.039865,-0.022579,0.026687,-0.475966,-0.878769,0.445707,0.263255,0.931720
636,5.300000,0.002090,0.000761,0.535639,0.844444,0.443612,0.602613,0.048977,-0.044701,0.014388,0.387177,0.920809,0.397198,0.136408,0.039815,-0.022057,0.025943,-0.475725,-0.878935,0.446019,0.264895,0.931262
637,5.308333,0.005563,-0.001262,0.534445,0.845184,0.443438,0.602532,0.048337,-0.044585,0.014087,0.386844,0.920959,0.397153,0.136438,0.039759,-0.020548,0.025006,-0.475329,-0.879213,0.446281,0.266501,0.930799
638,5.316667,0.009636,-0.001878,0.533424,0.845791,0.443401,0.602448,0.047791,-0.044570,0.013783,0.386537,0.921093,0.397091,0.136462,0.039712,-0.021764,0.025118,-0.474765,-0.879485,0.446494,0.268219,0.930836
639,5.325000,0.013037,-0.002817,0.532938,0.846049,0.443429,0.602308,0.047318,-0.044588,0.013411,0.386214,0.921233,0.397026,0.136485,0.039652,-0.020309,0.025648,-0.474491,-0.879652,0.446649,0.269739,0.930317
640,5.333333,0.016186,-0.003543,0.532662,0.846166,0.443520,0.602101,0.046814,-0.044654,0.013034,0.385893,0.921370,0.396972,0.136518,0.039595,-0.019635,0.024837,-0.473558,-0.880193,0.446913,0.271382,0.929943
641,5.341667,0.018220,-0.004191,0.532599,0.846162,0.443672,0.601886,0.046490,-0.044640,0.012732,0.385592,0.921501,0.396910,0.136533,0.039544,-0.019558,0.025453,-0.473101,-0.880423,0.447073,0.272954,0.929423
642,5.350000,0.020601,-0.003954,0.532776,0.845996,0.443826,0.601719,0.046199,-0.044586,0.012487,0.385295,0.921631,0.396857,0.136557,0.039498,-0.018931,0.027581,-0.472656,-0.880612,0.446931,0.274545,0.929692
643,5.358333,0.023745,-0.006291,0.535380,0.844254,0.443724,0.601756,0.046039,-0.044560,0.012150,0.385029,0.921748,0.396817,0.136577,0.039454,-0.020033,0.030467,-0.472274,-0.880697,0.446814,0.275954,0.929618
644,5.366667,0.025480,-0.008294,0.536319,0.843590,0.443748,0.601669,0.046047,-0.044462,0.011893,0.384773,0.921863,0.396776,0.136591,0.039404,-0.021789,0.029847,-0.471029,-0.881343,0.446644,0.277426,0.929197
645,5.375000,0.027031,-0.009582,0.537040,0.843069,0.443879,0.601581,0.045995,-0.044315,0.011663,0.384494,0.921990,0.396740,0.136596,0.039369,-0.019927,0.030583,-0.470281,-0.881762,0.446622,0.279207,0.929261
646,5.383333,0.029079,-0.009931,0.537470,0.842723,0.444122,0.601497,0.045864,-0.044191,0.011371,0.384267,0.922094,0.396727,0.136606,0.039327,-0.013455,0.031317,-0.469976,-0.882021,0.446298,0.280786,0.929327
647,5.391667,0.033665,-0.005169,0.537120,0.842818,0.444752,0.601443,0.045510,-0.044040,0.011225,0.384118,0.922165,0.396719,0.136594,0.039298,-0.011804,0.032286,-0.468813,-0.882629,0.446133,0.282427,0.930077
648,5.400000,0.038527,-0.000971,0.538014,0.842055,0.444801,0.601437,0.044841,-0.043949,0.011077,0.383960,0.922237,0.396698,0.136589,0.039279,-0.013321,0.034329,-0.467977,-0.882973,0.445916,0.283794,0.930531
649,5.408333,0.039556,-0.000038,0.538563,0.841656,0.445040,0.601528,0.044877,-0.043885,0.010993,0.383819,0.922299,0.396682,0.136596,0.039281,-0.010043,0.030158,-0.466930,-0.883723,0.445972,0.285058,0.929084
650,5.416667,0.041268,0.001084,0.538752,0.841452,0.445283,0.601531,0.044893,-0.043837,0.011140,0.383637,0.922375,0.396674,0.136613,0.039305,-0.012337,0.030887,-0.465852,-0.884237,0.445759,0.286314,0.930169
651,5.425000,0.042579,0.002430,0.538946,0.841260,0.445468,0.601487,0.044913,-0.043855,0.011285,0.383360,0.922488,0.396654,0.136636,0.039335,-0.007946,0.029155,-0.465032,-0.884778,0.445559,0.287455,0.929266
652,5.433333,0.043555,0.003297,0.538986,0.841182,0.445579,0.601447,0.044893,-0.043841,0.011636,0.383128,0.922581,0.396624,0.136668,0.039390,-0.011769,0.028851,-0.463768,-0.885409,0.445566,0.288576,0.929839
653,5.441667,0.044158,0.003838,0.539035,0.841116,0.445619,0.601443,0.044869,-0.043863,0.011965,0.382856,0.922689,0.396611,0.136706,0.039447,-0.007913,0.024034,-0.462770,-0.886117,0.445422,0.289545,0.927959
654,5.450000,0.044309,0.003952,0.538968,0.841151,0.445625,0.601448,0.044846,-0.043855,0.012465,0.382621,0.922780,0.396615,0.136730,0.039533,-0.004337,0.014206,-0.461089,-0.887230,0.445260,0.290311,0.926830
655,5.458333,0.044154,0.003996,0.538919,0.841190,0.445599,0.601494,0.044853,-0.043844,0.012911,0.382424,0.922856,0.396606,0.136765,0.039610,-0.003037,0.012623,-0.459678,-0.887991,0.445102,0.291295,0.926851
656,5.466667,0.043251,0.003317,0.538684,0.841390,0.445632,0.601489,0.044933,-0.043712,0.013413,0.382211,0.922943,0.396604,0.136794,0.039686,-0.003191,0.016841,-0.458560,-0.888498,0.445129,0.292530,0.927048
657,5.475000,0.043418,0.003651,0.538863,0.841266,0.445513,0.601570,0.044877,-0.043550,0.013960,0.382063,0.923004,0.396622,0.136805,0.039763,-0.004577,0.018620,-0.457328,-0.889091,0.444859,0.293730,0.927678
658,5.483333,0.043052,0.003408,0.538924,0.841247,0.445446,0.601611,0.044878,-0.043417,0.014429,0.381947,0.923051,0.396644,0.136819,0.039838,-0.002052,0.019671,-0.456326,-0.889593,0.444424,0.295008,0.928355
659,5.491667,0.042760,0.003015,0.538922,0.841264,0.445389,0.601632,0.044876,-0.043340,0.014915,0.381899,0.923067,0.396669,0.136812,0.039909,-0.004642,0.019183,-0.455359,-0.890089,0.444092,0.296221,0.928662
660,5.500000,0.042357,0.002327,0.538945,0.841272,0.445351,0.601738,0.045035,-0.043200,0.015370,0.381851,0.923086,0.396694,0.136812,0.039970,-0.008563,0.016561,-0.453924,-0.890845,0.443756,0.297248,0.928654
661,5.508333,0.042256,0.001843,0.538961,0.841268,0.445317,0.601753,0.045055,-0.043089,0.015673,0.381665,0.923163,0.396674,0.136817,0.040024,-0.016591,0.015022,-0.451917,-0.891779,0.443787,0.298207,0.929887
662,5.516667,0.042129,0.001410,0.538997,0.841252,0.445271,0.601765,0.045048,-0.043011,0.015970,0.381502,0.923229,0.396657,0.136821,0.040073,-0.017755,0.012417,-0.449199,-0.893169,0.443798,0.299746,0.932523
663,5.525000,0.040890,0.000885,0.539047,0.841282,0.445330,0.601690,0.045082,-0.043105,0.016190,0.381409,0.923259,0.396651,0.136821,0.040121,-0.011992,0.016285,-0.450388,-0.892604,0.442946,0.300372,0.930115
664,5.533333,0.040453,0.000572,0.539144,0.841241,0.445327,0.601651,0.045050,-0.043091,0.016447,0.381204,0.923340,0.396606,0.136805,0.040155,-0.009646,0.017983,-0.449165,-0.893216,0.442535,0.301609,0.930560
665,5.541667,0.040764,0.000539,0.539218,0.841179,0.445295,0.601633,0.044987,-0.043044,0.016678,0.381071,0.923393,0.396564,0.136785,0.040191,-0.010564,0.017183,-0.448201,-0.893705,0.442221,0.302718,0.930781
666,5.550000,0.040907,0.000398,0.539238,0.841159,0.445263,0.601618,0.044977,-0.042957,0.016966,0.381074,0.923390,0.396536,0.136753,0.040222,-0.013514,0.013540,-0.445550,-0.895052,0.442479,0.304432,0.932568
667,5.558333,0.041134,0.000329,0.539227,0.841155,0.445264,0.601601,0.044940,-0.043082,0.017053,0.381060,0.923388,0.396506,0.136718,0.040254,-0.010420,0.013614,-0.446250,-0.894744,0.441551,0.305193,0.930820
668,5.566667,0.041261,0.000228,0.539215,0.841157,0.445279,0.601580,0.044915,-0.043371,0.017134,0.381081,0.923365,0.396481,0.136667,0.040287,-0.010341,0.013738,-0.445596,-0.895069,0.441169,0.306516,0.930861
669,5.575000,0.041349,0.000149,0.539191,0.841168,0.445287,0.601560,0.044904,-0.043557,0.017192,0.381226,0.923295,0.396466,0.136618,0.040321,-0.010913,0.012450,-0.444868,-0.895443,0.440802,0.307851,0.931028
670,5.583333,0.041516,0.000045,0.539149,0.841186,0.445296,0.601544,0.044885,-0.044015,0.017106,0.381365,0.923217,0.396436,0.136560,0.040358,-0.015735,0.011041,-0.442534,-0.896546,0.441097,0.309810,0.933183
671,5.591667,0.041506,-0.000129,0.539097,0.841221,0.445308,0.601530,0.044881,-0.044269,0.017074,0.381524,0.923141,0.396390,0.136486,0.040382,-0.016656,0.009688,-0.441550,-0.897030,0.440858,0.311085,0.932941
672,5.600000,0.041392,-0.000381,0.539036,0.841265,0.445306,0.601520,0.044900,-0.044697,0.016959,0.381664,0.923064,0.396353,0.136401,0.040404,-0.011009,0.012101,-0.443294,-0.896227,0.439824,0.312083,0.931951
673,5.608333,0.041549,-0.000320,0.539000,0.841281,0.445304,0.601511,0.044854,-0.045046,0.016869,0.381794,0.922995,0.396309,0.136315,0.040425,-0.016824,0.009170,-0.440785,-0.897408,0.440263,0.313851,0.932713
674,5.616667,0.041420,-0.000329,0.539154,0.841188,0.445231,0.601514,0.044669,-0.045424,0.016808,0.381958,0.922909,0.396271,0.136230,0.040453,-0.015731,0.008792,-0.440474,-0.897585,0.439836,0.315221,0.932858
675,5.625000,0.040526,-0.000340,0.539192,0.841207,0.445225,0.601572,0.044750,-0.045817,0.016644,0.382181,0.922801,0.396282,0.136144,0.040472,-0.016940,0.008497,-0.440100,-0.897749,0.439512,0.316683,0.932928
676,5.633333,0.040038,-0.000135,0.539207,0.841221,0.445272,0.601639,0.044881,-0.046076,0.016499,0.382325,0.922731,0.396248,0.136074,0.040509,-0.014240,0.006035,-0.439972,-0.897878,0.439118,0.317889,0.932295
677,5.641667,0.040078,-0.000242,0.539124,0.841273,0.445301,0.601640,0.044887,-0.046540,0.016635,0.382349,0.922695,0.396201,0.135981,0.040568,-0.016725,0.005338,-0.439175,-0.898230,0.438826,0.319436,0.932687
678,5.650000,0.039446,-0.001198,0.539432,0.841104,0.445138,0.601610,0.044943,-0.047049,0.016734,0.382451,0.922626,0.396165,0.135903,0.040630,-0.017200,0.006668,-0.439168,-0.898216,0.438421,0.321072,0.932862
679,5.658333,0.038196,-0.002425,0.539731,0.840967,0.444997,0.601651,0.045055,-0.047587,0.017056,0.382532,0.922558,0.396125,0.135812,0.040709,-0.017279,0.005958,-0.438798,-0.898400,0.438110,0.322523,0.932860
680,5.666667,0.038435,-0.002336,0.538693,0.841622,0.445357,0.601583,0.045111,-0.048207,0.017316,0.382611,0.922489,0.396086,0.135736,0.040811,-0.017273,0.005493,-0.438513,-0.898542,0.437865,0.324101,0.932695
681,5.675000,0.036221,-0.004968,0.538287,0.841968,0.445401,0.601564,0.045456,-0.048812,0.017629,0.382694,0.922416,0.396058,0.135678,0.040928,-0.018351,0.005370,-0.438310,-0.898621,0.437526,0.325775,0.932788
682,5.683333,0.032771,-0.008233,0.537881,0.842344,0.445355,0.601589,0.045845,-0.049394,0.017902,0.382782,0.922344,0.396033,0.135628,0.041057,-0.016536,0.005844,-0.438660,-0.898482,0.437171,0.327361,0.932701
683,5.691667,0.029410,-0.011626,0.537447,0.842704,0.445321,0.601624,0.046255,-0.050164,0.018103,0.383120,0.922158,0.396059,0.135581,0.041246,-0.016579,0.007433,-0.438349,-0.898621,0.436919,0.329037,0.933049
684,5.700000,0.028740,-0.013020,0.538765,0.841865,0.444636,0.601794,0.046264,-0.050977,0.018456,0.383489,0.921953,0.396116,0.135516,0.041395,-0.015612,0.004228,-0.438131,-0.898766,0.436682,0.330705,0.932075
685,5.708333,0.026957,-0.015703,0.539133,0.841643,0.444395,0.601847,0.046597,-0.052719,0.019143,0.384017,0.921621,0.396191,0.135448,0.041632,-0.017245,0.005085,-0.437737,-0.898923,0.436484,0.332598,0.932466
686,5.716667,0.025489,-0.019122,0.538849,0.841799,0.444334,0.601829,0.046932,-0.055418,0.020363,0.385187,0.920948,0.396372,0.135384,0.042040,-0.015065,0.004889,-0.438199,-0.898739,0.436186,0.334557,0.932173
687,5.725000,0.024655,-0.021345,0.538662,0.841891,0.444306,0.601821,0.047132,-0.056097,0.021347,0.385211,0.920874,0.396371,0.135374,0.042229,-0.016517,0.004797,-0.437585,-0.899012,0.436122,0.336566,0.932264
688,5.733333,0.024289,-0.022785,0.538417,0.842020,0.444322,0.601795,0.047282,-0.057093,0.022157,0.385108,0.920837,0.396333,0.135356,0.042466,-0.016776,0.003897,-0.437358,-0.899123,0.435966,0.338481,0.932041
689,5.741667,0.024459,-0.023525,0.538390,0.842012,0.444320,0.601747,0.047383,-0.057739,0.023193,0.385006,0.920814,0.396321,0.135364,0.042681,-0.016913,0.001996,-0.436864,-0.899366,0.435925,0.340704,0.932050
690,5.750000,0.025394,-0.024452,0.538472,0.841906,0.444334,0.601664,0.047628,-0.058280,0.024512,0.384779,0.920841,0.396308,0.135389,0.042917,-0.016309,0.002447,-0.437078,-0.899273,0.435812,0.342923,0.931998
691,5.758333,0.024457,-0.026756,0.538188,0.842045,0.444300,0.601644,0.047774,-0.058844,0.026074,0.384520,0.920870,0.396302,0.135434,0.043183,-0.018393,0.001196,-0.436408,-0.899560,0.435847,0.345293,0.932277
692,5.766667,0.025170,-0.025766,0.537882,0.842250,0.444379,0.601620,0.047498,-0.059596,0.027794,0.384518,0.920772,0.396354,0.135482,0.043484,-0.017793,0.000101,-0.436257,-0.899646,0.435845,0.347653,0.932037
693,5.775000,0.024609,-0.026517,0.538003,0.842166,0.444254,0.601647,0.047499,-0.060248,0.029439,0.384138,0.920838,0.396348,0.135533,0.043803,-0.016471,-0.000444,-0.436855,-0.899381,0.435611,0.349818,0.931822
694,5.783333,0.024756,-0.027377,0.538246,0.841979,0.444112,0.601704,0.047581,-0.060785,0.031433,0.383795,0.920879,0.396365,0.135602,0.044131,-0.018731,0.004107,-0.437719,-0.898908,0.435072,0.351749,0.931830
695,5.791667,0.023522,-0.030286,0.538899,0.841497,0.443835,0.601775,0.047828,-0.061478,0.033621,0.383401,0.920920,0.396394,0.135686,0.044492,-0.019508,0.003089,-0.437699,-0.898905,0.435115,0.354203,0.932088
696,5.800000,0.022349,-0.033238,0.539269,0.841181,0.443576,0.601821,0.047978,-0.062055,0.036268,0.383015,0.920941,0.396436,0.135801,0.044896,-0.018860,-0.000215,-0.437849,-0.898851,0.435371,0.356951,0.932349
697,5.808333,0.021074,-0.034227,0.539686,0.840907,0.443439,0.601862,0.047912,-0.062427,0.039083,0.382749,0.920912,0.396515,0.135921,0.045276,-0.019928,0.000453,-0.438039,-0.898735,0.435344,0.359665,0.932626
698,5.816667,0.020234,-0.034881,0.539829,0.840808,0.443357,0.601936,0.047914,-0.059668,0.040176,0.380287,0.922067,0.396174,0.136176,0.045301,-0.016639,-0.002647,-0.438106,-0.898766,0.435475,0.362564,0.932276
699,5.825000,0.019696,-0.035398,0.540094,0.840629,0.443346,0.601988,0.047917,-0.060553,0.043449,0.380061,0.921954,0.396255,0.136328,0.045825,-0.011579,-0.006953,-0.438460,-0.898649,0.435454,0.365401,0.932115
700,5.833333,0.018973,-0.036072,0.540229,0.840530,0.443292,0.602076,0.047959,-0.061834,0.047045,0.380060,0.921693,0.396426,0.136461,0.046441,-0.013083,-0.000571,-0.438905,-0.898438,0.435522,0.368221,0.932121
701,5.841667,0.018088,-0.036864,0.540412,0.840398,0.443208,0.602185,0.047976,-0.062905,0.051016,0.380268,0.921323,0.396668,0.136611,0.047051,-0.015475,0.002280,-0.439871,-0.897925,0.435393,0.371102,0.932729
702,5.850000,0.017385,-0.037549,0.540444,0.840362,0.443145,0.602260,0.047988,-0.064555,0.054937,0.380436,0.920914,0.396931,0.136797,0.047759,-0.014922,0.000999,-0.440359,-0.897698,0.435597,0.374130,0.932767
703,5.858333,0.016686,-0.037901,0.540334,0.840431,0.443110,0.602294,0.047957,-0.066569,0.059605,0.380631,0.920400,0.397181,0.136999,0.048484,-0.016404,0.002795,-0.441397,-0.897158,0.435519,0.377185,0.933493
704,5.866667,0.016212,-0.037994,0.540225,0.840506,0.443079,0.602337,0.047903,-0.068331,0.064700,0.380902,0.919814,0.397471,0.137214,0.049276,-0.014898,-0.004228,-0.441732,-0.897013,0.435885,0.380457,0.933752
705,5.875000,0.015704,-0.038215,0.540115,0.840577,0.443051,0.602376,0.047839,-0.070917,0.069833,0.381318,0.919070,0.397818,0.137447,0.050137,-0.020279,0.005966,-0.442895,-0.896324,0.436184,0.384623,0.935941
706,5.883333,0.015387,-0.038773,0.539999,0.840631,0.443007,0.602432,0.047804,-0.071131,0.078352,0.381024,0.918489,0.398256,0.137865,0.051196,-0.018662,0.007626,-0.444558,-0.895523,0.436242,0.387678,0.936221
707,5.891667,0.014786,-0.039012,0.539879,0.840708,0.442960,0.602488,0.047775,-0.072363,0.085441,0.381420,0.917596,0.398670,0.138170,0.052275,-0.022422,0.002100,-0.443817,-0.895835,0.436908,0.390838,0.936276
708,5.900000,0.014134,-0.039101,0.539790,0.840772,0.442887,0.602547,0.047757,-0.074833,0.092512,0.381790,0.916558,0.399125,0.138554,0.053394,-0.020724,0.003389,-0.445633,-0.894969,0.436937,0.394140,0.936398
709,5.908333,0.013533,-0.039553,0.539689,0.840826,0.442806,0.602592,0.047678,-0.077846,0.100136,0.382001,0.915417,0.399673,0.139034,0.054609,-0.022640,0.005450,-0.447035,-0.894213,0.437236,0.397754,0.937742
710,5.916667,0.013062,-0.039432,0.539525,0.840944,0.442738,0.602644,0.047648,-0.080925,0.108009,0.382183,0.914178,0.400274,0.139589,0.055856,-0.020289,0.004795,-0.448301,-0.893639,0.437407,0.401022,0.938061
711,5.925000,0.012798,-0.039402,0.539121,0.841209,0.442760,0.602668,0.047650,-0.084615,0.116205,0.382458,0.912723,0.400873,0.140235,0.057301,-0.020112,0.005127,-0.449790,-0.892893,0.437715,0.404473,0.938763
712,5.933333,0.012679,-0.039366,0.538359,0.841700,0.442865,0.602634,0.047597,-0.088134,0.125955,0.382708,0.910990,0.401577,0.140910,0.058818,-0.017570,0.004252,-0.451392,-0.892142,0.437939,0.407539,0.938731
713,5.941667,0.012192,-0.039221,0.538465,0.841646,0.442691,0.602648,0.047644,-0.093072,0.136382,0.382862,0.908930,0.402340,0.141683,0.060424,-0.016434,0.005353,-0.453465,-0.891106,0.438021,0.410808,0.939348
714,5.950000,0.010326,-0.039093,0.538671,0.841545,0.442414,0.602632,0.047529,-0.098523,0.146879,0.382960,0.906676,0.403161,0.142586,0.062122,-0.018915,0.007029,-0.455257,-0.890131,0.438286,0.414078,0.939871
715,5.958333,0.009865,-0.038445,0.538041,0.841984,0.442468,0.602619,0.047435,-0.103124,0.159522,0.382253,0.904323,0.404072,0.143760,0.064057,-0.018533,0.008889,-0.457099,-0.889178,0.438559,0.417505,0.940716
716,5.966667,0.010252,-0.035873,0.537926,0.842166,0.442460,0.602543,0.047108,-0.109647,0.171743,0.382015,0.901414,0.405113,0.144998,0.066073,-0.017183,0.009967,-0.459240,-0.888090,0.438937,0.421354,0.942244
717,5.975000,0.009520,-0.035669,0.537861,0.842225,0.442349,0.602548,0.047093,-0.117238,0.185180,0.381251,0.898116,0.406243,0.146374,0.068294,-0.017942,0.010751,-0.460701,-0.887309,0.439280,0.424670,0.943120
718,5.983333,0.009250,-0.035813,0.537584,0.842399,0.442289,0.602525,0.047024,-0.123756,0.199366,0.381060,0.894277,0.407512,0.148012,0.070597,-0.017369,0.010394,-0.462119,-0.886587,0.439599,0.427927,0.943734
719,5.991667,0.009067,-0.035445,0.537456,0.842498,0.442249,0.602507,0.046944,-0.132034,0.214277,0.380182,0.890008,0.408840,0.149807,0.073140,-0.017872,0.011001,-0.463528,-0.885834,0.439837,0.431077,0.944491
720,6.000000,0.008959,-0.034568,0.537418,0.842559,0.442244,0.602476,0.046833,-0.141359,0.230885,0.378194,0.885256,0.410213,0.151766,0.075788,-0.017455,0.011871,-0.465066,-0.885025,0.440023,0.434351,0.945441
721,6.008333,0.009101,-0.033545,0.537188,0.842746,0.442293,0.602454,0.046672,-0.150000,0.248909,0.375824,0.879943,0.411751,0.153902,0.078813,-0.017558,0.010797,-0.465922,-0.884586,0.440386,0.437362,0.945836
722,6.016667,0.009623,-0.031930,0.536999,0.842923,0.442385,0.602422,0.046456,-0.159639,0.265785,0.373576,0.874251,0.413374,0.156387,0.082264,-0.019077,0.010758,-0.467421,-0.883763,0.440301,0.440581,0.946964
723,6.025000,0.010295,-0.030364,0.536681,0.843176,0.442540,0.602381,0.046235,-0.167570,0.282374,0.371463,0.868447,0.415270,0.159281,0.086031,-0.018213,0.011743,-0.468569,-0.883161,0.440284,0.443634,0.947856
724,6.033333,0.012296,-0.028089,0.536353,0.843437,0.442723,0.602277,0.046148,-0.176098,0.299420,0.369252,0.861969,0.417408,0.162421,0.090265,-0.019204,0.012771,-0.469375,-0.882698,0.440420,0.446443,0.947965
725,6.041667,0.012908,-0.027696,0.536147,0.843571,0.442902,0.602246,0.045959,-0.186571,0.315339,0.366790,0.855112,0.419626,0.165754,0.094920,-0.019058,0.015673,-0.470517,-0.882046,0.440267,0.449473,0.949000
726,6.050000,0.013856,-0.027125,0.536123,0.843590,0.443060,0.602233,0.045768,-0.196221,0.331487,0.364195,0.847924,0.422150,0.169430,0.099982,-0.018225,0.016504,-0.471142,-0.881715,0.440238,0.452203,0.949439
727,6.058333,0.015212,-0.025865,0.536092,0.843626,0.443228,0.602206,0.045557,-0.206436,0.347681,0.362246,0.839809,0.424820,0.173581,0.104972,-0.017670,0.017682,-0.471870,-0.881314,0.440152,0.454901,0.949776
728,6.066667,0.016567,-0.024725,0.535860,0.843782,0.443450,0.602159,0.045371,-0.217230,0.363347,0.359321,0.831672,0.427728,0.178148,0.110195,-0.017032,0.017129,-0.471871,-0.881337,0.440213,0.457576,0.950061
729,6.075000,0.017295,-0.023789,0.535420,0.844073,0.443698,0.602139,0.045167,-0.223283,0.379198,0.355945,0.824413,0.431182,0.183322,0.115730,-0.016356,0.020981,-0.472567,-0.880893,0.440081,0.460240,0.950668
730,6.083333,0.018358,-0.023220,0.535141,0.844244,0.443917,0.602119,0.044923,-0.231416,0.393003,0.351672,0.817510,0.434613,0.188911,0.121256,-0.016526,0.020162,-0.472141,-0.881138,0.440279,0.462404,0.950381
731,6.091667,0.020174,-0.021419,0.535225,0.844197,0.444106,0.602081,0.044715,-0.235227,0.404920,0.347149,0.812524,0.438487,0.195086,0.126806,-0.016511,0.021591,-0.472042,-0.881157,0.440397,0.464765,0.950600
732,6.100000,0.021320,-0.019812,0.535270,0.844180,0.444240,0.602053,0.044550,-0.241505,0.415353,0.341816,0.807663,0.443124,0.202161,0.133235,-0.012225,0.014712,-0.471250,-0.881792,0.441278,0.467060,0.949858
733,6.108333,0.023716,-0.017947,0.535496,0.844014,0.444362,0.601989,0.044439,-0.246600,0.425842,0.333231,0.804242,0.447717,0.209663,0.139163,-0.012404,0.015946,-0.471478,-0.881646,0.441512,0.469401,0.950183
734,6.116667,0.025351,-0.016736,0.535551,0.843957,0.444486,0.601951,0.044286,-0.249438,0.436689,0.324520,0.801106,0.452632,0.217877,0.145123,-0.013074,0.018993,-0.471844,-0.881381,0.441496,0.471513,0.950629
735,6.125000,0.026578,-0.016328,0.535587,0.843904,0.444583,0.601935,0.044190,-0.254827,0.436425,0.321094,0.800934,0.457802,0.226648,0.150641,-0.012282,0.021857,-0.471856,-0.881319,0.441541,0.473693,0.950992
736,6.133333,0.027822,-0.015465,0.535784,0.843755,0.444675,0.601925,0.044055,-0.262796,0.424577,0.322734,0.804062,0.462717,0.235570,0.155852,-0.012026,0.025198,-0.472277,-0.881008,0.441582,0.475696,0.951507
737,6.141667,0.029260,-0.014999,0.535996,0.843580,0.444818,0.601928,0.043930,-0.266372,0.418252,0.322335,0.806357,0.468863,0.245472,0.162062,-0.011928,0.027930,-0.472718,-0.880690,0.441670,0.477669,0.951930
738,6.150000,0.030382,-0.013927,0.536262,0.843389,0.444947,0.601923,0.043840,-0.270939,0.409680,0.318471,0.810759,0.474317,0.255168,0.167697,-0.011688,0.030503,-0.472851,-0.880537,0.441801,0.479544,0.952386
739,6.158333,0.031471,-0.013406,0.536108,0.843456,0.445073,0.601881,0.043791,-0.265597,0.401601,0.314213,0.818197,0.480447,0.265539,0.174032,-0.011966,0.033505,-0.473031,-0.880327,0.441829,0.481531,0.952810
740,6.166667,0.032192,-0.012512,0.536186,0.843393,0.445177,0.601857,0.043744,-0.266530,0.393271,0.311453,0.822980,0.486569,0.275975,0.180042,-0.011737,0.036564,-0.473482,-0.879966,0.441723,0.483375,0.953270
741,6.175000,0.031452,-0.013169,0.536242,0.843375,0.445232,0.601925,0.043897,-0.268235,0.385447,0.309748,0.826763,0.492544,0.286571,0.185628,-0.011589,0.039595,-0.473553,-0.879798,0.441710,0.485314,0.953713
742,6.183333,0.031688,-0.013112,0.536298,0.843332,0.445305,0.601928,0.043975,-0.269809,0.379766,0.307626,0.829667,0.498443,0.297251,0.191123,-0.011449,0.042049,-0.473757,-0.879577,0.441909,0.487036,0.954240
743,6.191667,0.032031,-0.013266,0.536326,0.843299,0.445320,0.601924,0.044029,-0.267911,0.374947,0.305584,0.833221,0.504399,0.308313,0.196628,-0.011665,0.044843,-0.474167,-0.879215,0.441941,0.488855,0.954764
744,6.200000,0.032465,-0.013423,0.536631,0.843085,0.445418,0.601943,0.043999,-0.266311,0.368655,0.305910,0.836416,0.510178,0.319416,0.201768,-0.011312,0.047406,-0.474316,-0.879004,0.442080,0.490649,0.955245
745,6.208333,0.032665,-0.013166,0.536740,0.843012,0.445419,0.601924,0.043965,-0.264992,0.362801,0.306384,0.839216,0.515954,0.330705,0.206925,-0.011181,0.050375,-0.474569,-0.878705,0.442119,0.492268,0.955823
746,6.216667,0.032785,-0.012917,0.536813,0.842965,0.445407,0.601910,0.043932,-0.262351,0.357998,0.307704,0.841622,0.521615,0.342055,0.211684,-0.011495,0.053535,-0.474635,-0.878478,0.442229,0.493934,0.956561
747,6.225000,0.033849,-0.012050,0.536749,0.842977,0.445441,0.601855,0.043831,-0.262731,0.352313,0.310046,0.843042,0.527155,0.353460,0.216431,-0.011058,0.055458,-0.474884,-0.878230,0.442290,0.495450,0.957085
748,6.233333,0.033397,-0.012360,0.536891,0.842900,0.445388,0.601884,0.043882,-0.264578,0.345647,0.313211,0.844053,0.532816,0.365043,0.221141,-0.010437,0.057484,-0.474982,-0.878054,0.442291,0.497093,0.957630
749,6.241667,0.033245,-0.011310,0.536663,0.843065,0.445323,0.601831,0.043856,-0.255323,0.342065,0.314400,0.847912,0.538330,0.376934,0.225952,-0.010045,0.059769,-0.475552,-0.877598,0.442471,0.498516,0.958271
750,6.250000,0.032612,-0.011068,0.536792,0.843011,0.445261,0.601827,0.043954,-0.261577,0.334617,0.319624,0.847024,0.543908,0.388620,0.230620,-0.009267,0.061810,-0.475991,-0.877226,0.442473,0.500150,0.958685
751,6.258333,0.032932,-0.009779,0.536959,0.842908,0.445259,0.601803,0.043863,-0.266403,0.326609,0.324726,0.846705,0.549462,0.400588,0.234942,-0.008196,0.064681,-0.476676,-0.876658,0.442522,0.501637,0.959138
752,6.266667,0.032733,-0.009270,0.536812,0.843016,0.445275,0.601770,0.043824,-0.264458,0.320043,0.329085,0.848138,0.554937,0.412948,0.239285,-0.007829,0.067311,-0.477168,-0.876196,0.442674,0.503221,0.959628
753,6.275000,0.031175,-0.008955,0.536443,0.843313,0.445197,0.601630,0.043909,-0.261079,0.316598,0.331309,0.849610,0.560256,0.424870,0.243361,-0.007395,0.069576,-0.477821,-0.875666,0.442713,0.504902,0.960044
754,6.283333,0.030786,-0.008876,0.536586,0.843237,0.445184,0.601636,0.043904,-0.257195,0.310182,0.335209,0.851630,0.565643,0.436996,0.247411,-0.007496,0.074198,-0.478328,-0.875009,0.442863,0.506559,0.960965
755,6.291667,0.031317,-0.008190,0.536760,0.843114,0.445207,0.601593,0.043831,-0.246860,0.306369,0.337858,0.855015,0.570896,0.449019,0.251376,-0.008127,0.078110,-0.478989,-0.874301,0.442978,0.508363,0.961449
756,6.300000,0.029426,-0.010683,0.536813,0.843120,0.445118,0.601686,0.043796,-0.239049,0.300992,0.340977,0.857901,0.576314,0.461191,0.255454,-0.008126,0.079516,-0.479838,-0.873708,0.443401,0.509855,0.961899
757,6.308333,0.031655,-0.009892,0.537290,0.842745,0.445213,0.601663,0.043648,-0.232817,0.294497,0.344788,0.860342,0.581811,0.473469,0.259551,-0.008168,0.081274,-0.480734,-0.873054,0.443714,0.511419,0.962190
758,6.316667,0.032062,-0.010093,0.537274,0.842738,0.445214,0.601702,0.043524,-0.223747,0.289457,0.346581,0.863732,0.587337,0.485684,0.263747,-0.007772,0.083183,-0.481678,-0.872357,0.443954,0.513007,0.962573
759,6.325000,0.033882,-0.010391,0.537213,0.842702,0.445294,0.601606,0.043371,-0.207215,0.290237,0.344987,0.868221,0.593154,0.497985,0.268539,-0.008148,0.085900,-0.482270,-0.871763,0.444306,0.514602,0.962973
760,6.333333,0.036298,-0.008801,0.537691,0.842315,0.445313,0.601435,0.043277,-0.205121,0.283016,0.346774,0.870388,0.598757,0.509521,0.272599,-0.006576,0.087113,-0.482920,-0.871296,0.444518,0.516349,0.962925
761,6.341667,0.037327,-0.008188,0.537703,0.842268,0.445424,0.601357,0.043277,-0.203167,0.276711,0.348058,0.872359,0.604297,0.521002,0.276650,-0.005085,0.088639,-0.483460,-0.870852,0.444873,0.518159,0.962905
762,6.350000,0.040642,-0.005149,0.538937,0.841349,0.445383,0.601378,0.043053,-0.201201,0.269583,0.348803,0.874745,0.609923,0.532334,0.280727,-0.005170,0.090563,-0.484165,-0.870262,0.445293,0.519745,0.963416
763,6.358333,0.041381,-0.004731,0.539127,0.841194,0.445380,0.601342,0.042952,-0.194852,0.263390,0.347510,0.878575,0.615309,0.543564,0.284787,-0.005030,0.093874,-0.484915,-0.869494,0.445521,0.521397,0.964041
764,6.366667,0.042258,-0.004430,0.539376,0.840992,0.445394,0.601295,0.042911,-0.191473,0.255147,0.349132,0.881104,0.620936,0.554495,0.288852,-0.004919,0.096670,-0.485721,-0.868738,0.445643,0.523237,0.964223
765,6.375000,0.042937,-0.002987,0.539305,0.841010,0.445486,0.601263,0.042705,-0.188145,0.247500,0.349598,0.883814,0.626316,0.565312,0.292762,-0.003917,0.097038,-0.486096,-0.868492,0.445946,0.524953,0.963986
766,6.383333,0.041789,-0.004930,0.539590,0.840876,0.445421,0.601346,0.042936,-0.183572,0.241937,0.349012,0.886543,0.631710,0.576101,0.296906,-0.004124,0.099364,-0.486053,-0.868253,0.446315,0.526211,0.964565
767,6.391667,0.041434,-0.005145,0.539729,0.840803,0.445394,0.601338,0.042944,-0.179162,0.234939,0.350080,0.888903,0.637044,0.586745,0.300873,-0.003927,0.106768,-0.486686,-0.867019,0.446547,0.527859,0.965741
768,6.400000,0.041162,-0.004853,0.539714,0.840828,0.445417,0.601384,0.042953,-0.175240,0.227006,0.350923,0.891410,0.642270,0.597066,0.304676,-0.004146,0.113015,-0.487567,-0.865730,0.446625,0.529539,0.966963
769,6.408333,0.041316,-0.004489,0.539841,0.840740,0.445433,0.601392,0.042979,-0.172761,0.220466,0.351041,0.893487,0.647405,0.607302,0.308493,-0.000922,0.106807,-0.488329,-0.866098,0.447045,0.531409,0.965139
770,6.416667,0.041185,-0.004016,0.539806,0.840772,0.445441,0.601386,0.042957,-0.169265,0.214326,0.351281,0.895553,0.652473,0.617251,0.312198,-0.001277,0.110232,-0.489127,-0.865218,0.447328,0.532964,0.965792
771,6.425000,0.041030,-0.003891,0.539660,0.840874,0.445488,0.601400,0.042963,-0.165967,0.207470,0.351700,0.897618,0.657447,0.627093,0.315718,-0.002582,0.113200,-0.489638,-0.864542,0.447669,0.534568,0.966408
772,6.433333,0.040866,-0.003575,0.539704,0.840855,0.445504,0.601414,0.042939,-0.164126,0.201800,0.352196,0.899053,0.662319,0.636786,0.319141,-0.003757,0.115416,-0.490476,-0.863770,0.447984,0.536114,0.967114
773,6.441667,0.040815,-0.003480,0.539745,0.840831,0.445521,0.601421,0.042917,-0.161327,0.196151,0.352390,0.900733,0.667121,0.646493,0.322378,-0.004134,0.118846,-0.491153,-0.862918,0.448282,0.537714,0.967715
774,6.450000,0.040783,-0.003117,0.539860,0.840760,0.445545,0.601422,0.042934,-0.159110,0.189237,0.353213,0.902283,0.671730,0.655890,0.325378,-0.005118,0.123956,-0.492063,-0.861674,0.448564,0.539394,0.968693
775,6.458333,0.040875,-0.002999,0.539868,0.840751,0.445597,0.601424,0.042949,-0.155626,0.183312,0.353783,0.903889,0.676337,0.665223,0.328219,-0.005325,0.125204,-0.492821,-0.861059,0.449101,0.541248,0.968592
776,6.466667,0.040863,-0.002788,0.539924,0.840717,0.445615,0.601419,0.042926,-0.152965,0.177538,0.355639,0.904767,0.680811,0.674536,0.330788,-0.005900,0.130284,-0.493761,-0.859763,0.449422,0.543153,0.969276
777,6.475000,0.040843,-0.002765,0.539934,0.840711,0.445656,0.601412,0.042930,-0.148968,0.172573,0.357109,0.905815,0.685330,0.683743,0.333168,-0.005176,0.129963,-0.494941,-0.859137,0.449943,0.545240,0.968648
778,6.483333,0.040965,-0.002391,0.540028,0.840646,0.445665,0.601405,0.042908,-0.145317,0.167180,0.359400,0.906513,0.689617,0.692928,0.335258,-0.005289,0.138138,-0.495919,-0.857295,0.449928,0.547078,0.970174
779,6.491667,0.040761,-0.002313,0.540057,0.840637,0.445684,0.601397,0.042918,-0.142182,0.161825,0.362525,0.906737,0.693872,0.702090,0.337115,-0.004945,0.143289,-0.496852,-0.855910,0.450055,0.549007,0.970880
780,6.500000,0.040611,-0.002332,0.540100,0.840617,0.445688,0.601402,0.042909,-0.137852,0.157751,0.364902,0.907170,0.698141,0.711120,0.338742,-0.009186,0.149477,-0.497437,-0.854476,0.450335,0.550401,0.972305
781,6.508333,0.040530,-0.002212,0.540181,0.840569,0.445681,0.601409,0.042892,-0.133740,0.152974,0.367126,0.907706,0.702302,0.719923,0.340138,-0.008969,0.150367,-0.498196,-0.853880,0.450883,0.552237,0.972307
782,6.516667,0.040550,-0.001643,0.540520,0.840352,0.445583,0.601493,0.042795,-0.128304,0.147407,0.368911,0.908688,0.706333,0.728651,0.341255,-0.009893,0.147610,-0.498784,-0.854007,0.451792,0.553992,0.971571
783,6.525000,0.040382,-0.001599,0.540540,0.840347,0.445575,0.601492,0.042788,-0.124082,0.142130,0.370235,0.909576,0.710442,0.737131,0.342189,-0.009256,0.144311,-0.499294,-0.854280,0.452504,0.555640,0.970721
784,6.533333,0.040091,-0.001479,0.540601,0.840322,0.445565,0.601502,0.042793,-0.120690,0.136864,0.373244,0.909610,0.714521,0.745560,0.342809,-0.009053,0.143786,-0.499490,-0.854256,0.453292,0.557099,0.970641
785,6.541667,0.039644,-0.001849,0.540359,0.840498,0.445647,0.601452,0.042849,-0.118902,0.132665,0.375752,0.909436,0.718663,0.753799,0.343244,-0.009120,0.144874,-0.499911,-0.853825,0.453930,0.558581,0.970975
786,6.550000,0.039244,-0.002091,0.540205,0.840615,0.445700,0.601428,0.042885,-0.117036,0.129074,0.378260,0.909154,0.722697,0.761892,0.343390,-0.009160,0.147551,-0.500262,-0.853160,0.454668,0.560546,0.971341
787,6.558333,0.039164,-0.001445,0.540593,0.840371,0.445572,0.601549,0.042806,-0.113983,0.125418,0.381078,0.908877,0.726650,0.769856,0.343296,-0.008843,0.148347,-0.500858,-0.852676,0.455256,0.562290,0.971437
788,6.566667,0.038950,-0.001352,0.540613,0.840368,0.445568,0.601573,0.042792,-0.110927,0.122267,0.384264,0.908343,0.730584,0.777622,0.342940,-0.009042,0.153352,-0.501399,-0.851470,0.455683,0.564103,0.972412
789,6.575000,0.038717,-0.001225,0.540619,0.840375,0.445582,0.601588,0.042805,-0.108494,0.118761,0.387250,0.907834,0.734298,0.785328,0.342036,-0.009343,0.156344,-0.502171,-0.850467,0.456135,0.565595,0.973040
790,6.583333,0.038536,-0.001327,0.540335,0.840566,0.445681,0.601519,0.042813,-0.103694,0.117296,0.390605,0.907148,0.738041,0.792804,0.341021,-0.012467,0.162839,-0.502207,-0.849186,0.456478,0.567634,0.974634
791,6.591667,0.038411,-0.000941,0.540585,0.840412,0.445599,0.601609,0.042749,-0.101271,0.115697,0.394132,0.906101,0.741812,0.800261,0.339662,-0.014287,0.165475,-0.501289,-0.849190,0.457603,0.569846,0.975231
792,6.600000,0.038127,-0.000979,0.540603,0.840413,0.445609,0.601627,0.042771,-0.099542,0.114392,0.397756,0.904874,0.745603,0.807495,0.338015,-0.013495,0.163920,-0.501987,-0.849092,0.458331,0.571777,0.974676
793,6.608333,0.037843,-0.000870,0.540638,0.840404,0.445607,0.601666,0.042781,-0.099883,0.113082,0.400888,0.903618,0.749284,0.814678,0.335885,-0.012003,0.155163,-0.503052,-0.850129,0.459581,0.573627,0.972601
794,6.616667,0.037613,-0.000804,0.540611,0.840431,0.445624,0.601676,0.042776,-0.098387,0.111886,0.404432,0.902350,0.752751,0.821492,0.333393,-0.012950,0.153762,-0.503567,-0.850064,0.460345,0.575353,0.972175
795,6.625000,0.037289,-0.000932,0.540359,0.840608,0.445715,0.601619,0.042826,-0.097943,0.110933,0.408024,0.900898,0.756359,0.828186,0.330758,-0.013593,0.153486,-0.504581,-0.849503,0.460908,0.577373,0.971817
796,6.633333,0.037111,-0.000559,0.540594,0.840464,0.445640,0.601710,0.042767,-0.098986,0.109518,0.411223,0.899502,0.759755,0.834654,0.327589,-0.014578,0.155259,-0.505466,-0.848638,0.461588,0.579469,0.971967
797,6.641667,0.036883,-0.000362,0.540591,0.840477,0.445649,0.601740,0.042759,-0.100066,0.108396,0.414889,0.897833,0.763209,0.841067,0.324274,-0.014189,0.153594,-0.506617,-0.848261,0.462033,0.581264,0.971342
798,6.650000,0.036451,-0.000530,0.540412,0.840610,0.445748,0.601690,0.042804,-0.093832,0.109988,0.417222,0.897232,0.766638,0.847504,0.320939,-0.013441,0.154744,-0.507534,-0.847516,0.462571,0.583233,0.971006
799,6.658333,0.036439,-0.000152,0.540614,0.840481,0.445668,0.601779,0.042751,-0.093209,0.110658,0.420244,0.895802,0.769933,0.853753,0.317114,-0.014261,0.158609,-0.508049,-0.846479,0.463078,0.584980,0.971634
800,6.666667,0.036184,-0.000133,0.540457,0.840594,0.445753,0.601731,0.042786,-0.091669,0.109298,0.423386,0.894648,0.773152,0.859644,0.312963,-0.016418,0.164054,-0.508114,-0.845362,0.463744,0.586576,0.972807
801,6.675000,0.035877,-0.000284,0.540291,0.840713,0.445829,0.601692,0.042822,-0.091474,0.109187,0.426987,0.892969,0.776539,0.865446,0.308764,-0.019441,0.169019,-0.508468,-0.844106,0.464167,0.588122,0.973653
802,6.683333,0.035923,0.000366,0.540662,0.840472,0.445687,0.601821,0.042734,-0.088097,0.110485,0.428844,0.892258,0.779920,0.871376,0.304410,-0.023455,0.176780,-0.509151,-0.842000,0.464263,0.589749,0.975595
803,6.691667,0.035658,0.000589,0.540683,0.840470,0.445695,0.601848,0.042739,-0.084958,0.111888,0.430780,0.891455,0.783339,0.877042,0.299925,-0.030641,0.182168,-0.510051,-0.840074,0.464510,0.591536,0.976514
804,6.700000,0.035551,0.000773,0.540683,0.840475,0.445711,0.601860,0.042735,-0.081933,0.112615,0.432204,0.890957,0.786734,0.882602,0.295146,-0.027825,0.177165,-0.510180,-0.841163,0.465993,0.593158,0.975241
805,6.708333,0.035414,0.000994,0.540707,0.840465,0.445737,0.601882,0.042729,-0.078525,0.113814,0.433274,0.890592,0.790170,0.888016,0.290182,-0.027165,0.180842,-0.510711,-0.840079,0.466313,0.594968,0.976009
806,6.716667,0.035449,0.001141,0.540630,0.840512,0.445762,0.601906,0.042708,-0.076022,0.114451,0.434098,0.890326,0.793605,0.893337,0.285115,-0.026507,0.179159,-0.511032,-0.840265,0.467351,0.596777,0.975307
807,6.725000,0.035624,0.001482,0.540630,0.840504,0.445803,0.601924,0.042701,-0.072330,0.114815,0.434615,0.890335,0.797067,0.898449,0.279857,-0.027254,0.177662,-0.510990,-0.840585,0.468433,0.598539,0.974393
808,6.733333,0.035849,0.001911,0.540578,0.840528,0.445856,0.601911,0.042699,-0.066875,0.116329,0.434036,0.890847,0.800579,0.903532,0.274599,-0.026859,0.176997,-0.511375,-0.840503,0.469116,0.600268,0.974182
809,6.741667,0.036064,0.002281,0.540545,0.840538,0.445895,0.601908,0.042695,-0.061883,0.116958,0.433570,0.891352,0.803939,0.908345,0.269085,-0.027084,0.173955,-0.511113,-0.841290,0.470336,0.601971,0.972888
810,6.750000,0.036208,0.002797,0.540575,0.840512,0.445929,0.601895,0.042696,-0.057922,0.115783,0.432873,0.892110,0.807289,0.913017,0.263507,-0.026170,0.168590,-0.511132,-0.842399,0.471455,0.603603,0.971443
811,6.758333,0.036193,0.003102,0.540576,0.840511,0.445955,0.601889,0.042681,-0.054110,0.115130,0.432315,0.892704,0.810602,0.917484,0.257956,-0.029066,0.168272,-0.510851,-0.842538,0.472442,0.605328,0.970974
812,6.766667,0.036371,0.003480,0.540531,0.840531,0.445980,0.601882,0.042674,-0.051168,0.114253,0.431959,0.893163,0.813828,0.921788,0.252365,-0.026963,0.161070,-0.510724,-0.844092,0.473713,0.606959,0.968996
813,6.775000,0.036590,0.003808,0.540487,0.840548,0.446006,0.601882,0.042647,-0.047890,0.114057,0.431775,0.893459,0.816999,0.925819,0.246847,-0.025404,0.155539,-0.510578,-0.845265,0.474983,0.608670,0.967383
814,6.783333,0.036849,0.004266,0.540504,0.840524,0.446042,0.601900,0.042643,-0.044023,0.112596,0.430965,0.894233,0.820071,0.929692,0.241211,-0.024036,0.150118,-0.510147,-0.846544,0.476228,0.610299,0.965870
815,6.791667,0.037086,0.004691,0.540482,0.840525,0.446079,0.601910,0.042643,-0.039687,0.111608,0.430353,0.894855,0.823164,0.933454,0.235558,-0.022637,0.141993,-0.510325,-0.847876,0.477492,0.612087,0.964333
816,6.800000,0.037406,0.005170,0.540440,0.840535,0.446119,0.601912,0.042635,-0.033906,0.110997,0.429491,0.895582,0.826209,0.937043,0.229934,-0.020209,0.127930,-0.509700,-0.850548,0.479521,0.614167,0.961235
817,6.808333,0.037738,0.005518,0.540388,0.840551,0.446171,0.601902,0.042631,-0.030519,0.109548,0.429051,0.896093,0.829203,0.940540,0.224236,-0.019516,0.122873,-0.509435,-0.851468,0.480682,0.615936,0.959818
818,6.816667,0.038170,0.005837,0.540280,0.840599,0.446208,0.601881,0.042603,-0.025935,0.109117,0.428601,0.896505,0.832116,0.943682,0.218602,-0.019403,0.119893,-0.509378,-0.851929,0.481703,0.617552,0.958925
819,6.825000,0.038405,0.006099,0.540248,0.840607,0.446255,0.601846,0.042596,-0.021020,0.107760,0.427208,0.897463,0.834747,0.946450,0.212889,-0.019580,0.115850,-0.509504,-0.852409,0.482623,0.619043,0.958123
820,6.833333,0.038658,0.006468,0.540238,0.840599,0.446300,0.601830,0.042586,-0.017838,0.107164,0.426779,0.897807,0.837491,0.949247,0.207225,-0.015321,0.114820,-0.509553,-0.852606,0.483256,0.620455,0.957554
821,6.841667,0.039037,0.006874,0.540234,0.840581,0.446344,0.601813,0.042572,-0.014904,0.107969,0.425776,0.898240,0.840143,0.951742,0.201597,-0.018969,0.116621,-0.509537,-0.852298,0.484518,0.622272,0.957866
822,6.850000,0.039361,0.007343,0.540248,0.840553,0.446389,0.601806,0.042570,-0.013541,0.105062,0.423908,0.899489,0.842343,0.954126,0.195607,-0.020358,0.115139,-0.509574,-0.852445,0.486082,0.623954,0.957647
823,6.858333,0.039727,0.007789,0.540227,0.840545,0.446419,0.601796,0.042560,-0.012925,0.101700,0.422529,0.900533,0.844547,0.956229,0.189597,-0.020786,0.111930,-0.509921,-0.852655,0.487327,0.625760,0.957104
824,6.866667,0.039951,0.008107,0.540216,0.840538,0.446443,0.601788,0.042551,-0.011048,0.102719,0.421215,0.901058,0.846694,0.957968,0.183982,-0.020624,0.108039,-0.510416,-0.852865,0.488473,0.627593,0.956519
825,6.875000,0.040145,0.008465,0.540231,0.840516,0.446453,0.601789,0.042542,-0.011936,0.106230,0.420775,0.900844,0.848817,0.959036,0.178597,-0.020904,0.105778,-0.510884,-0.852861,0.489573,0.629549,0.956104
826,6.883333,0.040517,0.008895,0.540214,0.840504,0.446486,0.601798,0.042563,-0.018288,0.099419,0.420405,0.901688,0.850495,0.960230,0.172139,-0.020233,0.101867,-0.511471,-0.853001,0.490801,0.631342,0.955490
827,6.891667,0.040612,0.009131,0.540171,0.840525,0.446496,0.601796,0.042574,-0.018208,0.099577,0.419640,0.902028,0.852194,0.961262,0.166453,-0.020648,0.103376,-0.512185,-0.852381,0.491534,0.633403,0.955563
828,6.900000,0.040880,0.009428,0.540148,0.840524,0.446503,0.601789,0.042571,-0.017274,0.101453,0.418728,0.902262,0.853769,0.962118,0.160931,-0.021436,0.097991,-0.512773,-0.852644,0.492830,0.635158,0.954327
829,6.908333,0.041266,0.009830,0.540110,0.840525,0.446529,0.601779,0.042566,-0.016213,0.103257,0.418226,0.902310,0.855211,0.962848,0.155416,-0.021753,0.094602,-0.513474,-0.852597,0.494020,0.637114,0.953522
830,6.916667,0.041527,0.010246,0.540106,0.840509,0.446550,0.601765,0.042554,-0.016194,0.105132,0.418324,0.902048,0.856525,0.963284,0.149950,-0.022156,0.091658,-0.514233,-0.852451,0.495157,0.639229,0.952787
831,6.925000,0.041729,0.010511,0.540104,0.840497,0.446570,0.601759,0.042553,-0.017125,0.108260,0.419031,0.901332,0.857681,0.963397,0.144591,-0.022420,0.089118,-0.514956,-0.852277,0.496265,0.641247,0.951905
832,6.933333,0.042130,0.010884,0.540095,0.840478,0.446579,0.601750,0.042547,-0.018541,0.110526,0.420251,0.900461,0.858731,0.963432,0.139252,-0.022081,0.086529,-0.515731,-0.852084,0.497314,0.643426,0.950916
833,6.941667,0.042080,0.011110,0.540051,0.840506,0.446584,0.601753,0.042547,-0.020365,0.114594,0.422202,0.898999,0.859649,0.963040,0.134266,-0.021570,0.083883,-0.516430,-0.851938,0.498492,0.645488,0.949954
834,6.950000,0.041566,0.010693,0.539758,0.840725,0.446689,0.601692,0.042641,-0.024920,0.121423,0.424883,0.896722,0.860356,0.962570,0.129043,-0.021521,0.081663,-0.517284,-0.851637,0.499659,0.647575,0.949244
835,6.958333,0.041827,0.011024,0.539608,0.840804,0.446750,0.601672,0.042705,-0.026040,0.124198,0.428288,0.894688,0.860984,0.961984,0.124276,-0.021518,0.079021,-0.518067,-0.851410,0.500784,0.649642,0.948393
836,6.966667,0.041828,0.011259,0.539632,0.840786,0.446744,0.601682,0.042703,-0.029807,0.125095,0.432470,0.892431,0.861468,0.961093,0.119430,-0.021850,0.077869,-0.519128,-0.850861,0.501730,0.651688,0.948042
837,6.975000,0.041861,0.011467,0.539626,0.840785,0.446733,0.601675,0.042689,-0.032277,0.127466,0.436855,0.889870,0.861970,0.960038,0.114895,-0.021056,0.073914,-0.519520,-0.850995,0.502879,0.653469,0.947233
838,6.983333,0.041975,0.011743,0.539594,0.840796,0.446747,0.601673,0.042706,-0.039655,0.129497,0.441573,0.886945,0.862082,0.958526,0.110315,-0.016386,0.069890,-0.519256,-0.851599,0.503963,0.655610,0.945628
839,6.991667,0.042088,0.012042,0.539597,0.840785,0.446755,0.601676,0.042716,-0.043943,0.130889,0.445666,0.884488,0.862330,0.957035,0.105795,-0.015813,0.061498,-0.519072,-0.852369,0.505404,0.656995,0.944217
840,7.000000,0.042150,0.012266,0.539517,0.840829,0.446762,0.601682,0.042742,-0.047843,0.131301,0.447827,0.883132,0.862143,0.955311,0.101157,-0.016033,0.057282,-0.518820,-0.852811,0.506791,0.658773,0.943041
841,7.008333,0.042222,0.012464,0.539408,0.840893,0.446776,0.601677,0.042775,-0.052238,0.132061,0.449714,0.881810,0.861839,0.953284,0.096395,-0.015733,0.053861,-0.518793,-0.853056,0.508338,0.660771,0.942166
842,7.016667,0.043905,0.013001,0.539139,0.840971,0.446715,0.601724,0.042696,-0.052496,0.134311,0.450465,0.881071,0.861144,0.951001,0.091604,-0.015470,0.051313,-0.519246,-0.852943,0.509697,0.662717,0.941564
843,7.025000,0.043866,0.013120,0.539023,0.841046,0.446718,0.601731,0.042711,-0.052095,0.136924,0.451521,0.880151,0.860336,0.948392,0.087024,-0.015650,0.049078,-0.519583,-0.852866,0.511151,0.664787,0.940966
844,7.033333,0.044002,0.013268,0.538845,0.841150,0.446720,0.601740,0.042728,-0.050612,0.138685,0.452298,0.879563,0.859349,0.945387,0.082524,-0.015921,0.047357,-0.519883,-0.852775,0.512580,0.666898,0.940411
845,7.041667,0.043905,0.013521,0.538731,0.841225,0.446722,0.601736,0.042741,-0.049688,0.130339,0.455669,0.879152,0.858075,0.942513,0.078103,-0.015895,0.047819,-0.520556,-0.852339,0.514001,0.669287,0.939815
846,7.050000,0.043711,0.013652,0.538643,0.841288,0.446732,0.601735,0.042790,-0.043402,0.114730,0.458964,0.879946,0.856288,0.939702,0.074367,-0.016312,0.046452,-0.521250,-0.851983,0.515533,0.671415,0.939623
847,7.058333,0.043404,0.013837,0.538664,0.841288,0.446717,0.601738,0.042816,-0.033550,0.104964,0.461336,0.880356,0.854537,0.936875,0.071639,-0.017241,0.045843,-0.522256,-0.851381,0.517020,0.673729,0.939381
848,7.066667,0.043351,0.014269,0.538701,0.841260,0.446728,0.601734,0.042864,-0.028250,0.093785,0.463855,0.880480,0.852939,0.934409,0.069007,-0.018289,0.045351,-0.522805,-0.851048,0.518748,0.675896,0.939222
849,7.075000,0.043200,0.014540,0.538696,0.841267,0.446725,0.601721,0.042900,-0.025446,0.080569,0.465831,0.880831,0.851604,0.932356,0.066448,-0.018221,0.044299,-0.523488,-0.850686,0.520426,0.678210,0.938667
850,7.083333,0.042993,0.014694,0.538669,0.841292,0.446709,0.601729,0.042930,-0.022982,0.069791,0.468231,0.880546,0.850722,0.930265,0.064255,-0.018060,0.041844,-0.523745,-0.850655,0.522183,0.680206,0.937984
851,7.091667,0.042775,0.014838,0.538599,0.841345,0.446704,0.601735,0.042973,-0.019971,0.059052,0.469841,0.880547,0.850214,0.928733,0.062154,-0.018207,0.040053,-0.524841,-0.850063,0.523729,0.682641,0.937293
852,7.100000,0.042441,0.014901,0.538569,0.841380,0.446680,0.601747,0.042999,-0.017940,0.050298,0.471340,0.880333,0.850208,0.928068,0.060539,-0.019828,0.036525,-0.525205,-0.849961,0.525412,0.684660,0.936402
853,7.108333,0.042247,0.015120,0.538529,0.841411,0.446650,0.601755,0.043041,-0.021808,0.040946,0.472932,0.879877,0.850318,0.928277,0.059131,-0.021083,0.033638,-0.525613,-0.849797,0.527161,0.686410,0.936159
854,7.116667,0.041899,0.015236,0.538514,0.841436,0.446623,0.601767,0.043076,-0.025141,0.033756,0.473724,0.879667,0.850780,0.929163,0.057861,-0.020986,0.031563,-0.525942,-0.849676,0.529078,0.688187,0.935719
855,7.125000,0.041670,0.015355,0.538447,0.841488,0.446598,0.601782,0.043118,-0.026352,0.029309,0.472637,0.880375,0.851429,0.930421,0.056910,-0.021370,0.028572,-0.526351,-0.849519,0.530887,0.689853,0.935220
856,7.133333,0.040514,0.015310,0.538584,0.841458,0.446660,0.601727,0.043192,-0.027832,0.025672,0.470766,0.881445,0.851993,0.931898,0.056088,-0.021325,0.026337,-0.526842,-0.849287,0.532788,0.691667,0.934626
857,7.141667,0.040124,0.015503,0.538615,0.841453,0.446682,0.601734,0.043246,-0.026863,0.022152,0.469297,0.882353,0.852126,0.933066,0.055469,-0.020825,0.024858,-0.527390,-0.849005,0.534709,0.693330,0.934053
858,7.150000,0.040355,0.015902,0.538703,0.841378,0.446707,0.601731,0.043267,-0.025054,0.018670,0.467730,0.883319,0.851886,0.933783,0.054921,-0.020966,0.023581,-0.527727,-0.848828,0.536711,0.695005,0.933558
859,7.158333,0.040715,0.016181,0.538827,0.841276,0.446738,0.601726,0.043262,-0.023539,0.015941,0.466540,0.884043,0.851479,0.933983,0.054467,-0.020520,0.022730,-0.527836,-0.848794,0.538804,0.696564,0.932865
860,7.166667,0.041112,0.016425,0.538979,0.841155,0.446782,0.601712,0.043263,-0.021989,0.014820,0.465713,0.884538,0.850958,0.933703,0.054048,-0.022296,0.021734,-0.528264,-0.848509,0.540460,0.698361,0.932641
861,7.175000,0.043342,0.017012,0.538945,0.841053,0.446732,0.601763,0.043166,-0.021344,0.011405,0.464803,0.885083,0.850448,0.933380,0.053467,-0.022897,0.021536,-0.529168,-0.847935,0.542090,0.700050,0.932179
862,7.183333,0.044124,0.017229,0.539125,0.840892,0.446781,0.601719,0.043128,-0.021736,0.006137,0.464189,0.885448,0.850051,0.933140,0.052760,-0.021122,0.020359,-0.529857,-0.847580,0.544092,0.701287,0.931628
863,7.191667,0.045067,0.017403,0.539321,0.840713,0.446836,0.601666,0.043073,-0.021321,0.003821,0.464380,0.885371,0.849937,0.933005,0.052440,-0.019636,0.020023,-0.530150,-0.847440,0.546012,0.702669,0.931009
864,7.200000,0.046023,0.017613,0.539565,0.840501,0.446891,0.601604,0.043012,-0.021124,-0.000386,0.463995,0.885586,0.849762,0.933108,0.051804,-0.020775,0.018420,-0.530858,-0.847006,0.547469,0.704170,0.930778
865,7.208333,0.046824,0.017548,0.539665,0.840393,0.446979,0.601492,0.043003,-0.021857,-0.005094,0.463561,0.885781,0.849553,0.933244,0.051104,-0.020598,0.016254,-0.531661,-0.846551,0.549166,0.705272,0.930558
866,7.216667,0.046302,0.017370,0.540044,0.840183,0.447154,0.601363,0.043085,-0.023001,-0.008306,0.464221,0.885382,0.849529,0.933224,0.050894,-0.020142,0.015514,-0.532029,-0.846345,0.550851,0.706416,0.930132
867,7.225000,0.047529,0.018037,0.540462,0.839831,0.447260,0.601250,0.042968,-0.024393,-0.012333,0.463656,0.885594,0.849342,0.933232,0.050427,-0.019779,0.014307,-0.532525,-0.846062,0.552549,0.707548,0.929767
868,7.233333,0.048727,0.018437,0.540700,0.839601,0.447352,0.601141,0.042893,-0.024757,-0.015038,0.462881,0.885947,0.849161,0.933335,0.050052,-0.017859,0.013937,-0.533104,-0.845747,0.553904,0.709089,0.928934
869,7.241667,0.049671,0.018752,0.540875,0.839426,0.447445,0.601058,0.042882,-0.026383,-0.016229,0.462943,0.885847,0.849161,0.933417,0.049981,-0.017209,0.013038,-0.533631,-0.845442,0.555516,0.710128,0.928729
870,7.250000,0.050502,0.019133,0.541080,0.839235,0.447560,0.600997,0.042872,-0.027162,-0.016564,0.462718,0.885934,0.849174,0.933645,0.050055,-0.017518,0.011657,-0.534429,-0.844952,0.557068,0.711082,0.928667
871,7.258333,0.051041,0.019402,0.541211,0.839112,0.447614,0.600922,0.042849,-0.028191,-0.017510,0.462331,0.886086,0.849200,0.933898,0.050077,-0.015842,0.011683,-0.534174,-0.845146,0.559082,0.711965,0.928350
872,7.266667,0.051586,0.019719,0.541227,0.839061,0.447670,0.600862,0.042837,-0.028086,-0.018591,0.461206,0.886654,0.849156,0.934059,0.050009,-0.014831,0.011660,-0.534611,-0.844888,0.560489,0.713030,0.928066
873,7.275000,0.051990,0.020111,0.541293,0.838984,0.447719,0.600821,0.042840,-0.027644,-0.019552,0.460154,0.887193,0.849122,0.934224,0.049880,-0.012151,0.012499,-0.534369,-0.845072,0.562144,0.714146,0.927574
874,7.283333,0.052294,0.020294,0.541339,0.838931,0.447765,0.600780,0.042845,-0.027480,-0.019256,0.459786,0.887396,0.849206,0.934362,0.049926,-0.011985,0.012951,-0.535184,-0.844551,0.563373,0.715119,0.927703
875,7.291667,0.052509,0.020503,0.541338,0.838914,0.447784,0.600755,0.042853,-0.027252,-0.018768,0.459568,0.887526,0.849311,0.934519,0.049977,-0.010895,0.012137,-0.535839,-0.844163,0.564705,0.715978,0.927660
876,7.300000,0.052633,0.020617,0.541411,0.838856,0.447785,0.600732,0.042864,-0.026783,-0.018550,0.459237,0.887716,0.849436,0.934629,0.050066,-0.010787,0.011820,-0.536233,-0.843919,0.566048,0.716774,0.927806
877,7.308333,0.053464,0.020781,0.541273,0.838888,0.447788,0.600675,0.042821,-0.027187,-0.016569,0.458804,0.887967,0.849612,0.934831,0.050314,-0.010308,0.011094,-0.536394,-0.843832,0.567416,0.717541,0.927935
878,7.316667,0.053507,0.020867,0.541303,0.838864,0.447774,0.600651,0.042842,-0.027109,-0.016705,0.458070,0.888346,0.849661,0.934979,0.050333,-0.009066,0.011028,-0.536180,-0.843983,0.568914,0.718560,0.927776
879,7.325000,0.053517,0.020962,0.541327,0.838846,0.447757,0.600642,0.042838,-0.027530,-0.016972,0.457359,0.888694,0.849686,0.935149,0.050349,-0.008623,0.010536,-0.535817,-0.844225,0.570471,0.719434,0.927906
880,7.333333,0.053438,0.020944,0.541354,0.838834,0.447751,0.600630,0.042841,-0.027973,-0.017174,0.456741,0.888994,0.849671,0.935288,0.050393,-0.009658,0.009863,-0.535916,-0.844159,0.571641,0.720301,0.928086
881,7.341667,0.053543,0.021033,0.541391,0.838801,0.447747,0.600617,0.042852,-0.028474,-0.017747,0.456218,0.889235,0.849618,0.935398,0.050411,-0.010451,0.009833,-0.537079,-0.843410,0.572386,0.721305,0.928714
882,7.350000,0.053458,0.021007,0.541410,0.838794,0.447757,0.600604,0.042881,-0.028951,-0.018328,0.455806,0.889419,0.849534,0.935490,0.050394,-0.011163,0.010709,-0.536068,-0.844033,0.573771,0.722588,0.928671
883,7.358333,0.053509,0.021150,0.541483,0.838741,0.447752,0.600598,0.042900,-0.029632,-0.018835,0.455551,0.889517,0.849427,0.935546,0.050373,-0.011445,0.010992,-0.535938,-0.844108,0.575200,0.723567,0.929119
884,7.366667,0.053497,0.021166,0.541519,0.838717,0.447763,0.600583,0.042932,-0.030246,-0.019410,0.455456,0.889533,0.849334,0.935580,0.050346,-0.011836,0.010002,-0.536033,-0.844055,0.576684,0.724398,0.929248
885,7.375000,0.053433,0.021248,0.541598,0.838669,0.447769,0.600574,0.042954,-0.030661,-0.019913,0.455381,0.889546,0.849245,0.935599,0.050299,-0.010955,0.009632,-0.535932,-0.844135,0.578271,0.725409,0.929378
886,7.383333,0.053436,0.021257,0.541608,0.838662,0.447776,0.600560,0.042971,-0.031183,-0.020594,0.455437,0.889483,0.849188,0.935608,0.050271,-0.011117,0.008264,-0.536099,-0.844041,0.579742,0.726298,0.929251
887,7.391667,0.053464,0.021400,0.541655,0.838626,0.447779,0.600541,0.042978,-0.031536,-0.021131,0.455365,0.889495,0.849133,0.935620,0.050237,-0.009818,0.009105,-0.535538,-0.844405,0.581337,0.727406,0.928844
888,7.400000,0.053485,0.021411,0.541712,0.838588,0.447771,0.600521,0.042979,-0.031994,-0.021517,0.455340,0.889482,0.849083,0.935609,0.050210,-0.008054,0.008488,-0.535806,-0.844260,0.582800,0.728302,0.928848
889,7.408333,0.053566,0.021509,0.541724,0.838572,0.447762,0.600498,0.042979,-0.032481,-0.021785,0.455258,0.889500,0.849045,0.935598,0.050178,-0.005832,0.009395,-0.535891,-0.844215,0.584052,0.729169,0.928698
890,7.416667,0.053570,0.021569,0.541735,0.838564,0.447763,0.600468,0.042986,-0.032320,-0.021770,0.454947,0.889665,0.848949,0.935605,0.050171,-0.005040,0.009137,-0.536586,-0.843781,0.585245,0.729982,0.928582
891,7.425000,0.053601,0.021495,0.541682,0.838597,0.447739,0.600431,0.042981,-0.032114,-0.021801,0.455056,0.889616,0.848927,0.935584,0.050168,-0.004161,0.008610,-0.536865,-0.843614,0.586455,0.730761,0.928297
892,7.433333,0.053605,0.021451,0.541645,0.838622,0.447708,0.600395,0.042966,-0.031868,-0.021698,0.455175,0.889567,0.848924,0.935544,0.050179,-0.003617,0.007935,-0.536912,-0.843593,0.587730,0.731548,0.928100
893,7.441667,0.053553,0.021431,0.541562,0.838679,0.447670,0.600360,0.042962,-0.031657,-0.021406,0.455287,0.889524,0.848925,0.935507,0.050200,-0.003259,0.006511,-0.536635,-0.843783,0.588942,0.732274,0.927670
894,7.450000,0.053474,0.021398,0.541433,0.838769,0.447646,0.600310,0.042967,-0.031298,-0.021213,0.455393,0.889488,0.848936,0.935469,0.050222,-0.002529,0.004706,-0.536281,-0.844022,0.590371,0.732737,0.927606
895,7.458333,0.053323,0.021333,0.541296,0.838868,0.447618,0.600275,0.042966,-0.030872,-0.020920,0.455476,0.889467,0.848937,0.935431,0.050235,-0.002831,0.002781,-0.535942,-0.844245,0.591714,0.733153,0.927618
896,7.466667,0.053221,0.021364,0.541101,0.839000,0.447566,0.600237,0.042958,-0.030327,-0.020684,0.455567,0.889444,0.848936,0.935387,0.050234,-0.002825,0.001215,-0.535623,-0.844451,0.592898,0.733807,0.927265
897,7.475000,0.053074,0.021659,0.540862,0.839155,0.447502,0.600199,0.042985,-0.029978,-0.020415,0.455626,0.889432,0.848948,0.935352,0.050254,-0.002742,0.001426,-0.535110,-0.844777,0.594064,0.734673,0.926760
898,7.483333,0.052682,0.021820,0.540629,0.839327,0.447452,0.600178,0.043015,-0.029661,-0.020276,0.455655,0.889431,0.848953,0.935324,0.050249,-0.002385,0.001495,-0.534668,-0.845058,0.595360,0.735449,0.926343
899,7.491667,0.052101,0.022091,0.540483,0.839449,0.447411,0.600163,0.043063,-0.029403,-0.020156,0.455770,0.889384,0.848948,0.935292,0.050255,-0.002070,-0.000242,-0.534597,-0.845104,0.596872,0.736161,0.925999
900,7.500000,0.051696,0.022449,0.540284,0.839593,0.447342,0.600169,0.043091,-0.029096,-0.020081,0.455840,0.889359,0.848927,0.935258,0.050240,-0.001494,-0.001146,-0.534834,-0.844955,0.598081,0.737083,0.925941
901,7.508333,0.051268,0.022964,0.540136,0.839701,0.447274,0.600178,0.043130,-0.028987,-0.019995,0.455964,0.889301,0.848901,0.935222,0.050243,-0.000761,-0.002040,-0.534567,-0.845123,0.599771,0.737852,0.925557
902,7.516667,0.050597,0.023524,0.539963,0.839838,0.447193,0.600183,0.043176,-0.028878,-0.019957,0.456035,0.889269,0.848866,0.935195,0.050247,0.000151,-0.001679,-0.534858,-0.844941,0.601062,0.739075,0.925134
903,7.525000,0.050740,0.024624,0.539787,0.839910,0.446973,0.600255,0.043159,-0.028814,-0.020051,0.456182,0.889194,0.848837,0.935168,0.050238,0.000587,-0.001431,-0.534773,-0.844995,0.602726,0.740042,0.924606
904,7.533333,0.049681,0.025335,0.539603,0.840070,0.446886,0.600241,0.043268,-0.028773,-0.020104,0.456366,0.889100,0.848810,0.935144,0.050232,0.000095,-0.000753,-0.535831,-0.844325,0.603709,0.741187,0.924193
905,7.541667,0.048708,0.026257,0.539472,0.840183,0.446795,0.600233,0.043387,-0.029534,-0.020463,0.456509,0.888993,0.848788,0.935168,0.050254,-0.001025,-0.002252,-0.536896,-0.843645,0.604906,0.742110,0.924103
906,7.550000,0.047823,0.027204,0.539335,0.840292,0.446703,0.600228,0.043530,-0.029872,-0.020560,0.456774,0.888843,0.848769,0.935110,0.050221,-0.000415,-0.001876,-0.536247,-0.844059,0.606889,0.743217,0.923523
907,7.558333,0.046553,0.027994,0.539219,0.840412,0.446621,0.600217,0.043686,-0.030466,-0.021695,0.457097,0.888630,0.848775,0.935037,0.050117,-0.000806,-0.002493,-0.536297,-0.844025,0.608600,0.744324,0.923113
908,7.566667,0.045360,0.029047,0.539201,0.840453,0.446498,0.600237,0.043902,-0.030875,-0.022342,0.457554,0.888365,0.848781,0.934951,0.050056,-0.000568,-0.002207,-0.535993,-0.844220,0.610554,0.745386,0.922823
909,7.575000,0.043298,0.029418,0.539171,0.840568,0.446458,0.600223,0.044088,-0.031248,-0.023074,0.457826,0.888193,0.848780,0.934878,0.049981,-0.001114,-0.002325,-0.536378,-0.843974,0.612198,0.746471,0.922685
910,7.583333,0.042715,0.030672,0.538814,0.840782,0.446315,0.600267,0.044307,-0.031549,-0.023798,0.457872,0.888140,0.848778,0.934850,0.049897,0.000589,-0.002348,-0.535382,-0.844607,0.614507,0.747698,0.922204
911,7.591667,0.040975,0.031552,0.538916,0.840770,0.446249,0.600272,0.044494,-0.031732,-0.024230,0.457888,0.888113,0.848789,0.934827,0.049831,0.000003,-0.002941,-0.535421,-0.844580,0.616431,0.748960,0.922072
912,7.600000,0.039160,0.032862,0.539033,0.840732,0.446179,0.600359,0.044857,-0.031774,-0.024531,0.457909,0.888093,0.848802,0.934797,0.049789,-0.000233,-0.005412,-0.535410,-0.844575,0.618472,0.750289,0.921874
913,7.608333,0.034948,0.033581,0.539555,0.840554,0.446280,0.600326,0.045307,-0.031858,-0.024700,0.457977,0.888049,0.848848,0.934779,0.049770,0.000418,-0.003987,-0.535214,-0.844707,0.620658,0.751651,0.921902
914,7.616667,0.033530,0.034535,0.539266,0.840759,0.446252,0.600359,0.045514,-0.031772,-0.024762,0.458092,0.887991,0.848908,0.934774,0.049761,-0.000943,-0.005789,-0.536042,-0.844171,0.622537,0.753059,0.921907
915,7.625000,0.032459,0.036671,0.539450,0.840592,0.446136,0.600488,0.045877,-0.031578,-0.024735,0.458122,0.887984,0.848969,0.934773,0.049755,-0.000203,-0.007318,-0.535720,-0.844364,0.624943,0.754510,0.921751
916,7.633333,0.027907,0.037628,0.539846,0.840459,0.446180,0.600536,0.046425,-0.031298,-0.024492,0.458132,0.887995,0.849010,0.934774,0.049749,0.000673,-0.007489,-0.536157,-0.844085,0.627319,0.756007,0.921744
917,7.641667,0.024723,0.039193,0.540280,0.840208,0.446223,0.600634,0.046890,-0.030945,-0.024078,0.458086,0.888043,0.849043,0.934783,0.049761,-0.000352,-0.008228,-0.536601,-0.843796,0.629660,0.757595,0.921785
918,7.650000,0.021983,0.041185,0.540550,0.840015,0.446229,0.600741,0.047365,-0.030422,-0.023578,0.457948,0.888145,0.849066,0.934791,0.049774,0.000059,-0.010172,-0.536992,-0.843526,0.632091,0.759409,0.921776
919,7.658333,0.018815,0.043326,0.540830,0.839804,0.446192,0.600879,0.047873,-0.029900,-0.023099,0.457860,0.888221,0.849101,0.934794,0.049773,0.003217,-0.005161,-0.538481,-0.842616,0.635107,0.761438,0.922870
920,7.666667,0.016265,0.045478,0.540733,0.839806,0.446283,0.600906,0.048385,-0.029550,-0.022737,0.457903,0.888220,0.849160,0.934799,0.049791,0.003001,-0.006608,-0.538746,-0.842437,0.637796,0.763331,0.923019
921,7.675000,0.012533,0.047929,0.540832,0.839670,0.446326,0.601083,0.049093,-0.029294,-0.022384,0.458027,0.888174,0.849227,0.934788,0.049796,0.000269,-0.006665,-0.539818,-0.841755,0.640331,0.765176,0.923570
922,7.683333,0.008581,0.050341,0.540965,0.839494,0.446283,0.601290,0.049734,-0.029042,-0.022083,0.458110,0.888147,0.849291,0.934788,0.049822,0.001525,-0.005763,-0.539530,-0.841946,0.643556,0.767431,0.923531
923,7.691667,0.004498,0.052831,0.541182,0.839232,0.446302,0.601650,0.050544,-0.028717,-0.021804,0.458081,0.888179,0.849318,0.934797,0.049804,0.001507,-0.005775,-0.540031,-0.841624,0.646489,0.769371,0.924114
924,7.700000,0.000316,0.056260,0.541127,0.839057,0.446246,0.601869,0.051338,-0.028410,-0.021605,0.458033,0.888219,0.849334,0.934798,0.049789,-0.000398,-0.005678,-0.540664,-0.841219,0.649272,0.771599,0.924372
925,7.708333,-0.003358,0.059792,0.541203,0.838757,0.446168,0.602097,0.052114,-0.028094,-0.021477,0.458069,0.888213,0.849359,0.934798,0.049774,-0.000563,-0.006434,-0.541304,-0.840802,0.652340,0.773624,0.924959
926,7.716667,-0.007086,0.063747,0.540883,0.838649,0.446143,0.602346,0.053081,-0.027982,-0.021313,0.458066,0.888222,0.849398,0.934798,0.049764,-0.000652,-0.005456,-0.541796,-0.840492,0.655431,0.775877,0.925449
927,7.725000,-0.011928,0.067355,0.540876,0.838317,0.446261,0.602841,0.054302,-0.027946,-0.021287,0.458136,0.888188,0.849439,0.934808,0.049766,-0.001513,-0.006900,-0.543125,-0.839622,0.658370,0.777679,0.926518
928,7.733333,-0.016185,0.071840,0.541002,0.837791,0.446317,0.603384,0.055552,-0.027767,-0.021120,0.458208,0.888160,0.849464,0.934826,0.049736,-0.001064,-0.007871,-0.543303,-0.839499,0.661624,0.779784,0.927132
929,7.741667,-0.021052,0.077055,0.540715,0.837405,0.446357,0.603748,0.056691,-0.027594,-0.020948,0.458294,0.888125,0.849489,0.934824,0.049713,-0.002123,-0.007523,-0.544230,-0.838900,0.664581,0.781998,0.927827
930,7.750000,-0.026087,0.082587,0.540342,0.836976,0.446532,0.604235,0.058047,-0.027415,-0.020809,0.458294,0.888134,0.849501,0.934834,0.049667,-0.001810,-0.007561,-0.544963,-0.838424,0.667969,0.783985,0.928977
931,7.758333,-0.033250,0.087567,0.540581,0.836062,0.446892,0.605423,0.060020,-0.027287,-0.020706,0.458293,0.888141,0.849525,0.934855,0.049625,-0.001513,-0.007398,-0.545424,-0.838126,0.671148,0.786238,0.929718
932,7.766667,-0.038947,0.093131,0.540733,0.835116,0.447134,0.606198,0.061647,-0.027202,-0.020746,0.458431,0.888071,0.849547,0.934876,0.049595,-0.002150,-0.007474,-0.545971,-0.837768,0.674268,0.788366,0.930703
933,7.775000,-0.044057,0.100606,0.539584,0.834737,0.447541,0.606686,0.063161,-0.026941,-0.020676,0.458548,0.888021,0.849562,0.934883,0.049538,-0.002883,-0.008112,-0.546432,-0.837460,0.677488,0.790549,0.931690
934,7.783333,-0.049478,0.106222,0.540549,0.833112,0.447684,0.607841,0.065223,-0.026706,-0.020602,0.458786,0.887906,0.849580,0.934897,0.049491,-0.003119,-0.007430,-0.546541,-0.837394,0.680771,0.793142,0.932284
935,7.791667,-0.055756,0.112664,0.541179,0.831459,0.447995,0.608866,0.067302,-0.026293,-0.020615,0.459051,0.887781,0.849591,0.934897,0.049435,-0.003533,-0.006939,-0.546874,-0.837179,0.684056,0.795237,0.933845
936,7.800000,-0.064114,0.122551,0.539516,0.830538,0.448734,0.609926,0.069358,-0.025895,-0.020615,0.459316,0.887656,0.849596,0.934879,0.049381,-0.003198,-0.005742,-0.546691,-0.837309,0.687466,0.797645,0.934977
937,7.808333,-0.073754,0.131823,0.538908,0.828711,0.449399,0.611082,0.071512,-0.025738,-0.020691,0.459611,0.887506,0.849615,0.934872,0.049350,-0.004545,-0.006611,-0.546733,-0.837268,0.690789,0.799958,0.936197
938,7.816667,-0.082170,0.142231,0.537716,0.826971,0.450152,0.612454,0.073847,-0.025716,-0.020724,0.459913,0.887349,0.849641,0.934867,0.049316,-0.003312,-0.005750,-0.544968,-0.838431,0.694732,0.802467,0.936877
939,7.825000,-0.092176,0.153723,0.536953,0.824351,0.451147,0.613945,0.076336,-0.025314,-0.020765,0.460101,0.887263,0.849654,0.934844,0.049269,-0.004242,-0.005826,-0.545270,-0.838229,0.697899,0.804708,0.938504
940,7.833333,-0.103281,0.165288,0.536905,0.820820,0.452174,0.615694,0.079067,-0.025150,-0.020772,0.460440,0.887091,0.849691,0.934809,0.049250,-0.005920,-0.004602,-0.545724,-0.837932,0.700754,0.807180,0.940112
941,7.841667,-0.115894,0.177627,0.537068,0.816440,0.453274,0.617706,0.082081,-0.024600,-0.019711,0.460825,0.886931,0.849790,0.934768,0.049329,-0.009512,-0.006008,-0.547726,-0.836582,0.702946,0.809026,0.942395
942,7.850000,-0.127783,0.191340,0.537289,0.811407,0.454580,0.619849,0.085368,-0.023397,-0.018675,0.460304,0.887257,0.849724,0.934848,0.049329,-0.010250,-0.006766,-0.547694,-0.836588,0.706101,0.811137,0.943956
943,7.858333,-0.141738,0.205821,0.538015,0.805039,0.456294,0.621555,0.088631,-0.022730,-0.017287,0.460051,0.887433,0.849696,0.934910,0.049419,-0.013163,-0.006335,-0.549049,-0.835663,0.708625,0.812952,0.946018
944,7.866667,-0.155864,0.220221,0.538667,0.798152,0.458124,0.623963,0.092192,-0.021602,-0.016632,0.459849,0.887578,0.849647,0.934910,0.049373,-0.014004,-0.006670,-0.549314,-0.835472,0.711629,0.815072,0.947537
945,7.875000,-0.168769,0.233565,0.539746,0.790973,0.460023,0.626904,0.096265,-0.019664,-0.015112,0.459749,0.887703,0.849693,0.934927,0.049532,-0.015665,-0.006591,-0.549727,-0.835171,0.714218,0.817070,0.949498
946,7.883333,-0.189446,0.249168,0.538558,0.782292,0.462786,0.629523,0.100261,-0.019770,-0.014841,0.460624,0.887251,0.849945,0.934726,0.049550,-0.016253,-0.006554,-0.550432,-0.834696,0.717025,0.818901,0.951221
947,7.891667,-0.201932,0.260605,0.539708,0.774613,0.465484,0.632922,0.105909,-0.018895,-0.014655,0.461118,0.887017,0.849960,0.934599,0.049521,-0.017511,-0.006235,-0.550797,-0.834432,0.719971,0.820543,0.952928
948,7.900000,-0.209853,0.268932,0.544657,0.766150,0.468073,0.636943,0.112503,-0.019352,-0.015356,0.461906,0.886585,0.849984,0.934499,0.049457,-0.017977,-0.005890,-0.551730,-0.833808,0.722950,0.822211,0.954419
949,7.908333,-0.223555,0.280235,0.546994,0.756498,0.471152,0.640823,0.118768,-0.019632,-0.015408,0.462811,0.886105,0.850054,0.934328,0.049481,-0.020550,-0.002298,-0.553705,-0.832456,0.725499,0.824083,0.956685
950,7.916667,-0.230352,0.294946,0.547123,0.748733,0.474761,0.645568,0.125838,-0.019719,-0.015963,0.463511,0.885728,0.850102,0.934187,0.049417,-0.021752,-0.001823,-0.555257,-0.831392,0.727818,0.825654,0.958300
951,7.925000,-0.239941,0.307728,0.547774,0.740051,0.478676,0.650625,0.132824,-0.019845,-0.016810,0.463821,0.885547,0.850103,0.934105,0.049300,-0.023281,-0.001321,-0.556073,-0.830806,0.730317,0.827281,0.959649
952,7.933333,-0.249316,0.320979,0.547064,0.731802,0.483316,0.656506,0.140180,-0.019820,-0.017361,0.464104,0.885389,0.850104,0.934031,0.049210,-0.024527,-0.000984,-0.557147,-0.830051,0.732710,0.828886,0.960887
953,7.941667,-0.258972,0.323890,0.548942,0.725735,0.488518,0.663405,0.147965,-0.019662,-0.017616,0.464369,0.885248,0.850118,0.933968,0.049184,-0.025831,-0.000539,-0.558260,-0.829263,0.735032,0.830387,0.962002
954,7.950000,-0.263288,0.331425,0.550390,0.719658,0.494034,0.670347,0.155600,-0.019611,-0.017227,0.464754,0.885055,0.850153,0.933906,0.049236,-0.027523,-0.000273,-0.559285,-0.828518,0.737347,0.831883,0.963075
955,7.958333,-0.268068,0.335411,0.553913,0.713315,0.499698,0.677844,0.163104,-0.019118,-0.016847,0.465030,0.884928,0.850160,0.933846,0.049254,-0.029955,-0.000260,-0.560871,-0.827361,0.739223,0.833283,0.964202
956,7.966667,-0.268106,0.338293,0.557441,0.709180,0.504778,0.685119,0.170792,-0.018983,-0.016596,0.465155,0.884870,0.850188,0.933805,0.049267,-0.032100,0.000070,-0.561777,-0.826666,0.741207,0.834825,0.965022
957,7.975000,-0.270513,0.334384,0.564021,0.704904,0.510547,0.693430,0.178719,-0.015859,-0.012523,0.464352,0.885420,0.850199,0.933871,0.049637,-0.033911,-0.000888,-0.562761,-0.825923,0.743311,0.836343,0.965954
958,7.983333,-0.273977,0.327157,0.571118,0.701234,0.516456,0.701895,0.186570,-0.013315,-0.012091,0.463851,0.885731,0.850114,0.934003,0.049643,-0.037698,-0.000613,-0.563643,-0.825158,0.745194,0.837778,0.967082
959,7.991667,-0.276940,0.324292,0.574952,0.698261,0.522379,0.710986,0.194265,-0.013463,-0.012494,0.463682,0.885811,0.850125,0.934001,0.049697,-0.035894,-0.000308,-0.562611,-0.825943,0.747539,0.839702,0.967217
960,8.000000,-0.279413,0.324120,0.576749,0.695870,0.528141,0.719961,0.201499,-0.017404,-0.017564,0.465332,0.884791,0.850140,0.933720,0.049244,-0.034438,0.000015,-0.561800,-0.826556,0.749528,0.841472,0.967553
961,8.008333,-0.285440,0.318013,0.577283,0.695799,0.534507,0.730167,0.208906,-0.019766,-0.020510,0.465485,0.884597,0.850122,0.933705,0.049029,-0.039069,-0.006516,-0.564916,-0.824197,0.751429,0.842572,0.969092
962,8.016667,-0.287299,0.315083,0.576493,0.697021,0.540665,0.739405,0.215775,-0.020167,-0.021270,0.465422,0.884603,0.850081,0.933713,0.048946,-0.040142,-0.006622,-0.565457,-0.823774,0.752947,0.843791,0.969792
963,8.025000,-0.291740,0.310662,0.576139,0.697454,0.547017,0.748819,0.222461,-0.019917,-0.021170,0.465136,0.884762,0.849994,0.933730,0.048912,-0.039127,-0.005412,-0.564545,-0.824457,0.754907,0.845473,0.969464
964,8.033333,-0.296117,0.308403,0.574213,0.698200,0.553155,0.758802,0.229024,-0.020486,-0.021517,0.465337,0.884635,0.849985,0.933690,0.048878,-0.044823,-0.005174,-0.566539,-0.822799,0.756156,0.846020,0.970427
965,8.041667,-0.297129,0.306656,0.572100,0.700270,0.559845,0.769178,0.235443,-0.020269,-0.020929,0.465398,0.884622,0.849961,0.933675,0.048933,-0.045043,-0.002565,-0.566247,-0.823000,0.757874,0.847456,0.969812
966,8.050000,-0.301476,0.303725,0.570090,0.701328,0.565914,0.779684,0.241799,-0.020330,-0.019441,0.465421,0.884642,0.849967,0.933678,0.049122,-0.049159,-0.000824,-0.566669,-0.822477,0.759136,0.848424,0.970366
967,8.058333,-0.302815,0.298059,0.570295,0.703013,0.571866,0.790328,0.247898,-0.018955,-0.017154,0.465238,0.884816,0.849942,0.933704,0.049333,-0.048050,-0.000566,-0.566303,-0.822795,0.760955,0.849733,0.969834
968,8.066667,-0.301697,0.292104,0.570791,0.705586,0.577767,0.800425,0.253650,-0.017248,-0.015504,0.464792,0.885116,0.849888,0.933742,0.049428,-0.048984,-0.000056,-0.566325,-0.822725,0.762387,0.850749,0.969782
969,8.075000,-0.299500,0.287478,0.572110,0.707351,0.583726,0.810748,0.259034,-0.015110,-0.014882,0.464011,0.885576,0.849795,0.933822,0.049375,-0.057762,0.000791,-0.567196,-0.821555,0.763576,0.851407,0.971430
970,8.083333,-0.298389,0.282925,0.574065,0.708073,0.589312,0.821475,0.264340,-0.014769,-0.014953,0.463708,0.885739,0.849749,0.933859,0.049334,-0.058001,-0.000149,-0.567814,-0.821111,0.764853,0.852583,0.971921
971,8.091667,-0.297778,0.278819,0.574440,0.709652,0.594803,0.832363,0.269420,-0.015692,-0.015176,0.463822,0.885659,0.849773,0.933870,0.049393,-0.058901,0.000246,-0.567694,-0.821130,0.766320,0.853812,0.972151
972,8.100000,-0.294341,0.276191,0.575614,0.711161,0.600074,0.843297,0.274208,-0.016433,-0.015441,0.464070,0.885512,0.849764,0.933866,0.049394,-0.061860,0.000600,-0.567750,-0.820873,0.767757,0.854739,0.972554
973,8.108333,-0.291652,0.269558,0.577731,0.713095,0.605583,0.854626,0.278762,-0.017384,-0.015959,0.464356,0.885334,0.849784,0.933828,0.049382,-0.069579,0.000607,-0.567910,-0.820144,0.769075,0.855686,0.974746
974,8.116667,-0.289778,0.265962,0.578027,0.714967,0.610696,0.866080,0.283237,-0.016901,-0.016088,0.464162,0.885443,0.849750,0.933808,0.049326,-0.066847,-0.001899,-0.568206,-0.820165,0.770518,0.857184,0.975304
975,8.125000,-0.286583,0.261332,0.579501,0.716767,0.615780,0.877436,0.287378,-0.016478,-0.015853,0.464390,0.885336,0.849767,0.933740,0.049308,-0.065864,-0.001315,-0.566575,-0.821372,0.772334,0.859010,0.974966
976,8.133333,-0.283712,0.255820,0.582240,0.717677,0.620723,0.888950,0.290945,-0.015922,-0.016987,0.464159,0.885446,0.849741,0.933754,0.049136,-0.054282,0.003990,-0.565419,-0.823006,0.773685,0.861351,0.971637
977,8.141667,-0.278282,0.252260,0.583554,0.719992,0.625570,0.900155,0.294170,-0.016882,-0.017060,0.464465,0.885266,0.849762,0.933668,0.049165,-0.061055,-0.002769,-0.565694,-0.822347,0.775155,0.862142,0.974580
978,8.150000,-0.270702,0.252954,0.583172,0.722942,0.630087,0.911452,0.297140,-0.017951,-0.017301,0.464562,0.885190,0.849797,0.933628,0.049208,-0.063050,-0.000776,-0.565597,-0.822268,0.776377,0.862961,0.974269
979,8.158333,-0.266356,0.250723,0.583423,0.725127,0.634907,0.922963,0.300020,-0.018002,-0.017686,0.464501,0.885213,0.849793,0.933600,0.049153,-0.061968,0.001910,-0.565192,-0.822627,0.777540,0.864371,0.972967
980,8.166667,-0.258953,0.249010,0.582610,0.729042,0.639342,0.934374,0.302644,-0.018334,-0.017631,0.464440,0.885239,0.849775,0.933555,0.049126,-0.063781,0.002231,-0.563605,-0.823576,0.778972,0.865578,0.972623
981,8.175000,-0.252895,0.247223,0.582682,0.731714,0.643754,0.946062,0.304786,-0.018184,-0.017904,0.464370,0.885273,0.849786,0.933525,0.049115,-0.065952,0.004298,-0.563095,-0.823745,0.779938,0.866740,0.971974
982,8.183333,-0.244566,0.245489,0.582051,0.735622,0.647920,0.957551,0.306594,-0.018132,-0.017909,0.464260,0.885332,0.849780,0.933503,0.049110,-0.064055,0.002690,-0.561857,-0.824747,0.781283,0.868177,0.971501
983,8.191667,-0.244942,0.238929,0.584079,0.736049,0.652278,0.969937,0.309140,-0.018136,-0.017816,0.464181,0.885376,0.849785,0.933478,0.049122,-0.066528,0.004992,-0.560822,-0.825244,0.782340,0.869241,0.971308
984,8.200000,-0.242527,0.229518,0.585559,0.738663,0.656466,0.982153,0.311254,-0.018095,-0.017536,0.464087,0.885431,0.849803,0.933459,0.049170,-0.065408,0.003966,-0.560030,-0.825877,0.783443,0.870553,0.971139
985,8.208333,-0.252331,0.207161,0.590447,0.738096,0.661050,0.995470,0.314071,-0.017879,-0.017224,0.463950,0.885513,0.849804,0.933442,0.049192,-0.065080,0.002982,-0.558296,-0.827080,0.784826,0.871891,0.970718
986,8.216667,-0.245676,0.202367,0.590533,0.741594,0.664828,1.007341,0.315354,-0.017733,-0.017053,0.463787,0.885605,0.849794,0.933422,0.049194,-0.067773,0.002264,-0.557646,-0.827305,0.785756,0.872904,0.971250
987,8.225000,-0.238365,0.198238,0.590634,0.745007,0.668610,1.019387,0.316462,-0.017603,-0.016990,0.463613,0.885700,0.849796,0.933407,0.049211,-0.068246,0.001606,-0.556144,-0.828278,0.787041,0.874326,0.970953
988,8.233333,-0.233460,0.194559,0.590640,0.747521,0.672274,1.031798,0.317592,-0.017533,-0.016934,0.463319,0.885856,0.849782,0.933397,0.049204,-0.072780,0.005055,-0.555085,-0.828588,0.787377,0.875728,0.971297
989,8.241667,-0.228156,0.190053,0.590720,0.750250,0.676048,1.043706,0.318228,-0.017493,-0.017110,0.463053,0.885993,0.849764,0.933389,0.049192,-0.078295,0.003845,-0.554227,-0.828666,0.788345,0.877004,0.972647
990,8.250000,-0.224695,0.184762,0.590926,0.752451,0.679524,1.055800,0.318544,-0.017772,-0.017566,0.462746,0.886139,0.849733,0.933382,0.049149,-0.075071,0.004024,-0.554178,-0.828996,0.789223,0.878561,0.971955
991,8.258333,-0.220698,0.179599,0.590617,0.755122,0.682910,1.067597,0.318328,-0.017833,-0.017905,0.462433,0.886294,0.849684,0.933396,0.049106,-0.078434,0.003778,-0.553367,-0.829228,0.790161,0.879937,0.972626
992,8.266667,-0.211740,0.177275,0.589077,0.759427,0.686256,1.079687,0.318245,-0.018322,-0.018245,0.462155,0.886422,0.849654,0.933409,0.049086,-0.079437,0.003143,-0.552690,-0.829586,0.791023,0.881586,0.972708
993,8.275000,-0.205729,0.174294,0.587530,0.762959,0.689609,1.091768,0.317894,-0.019000,-0.018653,0.461997,0.886482,0.849629,0.933416,0.049084,-0.078016,0.003477,-0.551268,-0.830665,0.792351,0.883434,0.972125
994,8.283333,-0.201063,0.169639,0.586130,0.766321,0.692897,1.103429,0.316956,-0.019567,-0.018752,0.462000,0.886466,0.849584,0.933456,0.049051,-0.079427,0.002565,-0.550279,-0.831191,0.793389,0.885137,0.972336
995,8.291667,-0.203705,0.161378,0.585671,0.767757,0.696225,1.115305,0.316174,-0.019876,-0.018926,0.461818,0.886550,0.849555,0.933455,0.049021,-0.081183,0.001678,-0.549427,-0.831586,0.794449,0.886673,0.972895
996,8.300000,-0.201261,0.155814,0.584584,0.770375,0.699377,1.126804,0.314707,-0.020055,-0.019134,0.461682,0.886612,0.849531,0.933452,0.049016,-0.080981,0.001903,-0.548365,-0.832307,0.795514,0.888569,0.972494
997,8.308333,-0.193516,0.155758,0.581046,0.775033,0.702736,1.138910,0.313740,-0.020246,-0.019354,0.461566,0.886663,0.849518,0.933436,0.049001,-0.081428,0.002944,-0.547530,-0.832810,0.796584,0.890237,0.972086
998,8.316667,-0.191342,0.152213,0.578898,0.777879,0.705796,1.150571,0.312211,-0.020194,-0.019370,0.461400,0.886751,0.849484,0.933426,0.048964,-0.079734,0.002222,-0.546938,-0.833365,0.797569,0.892026,0.971964
999,8.325000,-0.191432,0.147554,0.577359,0.779896,0.708886,1.161920,0.310393,-0.019945,-0.019427,0.461209,0.886855,0.849442,0.933421,0.048918,-0.082994,0.002989,-0.546626,-0.833248,0.798326,0.893386,0.972195
1000,8.333333,-0.191921,0.143002,0.575652,0.781883,0.711932,1.173185,0.308430,-0.020146,-0.019512,0.461075,0.886918,0.849410,0.933415,0.048909,-0.080421,0.000156,-0.546020,-0.833903,0.799518,0.895211,0.971979
1001,8.341667,-0.189141,0.140516,0.573893,0.784301,0.714840,1.184066,0.306115,-0.020214,-0.019685,0.460909,0.886999,0.849375,0.933423,0.048890,-0.080429,0.001382,-0.545920,-0.833967,0.800202,0.896701,0.971784
1002,8.350000,-0.187576,0.138053,0.571701,0.786711,0.717782,1.195001,0.303934,-0.020345,-0.019833,0.460776,0.887061,0.849343,0.933438,0.048872,-0.082556,0.001061,-0.545783,-0.833849,0.800997,0.898045,0.972277
1003,8.358333,-0.185274,0.134696,0.570146,0.788964,0.720686,1.205642,0.301496,-0.020582,-0.020003,0.460659,0.887113,0.849304,0.933457,0.048856,-0.081287,0.000501,-0.545222,-0.834341,0.801918,0.899774,0.971893
1004,8.366667,-0.184463,0.129961,0.568843,0.790887,0.723624,1.216204,0.299145,-0.020732,-0.020223,0.460473,0.887201,0.849273,0.933483,0.048827,-0.083530,0.002122,-0.544951,-0.834294,0.802657,0.901194,0.972117
1005,8.375000,-0.181560,0.127591,0.566660,0.793507,0.726511,1.226595,0.296592,-0.020689,-0.020401,0.460360,0.887257,0.849231,0.933505,0.048801,-0.081712,0.002607,-0.544398,-0.834833,0.803609,0.903152,0.971470
1006,8.383333,-0.177736,0.125434,0.564533,0.796228,0.729407,1.236809,0.293942,-0.020836,-0.020593,0.460241,0.887310,0.849201,0.933522,0.048769,-0.081670,0.005420,-0.543916,-0.835138,0.804438,0.904862,0.970971
1007,8.391667,-0.174672,0.122961,0.562580,0.798670,0.732292,1.246815,0.291087,-0.020943,-0.020783,0.460155,0.887348,0.849164,0.933540,0.048738,-0.082639,0.003210,-0.543873,-0.835082,0.805280,0.906429,0.971789
1008,8.400000,-0.169973,0.121463,0.560746,0.801199,0.735147,1.256708,0.288200,-0.021120,-0.020920,0.460079,0.887380,0.849138,0.933560,0.048711,-0.081701,0.003337,-0.542932,-0.835786,0.806289,0.908400,0.971319
1009,8.408333,-0.163413,0.127588,0.559508,0.802477,0.737737,1.265397,0.283712,-0.021201,-0.021101,0.460040,0.887395,0.849105,0.933568,0.048680,-0.083698,0.005387,-0.542649,-0.835762,0.807164,0.910140,0.971195
1010,8.416667,-0.163340,0.115503,0.558758,0.804841,0.740736,1.275745,0.281919,-0.021286,-0.021245,0.459939,0.887441,0.849066,0.933591,0.048637,-0.083589,0.006355,-0.542076,-0.836137,0.808185,0.912012,0.971020
1011,8.425000,-0.163577,0.108030,0.559650,0.805210,0.743149,1.285715,0.279325,-0.021510,-0.021464,0.459869,0.887467,0.849024,0.933628,0.048618,-0.080538,0.006995,-0.541565,-0.836763,0.809238,0.914194,0.970201
1012,8.433333,-0.152585,0.110454,0.558043,0.808150,0.746325,1.293939,0.275259,-0.021700,-0.021701,0.459698,0.887545,0.848978,0.933667,0.048577,-0.081974,0.009072,-0.541085,-0.836914,0.810185,0.915894,0.969959
1013,8.441667,-0.145378,0.115594,0.559146,0.807997,0.748555,1.302070,0.270782,-0.021920,-0.021937,0.459566,0.887602,0.848930,0.933702,0.048543,-0.082198,0.008466,-0.541017,-0.836943,0.811188,0.917753,0.970133
1014,8.450000,-0.149446,0.104543,0.561125,0.807388,0.751230,1.310762,0.267511,-0.022154,-0.022123,0.459449,0.887652,0.848887,0.933745,0.048509,-0.082396,0.009872,-0.541006,-0.836915,0.812064,0.919620,0.969937
1015,8.458333,-0.148366,0.101973,0.562699,0.806820,0.753581,1.318736,0.263428,-0.022343,-0.022346,0.459221,0.887760,0.848832,0.933797,0.048468,-0.079735,0.009765,-0.540985,-0.837187,0.813126,0.921729,0.969413
1016,8.466667,-0.147141,0.100577,0.564942,0.805652,0.755863,1.326242,0.259064,-0.022585,-0.022522,0.459146,0.887788,0.848802,0.933840,0.048454,-0.095335,0.011698,-0.540487,-0.835852,0.813598,0.922948,0.971776
1017,8.475000,-0.146227,0.099481,0.567357,0.804256,0.757960,1.333534,0.254584,-0.022930,-0.022811,0.458874,0.887913,0.848759,0.933911,0.048404,-0.096558,0.012916,-0.539951,-0.836040,0.814771,0.925083,0.971670
1018,8.483333,-0.146316,0.097557,0.570015,0.802594,0.760031,1.340511,0.249955,-0.023107,-0.022928,0.458792,0.887947,0.848735,0.933950,0.048392,-0.084451,0.007705,-0.540016,-0.837372,0.816184,0.927943,0.970509
1019,8.491667,-0.146646,0.096314,0.573029,0.800535,0.762092,1.347179,0.245269,-0.023285,-0.022984,0.458723,0.887977,0.848715,0.933977,0.048368,-0.084604,0.006389,-0.540509,-0.837049,0.817013,0.929981,0.970974
1020,8.500000,-0.146467,0.095090,0.575697,0.798798,0.763933,1.353358,0.240288,-0.023620,-0.023050,0.458682,0.887987,0.848706,0.934013,0.048356,-0.083108,0.008426,-0.539926,-0.837557,0.818152,0.932329,0.970209
1021,8.508333,-0.147283,0.093133,0.578234,0.797044,0.765536,1.359281,0.235240,-0.023459,-0.023006,0.458534,0.888069,0.848696,0.934061,0.048354,-0.082293,0.010094,-0.539737,-0.837741,0.819035,0.934596,0.969612
1022,8.516667,-0.147671,0.092356,0.580402,0.795486,0.767109,1.364851,0.230116,-0.023601,-0.023017,0.458482,0.888092,0.848687,0.934091,0.048354,-0.080489,0.011437,-0.539708,-0.837917,0.819973,0.936957,0.968814
1023,8.525000,-0.148796,0.090825,0.582717,0.793758,0.768665,1.369951,0.224900,-0.023836,-0.023029,0.458407,0.888124,0.848673,0.934117,0.048349,-0.080119,0.009727,-0.539631,-0.838024,0.820866,0.939062,0.968931
1024,8.533333,-0.150152,0.089321,0.584990,0.791999,0.770157,1.374640,0.219589,-0.023953,-0.023014,0.458280,0.888187,0.848659,0.934147,0.048332,-0.079650,0.014108,-0.539078,-0.838363,0.821880,0.941362,0.967633
1025,8.541667,-0.151854,0.088019,0.587059,0.790287,0.771587,1.378886,0.214272,-0.024026,-0.023070,0.458162,0.888245,0.848640,0.934170,0.048313,-0.074934,0.014238,-0.538725,-0.839022,0.822948,0.943910,0.966533
1026,8.550000,-0.152669,0.087384,0.588496,0.789132,0.772904,1.382747,0.208881,-0.024264,-0.023099,0.458117,0.888260,0.848648,0.934196,0.048317,-0.075232,0.016729,-0.538512,-0.839086,0.823724,0.946285,0.965837
1027,8.558333,-0.154038,0.086832,0.589325,0.788307,0.774125,1.386154,0.203356,-0.024512,-0.023140,0.458063,0.888281,0.848649,0.934198,0.048311,-0.076253,0.017424,-0.538515,-0.838978,0.824480,0.948453,0.965960
1028,8.566667,-0.155611,0.085555,0.589824,0.787765,0.775205,1.389134,0.197829,-0.024674,-0.023066,0.457968,0.888327,0.848648,0.934202,0.048298,-0.074807,0.018783,-0.537992,-0.839414,0.825523,0.950998,0.965443
1029,8.575000,-0.156571,0.085034,0.590110,0.787417,0.776188,1.391675,0.192180,-0.024758,-0.023052,0.457889,0.888366,0.848650,0.934209,0.048286,-0.071049,0.017662,-0.537452,-0.840110,0.826479,0.953731,0.964572
1030,8.583333,-0.157169,0.086032,0.589714,0.787486,0.777077,1.393772,0.186491,-0.024795,-0.023087,0.457783,0.888418,0.848659,0.934206,0.048269,-0.068398,0.019838,-0.536979,-0.840584,0.827407,0.956434,0.963654
1031,8.591667,-0.158798,0.086440,0.589096,0.787577,0.777900,1.395427,0.180696,-0.024854,-0.023068,0.457678,0.888471,0.848667,0.934199,0.048255,-0.068347,0.019010,-0.536715,-0.840776,0.828193,0.958906,0.964028
1032,8.600000,-0.160224,0.086402,0.588476,0.787755,0.778519,1.396612,0.174850,-0.024820,-0.023016,0.457523,0.888554,0.848666,0.934192,0.048233,-0.066153,0.020371,-0.536411,-0.841114,0.828941,0.961628,0.963508
1033,8.608333,-0.161355,0.088275,0.587197,0.788272,0.779081,1.397356,0.168971,-0.024925,-0.023046,0.457388,0.888619,0.848675,0.934198,0.048221,-0.066575,0.020928,-0.535740,-0.841494,0.829752,0.964270,0.963181
1034,8.616667,-0.163226,0.088200,0.586068,0.788734,0.779484,1.397595,0.163053,-0.024911,-0.023024,0.457204,0.888715,0.848670,0.934195,0.048194,-0.064287,0.019196,-0.534597,-0.842440,0.830811,0.966986,0.962562
1035,8.625000,-0.164388,0.090147,0.584463,0.789464,0.779739,1.397493,0.157212,-0.024939,-0.023010,0.457040,0.888799,0.848668,0.934200,0.048183,-0.061469,0.019135,-0.533495,-0.843350,0.831705,0.969822,0.961812
1036,8.633333,-0.165802,0.091362,0.582494,0.790483,0.779833,1.396852,0.151252,-0.025179,-0.023067,0.456925,0.888850,0.848668,0.934216,0.048186,-0.053089,0.015759,-0.532542,-0.844590,0.832288,0.973442,0.961030
1037,8.641667,-0.166820,0.093203,0.580569,0.791469,0.779809,1.395878,0.145310,-0.025272,-0.022986,0.456717,0.888956,0.848663,0.934229,0.048167,-0.049652,0.015601,-0.531605,-0.845392,0.833042,0.976364,0.960062
1038,8.650000,-0.167912,0.096465,0.578180,0.792596,0.779701,1.394431,0.139346,-0.025392,-0.022988,0.456527,0.889050,0.848652,0.934244,0.048159,-0.048068,0.015488,-0.530459,-0.846205,0.833886,0.979194,0.959661
1039,8.658333,-0.168542,0.099537,0.575764,0.793840,0.779505,1.392598,0.133321,-0.025472,-0.022982,0.456311,0.889159,0.848641,0.934268,0.048146,-0.046712,0.014855,-0.529411,-0.846948,0.834612,0.981967,0.959220
1040,8.666667,-0.169234,0.104124,0.572505,0.795460,0.779126,1.390386,0.127257,-0.025613,-0.022993,0.456127,0.889249,0.848630,0.934298,0.048143,-0.043790,0.016236,-0.528793,-0.847465,0.835341,0.984966,0.958308
1041,8.675000,-0.169601,0.108290,0.569419,0.797039,0.778773,1.387784,0.121173,-0.025731,-0.022985,0.455878,0.889373,0.848618,0.934322,0.048143,-0.042451,0.013754,-0.527753,-0.848225,0.835996,0.987829,0.958113
1042,8.683333,-0.169391,0.115474,0.565410,0.798927,0.778242,1.384705,0.114924,-0.025820,-0.022922,0.455692,0.889467,0.848610,0.934343,0.048141,-0.040050,0.016984,-0.526872,-0.848831,0.836804,0.990877,0.956862
1043,8.691667,-0.167457,0.121588,0.562155,0.800723,0.777610,1.381213,0.108876,-0.025940,-0.022964,0.455441,0.889591,0.848600,0.934367,0.048133,-0.037517,0.015593,-0.526051,-0.849482,0.837433,0.993960,0.956883
1044,8.700000,-0.163331,0.116960,0.561649,0.802617,0.776638,1.377633,0.103604,-0.026053,-0.022875,0.455194,0.889717,0.848577,0.934394,0.048122,-0.034517,0.017461,-0.525908,-0.849662,0.837811,0.997144,0.956122
1045,8.708333,-0.155226,0.105540,0.562608,0.805133,0.775400,1.374247,0.099253,-0.026274,-0.022871,0.455020,0.889800,0.848576,0.934428,0.048132,-0.034892,0.017678,-0.525025,-0.850188,0.838305,1.000121,0.955800
1046,8.716667,-0.143854,0.091938,0.563778,0.808089,0.774006,1.370789,0.095121,-0.026552,-0.022879,0.454734,0.889938,0.848553,0.934473,0.048133,-0.033007,0.016492,-0.524135,-0.850835,0.838789,1.003264,0.955346
1047,8.725000,-0.132456,0.077681,0.566766,0.809442,0.772264,1.367348,0.090927,-0.026859,-0.022934,0.454464,0.890064,0.848537,0.934522,0.048140,-0.032216,0.017161,-0.523269,-0.851385,0.839275,1.006479,0.954751
1048,8.733333,-0.120037,0.068774,0.567217,0.811866,0.770690,1.364386,0.086916,-0.027126,-0.022889,0.454144,0.890221,0.848503,0.934567,0.048134,-0.046773,0.024490,-0.522887,-0.850765,0.839359,1.009245,0.956605
1049,8.741667,-0.104957,0.064846,0.563916,0.816565,0.769570,1.361749,0.083028,-0.027591,-0.022907,0.453880,0.890341,0.848486,0.934614,0.048152,-0.043572,0.022641,-0.521968,-0.851550,0.839813,1.012491,0.955854
1050,8.750000,-0.084550,0.061708,0.558246,0.823046,0.769038,1.359738,0.079942,-0.027945,-0.022905,0.453563,0.890492,0.848450,0.934661,0.048156,-0.038402,0.019331,-0.521303,-0.852288,0.840228,1.015735,0.955359
1051,8.758333,-0.063253,0.058806,0.553468,0.828381,0.769084,1.358456,0.076720,-0.028379,-0.022887,0.453232,0.890646,0.848419,0.934709,0.048166,-0.037951,0.021122,-0.520526,-0.852741,0.840591,1.018567,0.954164
1052,8.766667,-0.047162,0.055073,0.551633,0.830929,0.769403,1.358070,0.073449,-0.028744,-0.022936,0.452921,0.890792,0.848389,0.934746,0.048172,-0.033611,0.022850,-0.520308,-0.853011,0.840825,1.021800,0.953094
1053,8.775000,-0.039895,0.049002,0.551100,0.832044,0.769963,1.358264,0.070952,-0.029056,-0.022904,0.452620,0.890936,0.848372,0.934780,0.048187,-0.030637,0.022861,-0.520658,-0.852909,0.840741,1.024789,0.952637
1054,8.783333,-0.036518,0.039563,0.553637,0.831016,0.769866,1.358639,0.068909,-0.029363,-0.022935,0.452349,0.891063,0.848350,0.934808,0.048196,-0.027118,0.023980,-0.520921,-0.852837,0.840669,1.027742,0.951886
1055,8.791667,-0.032006,0.032684,0.554449,0.830959,0.769942,1.358516,0.066728,-0.029664,-0.022945,0.452168,0.891144,0.848335,0.934826,0.048213,-0.027467,0.023556,-0.521378,-0.852559,0.840368,1.030374,0.951389
1056,8.800000,-0.025707,0.027165,0.554326,0.831459,0.770119,1.357525,0.064637,-0.029840,-0.022949,0.451974,0.891237,0.848307,0.934839,0.048218,-0.024597,0.022379,-0.521552,-0.852571,0.840400,1.033210,0.950565
1057,8.808333,-0.017720,0.021350,0.554990,0.831394,0.770179,1.356171,0.063030,-0.030201,-0.022997,0.451747,0.891338,0.848287,0.934858,0.048234,-0.022413,0.023339,-0.522248,-0.852180,0.840102,1.036042,0.949867
1058,8.816667,-0.010104,0.017798,0.557372,0.830011,0.770069,1.355106,0.061539,-0.030523,-0.023017,0.451574,0.891414,0.848264,0.934876,0.048253,-0.022112,0.023780,-0.522869,-0.851794,0.839898,1.038669,0.949054
1059,8.825000,-0.004600,0.013626,0.558847,0.829146,0.770283,1.354674,0.060343,-0.030916,-0.023072,0.451360,0.891508,0.848246,0.934896,0.048272,-0.020853,0.023828,-0.523185,-0.851631,0.839793,1.041240,0.948439
1060,8.833333,0.002255,0.009828,0.558920,0.829160,0.770611,1.354548,0.059310,-0.031215,-0.023123,0.451141,0.891607,0.848210,0.934916,0.048280,-0.019101,0.022460,-0.524115,-0.851137,0.839494,1.043843,0.947983
1061,8.841667,0.008391,0.008434,0.558639,0.829325,0.770713,1.354321,0.058205,-0.031682,-0.023265,0.450947,0.891685,0.848192,0.934955,0.048304,-0.023597,0.019466,-0.523832,-0.851272,0.839474,1.046135,0.948244
1062,8.850000,0.012118,0.003433,0.558120,0.829664,0.770659,1.354093,0.057329,-0.032147,-0.023325,0.450736,0.891773,0.848164,0.934987,0.048321,-0.022832,0.018923,-0.526168,-0.849864,0.838784,1.048343,0.948413
1063,8.858333,0.015837,-0.001457,0.557979,0.829703,0.770688,1.354006,0.056647,-0.032748,-0.023432,0.450492,0.891872,0.848117,0.935036,0.048327,-0.022133,0.017983,-0.527064,-0.849347,0.838516,1.050793,0.948057
1064,8.866667,0.018679,-0.005150,0.558410,0.829339,0.770669,1.353750,0.056122,-0.033264,-0.023609,0.450236,0.891977,0.848075,0.935088,0.048338,-0.022084,0.017606,-0.528062,-0.848736,0.838112,1.053076,0.947865
1065,8.875000,0.020139,-0.007036,0.559053,0.828857,0.770752,1.353576,0.055687,-0.033957,-0.023805,0.449968,0.892082,0.848035,0.935136,0.048355,-0.020107,0.016523,-0.529355,-0.848001,0.837680,1.055477,0.947513
1066,8.883333,0.023620,-0.006768,0.559527,0.828448,0.770943,1.353389,0.055309,-0.034631,-0.024026,0.449687,0.892191,0.847982,0.935190,0.048366,-0.019623,0.015225,-0.530429,-0.847366,0.837258,1.057680,0.947307
1067,8.891667,0.027157,-0.005677,0.560358,0.827786,0.771112,1.353187,0.054906,-0.035290,-0.024351,0.449393,0.892305,0.847916,0.935236,0.048365,-0.019212,0.016029,-0.531616,-0.846616,0.836715,1.059820,0.947089
1068,8.900000,0.029257,-0.005777,0.560910,0.827339,0.771240,1.353182,0.054705,-0.035927,-0.024669,0.449136,0.892400,0.847847,0.935261,0.048360,-0.018219,0.014447,-0.532578,-0.846062,0.836308,1.061965,0.946731
1069,8.908333,0.029943,-0.005154,0.561571,0.826871,0.771426,1.353256,0.054666,-0.036485,-0.024940,0.448915,0.892481,0.847785,0.935285,0.048359,-0.018132,0.014106,-0.533745,-0.845333,0.835636,1.064029,0.946207
1070,8.916667,0.031459,-0.003620,0.562091,0.826469,0.771630,1.353400,0.054664,-0.036963,-0.025161,0.448828,0.892499,0.847745,0.935308,0.048369,-0.017574,0.012159,-0.534651,-0.844803,0.835058,1.065982,0.945799
1071,8.925000,0.032109,-0.003367,0.562274,0.826321,0.771806,1.353590,0.054700,-0.037523,-0.025467,0.448660,0.892551,0.847697,0.935326,0.048377,-0.017361,0.011463,-0.535664,-0.844175,0.834471,1.067750,0.945499
1072,8.933333,0.032167,-0.003615,0.562456,0.826194,0.771913,1.353676,0.054653,-0.038125,-0.025644,0.448511,0.892596,0.847644,0.935356,0.048404,-0.015999,0.009311,-0.536070,-0.843971,0.833953,1.069665,0.944782
1073,8.941667,0.033009,-0.003616,0.562730,0.825973,0.771931,1.353702,0.054643,-0.038846,-0.025817,0.448388,0.892621,0.847601,0.935399,0.048434,-0.018514,0.008193,-0.537139,-0.843251,0.833165,1.071126,0.944419
1074,8.950000,0.033117,-0.003539,0.563144,0.825688,0.771901,1.353723,0.054625,-0.039613,-0.026012,0.448195,0.892679,0.847557,0.935453,0.048477,-0.017267,0.006692,-0.537391,-0.843130,0.832668,1.072842,0.943816
1075,8.958333,0.032826,-0.003830,0.563583,0.825398,0.771821,1.353767,0.054600,-0.040284,-0.026110,0.447989,0.892749,0.847516,0.935507,0.048532,-0.018199,0.004702,-0.538179,-0.842621,0.832090,1.074370,0.943555
1076,8.966667,0.032555,-0.004305,0.563698,0.825328,0.771773,1.353849,0.054610,-0.040922,-0.026117,0.447779,0.892826,0.847468,0.935546,0.048576,-0.018163,0.002857,-0.538826,-0.842216,0.831542,1.075899,0.943292
1077,8.975000,0.032181,-0.004764,0.563646,0.825376,0.771723,1.353952,0.054631,-0.041428,-0.026196,0.447404,0.892988,0.847411,0.935623,0.048599,-0.018735,0.001625,-0.539243,-0.841940,0.831004,1.077290,0.943230
1078,8.983333,0.031738,-0.005285,0.563685,0.825363,0.771653,1.354044,0.054629,-0.041904,-0.026185,0.447238,0.893049,0.847383,0.935667,0.048650,-0.021324,0.000930,-0.539935,-0.841436,0.830408,1.078632,0.943305
1079,8.991667,0.031368,-0.005590,0.563795,0.825300,0.771588,1.354128,0.054642,-0.042220,-0.026054,0.447099,0.893108,0.847369,0.935711,0.048708,-0.020777,-0.000748,-0.540183,-0.841291,0.830006,1.080067,0.943262
1080,9.000000,0.031152,-0.005791,0.563900,0.825235,0.771549,1.354156,0.054621,-0.042601,-0.026000,0.446975,0.893153,0.847369,0.935742,0.048757,-0.021035,-0.002078,-0.540678,-0.840964,0.829387,1.081613,0.943290
1081,9.008333,0.031078,-0.006116,0.563966,0.825190,0.771528,1.354169,0.054606,-0.042952,-0.025888,0.446882,0.893186,0.847370,0.935775,0.048811,-0.023338,-0.002757,-0.540818,-0.840811,0.828956,1.082842,0.943551
1082,9.016667,0.031010,-0.006227,0.563998,0.825170,0.771507,1.354201,0.054610,-0.043290,-0.025857,0.446716,0.893254,0.847346,0.935797,0.048851,-0.022089,-0.003460,-0.541064,-0.840684,0.828291,1.084289,0.943867
1083,9.025000,0.030788,-0.006443,0.563996,0.825179,0.771480,1.354229,0.054594,-0.043613,-0.025852,0.446602,0.893295,0.847324,0.935820,0.048889,-0.022289,-0.004809,-0.540886,-0.840787,0.828078,1.085695,0.944149
1084,9.033333,0.030760,-0.006644,0.563961,0.825202,0.771466,1.354267,0.054610,-0.043897,-0.025876,0.446362,0.893400,0.847283,0.935840,0.048908,-0.017603,-0.004430,-0.540453,-0.841179,0.827142,1.087143,0.944623
1085,9.041667,0.030658,-0.006837,0.563974,0.825195,0.771460,1.354290,0.054604,-0.044261,-0.026083,0.446113,0.893501,0.847221,0.935854,0.048920,-0.018967,-0.005001,-0.540062,-0.841397,0.826857,1.088353,0.944661
1086,9.050000,0.030590,-0.007069,0.563974,0.825195,0.771453,1.354313,0.054604,-0.044804,-0.026308,0.445936,0.893556,0.847165,0.935874,0.048937,-0.015985,-0.007394,-0.539468,-0.841822,0.826296,1.089660,0.945171
1087,9.058333,0.030458,-0.007279,0.564011,0.825173,0.771431,1.354326,0.054578,-0.045284,-0.026703,0.445645,0.893665,0.847065,0.935893,0.048931,-0.017366,-0.007828,-0.538886,-0.842163,0.825809,1.090625,0.945259
1088,9.066667,0.030351,-0.007514,0.564027,0.825164,0.771419,1.354355,0.054579,-0.045952,-0.027155,0.445395,0.893742,0.846968,0.935920,0.048918,-0.018553,-0.007753,-0.537858,-0.842795,0.825329,1.091501,0.945126
1089,9.075000,0.030231,-0.007824,0.564002,0.825183,0.771403,1.354374,0.054563,-0.046419,-0.027628,0.445129,0.893836,0.846855,0.935938,0.048896,-0.016442,-0.009744,-0.536791,-0.843499,0.824862,1.092670,0.945150
1090,9.083333,0.030247,-0.008237,0.563830,0.825296,0.771434,1.354467,0.054645,-0.047051,-0.028164,0.444893,0.893903,0.846752,0.935946,0.048868,-0.017835,-0.009700,-0.535860,-0.844062,0.824401,1.093332,0.945201
1091,9.091667,0.030184,-0.008453,0.563812,0.825308,0.771420,1.354497,0.054645,-0.047368,-0.028590,0.444732,0.893953,0.846662,0.935943,0.048837,-0.016277,-0.011483,-0.534945,-0.844652,0.823943,1.094215,0.945195
1092,9.100000,0.030210,-0.008530,0.563790,0.825321,0.771403,1.354503,0.054630,-0.047658,-0.029073,0.444637,0.893969,0.846586,0.935924,0.048803,-0.016324,-0.012309,-0.534202,-0.845110,0.823340,1.094875,0.945356
1093,9.108333,0.030242,-0.008662,0.563754,0.825343,0.771402,1.354500,0.054614,-0.047825,-0.029339,0.444489,0.894026,0.846506,0.935898,0.048765,-0.016718,-0.012381,-0.532808,-0.845980,0.823226,1.095667,0.944902
1094,9.116667,0.030121,-0.008644,0.563720,0.825371,0.771363,1.354453,0.054533,-0.048049,-0.029792,0.444419,0.894033,0.846449,0.935863,0.048719,-0.017403,-0.012320,-0.531940,-0.846513,0.822542,1.096060,0.945086
1095,9.125000,0.030193,-0.008927,0.563666,0.825403,0.771384,1.354512,0.054599,-0.048318,-0.030192,0.444402,0.894014,0.846408,0.935826,0.048692,-0.017942,-0.013486,-0.530902,-0.847136,0.822083,1.096531,0.945177
1096,9.133333,0.030161,-0.009131,0.563593,0.825451,0.771379,1.354523,0.054608,-0.048326,-0.030489,0.444399,0.894005,0.846367,0.935776,0.048650,-0.015211,-0.015247,-0.529673,-0.847929,0.821919,1.097335,0.944985
1097,9.141667,0.030253,-0.009205,0.563554,0.825474,0.771379,1.354523,0.054601,-0.048113,-0.030716,0.444457,0.893979,0.846351,0.935725,0.048624,-0.016344,-0.015344,-0.529046,-0.848297,0.821412,1.097604,0.945117
1098,9.150000,0.030140,-0.009083,0.563532,0.825494,0.771349,1.354465,0.054526,-0.047892,-0.030916,0.444520,0.893953,0.846339,0.935672,0.048596,-0.017365,-0.015053,-0.528428,-0.848667,0.820978,1.097999,0.945052
1099,9.158333,0.030137,-0.009440,0.563479,0.825527,0.771370,1.354512,0.054584,-0.047668,-0.031100,0.444563,0.893938,0.846331,0.935609,0.048565,-0.017718,-0.014900,-0.527673,-0.849132,0.820566,1.098347,0.945034
1100,9.166667,0.030133,-0.009250,0.563437,0.825558,0.771344,1.354459,0.054523,-0.047516,-0.031234,0.444611,0.893917,0.846324,0.935565,0.048542,-0.018956,-0.015245,-0.527092,-0.849460,0.820207,1.098545,0.945121
1101,9.175000,0.030137,-0.009326,0.563384,0.825592,0.771355,1.354460,0.054529,-0.047315,-0.031339,0.444670,0.893895,0.846314,0.935543,0.048515,-0.018736,-0.015980,-0.526619,-0.849745,0.819741,1.098794,0.945309
1102,9.183333,0.030058,-0.009634,0.563346,0.825618,0.771362,1.354495,0.054577,-0.047300,-0.031527,0.444672,0.893888,0.846290,0.935523,0.048485,-0.017672,-0.017033,-0.526030,-0.850112,0.819376,1.099140,0.945291
1103,9.191667,0.030161,-0.009499,0.563334,0.825624,0.771335,1.354442,0.054531,-0.047374,-0.031676,0.444675,0.893877,0.846271,0.935521,0.048473,-0.017947,-0.017133,-0.525512,-0.850424,0.819077,1.099276,0.945312
1104,9.200000,0.030081,-0.009682,0.563285,0.825658,0.771330,1.354434,0.054523,-0.047579,-0.031857,0.444617,0.893889,0.846246,0.935520,0.048464,-0.018876,-0.016850,-0.525244,-0.850575,0.818736,1.099308,0.945387
1105,9.208333,0.030029,-0.009785,0.563287,0.825657,0.771325,1.354417,0.054524,-0.047816,-0.032035,0.444581,0.893888,0.846226,0.935535,0.048455,-0.019687,-0.016754,-0.525106,-0.850644,0.818455,1.099439,0.945253
1106,9.216667,0.030057,-0.009925,0.563266,0.825669,0.771315,1.354419,0.054530,-0.047955,-0.032165,0.444537,0.893898,0.846200,0.935548,0.048442,-0.021853,-0.015663,-0.525179,-0.850567,0.818055,1.099373,0.945313
1107,9.225000,0.030069,-0.009950,0.563259,0.825673,0.771320,1.354412,0.054538,-0.048101,-0.032309,0.444489,0.893908,0.846173,0.935556,0.048446,-0.018303,-0.017068,-0.524856,-0.850823,0.817828,1.099712,0.945313
1108,9.233333,0.029996,-0.010089,0.563271,0.825666,0.771317,1.354406,0.054537,-0.048221,-0.032359,0.444466,0.893911,0.846161,0.935567,0.048441,-0.018256,-0.016800,-0.524819,-0.850852,0.817569,1.099759,0.945144
1109,9.241667,0.030071,-0.010134,0.563292,0.825649,0.771317,1.354402,0.054553,-0.048215,-0.032479,0.444466,0.893908,0.846143,0.935560,0.048429,-0.018327,-0.016394,-0.524915,-0.850799,0.817291,1.099672,0.945070
1110,9.250000,0.030038,-0.010231,0.563295,0.825646,0.771311,1.354401,0.054550,-0.048222,-0.032560,0.444448,0.893913,0.846133,0.935551,0.048412,-0.017351,-0.016449,-0.525236,-0.850621,0.817033,1.099712,0.944983
1111,9.258333,0.029985,-0.010278,0.563312,0.825636,0.771308,1.354392,0.054553,-0.048104,-0.032680,0.444504,0.893887,0.846133,0.935539,0.048400,-0.016960,-0.016156,-0.525590,-0.850416,0.816814,1.099627,0.944924
1112,9.266667,0.030037,-0.010348,0.563327,0.825623,0.771310,1.354390,0.054558,-0.048004,-0.032791,0.444534,0.893874,0.846119,0.935521,0.048382,-0.017361,-0.016358,-0.526219,-0.850015,0.816596,1.099557,0.944871
1113,9.275000,0.030081,-0.010418,0.563341,0.825611,0.771302,1.354391,0.054553,-0.047825,-0.032799,0.444603,0.893848,0.846117,0.935495,0.048372,-0.018723,-0.016298,-0.526998,-0.849504,0.816296,1.099273,0.945185
1114,9.283333,0.029992,-0.010392,0.563368,0.825596,0.771299,1.354388,0.054555,-0.047749,-0.032881,0.444668,0.893817,0.846113,0.935475,0.048355,-0.017239,-0.016960,-0.527299,-0.849336,0.816170,1.099360,0.944783
1115,9.291667,0.030005,-0.010498,0.563395,0.825576,0.771287,1.354382,0.054550,-0.047508,-0.032928,0.444676,0.893824,0.846101,0.935441,0.048331,-0.017839,-0.016787,-0.527906,-0.848950,0.815936,1.099089,0.944875
1116,9.300000,0.029957,-0.010618,0.563400,0.825572,0.771292,1.354392,0.054559,-0.047373,-0.033047,0.444756,0.893787,0.846091,0.935407,0.048321,-0.021682,-0.014414,-0.529363,-0.847996,0.815357,1.098331,0.945661
1117,9.308333,0.029816,-0.010679,0.563427,0.825559,0.771271,1.354397,0.054569,-0.047191,-0.033104,0.444803,0.893772,0.846086,0.935381,0.048307,-0.021439,-0.014393,-0.530059,-0.847568,0.815286,1.098331,0.945682
1118,9.316667,0.029743,-0.010767,0.563475,0.825527,0.771263,1.354396,0.054561,-0.046945,-0.033226,0.444883,0.893740,0.846077,0.935351,0.048286,-0.020575,-0.014511,-0.530455,-0.847339,0.815346,1.098411,0.945528
1119,9.325000,0.029740,-0.010819,0.563501,0.825509,0.771253,1.354399,0.054569,-0.046803,-0.033321,0.444909,0.893731,0.846067,0.935322,0.048271,-0.021228,-0.013870,-0.531224,-0.846852,0.815243,1.098234,0.945745
1120,9.333333,0.029654,-0.010889,0.563544,0.825482,0.771235,1.354406,0.054576,-0.046620,-0.033296,0.445050,0.893671,0.846081,0.935273,0.048282,-0.022050,-0.013625,-0.531957,-0.846374,0.815222,1.098086,0.945912
1121,9.341667,0.029663,-0.010892,0.563583,0.825455,0.771229,1.354415,0.054585,-0.046332,-0.033303,0.445106,0.893658,0.846070,0.935250,0.048267,-0.022256,-0.013131,-0.532539,-0.846011,0.815189,1.097955,0.945980
1122,9.350000,0.029572,-0.011030,0.563631,0.825423,0.771213,1.354421,0.054589,-0.046197,-0.033357,0.445200,0.893616,0.846074,0.935221,0.048252,-0.022486,-0.012810,-0.533226,-0.845577,0.815145,1.097849,0.946060
1123,9.358333,0.029548,-0.011080,0.563683,0.825388,0.771211,1.354421,0.054593,-0.045982,-0.033377,0.445258,0.893598,0.846068,0.935189,0.048242,-0.021971,-0.013071,-0.533715,-0.845278,0.815169,1.097798,0.945962
1124,9.366667,0.029536,-0.011157,0.563726,0.825358,0.771202,1.354431,0.054598,-0.045836,-0.033401,0.445382,0.893542,0.846078,0.935173,0.048230,-0.022297,-0.013245,-0.534325,-0.844881,0.815189,1.097517,0.946052
1125,9.375000,0.029478,-0.011212,0.563781,0.825322,0.771194,1.354434,0.054621,-0.045701,-0.033462,0.445497,0.893490,0.846085,0.935149,0.048215,-0.021509,-0.013766,-0.534797,-0.844594,0.815273,1.097385,0.945935
1126,9.383333,0.029415,-0.011358,0.563824,0.825293,0.771181,1.354437,0.054617,-0.045538,-0.033522,0.445618,0.893435,0.846092,0.935132,0.048208,-0.021870,-0.013028,-0.535419,-0.844203,0.815148,1.096946,0.945923
1127,9.391667,0.029269,-0.011482,0.563946,0.825213,0.771168,1.354441,0.054629,-0.045416,-0.033512,0.445764,0.893370,0.846098,0.935107,0.048199,-0.021526,-0.013781,-0.535978,-0.843845,0.815182,1.096635,0.945750
1128,9.400000,0.029210,-0.011617,0.564007,0.825171,0.771153,1.354438,0.054638,-0.045224,-0.033556,0.445870,0.893325,0.846105,0.935079,0.048195,-0.020928,-0.014093,-0.536561,-0.843485,0.815194,1.096335,0.945622
1129,9.408333,0.029210,-0.011570,0.564052,0.825141,0.771134,1.354436,0.054645,-0.045022,-0.033565,0.446015,0.893262,0.846114,0.935044,0.048172,-0.020694,-0.014230,-0.537329,-0.842999,0.815104,1.096017,0.945534
1130,9.416667,0.029210,-0.011649,0.564139,0.825081,0.771121,1.354428,0.054645,-0.044874,-0.033647,0.446151,0.893198,0.846137,0.935029,0.048175,-0.020270,-0.014428,-0.538046,-0.842548,0.815055,1.095679,0.945424
1131,9.425000,0.029133,-0.011784,0.564203,0.825038,0.771105,1.354428,0.054653,-0.044624,-0.033617,0.446235,0.893170,0.846149,0.935010,0.048157,-0.019721,-0.014660,-0.538585,-0.842212,0.815061,1.095329,0.945279
1132,9.433333,0.029030,-0.011881,0.564279,0.824988,0.771083,1.354418,0.054657,-0.044510,-0.033638,0.446337,0.893124,0.846160,0.934987,0.048149,-0.019433,-0.015037,-0.539016,-0.841937,0.815246,1.094874,0.945265
1133,9.441667,0.028955,-0.011878,0.564333,0.824954,0.771070,1.354419,0.054674,-0.044294,-0.033665,0.446443,0.893081,0.846169,0.934964,0.048134,-0.018914,-0.015105,-0.539704,-0.841507,0.815245,1.094574,0.945113
1134,9.450000,0.028999,-0.011923,0.564374,0.824924,0.771064,1.354416,0.054687,-0.043976,-0.033554,0.446537,0.893054,0.846176,0.934937,0.048123,-0.018750,-0.015408,-0.540259,-0.841149,0.815324,1.094276,0.945056
1135,9.458333,0.028964,-0.012035,0.564480,0.824851,0.771047,1.354413,0.054685,-0.043720,-0.033474,0.446598,0.893039,0.846186,0.934909,0.048107,-0.018293,-0.015617,-0.540790,-0.840814,0.815436,1.094022,0.944966
1136,9.466667,0.029018,-0.011946,0.564535,0.824812,0.771039,1.354419,0.054700,-0.043533,-0.033419,0.446676,0.893011,0.846199,0.934885,0.048098,-0.017820,-0.015550,-0.541134,-0.840604,0.815612,1.093653,0.944872
1137,9.475000,0.028932,-0.011955,0.564655,0.824733,0.771021,1.354420,0.054705,-0.043178,-0.033271,0.446724,0.893010,0.846202,0.934856,0.048082,-0.017542,-0.015754,-0.541652,-0.840272,0.815783,1.093383,0.944822
1138,9.483333,0.028864,-0.012016,0.564744,0.824674,0.770995,1.354428,0.054701,-0.042945,-0.033210,0.446797,0.892987,0.846224,0.934837,0.048075,-0.017020,-0.014986,-0.542227,-0.839926,0.815789,1.093076,0.944657
1139,9.491667,0.028717,-0.011984,0.564903,0.824571,0.770972,1.354433,0.054695,-0.042715,-0.033062,0.446910,0.892946,0.846245,0.934812,0.048073,-0.016667,-0.014675,-0.542846,-0.839539,0.815857,1.092826,0.944588
1140,9.500000,0.028630,-0.011963,0.565002,0.824506,0.770946,1.354454,0.054719,-0.042405,-0.032975,0.446973,0.892933,0.846254,0.934778,0.048062,-0.015593,-0.014604,-0.543321,-0.839253,0.816130,1.092697,0.944571
1141,9.508333,0.028529,-0.012101,0.565178,0.824387,0.770916,1.354464,0.054722,-0.042092,-0.032834,0.447089,0.892895,0.846272,0.934753,0.048065,-0.015591,-0.014304,-0.544014,-0.838809,0.816217,1.092452,0.944569
1142,9.516667,0.028487,-0.012068,0.565331,0.824284,0.770894,1.354473,0.054735,-0.041730,-0.032644,0.447144,0.892891,0.846290,0.934729,0.048059,-0.015682,-0.014232,-0.544658,-0.838391,0.816329,1.092183,0.944554
1143,9.525000,0.028478,-0.012078,0.565452,0.824201,0.770873,1.354482,0.054738,-0.041582,-0.032560,0.447265,0.892841,0.846314,0.934696,0.048062,-0.016359,-0.014503,-0.544889,-0.838223,0.816554,1.091709,0.944541
1144,9.533333,0.028493,-0.012050,0.565578,0.824114,0.770859,1.354493,0.054756,-0.041245,-0.032391,0.447346,0.892822,0.846329,0.934673,0.048057,-0.016050,-0.013986,-0.545460,-0.837867,0.816705,1.091490,0.944506
1145,9.541667,0.028506,-0.012054,0.565712,0.824022,0.770850,1.354502,0.054771,-0.040936,-0.032224,0.447413,0.892809,0.846349,0.934652,0.048056,-0.016596,-0.014428,-0.546036,-0.837473,0.816968,1.091253,0.944615
1146,9.550000,0.028651,-0.011950,0.565845,0.823927,0.770835,1.354504,0.054768,-0.040731,-0.032069,0.447520,0.892770,0.846374,0.934635,0.048058,-0.016470,-0.014255,-0.546489,-0.837183,0.817195,1.091066,0.944605
1147,9.558333,0.028820,-0.011864,0.565958,0.823844,0.770828,1.354505,0.054766,-0.040411,-0.031863,0.447578,0.892763,0.846385,0.934610,0.048059,-0.015255,-0.013775,-0.546943,-0.836917,0.817370,1.090966,0.944447
1148,9.566667,0.028792,-0.011825,0.566217,0.823668,0.770793,1.354506,0.054774,-0.040111,-0.031729,0.447661,0.892740,0.846413,0.934589,0.048053,-0.014934,-0.013368,-0.547645,-0.836471,0.817515,1.090832,0.944455
1149,9.575000,0.028845,-0.011797,0.566289,0.823618,0.770790,1.354514,0.054773,-0.039837,-0.031507,0.447761,0.892709,0.846434,0.934569,0.048061,-0.014867,-0.013416,-0.548198,-0.836109,0.817682,1.090645,0.944423
1150,9.583333,0.028971,-0.011726,0.566386,0.823547,0.770790,1.354519,0.054778,-0.039559,-0.031327,0.447836,0.892691,0.846458,0.934555,0.048064,-0.014983,-0.013443,-0.548654,-0.835807,0.817914,1.090425,0.944424
1151,9.591667,0.029049,-0.011694,0.566417,0.823524,0.770794,1.354528,0.054783,-0.039243,-0.031144,0.447947,0.892655,0.846488,0.934537,0.048075,-0.015099,-0.012920,-0.549095,-0.835524,0.818032,1.090114,0.944419
1152,9.600000,0.029159,-0.011627,0.566512,0.823455,0.770793,1.354536,0.054784,-0.039060,-0.030986,0.448056,0.892614,0.846511,0.934516,0.048074,-0.013720,-0.012613,-0.549434,-0.835330,0.818234,1.090038,0.944193
1153,9.608333,0.029109,-0.011602,0.566546,0.823434,0.770792,1.354536,0.054776,-0.038820,-0.030785,0.448131,0.892594,0.846535,0.934501,0.048082,-0.013834,-0.012450,-0.549858,-0.835051,0.818365,1.089817,0.944113
1154,9.616667,0.029187,-0.011629,0.566559,0.823422,0.770799,1.354549,0.054791,-0.038498,-0.030597,0.448158,0.892601,0.846548,0.934487,0.048086,-0.013803,-0.012323,-0.550369,-0.834716,0.818527,1.089643,0.944077
1155,9.625000,0.029264,-0.011587,0.566638,0.823366,0.770800,1.354548,0.054786,-0.038243,-0.030386,0.448230,0.892583,0.846571,0.934464,0.048088,-0.014673,-0.012912,-0.550804,-0.834406,0.818767,1.089446,0.944169
1156,9.633333,0.029390,-0.011433,0.566680,0.823335,0.770812,1.354551,0.054792,-0.038082,-0.030292,0.448297,0.892559,0.846589,0.934455,0.048093,-0.014127,-0.012466,-0.551348,-0.834063,0.818925,1.089394,0.944228
1157,9.641667,0.029474,-0.011333,0.566741,0.823291,0.770820,1.354549,0.054781,-0.037847,-0.030059,0.448352,0.892549,0.846609,0.934447,0.048099,-0.014478,-0.012833,-0.551628,-0.833866,0.819141,1.089284,0.944274
1158,9.650000,0.029655,-0.011306,0.566767,0.823267,0.770837,1.354554,0.054788,-0.037780,-0.029964,0.448443,0.892510,0.846628,0.934439,0.048104,-0.014476,-0.012660,-0.552022,-0.833608,0.819297,1.089164,0.944294
1159,9.658333,0.029764,-0.011202,0.566804,0.823239,0.770846,1.354549,0.054775,-0.037576,-0.029804,0.448501,0.892494,0.846651,0.934432,0.048116,-0.014029,-0.012476,-0.552021,-0.833619,0.819600,1.089040,0.944238
1160,9.666667,0.029852,-0.011121,0.566854,0.823202,0.770861,1.354548,0.054768,-0.037428,-0.029681,0.448532,0.892489,0.846658,0.934425,0.048115,-0.014244,-0.012239,-0.552413,-0.833359,0.819771,1.088967,0.944262
1161,9.675000,0.029984,-0.011032,0.566881,0.823180,0.770885,1.354548,0.054760,-0.037233,-0.029563,0.448516,0.892509,0.846671,0.934421,0.048115,-0.014375,-0.012089,-0.552776,-0.833118,0.819937,1.088912,0.944271
1162,9.683333,0.030170,-0.010797,0.566939,0.823136,0.770908,1.354549,0.054752,-0.037167,-0.029490,0.448604,0.892470,0.846687,0.934406,0.048120,-0.014560,-0.011802,-0.553114,-0.832895,0.820077,1.088843,0.944279
1163,9.691667,0.030417,-0.010734,0.566971,0.823106,0.770928,1.354547,0.054755,-0.037072,-0.029364,0.448630,0.892465,0.846701,0.934404,0.048124,-0.014014,-0.011400,-0.553348,-0.832754,0.820224,1.088826,0.944137
1164,9.700000,0.030640,-0.010527,0.566983,0.823092,0.770952,1.354555,0.054747,-0.037043,-0.029266,0.448655,0.892457,0.846714,0.934405,0.048133,-0.014384,-0.010764,-0.553591,-0.832595,0.820358,1.088647,0.944196
1165,9.708333,0.030840,-0.010317,0.567020,0.823062,0.770970,1.354557,0.054743,-0.036895,-0.029176,0.448633,0.892478,0.846714,0.934400,0.048130,-0.014721,-0.010345,-0.553881,-0.832402,0.820478,1.088532,0.944163
1166,9.716667,0.030854,-0.010242,0.567057,0.823037,0.770985,1.354564,0.054738,-0.036838,-0.029113,0.448690,0.892453,0.846734,0.934397,0.048135,-0.015731,-0.010636,-0.554125,-0.832217,0.820683,1.088420,0.944262
1167,9.725000,0.031039,-0.010134,0.567128,0.822982,0.770999,1.354569,0.054741,-0.036823,-0.029075,0.448695,0.892452,0.846735,0.934397,0.048143,-0.016044,-0.010151,-0.554429,-0.832015,0.820782,1.088335,0.944322
1168,9.733333,0.031264,-0.009837,0.567168,0.822950,0.771022,1.354574,0.054732,-0.036689,-0.028972,0.448695,0.892461,0.846734,0.934397,0.048139,-0.016290,-0.010199,-0.554191,-0.832168,0.821100,1.088158,0.944271
1169,9.741667,0.031455,-0.009701,0.567211,0.822914,0.771040,1.354577,0.054720,-0.036709,-0.028976,0.448708,0.892454,0.846748,0.934399,0.048144,-0.015886,-0.010321,-0.554354,-0.832065,0.821352,1.088222,0.944242
1170,9.750000,0.031649,-0.009591,0.567210,0.822909,0.771068,1.354585,0.054724,-0.036642,-0.028901,0.448717,0.892455,0.846755,0.934400,0.048144,-0.015897,-0.010077,-0.554600,-0.831904,0.821491,1.088230,0.944252
1171,9.758333,0.031736,-0.009436,0.567260,0.822873,0.771080,1.354583,0.054706,-0.036676,-0.028845,0.448794,0.892416,0.846768,0.934396,0.048152,-0.015404,-0.009882,-0.554616,-0.831905,0.821707,1.088251,0.944171
1172,9.766667,0.031957,-0.009245,0.567312,0.822830,0.771101,1.354584,0.054705,-0.036643,-0.028818,0.448772,0.892430,0.846775,0.934402,0.048160,-0.015516,-0.009502,-0.554800,-0.831785,0.821827,1.088195,0.944152
1173,9.775000,0.032117,-0.009071,0.567350,0.822800,0.771116,1.354577,0.054688,-0.036581,-0.028732,0.448762,0.892440,0.846780,0.934401,0.048163,-0.015667,-0.009386,-0.555072,-0.831602,0.821949,1.088180,0.944129
1174,9.783333,0.032314,-0.008891,0.567401,0.822759,0.771143,1.354581,0.054686,-0.036585,-0.028684,0.448757,0.892444,0.846785,0.934396,0.048160,-0.015648,-0.009265,-0.555218,-0.831506,0.822113,1.088175,0.944119
1175,9.791667,0.032468,-0.008675,0.567388,0.822764,0.771167,1.354585,0.054687,-0.036553,-0.028648,0.448774,0.892438,0.846795,0.934402,0.048171,-0.014812,-0.009193,-0.555241,-0.831507,0.822297,1.088197,0.943953
1176,9.800000,0.032631,-0.008537,0.567412,0.822743,0.771193,1.354584,0.054680,-0.036575,-0.028553,0.448809,0.892422,0.846804,0.934399,0.048174,-0.014671,-0.008867,-0.555390,-0.831414,0.822438,1.088146,0.943978
1177,9.808333,0.032850,-0.008312,0.567444,0.822715,0.771217,1.354578,0.054666,-0.036522,-0.028517,0.448828,0.892416,0.846821,0.934407,0.048180,-0.016144,-0.008881,-0.555442,-0.831351,0.822624,1.087881,0.944163
1178,9.816667,0.033020,-0.008180,0.567440,0.822712,0.771233,1.354583,0.054668,-0.036428,-0.028415,0.448813,0.892431,0.846826,0.934409,0.048184,-0.016347,-0.008713,-0.555568,-0.831265,0.822765,1.087826,0.944140
1179,9.825000,0.033204,-0.007959,0.567496,0.822668,0.771256,1.354585,0.054660,-0.036381,-0.028373,0.448825,0.892428,0.846835,0.934407,0.048190,-0.016277,-0.008767,-0.555699,-0.831178,0.822916,1.087833,0.944158
1180,9.833333,0.033379,-0.007750,0.567514,0.822650,0.771278,1.354580,0.054652,-0.036410,-0.028257,0.448830,0.892428,0.846844,0.934413,0.048191,-0.016416,-0.008860,-0.555511,-0.831300,0.823193,1.087744,0.944115
