frame_id,timestamp,gait_type,root_linear_velocity_x,root_linear_velocity_y,root_linear_velocity_z,root_angular_velocity_x,root_angular_velocity_y,root_angular_velocity_z,left_linear_velocity_x,left_linear_velocity_y,left_linear_velocity_z,right_linear_velocity_x,right_linear_velocity_y,right_linear_velocity_z,root_acceleration_x,root_acceleration_y,root_acceleration_z,left_acceleration_x,left_acceleration_y,left_acceleration_z,right_acceleration_x,right_acceleration_y,right_acceleration_z,left_pos_rel_x,left_pos_rel_y,left_pos_rel_z,right_pos_rel_x,right_pos_rel_y,right_pos_rel_z,step_length,step_width,step_height,left_contact_prob,right_contact_prob,support_type,max_foot_height
<<<<<<< HEAD
<<<<<<< HEAD
1,0.008333,jog,-0.04104164166567437,-0.08964358574340947,-0.030961238449535636,0.13910645144182834,0.19765404493854918,-0.35322385922095223,0.004800192007685108,-0.012000480019199447,0.02976119044761769,0.0007200288011461046,0.0015600624025009907,-0.0036001440057605,0.0,0.0,0.0,0.0,0.0,0.0,0.0,0.0,0.0,-0.08071399999999995,-0.08776399999999995,-0.90811,0.019376999999999978,0.170188,-0.9054800000000001,0.10009099999999993,0.25795199999999996,0.00262999999999991,0.9459223341217771,0.9670514260016003,double,-0.9054800000000001
2,0.016667,jog,-0.041276697864185495,-0.10715142788577305,-0.027477801775862096,0.35471666202403057,0.08270929901214019,-0.2735934386004858,0.0019198464122889367,-0.00251979841613256,0.041876649868010804,0.0015598752099880916,0.0049196064314804095,0.0014398848092150374,-0.028204487462338432,-2.100772995244009,0.41797896252382283,-0.34561382234175314,1.1375907851052178,1.4537388313406663,0.100773507180464,0.4031130344347754,0.6047550773908732,-0.08035399999999981,-0.08689199999999997,-0.907532,0.01973400000000014,0.171122,-0.905239,0.10008799999999995,0.25801399999999997,0.0022929999999999895,0.9300061709372277,0.9681398689857803,double,-0.905239
=======
1,0.008333,stand,-0.04104164166567437,-0.08964358574340947,-0.030961238449535636,0.13910645144182834,0.19765404493854918,-0.35322385922095223,0.004800192007685108,-0.012000480019199447,0.02976119044761769,0.0007200288011461046,0.0015600624025009907,-0.0036001440057605,0.0,0.0,0.0,0.0,0.0,0.0,0.0,0.0,0.0,-0.08071399999999995,-0.08776399999999995,-0.90811,0.019376999999999978,0.170188,-0.9054800000000001,0.10009099999999993,0.25795199999999996,0.00262999999999991,0.9459223341217771,0.9670514260016003,double,-0.9054800000000001
2,0.016667,stand,-0.041276697864185495,-0.10715142788577305,-0.027477801775862096,0.35471666202403057,0.08270929901214019,-0.2735934386004858,0.0019198464122889367,-0.00251979841613256,0.041876649868010804,0.0015598752099880916,0.0049196064314804095,0.0014398848092150374,-0.028204487462338432,-2.100772995244009,0.41797896252382283,-0.34561382234175314,1.1375907851052178,1.4537388313406663,0.100773507180464,0.4031130344347754,0.6047550773908732,-0.08035399999999981,-0.08689199999999997,-0.907532,0.01973400000000014,0.171122,-0.905239,0.10008799999999995,0.25801399999999997,0.0022929999999999895,0.9300061709372277,0.9681398689857803,double,-0.905239
>>>>>>> 3b0d06690e55fb02323d988053aa126fb7c3a6e7
=======
1,0.008333,stand,-0.04104164166567437,-0.08964358574340947,-0.030961238449535636,0.13910645144182834,0.19765404493854918,-0.35322385922095223,0.004800192007685108,-0.012000480019199447,0.02976119044761769,0.0007200288011461046,0.0015600624025009907,-0.0036001440057605,0.0,0.0,0.0,0.0,0.0,0.0,0.0,0.0,0.0,-0.08071399999999995,-0.08776399999999995,-0.90811,0.019376999999999978,0.170188,-0.9054800000000001,0.10009099999999993,0.25795199999999996,0.00262999999999991,0.9459223341217771,0.9670514260016003,double,-0.9054800000000001
2,0.016667,stand,-0.041276697864185495,-0.10715142788577305,-0.027477801775862096,0.35471666202403057,0.08270929901214019,-0.2735934386004858,0.0019198464122889367,-0.00251979841613256,0.041876649868010804,0.0015598752099880916,0.0049196064314804095,0.0014398848092150374,-0.028204487462338432,-2.100772995244009,0.41797896252382283,-0.34561382234175314,1.1375907851052178,1.4537388313406663,0.100773507180464,0.4031130344347754,0.6047550773908732,-0.08035399999999981,-0.08689199999999997,-0.907532,0.01973400000000014,0.171122,-0.905239,0.10008799999999995,0.25801399999999997,0.0022929999999999895,0.9300061709372277,0.9681398689857803,double,-0.905239
>>>>>>> 3b0d06690e55fb02323d988053aa126fb7c3a6e7
3,0.025,jog,-0.03900156006239154,-0.11016440657625998,-0.026281051242045987,0.07638303983283201,0.284581731699939,-0.3819290767684383,0.0022800912036470954,0.05700228009120403,0.008160326413056355,0.0013200528021100738,0.007920316812660443,0.0025201008040321837,0.27302745731356703,-0.3615719057346611,0.14361580869028073,0.04323110420714733,7.142935138285923,-4.046120659420911,-0.028779840138967696,0.36009964972759306,0.12963110462224245,-0.08000999999999991,-0.08549899999999999,-0.907245,0.020070000000000032,0.17210599999999987,-0.904999,0.10007999999999995,0.25760499999999986,0.0022459999999999702,0.9039524180612568,0.9635137482361196,double,-0.904999
4,0.033333,jog,-0.026281051242045987,-0.12600504020160752,-0.02976119044762102,0.3865872450945507,0.2841961447629432,-0.20725096014248431,-0.004200168006721138,0.005640225609013348,0.03984159366374643,-0.0006000240009639692,0.004560182407294191,-0.0012000480019196116,1.5265221193262395,-1.9009520731246303,-0.41763341000540416,-0.7776622117326574,-6.1636930855863055,3.8019041462486585,-0.23041843310620944,-0.4032322579342676,-0.44643571414278116,-0.07982599999999995,-0.08440200000000009,-0.9066649999999999,0.02028399999999997,0.17319399999999985,-0.9047609999999999,0.10010999999999992,0.25759599999999994,0.0019040000000000168,0.9325708985124141,0.9730375621743543,double,-0.9047609999999999
5,0.041667,jog,-0.012359011279093378,-0.15634749220063043,-0.08987281017518593,-0.03546158543627613,0.12701689230987362,-0.3808258101085926,-0.010199184065288308,0.007319414446854902,0.04859611231101542,0.00035997120230084524,0.008879289656842993,0.0016798656107511545,1.6705111546619398,-3.6408029756446973,-7.212817341920435,-0.7198243410807738,0.20148654161765703,1.0504582010161976,0.11519020917504372,0.5182514098330696,0.34556198856140696,-0.0798080000000001,-0.08303799999999995,-0.905511,0.020389999999999908,0.17457100000000003,-0.903998,0.10019800000000001,0.257609,0.0015129999999999866,0.9163476221499671,0.9697967241130767,double,-0.903998
6,0.05,jog,-0.020520820832850506,-0.1648865954638169,-0.053522140885628997,0.20871550511148793,0.20503592024703918,-0.2197539020904358,-0.01908076323053165,-0.012720508820372197,0.04872194887795472,0.0022800912036470954,0.010080403216125402,0.004320172806911601,-0.9794563247038435,-1.0247333809176125,4.36225480493903,-1.0658321331145255,-2.4048869875467536,0.01510099207239869,0.23042361710623427,0.14413939268959663,0.31684953752075434,-0.07979599999999998,-0.08177000000000012,-0.904659,0.020580000000000043,0.176029,-0.903516,0.10037600000000002,0.2577990000000001,0.0011430000000000051,0.9102516609164083,0.9699005628560267,double,-0.903516
7,0.058333,jog,-0.014280571222846542,-0.1308052322092926,-0.03156126245049961,0.02731860955136804,0.28128880720800054,-0.2602444819639357,-0.03792151686067238,-0.008400336013415631,0.02568102724108951,0.0009600384015370216,0.009840393615734485,0.004680187207488817,0.7488599075967796,4.089927187630421,2.635410828648672,-2.260980874851882,0.5184414744937678,-2.7650211972717154,-0.15841267276011925,-0.028802304139075592,0.04320345620751422,-0.07999299999999998,-0.08074999999999988,-0.904182,0.02070700000000003,0.17720099999999994,-0.903214,0.10070000000000001,0.2579509999999998,0.0009680000000000799,0.9223948339650903,0.9720885274759585,double,-0.903214
8,0.066667,jog,-0.014758819294441228,-0.1880249580033446,-0.05099592032637493,0.2728917922642515,0.2507879111552201,-0.17333105715944838,-0.07367410607150136,-0.04355651547877528,0.07583393328533723,0.008399328053757437,0.022558195344381686,-0.004919606431485405,-0.05738517777714009,-6.865817829859849,-2.3319723873140528,-4.2899675078988455,-4.218404063518076,6.0178672959260515,0.8926433467987058,1.5260141263075593,-1.151883086030024,-0.080484,-0.07954600000000012,-0.903125,0.02089999999999992,0.1789559999999999,-0.90283,0.10138399999999992,0.258502,0.0002949999999999342,0.8094173452598249,0.9561020853742683,double,-0.90283
9,0.075,jog,-0.0016800672026831276,-0.17820712828515323,-0.051002040081604354,0.1058723931863207,0.36192993126506473,-0.15912569589483674,-0.12948517940718265,-0.07728309132366368,0.05568222728909151,-0.0012000480019279396,0.010200408016307547,0.0018000720028802516,1.5695130315322345,1.178186693650711,-0.0007344000035313197,-6.697596704149927,-4.047350995426428,-2.418301451607553,-1.1519712055304674,-1.4829937991208628,0.8063936678705942,-0.0815490000000001,-0.07870500000000002,-0.902236,0.02090399999999981,0.18052599999999996,-0.90239,0.1024529999999999,0.259231,0.00015399999999998748,0.730548331687237,0.9826211576493431,double,-0.902236
10,0.083333,jog,-0.004080163206539,-0.18720748829953252,-0.02916116644665703,0.14434827361327227,0.3316152076916655,-0.14957408431027477,-0.21864874594983663,-0.05424216968677505,0.021840873634945572,0.0009600384015370207,0.03612144485780709,0.03180127205088134,-0.2880230413843598,-1.080086405181721,2.62100967658074,-10.700055987357963,2.7650211972745233,-4.061124883492849,0.2592207372452848,3.1106488469338203,3.600288017280819,-0.083337,-0.07759699999999992,-0.901811,0.02094599999999991,0.18238700000000008,-0.901882,0.1042829999999999,0.259984,7.099999999993223e-05,0.6220687606173314,0.9197745995404512,double,-0.901811
11,0.091667,jog,0.0019198464122889385,-0.20602351811854688,-0.04691624670026764,0.2210531445881142,0.43285154249778335,-0.10984118234038293,-0.1509479241660646,-0.13018958483321375,0.062275017998559994,-0.00767938564912911,0.01847852171826105,-0.00479961603071735,0.7199435587746511,-2.257742958845018,-2.1304391952976505,8.123448738153598,-9.112960780710191,4.851709186898782,-1.036647954243597,-2.116981418232068,-4.391755229373496,-0.08461099999999999,-0.07696499999999995,-0.900901,0.02086600000000005,0.18425800000000003,-0.901531,0.10547700000000004,0.261223,0.0006300000000000194,0.6456387758365814,0.9657028895417552,double,-0.900901
12,0.1,jog,0.008280331213233488,-0.22116884675387466,-0.03720148805952624,0.17533096274280224,0.3221734164968647,-0.06946414699030384,-0.23772950918036828,-0.1369254770190877,0.06468258730349266,-0.03564142565702526,-0.020640825633032624,-0.011760470418816846,0.7632887076616518,-1.8175121367248006,1.16581766959575,-10.414206769987233,-0.8083393958807084,0.2889198733868554,-3.3555790241084993,-4.6945094625337385,-0.8353359400095391,-0.08666099999999988,-0.07626299999999997,-0.900052,0.020500000000000185,0.185929,-0.901319,0.10716100000000006,0.262192,0.0012670000000000181,0.5175554001109873,0.9286117117808378,double,-0.900052
13,0.108333,jog,0.009960398415943277,-0.22500900035999646,-0.041881675267002635,0.13047955279148044,0.3647831033409365,-0.14668091054203636,-0.1809672386895555,-0.16680667226689108,0.08352334093363684,-0.008760350414015336,0.0387615504620273,-0.0002400096003834229,0.2016161289703336,-0.4608368662092653,-0.5616449306943954,6.811744928694687,-3.585886865211018,2.260980874852297,3.2258580634837326,7.128570274218165,1.3825105986359574,-0.088252,-0.07577800000000012,-0.899007,0.02034400000000014,0.18812699999999993,-0.900972,0.10859600000000014,0.26390500000000006,0.0019649999999999945,0.547177735471617,0.9337668441076672,double,-0.899007
14,0.116667,jog,0.01727861771060042,-0.24862011039117732,-0.034197264218860025,0.209701031964937,0.4086222346476462,-0.004578717040646735,-0.33105351571873687,-0.14362850971920943,-0.03167746580273579,-0.008039356851456585,0.036477081833463126,0.006599472042236554,0.8781160660735703,-2.8331065552172823,0.9220555613322058,-18.008912530499305,2.7811570131607426,-13.822990969087174,0.08651230652252823,-0.27411430628319755,0.820672143342929,-0.0911550000000001,-0.07490299999999994,-0.8989860000000001,0.020132999999999956,0.1905030000000001,-0.900632,0.11128800000000005,0.26540600000000003,0.0016459999999999253,0.4835400000000001,0.9367816440838561,single,-0.8989860000000001
15,0.125,jog,0.02544101764069112,-0.24792991719667623,-0.03312132485300062,0.10089992179369486,0.2986793641045449,-0.09704947901496945,-0.22980919236770822,-0.1300852034081466,0.029641185647426422,-0.009480379215188088,0.026161046441837227,-0.0001200048001921278,0.9795271726977931,0.08282649639998657,0.12911788861867324,12.14980479431522,1.6252617677982515,7.358532515320085,-0.17292960083181383,-1.2379737659457468,-0.8063694758704772,-0.09328200000000009,-0.07392100000000013,-0.898463,0.019841999999999915,0.19278699999999982,-0.900357,0.113124,0.26670799999999995,0.0018939999999999513,0.5381748100585133,0.9536231516646325,double,-0.898463
16,0.133333,jog,0.02172086883475178,-0.27577103084124943,-0.028801152046083977,0.07757395066095289,0.6497248143820099,-0.08406821312594169,-0.14472578903153935,-0.06060242409696115,-0.07548301932077331,-0.02676107044280115,0.04020160806434609,-0.015240609624385216,-0.44643571414128635,-3.341067280039983,0.5184414744889766,10.210416817012936,8.33826704802417,-12.615409212552459,-2.0737658979494835,1.684934792092746,-1.8145451607095975,-0.09466899999999989,-0.07212799999999997,-0.898852,0.019438000000000066,0.19542000000000015,-0.9002439999999999,0.11410699999999996,0.2675480000000001,0.0013919999999999488,0.695888999569968,0.9155968608415743,double,-0.898852
17,0.141667,jog,0.031677465802740896,-0.2613390928725724,-0.011759059275249785,0.13504567647801255,0.19430390362010355,-0.07233799816751911,-0.16426685865132937,0.0035997120230351048,0.06491480681545489,-0.011399088072948938,0.01631869450442936,-0.0009599232061436382,1.194696060473859,1.7316940207195906,2.044887541496788,-2.3447407751127987,7.703640043196113,16.84639142503342,1.843290421148578,-2.8657203695604494,1.713545286566068,-0.09630200000000011,-0.06991999999999998,-0.898213,0.019079000000000068,0.19773400000000008,-0.900154,0.11538100000000018,0.26765400000000006,0.0019409999999999705,0.6861484809917802,0.9667851918990678,double,-0.898213
18,0.15,jog,0.0368414736589532,-0.3033721348853788,-0.022080883235338154,0.33184963915679433,0.24583983587099043,-0.13883075197854944,-0.1519260770430803,-0.015360614424565686,0.06792271690867677,0.027241089643582985,-0.007560302412087385,0.029401176047042114,0.6197057309747146,-5.0441668082090905,-1.238668421947481,1.48095303111113,-2.2753301869195695,0.36096364973261424,4.6370068062560765,-2.865594253752157,3.6434776494882666,-0.09787500000000016,-0.06752000000000002,-0.8974629999999999,0.018998999999999988,0.20019900000000002,-0.899725,0.11687400000000014,0.26771900000000004,0.0022620000000000973,0.6988372801891942,0.9320199316285954,double,-0.8974629999999999
19,0.158333,jog,0.04956198247929874,-0.31849273970960684,-0.024840993639740436,0.2302109874603573,0.20751363828939923,-0.2684263045226605,-0.10740429617183096,-0.020640825633032624,-0.037921516860674846,-0.008280331213260135,-0.006240249610003958,0.004800192007680107,1.5265221193262366,-1.814545160713794,-0.3312264975881771,5.342827417646623,-0.6336506910436738,-12.701816124967182,-4.262741012461669,0.1584126727569214,-2.952236174170405,-0.09918300000000002,-0.06503799999999993,-0.897572,0.018516999999999895,0.202801,-0.899478,0.11769999999999992,0.26783899999999994,0.0019059999999999633,0.7880110553943493,0.9809571795749217,double,-0.897572
20,0.166667,jog,0.04919606431485734,-0.34797216222700983,-0.055435565154783054,0.012586786352280816,0.34333954021554286,-0.3347385463473472,-0.18922486201103167,-0.09635229181664103,-0.14986801055915513,0.01691864650827293,0.015838732901370393,-0.014878809695224262,-0.04390666719959173,-3.5372477222705734,-3.6710548974133173,-9.817682486105188,-9.084649170099391,-13.432504643446146,3.0236354357491053,2.6492659600881123,-2.3612913010444383,-0.10116999999999998,-0.06294099999999991,-0.898359,0.01824799999999982,0.20583299999999993,-0.89914,0.1194179999999998,0.26877399999999985,0.0007810000000000317,0.5590162052325234,0.9540989882240674,double,-0.898359
21,0.175,jog,0.05232209288370119,-0.38113524540982546,-0.05268210728430089,0.13147928570973555,0.5585318155839527,-0.3472625954097216,-0.09204368174729223,-0.08568342733710611,-0.06288251530061179,0.006000240009613062,-0.028561142445693154,-0.0056402256090241866,0.3751384337986149,-3.9797291711047302,0.33042816158432414,11.662208119973561,1.2803149501421982,10.438676978104352,-1.3102611902867989,-5.3281981695744225,1.1086744373215047,-0.10237300000000005,-0.06047899999999995,-0.8984439999999999,0.017862000000000045,0.20877100000000004,-0.898748,0.12023500000000009,0.26925,0.000304000000000082,0.7626293942764149,0.9504589428717949,double,-0.8984439999999999
22,0.183333,jog,0.05484219368773902,-0.38605544221769145,-0.05172206888275037,0.08474198958878335,0.18040600741330576,-0.33940532943072393,-0.02496099843993589,-0.11856474258970215,-0.10452418096723905,0.024360974438971925,-0.025441017640717725,0.007560302412096544,0.3024241934522779,-0.590447234833311,0.1152092165547243,8.05024400664302,-3.9459156669381983,-4.997199767985987,2.203376266573725,0.3744299537952029,1.5841267276035904,-0.10303799999999996,-0.05824999999999991,-0.898884,0.017608000000000068,0.21177599999999996,-0.898254,0.12064600000000003,0.2700259999999999,0.0006300000000000194,0.7333023245354346,0.9336569453832892,double,-0.898254
23,0.191667,jog,0.054475641948665235,-0.39644828413726546,-0.037077033837293424,0.17810814805142486,0.2335740637105913,-0.4143958802616132,-0.024958003359729513,-0.08963282937365641,-0.06599472042236554,-0.024118070554343115,0.010559155267589144,0.044396448284136664,-0.04398269007364862,-1.2470412670475166,1.7572636243648825,0.00035938087429546704,3.4715518617765433,4.623165412151844,-5.817020037594792,4.319675174982822,4.419983905932336,-0.10370000000000013,-0.05569299999999999,-0.899125,0.016952999999999996,0.21516800000000003,-0.897575,0.12065300000000012,0.270861,0.0015499999999999403,0.8098812567187909,0.8984731678248107,double,-0.897575
24,0.2,jog,0.06216248649946214,-0.4246969878795099,-0.04884195367815263,0.12623548961871353,0.18287068810484383,-0.4541528227424279,0.009840393615761124,0.016200648025920573,-0.03012120484819405,0.006600264010550363,-0.013080523220918593,0.005520220808832873,0.922458244425405,-3.389980048271258,-1.4118468547772949,4.175974676045914,12.700525308961584,4.304994068663322,3.686347601691282,-2.836874893616671,-4.665333910392866,-0.104136,-0.05201900000000004,-0.8989689999999999,0.016489999999999894,0.21859800000000007,-0.897122,0.1206259999999999,0.2706170000000001,0.001846999999999932,0.9406848968905206,0.9554352788160652,double,-0.897122
25,0.208333,jog,0.06312252490097273,-0.4353774150966007,-0.047401896075833935,0.10359551860748878,0.2237538381163446,-0.4880897523526142,-0.00852034081365108,-0.05856234249370517,-0.10908436337453527,0.002400096003829237,-0.003000120004819854,0.003000120004799869,0.11520921654993249,-1.2817025341522699,0.17281382483123725,-2.203376266580133,-8.971917739064674,-9.47595806148343,-0.5040403224194332,1.2096967738028037,-0.3024241934516993,-0.10473299999999997,-0.04887900000000012,-0.899483,0.015983999999999998,0.22220099999999987,-0.896702,0.12071699999999996,0.27108,0.0027810000000000334,0.7931617479851678,0.964065636620818,double,-0.896702
26,0.216667,jog,0.06299496040318073,-0.4412047036237013,-0.04811615070794148,0.10440776011238745,0.04428569355118033,-0.5521541981575656,-0.017758579313659328,-0.01511879049674206,-0.018958483321334086,0.005639548836108738,0.0013198944084719558,0.0002399808015361169,-0.015306515213822728,-0.6992186857572074,-0.08570369955694068,-1.1084999400057882,5.212809214898376,10.81424046714676,0.3887032436140507,0.5183602607741546,-0.33119020917491593,-0.10540600000000011,-0.045328000000000035,-0.89924,0.01550600000000002,0.225889,-0.8962990000000001,0.12091200000000013,0.27121700000000004,0.0029409999999999714,0.9499065025519167,0.9609284750586157,double,-0.8962990000000001
27,0.225,jog,0.07320292811712456,-0.4560182407296319,-0.0318012720508905,0.09401567215467835,0.1036908136051987,-0.5180604425945121,0.02616104644186383,0.0033601344053662495,-0.02736109444377761,-0.00252010080403801,0.002760110404402281,-0.003240129605184114,1.2250051258782941,-1.77769556053409,1.957863753396252,5.270565913299307,2.2175596906406208,-1.0083536688399757,-0.979197124702597,0.17283283282495185,-0.4176299540045876,-0.10579800000000006,-0.04150000000000009,-0.899203,0.014874999999999972,0.22971199999999992,-0.896061,0.12067300000000003,0.271212,0.003141999999999978,0.9366596419835049,0.9603358846971859,double,-0.896061
28,0.233333,jog,0.0703228129125135,-0.4646585863434651,-0.02808112324492455,0.14245439847002625,-0.1570529625143124,-0.5488844930027303,-0.01512060482417477,0.016920676827066675,-0.024480979239169882,-0.013560542421700426,0.0002400096003909168,0.002040081603263671,-0.3456276496593141,-1.0368829489779423,0.44643571414447936,-4.953996311777098,1.627330183811402,0.34562764965891357,-1.3249059903591032,-0.3024241934491014,0.6336506910413753,-0.10650999999999988,-0.03748700000000005,-0.899173,0.014175999999999966,0.23358600000000007,-0.89581,0.12068599999999985,0.2710730000000001,0.003363000000000005,0.9443657694539205,0.9435112642320642,double,-0.89581
29,0.241667,jog,0.07871370290376667,-0.48524118070553707,-0.033357331413487054,0.11469272459498484,-0.012677829422377022,-0.474914959344097,-0.005039596832265132,0.03635709143270518,-0.012119030477561455,-0.024838012958944885,-0.03299736021118621,-0.020158387329013903,1.0068262528501555,-2.469713746348937,-0.6330943326808877,1.2096241890940318,2.332183178022384,1.4833151861781204,-1.353188209412585,-3.9881653241633317,-2.663603183618626,-0.10720799999999997,-0.03313999999999995,-0.898996,0.01331300000000013,0.23735499999999998,-0.8957,0.1205210000000001,0.27049499999999993,0.0032959999999999656,0.9355772095753822,0.8904437778643745,double,-0.8957
30,0.25,jog,0.09012360494419124,-0.49837993519741625,-0.059762390495619586,-0.039719129315910526,0.22361817936294057,-0.6142481345565501,0.017520700828030644,0.03924156966278242,-0.014760590423617537,-0.01752070082805729,-0.02316092643707063,0.03744149765990717,1.3692430145715295,-1.576713607569803,-3.1687338392094695,2.707344012996011,0.34615123365861544,-0.31699987352167047,0.878112580209719,1.1804192696646552,6.91226268917809,-0.10781299999999994,-0.028659999999999908,-0.898621,0.012415999999999983,0.24131499999999995,-0.89489,0.12022899999999992,0.26997499999999985,0.00373100000000004,0.924267452014816,0.8837162135975465,double,-0.89489
31,0.258333,jog,0.08100324012960312,-0.5090603624144807,-0.05088203528140898,0.11110299477664777,0.18092056326034917,-0.5118199421719556,0.009360374414979321,0.07464298571941701,-0.024840993639745512,-0.025921036841473,-0.03420136805470651,0.0075603024120957365,-1.094487557252866,-1.2817025341491055,1.0656852531154002,-0.9792783406997891,4.248339860390576,-1.2096967738063122,-1.0080806448356812,-1.3249059903559233,-3.585886865211989,-0.1084099999999999,-0.02379600000000015,-0.898404,0.011525000000000007,0.24527199999999993,-0.8944030000000001,0.1199349999999999,0.2690680000000001,0.004000999999999921,0.8679618437796234,0.8873647843699349,double,-0.8944030000000001
32,0.266667,jog,0.07907367410609391,-0.48080153587714064,0.006599472042226563,-0.13983107488435947,0.3708653532615644,-0.49030991464885537,0.0350371970242331,0.060835133189349015,-0.00011999040076805845,0.007079433645312118,0.02135829133669442,-0.023158147348211967,-0.23152940046906817,3.39078792144709,6.897229100508218,3.0809722353316245,-1.6568097588274513,2.9662830860304092,3.959739679239871,6.666625796904354,-3.685919097709104,-0.10877700000000012,-0.01928200000000002,-0.8984599999999999,0.010924999999999851,0.24945700000000004,-0.894651,0.11970199999999998,0.26873900000000006,0.0038089999999999513,0.8829941477819612,0.9080946062356847,double,-0.894651
33,0.275,jog,0.09048361934476398,-0.4845793831753233,-0.026881075243009846,0.2088642438743894,0.21793284600755047,-0.4484150026804107,0.014640585623419532,0.063482539301572,-0.016800672026881153,-0.018720748829958517,-0.023400936037434827,0.007680307212288646,1.369248198568346,-0.4533598101743226,-4.017826387283844,-2.4476912757486478,0.3177014415244171,-2.0017618656081875,-3.096145742862178,-5.371322137780998,3.7007625777631685,-0.10940900000000009,-0.014715000000000034,-0.898376,0.010014999999999885,0.2533000000000001,-0.8943629999999999,0.11942399999999997,0.2680150000000001,0.004013000000000044,0.8878661250988215,0.9083094271253691,double,-0.8943629999999999
34,0.283333,jog,0.09180367214687465,-0.5203408136325607,-0.02532101284050903,0.27349698458700467,0.33702958499735447,-0.25955047605028314,0.008760350414015352,0.04944197767911676,-0.017880715228608752,-0.017040681627248866,-0.03492139685587927,0.013200528021120756,0.15841267276019141,-4.291543316601162,0.1872149768991742,-0.7056564513865589,-1.6849347920863156,-0.1296103686220571,0.2016161289703175,-1.382510598637282,0.662452995179662,-0.110101,-0.009966999999999837,-0.898314,0.009108000000000116,0.25734500000000016,-0.894042,0.11920900000000012,0.267312,0.0042719999999999425,0.9111653709712189,0.8888828198939893,double,-0.894042
35,0.291667,jog,0.08783297336215218,-0.5181185505159369,-0.060115190784734006,0.01731878328880547,0.22865215168310374,-0.18344943902909178,0.0007199424046283331,0.043436525077990534,-0.013678905687545342,-0.009479241660659965,-0.06251499880009517,-0.023878089752819485,-0.47644573850761607,0.2666502419754939,-4.174967355918519,-0.9647717793840905,-0.7205966644019943,0.5041768107827461,0.9073002119737092,-3.3109673559174317,-4.449078206616295,-0.11082700000000001,-0.005287000000000042,-0.897927,0.008296999999999999,0.261142,-0.89374,0.11912400000000001,0.266429,0.004187000000000052,0.924091383728605,0.8454832528989555,double,-0.89374
36,0.3,jog,0.10740429617183131,-0.4958598343933799,-0.0447617904716271,0.13526155740548113,0.07950651382748752,-0.18851909226408423,-0.01776071042842162,-0.017880715228603756,-0.02160086403456139,0.00024000960036427117,-0.07740309612384595,0.045721828873154964,2.348652683268832,2.6711527808180833,1.8424817368423068,-2.2177670506480256,-7.358363171318185,-0.9506730285630706,1.1663568055951352,-1.786643144575881,8.352324328090079,-0.11186999999999991,-0.0013039999999999718,-0.8977339999999999,0.007403999999999966,0.264629,-0.892986,0.11927399999999988,0.265933,0.0047479999999999745,0.944678712680473,0.8026887752310798,double,-0.892986
37,0.308333,jog,0.12264490579624074,-0.5142205688227621,-0.05748229929195898,0.12173543158130244,0.2100455823637587,-0.07663865651001635,-0.02220088803553354,0.01392055682227343,-0.009840393615744437,-0.028561142445692963,-0.09540381615265785,0.048961958478338764,1.8289463127816352,-2.2033762665765226,-1.526522119324592,-0.5328426265584905,3.816305298317179,1.4113129027741393,-3.456276496586717,-2.160172810369833,0.38883110586628905,-0.1130770000000001,0.0030970000000001274,-0.897337,0.006143999999999927,0.268119,-0.8920990000000001,0.11922100000000002,0.26502199999999987,0.005237999999999965,0.9533483750931669,0.7626657986695095,double,-0.8920990000000001
38,0.316667,jog,0.15634749220063132,-0.5082793376529794,-0.09455243580513743,0.13564747747000927,-0.6452432325276809,0.08635284588743916,-0.02975761939045205,0.0025197984161059316,-0.003719702423805674,0.09323254139669211,-0.04103671706264296,0.06479481641468705,4.043986849578927,0.7128907091172029,-4.448060536738501,-0.9067352237723247,-1.3679815702144906,0.734424189097528,14.614072935251473,6.523530008401152,1.8997909690842787,-0.11462800000000017,0.007353999999999861,-0.89658,0.005617999999999901,0.27201299999999984,-0.8907710000000001,0.12024600000000008,0.264659,0.005808999999999953,0.9498418755343973,0.740700551657826,double,-0.8907710000000001
39,0.325,jog,0.13932557302291645,-0.4891395655826175,-0.10764430577223484,0.10114099505604406,0.08780751909406924,0.004002633857736962,-0.056282251290031046,-0.005760230409195459,0.020520820832832933,0.0740429617184792,-0.12408496339853295,0.13152526101043985,-2.0427120098061677,2.2968645230243374,-1.571087239541264,-3.183083151275517,-0.9936432047643532,2.908979149962619,-2.3028416750525422,-9.96618820783507,8.007973670437119,-0.11625799999999997,0.011382000000000003,-0.895512,0.005074000000000023,0.2750549999999998,-0.888778,0.121332,0.2636729999999998,0.006734000000000018,0.8996952400556953,0.6070053917042895,double,-0.888778
40,0.333333,jog,0.15672626905076595,-0.5108604344173993,-0.13248529941197607,0.7466723331466777,-0.5983196776521724,0.1926038492506172,-0.029881195247829877,-0.01980079203170445,-0.0027601104044164457,-0.020400816032641773,-0.17292691707668656,0.17424696987879582,2.0881670500239453,-2.606608524514797,-2.9810384783080868,3.1682534552023562,-1.6849347920927669,-2.793823501409989,-11.333706678401681,-5.861268892134133,5.126810136608193,-0.11781300000000017,0.015473999999999988,-0.894431,0.00359799999999999,0.277871,-0.8862220000000001,0.12141100000000016,0.262397,0.00820899999999991,0.9400793254941189,0.5073483303313926,double,-0.8862220000000001
41,0.341667,jog,0.17590592752579384,-0.4820014398848012,-0.11423086153108507,0.022186461961626894,0.10775284733243944,0.04954500958873022,-0.029757619390451854,-0.04127669786415882,0.02939764818814518,0.06455483561314218,-0.12934965202782714,0.13942884569234487,2.3013749070107843,3.462802319726184,2.190357317121548,0.014827916652030645,-2.576902547690707,3.858622341320086,10.193862688478985,5.2288534975833185,-4.1778406751201,-0.11952700000000016,0.019147000000000025,-0.893234,0.00266999999999995,0.28081,-0.8841079999999999,0.12219700000000011,0.261663,0.009126000000000078,0.9020558064600332,0.5739968883296912,double,-0.8841079999999999
42,0.35,jog,0.19320772830911956,-0.4880595223809016,-0.10620424816991669,0.09571837283299106,0.16414760580494442,-0.02675348013232615,-0.03228129125163247,-0.016800672026884594,-0.020640825633025196,0.10848433937357713,-0.3988959558382204,0.29329173166926686,2.0762991459649296,-0.7269989794912298,0.9632321326255124,-0.3028527374511725,2.9372405900965184,-6.004857052822572,5.271751321305059,-32.34685033126052,18.46428488862623,-0.1214059999999999,0.02307400000000004,-0.892521,0.001964000000000077,0.28155300000000016,-0.880779,0.12336999999999998,0.2584790000000001,0.01174200000000003,0.9302706018430171,0.38258000000000003,single,-0.880779
43,0.358333,jog,0.2010080403216232,-0.4946597863914487,-0.09708388335534097,0.267708451283754,0.050135169386348974,-0.03514603072581761,-0.036001440057598186,-0.02664106564261893,0.02556102244089728,0.0159606384255296,-0.48985959438379023,0.3207728309132362,0.9360748844958128,-0.7920633638001989,1.0944875572513717,-0.44643571414445,-1.180894469666902,5.544443546612539,-11.103288245295468,-10.916073268399069,3.2978638238292617,-0.12338099999999996,0.026974000000000053,-0.8914989999999999,0.00042199999999992244,0.281593,-0.877297,0.12380299999999989,0.25461899999999993,0.014201999999999937,0.9140540232177596,0.35797999999999996,single,-0.877297
44,0.366667,jog,0.20038396928246444,-0.4800815934725123,-0.10115190784736337,0.15292824372319216,0.13178390586530112,-0.18953187952102998,-0.024358051355912534,-0.03767698584112373,-0.03047756179505604,0.002519798416132558,-0.4868010559155236,0.32901367890568656,-0.07488253409632382,1.7492432108155032,-0.4881238891315568,1.3970948766121478,-1.324204487461578,-6.724092180939916,-1.6127717793852927,0.3669952565714716,0.9888226532817773,-0.1252540000000002,0.03066100000000005,-0.8909100000000001,-0.0012270000000000891,0.2815369999999999,-0.873712,0.12402700000000011,0.2508759999999999,0.017198000000000047,0.9096034707386247,0.32802000000000003,single,-0.873712
45,0.375,jog,0.21000840033600415,-0.4771390855634213,-0.09984399375975724,0.2643816974771418,0.04462039312440952,-0.3331759712339452,-0.017520700828030703,-0.023880955238216817,-0.007560302412096569,0.15684627385094807,-0.6687867514700665,0.5553822152886121,1.1549779255417907,0.3531150736938696,0.156955968751487,0.8205148839411794,1.6555898959446713,2.750181133200471,18.51991784889186,-21.839157032826517,27.165310978390266,-0.1271500000000001,0.03443799999999997,-0.890141,-0.0016700000000000603,0.27993999999999986,-0.868252,0.12548000000000004,0.2455019999999999,0.021888999999999936,0.9490525010657097,0.2811100000000001,single,-0.868252
46,0.383333,jog,0.23472938917557587,-0.5103804152166174,-0.09144365774631492,0.3745584944524375,0.15134147741752255,-0.5197975787472868,-0.02532101284050903,-0.020400816032641773,-0.02616104644185809,0.05916236649466914,-0.6156246249849837,0.4180967238689559,2.966637326241663,-3.989119123148467,1.0080806448388735,-0.9360748844927813,0.41763341000540644,-2.2321785707142165,-11.722537784264873,6.379710366624614,-16.474917967077467,-0.12931700000000013,0.03852100000000003,-0.889597,-0.0031330000000000524,0.27906300000000006,-0.8640059999999999,0.12618400000000007,0.24054200000000003,0.02559100000000003,0.9304429223786526,0.24409000000000008,single,-0.8640059999999999
47,0.391667,jog,0.2464602831773456,-0.5159587233021318,-0.06827453803694866,0.5468037121431637,0.13291030864125655,-0.548452372437322,-0.016678665706730152,-0.01931845452364742,-0.02063834893208524,0.09275257979360593,-0.7692584593232734,0.44732421406287565,1.4075946726385566,-0.6693434227879049,2.7800719593671994,1.0369986961577717,0.12987299124002316,0.6626706875177398,4.030503155619962,-18.434585353766444,3.5070182618094203,-0.13151000000000002,0.04265999999999992,-0.8892,-0.00441400000000014,0.27695199999999986,-0.8597090000000001,0.12709599999999988,0.23429199999999994,0.029490999999999934,0.9452956933042747,0.20509,single,-0.8597090000000001
48,0.4,jog,0.24180967238687984,-0.47053882155286775,-0.04668186727468752,0.5389704051720842,-0.08437788995883859,-0.865040109717893,-0.017760710428421502,-0.015840633625347468,-0.03168126725068994,0.15336613464539867,-0.8805952238089301,0.4582983319332758,-0.558095618680638,5.450606234161026,2.591224140436944,-0.12985056062538644,0.41735520200407256,-1.325203206360813,7.273917538916654,-13.360946176125788,1.3169468223209049,-0.13367299999999993,0.04644899999999996,-0.8890750000000001,-0.005150999999999906,0.2735350000000001,-0.8555010000000001,0.12852200000000003,0.22708600000000012,0.03357399999999999,0.9339597933245636,0.16425999999999996,single,-0.8555010000000001
49,0.408333,jog,0.2842913716548748,-0.4759390375614933,-0.0006000240009639708,0.8342268310705114,0.410910520294113,-0.9334920685019067,-0.011040441617662452,-0.007440297611905274,-0.019320772830913456,0.2314892595703651,-1.0195607824313069,0.5075003000120013,5.098007832472705,-0.6480518431087929,5.530042394542622,0.8064645158717229,1.0080806448388593,1.4833186631197066,9.375149996995875,-16.6765340960491,5.9044723483410095,-0.13613399999999998,0.05035299999999987,-0.889231,-0.005591000000000124,0.26900499999999994,-0.851267,0.13054299999999985,0.21865200000000007,0.037964,0.9608939603112221,0.12035999999999997,single,-0.851267
50,0.416667,jog,0.3080153587712963,-0.46844252459804725,-0.04967602591792957,-0.7006247799996287,1.5785846059175404,-1.7283441071215038,-0.004439644828421493,-0.026277897768174827,-0.012359011279097531,0.31953443724502995,-1.0998320134389248,0.4456443484521228,2.846650721912829,0.8995095948459382,-5.888649138104818,0.7920322521287441,-2.2603311922569636,0.8353445586532179,10.564576154867384,-9.63177717873984,-7.422120417552009,-0.13873800000000003,0.05403800000000003,-0.8889199999999999,-0.005495000000000028,0.26374300000000006,-0.847139,0.133243,0.20970500000000003,0.04178099999999996,0.9510390315003074,0.08219000000000004,single,-0.847139
51,0.425,jog,0.2991719668786853,-0.48241929677186157,-0.034681387255488354,0.7663489006931601,0.04425596218814561,-1.129611500858941,-0.006720268810759168,-0.0020400816032561833,-0.01152046081843263,0.43525741029641857,-1.3121324852994152,0.45997839913596694,-1.0612494770924086,-1.6772797520478047,1.799428616637616,-0.2736858253135342,2.908654285961683,0.10063008048300766,13.887312258657015,-25.477075706287163,1.7201548882568307,-0.14128700000000016,0.05804100000000001,-0.888727,-0.004361000000000059,0.256829,-0.843017,0.1369260000000001,0.19878799999999996,0.04571000000000003,0.9775126601478219,0.042899999999999994,single,-0.843017
52,0.433333,jog,0.34081363254529484,-0.5304212168486826,-0.0244809792391673,1.085200624126237,0.26915623821220025,-1.0474489045978077,0.021000840033605604,-0.0013200528021100684,-0.0038401536061447392,0.501860074402963,-1.232569302772096,0.33133325333013175,4.997199767983843,-5.760460827651605,1.2240979258755562,3.3266661279688776,0.08640691241403,0.9216737324238401,7.992639398361232,9.547963821831123,-15.438035018100882,-0.14395200000000008,0.062450000000000117,-0.888555,-0.003019000000000105,0.25097800000000015,-0.840052,0.14093299999999997,0.18852800000000003,0.04850299999999996,0.9643502921456478,0.014969999999999983,single,-0.840052
53,0.441667,jog,0.3609311255099492,-0.53503719702424,-0.0436765058795336,0.7520255201515706,0.22161730240047076,-0.9854520386581888,-0.014758819294441314,-0.009599232061444739,-0.017278617710583047,0.5413966882649505,-1.3878089752820078,0.24430045596352384,2.4139060432750763,-0.5538733112019976,-2.303278934529207,-4.290815854097327,-0.9934220373571776,-1.6124866935971183,4.74401414230714,-18.62727051954794,-10.44310023597413,-0.14708299999999985,0.06682900000000003,-0.888335,-0.001514999999999933,0.24387099999999995,-0.837652,0.14556799999999992,0.17704199999999992,0.050683000000000034,0.9588863825909795,0.0,single,-0.837652
54,0.45,jog,0.3766950678027109,-0.511700468018724,-0.047521900876029075,0.554965719713793,0.07310507695923826,-1.1224118949328437,-0.023400936037461472,-0.0134405376214916,-0.020880835233409313,0.6723868954758192,-1.5071402856114167,0.22476899075962942,1.8917487450811967,2.800519501441963,-0.4614658582137832,-1.0370954929821339,-0.4609751062098698,-0.4322833940749131,15.71945364344992,-14.32033005273112,-2.3438695792504913,-0.15041700000000002,0.07098100000000018,-0.888113,0.0009490000000000887,0.235576,-0.835383,0.1513660000000001,0.16459499999999982,0.052730000000000055,0.9431312148931887,0.0,single,-0.835383
55,0.458333,jog,0.3916956678267327,-0.5331813272530884,-0.08412336493460512,0.33915252624990583,0.10196468532147511,-1.0074736655088905,-0.023040921636861927,-0.020520820832850555,-0.00648025921036825,0.7772710908436437,-1.6165846633865408,0.18576743069722929,1.800144008642968,-2.5778062203725467,-4.39235138108438,0.04320345621019396,-0.8496679720819599,1.7281382482948637,12.586606908415302,-13.133850687042415,-4.680374422464926,-0.15387300000000015,0.07525300000000001,-0.887466,0.004161999999999999,0.22654799999999997,-0.8331339999999999,0.15803500000000015,0.15129499999999996,0.05433200000000005,0.9474542020666329,0.0,single,-0.8331339999999999
56,0.466667,jog,0.41000719942404606,-0.556635469162447,-0.1003119750419903,0.589328820645554,0.20954919526477508,-1.018609158814789,-0.049316054715615405,-0.023038156947440578,-0.0008399328053755765,0.9138468922486006,-1.68478521718262,0.14086873050155907,2.1972080150363977,-2.814271887372036,-1.9424778146610464,-3.152763748350546,-0.3020561692572619,0.6767850257970563,16.387785145783155,-8.183411782586896,-5.387413030437986,-0.1577010000000001,0.07969999999999988,-0.886637,0.00836099999999984,0.21714599999999984,-0.831124,0.16606199999999993,0.13744599999999996,0.055513000000000035,0.9092693942461466,0.0,single,-0.831124
57,0.475,jog,0.3974558982359282,-0.4204968198728168,-0.077763110524419,-0.2801536310096032,-0.1492200331441631,-1.1927350703763049,-0.03336133445337827,-0.03396135845434225,0.020640825633025196,0.97443897755912,-1.6949477979119236,0.06300252010080391,-1.5062163912297972,16.33729140641192,2.7059719809878016,1.9146430171891484,-1.3108366142927754,2.577794124373074,7.271341090905983,-1.2195584698552218,-9.344319020851476,-0.16129100000000007,0.08292100000000002,-0.8858170000000001,0.013168999999999986,0.206526,-0.8299510000000001,0.17446000000000006,0.12360499999999996,0.05586599999999997,0.9135194918013403,0.0,single,-0.8299510000000001
58,0.483333,jog,0.40417616704665804,-0.4952598103924126,-0.06408256330253596,0.06589217604517114,-0.024308818440803067,-1.0543489684030634,0.0337213488539511,-0.012000480019199396,0.023760950438017868,1.1200048001919807,-1.7002280091203528,0.020520820832833766,0.8064645158682129,-8.971917739061025,1.6417313358793932,8.050244006639756,2.635410828650277,0.3744299537972709,17.4685974598416,-0.633650691039136,-5.098007832469695,-0.1643779999999999,0.08694800000000003,-0.885085,0.019133999999999984,0.19648500000000002,-0.829246,0.1835119999999999,0.109537,0.05583899999999997,0.9283968565452021,0.0,single,-0.829246
59,0.491667,jog,0.40556755459565125,-0.48260139188864487,-0.06983441324693675,0.26919881626718006,0.06344708664814781,-1.2413075499504,-0.015718742500585685,-0.015958723302128462,0.007319414446844072,1.271058315334781,-1.9580033597311994,0.05663546916246697,0.1669531496272144,1.5188887093553807,-0.6901667799856944,-5.932336375634358,-0.474951197855659,-1.9728264928214279,18.124971819390467,-30.93056762789134,4.3334111266658475,-0.16788899999999995,0.09083700000000006,-0.8844420000000001,0.0263469999999999,0.18418900000000016,-0.828192,0.19423599999999985,0.0933520000000001,0.05625000000000002,0.9607241400448385,0.0,single,-0.828192
60,0.5,jog,0.4010560422416854,-0.5065402616104693,-0.0877235089403623,0.3092155635801129,-0.2232678357229216,-1.0486786627980214,-0.010200408016334211,-0.003360134405366261,0.006720268810752506,1.307692307692303,-1.8745949837993694,-0.0472818912756518,-0.5414031386014476,-2.872779277790048,-2.146777354305243,0.6622266271752655,1.5118911432571982,-0.07190035234508194,4.396254933099984,10.009405488039151,-12.470582075857319,-0.17131600000000002,0.09503000000000017,-0.883655,0.03390199999999988,0.17278900000000008,-0.827855,0.2052179999999999,0.07775899999999991,0.05579999999999996,0.9788851789934052,0.0,single,-0.827855
61,0.508333,jog,0.4246969878795085,-0.4898595943837636,-0.08772350894036171,0.2858278082722357,-0.06981155193981478,-1.067891613058046,-0.00900036001440621,-0.010560422416907193,0.025441017640705152,1.3433337333493462,-1.8807152286091255,-0.11820472818912704,2.8370269576170646,2.0017601376101792,6.994684842532158e-14,0.14401152069218728,-0.8640691241498742,2.2465797227832196,4.277142164531748,-0.7344587555209555,-8.511080872851908,-0.17493000000000003,0.099024,-0.8827119999999999,0.041557000000000066,0.1611990000000001,-0.828109,0.2164870000000001,0.06217500000000009,0.05460299999999996,0.951701898455555,0.0,single,-0.828109
62,0.516667,jog,0.4401247900168017,-0.5103191744660531,-0.0887928965682706,0.41595311619509356,0.05476433100124585,-1.023024636559903,0.004319654427663454,0.008879289656816402,0.017638588912887224,1.5062395008399458,-1.9870410367170896,0.005039596832253493,1.8511881614222836,-2.4549532136176695,-0.12831625004906272,1.5982738711386777,2.3325788425394416,-0.9362165500141555,19.547128328605773,-12.758076326849617,14.788135951689613,-0.1785619999999999,0.10335099999999997,-0.881825,0.0504420000000001,0.14889200000000002,-0.827327,0.22900399999999999,0.045541000000000054,0.054497999999999935,0.9663093724695697,0.0,single,-0.827327
63,0.525,jog,0.45409816392655633,-0.5439817592703563,-0.10680427217089328,0.36146969822911074,0.2871450355677692,-0.8510083089441609,0.008760350414015293,0.000480019200781832,0.016440657626304773,1.5359414376575005,-1.9079563182527084,-0.12372494899795823,1.6768719440483089,-4.0396717633869,-2.161451530375928,0.5329048345556006,-1.0079527728350575,-0.1437575046900812,3.564374993106264,9.490545837559214,-15.452363594169107,-0.1822729999999999,0.10788799999999998,-0.880798,0.05945700000000009,0.13752600000000004,-0.827468,0.24173,0.029638000000000053,0.05332999999999999,0.968941391379682,0.0,single,-0.827468
64,0.533333,jog,0.47593903756149647,-0.5147005880235241,-0.1240849633985346,0.21565858365563953,0.2891965026398994,-0.9472167913650233,0.001800072002865278,-0.0012000480019279496,0.03936157446297911,1.598343933757348,-2.0150006000240195,-0.17688707548302132,2.621009676579904,3.513881104864086,-2.073765897952896,-0.8352668200108098,-0.20161612897033446,2.7506200452027536,7.488599075944806,-12.845827645663274,-6.3797103666222945,-0.18622399999999995,0.1121669999999999,-0.879436,0.06881000000000004,0.12502400000000002,-0.827908,0.255034,0.012857000000000118,0.05152800000000002,0.9342983612874103,0.0,single,-0.827908
65,0.541667,jog,0.4720422366210792,-0.5419966402687869,-0.11291096712262569,0.29483818033010434,0.21005327354900935,-0.7742308642391155,0.006959443244554005,-0.002759779217648674,0.025437964962803244,1.724622030237564,-2.051715862730963,-0.09719222462203012,-0.46757870655354544,-3.275264248291644,1.3407722913257532,0.6190750230008024,-0.18715277366459232,-1.6706994840623661,15.152159404873432,-4.40547908650625,9.562617093951356,-0.19009999999999994,0.11666100000000013,-0.878283,0.0792489999999999,0.11244200000000015,-0.827777,0.26934899999999984,0.004218999999999973,0.05050600000000005,0.9558053455641617,0.0,single,-0.827777
66,0.55,jog,0.48025921036842006,-0.5897035881435069,-0.14028561142445348,0.36680480615038563,0.04225736180471886,-0.8036874679991343,-0.002520100804038002,0.00552022080883119,0.0549621984879393,1.7173886955478235,-2.0144005760230552,-0.10812432497299836,0.9860762927326099,-5.7250627474762705,-3.285088719768112,-1.1375907894626145,0.99363974876753,3.543049745006112,-0.868034884164239,4.478013525489915,-1.3119045182969153,-0.19412300000000005,0.12162099999999998,-0.876656,0.08955799999999992,0.10056999999999983,-0.827509,0.28368099999999996,0.021051000000000153,0.04914699999999994,0.907839707748034,0.008530000000000038,single,-0.827509
67,0.558333,jog,0.5796231849273892,-0.5743429737189755,-0.2050882035281516,-0.08347530948738395,1.008589201983756,-0.6900886508722028,-0.08052322092884848,-0.08700348013921677,0.08172326893075726,1.7358694347774144,-2.0351614064562704,-0.18072722908916444,11.924153913232932,1.843347464842379,-7.7766221173285395,-9.36074884493114,-11.10328824529567,3.211456911414642,2.2177774186476773,-2.491399307958164,-8.712697001820082,-0.19962400000000002,0.12568200000000007,-0.874266,0.09919300000000009,0.08839700000000006,-0.827306,0.2988170000000001,0.03728500000000001,0.04696,0.7600214862058821,0.030399999999999927,single,-0.827306
68,0.566667,jog,0.5604751619870477,-0.5855531557475352,-0.12275017998559976,0.08868608219420603,0.4440659285841676,-0.7774180801596343,0.06611471082312982,-0.041276697864158544,0.09887209023278126,1.8809695224381802,-2.047876169906385,-0.19222462203023685,-2.2975789465252356,-1.3451142342884135,9.879772443310681,17.595144198701366,5.486774931012464,2.057693940727606,17.410617669878167,-1.5256495620487733,-1.3795767867857358,-0.20374400000000015,0.13021800000000017,-0.872419,0.11019799999999991,0.07621000000000011,-0.827885,0.31394200000000005,0.054008000000000056,0.04453399999999996,0.7901679838484924,0.05466000000000004,single,-0.827885
69,0.575,jog,0.5047401896075807,-0.4921396855874172,-0.17880715228609204,-0.4537468963983527,0.7377832747473471,-0.5998800079957655,0.033361334453378494,-0.06000240009602443,0.12432497299892052,1.8646345853834385,-2.139085563422554,-0.2247689907596324,-6.688464224105066,11.210064821807132,-6.727105760289547,-3.93056238686567,-2.2471741547901183,3.0544681106611655,-1.960270857403312,-10.945565044542171,-3.9054804667461696,-0.20767200000000008,0.1338189999999999,-0.8698929999999999,0.12153000000000003,0.06248600000000004,-0.828268,0.3292020000000001,0.07133299999999987,0.04162499999999991,0.7632983267382061,0.08374999999999999,single,-0.828268
70,0.583333,jog,0.4676587063482567,-0.5185407416296653,-0.140765630625222,0.014830028365879832,0.6649987502717927,-0.4115611361822658,-0.043201728069112495,-0.025081003240117944,0.08112324492979721,1.8802352094083703,-2.115684627385091,-0.13572542901715928,-4.44995598935844,-3.1682534552079704,4.565165205912623,-9.187935020099683,4.190735252118845,-5.184414744884571,1.872149768982566,2.8082246534817092,10.685654835290139,-0.21192900000000003,0.13793100000000003,-0.868044,0.133301,0.049177000000000026,-0.828226,0.34523000000000004,0.088754,0.03981800000000002,0.8412161943288556,0.10181999999999997,single,-0.828226
71,0.591667,jog,0.5825533957283437,-0.7580993520518355,-0.17590592752579268,0.37503291124249866,0.7877615295377068,-1.130909049795995,0.016078713702913066,-0.08315334773218735,0.1293496520278371,1.862371010319161,-2.0968322534196995,-0.16282697384209271,13.786259824824358,-28.744733671966447,-4.216498308203795,7.113083965925739,-6.9681238891371455,5.7867059152915195,-2.143532408112441,2.262103907534349,-3.251925224973989,-0.21665,0.14355600000000002,-0.8655,0.14396699999999996,0.038020000000000165,-0.828117,0.36061699999999997,0.10553599999999985,0.037383000000000055,0.7423162103946601,0.12617000000000012,single,-0.828117
72,0.6,jog,0.6018240729629231,-0.36121444857794127,-0.17748709948398195,-0.4908473751465272,1.6811898686918763,0.5018866215433172,-0.019560782431313664,-0.012480499219954748,0.11664466578663178,1.9495979839193724,-2.030841233649367,-0.18396735869434858,2.312573771100383,47.62809354060937,-0.18974822491171064,-4.276910612531748,8.481081064710578,-1.5246593353180653,10.467655538246989,7.919239142005639,-2.5369476601771335,-0.22182800000000014,0.1464620000000001,-0.863049,0.15519799999999995,0.0241070000000001,-0.828171,0.3770260000000001,0.12235499999999999,0.034877999999999965,0.801783191607302,0.15121999999999997,single,-0.828171
73,0.608333,jog,0.593903756150228,-0.5318612744509748,-0.11016440657625952,-0.28858937741605845,0.8163952098708829,0.06114763604493301,-0.0015600624025009842,-0.03264130565223195,0.1305652226089045,1.8751950078003077,-2.1387255490219523,-0.1557662306492262,-0.9504760365648726,-20.478438242293624,8.07904631077909,2.1601728103699274,-2.419393547615159,1.6705336400183188,-8.92871428285905,-12.946635710138581,3.3842707362441202,-0.22679000000000005,0.15062200000000003,-0.861043,0.1658750000000001,0.010717000000000088,-0.828551,0.39266500000000015,0.13990499999999995,0.032491999999999965,0.7756790123240129,0.17508000000000007,single,-0.828551
74,0.616667,jog,0.5743940484761368,-0.6174706023518267,-0.09479241660668021,-0.05440741936500301,0.628079646988255,-0.1324554216169876,-0.0682745380369358,0.04535637149027977,0.15106791456683505,1.9042476601871887,-2.093352531797477,-0.161027117830574,-2.3409776426795315,-10.27229756429715,1.8444912370505635,-8.005096668398751,9.358972539298314,2.460126224853693,3.4860394032734825,5.4443265208154,-0.6312559612848356,-0.23214599999999996,0.15614600000000012,-0.8589939999999999,0.17695799999999995,-0.00158299999999989,-0.8291029999999999,0.4091039999999999,0.157729,0.029891,0.7135459713511616,0.20109,single,-0.8291029999999999
75,0.625,jog,0.5805832233289184,-0.6985479419176562,-0.06864274570983014,0.1813766502554246,0.4156271398894159,-0.23155213846832515,0.06372254890193627,-0.11880475219009268,0.192007680307212,1.8924756990279605,-2.0956438257530223,-0.1338053522140886,0.7427306915614498,-9.72966993469689,3.1380860310632372,15.840284044026344,-19.70012284655847,4.912968407581516,-1.4126918467812475,-0.2749662733163653,3.2667425436799813,-0.23645300000000002,0.16097699999999993,-0.856822,0.1878900000000001,-0.013225000000000042,-0.829646,0.42434300000000014,0.17420199999999997,0.027175999999999978,0.6089825178728311,0.2282400000000001,single,-0.829646
76,0.633333,jog,0.6463458538341642,-0.7194287771510798,-0.04764190567622453,0.023579276894809074,0.4198197748471351,-0.20417451885886143,0.020400816032641638,-0.057122284891385926,0.1964478579143157,1.893915756630253,-2.06036241449657,-0.08460338413536474,7.891831333882815,-2.505800460029216,2.520201612097147,-5.198815896951211,7.40219216353132,0.5328426265575062,0.17281382482807767,4.233938708322596,5.904472348340772,-0.24166900000000013,0.16649599999999998,-0.854788,0.19828599999999996,-0.02439900000000006,-0.829954,0.4399550000000001,0.19089500000000004,0.024834000000000023,0.6573351588686211,0.25166000000000005,single,-0.829954
77,0.641667,jog,0.6592272618190448,-0.7494600431965454,-0.015958723302128566,0.034911157606252005,0.5829343883660101,0.12627129390706932,-0.00779937604991386,-0.0563954883609279,0.18022558195344432,1.8622510199184146,-1.9953203743700623,-0.02675785937125057,1.5456453065611533,-3.6034636483640208,3.801677750671484,-3.3837523497187014,0.08720860696640637,-1.9465173939130649,-3.799464448264761,7.804420461544047,6.940907699077814,-0.247228,0.17227199999999998,-0.853153,0.20831200000000005,-0.03478200000000009,-0.830044,0.45554000000000006,0.20705400000000007,0.023109000000000046,0.684993202169059,0.26891000000000004,single,-0.830044
78,0.65,jog,0.6908676347053868,-0.7525501020040936,0.0034801392055616963,-0.07977551360254155,0.4926149146473078,0.049542783137232746,-0.012000480019199396,-0.0925237009480468,0.2161286451458054,1.8857554302172015,-1.971558862354489,-0.04296171846873823,3.7969966262260764,-0.3708218897813739,2.3327568111952695,-0.504152642419959,-4.335558932811562,4.308539924680299,2.8206420615368795,2.851495501688839,-1.9445408733334446,-0.253085,0.17777200000000004,-0.8513809999999999,0.21826900000000005,-0.04493999999999998,-0.8304309999999999,0.47135400000000005,0.22271200000000002,0.020950000000000024,0.6076557704345997,0.29050000000000004,single,-0.8304309999999999
79,0.658333,jog,0.7776311052442219,-0.8217928717148719,0.01284051362055445,0.044733519926432895,0.38513654390331875,-0.21910328398098897,0.03732149285970875,-0.14208568342734726,0.19656786271451043,1.848793951758091,-1.9864394575783262,-0.06732269290771764,10.412032945978138,-8.309464743883234,1.1232898613935964,5.918873500409048,-5.947675804548292,-2.3473877872669084,-4.435554837286801,-1.7857428565747329,-2.923433870032357,-0.2592540000000001,0.18343599999999993,-0.84985,0.22719500000000004,-0.054645000000000055,-0.831099,0.48644900000000013,0.238081,0.018750999999999962,0.5910033961141938,0.3124900000000001,single,-0.831099
80,0.666667,jog,0.8620110391168736,-0.8974082073434073,0.02075833933285066,-0.05370034296392706,0.18958879018166,-0.3911597358759132,0.044876409887220255,-0.07667386609069225,0.27717782577393507,1.8166546676265678,-1.8921286297095994,-0.023038156947443756,10.12478208215156,-9.073114426270077,0.9500630804291038,0.9065175218996213,7.848790177184366,9.672421773389011,-3.8564055833360777,11.316394032724512,5.31371921769541,-0.2660640000000001,0.1902760000000001,-0.847713,0.2351509999999999,-0.06293499999999996,-0.831464,0.501215,0.2532110000000001,0.01624900000000007,0.5148874099573919,0.33751,single,-0.831464
81,0.675,jog,0.9084363374534902,-0.8649945997839735,0.04392175687027192,-0.06205155223347462,0.3266469236521497,-0.4881178024920066,-0.06576263050521909,-0.2299291971678892,0.022800912036482518,1.7927517100683996,-1.860914436577448,-0.11820472818912704,5.571258650739995,3.8897884986719853,2.7797212933422735,-13.277215935730096,-18.39137538427893,-30.526450706522436,-2.8684696457660004,3.7458530099785583,-11.42044536681662,-0.27418200000000004,0.19556799999999996,-0.847889,0.24251999999999996,-0.07123400000000002,-0.832815,0.516702,0.266802,0.015074000000000032,0.5996111581955907,0.3492600000000001,single,-0.832815
82,0.683333,jog,0.9805592223688951,-0.9314772590903777,0.04368174726989491,-0.008333601244851933,0.09301431148616489,-0.5676572325923537,0.08688347533900799,-0.13560542421697896,0.3859354374174998,1.7436697467898927,-1.761430457218301,-0.06888275531021198,8.655092393544418,-7.978238246298426,-0.02880230413740712,18.318265431924694,11.319305526330385,43.57788616116892,-5.890071196268732,11.938555065300347,5.918873500409878,-0.281629,0.20219999999999994,-0.845037,0.24887900000000007,-0.07814999999999994,-0.8337530000000001,0.5305080000000001,0.2803499999999999,0.01128399999999996,0.5,0.38715999999999995,flight,-0.8337530000000001
83,0.691667,jog,1.0887928965682694,-0.885529157667373,0.0682745380369482,-0.08574099668587364,0.07590585778872476,-0.802613634224206,0.07079433645309406,-0.09767218622511234,0.23470122390208598,1.699424046076292,-1.7090232781377366,-0.1198704103671697,12.98700194376931,5.513331104272187,2.950898820140761,-1.930542222931822,4.551624429069634,-18.146653889538356,-5.309059360883183,6.288358420994009,-6.118029164501718,-0.29011299999999995,0.20876599999999979,-0.84365,0.25396799999999997,-0.085013,-0.835321,0.5440809999999999,0.2937789999999998,0.00832900000000003,0.5601883024869114,0.41670999999999997,single,-0.835321
84,0.7,jog,1.049441977679117,-0.9896795871835102,0.09408376335053571,-0.17013376708553793,0.27137031659708033,-1.0492954376120163,0.05340213608544735,-0.1767670706828092,0.3399735989439611,1.6009840393615948,-1.6342253690147912,-0.11016440657626432,-4.7222991586646685,-12.498551483995948,3.097230926867604,-2.0871475300188247,-9.491765805555932,12.633190332638438,-11.813273336697229,8.97610813907909,1.164767045590479,-0.29841299999999993,0.21554000000000006,-0.8416009999999999,0.258564,-0.09038400000000002,-0.837023,0.5569769999999999,0.3059240000000001,0.004577999999999971,0.5,0.45422,flight,-0.837023
85,0.708333,jog,1.1498859954398104,-0.9659186367454625,0.09732389295571856,-0.01754667963381198,0.17331918219260095,-1.0326523728360388,0.027241089643582895,-0.2419296771870886,0.31309252370094676,1.5322212888515478,-1.5603024120964724,-0.14460578423136838,12.053764281854425,2.8514281096901013,0.38883110586617414,-3.139451151069765,-7.819825573536438,-3.2258580634842495,-8.251860135611029,8.871109674585208,-4.133130643838224,-0.30776799999999993,0.22157300000000002,-0.839803,0.26175000000000004,-0.095337,-0.839039,0.569518,0.31691,0.0007639999999999869,0.5,0.49236,flight,-0.839039
86,0.716667,jog,1.1526277897768096,-1.0185985121190189,0.09179265658747418,-0.02220665179975456,0.010265418407610293,-0.8397220602675071,0.13714902807774002,-0.19270458363330742,0.35433165346771955,1.4950803935685064,-1.608831293496505,-0.32721382289416684,0.32898900131979236,-6.321079358478034,-0.6636952685678345,13.187897580292331,5.906538703357429,4.948299708036055,-4.4565509098921465,-5.822999928009632,-21.91121174259624,-0.31623100000000004,0.228456,-0.837615,0.26460400000000006,-0.10025600000000001,-0.842531,0.5808350000000001,0.328712,0.0049160000000000315,0.45083999999999996,0.5,flight,-0.837615
87,0.725,jog,1.1989679587183564,-0.9780391215648837,0.11832473298932575,-0.008323102723465531,0.16348356286534943,-1.0840969368707032,0.16284651386056223,-0.2469698787951679,0.36013440537621877,1.2616104644185877,-1.348853954158182,-0.14580583223328994,5.5610427146942545,4.867321559358637,3.1839765272833085,3.0838216468045663,-6.512095903259448,0.6963580833432459,-28.01751219847844,31.198528661745502,21.769829672492328,-0.32486499999999996,0.23454799999999998,-0.8356,0.2651260000000001,-0.10334599999999994,-0.844732,0.589991,0.3378939999999999,0.009132000000000029,0.40868,0.5,flight,-0.8356
88,0.733333,jog,1.1681267250690004,-0.9174366974678831,0.13536541461657292,-0.29656238810449786,-0.0159136726973576,-0.9941944668554378,0.14388575543021062,-0.5648625945037798,0.5085803432137255,1.1089643585743316,-1.2107284291371623,-0.1807272290891637,-3.701096081765973,7.272581794911834,2.0449635938134048,-2.2753820269232605,-38.14865183110652,17.81422510950511,-18.31826543192793,16.575726031563573,-4.1907352521149175,-0.33340000000000003,0.23748599999999986,-0.83249,0.264633,-0.10579000000000005,-0.847366,0.598033,0.3432759999999999,0.014876,0.35124,0.5,flight,-0.83249
89,0.741667,jog,1.3777297816174776,-0.7275017998560338,-0.01079913606910535,-1.028110576510972,2.152589147993409,-1.3822967666599721,0.2961363090952905,-0.5453563714902598,0.4112071034317277,0.9318454523638223,-1.0575953923686152,-0.22510199184065435,25.150354757436816,22.79036448426331,-17.538343014840304,18.268604951413575,2.3405595168610653,-11.683854065514554,-21.252568539778053,18.374494452669538,-5.324545566533587,-0.3424139999999999,0.23900400000000022,-0.8289730000000001,0.26091700000000007,-0.10854099999999989,-0.849152,0.603331,0.3475450000000001,0.020178999999999947,0.29821,0.5,flight,-0.8289730000000001
90,0.75,jog,1.5649825993039752,-1.0175207008280172,-0.08064322572902953,0.45953098256531183,2.4223872129998707,-0.7206278227591488,0.22680907236288725,-0.4256570262810721,0.34621384855394055,0.728189127565095,-0.9642385695427794,-0.23496939877594855,22.47123697185849,-34.80366026304838,-8.381626024231837,-8.31960119193603,14.364496004942666,-7.799502565437046,-24.439736565309786,11.203266869775039,-1.184136197683206,-0.353565,0.24393599999999993,-0.825416,0.25394399999999995,-0.108097,-0.850438,0.607509,0.35203299999999993,0.02502199999999999,0.2497800000000001,0.5,flight,-0.825416
91,0.758333,jog,1.0998439937597433,-1.1213248529941173,0.1287651506060226,-0.21189877455464937,-1.581072788832553,-0.4401815092688989,0.28501140045601897,-0.5156606264250543,0.3415336613464526,0.46405856234249954,-0.8094323772950885,-0.2896915876635053,-55.81886541992439,-12.456996539793561,25.130010360620574,6.984558753525919,-10.80086405183989,-0.5616449306957824,-31.69693570413949,18.577486169169596,-6.566925343520521,-0.360355,0.24898299999999995,-0.823643,0.24864600000000003,-0.10549799999999998,-0.853925,0.609001,0.35448099999999994,0.03028200000000003,0.19718000000000013,0.5,flight,-0.823643
92,0.766667,jog,1.3644108471322396,-0.8669306455483655,0.07259419246459925,0.24430492527170475,0.2713913367461792,-0.5523084687209261,0.31869450443964564,-0.5401967842572633,0.31197504199664267,0.23122150227980706,-0.6155507559395245,-0.3802495800336001,31.74548276607845,30.524862904458033,-6.739975778908526,4.041649146103535,-2.944103411592166,-3.546750581930655,-27.938212150551212,23.263933447991985,-10.866089797227662,-0.36907,0.251706,-0.8216479999999999,0.23920199999999991,-0.10340299999999991,-0.857699,0.6082719999999999,0.3551089999999999,0.036051000000000055,0.13949,0.5,flight,-0.8216479999999999
93,0.775,jog,1.1585263410536302,-1.0198007920316643,0.007920316812673734,-0.02727842373057625,0.1278101528926675,-0.09815571683652709,0.3549741989679592,-0.5899435977438977,0.3091323652946099,-0.10116404656185331,-0.351974078963166,-0.46501860074402823,-24.70712901459361,-18.34515138405114,-7.76117552525204,4.353737492897322,-5.969856412652616,-0.3411348496379145,-39.8878613754541,31.630466455821114,-10.172689392827047,-0.37576599999999993,0.25528799999999996,-0.819138,0.22870500000000005,-0.09783800000000009,-0.86164,0.604471,0.35312600000000005,0.04250199999999993,0.07498000000000005,0.5,flight,-0.819138
94,0.783333,jog,1.3112924516980824,-0.9656786271451111,-0.045721828873151106,-0.2963725095812089,0.28394001798870566,-0.5946308269914897,0.41545661826471686,-0.6396255850234136,0.31981279251170347,-0.3399735989439578,-0.15612624504980302,-0.41293651746070215,18.332666583997796,6.49491958316977,-6.437314974898036,7.2581806428367015,-5.962076956620226,1.2817025341526047,-28.658292617557503,23.50268017681085,6.250099997999108,-0.3832310000000001,0.25800500000000004,-0.816092,0.21494500000000005,-0.09109199999999995,-0.8647,0.5981760000000002,0.349097,0.048607999999999985,0.013920000000000043,0.5,flight,-0.816092
95,0.791667,jog,1.347012239020863,-1.0068394528437425,-0.10487161027118247,-0.36760545222692725,0.7514873844094666,-0.7023045310361354,0.3906887449004227,-0.6538276937844967,0.3353731701463864,-0.44972402207824047,-0.03443724502038925,-0.3172546196304272,4.286031596205941,-4.938903971518014,-7.097405975285686,-2.9719070511511827,-1.7041167219921969,1.8670959484860588,-13.168997256333315,14.601511882578935,11.480909266891551,-0.3912009999999999,0.2609469999999998,-0.812423,0.199971,-0.08298800000000006,-0.86647,0.5911719999999999,0.3439349999999999,0.054046999999999956,0.0,0.5,flight,-0.812423
96,0.8,jog,1.2216488659546425,-0.9929197167886812,-0.06684267370695156,0.22591953583857058,-0.018464538601421145,-0.1084917369727882,0.49921996879874286,-0.6499459978398947,0.23208928357134084,-0.4358574342973663,-0.008760350414015293,-0.18408736349453908,-15.044206536207842,1.6704351440131169,4.563654933905046,13.024267838511904,0.46582214623808404,-12.394562171492275,1.6640570959887346,3.0813506067891336,15.980709964705099,-0.39722100000000005,0.26380500000000007,-0.809932,0.18615899999999996,-0.07478699999999994,-0.867447,0.58338,0.338592,0.05751499999999998,0.0,0.5,flight,-0.809932
97,0.808333,jog,1.0506420256810318,-1.398055922236895,-0.2125285011400436,-0.8834579644640831,-1.4851502184192193,0.0020043065118584354,0.4863794551782217,-0.6937477499100071,0.45157806312252935,-0.18528741149646033,0.026161046441850768,-0.10032401296051892,-20.52164169850141,-48.61828938536151,-17.482998611915683,-1.5409232713934125,-5.256420505233744,26.339707134428238,30.0696055203298,4.19073525211405,10.052004144248281,-0.4019229999999999,0.26967399999999997,-0.804398,0.17586000000000002,-0.06291900000000006,-0.866512,0.5777829999999999,0.332593,0.062114,0.0,0.6461296031874662,single,-0.804398
98,0.816667,jog,1.1713462922966131,-0.8777297816174725,-0.10487161027116915,-0.3211522373382297,0.15059527117770669,0.17143314963447426,0.6187904967602372,-0.7481401487880901,0.6901847852171782,0.05651547876169854,-0.09911207103431571,-0.13690904727621722,14.483353325603598,62.43414214295878,12.917793480786372,15.888053945526103,-6.526565740110702,28.630516210060836,29.01402570892213,-15.031571571414151,-4.389852929649391,-0.4065280000000001,0.27075400000000005,-0.797772,0.16656899999999997,-0.05642999999999998,-0.8667790000000001,0.5730970000000001,0.32718400000000003,0.06900700000000004,0.0,0.7029717129517388,single,-0.797772
99,0.825,jog,1.078243129725188,-0.8387135485419388,-0.16560662426497785,0.0310589107600003,-0.05769312243543182,1.2536671800148984,0.6087843513740732,-0.7029881195247777,0.6539061562462553,0.2145685827433131,-0.12144485779431442,-0.10596423856954314,-11.172826421627985,4.682135254474266,-7.288493218985871,-1.2007854777588094,5.418460250007539,-4.353609620895628,18.967131163040442,-2.6800416128643842,3.713525585824357,-0.4104399999999999,0.27188500000000004,-0.790943,0.15937200000000007,-0.05045300000000008,-0.866282,0.569812,0.3223380000000001,0.07533900000000004,0.0,0.5527337667042074,single,-0.790943
100,0.833333,jog,1.0850834033361283,-0.8323532941317682,-0.22260890435617944,-0.06825775686167221,-0.387163915065848,0.25110996846250605,0.8589943597743871,-0.9811592463698726,0.8489139565582584,0.18240729629184682,-0.16308652346093766,-0.12228489139565604,0.8208656679395508,0.7632610596628588,-6.840547232833476,30.026402064120113,-33.3818704962311,23.401872112324774,-3.85950875452612,-4.997199767985487,-1.9585566814007964,-0.4123239999999999,0.2706449999999999,-0.782014,0.15185000000000004,-0.04487600000000003,-0.8654459999999999,0.564174,0.31552099999999994,0.08343199999999995,0.0,0.544102745070766,single,-0.782014
101,0.841667,jog,1.0549556035517105,-0.8730501559875082,-0.26493880489560484,-0.2438241246185755,-0.5348527256555905,0.7558850401634366,1.135589152867752,-1.2658987281017227,0.9866810655147522,0.06947444204463545,-0.11243100551955346,-0.13198944084473102,-3.6150467703884797,-4.883232764067645,-5.079181730192594,33.18872007359764,-34.16600452745955,16.530730616329823,-13.550858440989982,6.078175898894147,-1.1644527776667752,-0.411652,0.267371,-0.7715829999999999,0.14363700000000001,-0.03853700000000004,-0.8643379999999999,0.555289,0.30590800000000007,0.09275500000000003,0.0,0.6886916427128525,single,-0.7715829999999999
102,0.85,jog,1.1462858514340684,-1.0051602064082716,-0.28657146285851043,1.0816061969680595,0.05144201746932715,0.4328635619585413,1.1785671426857278,-1.2592103684147584,0.824672986919483,-0.03312132485298758,-0.11136445457818893,-0.03468138725549025,10.960068148608991,-15.853840204099917,-2.5960227964605527,5.15756508076038,0.80263526784643,-19.441747101316537,-12.31198450709516,0.12799123261304898,11.677433528050122,-0.41138299999999994,0.265254,-0.7623230000000001,0.13380900000000007,-0.031089000000000033,-0.862239,0.545192,0.296343,0.0999159999999999,0.0,0.7979146046463971,single,-0.7623230000000001
103,0.858333,jog,1.1476059042361633,-0.9002760110404389,-0.3198127925117025,0.4711624443948828,-1.0480188944627236,0.21032677329372432,1.4740189607584295,-1.620184807392287,0.7951518060722387,-0.09132365294611887,-0.03888155526220924,-0.04524180967238699,0.15841267275829846,12.586606908416217,-3.989119123147961,35.45563639417983,-43.318665423920216,-3.5426834090056625,-6.984558753525867,8.698295849751517,-1.2673013820828867,-0.4086629999999999,0.259255,-0.753032,0.12348500000000007,-0.023911000000000016,-0.859951,0.532148,0.28316600000000003,0.10691899999999999,0.0,0.8181987786568965,single,-0.753032
104,0.866667,jog,1.1297096232301556,-0.8302135829133727,-0.2760979121670279,0.7287492627053281,-0.8731089775957991,0.27915732541600013,1.5814734821214356,-1.7818574514039014,0.6873050155987573,-0.02867770578353619,0.02711783057356141,0.01811855051595863,-2.147381930166524,8.406818829741612,5.245366012080019,12.893511082674184,-19.399165348165972,-12.940579610448998,7.516912306525442,7.919292756871973,7.602635011800574,-0.404898,0.251324,-0.745003,0.11383100000000002,-0.016765999999999948,-0.857499,0.518729,0.26808999999999994,0.11249600000000004,0.0,0.9276184988177459,single,-0.745003
105,0.875,jog,1.0487219488779438,-0.9931597263890454,-0.3019320772830856,0.5474234568739422,-1.2749559196528777,0.17911330548481136,1.809552382095284,-1.9375975039001472,0.5807032281291239,-0.015480619224774415,0.004920196807867223,-0.013560542421697049,-9.718909678652517,-19.55431938985624,-3.1002238228798245,27.37056281937446,-18.689553881704683,-12.792726205404175,1.5837137356008302,-2.663822604787483,-3.8016432182473956,-0.39855799999999986,0.24345399999999995,-0.7376480000000001,0.10496300000000003,-0.00844900000000004,-0.8550960000000001,0.5035209999999999,0.251903,0.117448,0.0,0.9647333089563235,single,-0.7376480000000001
106,0.883333,jog,1.127325093003717,-1.0668426737069516,-0.37873514940598035,-0.25889873587372286,-0.7471146636021955,-0.9300500952354739,2.0002400096003643,-2.1654866194647804,0.44845793831752967,-0.007080283211332174,-0.04704188167526057,-0.03336133445337722,9.432754605276967,-8.842307370443532,-9.216737324240304,22.883430637835065,-27.34778777926704,-15.870069580174448,1.0080806448388584,-6.2356988459291465,-2.3761900914052667,-0.39128399999999997,0.23429899999999992,-0.730755,0.09550999999999998,4.900000000007676e-05,-0.852218,0.48679399999999995,0.23424999999999985,0.12146299999999999,0.0,0.9031603892107622,single,-0.730755
107,0.891667,jog,1.1319894408447453,-0.8089752819774362,-0.5359971202303845,0.07965815023580984,1.6989798272762917,0.3094946323259983,2.1389488840892725,-2.304535637149021,0.36921046316294864,0.0075593952483844025,-0.04415646748260584,-0.014038876889849611,0.5596769667660465,30.941611678607742,-18.86992690477622,16.643733439993884,-16.684547358320316,-9.508936303645486,1.7566208854951597,0.34622200535814074,2.3185094268691766,-0.3828920000000001,0.221835,-0.723211,0.08613899999999997,0.0064229999999999565,-0.847868,0.4690310000000001,0.21541200000000005,0.1246569999999999,0.0,0.9217548698463874,single,-0.723211
108,0.9,jog,1.9692787711508288,-1.0219608784351426,-0.3366134645385737,-2.3575431328670886,-5.221630796603666,-6.089184465588713,2.27433097323893,-2.407896315852624,0.2838113524540977,0.006120244809795156,-0.0031201248049886453,-0.015720628825152842,100.47873878628106,-25.559293946682534,23.926995762847707,16.24650055798113,-12.403777595536129,-10.248303217190756,-0.17270496082914205,4.924558103638188,-0.20181830496858563,-0.38034999999999997,0.21028600000000008,-0.718041,0.06978000000000006,0.014913000000000065,-0.845194,0.45013000000000003,0.19537300000000002,0.12715299999999996,0.0,0.971406549604423,single,-0.718041
109,0.908333,jog,1.150606024240985,-0.8603144125765086,-0.27769110764431293,0.4539014498878428,-1.4659122954230148,0.056428648040045305,2.4154566182647437,-2.504020160806461,0.18156726269050766,0.012720508820345667,0.04356174246969945,-0.039241569662786975,-98.24465941555877,19.398351837109736,7.0709656659379965,16.935754833291146,-11.53532280737285,-12.269781562893435,0.7920633638006206,5.602048154888819,-2.8226258055483435,-0.3698100000000001,0.196589,-0.714214,0.06029799999999996,0.022445000000000048,-0.843207,0.43010800000000005,0.17414399999999997,0.12899300000000002,0.0,0.9000092012393658,single,-0.714214
110,0.916667,jog,1.1675065994720353,-0.8627309815214753,-0.2658987281017493,0.0762917410031974,-1.1861083781544706,0.09911291987018203,2.509239260859117,-2.7117830573553854,0.08507319414446961,0.00011999040077138805,-0.03395728341733034,-0.010799136069114364,2.0279067951824015,-0.2899650761899028,1.4149723473198386,11.253016869975113,-24.929553221612988,-11.578361956567953,-1.5119412550484979,-9.30153898332484,3.4128190057202294,-0.35862800000000006,0.1811790000000001,-0.7112890000000001,0.050568999999999975,0.029352000000000045,-0.841081,0.40919700000000003,0.15182700000000005,0.1297919999999999,0.0,0.9406111487590187,single,-0.7112890000000001
111,0.925,jog,1.5615024600984002,-1.026641065642619,-0.4863794551782019,-1.2180511950919515,0.11914967778408786,-1.882898438915778,2.6239049561982397,-2.6733469338773563,-0.010800432017281454,-0.008880355214210751,-0.05724228969159471,-0.003000120004799849,47.28139453094483,-19.66999689441294,-26.458745598998163,13.760433858048993,4.612519318136192,-11.505295351224127,-1.0800846771849397,-2.7943125254127286,0.9359193644923176,-0.34977500000000006,0.16745699999999997,-0.707326,0.03748299999999993,0.03742999999999996,-0.837053,0.387258,0.130027,0.12972700000000004,0.0,0.9033255583886739,single,-0.707326
112,0.933333,jog,1.2725309012360546,-0.99003960158407,-0.08472338893555632,0.6200120076703702,-1.4825165089783028,-0.19111833266537245,2.7322692907716704,-2.8021120844834027,-0.09780391215648504,-0.011880475219004096,-0.00852034081362449,-0.005280211208448671,-34.677974182449084,4.392351381081166,48.20065597535693,13.004240318424532,-15.452436170172506,-10.44083525011453,-0.36002880172727375,5.846867740066083,-0.2736218893134336,-0.3376109999999999,0.15235699999999996,-0.707435,0.026780000000000026,0.04560900000000001,-0.8363910000000001,0.3643909999999999,0.10674799999999995,0.12895600000000007,0.0,0.9740929798544706,single,-0.707435
113,0.941667,jog,1.1568274538036882,-0.689824814014874,-0.09407247420206395,-0.5151006263364514,-1.580415460880094,1.1730378555136587,2.8610511159106893,-2.736501079913572,-0.1787856971442294,-0.02279817614591097,0.014278857691382209,-0.006479481641468453,-13.883303027641649,36.022892676889086,-1.1218004879418715,15.452582810057349,7.872690733120989,-9.717036835582402,-1.3100193096840402,2.735684965803519,-0.14390093988718178,-0.32340800000000003,0.1353000000000001,-0.708141,0.016948999999999992,0.051476999999999995,-0.835661,0.340357,0.08382300000000009,0.12751999999999997,0.0,0.95388341179103,single,-0.708141
114,0.95,jog,1.1549261970478883,-1.1281651266050736,0.4611784471378813,-0.2837481023961079,-6.375658823587594,-0.9392049874163539,2.881915276611092,-2.7983919356774636,-0.27433097323892996,-0.030601224048962865,-0.012240489619590475,-0.008640345613824946,-0.22815993709347202,-52.60294162848957,66.63277587182891,2.5037994360257945,-7.427199779658264,-11.465891767034854,-0.9364032044944156,-3.1824489752757623,-0.25931404924475143,-0.309017,0.12138199999999999,-0.71427,0.007070000000000021,0.06077599999999994,-0.839576,0.316087,0.06060600000000005,0.12530600000000003,0.0,0.9432128713784622,single,-0.71427
115,0.958333,jog,1.2497299891995668,-0.8927157086283383,-0.13260530421217065,-0.3681171822728316,0.07516821719777265,1.0101427502630138,2.9950798031921195,-2.8543141725668844,-0.3247329893195731,-0.012120484819394855,-0.02664106564261893,-0.003480139205567525,11.37691013460675,28.255060359622508,-71.25690043802345,13.58028640117929,-6.710936864205033,-6.048483869031914,2.2177774186448977,-1.728138248293339,0.6192495389724468,-0.294473,0.10503600000000002,-0.7158709999999999,-0.0034450000000000314,0.06799299999999997,-0.8384999999999999,0.29102799999999995,0.03704300000000005,0.12262899999999999,0.0,0.9508753315046062,single,-0.7158709999999999
116,0.966667,jog,1.233981281497466,-0.9254859611231128,-0.07055435565153798,-0.5248346753180149,0.027117690125351982,1.2795161175219858,3.2446604271657997,-3.045356371490266,-0.33597312215022507,-0.004919606431480372,0.0005999520038436186,-0.010679145668346306,-1.8896937487521808,-3.932115730114501,7.4455181858209984,29.947279094513835,-22.923230012404638,-1.3487080430347809,0.8640362836470395,3.2686606247255026,-0.8638116705997992,-0.27771599999999996,0.08736900000000003,-0.718083,-0.013769999999999949,0.07571100000000008,-0.838001,0.263946,0.011657999999999946,0.11991799999999997,0.0,0.9803781143976271,single,-0.718083
117,0.975,jog,1.2011280451218214,-0.8948757950318018,-0.1186847473898988,-0.6871426535830845,0.31301882997111724,1.6152060415591125,3.3193327733109648,-3.0264010560422685,-0.43249729989199914,0.005640225609026723,0.014640585623419728,-0.015600624024961755,-3.942546066920069,3.6733668656319733,-5.7758780437251005,8.961039979019048,2.274728842913444,-11.58336466359954,1.2672305340822263,1.684943432086432,-0.5906010268349327,-0.260065,0.06960699999999997,-0.7206980000000001,-0.023731999999999975,0.08328999999999998,-0.837142,0.23633300000000002,0.013683,0.11644399999999999,0.0,0.9631241436150058,single,-0.7206980000000001
118,0.983333,jog,1.1838473538941523,-0.8873154926197024,-0.07416296651866133,-0.9693873257762956,0.33160119839781105,2.012531906589473,3.5792631705268083,-3.229329173166912,-0.3739349573982953,-0.01920076803072703,-0.019560782431300078,-0.006000240009600531,-2.0737658979561973,0.9072725803551352,5.3428274176451795,31.192895381716365,-24.352348148883053,7.027762209732821,-2.98103847830957,-4.104328339699948,1.1520921655299634,-0.24010399999999998,0.050091,-0.723196,-0.03375700000000004,0.09052099999999996,-0.836574,0.20634699999999995,0.040429999999999966,0.11337800000000009,0.0,0.9532353236801756,single,-0.723196
119,0.991667,jog,1.2571394288456945,-0.9570434365250814,0.008639308855286944,-0.9312339611060251,-0.20591324784066767,2.0163624464968444,3.466522678185761,-3.0117590592752763,-0.5473962083033368,-0.005399568034552675,-0.029037676985837035,-0.00311975041996621,8.794345446549393,-8.366683933930808,9.93547820661732,-13.527776858777028,26.10632516098353,-20.813685013803994,1.6560115186194422,-1.1371363756343906,0.345631100268099,-0.22169099999999997,0.03296699999999997,-0.72783,-0.04427899999999996,0.09825499999999998,-0.836672,0.17741200000000001,0.06528800000000001,0.108842,0.0,0.9505004247387343,single,-0.72783
120,1.0,jog,1.2166086643465663,-0.9711988479539161,-0.017640705628226044,-0.4175590428864976,0.6045260245309118,1.892003627220576,3.3477739109564184,-3.01392055682226,-0.6163446537861491,0.028921156846266016,0.014040561622468889,0.011760470418816808,-4.863886295347175,-1.6987173201529626,-3.153727887137031,-14.250422084404452,-0.2593900812412917,-8.274144423714391,4.118651731767496,5.169595416813362,1.7856979285710977,-0.203932,0.015944999999999987,-0.7328189999999999,-0.054176,0.10646500000000003,-0.8364269999999999,0.149756,0.09052000000000004,0.10360800000000003,0.0,0.9429454610707991,single,-0.7328189999999999
121,1.008333,jog,1.282131285251425,-1.0055202208088445,0.053762150486020406,-0.7878693355091321,0.27134240939317045,2.0828968141208004,3.6723868954758547,-3.02460098403939,-0.6422656906276338,-0.0351614064562571,0.0387615504620143,0.06060242409696425,7.863029029744308,-4.118729491771119,8.568685481128897,38.95511634698659,-1.281702534156968,-3.1106488469320728,-7.69021520491104,2.966637326238526,5.861268892133432,-0.184014,-0.0008799999999999919,-0.7386189999999999,-0.06515300000000002,0.11516700000000002,-0.83637,0.118861,0.11604700000000001,0.09775100000000003,0.0,0.8665475937456257,single,-0.7386189999999999
122,1.016667,jog,1.3136549076073896,-1.0544756419486383,0.10907127429806117,-0.7742385710337178,0.31985289163287467,2.0242254078402633,3.5854331653467506,-3.0731941444684154,-0.6089512838972831,-0.010079193664503522,-0.011159107271419371,0.02507799376049907,3.7825320801493003,-5.874180602327024,6.6365639323302545,-10.433612926458299,-5.830712794459459,3.9974090149208585,3.009624765029204,-5.989999728033752,-4.262590633125139,-0.16508100000000003,-0.017703999999999942,-0.744603,-0.07618500000000006,0.12386200000000003,-0.83707,0.08889599999999998,0.14156599999999997,0.09246699999999997,0.0,0.9512654129472358,single,-0.744603
123,1.025,jog,1.3142925717028755,-1.079083163326543,0.1988479539181609,-0.9087454645316729,0.35059461724827556,2.1144382981690044,3.645265810632454,-3.0842433697348146,-0.6510260410416459,0.0038401536061481215,-0.0055202208088312625,0.040321612864515306,0.07652275236840761,-2.9530206861760346,10.773632499712056,7.180204642470149,-1.3259600703707282,-5.049172824236541,1.6703884880177333,0.6766934432483092,1.8293074647805563,-0.14565700000000004,-0.034412999999999916,-0.751685,-0.08710499999999999,0.13280800000000004,-0.838391,0.05855200000000005,0.16722099999999995,0.08670599999999995,0.0,0.9318691601587041,single,-0.751685
124,1.033333,jog,1.342133685347387,-1.091323652946091,0.24828993159725804,-0.5681098682201993,0.6889943793327865,2.05939056703482,3.539661586463406,-2.9719188767550224,-0.70718828753149,-0.015840633625347256,-0.0008400336013415484,0.05472218888755431,3.341067280032533,-1.4689175110461816,5.933274652477651,-12.673013820838348,13.479478336708295,-6.739739168347913,-2.3617889393369773,0.5616449306959838,1.7281382482945824,-0.12734499999999993,-0.05008400000000002,-0.759647,-0.09842099999999998,0.141895,-0.840004,0.02892399999999995,0.191979,0.08035700000000001,0.0,0.9050416862403261,single,-0.759647
125,1.041667,jog,1.3579313654907892,-1.1643868490521034,0.2764578833693324,-0.2723098404468759,0.8801310315604676,1.7153120492948821,3.8497720182386144,-3.0994720422366857,-0.6437485001200021,0.025317974562030866,-0.020398368130550362,0.08039356851452001,1.8955699716105596,-8.766882182147086,3.3798838219432334,37.21027499102643,-15.305155445364257,7.612165516137405,4.938637891454153,-2.346812398513221,3.0803191297055657,-0.10657799999999995,-0.06621100000000002,-0.767316,-0.10952700000000004,0.15142900000000004,-0.841638,0.0029490000000000904,0.21764000000000006,0.074322,0.0,0.8554680051106338,single,-0.767316
126,1.05,jog,1.395895835833406,-1.201128045121776,0.36601464058561667,-0.7386066594913216,0.9752086991007862,1.4264805238503864,3.8397935917435957,-3.035521420856776,-0.6431057242289582,-0.005520220808831116,-0.007200288011527536,0.12648505940237464,4.555918677861044,-4.409119893156365,10.747240755584146,-1.197459077765331,7.674381540850691,0.07713619237296032,-3.700731473762324,1.5838329676014156,5.531200154548642,-0.08621299999999998,-0.08149700000000004,-0.775725,-0.12120500000000001,0.1613779999999999,-0.843634,0.03499200000000002,0.24287499999999995,0.067909,0.0,0.7886499268114534,single,-0.775725
127,1.058333,jog,1.433457338293543,-1.2200888035521578,0.38665546621865926,-0.7386696792811577,0.8525300675653292,1.171852213622207,3.8759150366015054,-3.011040441617689,-0.6218648745949902,0.0037201488059526618,-0.017760710428408415,0.12516500660026458,4.507560597640388,-2.2753820269269016,2.476998155891369,4.3347467728201154,2.9378350220913223,2.549003916232832,1.1088887093224364,-1.2673013820810004,-0.15841267276011917,-0.06585999999999992,-0.09642099999999998,-0.7841290000000001,-0.133119,0.17139700000000002,-0.845813,0.06725900000000007,0.267818,0.06168399999999996,0.0,0.7892107343860508,single,-0.7841290000000001
128,1.066667,jog,1.5151187904967554,-1.2663786897048215,0.45116390688744384,-1.0071438668201174,0.8866728281850155,0.8874078261219013,3.8946484281257185,-2.972162227021824,-0.6214302855771477,0.020158387329020363,-0.03203743700504142,0.20794336453083576,9.798590377155243,-5.554341990960327,7.74039364876219,2.2478271567330235,4.66501255049973,0.052146510420258176,1.972430828301845,-1.7130701435844609,9.932608343001025,-0.04602899999999999,-0.11063699999999999,-0.793068,-0.14557799999999999,0.18168400000000007,-0.84784,0.099549,0.29232100000000005,0.05477200000000004,0.0,0.6477327371868105,single,-0.793068
129,1.075,jog,1.4495379815192682,-1.2700108004320168,0.40633625345014174,0.05389910746028267,2.316652972941642,0.4926564553210106,3.956438257530327,-2.9278771150846206,-0.5844233769350826,0.0808832353294082,0.012120484819395016,0.2350894035761455,-7.870011877773646,-0.4358707220923201,-5.379533593820055,7.415076131598369,5.314426009504839,4.441006677314949,7.2872732509766465,5.299162585435838,3.257654991636864,-0.025139000000000022,-0.12445200000000001,-0.801324,-0.15698299999999998,0.19236799999999998,-0.849267,0.13184399999999996,0.31682,0.04794299999999996,0.020569999999999977,0.5851505240070086,single,-0.801324
130,1.083333,jog,1.5555022200887798,-1.27925117004678,0.5496219848793756,-0.7038546725091309,0.6018518727321674,0.5794646876961553,3.967478699147904,-2.890315612624457,-0.5508220328813069,0.086883475339019,-0.005280211208453526,0.34357374294971166,12.716217277032257,-1.108888709319932,17.194975570530588,1.324905990348791,4.5075605976434385,4.032322579356186,0.7200576034574203,-2.0881670500237894,13.018641470486532,-0.005039999999999989,-0.13787700000000003,-0.8104939999999999,-0.16922099999999995,0.20298399999999994,-0.850984,0.16418099999999997,0.34086099999999997,0.040490000000000026,0.09510000000000002,0.5,flight,-0.8104939999999999
131,1.091667,jog,1.532517398608141,-1.321694264458868,0.5347972162227177,-0.697648084241955,1.128066440321105,0.3405286601617021,4.008639308855367,-2.8743700503960303,-0.48572114230862407,0.1361891048716125,-0.032277417806571736,0.4188864890808816,-2.757957941041418,-5.092763908338008,-1.7788299324043941,4.938878054651261,1.9133144022590718,7.81148195016608,5.9162022477315155,-3.239405639323101,9.036806591213269,0.015595999999999999,-0.1508170000000001,-0.818999,-0.18085799999999996,0.21372999999999998,-0.85195,0.19645399999999996,0.36454700000000007,0.03295099999999995,0.17049000000000003,0.5,flight,-0.818999
132,1.1,jog,1.5448217928716905,-1.3447737909516204,0.606624264970592,-0.5017031637450236,0.6232017701155467,0.44584015935678145,4.013440537621431,-2.829593183727288,-0.44425777031080427,0.23520940837632634,-0.019200768030726772,0.5352214088563447,1.476586375080912,-2.7696539652888457,8.619590633370096,0.5761704987476641,5.373438937806489,4.975803671885164,11.882911737034933,1.5692607435311094,13.96074880300745,0.03616699999999995,-0.16318999999999995,-0.827756,-0.19177100000000002,0.22477599999999998,-0.852545,0.22793799999999997,0.3879659999999999,0.02478899999999995,0.25210999999999995,0.5,flight,-0.827756
133,1.108333,jog,1.570502820112814,-1.3739349573983135,0.5838233529341237,0.11834135365361405,1.076824982908124,0.24009094716747142,3.975279011160488,-2.7620304812192784,-0.3831753270130842,0.22404896195847462,-0.13104524180967142,0.5091803672146928,3.0818465427965505,-3.4994799528013147,-2.736218893131944,-4.579566357967515,8.10784861490583,7.330186403182601,-1.3393071424279153,-13.421873728422616,-3.1250499989982146,0.056206000000000034,-0.17475699999999994,-0.8358140000000001,-0.20299100000000003,0.23513300000000004,-0.853167,0.25919700000000007,0.40989,0.017352999999999952,0.3264699999999999,0.5,flight,-0.8358140000000001
134,1.116667,jog,1.5952723782097311,-1.3927285817134432,0.5415166786657013,0.2627709449830995,0.9393895765707813,-0.05551567119520946,3.9095272378209445,-2.7207823374129863,-0.27153827693784305,0.3010559155267669,-0.19402447804175274,0.4736021118310506,2.972109202893806,-2.255054513454465,-5.0763948006265975,-7.889581634214438,4.949381306250522,13.395374379078511,9.240095220577357,-7.556903795546057,-4.269049122107266,0.07549300000000003,-0.18582500000000002,-0.8425900000000001,-0.21377699999999994,0.24512299999999998,-0.8537330000000001,0.28926999999999997,0.430948,0.011143000000000014,0.38856999999999997,0.5,flight,-0.8425900000000001
135,1.125,jog,1.639385575423036,-1.4312972518900913,0.6189847593903808,-0.06500155826109079,0.565009036907274,-0.006769441897821615,3.8960758430337563,-2.6941077643106,-0.1999279971198867,0.35257410296412134,-0.20664826593063929,0.6105844233769401,5.293795417413329,-4.628425558220145,9.296541548623567,-1.6142319437403427,3.201076815359,8.59357732124769,6.182429789674174,-1.5149151432721302,16.438534926903962,0.09429799999999999,-0.19634800000000002,-0.849414,-0.22449999999999998,0.255328,-0.853803,0.31879799999999997,0.451676,0.004388999999999976,0.45610999999999996,0.5,flight,-0.849414
136,1.133333,jog,1.6505460218408874,-1.461538461538481,0.6734669386775473,-0.12483500415646291,0.40464972503631363,-0.0995567044230147,3.7425897035881737,-2.592943717748732,-0.03924156966278614,0.3681747269890781,-0.26689067562702795,0.5955838233529407,1.3393071424278786,-3.629090321419657,6.538123039381612,-18.419073496409943,12.140171194272035,19.28314262055707,1.8721497689855886,-7.229378338700254,-1.8001440086402887,0.11173099999999997,-0.20577599999999996,-0.8553529999999999,-0.235186,0.26528300000000005,-0.854452,0.346917,0.471059,0.0009009999999999296,0.5,0.49099000000000004,flight,-0.854452
137,1.141667,jog,1.6870650347972054,-1.4662826973841991,0.7619390448764134,-0.09832770846786498,0.07885514617375045,-0.4007134740720539,3.6238300935924888,-2.474322054235642,0.03347732181425478,0.33201343892487917,-0.33273338132949415,0.630909527237816,4.381931000278103,-0.5692627604653362,10.61580347958549,-14.250013198426206,14.233460944695103,8.725568931730304,-4.339007447108071,-7.9004926448842925,4.2387453665556825,0.12787199999999999,-0.21417699999999995,-0.8614240000000001,-0.24647900000000006,0.27473000000000003,-0.8555440000000001,0.37435100000000004,0.488907,0.005879999999999996,0.5,0.44120000000000004,flight,-0.8555440000000001
138,1.15,jog,1.6863074522981019,-1.4701788071522877,0.6095043801752059,0.2363263265422138,0.10355587973260752,-0.4386910242577536,3.47161886475462,-2.3700948037921723,0.11256450258010356,0.4308172326893094,-0.3424936997479958,0.6770670826833128,-0.09091353643388,-0.4675518742455963,-18.292891479804258,-18.26607810366859,12.507770364031053,9.490841325554962,11.856929528912891,-1.1712850616226758,5.539128218588413,0.14274900000000001,-0.22167600000000004,-0.865565,-0.25694100000000003,0.2841269999999999,-0.854981,0.39969000000000005,0.505803,0.010584000000000038,0.5,0.39416000000000007,flight,-0.854981
139,1.158333,jog,1.7341893675746782,-1.4792991719668633,0.4980199207968216,0.1409166654914838,-0.6039965473897944,-0.18035028225591374,3.272650906036186,-2.260410416416619,0.19452778111124075,0.43069722788911574,-0.3388935557422163,0.6990279611184321,5.746059675576087,-1.0944875572513522,-13.378670272216771,-23.877110130616845,13.162652991185787,9.835986863210818,-0.014401152069319375,0.4320345620760173,2.6354108286474145,0.15556899999999999,-0.22818499999999997,-0.8680939999999999,-0.267803,0.29363000000000006,-0.853306,0.42337199999999997,0.521815,0.014787999999999912,0.5,0.35212000000000004,flight,-0.853306
140,1.166667,jog,1.7519798416127013,-1.4721622270218633,0.45656347492202193,0.03830308265596073,-0.384427014613237,-0.4103281377335859,3.050875929925661,-2.067074634029316,0.20470362371010697,0.4828413726901973,-0.3388528917686708,0.6798656107511534,2.13468610967403,0.8563648842092864,-4.974375554931663,-26.610868263802427,23.19843801143591,1.2210034315894431,6.256796832383313,0.004879286482543687,-2.2992981002254766,0.166394,-0.233143,-0.870193,-0.27837999999999996,0.303075,-0.851445,0.44477399999999995,0.536218,0.018747999999999987,0.5,0.31252,flight,-0.851445
141,1.175,jog,1.7457098283931023,-1.4857794311772181,0.43093723748949336,0.5487024025739231,-0.2638438355273011,-0.43628541825413936,2.8033121324852526,-1.947437897515869,0.21912876515060317,0.5286211448457836,-0.3675747029881043,0.9151566062642355,-0.7524316836192079,-1.634129863837105,-3.0752715027634845,-29.708844046610345,14.356982660919822,1.7310862163081657,5.493792410366677,-3.446755216540623,28.236048903525496,0.17520700000000003,-0.23699000000000003,-0.871958,-0.28852199999999995,0.31239300000000003,-0.84741,0.46372899999999995,0.5493830000000001,0.024548000000000014,0.5,0.25451999999999997,flight,-0.84741
142,1.183333,jog,1.7314292571703023,-1.4786991479659388,0.39121564862594016,0.9353802097246714,-0.1483374033893304,-0.6696121939512953,2.543261730469241,-1.7883115324613112,0.21804872194887984,0.4842193687747567,-0.326533061322466,0.942637705508229,-1.7137370962198668,0.8496679720724057,-4.766781334879823,-31.20729653378304,19.095927643652857,-0.12961036862154626,-5.328426265573901,4.925194007636945,3.29786382383221,0.18197200000000002,-0.23956999999999995,-0.873401,-0.29891499999999993,0.321994,-0.842815,0.48088699999999995,0.561564,0.030586000000000002,0.5,0.19413999999999998,flight,-0.842815
143,1.191667,jog,1.7357811375089902,-1.4925605951523737,0.308255339572837,0.9123096185779195,0.108430186177491,-0.7197173105056462,2.2967362610990953,-1.6370290376769754,0.1262299016078701,0.5104391648668044,-0.3840892728581695,1.113750899927997,0.5221838659332743,-1.6632406031239246,-9.954440731113811,-29.580689869227697,18.1524471783459,-11.017377050757025,3.146123841138411,-6.906192888853259,20.531940775109998,0.186647,-0.240774,-0.874918,-0.309127,0.33123199999999997,-0.836102,0.495774,0.572006,0.03881599999999996,0.5,0.11184,flight,-0.836102
144,1.2,jog,1.7257890315612754,-1.4759390375615098,0.21864874594983882,0.6664409607128834,-0.5170800401251217,-0.6231648530428591,2.0541221648866133,-1.5197407896316002,0.030961238449537586,0.5199807992319645,-0.41977679107164684,1.1964478579143283,-1.1991006777529,1.9946666975715919,-10.753221363614426,-29.114856139743708,14.075152771556013,-11.43269688687548,1.1450419254962412,-4.28267349255702,9.924031919636628,0.18938300000000002,-0.24113900000000005,-0.876482,-0.31917500000000004,0.3400329999999999,-0.827954,0.5085580000000001,0.581172,0.048528000000000016,0.5,0.014719999999999844,flight,-0.827954
145,1.208333,jog,1.7430697227888823,-1.4818192727708879,0.13176527061082732,0.4459347704189542,-0.3247426763713758,-0.6220878217352049,1.8600744029760865,-1.3684147365894392,-0.058442337693506874,0.5951038041521612,-0.47269890795629976,1.150846033841332,2.0737658979487086,-0.7056564513834128,-10.42643409804512,-23.286662895778633,18.159852759169365,-10.728858291496808,9.015121195271263,-6.350908062480739,-5.47243778627091,0.190358,-0.24019400000000002,-0.878067,-0.328741,0.34844200000000003,-0.819462,0.519099,0.588636,0.05860500000000002,0.5,0.0,flight,-0.819462
146,1.216667,jog,1.717902567794612,-1.4683225341972985,0.03467722582193295,0.2792024218794036,-0.5684886459138706,-0.7239526202997438,1.6858651307895698,-1.220542356611496,-0.13378929685625296,0.583273338132961,-0.517878569714431,1.0925125989921016,-3.019817013951371,1.6194790705051125,-11.649633403995228,-20.90344038715143,17.74326613606265,-9.040911826583576,-1.4195423589153422,-5.421125720918181,-6.999452225729719,0.19009099999999998,-0.23812899999999998,-0.879471,-0.338197,0.3563630000000001,-0.810646,0.528288,0.594492,0.06882500000000003,0.5,0.0,flight,-0.810646
147,1.225,jog,1.7140285611424144,-1.4586583463338176,-0.012240489619590149,0.4210212863156956,-0.4449739122320689,-0.7694465807862081,1.5225009000359744,-1.0907236289451336,-0.2524900996039808,0.9414376575062827,-0.5912636505460133,1.197047881915257,-0.4648993942394752,1.1597489335750293,-5.630351067025354,-19.60449187010591,15.57887047478219,-14.244666116371743,42.98143758230115,-8.806561962268205,12.544735740208036,0.188495,-0.23506300000000002,-0.881473,-0.344635,0.363591,-0.800569,0.53313,0.598654,0.08090399999999998,0.5,0.0,flight,-0.800569
148,1.233333,jog,1.7089883595343942,-1.4456978279131334,-0.13656546261850266,-0.0024716674487476765,-0.6864154103439855,-0.8352671801962858,1.3916956678267263,-0.9612384495379923,-0.3494539781591293,1.070442817712723,-0.5786631465258655,1.2565702628105215,-0.6048483868979069,1.5553244234590615,-14.919593543611382,-15.69725575534013,15.538843082580405,-11.636130871852805,15.481238474311946,1.5121209672564382,7.142971426288859,0.18585100000000002,-0.231026,-0.883247,-0.34995599999999993,0.37081600000000003,-0.78896,0.5358069999999999,0.601842,0.09428700000000001,0.5,0.0,flight,-0.78896
149,1.241667,jog,1.7005039596832145,-1.4336453083753207,-0.2050635949124007,-0.05863505843676828,-0.6906893306955911,-0.804772752471142,1.3330933525317867,-0.8484521238300864,-0.48620110391168336,1.1763858891288517,-0.5947924166066656,1.2583393328533616,-1.0180465384184778,1.4461866496055473,-8.219118345800037,-7.0317152981688364,13.533276422834781,-16.408342422912526,12.712151597807521,-1.9353575810895123,0.21227142342693672,0.18278899999999998,-0.226149,-0.8855900000000001,-0.3543240000000001,0.37780700000000006,-0.776764,0.5371130000000001,0.603956,0.10882600000000009,0.5,0.0,flight,-0.776764
150,1.25,jog,1.685947437897532,-1.4182167286691592,-0.28297131885276655,-0.21648452782287766,-0.5684919547226418,-0.7302143676583553,1.1664466578663257,-0.7725909036361525,-0.5814232569302827,1.3693747749910194,-0.6893075723029083,1.3117724708988507,-1.7468524883814456,1.8515036248843941,-9.349300844877783,-19.998403295987345,9.103710571695023,-11.427115446849903,23.159592687167834,-11.342272374444205,6.412233054780942,0.17845999999999998,-0.220769,-0.888077,-0.356962,0.383881,-0.7634749999999999,0.535422,0.6046499999999999,0.1246020000000001,0.5,0.0,flight,-0.7634749999999999
151,1.258333,jog,1.6889475579023285,-1.392655706228259,-0.3847353894155719,-0.5739802789750521,-0.871044526749823,-0.7420847089327635,0.9336373454938282,-0.6383055322212968,-0.6926677067082746,1.4365774630985315,-0.7434297371894885,1.2318492739709697,0.36002880172764473,3.0674453907236803,-12.212176954614938,-27.938235014100528,16.11488916534944,-13.349867968077868,8.06464515870787,-6.494919583173007,-9.591167278036938,0.172166,-0.21448300000000003,-0.8906430000000001,-0.359065,0.389291,-0.750004,0.531231,0.603774,0.14063900000000007,0.5,0.0,flight,-0.750004
152,1.266667,jog,1.6594672426205788,-1.3946484281257385,-0.47036237101031975,-0.6141596294189092,-1.0730886533468194,-0.5870125779049582,0.6885049196064262,-0.3982481401487837,-0.8322534197264153,1.4811615070794248,-0.922486201103908,1.172306215502751,-3.5373548454223114,-0.23910749909761825,-10.274415838102616,-29.41353802344613,28.80458268208679,-16.748945646525037,5.349657305122749,-21.485056865180965,-7.144595448550295,0.164074,-0.20617900000000003,-0.893659,-0.360551,0.39322599999999996,-0.736314,0.524625,0.599405,0.15734499999999996,0.5,0.0,flight,-0.736314
153,1.275,jog,1.6351854074163115,-1.3693747749910128,-0.5693027721108861,-0.7345039770030366,-0.8588157891598992,-0.5710309018009074,0.3799351974078998,-0.1113644545781856,-0.9033961358454421,1.7219488779551406,-0.9657986319452799,1.1351254050162105,-2.9139367819833817,3.0329596945548984,-11.87332306499067,-37.02984785773782,34.42741936524669,-8.53746743298061,28.895640330699386,-5.197699608949037,-4.461875733414242,0.153614,-0.19569600000000004,-0.896443,-0.3598279999999999,0.396589,-0.7221110000000001,0.513442,0.5922850000000001,0.17433199999999993,0.5,0.0,flight,-0.7221110000000001
154,1.283333,jog,1.5933037321492594,-1.3675747029880976,-0.6163446537861442,-0.6621096577344184,-0.8394301783845217,-0.515146514572318,-0.039241569662785934,0.18144725789031405,-0.7370694827792985,1.74330973238926,-1.0231609264370436,1.0777631105244008,-5.02600207212905,0.216017281041063,-5.645251611095321,-50.303224177448506,35.13881104866129,19.959996767807592,2.563405068297001,-6.883750689039081,-6.88375068904461,0.14001,-0.182788,-0.897449,-0.358578,0.399459,-0.707994,0.498588,0.582247,0.18945500000000004,0.5,0.0,flight,-0.707994
155,1.291667,jog,1.532397408207373,-1.3354931605471851,-0.711903047756189,-0.6539186344581579,-1.106912042938727,-0.4562670569758516,-0.011999040076794013,0.10295176385889296,-0.23374130069594856,1.9406047516199065,-1.1965442764579037,0.9958003359731412,-7.308174219088972,3.8494771347387866,-11.466089989206449,3.2688420429556566,-9.418705787307726,60.394550285980266,23.673508427003885,-20.804337655491175,-9.834746166458016,0.127139,-0.17079999999999998,-0.893464,-0.35517600000000005,0.40061700000000006,-0.693762,0.482315,0.5714170000000001,0.19970200000000005,0.5738478418078572,0.0,single,-0.693762
156,1.3,jog,1.4849393975758767,-1.2673706948277694,-0.7350294011760399,-0.8255271381636604,-1.6733120852431274,-0.5564431050279319,0.17496699867994425,-0.04764190567622723,-0.2097683907356257,2.1378855154205825,-1.2958118324732866,0.9290771630865104,-5.695189083342796,8.175022887245232,-2.7752734213189147,22.436822123693148,-18.071963222743015,2.8768642698094857,23.674638641626363,-11.912583225174739,-8.00710103043677,0.11622299999999999,-0.160636,-0.889087,-0.349735,0.40037999999999996,-0.6798949999999999,0.465958,0.561016,0.20919200000000004,0.5378613136389554,0.0,single,-0.6798949999999999
157,1.308333,jog,1.4474978999160086,-1.2286091443657823,-0.8157926317052722,-1.4449710717823128,-1.8818698011923907,-0.6295874929952007,0.25477019080763463,-0.20736829473178872,-0.36445457818313043,2.280451218048742,-1.445577823112938,0.8334333373334984,-4.4931594455620285,4.651572118323234,-9.691975342521664,9.576766125967971,-19.167933404003715,-18.56308501710142,17.10856865812562,-17.972637782269615,-11.477718199089509,0.106284,-0.152126,-0.8853260000000001,-0.342794,0.3985719999999999,-0.6661520000000001,0.449078,0.5506979999999999,0.21917399999999998,0.5,0.0,flight,-0.6661520000000001
158,1.316667,jog,1.3933285337172934,-1.1937844972402165,-0.8406527477801793,-1.36637030561899,-1.0822228207492681,-0.7571818205760882,0.2417806575473943,-0.235421166306696,-0.3872090232781349,2.4748020158387147,-1.5251979841612455,0.7210223182145358,-6.49980395952902,4.178623365198645,-2.982975290965555,-1.5586193016846925,-3.3660753029646093,-2.7303149862016185,23.320230116387243,-9.553655033394168,-13.488243234816633,0.096687,-0.144139,-0.881547,-0.333781,0.39581000000000005,-0.653137,0.43046799999999996,0.539949,0.22841,0.5,0.0,flight,-0.653137
159,1.325,jog,1.4060962438497657,-1.1736469458778405,-0.8157926317052722,-2.118493505735664,-1.2755192660381287,-0.641777393265599,0.16224648985959586,-0.18936757470298937,-0.17496699867994892,2.5388215528621387,-1.6944677787111666,0.5388215528621186,1.5321865033568307,2.416602827598252,2.9833332623193747,-9.544481901811974,5.526652058527186,25.47006175425272,7.682651748880906,-20.313187873505655,-21.864966440947896,0.086322,-0.13593700000000003,-0.876207,-0.32434199999999996,0.39147,-0.641849,0.410664,0.527407,0.23435799999999996,0.5,0.0,flight,-0.641849
160,1.333333,jog,1.378735149405952,-1.1114844593783615,-0.7813512540501404,-2.251130733587614,-0.7005298449331668,-0.827009611247208,0.16236649465978356,-0.01380055202208112,-0.042841713668545535,2.641185647425851,-1.7718708748349659,0.4494179767190607,-3.283462671764448,7.459796771808219,4.133130643841494,0.014401152068606584,21.068885477127708,15.855668428105254,12.284182714953834,-9.288743084579131,-10.728858291498424,0.076186,-0.12678999999999999,-0.8700530000000001,-0.313822,0.385967,-0.6315930000000001,0.39000799999999997,0.512757,0.23846,0.7191839953205947,0.0,single,-0.6315930000000001
161,1.341667,jog,1.3392128629709883,-1.1325893928485906,-0.7537796976242056,-2.7018957067180285,-0.05956468749454733,-0.7030508960308997,0.12550995920326613,0.005159587233023286,-0.04415646748260226,2.7233021358291847,-1.9118070554355986,0.3074154067674655,-4.742294988596659,-2.5323894252735215,3.3083221053438097,-4.422430460345348,2.275034707835945,-0.15775783705984542,9.853190353171996,-16.79099839220487,-17.038945278569464,0.066071,-0.117308,-0.864139,-0.302287,0.379473,-0.622749,0.36835799999999996,0.49678100000000003,0.24139,0.7780818167521917,0.0,single,-0.622749
162,1.35,jog,1.3590543621744633,-1.1226449057962125,-0.7459498379935066,-2.3607084315520335,0.5080784544636346,-0.8177109334138688,0.0474018960758422,0.0319212768510721,-0.06456258250329945,2.8847953918156195,-1.951398055922199,0.20508820352813947,2.3810751474228553,1.1933861817326274,0.9396207405134893,-9.373342508991069,3.211531215414418,-2.44883175575385,19.37996591700852,-4.751110102796085,-12.279755578942064,0.055140999999999996,-0.107687,-0.858461,-0.289573,0.37256700000000004,-0.614824,0.344714,0.48025400000000007,0.243637,0.8562966527212408,0.0,single,-0.614824
163,1.358333,jog,1.3688947557902433,-1.0957638305532322,-0.6714268570742911,-1.3798500871459862,0.7420193339232736,-1.0086538405051135,0.039361574462978846,0.040441617664707434,-0.03984159366374679,2.997959918396764,-2.077403096123873,0.08100324012960367,1.1808944696724026,3.2258580634801954,8.943115434923339,-0.9648771886311565,1.0224817969081257,2.9666373262393964,13.580286401193487,-15.121209672587938,-14.890791239474012,0.044062000000000004,-0.098219,-0.853198,-0.275998,0.36438699999999996,-0.608554,0.32006,0.46260599999999996,0.24464399999999997,0.8848646862599138,0.0,single,-0.608554
164,1.366667,jog,1.3755699544036375,-1.1592272618190427,-0.5496760259179292,-0.8558059441732926,0.9522466326159764,-0.9585483023838199,0.053275737940964366,0.023638108951284046,-0.02771778257739384,3.0196784257259215,-2.1629469642428423,-0.045356371490279164,0.8009597568267472,-7.61500255169306,14.60893102428137,1.6695660520740836,-2.0162597448312045,1.4547409510862557,2.6060123985070236,-10.264443018834704,-15.16194043915069,0.033042,-0.08836100000000002,-0.8488479999999999,-0.262296,0.35602199999999995,-0.604351,0.295338,0.444383,0.24449699999999996,0.8924342588750338,0.0,single,-0.604351
165,1.375,jog,1.3985359414376703,-1.189727589103579,-0.5343813752550066,-0.8115008168651565,1.3919030062552722,-0.631110973944219,0.026281051242049925,-0.0007200288011527728,-0.025201008040321233,3.1111244449778246,-2.221048841953695,-0.22164886595463873,2.7560286852313767,-3.6601856815716562,1.8354314968105978,-3.2394919835491045,-2.923093454030606,0.3020250254497337,10.973961268679219,-6.972504225471398,-21.155945573546283,0.021607,-0.078453,-0.844605,-0.248025,0.347428,-0.601745,0.269632,0.425881,0.24286000000000008,0.9393025970235666,0.0,single,-0.601745
166,1.383333,jog,1.353054122164899,-1.1996879875195092,-0.48157926317053656,0.38881356741814455,1.552883058108616,-0.6400320828309554,-0.006480259210368502,-0.005040201608062748,-0.028201128045122786,3.228009120364845,-2.2670106804272367,-0.36085443417736823,-5.458036634197972,-1.1952956217365063,6.336506910412881,-3.9315145148708415,-0.5184414744881813,-0.36002880172825885,14.026722115327177,-5.515641242474771,-16.7053364001837,0.010277999999999999,-0.068498,-0.840827,-0.232401,0.338534,-0.6007389999999999,0.242679,0.407032,0.24008800000000008,0.9510470459777708,0.0,single,-0.6007389999999999
167,1.391667,jog,1.3880489560835028,-1.216822654187657,-0.39572834173266114,-0.08832498236217294,0.9595143357042394,-0.17377362499852744,-0.004799616030717518,0.005159587233019818,-0.030117590592751663,3.467122630189559,-2.2974562035037054,-0.5687544996400271,4.199044146700675,-2.055995520536075,10.301286469627403,0.20166104867422252,1.2238767507898354,-0.22995710914673176,28.691325872895646,-3.653170515534966,-24.94601217454491,-0.00133,-0.058314000000000005,-0.83778,-0.215074,0.329528,-0.602181,0.213744,0.387842,0.235599,0.9484483291150718,0.0,single,-0.602181
168,1.4,jog,1.383895355814245,-1.1644065762630633,-0.32449297971918317,0.1966096485952311,0.519255889607202,-0.16573762713487733,0.0025201008040322066,0.01464058562342639,-0.004320172806912473,3.359654386175477,-2.394815792631724,-0.6384255370214856,-0.498451970389745,6.2901809581896275,8.548585385032835,0.8784011562162236,1.1377653174614977,3.095813966859405,-12.896705149895974,-11.683618040083964,-8.360858920131905,-0.012840999999999998,-0.04848899999999998,-0.8351120000000001,-0.19861,0.31927500000000003,-0.604797,0.185769,0.367764,0.23031500000000005,0.9742144771161894,0.0,single,-0.604797
169,1.408333,jog,1.3213728549141734,-1.2293291731669023,-0.3159726389055503,0.18465596630388073,-0.020664402429569875,-0.6621678708407662,0.014520580823232676,0.015120604824191171,-0.009240369614784512,3.386295451818013,-2.478099123964922,-0.7693507740309478,-7.503000228017583,-7.791023269391313,1.0224817969078062,1.4401152069123078,0.057604608276103815,-0.5904472348340276,3.197055759334636,-9.994399535965021,-15.711656907411477,-0.023731,-0.038119000000000014,-0.8325560000000001,-0.181403,0.30886899999999995,-0.6085750000000001,0.157672,0.34698799999999996,0.22398099999999999,0.961816801676682,0.0,single,-0.6085750000000001
170,1.416667,jog,1.3614110871130571,-1.166546676265922,-0.12371010319174751,-0.2517471205030561,-0.5929472957661813,-0.3038899467127167,0.01739860811135139,0.017878569714424416,-0.0008399328053755933,3.4206863450924585,-2.530117590592793,-0.8746100311975196,4.804203527583928,7.533296964360625,23.069658712959733,0.3453356477224343,0.330929312482997,1.0079717793867384,4.126577066768217,-6.2417166580119865,-12.630100451952702,-0.034932000000000005,-0.028247999999999995,-0.831532,-0.164241,0.297505,-0.614833,0.129309,0.325753,0.21669900000000009,0.9583980400313659,0.0,single,-0.614833
171,1.425,jog,1.3474138965558389,-1.1304452178086906,-0.10440417616704935,0.4724123286995404,-0.6305580938324683,-0.6352336406918028,0.011760470418816546,0.018600744029759482,0.0027601104044163906,3.560542421696806,-2.5539421576862655,-1.0136805472218757,-1.679730056068405,4.33234830880005,2.3168039151203437,-0.6766035872476592,0.08666438441558304,0.43202246607367345,16.783400528542522,-2.859062413713195,-16.689129488101972,-0.046062000000000006,-0.018673000000000023,-0.830639,-0.145799,0.285643,-0.62241,0.099737,0.30431600000000003,0.208229,0.9630347553483207,0.0,single,-0.62241
172,1.433333,jog,1.3994959798392062,-1.1718468738749686,0.00024000960037759599,-0.14670118869126458,-0.30454021667235287,-0.5266305915829994,0.02052082083283352,0.018120724828994794,0.007800312012480044,3.520220808832385,-2.6740669626785247,-1.095523820952848,6.250099998004051,-4.968397463851958,12.55780460427552,1.0512841010460883,-0.05760460827609411,0.60484838690312,-4.838787095214324,-14.415553221200083,-9.821585711145202,-0.057553,-0.008756999999999987,-0.830576,-0.128127,0.27312500000000006,-0.6315409999999999,0.070574,0.2818820000000001,0.19903500000000007,0.9525567700804002,0.0,single,-0.6315409999999999
173,1.441667,jog,1.3818094552435698,-1.138708903287728,0.09011279097672803,0.38300937894851367,-0.5949233650478579,-0.7497897347508385,0.02651787856971423,0.014158867290617482,0.010679145668346306,3.5826733861290827,-2.7203023758099274,-1.19666426685864,-2.1222131744223924,3.976238371399124,10.783871055477531,0.7195893612767775,-0.47538487381536865,0.3454324041116199,7.493709778821338,-5.547805751308173,-12.13588263808391,-0.068848,0.0008510000000000184,-0.831238,-0.109785,0.25994399999999995,-0.642265,0.040937,0.2590929999999999,0.18897300000000006,0.9468305758552806,0.0,single,-0.642265
174,1.45,jog,1.3544941797672037,-1.2041281651266145,0.09312372494899868,0.7416994886573509,-0.26362444663547685,-1.2020214651053567,0.021720868834753583,0.019920796831873394,0.015840633625345178,3.658826353054156,-2.779431177247107,-1.2506900276011172,-3.2779641757309963,-7.850625445684275,0.3613265297336702,-0.5756641947630733,0.6914592033188486,0.6194033309731092,9.13872157987208,-7.095740002061697,-6.483350623122251,-0.07995400000000001,0.011051000000000005,-0.831882,-0.09058300000000001,0.246817,-0.653463,0.010629,0.235766,0.178419,0.944233623157613,0.0,single,-0.653463
175,1.458333,jog,1.343213728549118,-1.1974078963158334,0.11868474738989564,0.9548637984960731,0.7412445522860713,-1.0152603576945254,0.030961238449537437,0.019440777631104363,0.003360134405376186,3.616944677787048,-2.8449537981518804,-1.3171726869074516,-1.3537082945020453,0.8064645158743441,3.0674453907232104,1.108888709322416,-0.057604608276613845,-1.4977198151888604,-5.026002072135765,-7.863029029733866,-7.978238246289833,-0.090889,0.021191000000000015,-0.832843,-0.071636,0.233088,-0.665428,0.019253,0.21189699999999997,0.16741499999999998,0.938811933251896,0.0,single,-0.665428
176,1.466667,jog,1.5005999520038686,-1.218862491000743,0.32253419726422783,0.5070722857407434,-0.16794685646644886,-0.5297361555028779,0.0434365250779946,0.018238540916725266,0.039116870650348703,3.7738180945525084,-2.9672426205904094,-1.294816414686849,18.88483602768823,-2.5743454145560394,24.459977186745387,1.4969146422435087,-0.14425686517628022,4.290465112187809,18.823304147523803,-14.673484813838654,2.6825380634272826,-0.103033,0.031501,-0.8352050000000001,-0.052691,0.218517,-0.678907,0.050342000000000005,0.187016,0.15629800000000005,0.8979446547877843,0.0,single,-0.678907
177,1.475,jog,1.534981399255943,-1.2653306132245066,0.4975399015960531,0.10556590736751074,-1.6908354097062983,-0.5135831321041148,0.035401416056641634,0.025561022440899438,0.062042481699267314,3.6947077883114674,-2.9867994719788262,-1.3626545061802238,4.125938707797151,-5.576397722760434,21.0015245808019,-0.9642516526284443,0.878732932218174,2.751183373205113,-9.493616493584495,-2.3469160432517033,-8.140896615069426,-0.115529,0.04225800000000002,-0.8388340000000001,-0.034694,0.204172,-0.694408,0.080835,0.16191399999999997,0.14442600000000005,0.8735539677872685,0.0,single,-0.694408
178,1.483333,jog,1.5517820712828652,-1.2331693267730797,0.4722188887555572,1.1681033476868257,0.04955172908607374,-0.2777192488842401,0.05316212648505989,0.024000960038399112,0.10056402256090317,3.858394335773466,-3.0888035521421155,-1.3662546501860207,2.0161612896822767,3.859508754521445,-3.0386430865830025,2.1313705062304598,-0.18721497689911676,4.622769814188913,19.643171422296906,-12.240979258765181,-0.4320345620781139,-0.128017,0.052733999999999975,-0.8419310000000001,-0.015473,0.18870899999999996,-0.709728,0.11254399999999999,0.13597499999999998,0.13220300000000007,0.8062405528553498,0.0,single,-0.709728
179,1.491667,jog,1.5464362850971818,-1.229661627069826,0.4535637149027917,1.537862418370529,0.9948494695063665,0.1442994215601225,0.08567314614830748,0.0201583873290137,0.07127429805615464,3.7898968082553126,-3.140748740100762,-1.379049676025908,-0.6414430268398531,0.42089029316698845,-2.2384417869888833,3.9010102787673797,-0.4610718393790954,-3.5144857817072612,-8.219045778516065,-6.232923921123822,-1.5352802783641868,-0.140191,0.06314999999999998,-0.8451169999999999,0.0032240000000000046,0.17278200000000002,-0.725001,0.14341500000000001,0.10963200000000003,0.12011599999999989,0.8112447637661307,0.0,single,-0.725001
180,1.5,jog,1.6206648265930772,-1.2750510020400927,0.5075003000120097,1.0600491691185672,0.09647074049696597,0.29055498907737065,0.09252370094803876,0.009120364814595126,0.15252610104404332,3.7986319452778443,-3.331813272530933,-1.3135725429017262,8.907781290759162,-5.446942874147024,6.472649119070989,0.8220994599461585,-1.3246156863576954,9.750606382802044,1.0482583730387354,-22.92866103806225,7.857570277712982,-0.152925,0.073851,-0.848075,0.021373000000000003,0.155643,-0.740176,0.174298,0.081792,0.10789900000000008,0.7022863615300251,0.0,single,-0.740176
181,1.508333,jog,1.6504260170406986,-1.3769350774031102,0.6143045721828911,1.0160097637017873,-1.7968374420120123,-0.2323149129071192,0.06432257290291671,0.005400216008639134,0.22188887555502465,3.9519980799232317,-3.217088683547371,-1.32845313812554,3.5714857131431237,-12.226578106686475,12.817025341519546,-3.384270736244127,-0.4464357141432889,8.323865895953674,18.40467234434043,13.76750137808266,-1.7857428565719349,-0.166142,0.08537,-0.851345,0.04055199999999998,0.14030900000000002,-0.756365,0.206694,0.054939000000000016,0.09498000000000006,0.6148549017546756,0.0,single,-0.756365
182,1.516667,jog,1.603191744660413,-1.2789776817854477,0.49640028797696495,1.3558239046468794,-0.14034622438602323,0.35839573170558864,0.06671466282697334,-0.026157907367409923,0.29493640508759095,3.9190064794816144,-3.347372210223157,-1.314014878809684,-5.667659272892404,11.75394715834674,-14.147382314125904,0.28702782866050136,-3.7866718713761482,8.765002343720392,-3.9586753589653294,-15.63277257928786,1.7324525217009794,-0.178947,0.09581100000000001,-0.853024,0.059852000000000016,0.12307100000000001,-0.771453,0.238799,0.027260000000000006,0.08157099999999995,0.5,0.0,flight,-0.771453
183,1.525,jog,1.672626905076219,-1.3085323412936634,0.6084243369734867,0.9578300022666679,0.44915984778410817,0.4591775004301156,0.08976359054362257,-0.06900276011040411,0.3276131045241835,4.047761910476454,-3.4592583703348474,-1.187447497899927,8.332552551998889,-3.5467010090262745,13.443423616527399,2.765981965276543,-5.141587992679057,3.9213607868226172,15.451269770171667,-13.426876288454494,15.188693256901248,-0.192137,0.10614000000000001,-0.855364,0.07964399999999999,0.10514899999999999,-0.7864180000000001,0.271781,0.0009910000000000196,0.06894599999999995,0.5,0.0,flight,-0.7864180000000001
184,1.533333,jog,1.738869554782161,-1.2835713428536915,0.540981639265556,0.9219513976458927,0.9189765837746687,0.4248520690314355,0.1562462498499913,-0.10164406576263045,0.34501380055201636,4.064322572902846,-3.5052202088082893,-1.1246849873994769,7.949435942150595,2.9954396303817914,-8.093447462850063,7.9782382462939605,-3.917113362801604,2.088167050021905,1.9873589855264373,-5.5156412424626335,7.531802532155169,-0.205325,0.115989,-0.856997,0.099022,0.086636,-0.800298,0.304347,0.02935299999999999,0.056699000000000055,0.5,0.0,flight,-0.800298
185,1.541667,jog,1.8812095032397762,-1.2885769138469165,0.7369810415166904,1.1091032874363125,1.0729321610312705,0.3675836251360865,0.11507079433645524,-0.1329493640508782,0.4647228221742342,4.090112790976797,-3.573794096472351,-1.0471562275018196,17.07942746071728,-0.6006204695494561,23.518046826390467,-4.940659408871712,-3.7563352877667806,14.363933479988017,3.0945786025860373,-8.228208263026504,9.302706971161358,-0.22004400000000002,0.12562,-0.859266,0.11743099999999998,0.067591,-0.815167,0.33747499999999997,0.058029,0.044099,0.5,0.05901000000000001,flight,-0.815167
186,1.55,jog,1.8088323532941004,-1.3265330613224307,0.498739949597981,-1.410143371274382,-1.532653954879604,0.4192769991890893,0.16308652346093558,-0.1660866434657353,0.466578663146518,4.213248529941124,-3.6459858394335125,-0.8702748109924238,-8.685605417697651,-4.554919893857369,-28.590074633229957,5.7621179796567255,-3.976632595086584,0.22270982506705556,14.776879750908972,-8.663355689566822,21.226619045888963,-0.233758,0.13529000000000002,-0.859534,0.13746699999999998,0.048263000000000014,-0.8265750000000001,0.37122499999999997,0.087027,0.03295899999999996,0.5,0.17041,flight,-0.8265750000000001
187,1.558333,jog,1.7307092283691528,-1.1674066962678615,0.6735869434777427,1.6804893598631183,0.7968193672995704,0.8533724302727961,0.20460818432737507,-0.2665306612264516,0.5349813992559755,4.13320532821317,-3.582983319332807,-0.8444737789511659,-9.375149996993684,19.095927643654214,20.982478564714185,4.982798615917421,-12.05376428185734,8.208656679402154,-9.605568430091797,7.560604836278194,3.0962476948587625,-0.24647500000000003,0.142797,-0.860689,0.157487,0.028134000000000006,-0.839225,0.403962,0.114663,0.02146400000000004,0.5,0.28536000000000006,flight,-0.839225
188,1.566667,jog,1.9094072474201864,-1.339212862970951,0.468202543796488,-1.0036737312947042,1.958293311467827,0.16675326734340157,0.22186225101991672,-0.26781857451403823,0.5694744420446322,4.135829133669275,-3.6202303815694474,-0.658747300215977,21.442046922370086,-20.61509079710681,-24.644156429236038,2.0703223773147967,-0.15453723153187435,4.138834027916529,0.31483146821516295,-4.469289925202815,22.285394616653164,-0.26053899999999997,0.15172599999999997,-0.859845,0.17604200000000003,0.009123999999999993,-0.848617,0.436581,0.142602,0.011228000000000016,0.5,0.38771999999999995,flight,-0.848617
189,1.575,jog,1.8801152046082066,-1.3008520340813754,0.7052682107284381,-0.07394174328664892,0.3303776964835928,0.15734411629823486,0.25489019560782655,-0.2894515780631249,0.603384135365419,4.138005520220848,-3.5604224168967087,-0.48085923436938044,-3.515185744867407,4.603483606093357,28.44901799255398,3.9635118910248575,-2.59606426846116,4.069325971533321,0.2611768332621376,7.177242850442733,21.347421798463728,-0.27408200000000005,0.160154,-0.860694,0.194857,-0.009705000000000005,-0.858501,0.46893900000000005,0.16985899999999998,0.0021930000000000005,0.5,0.47807,flight,-0.858501
190,1.583333,jog,1.8904356174246593,-1.271330853234107,0.7601104044161574,0.6466722455240216,-0.7471196922159871,0.22490070307618637,0.29053162126484544,-0.3244929797191812,0.6157446297851819,3.902796111844398,-3.619584783391272,-0.12636505460218167,1.2384990779374179,3.5426834090085064,6.581326495586019,4.277142164528773,-4.2051364041828485,1.483318663118039,-28.22625805549575,-7.099767970066274,42.5410032121916,-0.287414,0.168044,-0.8618969999999999,0.21162599999999998,-0.029273000000000004,-0.865888,0.49904,0.19731700000000002,0.003991000000000078,0.4600899999999999,0.5,flight,-0.8618969999999999
191,1.591667,jog,1.8513318934485625,-1.3813294936405351,0.7662586993040705,0.055497114430292725,-2.2273151172880805,-0.18670533308124884,0.2946964242860629,-0.3750899928005852,0.6501079913607026,3.894408447324293,-3.45260379169673,-0.05327573794096573,-4.692071511410785,-13.198780946295924,0.7377363676401785,0.4997363836354147,-6.0711558772984136,4.123273527180397,-1.0064392272744476,20.036116114056316,8.770016398034235,-0.300387,0.17642999999999998,-0.862865,0.228653,-0.046535,-0.872718,0.52904,0.222965,0.009853,0.40147,0.5,flight,-0.862865
192,1.6,jog,1.9575183007319943,-1.3301332053281902,0.5999039961598464,0.35124499643178186,-0.3321911348133086,0.5276527528100696,0.32137285491419093,-0.382215288611537,0.6979479179167046,3.7167886715467966,-3.2452898115924067,0.12096483859354269,12.742878589155154,6.143800349495261,-19.963362911823026,3.2012997273644013,-0.855069700102203,5.741020827553242,-21.315225702327293,24.878672759428717,20.90970557236354,-0.314021,0.184329,-0.862048,0.243313,-0.062493999999999994,-0.8767090000000001,0.557334,0.246823,0.014661000000000035,0.3533900000000001,0.5,flight,-0.862048
193,1.608333,jog,1.9282371294851937,-1.3103324132965437,0.4850594023760983,0.5429595882097583,1.198914742279667,0.7605575639638946,0.3282131285251437,-0.37969518780751577,0.6701068042721777,3.534141365654656,-3.098163926557091,0.31381255250210205,-3.5138811048603023,2.3761900914012615,-13.781902530151099,0.8208656679410606,0.30242419345028576,-3.3410672800344603,-21.918553449195056,17.65581243673551,23.14265137508234,-0.327354,0.192084,-0.860506,0.256695,-0.077392,-0.878136,0.5840489999999999,0.269476,0.017630000000000035,0.32369999999999993,0.5,flight,-0.860506
194,1.616667,jog,1.9234461243100458,-1.3430525557955264,0.3341732661386975,0.656292716961279,0.4058573152965255,0.7472311025331675,0.3846892248620082,-0.4270458363330909,0.8314134869210389,3.2842572594192254,-2.796976241900627,0.38624910007199126,-0.5748746310472544,-3.9261030116369624,-18.104887957451357,6.776589433269022,-5.681623293205516,19.355253497583387,-29.983694052727206,36.13963098829635,8.691690373156787,-0.34017800000000004,0.199718,-0.856362,0.268036,-0.089509,-0.877702,0.608214,0.289227,0.021340000000000026,0.2866,0.5,flight,-0.856362
195,1.625,jog,1.9145565822633042,-1.2684507380295327,0.35521420856835484,0.4098670011565648,1.1437699253857272,0.8931725271073248,0.4693387735509465,-0.4603384135365431,0.9416776671066936,2.937477499099991,-2.6860674426977327,0.36097443897756204,-1.0667877171176912,8.952576234968728,2.525014092122586,10.158352176759761,-3.9952690751773066,13.232230911515153,-41.61523584774242,13.309588287878954,-3.033080654557716,-0.352221,0.20645200000000002,-0.851475,0.27656000000000003,-0.10132200000000001,-0.877654,0.628781,0.307774,0.026179000000000063,0.23820999999999992,0.5,flight,-0.851475
196,1.633333,jog,1.8203528141125798,-1.371174846993892,0.45277811112445226,1.1042968417368648,-2.373592936427954,0.5289102954763,0.5605424216968732,-0.5385815432617378,1.057122284891405,2.6875075003000295,-2.3913356534261574,0.29317172686907755,-11.304904374262001,-12.327386171170081,11.708136632197085,10.944875572534203,-9.389551149069414,13.853908290497111,-29.997599759986056,35.36922948176863,-8.136650919054976,-0.36271899999999996,0.21339,-0.846439,0.283786,-0.10982299999999999,-0.8789840000000001,0.646505,0.323213,0.032545000000000046,0.17454999999999998,0.5,flight,-0.846439
197,1.641667,jog,1.8869690424765897,-1.2432205423566018,0.1648668106551447,-0.24591903114786412,1.085230722952146,0.9719547455064518,0.5697144228461674,-0.5603551715862664,1.0946724262058942,2.4505639548836,-2.097072234221247,0.26589872810175097,7.993307939046007,15.353288293411232,-34.54659232893033,1.1005520937477926,-2.6126263888323007,4.505656505218251,-28.43095097389341,35.30878560174082,-3.2724980522349862,-0.373697,0.21908100000000003,-0.83869,0.28848300000000004,-0.116939,-0.878142,0.66218,0.33602,0.03945199999999993,0.10548000000000013,0.5,flight,-0.83869
198,1.65,jog,1.9643585743429943,-1.337813512540514,0.0271210848433878,-0.176148898071038,0.751339803735933,-0.06186204525514283,0.6519860794431838,-0.6761070442817775,1.0820832833313427,2.1789271570863007,-1.8875555022201052,0.1795271810872448,9.287115308580983,-11.351610486489015,-16.53014830334311,9.872993711390516,-13.89078035467565,-1.510757575249202,-32.597719644461996,25.14301356067969,-10.365000241750504,-0.384633,0.22459500000000002,-0.8298989999999999,0.290271,-0.12151999999999999,-0.876872,0.6749040000000001,0.346115,0.04697300000000004,0.03027000000000013,0.5,flight,-0.8298989999999999
199,1.658333,jog,1.9234369374774638,-1.3034921396855645,-0.04908196327852941,-0.7985662383501002,0.9500847032983697,0.5966157053378127,0.6783871354854082,-0.7544701788071408,1.0823232929316982,1.9397575903035729,-1.632065282611276,0.02028081123244924,-4.9107928555777995,4.118729491773528,-9.14473156389246,3.168253455205084,-9.403952301135485,0.02880230413481499,-28.70149607376979,30.660052755169165,-19.110328795726964,-0.395008,0.22916999999999998,-0.820471,0.29040699999999997,-0.124258,-0.876294,0.685415,0.35342799999999996,0.05582300000000007,0.0,0.5,flight,-0.820471
200,1.666667,jog,1.6970242380609895,-1.1342692584593452,-0.0003599712023008521,0.3211165511893074,0.6261972338480231,1.9351096582764464,0.7299016078713839,-0.8257739380849688,1.1627069834413473,1.7084233261339385,-1.4932805375570253,-0.1486681065514792,-27.167350541934084,20.305121337439708,5.846171355439103,6.181242186942249,-8.555766652007357,9.64527123945892,-27.75789106907112,16.652837179536046,-20.27224835420346,-0.40306800000000004,0.231741,-0.810778,0.2905019999999999,-0.12725,-0.87753,0.6935699999999999,0.358991,0.06675200000000003,0.0,0.5,flight,-0.810778
201,1.675,jog,1.806792271690831,-1.2884915396615635,-0.2505700228009051,-1.0118500978714184,-0.747529592025276,0.7127003118335588,0.8468738749549835,-0.9333973358934202,1.1429257170286617,1.4520580823232807,-1.3846153846153595,-0.34453378135124785,13.172690943218472,-18.5074140408275,-30.02640724812191,14.037233539373274,-12.915324349987944,-2.3738469233991566,-30.76505985967279,13.04033996659833,-23.50482116881858,-0.41106699999999996,0.2347,-0.799166,0.2875460000000001,-0.128051,-0.878313,0.698613,0.362751,0.07914699999999997,0.0,0.5,flight,-0.799166
202,1.683333,jog,1.8040321612864703,-1.2748109924397084,-0.33937357494300713,-0.7198803879035052,-0.4241654899688469,0.6325552515134288,1.021720868834762,-1.1280451218048815,1.2053282131285359,1.258850354014172,-1.236169446777883,-0.47857914316573164,-0.33122649758318295,1.6417313358760592,-10.656852531153584,20.982478564716217,-23.35866865612181,7.488599075948003,-23.18585483128651,17.814225109501724,-16.08608686121265,-0.417586,0.235923,-0.786294,0.28300300000000006,-0.127729,-0.879473,0.700589,0.363652,0.0931789999999999,0.0,0.5,flight,-0.786294
203,1.691667,jog,1.7994960403167588,-1.2787377009839132,-0.4487640988720827,-1.033573163747021,-0.7203678896647088,0.6073157423278693,1.1346292296616192,-1.2372210223182036,1.1732661387088954,1.097072234221242,-1.1167506599471968,-0.6354691624669973,-0.5442909730875234,-0.4711673319180115,-13.125812806464449,13.547919465665492,-13.100060056794016,-3.847141159064104,-19.411821429437097,14.32910809103495,-18.825296292448336,-0.423127,0.236269,-0.772776,0.277149,-0.12637900000000002,-0.8810290000000001,0.7002759999999999,0.362648,0.10825300000000004,0.0,0.5,flight,-0.772776
204,1.7,jog,1.7749909996400017,-1.2600504020160916,-0.5364214568582761,-0.9127433458576136,-0.8415033940118404,0.6092867486157503,1.2662906516260757,-1.2832113284531508,1.1000840033601456,0.9536781471258983,-0.9027961118444789,-0.6959078363134588,-2.94072251011128,2.2425655787617518,-10.51930373049253,15.80000263584036,-5.519057498493647,-8.782207530151268,-17.20797877059223,25.675572795238185,-7.2529309788146,-0.42736599999999997,0.236076,-0.759139,0.270305,-0.12340199999999998,-0.8823580000000001,0.697671,0.35947799999999996,0.12321900000000008,0.0,0.5,flight,-0.759139
205,1.708333,jog,1.7657506300251706,-1.270610824432955,-0.5960638425536983,-0.35658391549094937,-1.0695917488039635,0.5124623080294097,1.41089643585741,-1.3584543381735028,1.0235209408376134,0.6699867994719677,-0.8910356414256432,-0.9800792031681097,-1.108888709328086,-1.2673013820788679,-7.157372578353664,17.353388243289558,-9.029522347335979,-9.187935020104508,-34.04432349141073,1.4113129027763784,-34.1019280996815,-0.430323,0.235344,-0.7456430000000001,0.261174,-0.120239,-0.885558,0.691497,0.355583,0.1399149999999999,0.0,0.5,flight,-0.7456430000000001
206,1.716667,jog,1.7960163186945364,-1.267698584113294,-0.6691864650827992,-0.729394876186074,-1.1016499527248955,0.48711689521206947,1.494000479961632,-1.3873290136789325,0.9106071514279046,0.5226781857451535,-0.7347012239021006,-1.1433885289177086,3.631592112954922,0.34944088308868987,-8.774012782469685,9.971687557502218,-3.4646838859407496,-13.548570843497828,-17.675619597650236,18.75862941247247,-19.595551445836573,-0.43283999999999995,0.234347,-0.732477,0.25056200000000006,-0.115797,-0.88951,0.6834020000000001,0.350144,0.15703299999999998,0.0,0.5,flight,-0.732477
207,1.725,jog,1.7315492619704516,-1.1914076563062321,-0.7392295691827608,-0.7377352071464455,-1.2343074346004868,0.5209500630219663,1.7959918396735548,-1.6591863674546699,0.9666386655466057,0.18408736349452748,-0.2890915636625441,-1.0489619584783205,-7.736356261140488,9.155277547949176,-8.40550871234374,36.24041278194138,-32.62418742058474,6.724050656270266,-40.63252397103325,53.475298240675464,11.331641718395106,-0.432303,0.23044900000000001,-0.718262,0.23766699999999996,-0.10827800000000001,-0.892091,0.66997,0.338727,0.173829,0.0,0.5,flight,-0.718262
208,1.733333,jog,1.794311772470911,-1.2216488659546487,-0.8624744989799603,-2.028492597023163,-1.4969381481943982,0.405973622563642,1.850114004560201,-1.6674666986679625,0.7856714268570811,-0.013320532821309641,-0.15636625465018728,-0.6492259690387673,7.5318025321564885,-3.629090321422881,-14.789983174991072,6.494919583180921,-0.9936794927748364,-21.716937320235957,-23.689895153706818,15.927674188450506,47.97023754224852,-0.43183799999999994,0.226734,-0.704528,0.22260400000000002,-0.09940100000000002,-0.890314,0.654442,0.326135,0.185786,0.0,0.5,flight,-0.704528
209,1.741667,jog,1.674466042716576,-1.087712982961357,-1.009839212862974,-2.0602744510565922,-2.0811812848047717,0.6904694068754507,2.0638348932085266,-1.8903287736980885,0.6277897768178482,-0.13654907607390973,-0.3626109911207072,-0.08639308855291575,-14.3803371435486,16.07102027757268,-17.682351077875285,25.64445508139238,-26.74130969883901,-18.944282462110838,-14.786242290928623,-24.747388585375376,67.53454289487009,-0.428593,0.22004500000000002,-0.6908799999999999,0.207511,-0.093358,-0.882618,0.636104,0.313403,0.19173800000000008,0.0,0.5,flight,-0.6908799999999999
210,1.75,jog,1.613224528981172,-1.0543621744869878,-0.8948757950318018,-1.0522568224237798,-2.039569722263111,0.9947897781723896,2.147005880235228,-1.9535581423257111,0.5916236649466053,0.05748229929197307,-0.4234969398775995,-0.08292331693267772,-7.34927561927333,4.0022571072086315,13.796161986220245,9.980917679911435,-7.587827748424722,-4.340107028830336,23.284696431763418,-7.306606115071745,0.41638924999856664,-0.424145,0.21255200000000002,-0.678493,0.19454700000000003,-0.08810100000000001,-0.8758520000000001,0.618692,0.300653,0.19735900000000006,0.0,0.5,flight,-0.678493
211,1.758333,jog,1.561142445697848,-1.0165606624265071,-0.8617544701788142,0.08387009385161048,-1.4280659742901913,1.1528272696700756,2.184927397095904,-2.026401056042261,0.4630985239409587,0.06060242409696175,-0.3453738149526003,0.020640825633025335,-6.250099997998855,4.536362901773791,3.974717971077389,4.550764053843304,-8.741499305958298,-15.42363386603238,0.3744299537967971,9.375149996999873,12.428194235653908,-0.41894700000000007,0.204137,-0.6674530000000001,0.18204299999999995,-0.082508,-0.868499,0.60099,0.286645,0.20104599999999995,0.0,0.5,flight,-0.6674530000000001
212,1.766667,jog,1.568154547636177,-1.0759539236860973,-0.9124070074394045,0.5915998077312241,-2.710642327303298,0.7533429443541527,2.4204463642908376,-2.2008639308855122,0.31221502279817626,0.13570914326853667,-0.07775377969762143,-0.12838972882169264,0.841384921805718,-7.126621221453055,-6.077818245811121,28.260015262170867,-20.93387027156827,-18.10457177139204,9.012085333762219,32.11183528377452,-17.882235955689563,-0.41184400000000004,0.19476200000000002,-0.6572469999999999,0.17010499999999995,-0.07418899999999998,-0.861965,0.581949,0.268951,0.20471800000000007,0.0,0.6627457920085675,single,-0.6572469999999999
213,1.775,jog,1.5745829833193397,-1.0244809792391776,-0.8468738749550035,-0.4072374462189629,-3.6744267621698956,0.9774902617557172,2.532941317652731,-2.2108484339373775,0.16536661466458694,-0.011040441617662525,-0.03708148325933116,-0.07884315372615035,0.7714431397051263,6.177000413646971,7.864290469746977,13.499934400803351,-1.1981882937555932,-17.62251387658594,-17.610654612528563,4.880870807427174,5.945826844538911,-0.40385799999999994,0.18487599999999998,-0.6488119999999999,0.15689200000000003,-0.06596099999999999,-0.855565,0.56075,0.250837,0.20675300000000008,0.0,0.8536255691603205,single,-0.6488119999999999
214,1.783333,jog,1.5348613944557608,-0.998799951998062,-0.745109804392165,0.0032309144644895073,-1.0344431072616962,1.5751754024003086,2.872914916596612,-2.429017160686385,0.09912396495859582,0.005520220808831116,-0.09024360974438851,-0.05664226569062666,-4.76678133488278,3.0818465427955224,12.212176954618595,40.798463811817506,-26.181294461658915,-7.949435942156481,1.987358985538624,-6.379710366621436,2.664213132788108,-0.39270800000000006,0.172958,-0.641777,0.14414799999999994,-0.05839,-0.849828,0.536856,0.231348,0.20805099999999999,0.0,0.8221835512542085,single,-0.641777
215,1.791667,jog,1.5394768418526688,-1.0753539716822855,-0.5993520518358612,1.4581191110140874,-0.003320934580939854,1.6613909083298743,2.72090232781383,-2.4337652987761436,-0.08747300215982644,-0.007559395248384503,-0.0658747300215988,-0.04067674586033183,0.5538093828783404,-9.185747502306809,17.489531144265253,-18.240051449818218,-0.5697309922916465,-22.389844866621768,-1.5694283725960965,2.9240316442032848,1.9157091229055836,-0.3828619999999999,0.161637,-0.6375109999999999,0.131255,-0.049976999999999994,-0.845172,0.5141169999999999,0.211614,0.2076610000000001,0.0,0.8703506634789457,single,-0.6375109999999999
216,1.8,jog,1.532941317652687,-1.0674426977078912,-0.29665186607464133,1.5769426534779407,-0.3437294885422515,1.6611249245995412,2.8504740189607047,-2.595703828153081,-0.1621264850594018,0.04200168006721065,-0.023400936037441176,-0.02652106084243311,-0.7842942757688358,0.9493908525613999,36.32547531035816,15.54922490662096,-19.433400861266616,-8.958776299000847,5.947566940548937,5.097059160465244,1.6987501521539026,-0.371883,0.148902,-0.63639,0.11883100000000002,-0.04127699999999998,-0.842921,0.49071400000000004,0.190179,0.20653100000000002,0.0,0.9084832801538312,single,-0.63639
217,1.808333,jog,1.494779791191664,-0.972398895955847,-0.4076563062522518,1.347358823073206,2.5897409905944966,1.4927244962948771,2.8833553342133973,-2.655946237849538,-0.3090123604944219,-0.04980199207969015,-0.044041761670467965,0.023880955238209482,-4.579566357977107,11.405712438742956,-13.321065663939935,3.9459156669498205,-7.229378338708441,-17.627010132607875,-11.016881332881512,-2.476998155889473,6.048483869031927,-0.360312,0.13487300000000002,-0.635568,0.10595999999999994,-0.03354099999999999,-0.839325,0.46627199999999996,0.168414,0.20375699999999997,0.0,0.8822642411391652,single,-0.635568
218,1.816667,jog,1.6562275017998445,-1.0218382529397565,-0.047396208303339474,0.49631937470328996,-2.4165222219184934,1.0606698411103899,3.069114470842308,-2.7636189104871396,-0.5149988000959872,-0.01931845452363397,-0.03959683225341906,0.009239260859131281,19.372175498941587,-5.932248258208431,43.227753533586466,22.2893132504091,-12.919687141540772,-24.716395440552404,3.6577318881756593,0.5333488621368933,-1.7568627764672533,-0.34853700000000004,0.120357,-0.639465,0.09199599999999997,-0.02535499999999999,-0.838853,0.440533,0.145712,0.199388,0.0,0.9249726762566871,single,-0.639465
219,1.825,jog,1.5090603624145107,-0.9563182527301184,-0.04248169926796696,0.7105967033137948,-1.2035974121885835,0.3698882930953303,3.0612024480979523,-2.735989439577608,-0.606744269770797,0.03684147365894024,-0.03108124324973138,-0.02400096003840161,-17.660763156766485,7.862714533737995,0.5897646748317005,-0.9494807085510555,3.3156691359092463,-11.00989675684755,6.7394609603473805,1.0219115569048074,-3.9889860671466693,-0.33560300000000004,0.10552700000000001,-0.6441669999999999,0.07972799999999991,-0.017644999999999994,-0.838699,0.41533099999999995,0.123172,0.19453200000000004,0.0,0.9102567869159097,single,-0.6441669999999999
220,1.833333,jog,1.4516980679226812,-0.8923556942277533,-0.09012360494418972,0.380907991210692,-0.23959041922676816,0.2551016662974148,3.076683067322638,-2.739469578783105,-0.6983079323172794,0.011040441617675555,-0.03216128645145635,-0.006120244809792576,-6.883750689046981,7.675814052845791,-5.717257371441489,1.857748616906953,-0.4176334099960394,-10.988079028738845,-3.096247694859503,-0.12961036862173891,2.1457716582993784,-0.32206199999999996,0.09013499999999999,-0.649235,0.06772300000000009,-0.010476999999999986,-0.837999,0.38978500000000005,0.10061199999999998,0.18876400000000004,0.0,0.942416797060984,single,-0.649235
221,1.841667,jog,1.4143268538517177,-0.8334533237341181,-0.14746820254380358,-1.7305927502254552,-0.25439654535790707,0.3405650786891751,3.1999040076794496,-2.8797696184305797,-0.9028077753779873,-0.020398368130550362,-0.016918646508279928,0.024118070554356084,-4.484186953559414,7.0677190417130245,-6.880801247853965,14.785330016416337,-16.834657985058456,-24.538018125835347,-3.772355381356673,1.828970475543162,3.628307579091581,-0.3071809999999999,0.07308100000000001,-0.65553,0.05576600000000009,-0.003671999999999981,-0.836569,0.362947,0.07675299999999999,0.18103900000000006,0.0,0.9402780668122283,single,-0.65553
222,1.85,jog,1.479779191167632,-0.8687147485899278,-0.22632905316212903,-0.7108982334612101,3.3664930797751818,0.5871517014534302,3.2731309252369516,-2.906516260650374,-1.0003600144005598,0.01920076803071345,-0.03540141605664374,0.014760590423617293,7.854594661696029,-4.231540244306867,-9.463680621423746,8.787581610164493,-3.2097254553934866,-11.706736952186581,4.752086422808487,-2.2180210666462847,-1.122942533389971,-0.292237,0.05610000000000001,-0.66198,0.04359499999999994,0.003271999999999997,-0.83456,0.33583199999999996,0.052828000000000014,0.17257999999999996,0.0,0.9285117573489908,single,-0.66198
223,1.858333,jog,1.516620664826598,-0.9206768270730895,0.37945517820713154,-1.5507027390780466,-2.1907017947519867,0.5908450594362306,3.3492139685587685,-2.951278051122072,-1.1107644305772317,0.014760590423615187,-0.06648265930637273,0.013800552022080656,4.42115368522339,-6.235698845933299,72.69701564493772,9.130330411834588,-5.371629721792699,-13.2490599035969,-0.5328426265568587,-3.729898385902949,-0.11520921655305963,-0.276966,0.03917899999999999,-0.6743979999999999,0.031079999999999997,0.010389999999999983,-0.837607,0.308046,0.02878900000000001,0.16320900000000005,0.0,0.8841903590870981,single,-0.6743979999999999
224,1.866667,jog,1.448044156467481,-0.9096472282217358,0.14758819294457104,-0.5412337613302289,0.5547930091454117,0.6982620766343283,3.5326373890088516,-2.9995200383969043,-1.137868970482355,-0.008759299256058218,-0.06215502759779058,0.031077513798896124,-8.228522721276274,1.3234459864835133,-27.821812486508126,22.0090497300314,-5.7885753869488505,-3.2522846058463024,-2.8221609886816923,0.5192742630888069,2.073069567652428,-0.2595930000000001,0.021762000000000004,-0.685111,0.018938999999999928,0.017452999999999996,-0.838578,0.278532,0.004309000000000007,0.15346700000000002,0.0,0.8832644888474155,single,-0.685111
225,1.875,jog,1.4004560182407375,-0.9629185167406822,0.19464778591143972,0.49308198761363226,0.6005264933422381,0.449853716751308,3.58718348733953,-2.987879515180638,-1.2522500900036115,-0.02724108964358326,-0.08148325933037551,0.05160206408256375,-5.710805019410057,-6.392810334687009,5.6473770511063375,6.545793631426734,1.3969186626984629,-13.726283393886662,-2.2179035626455312,-2.3194805871336976,2.463044555822371,-0.241371,0.0048880000000000035,-0.697168,0.007041999999999993,0.024798000000000014,-0.83977,0.248413,0.01991000000000001,0.142602,0.0,0.8329639798189559,single,-0.697168
226,1.883333,jog,1.4088563542541799,-0.9056762270490867,0.3373334933397376,-1.0796561544226029,0.10042042459869423,1.0723685407633645,3.647665906636296,-2.9462378495140062,-1.262810512420509,-0.015240609624383703,-0.09384375375014813,0.04476179047161907,1.0080806448388868,6.869349536973003,17.122969810188312,7.258180642837714,4.997199767986587,-1.2673013820829786,1.4401152069122365,-1.4833186631192525,-0.8208656679400864,-0.222715,-0.012116000000000016,-0.7105020000000001,-0.004824999999999968,0.03156300000000001,-0.8422080000000001,0.21789000000000003,0.04367900000000002,0.131706,0.0,0.8248608157789099,single,-0.7105020000000001
227,1.891667,jog,1.4606431485481037,-0.9330453563714838,0.3568514518838371,-0.31623883316977824,0.5179089293678633,1.226263977393705,3.7147828173745903,-2.9809215262778754,-1.3220542356611371,-0.0037197024238064566,-0.1157907367410624,0.08051355891528592,6.21391820181467,-3.284032796063942,2.3419676678784906,8.053385017793802,-4.161708275002271,-7.108678094627761,1.3823982722074823,-2.6334272847269142,4.289869023718091,-0.20392899999999992,-0.029183000000000014,-0.724494,-0.01702899999999996,0.03837399999999999,-0.844511,0.18689999999999996,0.067557,0.12001700000000004,0.0,0.7648654990674669,single,-0.724494
228,1.9,jog,1.5337813512540692,-0.9441977679107234,0.4706588263530695,-0.3995211688498384,0.6299976000186094,1.2510566853215044,3.9969998799952333,-3.156006240249634,-1.200528021120854,-0.019200768030727285,-0.10656426257050378,0.08100324012960616,8.776935402132025,-1.3383429184255045,13.657431233557354,33.8674022105659,-21.0110061168559,14.583729093997867,-1.8578021849179132,1.1072211893146173,0.05876409628228157,-0.18340299999999998,-0.04761399999999999,-0.7384200000000001,-0.029970000000000052,0.04535399999999998,-0.847758,0.15343299999999993,0.09296799999999997,0.10933799999999994,0.0,0.7746229303930626,single,-0.7384200000000001
229,1.908333,jog,1.5628225129004896,-0.961478459138351,0.5070202808112144,-0.4175082581371769,0.5113367108995017,1.400122564674953,3.9890795631824534,-3.0133205328212624,-1.127325093003702,-0.01980079203167741,-0.12672506900275474,0.14064562582503048,3.485078800722409,-2.073765897951187,4.363549076940393,-0.9504760365750389,17.1229698101967,8.784702762168575,-0.07200576034442728,-2.4193935476119774,7.157372578353927,-0.16318500000000002,-0.06471199999999999,-0.752039,-0.04315800000000003,0.05231000000000002,-0.850811,0.120027,0.11702200000000001,0.09877199999999997,0.0,0.6827526966118056,single,-0.752039
230,1.916667,jog,1.3912886969042768,-0.99340052795778,0.5079193664506987,-0.37084987448435364,0.6648462377329738,0.9709751759396829,4.191264698824176,-2.9412047036237636,-1.2485001199904242,-0.04499640028797952,-0.09755219582433688,0.16954643628510013,-20.58241132663979,-3.83034183098508,0.10788164620641734,24.260275454970746,8.653207247120253,-14.539840051202846,-3.02323113226573,3.5004647442306704,3.467819829622054,-0.13985000000000003,-0.08094499999999999,-0.766677,-0.055128000000000066,0.059775999999999996,-0.853631,0.08472199999999996,0.14072099999999998,0.08695399999999998,0.0,0.6654725513420985,single,-0.766677
231,1.925,jog,1.5132605304211915,-0.9548781951277874,0.5859834393375597,-0.5510999276676849,1.18991471383853,1.035182004219169,4.143765750629947,-2.9319572782910814,-1.1774870994839572,-0.021000840033592,-0.07644305772230739,0.22020880835233064,14.637205510249911,4.622864854193201,9.368063468961916,-5.70010178737887,1.1097354293390171,8.521903336909363,2.879582413823005,2.5331979001595015,6.079727837181042,-0.11793000000000009,-0.09742,-0.781372,-0.067913,0.06709599999999999,-0.856679,0.05001700000000009,0.164516,0.07530700000000001,0.0,0.6099270166864567,single,-0.781372
232,1.933333,jog,1.4389775591023741,-0.9879995199808138,0.5756630265210723,-0.048968375868378766,0.8875017888863017,0.5007199687490881,4.352574102964161,-2.9063962558502596,-1.102244089763602,-0.03888155526222308,-0.10920436817473061,0.2612504500180029,-8.914313130783393,-3.9747179710820517,-1.2384990779416212,25.05800460028999,3.067445390714274,9.029522347336592,-2.1457716583020816,-3.931514514871418,4.925194007641021,-0.09365100000000004,-0.11340599999999995,-0.795354,-0.08022800000000008,0.07441900000000001,-0.859299,0.013422999999999963,0.18782499999999996,0.06394500000000003,0.0,0.5236447199986465,single,-0.795354
233,1.941667,jog,1.7228221742260466,-1.0273578113750772,0.6017518598512063,-0.8564129335253869,2.4491347978067792,1.7325684237455992,4.3903287736980685,-2.8749700023997904,-1.1027117830573459,0.12143028557715445,-0.03779697624190152,0.2934965202783759,34.05862912451047,-4.722617157938935,3.1304095668507093,4.530198072223046,3.7708487461565867,-0.05611870575278848,19.235882030162742,8.56820157581336,3.8692188937332337,-0.07142000000000004,-0.12880400000000003,-0.809559,-0.09357400000000005,0.08266599999999996,-0.8618680000000001,0.022154000000000007,0.21147,0.05230900000000005,0.0,0.5,flight,-0.809559
234,1.95,jog,1.5504620184807585,-1.0933637345493963,0.6717868714748642,-0.5504386837041191,1.3270555062085179,0.5116615689659424,4.530181207248338,-2.853714148565965,-0.9822392895715916,0.14292571702868884,-0.01740069602783536,0.36673466938677834,-20.68404605127681,-7.921027622023243,8.404537576342076,16.78296334456631,2.550804492238766,14.457277509391021,2.5795549563824056,2.447651531749232,8.788929450186378,-0.04659000000000002,-0.14347299999999996,-0.823342,-0.10530300000000004,0.09163200000000005,-0.86441,0.058713000000000015,0.235105,0.04106799999999999,0.08931999999999995,0.5,flight,-0.823342
235,1.958333,jog,1.500900036001406,-1.0340813632545103,0.767670706828258,-0.23867874395866812,0.022968260382570497,0.5735210452201146,4.479179167166602,-2.7781111244449295,-0.9060362414496422,0.17784711388455027,0.015480619224767548,0.36325453018120113,-5.947675804554379,7.1141691221510825,11.506520503227188,-6.120489629393459,9.07272580355624,9.144731563896316,4.190735252113383,3.9459156669389572,-0.41763341000565873,-0.021772000000000014,-0.15800599999999998,-0.837289,-0.11632799999999999,0.10037800000000002,-0.86778,0.09455599999999997,0.258384,0.030491000000000046,0.19508999999999999,0.5,flight,-0.837289
236,1.966667,jog,1.561315094792449,-1.1441084713223177,0.7810175185985254,-0.39497671725774186,0.4697987379381531,0.27587824341163775,4.600311975042086,-2.779217662587048,-0.7534197264219014,0.16762658987281115,-0.03575713942884883,0.4252459803215822,7.249227116755961,-13.202196792393755,1.6014892932886577,14.534774163125316,-0.13277395513780837,18.312516801985094,-1.2263647722269393,-6.148039195298458,7.438378946530144,0.003554999999999975,-0.17163299999999998,-0.850077,-0.12794300000000003,0.10961500000000002,-0.870745,0.131498,0.281248,0.02066800000000002,0.29332,0.5,flight,-0.850077
237,1.975,jog,1.590303612144463,-1.1002040081603017,0.761550462018463,-0.336353350490706,0.3154288595438431,0.5769897549375385,4.580703228129053,-2.755670226809019,-0.6713068522740794,0.22416896675866413,-0.07332293291731214,0.41293651746069115,3.478761232690916,5.268746329295001,-2.3361402352168588,-2.353143755314084,2.825805325576451,9.853939055300676,6.785356640567861,-4.508075541637183,-1.47719463109214,0.028474,-0.18542799999999998,-0.8620169999999999,-0.1393270000000001,0.118172,-0.8736499999999999,0.1678010000000001,0.3036,0.011633000000000004,0.38367,0.5,flight,-0.8620169999999999
238,1.983333,jog,1.5809432377295125,-1.1195247809912536,0.7203888155526397,0.08110159898786869,0.6903227821468868,0.1351430023252145,4.52934117364697,-2.7383895355814523,-0.5694227769110816,0.25381015240610927,-0.06948277931117262,0.42517700708028766,-1.1232898613885152,-2.318585483133575,-4.939595159705232,-6.163693085573437,2.073765897943941,12.226578106684117,3.557084561075892,0.4608368662113942,1.4689175110520363,0.05304299999999995,-0.19891799999999998,-0.872765,-0.1503859999999999,0.12692200000000003,-0.87611,0.20342899999999986,0.32584,0.0033450000000000424,0.4665500000000001,0.5,flight,-0.872765
239,1.991667,jog,1.5790736741060667,-1.142068634509227,0.7519798416126546,0.06133170894706741,0.2936174356494349,-0.2702458554028428,4.391648668106541,-2.5993520518358317,-0.5584353251739816,0.24454043676505505,-0.0752339812815022,0.3948884089272822,-0.22432968843842083,-2.7050460184753082,3.790619877611557,-16.521778922537603,16.683163396402623,1.318388737352992,-1.112276894774916,-0.6900890293171987,-3.634341031078139,0.07648300000000008,-0.211063,-0.883686,-0.16150799999999998,0.13581299999999996,-0.8790859999999999,0.23799100000000006,0.34687599999999996,0.0046000000000000485,0.5,0.454,flight,-0.8790859999999999
240,2.0,jog,1.6413056522260967,-1.1054842193687846,0.6860674426977241,0.3107309962185593,0.6954218591135527,0.25437039795608657,4.471738869554802,-2.5504620184807587,-0.3354134165366644,0.3502940117604742,-0.1105244209768407,0.49501980079203667,7.468136099847663,4.390305429070293,-7.909804261962211,9.611208622136289,5.867038684156183,26.763699584461694,12.690936636915891,-4.235022164327232,12.01624767367759,0.10006899999999996,-0.22310399999999997,-0.892198,-0.17226599999999992,0.14410399999999995,-0.8806780000000001,0.2723349999999999,0.3672079999999999,0.011519999999999975,0.5,0.3848,flight,-0.8806780000000001
241,2.008333,jog,1.6157446297852234,-1.1764070562822628,0.6726269050762057,0.022166126647160042,0.3991846194785151,-0.453882508201736,4.19800792031686,-2.4395775831033513,-0.16632665306612396,0.4022560902436027,-0.14892595703828196,0.489739589583588,-3.067445390720456,-8.511080872852379,-1.6129290317434952,-32.849027869668134,13.306664511869489,20.291223265395654,6.235698845929314,-4.608368662119478,-0.6336506910414893,0.12158699999999989,-0.23363,-0.899189,-0.18237800000000015,0.15266599999999997,-0.882202,0.30396500000000004,0.386296,0.016986999999999974,0.5,0.33013,flight,-0.882202
242,2.016667,jog,1.675905927525766,-1.112311015118782,0.5916726661867028,0.5295029626484511,0.2858386254117691,-0.2747264394543068,4.221262299016045,-2.240340772738163,0.22234221262298853,0.45380369570434775,-0.21130309575233971,0.5161987041036677,7.218778226606926,7.690909666844287,-9.71373156821482,2.790302219724655,23.90650472344453,46.63653296005634,6.1852178378623295,-7.484657873057029,3.174839755229129,0.14280000000000004,-0.243031,-0.902267,-0.19256299999999993,0.16017499999999996,-0.882831,0.33536299999999997,0.40320599999999995,0.01943600000000001,0.5,0.30564,flight,-0.882831
243,2.025,jog,1.646465858634355,-1.128285131405269,0.5551422056882349,0.3517184816513785,0.3271407942014461,-0.43925139706543537,3.982119284771423,-1.9917196687867664,0.35257410296412134,0.4640585623424924,-0.21156846273850655,0.5087003480139244,-3.532949584952742,-1.9169706332037904,-4.383830613040706,-28.698309641740604,29.83572590320399,15.62845197901524,1.2306332219062421,-0.0318453121525062,-0.8998387243181846,0.16226300000000005,-0.25022599999999995,-0.9039550000000001,-0.20241599999999993,0.16781400000000002,-0.8832180000000001,0.364679,0.41803999999999997,0.020737000000000005,0.5,0.29263000000000006,flight,-0.8832180000000001
244,2.033333,jog,1.703108124325013,-1.0812432497300013,0.44509780391215603,0.5164536805197711,0.4128520944216463,-0.2339045635960339,3.810752430097236,-1.8717148685947709,0.30253210128405444,0.5342613704548245,-0.2136085443417761,0.5207008280331272,6.797343776630087,5.645251611096631,-13.205856447387482,-20.564845154708802,14.401152069122363,-6.005280412824595,8.424673960438346,-0.2448195851757546,1.4401152069126306,0.17982599999999982,-0.256813,-0.905143,-0.21215600000000012,0.17504400000000003,-0.882588,0.39198199999999994,0.43185700000000005,0.02255499999999999,0.5,0.27444999999999997,flight,-0.882588
245,2.041667,jog,1.676265898728067,-1.138828893688493,0.4221262299016072,0.4239858780746752,-0.08146409808336862,-0.7580643155789138,3.606191504679601,-1.7185025197983965,0.39416846652267473,0.4877609791216648,-0.24466042716582642,0.5554355651547827,-3.2208094068809503,-6.909724497059179,-2.7563683717960954,-24.545347422322205,18.384011134674008,10.995484189899159,-5.579600591931767,-3.7259278646568386,4.167835027796396,0.19591000000000003,-0.261644,-0.9053760000000001,-0.22206099999999995,0.182496,-0.8814770000000001,0.417971,0.44414,0.023899000000000004,0.5,0.26100999999999996,flight,-0.8814770000000001
246,2.05,jog,1.6618264730589474,-1.0768030721228958,0.3458538341533621,0.40716048481970124,-0.3926455318927779,-0.5255393606481614,3.3721348853954485,-1.5534621384855518,0.37813512540501976,0.5334213368534829,-0.2632905316212641,0.6696267850714092,-1.7328003923100601,7.44339632372467,-9.15305361193397,-28.087917830811808,19.80563798306087,-1.924077897234504,5.4794621063024795,-2.2357019627310497,13.703494529776497,0.21016199999999996,-0.26561599999999996,-0.905107,-0.231464,0.18927500000000003,-0.878779,0.44162599999999996,0.454891,0.026328000000000018,0.5,0.23671999999999999,flight,-0.878779
247,2.058333,jog,1.664106564262506,-1.1186847473898458,0.24024960998439587,0.5963937569064243,0.0017232445392701766,-0.8281180874991724,2.968318732749173,-1.2356894275770487,0.4294971798871764,0.5970238809552194,-0.29713188527540196,0.7716308652345742,0.2736218893025852,-5.026002072116659,-12.673013820828224,-48.45987671261943,38.134250679045856,6.163693085581948,7.632610596631907,-4.061124883491705,12.24097925874962,0.22102999999999984,-0.26659099999999997,-0.90353,-0.24035600000000001,0.196121,-0.8743510000000001,0.46138599999999985,0.46271199999999996,0.029178999999999955,0.5,0.20821000000000006,flight,-0.8743510000000001
248,2.066667,jog,1.65598752099839,-1.1121910247180766,0.1709863210943214,0.5066466779387055,-0.46410868110989373,-0.7214096928680641,2.8071754259660575,-1.1015118790497356,0.1801055915526843,0.5394768418526698,-0.26457883369331814,0.7909767218622872,-0.9742072551135353,0.7791843858614677,-8.310929792425922,-19.335649961977772,16.10001782185256,-29.924596632409827,-6.90509228492348,3.906053705553793,2.321317089958461,0.23062399999999994,-0.266502,-0.9034540000000001,-0.24966100000000002,0.203185,-0.8691840000000001,0.48028499999999996,0.469687,0.03427000000000002,0.5,0.15730000000000005,flight,-0.8691840000000001
249,2.075,jog,1.6465858634344495,-1.106444257770256,0.08988359534380974,0.31917542116847014,-0.27918242581205177,-0.7616342653343561,2.5118204728188056,-0.9021960878434635,0.0834033361334418,0.5215408616344377,-0.26845073802950803,0.7855514220568488,-1.1282440374343226,0.6896396193232162,-9.732716398716919,-35.44401213815419,23.918851698819545,-11.604734839702177,-2.1524037223366457,-0.4646471062270155,-0.6510620191333418,0.2378340000000001,-0.2648,-0.9035080000000001,-0.25903599999999993,0.21016799999999997,-0.863387,0.49687000000000003,0.47496799999999995,0.04012100000000007,0.5,0.09878999999999999,flight,-0.863387
250,2.083333,jog,1.631585263410571,-1.144365774631001,-0.02172086883476532,0.4484921688266894,0.005245470072467354,-0.9158597168240303,2.296411856474285,-0.7787111484459543,-0.14712588503540336,0.6404656186247552,-0.300732029281175,0.8575543021720947,-1.8001440086257798,-4.550764053851592,-13.3930714242861,-25.850067964061296,14.818785479120399,-27.664613124786666,14.271541700506246,-3.873909906596334,8.640691241479248,0.24337399999999998,-0.261753,-0.9045529999999999,-0.26729500000000006,0.217198,-0.8560599999999999,0.510669,0.478951,0.04849300000000001,0.5,0.015069999999999917,flight,-0.8560599999999999
251,2.091667,jog,1.6408687305015333,-1.1401487880969448,-0.11387089032877015,0.42832039843044495,-0.4553897670252428,-0.9633978277143329,2.113630909527214,-0.5442764578833633,-0.22966162706983254,0.7258219342452513,-0.2716582673386094,0.8777297816174642,1.1139269367605247,0.5059979042544024,-11.057118009839709,-21.931959076922162,28.129912474512746,-9.903496764390274,10.241938519377912,3.4885723473200545,2.42086386433517,0.24731400000000003,-0.256787,-0.9055179999999999,-0.27492099999999997,0.22443600000000002,-0.847796,0.522235,0.481223,0.05772199999999994,0.5,0.0,flight,-0.847796
252,2.1,jog,1.6293051722069238,-1.1516860674427043,-0.20124804992199014,0.3815341948146193,-0.5395138788710231,-1.1356081807790919,2.01128045121808,-0.4170166806672312,-0.3524540981639292,0.8952358094323881,-0.3187327493099743,0.9053162126485136,-1.3876825026532493,-1.3845289026472638,-10.485678578329628,-12.282546298948168,15.271784137301488,-14.735685958730084,20.330478241586267,-5.649163803115962,3.310504143891715,0.25049699999999997,-0.250665,-0.9067780000000001,-0.2810380000000001,0.231377,-0.8385750000000001,0.5315350000000001,0.482042,0.06820300000000001,0.5,0.0,flight,-0.8385750000000001
253,2.108333,jog,1.6537861514460515,-1.1495259810392526,-0.3372134885395555,0.2944798565550633,-0.38146576767614776,-0.9367785133298326,1.7163086523460873,-0.23124924997000235,-0.576023040921642,1.014640585623433,-0.31261250450018574,0.9625585023401024,2.937835022096225,0.2592207372436921,-16.316505294319768,-35.39803178591088,22.292983403003785,-26.829346304777975,14.329146308777876,0.7344587555248557,6.869349536972203,0.25101799999999996,-0.24301300000000003,-0.9087679999999999,-0.28636399999999995,0.23835099999999998,-0.8277439999999999,0.5373819999999999,0.481364,0.08102399999999998,0.5,0.0,flight,-0.8277439999999999
254,2.116667,jog,1.6526277897768096,-1.1234701223902015,-0.41276697864170536,0.14715074895464617,-0.5153962827278382,-0.8841431997017146,1.5262778977681746,-0.07871370290376589,-0.7550995920326317,1.1469882409407142,-0.34509239260858743,0.9892008639308781,-0.1389922809265505,3.1264529216523798,-9.06569355677337,-22.80186640003735,18.302801423834328,-21.487467135947718,15.880448202217433,-3.897274791024891,3.1968276446814863,0.249965,-0.23430600000000001,-0.9116209999999999,-0.290578,0.244838,-0.81606,0.540543,0.479144,0.0955609999999999,0.5,0.0,flight,-0.81606
255,2.125,jog,1.63266530661229,-1.1236049441977793,-0.5449417976719007,0.129092232466325,-0.6096770338438169,-0.8320555027168427,1.2266890675627082,-0.02196087843512959,-0.7899915996639945,1.288491539661598,-0.31033241329653194,0.9769590783631446,-2.3955938034945063,-0.01617926407990476,-15.861612748133505,-35.95209770856463,6.810611360690847,-4.187208404099738,16.981075089509783,4.171364372021578,-1.4690730310492859,0.24658199999999986,-0.22512599999999994,-0.913663,-0.2934460000000001,0.25161500000000003,-0.803378,0.540028,0.47674099999999997,0.11028499999999997,0.5,0.0,flight,-0.803378
256,2.133333,jog,1.6373454938197665,-1.1425657026281157,-0.6025441017640825,-0.10483489188167833,-1.0092155977009876,-0.9326970547895238,0.9163566542662028,-0.09120364814593794,-0.738509540381622,1.4054962198488135,-0.35377415096604264,0.9619584783391418,0.5616449306944041,-2.2753820269214655,-6.912552993181608,-37.24137925075102,-8.309464743886833,6.1780942376542605,14.04112326739669,-5.213217049023293,-1.8001440086406884,0.24057400000000007,-0.21636500000000003,-0.9147959999999999,-0.29537800000000003,0.25818800000000003,-0.790341,0.5359520000000001,0.47455300000000006,0.12445499999999998,0.5,0.0,flight,-0.790341
257,2.141667,jog,1.648668106551447,-1.1439884809215093,-0.6892248620110304,-0.3001408909432184,-0.9542779079279581,-0.6347447927193692,0.5892728581713284,-0.11735061195103383,-0.7383009359251202,1.5003599712022875,-0.4491240700743902,0.9448044156467401,1.3586048394145036,-0.17071973762821385,-10.4008591609008,-39.246915778122386,-3.1373846658382156,0.02503053233761997,11.382739543253336,-11.441075007001059,-2.0583228572596095,0.2317450000000001,-0.20780900000000002,-0.915205,-0.29661399999999993,0.26397899999999996,-0.776723,0.528359,0.471788,0.138482,0.5,0.0,flight,-0.776723
258,2.15,jog,1.6191047641905896,-1.1238449537981703,-0.7695907836313526,-0.19160972691223346,-1.150654587173253,-0.7136420479396943,0.3177727109084373,-0.17364694587783383,-0.47233889355574593,1.6018240729629363,-0.5556222248890034,0.8874354974199065,-3.547742993022647,2.4173199475986062,-9.644296366293403,-32.5813209243842,-6.7558303044282395,31.916721753195336,12.176179258448304,-12.78028978934527,-6.884545569042863,0.22090100000000001,-0.19989099999999993,-0.912728,-0.29675799999999997,0.268714,-0.762915,0.517659,0.46860499999999994,0.14981299999999997,0.5,0.0,flight,-0.762915
259,2.158333,jog,1.5714628585143644,-1.1142445697828,-0.8400336013440622,-0.2571574796093159,-1.3061146097216687,-0.6369663182364886,0.226569062762526,-0.03276131045242785,-0.4699387975519067,1.7220688827553228,-0.6276251050042008,0.8177127085083462,-5.717257371441931,1.1520921655310585,-8.45347626457582,-10.944875572532355,16.90695252915004,0.2880230413823649,14.429954373261442,-8.640691241473426,-8.367069352161392,0.20969400000000005,-0.19087900000000002,-0.909644,-0.29550300000000007,0.27276900000000004,-0.749101,0.5051970000000001,0.46364800000000006,0.160543,0.5,0.0,flight,-0.749101
260,2.166667,jog,1.5933525317974488,-1.089872810175172,-0.8965682745380342,-0.6399921350645579,-1.6461701926944086,-0.5554025882686974,0.21046316294693998,0.08171346292297066,-0.2687784977201802,1.8491720662346947,-0.6925845932325361,0.7543796496280257,2.62655066991652,2.924377202739125,-6.78361809382908,-1.93255337360042,13.735873935132906,24.137304995407366,15.251161924570544,-7.794515026198082,-7.599359116909047,0.19816899999999982,-0.18111500000000003,-0.904412,-0.29337100000000005,0.27608,-0.7353419999999999,0.49153999999999987,0.457195,0.16907000000000005,0.5,0.0,flight,-0.7353419999999999
261,2.175,jog,1.5197407896316002,-1.083883355334228,-0.9588383535341432,-0.6512590133274778,-2.026051946043711,-0.510515004587678,0.21948877955119372,0.13332533301331853,-0.1650066002640122,1.9783991359654567,-0.7533901356054318,0.6885875435017456,-8.833762410398334,0.7187633314465495,-7.4727083878686535,1.0831173172031474,6.193672157728111,12.453125819773064,15.507868682438884,-7.296956963026072,-7.8953685498956885,0.1873339999999999,-0.170972,-0.8977970000000001,-0.28954900000000006,0.278834,-0.721614,0.47688299999999995,0.44980600000000004,0.1761830000000001,0.5,0.0,flight,-0.721614
262,2.183333,jog,1.5107404296171134,-1.061082443297687,-1.0273610944437372,-0.826963729720292,-2.3029793650118497,-0.6311649667312818,0.241329653186115,0.15036601464058613,-0.026881075243008354,2.14040561622455,-0.852394095763796,0.6081843273730668,-1.0800864051945744,2.7362188931405114,-8.223057831464187,2.6210096765774993,2.0449635938157744,16.57572603156099,19.441555293302063,-11.880950457021461,-9.648771886316474,0.1767559999999999,-0.16087699999999994,-0.88946,-0.28430200000000005,0.280573,-0.707985,0.46105799999999997,0.44144999999999995,0.18147500000000005,0.5239849089925948,0.0,single,-0.707985
263,2.191667,jog,1.368250539956872,-1.009239260859171,-1.0081593472522683,-0.8438525881903768,-2.078275140311821,-0.46396630104033404,0.09587233021358658,0.09287257019438167,0.02279817614590927,2.2742980561556014,-0.9360451163907317,0.5169186465083037,-17.097418965712485,6.220684237883192,2.3040253409491025,-17.453482478105954,-6.898661440629601,5.961033284007667,16.065807527124743,-10.037319489673575,-10.951005623322214,0.16615199999999986,-0.15169200000000005,-0.880868,-0.2767510000000002,0.28118299999999996,-0.695275,0.44290300000000005,0.432875,0.185593,0.7743123173826195,0.0,single,-0.695275
264,2.2,jog,1.3152526101043291,-0.9138365534621028,-0.9672386895475339,-1.096443690166543,-1.7902235885330524,-0.3230405544381854,0.03624144965798766,0.07416296651865836,-0.05136205448217718,2.444017760710333,-0.9767190687627083,0.42445697827911055,-6.3600059825441715,11.448782838961229,4.910675351581975,-7.1559919063478095,-2.245242250776728,-8.89958365871633,20.367179233736245,-4.88106952741807,-11.095844021263533,0.15549400000000002,-0.143459,-0.873236,-0.26734499999999994,0.280659,-0.683678,0.42283899999999996,0.424118,0.189558,0.8379673479683267,0.0,single,-0.683678
265,2.208333,jog,1.0936037441497672,-0.9457578303132244,-0.8835953438137616,-2.249486017430513,-0.5791018731652111,-0.5619713988284273,0.03672146885874478,0.008760350414015409,0.008880355214208787,2.541581663266561,-1.0484819392775802,0.29569182767311225,-26.59892787166254,-3.830706450392638,10.037602992172454,0.057604608275185626,-7.8486278776723335,7.22937833869993,11.70813663221276,-8.611888937342194,-15.452436170166743,0.146687,-0.135505,-0.865799,-0.2552789999999998,0.279803,-0.673851,0.4019659999999998,0.415308,0.191948,0.935362748888495,0.0,single,-0.673851
266,2.216667,jog,1.195344372450198,-0.694504439644825,-0.7474202063834884,-0.8992931931046917,0.8049169159714111,-0.7975436594760179,0.03863690904729458,-0.023038156947440425,0.0244780417566592,2.679025677945742,-1.1193904487640876,0.17818574514038577,12.207898764150464,30.147995040604446,16.339709314887468,0.22983443587110516,-3.815515642123301,1.8715726592812927,16.49196240450922,-8.508340471143132,-14.09960193577221,0.13704700000000014,-0.12990899999999994,-0.859366,-0.24291399999999985,0.27626200000000006,-0.666137,0.379961,0.406171,0.19322899999999998,0.9146454787940881,0.0,single,-0.666137
267,2.225,jog,1.247689907596314,-0.6758670346813899,-0.5838233529341237,-0.1620528926143541,1.6845799467793996,-0.8383469712254533,0.04836193447737128,-0.023040921636862083,-0.0139205568222732,2.762390495619838,-1.1784471378855257,0.050162006480259876,6.281715486153418,2.236578058734586,19.632407710232354,1.167049733598558,-0.00033177600163896874,-4.608016150117935,10.00417828802313,-7.087086178019762,-15.363463177742357,0.12705300000000008,-0.12446899999999994,-0.854617,-0.23029199999999994,0.27207400000000004,-0.6608539999999999,0.357345,0.396543,0.19376300000000002,0.9077512017766972,0.0,single,-0.6608539999999999
268,2.233333,jog,1.186007440297633,-0.670466818672754,-0.39121564862594016,0.13412702404152702,0.9516550750269447,-0.6623688137416519,0.056042241689667524,-0.02916116644665732,-0.00048001920076768247,2.9071162846514054,-1.3272530901236188,-0.0014400576023022146,-7.402192163528314,0.6480518431100296,23.113849070945072,0.9216737324248551,-0.7344587555256563,1.6129290317419465,17.367789395364063,-17.857428565713967,-6.1924953897230965,0.11763699999999999,-0.11912499999999993,-0.851361,-0.2159500000000001,0.26660100000000003,-0.657606,0.3335870000000001,0.38572599999999996,0.193755,0.8947049528894341,0.0,single,-0.657606
269,2.241667,jog,1.2060235181185452,-0.5884329253659686,-0.3004559635229233,0.132365066319022,1.0574842545395164,-0.04024536775807443,0.0525557955363493,0.0014398848092033701,-0.014158867290616649,2.9244060475161837,-1.2622990160787075,-0.1903047756179496,2.401737199533482,9.843279734435425,10.890290989082812,-0.4183400711924882,3.671832404110926,-1.641330464344716,2.0746055753273596,7.7938653761592,-22.661953205621064,0.1080239999999999,-0.114209,-0.8489749999999999,-0.20162900000000006,0.260985,-0.6566879999999999,0.30965299999999996,0.375194,0.19228699999999999,0.9092522048679905,0.0,single,-0.6566879999999999
270,2.25,jog,1.297491899676004,-0.6783871354854146,-0.08928357134285056,-1.0001932083007752,0.02360943171516419,0.34763933485387566,0.050162006480263206,0.03264130565223239,-0.06048241929677254,3.0210008400336323,-1.334213368534749,-0.31321252850114306,10.976644852689269,-10.794937011814097,25.34170072963815,-0.28726617737742904,3.7443202739744756,-5.559048602682865,11.591838775644966,-8.630067497424955,-14.749520326796423,0.09762999999999988,-0.10828400000000005,-0.848735,-0.18726700000000007,0.25551999999999997,-0.658554,0.28489699999999996,0.363804,0.19018100000000004,0.8581882627800835,0.0,single,-0.658554
271,2.258333,jog,1.1032041281651375,-0.7584303372134945,-0.11448457938317762,-0.27592276731678833,0.027076965357271148,-0.03811810475916299,0.04776191047643395,0.04068162726508836,-0.020880835233409594,3.0810032401296303,-1.3818552742109809,-0.415936637465502,-23.315465199912204,-9.605568430106878,-3.024241934516655,-0.28802304138116835,0.9648771886302705,4.75238018281091,7.200576034561208,-5.71725737144273,-12.327386171170035,0.088835,-0.10162500000000008,-0.847955,-0.1707860000000001,0.25032499999999996,-0.6610659999999999,0.2596210000000001,0.35195000000000004,0.18688900000000008,0.8897955918236572,0.0,single,-0.6610659999999999
272,2.266667,jog,1.1490280777537745,-0.7910967122630215,-0.1429085673146068,-0.6010891519389514,0.26656585157252166,0.1882802911324705,0.02171826253899512,0.01871850251980367,0.04379649628029733,3.2203023758099008,-1.38900887928965,-0.509119270458359,5.498434075910326,-3.9196514338284993,-3.4106057033152104,-3.1249877534723582,-2.635364140302918,7.760658928930458,16.71455911690297,-0.8583639403250636,-11.181021477424562,0.07943999999999996,-0.09487599999999996,-0.846399,-0.15352400000000022,0.245342,-0.664118,0.23296400000000017,0.34021799999999996,0.18228100000000003,0.912755160121919,0.0,single,-0.664118
273,2.275,jog,1.0829233169326777,-0.7751110044401838,0.011640465618613177,-0.023375719992522265,-0.40400716186612073,0.22351840529428546,0.008280331213233572,-0.0019200768030740608,0.011160446417856736,3.2247689907596606,-1.422896915876649,-0.6342253690147678,-7.932888614076243,1.9183616732074702,18.546625817019248,-1.6126162637419503,-2.476728587888866,-3.9164826427986186,0.5360152345805715,-4.066727059522287,-15.01333236006359,0.07048499999999991,-0.08843299999999998,-0.8464029999999999,-0.13567600000000013,0.239944,-0.6695,0.20616100000000004,0.328377,0.17690299999999992,0.9766187311331624,0.0,single,-0.6695
274,2.283333,jog,1.0854434177367158,-0.7949117964718617,0.0620424816992673,-0.25488905850980875,-1.1816685215694716,-0.021543471969701307,0.008040321612869298,-0.00108004320173249,0.04356174246969904,3.2737309492380224,-1.4884195367814845,-0.7673106924277054,0.30242419345231086,-2.376190091405032,6.048483869033311,-0.028802304135878493,0.10080806448356876,3.888311058663459,5.875670044205241,-7.863029029741536,-15.970877644658453,0.06150699999999998,-0.08181800000000006,-0.846557,-0.1174409999999999,0.23416499999999996,-0.676411,0.17894799999999988,0.315983,0.17014600000000002,0.9261488232254977,0.0,single,-0.676411
275,2.291667,jog,1.0572354211662869,-0.7745380369570362,0.0002399808015427761,-0.0072548270406295355,-0.44358790740750587,-0.22457911597350663,0.03347732181424479,0.0077993760499137565,-0.005279577633789125,3.3794096472281785,-1.5359971202303706,-0.8369330453563628,-3.3846888133463793,2.444655569333502,-7.415706851178792,3.0521958484971554,1.0654450745915742,-5.860489573252675,12.680429324472673,-5.708853305601838,-8.354014030316396,0.052974999999999994,-0.07529800000000009,-0.846603,-0.09808799999999995,0.22781899999999994,-0.683388,0.15106299999999995,0.303117,0.163215,0.9420384398786171,0.0,single,-0.683388
276,2.3,jog,1.117724708988375,-0.739709588383549,0.23856954278171222,-0.42462505128810807,-0.9113001013905059,0.017437626120478573,0.003480139205575066,-0.001320052802110086,0.041521660866434926,3.341293651746108,-1.6075843033721453,-0.9805592223689051,7.259004898846602,4.179581012058973,28.600691465279205,-3.599805905276611,-1.0943752372523612,5.616373274957936,-4.574102421945374,-8.590805609237412,-17.235830674732224,0.04369000000000001,-0.06914500000000001,-0.848245,-0.07955899999999994,0.22058700000000003,-0.693547,0.12324899999999994,0.28973200000000005,0.154698,0.9305197424244009,0.0,single,-0.693547
277,2.308333,jog,1.0985239409576026,-0.7124684987399146,0.11256450258009756,0.35156489107755107,0.5807050115510082,-0.37373124234052674,0.011400456018234974,0.0037201488059524636,0.058082323292929366,3.4288971558860792,-1.6421456858273642,-1.065762630505173,-2.3041843310658314,3.2690615196967805,-15.121209672579994,0.9504760365606094,0.6048483869029553,1.9873589855386666,10.512841010436498,-4.14753179589792,-10.224817969070463,0.034630999999999856,-0.06317700000000004,-0.848699,-0.06014000000000008,0.21283999999999997,-0.7033659999999999,0.09477099999999994,0.276017,0.14533300000000005,0.9011543545658391,0.0,single,-0.7033659999999999
278,2.316667,jog,1.0802735781137849,-0.7690184785217531,0.3387329013679084,-0.22239469853305338,-0.5412059830767669,-0.6247247892092742,0.02495800335973068,0.010559155267576314,0.027597792176626838,3.5577153827695356,-1.757499400048079,-1.0044396448284583,-2.189868351790088,-6.785454737441936,27.13803681159361,1.626775538936444,0.8206151261848047,-3.657851105868001,15.45695066996187,-13.84133839941446,7.3581696276359,0.02583599999999997,-0.056680000000000064,-0.851292,-0.039493,0.20460199999999995,-0.71456,0.06532899999999997,0.261282,0.13673200000000008,0.9355356294640771,0.0,single,-0.71456
279,2.325,jog,1.075243009720351,-0.7965918636745157,0.3898955958238093,-0.31886933822313435,-0.24881035498853143,-0.9930962922041475,0.04728189127564959,0.01968078723149475,0.037321492859713014,3.4894995799830646,-1.8256330253209228,-1.1587663506539747,-0.6036923549062454,-3.308938575874406,6.139768925464853,2.6789737088585057,1.094639621255014,1.1668907576005936,-8.18622378332749,-8.176362087224375,-18.519945496881032,0.017269999999999897,-0.04987799999999998,-0.8542299999999999,-0.01937499999999992,0.19602700000000006,-0.7274649999999999,0.03664499999999982,0.24590500000000004,0.12676500000000002,0.8943827079350044,0.0,single,-0.7274649999999999
280,2.333333,jog,1.1446057842313853,-0.6117844713788531,0.4117364694587909,0.41246654180872544,-0.04642257069377312,-0.4138088345501636,0.08676347053882585,0.029761190447621294,0.13620544821793004,3.4166566662666713,-1.9300372014880856,-1.244329773190941,8.323865895960035,22.17777418644718,2.62100967658488,4.737979030742425,1.2096967738061488,11.866549304958351,-8.741499305939511,-12.529002300151657,-10.26802142529307,0.00845499999999988,-0.044532000000000016,-0.856526,-0.00044200000000005346,0.18504199999999993,-0.7412650000000001,0.008896999999999933,0.22957399999999994,0.11526099999999995,0.7263134781814516,0.0,single,-0.7412650000000001
281,2.341667,jog,1.0800335973122113,-0.6209503239740822,0.43484521238300133,0.5248005286297478,0.31079396448470625,-0.8457823661058927,0.04187664986802881,0.033717302615787564,0.12095032397408097,3.5459563234940963,-1.9668826493880294,-1.251139908807285,-7.7480425868938685,-1.09981432628139,2.772827324719255,-5.385987601487485,0.47469548454118554,-1.8304684717841322,15.51471768987569,-4.421100059988425,-0.8171509018891124,-0.00019700000000000273,-0.039076,-0.859142,0.020108999999999932,0.173825,-0.755316,0.020305999999999935,0.212901,0.10382599999999997,0.7793979754217437,0.0,single,-0.755316
282,2.35,jog,1.0668426737069392,-0.7005880235209484,0.3952958118324792,0.5132513640540429,-0.3904912864005963,-1.2418612645160825,0.021240849633970157,0.021600864034556536,0.07584303372134962,3.5157806312252697,-2.044881795271836,-1.2565702628105249,-1.5829741515987275,-9.556906221872902,-4.746117910779131,-2.4763950838904165,-1.454030790979376,-5.4130913539819705,-3.621227921376074,-9.360271916933572,-0.6516685471306767,-0.008909999999999973,-0.03305800000000003,-0.861804,0.040515999999999996,0.16262299999999996,-0.769081,0.04942599999999997,0.195681,0.092723,0.8638838651058294,0.0,single,-0.769081
283,2.358333,jog,1.1011640465618813,-0.6053042121684847,0.4700588023520922,0.6079321687743503,0.08876686089762524,-0.6766988331095275,0.02352094083764392,0.011400456018248904,0.11664466578663261,4.011040441617716,-2.2300492019680878,-0.7919116764670652,4.118729491772758,11.43451474288546,8.971917739063203,0.2736218893164268,-1.224097925873962,4.896391703502144,59.433554589277676,-22.220977642656106,55.761260811648135,-0.01788999999999996,-0.027919000000000027,-0.864749,0.06476400000000004,0.149084,-0.779597,0.082654,0.17700300000000002,0.085152,0.8007710480112893,0.0,single,-0.779597
284,2.366667,jog,1.051235901127904,-0.6167506599472036,0.5241180705543563,0.6539275960877537,-0.5574108793700511,-0.7709953402985475,0.05099592032636122,-0.006839452843769295,0.07403407727381747,3.8312934965202508,-2.1538276937844834,-0.9822414206863375,-5.99089818022281,-1.373463856337743,6.486593256811103,3.296733799942056,-2.1886139743242214,-5.112861592610369,-21.567907979057352,9.145849314087332,-22.837742286929547,-0.026226000000000083,-0.022835999999999967,-0.8685,0.08793300000000004,0.136274,-0.792151,0.11415900000000012,0.15910999999999997,0.076349,0.8497372061009972,0.0,single,-0.792151
285,2.375,jog,1.0655226209048556,-0.624144965798639,0.46513860554422487,1.3448831188150594,-0.5953321492297956,-0.4428050599560384,0.03660146405856264,0.027601104044156315,-0.0024000960038400776,3.756150246009861,-2.229689187567528,-1.0536421456858367,1.714474952232299,-0.887352196260108,-7.077818913972399,-1.727403848289777,4.133032147837024,-9.17246769202667,-9.017550763277407,-9.103743403701614,-8.568429737129472,-0.034800000000000164,-0.017405000000000004,-0.872396,0.11035399999999984,0.12289499999999998,-0.8048069999999999,0.145154,0.14029999999999998,0.06758900000000001,0.9234920378777796,0.0,single,-0.8048069999999999
286,2.383333,jog,1.0742829713188444,-0.6846273850954053,0.6441857674307079,0.39959190884365886,-1.3672977828544348,-0.923765453890186,-0.02112084483378802,0.023280931237253,0.07644305772230943,3.6711868474739267,-2.3630145205808466,-0.9849993999760088,1.0512841010427092,-7.258180642837741,21.48651888713364,-6.9269541452479535,-0.5184414744873821,9.461556909414403,-10.19601566493879,-15.999679948796306,8.237458983538762,-0.04392799999999997,-0.011506000000000016,-0.877127,0.13199399999999994,0.10890899999999992,-0.8183830000000001,0.1759219999999999,0.12041499999999994,0.05874399999999991,0.8622438454722038,0.0,single,-0.8183830000000001
287,2.391667,jog,1.1283897288216818,-0.6510679145668347,0.5311975041996551,1.030419378865493,-0.48622213050939034,-0.46820419857352596,-0.017158627309815593,-0.011879049676034377,0.08135349172066149,3.856131509479222,-2.3692104631629305,-0.8294936405087533,6.492291517019069,4.0268143182829865,-13.557506987167262,0.4754280686311973,-4.218860200778391,0.5892049434067701,22.19158411390615,-0.7434536335593764,18.659198400198505,-0.05347499999999994,-0.006179000000000046,-0.880876,0.15472700000000006,0.09458999999999995,-0.829723,0.208202,0.100769,0.051153000000000004,0.8600206272387628,0.0,single,-0.829723
288,2.4,jog,1.0398415936637735,-0.5541821672866979,0.391095643825758,0.19259399696827592,-0.2380354637797459,-0.6090321654802316,-0.0578423136925328,-0.05136205448217783,0.17388695547822058,3.7332293291732075,-2.4802592103684264,-0.89139565582624,-10.62620126699977,11.626754743806272,-16.81289576069823,-4.882237655432327,-4.7381501027413675,11.104459829300366,-14.748851590785495,-13.326382719968436,-7.428538979657662,-0.06262199999999996,-0.0019890000000000185,-0.882686,0.17717099999999997,0.07854000000000005,-0.84041,0.23979299999999992,0.08052900000000007,0.04227599999999998,0.6828054085711377,0.07723999999999992,single,-0.84041
289,2.408333,jog,1.2527301092043635,-0.580463218528744,0.49465978639145525,0.46762015911080984,2.178012542690923,0.16725623432888048,0.01656066242649379,-0.05412216488659346,0.14160566422657042,3.7278291131645584,-2.484099363974588,-0.7089883595343891,25.547643770621853,-3.1538523031376937,12.428194235653208,8.928714282854587,-0.3312264975897821,-3.8739099065943186,-0.6480518431116151,-0.4608368662140222,21.889751145068114,-0.07292299999999985,0.0023969999999999825,-0.885628,0.19779600000000008,0.06267699999999998,-0.85044,0.27071899999999993,0.06028,0.035188,0.7458367300059527,0.14812000000000003,single,-0.85044
290,2.416667,jog,1.0736741060715274,-0.6018718502519778,0.3796496280297614,0.6431146211592264,0.7535534599018493,-0.2954762689204409,0.06011519078472028,-0.08999280057595664,0.16486681065514636,3.7568994480441216,-2.388408927285793,-0.4846412287017003,-21.485001575814103,-2.568830300363996,-13.800114994203623,5.226125312962102,-4.304131952167376,2.791114282286508,3.488161132656935,11.481933847947445,26.919502139751273,-0.08137000000000016,0.0066629999999999745,-0.887418,0.22015799999999985,0.04778800000000005,-0.857643,0.301528,0.04112500000000008,0.029774999999999996,0.6713089699099916,0.20225000000000004,single,-0.857643
291,2.425,jog,1.1094443777751148,-0.5617424696987986,0.4524180967238659,-0.07317546707375991,-0.7104773351343828,-0.12855534678784725,0.030721228849158323,-0.06948277931117262,0.17484699387975677,3.636385455418256,-2.526581063242555,-0.3094923796951904,4.292604308602882,4.815718295113348,8.73256554591446,-3.527416528928624,2.461301003814257,1.197669893749011,-14.462257605408194,-16.58131956759427,21.018702628886537,-0.09035900000000008,0.010765000000000025,-0.8897309999999999,0.24121499999999996,0.03141500000000008,-0.863992,0.33157400000000004,0.020650000000000057,0.025738999999999956,0.6822687990017908,0.24261000000000005,single,-0.863992
292,2.433333,jog,1.1248049921996208,-0.6552262090483222,0.39481579263168964,0.8252497867521805,-0.028016222436959785,-0.2468409117261309,0.0534021360854445,-0.07728309132364689,0.18936757470298013,3.580223208928189,-2.3919356774269986,-0.04104164166566422,1.8433474648392298,-11.218497461840808,-6.912552993180573,2.7218177410638638,-0.9360748844922497,1.7425394003627404,-6.739739168374486,16.158092621570905,32.21537717862886,-0.0992869999999999,0.015580999999999956,-0.891443,0.261676,0.01694299999999993,-0.867624,0.3609629999999999,0.0013619999999999743,0.023819000000000035,0.6476880222022428,0.26181,single,-0.867624
293,2.441667,jog,1.184545236381156,-0.5982721382289745,0.3483321334293402,-0.10040056462566264,1.1533692667366322,0.15491537910395334,0.0377969762419102,-0.04511639068875212,0.17926565874730868,3.437365010799304,-2.041876649868098,-0.024958003359732344,7.168255841317236,6.833941782979394,-5.577592896850438,-1.8724693836735073,3.8596953005635033,-1.2121329440451054,-17.141612446471292,42.00372300922928,1.9298822061354226,-0.10884399999999994,0.02019099999999996,-0.892852,0.280451,0.0049120000000000275,-0.8707349999999999,0.38929499999999995,0.015278999999999932,0.022117000000000053,0.6855327409379556,0.27883,single,-0.8707349999999999
294,2.45,jog,1.1269650786030856,-0.6098643945757598,0.34621384855393006,0.2936162310142122,-0.01587318437056461,-0.15310999425384766,0.09216368654744342,-0.0030001200047930676,0.16536661466457897,3.2703708148324555,-2.1069242769709913,0.17652706108243552,-6.909895329181304,-1.3911264066704403,-0.2542043532233368,6.524266207311991,5.054154648260793,-1.667952008007812,-20.040105120225732,-7.806027493446609,24.179174900055077,-0.11746699999999999,0.025248000000000048,-0.894359,0.29831200000000013,-0.007562999999999986,-0.872149,0.4157790000000001,0.032811000000000035,0.022210000000000063,0.6844349728763327,0.27790000000000004,single,-0.872149
295,2.458333,jog,1.1911676467058914,-0.5583823352934191,0.26521060842434485,-0.41380742903112294,1.2253800665944583,-0.0786228805929349,0.08280331213249559,-0.03936157446297828,0.18516740669626988,3.0810032401296303,-1.926797071882888,0.25261010440417797,7.7046163569910435,6.17809423765045,-9.72077764665618,-1.1232898613882054,-4.363549076945342,2.3761900914065874,-22.72501796505783,21.616129255742827,9.130330411825652,-0.126703,0.02957300000000007,-0.895026,0.31406,-0.018965999999999927,-0.8722540000000001,0.440763,0.048539,0.022771999999999903,0.6556298400342627,0.2722800000000001,single,-0.8722540000000001
296,2.466667,jog,1.186225101991839,-0.6468682505399427,0.2694984401247844,0.517429211975088,0.5870097682506882,-0.27901370789905205,0.09011279097671471,-0.0314374850011978,0.19102471802255627,2.9634029277657525,-1.8778497720182306,0.5175185985121148,-0.5930579210525885,-10.617460432748132,0.5144986441612103,0.8770672959226138,0.9508146702400309,0.7028211334636845,-14.11090861097635,5.873206127268662,31.786476374842188,-0.13583800000000013,0.03470200000000001,-0.89568,0.3288709999999999,-0.029225000000000056,-0.870187,0.46470900000000004,0.06392700000000007,0.025492999999999988,0.644101007398905,0.24507000000000007,single,-0.870187
297,2.475,jog,1.2112084483379335,-0.5636625465018728,0.20388815552622364,-0.5865053727460386,1.2747949123941114,-0.1875249616493139,0.09552382095284126,-0.03108124324973138,0.1893675747029902,2.5939037561502625,-1.8208328333133483,0.39997599903996556,2.9981214863908168,9.985083887923999,-7.873549093791117,0.6493495711180369,0.04275072020477905,-0.19886515295404814,-44.34167426082965,6.842306336839403,-14.105676163704585,-0.14513500000000001,0.039140000000000064,-0.895801,0.34039299999999995,-0.039700999999999986,-0.868553,0.48552799999999996,0.07884100000000005,0.02724799999999994,0.6427305623036491,0.22752000000000006,single,-0.868553
298,2.483333,jog,1.2186487459498387,-0.5756630265210589,0.14712588503539667,-0.45244808104230816,0.7477281867653937,-0.37547644146331693,0.08808352334093593,0.020760830433214965,0.1536061442457708,2.409216368654766,-1.6557062282491388,0.39721588863554996,0.8928714282857676,-1.4401152069106322,-6.811744928696446,-0.8928714282857793,6.221297693861373,-4.291543316599032,-22.163373034381145,19.815985247115208,-0.33122649758977796,-0.15455599999999992,0.04410999999999998,-0.895747,0.350314,-0.048700999999999994,-0.8664689999999999,0.5048699999999999,0.09281099999999998,0.029278000000000026,0.7028628883902508,0.20721999999999996,single,-0.8664689999999999
299,2.491667,jog,1.2078233741300761,-0.605111591072712,0.054475641948651544,-0.20624618977332773,0.8511734991220296,-0.46201752662279905,0.1251499880009476,-0.03299736021118588,0.19474442044636273,2.224742020638349,-1.398128149748009,0.35769138468922185,-1.2989407031152551,-3.533545062593327,-11.117139799225393,4.447619949605397,-6.450466839980853,4.936198248211137,-22.135150949893912,30.906896868385882,-4.742561068673844,-0.16357900000000014,0.04887799999999998,-0.894578,0.358789,-0.05530999999999997,-0.863942,0.5223680000000002,0.10418799999999995,0.030635999999999997,0.6102823865193693,0.19363999999999998,single,-0.863942
300,2.5,jog,1.2348493939757597,-0.6253450138005536,-0.02412096483859457,-0.3115110651117038,0.004830197310279082,-0.4046992750204202,0.11772470898837509,-0.013080523220932045,0.1972878915156624,1.9864394575782995,-1.3450138005520338,0.19020760830433428,3.2432521115665165,-2.42810785165509,-9.431970093273351,-0.8910691242736798,2.3901160434722204,0.30522873746546164,-28.597451465264783,6.373976862591578,-20.09885712047151,-0.17288799999999993,0.05397999999999992,-0.892733,0.36505199999999993,-0.061307,-0.862156,0.5379399999999999,0.11528699999999992,0.030576999999999965,0.6164757021574385,0.19422999999999996,single,-0.862156
301,2.508333,jog,1.2107284291371783,-0.5841833673346968,-0.10536421456858916,-0.9153345980177799,1.992789959955579,-0.6454218757985363,0.12276491059642451,-0.02208088323532505,0.18060722428897313,1.7446297851914163,-1.260410416416673,0.14856594263770556,-2.8946315658924293,4.939595159709255,-9.749579950797472,0.6048483869014125,-1.0800864051833778,-2.001760137608234,-29.018321419283023,10.152812208731742,-4.997199767986212,-0.18195399999999995,0.05866399999999994,-0.89035,0.36950099999999986,-0.06694200000000006,-0.8600399999999999,0.5514549999999998,0.125606,0.03031000000000006,0.6341761271399111,0.19690000000000007,single,-0.8600399999999999
302,2.516667,jog,1.2463402927765592,-0.5649148068154559,-0.12826973842092373,-0.5217838025833506,0.5066658787049593,-0.4163334863819946,0.1413486921046187,-0.03299736021118588,0.1459083273338124,1.53767698584115,-1.0687544996400205,-0.05315574754019625,4.273081790182468,2.312042298924972,-2.7484429868411806,2.2298753909520093,-1.3098724473075047,-4.163534551855108,-24.83234933408503,22.996870263577037,-24.20466644803219,-0.19116299999999997,0.06309699999999996,-0.888065,0.3719290000000002,-0.07114100000000001,-0.859414,0.5630920000000001,0.13423799999999997,0.028650999999999982,0.6569842952820122,0.21349000000000007,single,-0.859414
303,2.525,jog,1.1644065762630633,-0.5682227289091669,-0.1240849633985346,-0.480532489422552,-0.31201992603107603,-0.10295149909741463,0.13200528021122176,-0.047041881675261195,0.19392775711028612,1.3220928837153405,-1.0070802832113324,-0.16308652346093983,-9.832439279190766,-0.39696652990652015,0.5021930904103171,-1.1212542773787377,-1.685409992088737,5.762562075659925,-25.871127100181393,7.401202019523419,-13.192220799321323,-0.1997659999999999,0.06744000000000006,-0.885415,0.373243,-0.07479799999999992,-0.859739,0.5730089999999999,0.14223799999999998,0.02567599999999992,0.6012299896591096,0.24324000000000007,single,-0.859739
304,2.533333,jog,1.1912876515060735,-0.5390615624624963,-0.21984879395175344,-0.6629038768595026,0.27291761404080594,-0.5166461147436687,0.1518060722428997,-0.03348133925357396,0.19500780031201442,1.090363614544583,-0.9705988239529784,-0.2654506180247224,3.225858063483793,3.499479952798623,-11.492119351160412,2.3761900914050287,1.6273301838098355,0.12961036862214248,-27.80862464547698,4.37795022901168,-12.284182714962622,-0.20842799999999984,0.07165299999999997,-0.881958,0.3724019999999999,-0.07839400000000007,-0.8601190000000001,0.5808299999999997,0.15004700000000004,0.021838999999999942,0.5843541644134467,0.28160999999999997,single,-0.8601190000000001
305,2.541667,jog,1.2168226541876503,-0.5647948164146845,-0.324814014878809,-0.37158539654614026,0.8995584355304942,-0.329945225115217,0.1743460523158046,-0.05003599712023008,0.19474442044636273,0.8705303575714156,-0.8610511159107158,-0.41612670986320766,3.0639552053727654,-3.0877434547861875,-12.594818925732513,2.7045812422491897,-1.9864000319961599,-0.03160305563375273,-26.377880606331374,13.14467339120011,-18.079684645846424,-0.21711599999999986,0.07594299999999998,-0.8776280000000001,0.3695160000000002,-0.08086300000000002,-0.8608800000000001,0.586632,0.156806,0.016747999999999985,0.5564488747339809,0.3325199999999999,single,-0.8608800000000001
306,2.55,jog,1.1951278051122216,-0.5514220568822822,-0.35509420376815937,-0.34282514601569675,0.62573735889863,-0.2734182534586494,0.1858874354974243,-0.05544221768870355,0.20328813152526298,0.6492259690387573,-0.7262690507620306,-0.5834633385335473,-2.6034860284926116,1.6047953357017255,-3.633768017442774,1.3850213826496836,-0.6487724191135864,1.025286340921677,-26.557588927476342,16.174494797634274,-20.081198688388472,-0.2255259999999999,0.08007600000000004,-0.872975,0.36496700000000004,-0.08231999999999995,-0.862783,0.5904929999999999,0.16239599999999998,0.010191999999999979,0.5316872999886741,0.39808,single,-0.862783
307,2.558333,jog,1.185527421096788,-0.5618624744989509,-0.43189727589101884,-0.45422142724815145,-0.07420511395861282,-0.47015219707490435,0.19140765630624537,-0.05784231369254304,0.28669146765869313,0.4044161766470328,-0.590423616944656,-0.7586703468138384,-1.1520921655385914,-1.2529002300093885,-9.2167373242357,0.6624529951783048,-0.28802304138238205,10.008800688038697,-29.378350221014486,16.30210414224993,-21.025682020914843,-0.23380999999999985,0.08427600000000002,-0.866987,0.35845799999999994,-0.08255800000000002,-0.865506,0.5922679999999998,0.16683400000000004,0.0014809999999999546,0.5,0.4851899999999999,flight,-0.865506
308,2.566667,jog,1.1957043436525625,-0.5698344132469666,-0.4756419486441263,-0.09330299920822764,0.12864340532695145,-0.42901947912892757,0.20830333573314602,-0.07079433645309784,0.2417806575474076,0.31917446604274397,-0.5047996160307359,-0.9127669786417506,1.2211330160517,-0.9565561252719079,-5.248940815107925,2.027319345680516,-1.5541184017945027,-5.388866104066184,-10.22818701755372,10.274058185016077,-18.49011661002151,-0.2420389999999999,0.08843499999999993,-0.861008,0.35115300000000005,-0.08201599999999998,-0.869149,0.5931919999999999,0.1704509999999999,0.008140999999999954,0.41859,0.5,flight,-0.861008
309,2.575,jog,1.168606744269722,-0.5328213128524906,-0.543021720868811,-0.03523488560856425,-0.032564711759049646,-0.5753588150337687,0.21228849153964136,-0.08952358094322338,0.26029041161645367,0.3463338533541388,-0.41653666146644047,-0.8373934957397933,-3.251841999620689,4.44174971732562,-8.085896102805915,0.4782378262924705,-2.2475992427846774,2.221259338658976,3.259256847641142,10.591978226844054,9.045179755424698,-0.250008,0.09212900000000002,-0.854314,0.3443010000000002,-0.08104699999999998,-0.871602,0.5943090000000002,0.173176,0.01728799999999997,0.32711999999999997,0.5,flight,-0.854314
310,2.583333,jog,1.1357254290171876,-0.5049801992079717,-0.6407056282251328,-0.9403480678974494,0.1549422484150848,-0.3437140867741363,0.2743309732389333,-0.11640465618625168,0.31981279251170347,0.37465498619943305,-0.4377775111004595,-0.7835113404536254,-3.9459156669308486,3.341067280033501,-11.722537784270097,7.445395619739891,-3.2258580634859646,7.142971426287093,3.3986718883108735,-2.549003916238954,6.466117279031369,-0.25718600000000014,0.09536699999999998,-0.84631,0.3379589999999999,-0.08048700000000009,-0.872792,0.595145,0.17585400000000007,0.026482000000000006,0.23517999999999994,0.5,flight,-0.84631
311,2.591667,jog,1.1348692104631504,-0.4278857691384739,-0.6229901607871292,-0.002862802020518608,0.030832637607621085,-0.1501110125684338,0.2776577873770256,-0.17902567794576885,0.3796496280297547,0.4007679385649262,-0.31029517638588405,-0.6231101511878998,-0.10273800744387733,9.250591561014776,2.125686037677397,0.39918576171013936,-7.513921497422209,7.179845874496135,3.1333036195695896,15.296656433234276,19.246602983648227,-0.26432999999999995,0.097441,-0.8379540000000001,0.33184100000000005,-0.079507,-0.872793,0.596171,0.176948,0.03483899999999995,0.15161000000000002,0.5,flight,-0.8379540000000001
312,2.6,jog,1.0190807632305319,-0.4195367814712559,-0.6535461418456873,-0.37071867499515226,-1.068663564520113,-0.37165743926646744,0.3262930517220618,-0.23856954278171222,0.4216968678747192,0.29053162126485405,-0.254170166806669,-0.5599423976959134,-13.895169474693335,1.0019185968100455,-3.6668644016030645,5.836465180011595,-7.145549602297362,5.045870616220435,-13.22888723149804,6.735270560328283,7.580433636383898,-0.270103,0.09894899999999995,-0.828994,0.3257700000000001,-0.078129,-0.872013,0.5958730000000001,0.17707799999999996,0.04301900000000003,0.06980999999999993,0.5,flight,-0.828994
313,2.608333,jog,0.9571582863314599,-0.4216968678747209,-0.5803432137285486,0.16048244901104794,-1.4259896347731005,0.39998474374210147,0.3931357254290275,-0.28897155886235304,0.4594983799352015,0.21708868354731117,-0.17508700348013936,-0.36697467898716263,-7.430994467667406,-0.2592207372452909,8.78470276216721,8.021441702504061,-6.048483869031715,4.536362901773985,-8.813505066307878,9.490359213552184,23.157052527151386,-0.2748029999999999,0.100055,-0.8203290000000001,0.31960299999999986,-0.07607399999999997,-0.8702350000000001,0.5944059999999998,0.17612899999999998,0.049906000000000006,0.0009399999999999409,0.5,flight,-0.8203290000000001
314,2.616667,jog,0.8849292056635559,-0.4103671706263442,-0.6162706983441313,-0.09330614186733052,-1.7591224467657116,0.10281344198296646,0.4587233021358148,-0.34185265178785323,0.5699544036477027,0.12215022798178278,-0.11303095752339708,-0.1570674346052305,-8.6667963364415,1.3594549134121183,-4.310953277607683,7.869879614445257,-6.345223533177321,13.253662552495841,-11.391703331596792,7.446129824423064,25.186854377481463,-0.27835500000000013,0.100626,-0.810443,0.3132459999999999,-0.073596,-0.866408,0.591601,0.174222,0.05596499999999993,0.0,0.6186032447549392,single,-0.810443
315,2.625,jog,0.86715468618745,-0.4184567382695368,-0.5777031081243285,-0.21678019866647674,-1.7288127487820766,0.7126943739010838,0.562102484099385,-0.3760950438017519,0.5559822392895765,0.06516260650425598,-0.19692787711508683,-0.0986439457578312,-2.133027658239066,-0.9707869486610643,4.62829595821471,12.40599807555156,-4.109251411724347,-1.6767267920468418,-6.838788128828432,-10.068033072325756,7.011099105652208,-0.28089699999999995,0.10097900000000004,-0.800996,0.3065629999999999,-0.07174999999999998,-0.8624160000000001,0.5874599999999999,0.17272900000000002,0.06142000000000003,0.0,0.6171837469121584,single,-0.800996
316,2.633333,jog,0.8757950318012833,-0.4596183847353936,-0.3834153366134751,1.8003674177898312,-0.1708345691680999,1.0033587604707723,0.5755430217208501,-0.5293411736469572,0.6729869194767855,0.030361214448558622,-0.13968558742350468,-0.1296051842073692,1.0368829489779658,-4.939595159709255,23.315465199910612,1.6129290317371001,-18.390271192272497,14.041123267395903,-4.176334100047724,6.8693495369714,-3.7154972338339465,-0.2833990000000002,0.10039799999999999,-0.7921929999999999,0.29951799999999973,-0.06908400000000003,-0.860301,0.5829169999999999,0.16948200000000002,0.06810800000000006,0.0,0.678409463024161,single,-0.7921929999999999
317,2.641667,jog,0.9124070074393912,-0.4349652027837727,-0.46832253419725944,1.0071585007800294,0.792397832356882,1.4530082542848253,0.7943364530837557,-0.6539476841852547,0.6616270698344088,0.05723542116631354,-0.07127429805615297,-0.06071514278857639,4.393085629722539,2.958145182579881,-10.18804866616075,26.253111514627292,-14.951585137784566,-1.3630729112522917,3.224646834383815,8.208698028239883,8.266143678760772,-0.28438300000000005,0.09857300000000002,-0.7827759999999999,0.29239099999999985,-0.06605300000000003,-0.856904,0.5767739999999999,0.16462600000000005,0.07412800000000008,0.0,0.817104708437072,single,-0.7827759999999999
318,2.65,jog,0.7586703468138721,-0.43945757830314264,-0.3890555622224885,1.3248417987244865,0.5852088031019637,1.0684139812438884,0.7628705148205933,-0.6925477019080925,0.593423736949484,-0.016560662426467143,-0.04740189607584757,-0.029161166446658154,-18.449137240552076,-0.53910662658946,9.512417133657948,-3.7760636341248817,-4.632187414237138,-8.184727335284457,-8.855884266504424,2.8648028297498644,3.7866286261752706,-0.28434800000000005,0.096464,-0.774589,0.28593100000000016,-0.06278600000000001,-0.853905,0.5702790000000002,0.15925,0.07931600000000005,0.0,0.9032246455829195,single,-0.774589
319,2.658333,jog,0.8737549501980271,-0.4216968678747209,-0.04788191527661609,0.9059253898363743,-1.0352608703083763,0.9193259964762933,0.9237969518780815,-0.801992079683194,0.56642265690628,-0.007320292811723187,-0.029521180847230374,-0.028321132845314085,13.81070483429209,2.1313705062308794,40.94247533251836,19.31194492469575,-13.133850687039784,-3.2402592155531327,1.1088887093176576,2.1457716583004154,0.10080806448386853,-0.28393100000000016,0.09329500000000002,-0.76947,0.278589,-0.05951799999999996,-0.853742,0.5625200000000001,0.15281299999999998,0.08427200000000001,0.0,0.9307345410133718,single,-0.76947
320,2.666667,jog,0.7955363570914162,-0.3018958483321266,0.044636429085677484,1.0365998617130567,-1.820277896455571,0.8776998701716432,0.9097672186225272,-0.817854571634255,0.40340772738180686,0.03167746580274058,-0.048476121910242004,-0.010559155267578666,-9.385480334366479,14.374972347323416,11.10131321841767,-1.6834333160012283,-1.9033467663859995,-19.560226724798646,4.6793566852008,-2.274410974683404,2.1312668079835957,-0.28297899999999987,0.08899500000000005,-0.76648,0.2722230000000001,-0.05740599999999996,-0.854202,0.555202,0.146401,0.08772199999999997,0.0,0.9018944446710404,single,-0.76648
321,2.675,jog,0.7919116764670685,-0.27997119884796,0.02628105124204623,1.5935680276415096,0.10434215494798024,0.5548719025515029,1.2630505220208799,-1.0165606624265071,0.32497299891996,0.010200408016307632,-0.0351614064562571,-0.00720028801152065,-0.43497907408469516,2.6310631806272426,-2.2027334505737937,42.39569223549213,-23.845684722459367,-9.412543917178395,-2.5773500283731123,1.5978297676689097,0.40308019393472305,-0.279053,0.08285700000000007,-0.763991,0.265709,-0.055365999999999915,-0.8544809999999999,0.544762,0.13822299999999998,0.09048999999999996,0.0,0.9378126268816455,single,-0.763991
322,2.683333,jog,0.7491899675986707,-0.29845193807749865,0.015840633625346833,0.33990257357780346,-0.6653432919836136,0.07930961038033271,1.3400936037440818,-1.048121924876951,0.2462498499939887,0.022920916836678722,0.002640105604220031,0.020400816032640406,-5.126810136612971,-2.2177774186412837,-1.252900230013073,9.245539628368961,-3.787502994172879,-9.447155757346435,1.5265221193292366,4.536362901773127,3.312264975898217,-0.27412900000000007,0.07660999999999996,-0.7620709999999999,0.259657,-0.05285700000000004,-0.854443,0.5337860000000001,0.129467,0.09237200000000001,0.0,0.9486695920467482,single,-0.7620709999999999
323,2.691667,jog,0.7233021358291574,-0.29757619390450574,0.0999520038396941,-0.38527646760972495,-0.7404316702011619,-0.1897050233244219,1.397168226541939,-1.0928725701944348,0.14938804895608987,0.0007199424046017234,-0.000839932805373118,-0.011039116870650652,-3.106291309037023,0.10508089428761092,10.09255702116044,6.848406863194113,-5.369647866268992,-11.622486325642338,-2.6639038195437976,-0.41757120345492055,-3.7724901491831644,-0.268513,0.06998199999999999,-0.761659,0.25363500000000005,-0.050383999999999984,-0.855368,0.5221480000000001,0.12036599999999997,0.09370900000000004,0.0,0.9815093187533581,single,-0.761659
324,2.7,jog,0.6925477019080423,-0.2781711268450666,0.12972518900755442,-0.349518489514253,0.05729324128245845,-0.24550427661299412,1.4678987159485757,-1.1306852274090515,0.03696147845913706,0.005640225609013099,-0.01980079203167688,0.005640225609023924,-3.6906796977215577,2.3287011951803986,3.5729251371485664,8.487998248725981,-4.537700373768753,-13.491728128758893,0.5904576028334524,-2.275394122921268,2.0016011616073253,-0.26205199999999995,0.06287799999999999,-0.762432,0.247911,-0.04823099999999991,-0.856402,0.5099629999999999,0.1111089999999999,0.09397,0.0,0.9644216180289922,single,-0.762432
325,2.708333,jog,0.6588263530541543,-0.2955718228729168,0.18924756990280392,-0.7770936338464893,-0.15020390240137388,-0.30843138610923165,1.5437417496699992,-1.171726869074773,-0.08616344653786187,0.00936037441500603,0.007200288011514404,0.009360374414976886,-4.046723731415853,-2.0881670500240395,7.1429714262870565,9.101528107695215,-4.925194007646937,-14.775582022920922,0.44643571414772176,3.240259215551606,0.4464357141429252,-0.2546780000000002,0.05557699999999999,-0.764727,0.24249900000000002,-0.04570799999999997,-0.857901,0.4971770000000002,0.10128499999999996,0.09317399999999998,0.0,0.9748848559504645,single,-0.764727
326,2.716667,jog,0.6057115430765422,-0.30489560835133145,0.2017038636908951,-0.5243459179917193,-0.3816914402374642,-0.4074531540058877,1.6195104391648656,-1.2209023278137576,-0.16606671466282527,0.0025197984161058977,0.0007199424046016851,0.0074394048476120805,-6.373267335926528,-1.1187647562292535,1.4946356837162333,9.091515418150443,-5.900583002037937,-9.587625164982336,-0.8208034555915623,-0.7775792664882013,-0.23049790825111477,-0.24622900000000003,0.04794300000000007,-0.7677919999999999,0.2374719999999999,-0.043161000000000005,-0.85952,0.48370099999999994,0.09110400000000007,0.09172800000000003,0.0,0.9868541889212626,single,-0.7677919999999999
327,2.725,jog,0.6801872074883065,-0.2401296051841999,0.3625345013800647,-1.2320063854220633,-0.31649416878039494,0.15213945331578663,1.6740669626785112,-1.2600504020160999,-0.20976839073563128,0.009720388815579087,-0.0048001920076718285,0.00828033121324856,8.93743722690088,7.772231269306629,19.300448540642154,6.5470447034256685,-4.697956822554013,-5.244410905172976,0.8641054121532766,-0.6624426271779148,0.10091520048439778,-0.23794700000000013,0.039443999999999924,-0.772561,0.23188500000000012,-0.041200000000000014,-0.862472,0.46983200000000025,0.08064399999999994,0.08991099999999996,0.0,0.9772640955121121,single,-0.772561
328,2.733333,jog,0.5544221768870621,-0.32149285971438996,0.2065282611304438,0.24323330704686247,0.31798842043189496,-0.15834759151167782,1.6859474378975288,-1.2998919956798334,-0.3104524180967274,0.017640705628186308,0.006600264010563753,0.005400216008640383,-15.092407368444208,-9.76398110286701,-18.721497689862275,1.4257140548443168,-4.781182486947544,-12.082566585995087,0.9504760365543374,1.368109446566145,-0.34562764965897075,-0.228518,0.03129099999999996,-0.776869,0.22741199999999995,-0.038466,-0.864148,0.45592999999999995,0.06975699999999996,0.087279,0.0,0.9673435256968068,single,-0.776869
329,2.741667,jog,0.5935925125989917,-0.22414206863451855,0.34437245020398577,-0.20758473335299424,-0.0691863441196971,0.39084536150859805,1.777537796976241,-1.3971682265418646,-0.43208543316534265,0.00155987520998808,0.0077993760499137565,0.008759299256059467,4.700064280289096,11.68116043674954,16.539979490465672,10.989963892333988,-11.672213926329547,-14.594794224695741,-1.9295452865608476,0.14388193416726597,0.4030577450706814,-0.21865099999999993,0.021515000000000062,-0.78334,0.22247799999999995,-0.03653299999999993,-0.866945,0.4411289999999999,0.05804799999999999,0.08360499999999993,0.0,0.9802805228196483,single,-0.78334
330,2.75,jog,0.43069722788912723,-0.29065162606503614,0.34297371894876433,0.520921862592435,-1.0667096838383987,-0.08572583816019509,1.7338293531741449,-1.449057962318513,-0.4712588503540185,0.0030001200047932272,0.0019200768030740608,0.018840753630145486,-19.54821609382767,-7.981466150308196,-0.16785446480516672,-5.24522306517418,-6.2270173738928145,-4.700998102565246,0.17283628882817237,-0.7055441313860253,1.2098229178070457,-0.20779199999999998,0.011861999999999928,-0.7901250000000001,0.21891399999999983,-0.034094999999999986,-0.869646,0.4267059999999998,0.045956999999999915,0.07952099999999995,0.0,0.9680425016482523,single,-0.7901250000000001
331,2.758333,jog,0.513620544821805,-0.2449297971918984,0.3456138245529845,-0.04560764506753055,0.14558236534360847,0.4578392870466259,1.7729509180367455,-1.5311412456498357,-0.47461898475939474,0.005880235209430965,-0.0064802592103682935,0.03924156966278656,9.95119607976461,5.486838938334113,0.316825345520245,4.694775574535103,-9.850388015279432,-0.4032322579354708,0.3456276496625182,-1.0080806448388853,2.448195851751021,-0.19729799999999997,0.0011440000000000339,-0.79696,0.21468299999999996,-0.032107999999999914,-0.8721990000000001,0.41198099999999993,0.03325199999999995,0.07523900000000006,0.0,0.932991051278556,single,-0.79696
332,2.766667,jog,0.49340052795774686,-0.25749940004799193,0.3438924886009002,0.036493853466664054,0.34057079760853176,0.43110473232045005,1.8537317014638477,-1.4842812574993878,-0.5968322534197226,0.012958963282936905,-0.0178785697144306,0.041636669066474376,-2.4262079270527903,-1.5082316841964778,-0.20654379074685358,9.692918577765964,5.622748758153052,-14.664419085712371,0.849379418467229,-1.3676878454598294,0.28738893732754967,-0.18596100000000004,-0.009079999999999977,-0.8048,0.21067900000000006,-0.030111,-0.874718,0.3966400000000001,0.021031000000000022,0.06991800000000004,0.0,0.9214508258167505,single,-0.8048
333,2.775,jog,0.4666986679467259,-0.22764910596424515,0.3433337333493374,-0.14008436610204453,0.11228747585209874,0.6432781905665534,2.0302412096484033,-1.5133805352214273,-0.5468618744749847,0.011160446417871308,0.004200168006721177,0.02124084963398556,-3.2043513753775623,3.582178577192735,-0.06705331232002851,21.18198826167733,-3.4920530087651316,5.996685340782232,-0.21583065703415502,2.649554508718586,-2.4475962357481102,-0.17293200000000009,-0.01979399999999998,-0.812218,0.20688300000000015,-0.028178999999999954,-0.877402,0.37981500000000024,0.008384999999999976,0.06518400000000002,0.0,0.9594013318258794,single,-0.812218
334,2.783333,jog,0.4698187927517279,-0.2316092643705754,0.3238929557182325,-0.2840268743854303,0.4799295891851155,0.5000846873649302,2.014760590423655,-1.5389415576623142,-0.5456618264730634,0.03144125765027779,0.0016800672026831415,0.020880835233409594,0.3744299537983967,-0.47523801828036755,-2.3329866351980186,-1.8577486169144635,-3.0674453907220816,0.14401152069138565,2.4337946996767874,-0.30242419345230515,-0.04320345620736473,-0.16005800000000003,-0.030687999999999938,-0.819464,0.2032299999999998,-0.02623500000000001,-0.879927,0.36328799999999983,0.004452999999999929,0.060463000000000044,0.0,0.9370320939666377,single,-0.819464
335,2.791667,jog,0.4497240220782138,-0.2441804655627542,0.32793376529877183,0.07908082119380679,0.31795010748963365,0.451213919257927,2.0721142308615126,-1.6017518598512064,-0.5119990400767891,0.035397168226533715,-0.004919606431480372,0.0244780417566592,-2.4111795864547525,-1.508423469183907,0.48485836099583474,6.881886301638705,-7.536633332000442,4.039211230654431,0.4746712954470716,-0.7918974843008715,0.43163025236975977,-0.14653699999999992,-0.042001999999999984,-0.826464,0.19977699999999987,-0.024240999999999957,-0.8824559999999999,0.3463139999999998,0.017761000000000027,0.05599199999999993,0.0,0.9278054985523493,single,-0.826464
336,2.8,jog,0.487579503180123,-0.21180847233888417,0.35041401656066967,-0.33339156205508563,0.5559379479250798,0.7018213033788611,2.0208808352334238,-1.591263650546029,-0.635905436217456,0.02124084963402345,-0.0003600144005730556,0.01908076323052974,4.542839445806974,3.884794578647584,2.6977380609502037,-6.148253405506935,1.2586354620397888,-14.869362311372619,-1.6988261841486132,0.5471729306261081,-0.6476993311087852,-0.13375999999999988,-0.05349700000000002,-0.834683,0.19589100000000026,-0.022479000000000027,-0.885217,0.32965100000000014,0.03101799999999999,0.05053400000000008,0.0,0.9524086017049722,single,-0.834683
337,2.808333,jog,0.4822992919716836,-0.2631705268210613,0.3242529701187883,-0.2840342735931518,0.524041945433925,0.46586531554402977,2.144845793831662,-1.662306492259614,-0.5961838473538679,0.015240609624382891,-0.0027601104044154843,0.027361094443776428,-0.633650691040343,-6.163693085584406,-3.1394511510716705,14.876390087391409,-8.525482024910833,4.766781334883759,-0.7200576034609738,-0.28802304138273405,0.9936794927692693,-0.11990600000000007,-0.06515599999999999,-0.842353,0.19199900000000003,-0.02030900000000002,-0.887691,0.3119050000000001,0.04484699999999997,0.04533799999999999,0.046620000000000106,0.9475986673110351,single,-0.842353
338,2.816667,jog,0.42752579793618256,-0.2639788816894878,0.37089032877372297,-0.3862455815027574,1.0013653414099484,0.19084452344859243,2.086753059755307,-1.5796736261099946,-0.6094312455003862,0.010799136069079139,0.0160787137029006,-0.00983921286297126,-6.5722935007803605,-0.09699482462521543,5.596035355763956,-6.9705704435274445,9.915150725896709,-1.5895606127332522,-0.5329341919011226,2.2604780546336625,-4.463679782427332,-0.10607800000000012,-0.076121,-0.850523,0.18852599999999975,-0.017974999999999963,-0.890864,0.29460399999999987,0.05814600000000003,0.04034099999999996,0.09659000000000001,0.9637924008919403,single,-0.850523
339,2.825,jog,0.5577823112924253,-0.21228849153964136,0.4275771030841024,-0.24055778473186018,-1.0828578430109859,0.8857067748696704,2.0421216848673116,-1.7493099723988261,-0.3590543621744722,0.010560422416933418,0.01212048481939437,-0.010200408016320411,15.631406859022798,6.2030949417789705,6.802685024646219,-5.355979225728214,-20.35717584169255,30.046427856222603,-0.028646784128850394,-0.4750064662793779,-0.04334515220798452,-0.09370900000000004,-0.08892900000000015,-0.857078,0.18396600000000007,-0.016105000000000036,-0.894512,0.2776750000000001,0.07282400000000011,0.03743399999999997,0.12566000000000005,0.9682686188634162,single,-0.857078
340,2.833333,jog,0.40189607584301634,-0.2510500420016936,0.3206528261130484,-0.21127924108882798,0.5885452232126541,0.37983919909319186,1.9522380895235927,-1.5847833913356475,-0.5118204728189181,0.006360254410159511,0.006600264010563753,0.005280211208448254,-18.707096537790754,-4.651572118331047,-12.83142649358634,-10.78646289976236,19.743979486761088,-18.332666583997035,-0.5040403224257706,-0.6624529951794872,1.8577486169169337,-0.08078999999999992,-0.10004299999999988,-0.864015,0.1806700000000001,-0.013957999999999915,-0.89714,0.26146,0.08608499999999997,0.03312500000000007,0.16875000000000007,0.9823697740941462,single,-0.864015
341,2.841667,jog,0.4328053755699676,-0.2532997360211133,0.3082553395728237,-0.44043327334427984,0.5538588707988419,0.5625363187819935,1.9601631869450182,-1.6306695464362715,-0.43328533717302237,0.00911927045835906,0.0035997120230350688,-0.003839692824573682,3.7088192616931894,-0.2699416869953971,-1.487579378476676,0.9509356157218014,-5.50589814022362,9.42346240051537,0.33105544134863546,-0.3600374355085986,-1.094300939887433,-0.06806100000000015,-0.1115219999999999,-0.8701949999999999,0.17713899999999994,-0.011816999999999966,-0.8997409999999999,0.24520000000000008,0.09970499999999993,0.02954599999999996,0.20454000000000006,0.9824514751072153,single,-0.8701949999999999
342,2.85,jog,0.39853594143765003,-0.27253090123605467,0.2384495379815301,-0.39659607247972367,0.8433609614787085,0.4014298246029073,1.9767190687627736,-1.6925477019081059,-0.36709468378735477,0.002400096003855899,-0.0032401296051841467,-0.0003600144005763864,-4.112496595741978,-2.3078321390785512,-8.377031272206196,1.9867852895422429,-7.425675683647541,7.943196134125549,-0.8063331878679013,-0.8208138279394309,0.41757811400423944,-0.054910000000000014,-0.12335499999999999,-0.875241,0.17383800000000016,-0.009572999999999943,-0.9017310000000001,0.22874800000000017,0.11378200000000005,0.026490000000000014,0.23510000000000003,0.9932528789977713,single,-0.875241
343,2.858333,jog,0.4130565222608876,-0.26593063722549093,0.2707308292331628,-0.4480049999090309,0.20174326884801705,0.4864551615194764,1.873754950198027,-1.669626785071426,-0.29425177007080505,-0.0004800192007818384,-0.004080163206525717,-0.0014400576023038802,1.7425394003645418,0.792063363802208,3.8739099065922202,-12.356188475308707,2.7506200452034286,8.741499305958284,-0.3456276496625182,-0.1008080644835687,-0.12961036862204534,-0.04273799999999994,-0.13505200000000006,-0.879949,0.1703920000000001,-0.007390999999999925,-0.903999,0.21313000000000004,0.12766100000000014,0.024050000000000016,0.25949999999999995,0.9927443669157914,single,-0.879949
344,2.866667,jog,0.4281257499400034,-0.30117590592752497,0.21850251979842317,-0.09487364152600988,0.01650121869961915,0.934668618112138,1.759539236861039,-1.6587473002159505,-0.3186945044396431,-0.0025197984161058977,-0.004439644828421464,-0.002999760019198527,1.8081626684804015,-4.229093916730714,-6.266895780506265,-13.704789217301084,1.3054337479572025,-2.9328934927811194,-0.24475392552484324,-0.04313434387997888,-0.18714931808190965,-0.03164199999999995,-0.14636599999999989,-0.884426,0.16680300000000026,-0.004917999999999978,-0.905845,0.1984450000000002,0.1414479999999999,0.021418999999999966,0.28581,0.990131645635174,single,-0.884426
345,2.875,jog,0.35185407416298853,-0.26941077643105266,0.19716788671546442,-0.3172878425182266,0.3283509502195865,0.2631110667395253,1.6614664586583745,-1.6006240249610217,-0.24816992679707336,-0.0006000240009906212,-0.018960758430336365,-0.013080523220928715,-9.152967211930347,3.8119680182974442,-2.5602583802902843,-11.769204152485942,6.9750720334728555,8.46328784862239,0.23038214509963928,-1.7426033363632587,-1.209739973806586,-0.020728999999999997,-0.15745900000000002,-0.888137,0.16386599999999985,-0.002831000000000028,-0.907597,0.18459499999999984,0.154628,0.019460000000000033,0.3054,0.9615953389407038,single,-0.888137
346,2.883333,jog,0.37213488539542167,-0.2763710548422028,0.18060722428897064,-0.17224128349205337,-0.1984216591218117,0.5590981393874064,1.5671426857074344,-1.5667826713068613,-0.16476659066362878,-0.0022800912036471162,-0.01848073922956785,-0.010200408016320954,2.433794699679986,-0.8352668200108267,-1.9873589855386944,-11.319305526333967,4.061124883494626,10.008800688040964,-0.2016161289639398,0.05760460827655334,0.34562764965892073,-0.010771000000000086,-0.16821199999999992,-0.891015,0.16074599999999983,-0.0006819999999999604,-0.909187,0.17151699999999992,0.16752999999999996,0.018171999999999966,0.31828,0.9646138420789969,single,-0.891015
347,2.891667,jog,0.35289176865848787,-0.29889608831292186,0.11411087113031292,-0.08173436099133648,0.0037510782353372325,0.5324882842687674,1.4905207583393134,-1.4955603551715786,-0.12718982481401372,-0.00611951043916761,-0.008759299256058218,-0.0045596352291816114,-2.308989289288895,-2.702787793462788,-7.978924065113657,-9.19389577251265,8.545994256693328,4.508851193858264,-0.46069345278623286,1.16647947846287,0.6768385873697265,-0.0012900000000000134,-0.17818500000000004,-0.893026,0.15775399999999995,0.0017359999999999598,-0.910176,0.15904399999999996,0.179921,0.01715,0.3285,0.9806376650788575,single,-0.893026
348,2.9,jog,0.3451338053522293,-0.289571582863317,0.10260410416417352,-0.0951612217320218,0.11409850621768054,0.2463197887658724,1.4218168726749296,-1.425897035881442,-0.10020400816032679,-0.005160206408231561,-0.008760350414015409,-0.0042001680067203446,-0.9309928364644935,1.1189854133691253,-1.3808672706275649,-8.244796071568993,8.359932712124952,3.2384275355438836,0.11512108855586918,-0.0001261440006229349,0.043137792207040705,0.007681999999999967,-0.187654,-0.8947160000000001,0.15483500000000006,0.0040759999999999685,-0.911066,0.1471530000000001,0.19172999999999996,0.016349999999999976,0.33649999999999997,0.9816656908716828,single,-0.8947160000000001
349,2.908333,jog,0.3589343573742942,-0.26209048361935616,0.08700348013920345,-0.28604289486726475,0.1958687146359077,0.3361006991292671,1.3445337813512654,-1.3572542901716376,-0.06660266410656486,-0.005880235209430965,-0.01056042241689401,-0.0055202208088325115,1.6561324879473176,3.2978638238282865,-1.8721497689871855,-9.274341932517087,8.23745898353595,4.032322579354643,-0.08640691242042607,-0.21601728103667564,-0.1584126727603719,0.015894999999999992,-0.19678000000000007,-0.895996,0.1517949999999999,0.006172000000000066,-0.911837,0.1358999999999999,0.20295200000000013,0.015840999999999994,0.34158999999999995,0.9778532341513524,single,-0.895996
350,2.916667,jog,0.3602111831053427,-0.31029517638588405,0.026517878569717428,0.17744621112454192,-0.37371798676656987,0.2562507420120756,1.2223422126229744,-1.2784977201823586,0.0034797216222695088,0.005039596832265082,-0.02999760019199443,-0.011159107271418122,0.15320683117932887,-5.784100403950987,-7.257691573012426,-14.661815302170643,9.45003239612171,8.40921355037603,1.3102750230016755,-2.3322747510319504,-0.6766122465305456,0.02307999999999999,-0.20484899999999995,-0.8961880000000001,0.14883500000000005,0.00850799999999996,-0.912151,0.12575500000000006,0.2133569999999999,0.01596299999999995,0.34037000000000006,0.9459995054393651,single,-0.8961880000000001
351,2.925,jog,0.359414376575076,-0.27145085803432223,0.011160446417857985,-0.2305502480841426,0.2525162923365029,0.7312010176665096,1.1761670466818719,-1.1500060002400345,-0.046921876875074896,0.025441017640691333,0.03012120484819435,0.018120724828993545,-0.09562060845634344,4.661504662373956,-1.8429655768462239,-5.541241562594854,15.419623178006155,-6.048433757031665,2.4482684277482827,7.214545186630184,3.5137204008654668,0.029885999999999857,-0.21217000000000008,-0.896672,0.14605199999999985,0.011020999999999948,-0.912093,0.11616599999999999,0.22319100000000003,0.015421000000000018,0.34579000000000004,0.9276794744743744,single,-0.896672
352,2.933333,jog,0.36217448697945903,-0.2908916356654116,-0.007680307212295834,0.04658680893521181,0.011388985451964623,0.5537385076912067,1.1106444257769836,-1.0366014640585075,-0.035521420856833255,-0.00912036481458798,-0.007320292811709474,-0.009960398415936166,0.33122649758584993,-2.332986635196029,-2.260980874853353,-7.863029029747433,13.609088705330855,1.3681094465667991,-4.147531795905171,-4.493159445566083,-3.3698695841747837,0.036122999999999905,-0.21838400000000002,-0.896904,0.14295799999999992,0.013383999999999951,-0.912112,0.10683500000000001,0.23176799999999997,0.015208,0.34792000000000006,0.974397413444226,single,-0.896904
353,2.941667,jog,0.361651067914592,-0.2984161267098789,-0.018238540916732413,0.3701626641756144,-0.3588360545271509,0.5182258680718709,1.1543076553876437,-0.9212862970962832,-0.0982721382289462,-0.011399088072949433,-0.028677705783537333,-0.02579793616510796,-0.0628052633629769,-0.9028666960004355,-1.2668866935969596,5.239168419805861,13.836713098419677,-7.529483725955822,-0.27342491701002614,-2.562684541856112,-1.9003525017005658,0.04272900000000002,-0.22357500000000008,-0.8975709999999999,0.1398489999999999,0.01563199999999998,-0.912175,0.09711999999999987,0.23920700000000006,0.014604000000000061,0.35396000000000005,0.9329617951322413,single,-0.8975709999999999
354,2.95,jog,0.3180127205087846,-0.2576503060122303,-0.02172086883475084,0.36274374642789053,-0.1567759394818101,0.2611196134170572,1.0050402016080224,-0.7856714268570226,-0.055802232089281124,-0.011160446417870713,-0.008400336013441907,-0.014040561622464582,-5.236811161143104,4.89209416748431,-0.4178960660048328,-17.9128109659924,16.274435406126795,5.0965926004636035,0.028638144135210538,2.433381707679651,1.410941382772454,0.04845400000000022,-0.22797499999999993,-0.897855,0.13710599999999995,0.017708999999999975,-0.912111,0.08865199999999973,0.2456839999999999,0.014256000000000046,0.35744000000000004,0.9669908017844893,single,-0.897855
355,2.958333,jog,0.36421456858276113,-0.29533181327253916,-0.049801992079676824,0.26123155039098683,0.03081407437024491,0.5843325794817673,0.916236649465994,-0.650906036241467,-0.09060362414496648,-0.0088803552141709,-0.0048001920076718285,-0.012480499219968903,5.5444435466190995,-4.521961749707089,-3.369869584174516,-10.65685253114475,16.172493773617763,-4.176334100046282,0.27362188931955295,0.4320345620748964,0.18721497689855907,0.05305400000000016,-0.23093799999999998,-0.8981950000000001,0.13399700000000014,0.020130000000000092,-0.9118,0.08094299999999999,0.25106800000000007,0.013604999999999978,0.36395,0.9732467336978572,single,-0.8981950000000001
356,2.966667,jog,0.35241180705542896,-0.27573794096471005,0.0015598752099747583,0.10561232463168922,-0.6335696593761,0.5836678266433585,0.8428125749939843,-0.465322774178068,-0.1269498440124776,0.0050395968322117955,-0.013078953683708292,-0.021118310535156917,-1.4162180858329834,2.35107659081221,6.162931040274921,-8.810184121911346,22.26820999080845,-4.361197488302238,1.6702606247159335,-0.9933719313698585,-1.0364544414672363,0.05714100000000011,-0.2325180000000001,-0.8992659999999999,0.13110199999999983,0.022318999999999978,-0.9119889999999999,0.07396099999999972,0.2548370000000001,0.01272300000000004,0.37277,0.9577560127371445,single,-0.8992659999999999
357,2.975,jog,0.3535341413656717,-0.29845193807752785,-0.05544221768870355,0.14996713297956887,0.2641295993856043,0.564874982767274,0.7305892235689606,-0.38413536541462123,-0.19896795871835052,0.0022800912036471162,-0.0062402496099906975,-0.014880595223808982,0.13468550464931398,-2.725788685085564,-6.840524768832212,-13.467340864637555,9.742878766764372,-8.642519465483447,-0.3311539215846279,0.8206773159387564,0.7485557795929427,0.060283000000000087,-0.2332320000000001,-0.900462,0.1281749999999997,0.024753999999999943,-0.911651,0.06789199999999962,0.25798600000000005,0.011189000000000004,0.38811,0.9728393848607755,single,-0.900462
358,2.983333,jog,0.351614064562571,-0.2893315732629394,-0.055082203288130495,0.46100760251757134,-0.4919989176028314,0.6230964406245015,0.6479059162366205,-0.28861154446177995,-0.18768750750030208,-0.0037201488059393386,-0.004200168006721177,-0.016920676827073506,-0.23041843310940927,1.0944875572529134,0.043203456207015,-9.922393775631926,11.46331704702294,1.3537082944976047,-0.7200576034545194,0.2448195851757517,-0.24481958517515215,0.06275199999999992,-0.23322600000000004,-0.901567,0.12521399999999994,0.027129999999999987,-0.911333,0.06246200000000002,0.26035600000000003,0.009765999999999941,0.40234000000000003,0.9702888805556424,single,-0.901567
359,2.991667,jog,0.3566114710823077,-0.2822174226061918,-0.01667866570674336,0.2933909257855524,-0.3571538120270526,0.8583945623076283,0.5105591552675891,-0.11915046796256468,-0.24070074394048302,-0.017278617710547017,-0.017878569714417276,-0.029757619390448322,0.5996408111035088,0.8536297884266297,4.608055865297197,-16.480292892852216,20.33370248370698,-6.361079486462747,-1.626886117663496,-1.6412769027712977,-1.5403098828143411,0.06403500000000006,-0.23186700000000005,-0.903434,0.12209800000000026,0.029333000000000053,-0.911442,0.0580630000000002,0.2612000000000001,0.008008000000000015,0.41992,0.9353705047381767,single,-0.903434
360,3.0,jog,0.34213368534740946,-0.2696507860314436,-0.06420256810271896,0.41081604482373646,-0.011787712063951962,0.7293760286296467,0.3246129845194053,0.03756150246009967,-0.3164526581063272,-0.007560302412140753,0.0,-0.006240249609984452,-1.7374037843391756,1.508056711238249,-5.703096411373579,-22.314433067104947,18.806188698267825,-9.090593323634334,1.1662444855881857,2.1455141862975444,2.822197261546152,0.0638890000000003,-0.22930700000000004,-0.905536,0.11918399999999996,0.03158000000000005,-0.9109590000000001,0.05529499999999965,0.2608870000000001,0.005423000000000067,0.44577,0.9836616599716145,single,-0.905536
361,3.008333,jog,0.34609384375376634,-0.3031321252850042,-0.069842793711759,0.3302459501114788,0.06262261643503904,0.7308440839459214,0.06612264490576637,0.0888035521421087,-0.25729029161166683,-0.007440297611878677,0.0027601104044156313,-0.0022800912036483652,0.47523801828356177,-4.017921427284402,-0.6768541472507009,-31.020081556899232,6.14929193351848,7.099767970078115,0.01440115207753227,0.3312264975897824,0.47523801828106593,0.061555999999999944,-0.22604099999999994,-0.907098,0.11623800000000006,0.034128999999999965,-0.910396,0.05468200000000012,0.2601699999999999,0.003298000000000023,0.5001850029780721,0.986238635616048,double,-0.907098
362,3.016667,jog,0.33009359251259024,-0.28773698104151585,-0.0812335013198851,0.39103599871271055,0.12604455405022727,0.7702193006316617,-0.09947204223661656,0.14842812574993078,-0.23098152147827952,-0.007319414446854847,0.008519318454528763,-0.0011999040076793276,-1.919876558816412,1.8472695276563775,-1.3667755709294478,-19.86977287525578,7.15437648281997,3.1567998720166917,0.014504819417306119,0.6910496820390075,0.12961209454871964,0.05797600000000003,-0.222406,-0.908346,0.11342600000000003,0.03659800000000002,-0.909729,0.05545,0.259004,0.001383000000000023,0.49946321237074087,0.9811738668334158,single,-0.908346
363,3.025,jog,0.3076923076923118,-0.2646105844233942,-0.08760350414016742,0.4789747252164465,0.4138172925800874,0.7430592511585274,-0.18252730109203139,0.05892235689427861,-0.11388455538221656,-0.007440297611878677,0.008400336013442354,0.0020400816032641075,-2.6882617089017913,2.775278605318837,-0.7644309156705115,-9.967029743839625,-10.74112190755466,14.052198019448461,-0.014506560065262358,-0.014278464068931948,0.3888138258662504,0.05389100000000013,-0.21970999999999985,-0.9085650000000001,0.11080000000000023,0.03887300000000016,-0.9089820000000001,0.0569090000000001,0.258583,0.0004170000000000007,0.6240559058823378,0.9809908204455466,double,-0.9085650000000001
364,3.033333,jog,0.29221168846753715,-0.2781711268450548,-0.04884195367815312,0.42548141109573906,0.2720864854610436,0.8332232012739267,-0.027121084843401123,0.01704068162724898,-0.0328813152526104,-0.005760230409222182,0.012120484819381692,0.0018000720028802666,-1.8577486169176542,-1.6273301838066396,4.6515721183264915,18.649491929512983,-5.026002072126486,9.720777646658695,0.20161612896393982,0.44643571414129024,-0.02880230413822671,0.05123000000000011,-0.21725000000000017,-0.908432,0.10831700000000022,0.041291999999999884,-0.90856,0.05708700000000011,0.25854200000000005,0.000128000000000017,0.9222143907984923,0.9774336370133836,double,-0.908432
365,3.041667,jog,0.30069594432446606,-0.2920566354691659,0.005759539236866767,0.2636110208963655,-0.3272677300739458,0.8383642414829268,0.03503719702423287,0.011279097672190758,-0.08711303095752285,-0.0017998560115574992,0.010319174466046297,0.005999520038397054,1.0180292604906225,-1.666127744673744,6.551655017400944,7.458397152343835,-0.6913347678255554,-6.507285301765303,0.47520691116686503,-0.21613995120414933,0.5038934527857878,0.04901599999999995,-0.21472200000000008,-0.9092060000000001,0.10579599999999978,0.04381199999999996,-0.908558,0.05677999999999983,0.25853400000000004,0.000648000000000093,0.8423831704715157,0.9734009733492722,double,-0.908558
366,3.05,jog,0.26521060842434485,-0.2679707188287471,0.02412096483859457,0.19136377451051975,-0.12532964278654668,0.7376691959395522,0.11928477139084945,0.018960758430349688,-0.013320532821312972,0.001560062402501005,0.003360134405379606,0.005280211208448254,-4.258410644440361,2.8904256138748323,2.2034592105757795,10.110113328527223,0.921836164425657,8.855453994505046,0.40320633794054184,-0.835118212008491,-0.08632051241435335,0.04779999999999984,-0.21233100000000005,-0.909518,0.10359899999999977,0.04607299999999992,-0.908715,0.05579899999999993,0.25840399999999997,0.0008029999999999982,0.7974756280738801,0.9812196862671445,double,-0.908715
367,3.058333,jog,0.24168966758668803,-0.26101044041760973,0.041641665666623175,-0.01183646784417092,0.0075065810879886485,0.6795174568364835,0.14268570742830364,-0.0028801152046109375,-0.10644425777030599,0.0018000720029184747,0.0007200288011460728,0.005880235209408169,-2.822625805550916,0.8352668200092501,2.1025682020914234,2.808224653480518,-2.6210096765822226,-11.175294005638895,0.028802304142260777,-0.3168253455218309,0.0720057603456004,0.04697499999999999,-0.21018000000000003,-0.910752,0.10160000000000013,0.04825399999999991,-0.9090130000000001,0.054625000000000146,0.25843399999999994,0.001738999999999935,0.703268330247967,0.9722906725552736,double,-0.9090130000000001
<<<<<<< HEAD
<<<<<<< HEAD
368,3.066667,jog,0.2270218382529507,-0.2411807055435756,0.04175665946724632,-0.15361748592982322,0.1702508659131561,0.7571191616872524,0.08123350131990276,0.02207823374129714,-0.044396448284139155,0.001079913606902585,-0.0022798176145898863,0.008639308855291869,-1.7599987201509486,2.379377834657433,0.01379815222260021,-7.37367483902132,2.9947622925257043,7.445141527018198,-0.08641209455434636,-0.35995277366643824,0.33106235251785765,0.04576000000000002,-0.207986,-0.91147,0.09971700000000006,0.050244999999999984,-0.909289,0.05395700000000003,0.258231,0.0021809999999999885,0.8413829317535797,0.9631898667365835,double,-0.909289
369,3.075,jog,0.23100924036959913,-0.25117004680184907,0.07212288491538896,-0.5106386400207903,0.1382310096966616,0.7750773451874593,0.015600624024955927,0.07920316812673417,-0.05256210248409715,0.00024000960036425997,-0.0021600864034515416,0.0055202208088322175,0.47850739429356365,-1.1987689017488334,3.644092817489655,-7.876260325806303,6.8552663369056175,-0.9799177007029444,-0.10079251248509397,0.014368320069403511,-0.3743055377966535,0.04396500000000003,-0.205233,-0.912509,0.09779399999999994,0.05231999999999992,-0.909844,0.053828999999999905,0.2575529999999999,0.0026650000000000285,0.8394514963491607,0.9634622388141103,double,-0.909844
370,3.083333,jog,0.18660746429859706,-0.21228849153967932,0.08700348013920345,-0.5327134595830793,0.15174763204266165,0.5795270021561568,0.011280451218026798,0.024240969638763384,0.02280091203648157,0.0013200528021367324,-0.003600144005757202,0.006360254410176165,-5.32842626557092,4.665973270391228,1.7857428565720181,-0.5184414744904797,-6.595727647662461,9.043923499409505,0.12961036862744296,-0.17281382482967403,0.10080806448385395,0.04250399999999965,-0.20326200000000005,-0.913044,0.09624999999999995,0.05405900000000008,-0.910516,0.053746000000000294,0.25732100000000013,0.0025279999999999747,0.9414348705759253,0.962342106126828,double,-0.910516
371,3.091667,jog,0.24922006239499264,-0.2613390928725698,-0.03791696664266625,0.5348325267013495,0.07034640661187452,1.1387716523867188,0.008639308855326794,0.022078233741322607,-0.0005999520038394556,-0.0007199424046016851,-0.005639548836095379,0.0046796256299496694,7.512910738708316,-5.885601311841864,-14.989254473466373,-0.3169117305855513,-0.2595075470891241,-2.8078790545141405,-0.2447798424212145,-0.24470900292034575,-0.2016593208815074,0.04049900000000006,-0.20089999999999986,-0.912733,0.09416700000000011,0.05619000000000007,-0.910161,0.05366800000000005,0.25708999999999993,0.0025720000000000187,0.9604734264828951,0.9620074330113042,double,-0.910161
372,3.1,jog,0.16968678747150356,-0.23760950438016187,0.09660386415457374,-0.6266752269080059,0.2068875126702908,0.5385167747971668,0.0039601584063036115,-0.0012000480019279496,0.005400216008640383,-0.0009600384015636768,-0.004680187207489692,0.003840153606144374,-9.544374765809408,2.8476645256700026,16.143145421485805,-0.5615205147033752,-2.793505549412069,0.7200489634561255,-0.02881267214232497,0.11512800055270563,-0.1007406724835357,0.039117999999999764,-0.19893000000000005,-0.913493,0.09274499999999986,0.05813099999999993,-0.910934,0.05362700000000009,0.257061,0.002558999999999978,0.9886611162182313,0.9641939171253782,double,-0.910934
373,3.108333,jog,0.1886475459018266,-0.19440777631107545,0.0441617664706501,-0.10459212005735379,0.3100806890947408,0.6714407784792764,0.003480139205575066,-0.01848073922956785,0.007680307212288332,-0.002640105604220172,-0.0030001200048065508,0.003960158406336086,2.2753820269198637,5.184414744880214,-6.293303454209063,-0.05760460827175688,-2.0737658979527254,0.2736218893133289,-0.20161612896393982,0.20161612896713746,0.014401152069088373,0.037574999999999914,-0.19746399999999986,-0.913797,0.09115099999999998,0.05972600000000006,-0.911269,0.05357600000000007,0.2571899999999999,0.0025279999999999747,0.9661442516682668,0.9653430583865483,double,-0.911269
374,3.116667,jog,0.14242860571152124,-0.19018478521717488,0.02171826253899512,-0.08799143393484268,0.4526364922888778,0.4407727719034519,0.0,-0.024118070554369597,0.0010799136069116863,-0.0039596832253625544,-0.0015598752099747583,0.002879769618430886,-5.545829156504082,0.50671839379656,-2.693005031396065,-0.4175832980051643,-0.6764256449246105,-0.7919838739352767,-0.15833664760527627,0.1728155501358029,-0.1296362836459314,0.03638800000000009,-0.19608000000000003,-0.9139689999999999,0.08993099999999998,0.061298000000000075,-0.911426,0.053542999999999896,0.2573780000000001,0.002542999999999962,0.9597629406356686,0.9660056399066395,double,-0.911426
375,3.125,jog,0.16488659546384507,-0.19812792511698812,0.03048121924878073,-0.023310853562045562,0.37883426364310213,0.6675307564386569,-0.01260050402016353,-0.026881075243010203,0.0016800672026881377,-0.004320172806876667,0.0003600144005730556,0.0025201008040322066,2.6950665729418013,-0.9532149165742605,1.0515968690490445,-1.5121209672583278,-0.33157382558989934,0.07202131234566865,-0.04326048020090191,0.23039596910450394,-0.04316198420721019,0.03490899999999986,-0.1946530000000002,-0.914209,0.08852100000000007,0.0629519999999999,-0.911659,0.053612000000000215,0.2576050000000001,0.0025500000000000522,0.950441181590063,0.9661426327390505,double,-0.911659
376,3.133333,jog,0.15360614424576496,-0.17256690267611466,0.048001920076798224,-0.12485631565230096,0.39728215715710236,0.5664817068818552,-0.030001200047985566,-0.019560782431287015,0.005160206408256126,-0.004800192007711798,0.0022800912036471162,0.0015600624024960088,-1.3537082945014052,3.0674453907204726,2.102568202090202,-2.0881670500206644,0.8784702762178392,0.41763341000456256,-0.05760460828454768,0.23041843310621363,-0.11520921655300691,0.03337900000000005,-0.19337800000000005,-0.914566,0.08720099999999986,0.06440899999999994,-0.912046,0.053821999999999814,0.257787,0.0025199999999999667,0.9396923640402532,0.9655692461624303,double,-0.912046
377,3.141667,jog,0.13642908567313833,-0.1979841612671153,0.0533957283417357,-0.3082199526765093,0.2567581379030002,0.36982413842267026,-0.027717782577378024,-0.03335733141348672,0.000839932805375571,-0.005639548836082057,0.0040796736261072995,0.0020398368130548987,-2.061082142143809,-3.0498270447564724,0.647205215375262,0.27398817741870946,-1.655453441588625,-0.5183913610367796,-0.10071476222345244,0.21593261608593348,0.05756832380116226,0.032011000000000234,-0.1920059999999999,-0.915004,0.08601700000000001,0.06609300000000007,-0.912474,0.054005999999999776,0.25809899999999997,0.0025300000000000322,0.9277025335246123,0.9626113020880838,double,-0.912474
378,3.15,jog,0.1285251410056467,-0.1790471618864563,0.034081363254524606,0.01829693065135307,0.4857428929647999,0.40939867074221964,-0.02496099843996279,-0.030721228849158323,0.0037201488059522454,-0.006360254410159511,0.004080163206525717,0.0006000240009598112,-0.9485113005510277,2.272530826912176,-2.3178165231262775,0.33082732958301436,0.31634496151787134,0.3456397456590305,-0.08648812841443178,5.875200029011695e-05,-0.17278444882936525,0.03073199999999998,-0.1907700000000001,-0.915257,0.08489300000000011,0.06761899999999987,-0.912753,0.054161000000000126,0.258389,0.0025039999999999507,0.9337369540672973,0.9623262052903545,double,-0.912753
379,3.158333,jog,0.12792511700465609,-0.17364694587783383,0.04380175207009037,-0.08520183142677722,0.5655267429302492,0.5150964600587554,-0.024720988839545224,-0.029761190447621294,0.019920796831873394,-0.008400336013442354,0.005520220808844586,0.0009600384015361976,-0.07200576034928675,0.6480518431084276,1.1664933176006065,0.02880230414227384,0.11520921655310667,1.944155529331729,-0.24481958517735058,0.17281382483125912,0.04320345620741506,0.029460000000000264,-0.18957100000000016,-0.915456,0.0837570000000003,0.06911199999999995,-0.9131100000000001,0.05429700000000004,0.2586830000000001,0.0023459999999999592,0.9274723444991636,0.9597107796568025,double,-0.9131100000000001
380,3.166667,jog,0.13666906647470775,-0.23458123350133622,0.031677465802727255,0.12966044000098287,-0.1222670032443672,0.6814378958432941,-0.027237820974345756,-0.01667866570673004,0.0027597792176628283,-0.007919366450671823,0.005279577633781215,0.0013198944084473853,1.0491900012060953,-7.311529592452835,-1.4547979682461032,-0.3019956965203399,1.569777386716001,-2.0591573811147628,0.05771173059401576,-0.02887487101792291,0.04317926648802316,0.02809399999999984,-0.1877549999999999,-0.915697,0.08255200000000018,0.07111100000000004,-0.9133629999999999,0.05445800000000034,0.25886599999999993,0.0023340000000000583,0.9465705771206953,0.9606450394404518,double,-0.9133629999999999
381,3.175,jog,0.10236409456380925,-0.1724468978759059,0.0038401536061481215,0.05259034924505669,0.43297901083262946,0.43000095087175627,-0.02064082563303283,-0.0007200288011461112,0.0019200768030719789,-0.008160326413078081,0.005640225609026723,0.0001200048001921288,-4.1167612997598475,7.45641853179298,-3.340611088033048,0.7916711078018706,1.9151130331914166,-0.1007683204837222,-0.028916352142836912,0.04327948820898972,-0.14399251269113975,0.027068999999999566,-0.18632399999999993,-0.915713,0.08163099999999979,0.07259499999999997,-0.913394,0.05456200000000022,0.2589189999999999,0.00231899999999996,0.9654292665837514,0.9602757364810751,double,-0.913394
382,3.183333,jog,0.0962438497539556,-0.17928717148686432,0.005400216008635515,0.0945800411694686,0.6909172897819368,0.3024960568303305,-0.011400456018234974,-0.0019200768030739584,-0.005160206408255851,-0.008520340813650683,0.006360254410172495,0.001200048001919975,-0.7344587555326273,-0.8208656679416931,0.1872149768975549,1.1088887093240667,-0.144011520692163,-0.8496679720781852,-0.04320345620695857,0.08640691241398542,0.1296103686220807,0.026171999999999862,-0.18484599999999984,-0.915801,0.08075799999999989,0.07414200000000004,-0.9134289999999999,0.05458600000000002,0.2589879999999999,0.0023720000000000407,0.9788993929438816,0.9584467321691397,double,-0.9134289999999999
383,3.191667,jog,0.09347252219823864,-0.17470602351811473,0.012838972882179523,0.11100929887865615,0.5212423843059368,0.29306846831424505,-0.006119510439167936,0.0009599232061445124,-0.004559635229182271,-0.00815934725218839,0.006599472042240192,-0.00011999040076806405,-0.3325327040697251,0.5496937807475158,0.8925794184718439,0.6336627764659561,0.34557235531780683,0.07206277646671555,0.04331576211450786,0.028703819542561508,-0.15839193696761453,0.025341999999999754,-0.18338199999999993,-0.915946,0.07991100000000007,0.07565299999999997,-0.913537,0.05456900000000031,0.2590349999999999,0.0024089999999999945,0.9871807291332346,0.9584185436320105,double,-0.913537
384,3.2,jog,0.09780391215645652,-0.19008760350413537,-0.020880835233409313,0.2640134111343697,0.27165288265046295,0.5098828071669281,-0.002760110404375515,0.005760230409195229,-0.003960158406335876,-0.00888035521422372,0.006720268810745531,0.0006000240009601957,0.5197875864895828,-1.8458634328597088,-4.046538835423898,0.4031441299402704,0.576059906762331,0.07194009634541804,-0.08652441642089251,0.014496192068322833,0.08640518441476394,0.024504000000000303,-0.18175000000000008,-0.9158050000000001,0.07902200000000015,0.07729299999999995,-0.913358,0.054517999999999844,0.259043,0.002447000000000088,0.9874743243235442,0.9569421641910931,double,-0.913358
385,3.208333,jog,0.09888395535823419,-0.2002880115204531,0.0055202208088312625,0.3193593923453291,0.2626396406108164,0.4787028023460001,-0.0020400816032828434,0.005880235209430965,-0.0025201008040322066,-0.008880355214224192,0.006600264010563753,0.0008400336013440688,0.12961036862806632,-1.2240979258751759,3.168253455207106,0.08640691240761768,0.014401152074371442,0.17281382482943503,-5.662363920145156e-14,-0.014401152067896258,0.028802304138230574,0.02366299999999999,-0.18003199999999997,-0.915872,0.07812399999999986,0.07901699999999989,-0.913397,0.05446099999999987,0.25904899999999986,0.002475000000000005,0.9888084844725062,0.9567560182317982,double,-0.913397
386,3.216667,jog,0.10919126469884587,-0.1869450443964673,-0.022438204943610127,0.20495297457701728,0.5976389916185135,0.4782006381102528,-0.0010799136069025276,0.008399328053730731,-0.0022798176145905976,-0.00899928005757435,0.008399328053757375,-0.0010799136069116863,1.2367781786191023,1.6010279726404733,-3.354742710876071,0.1152109426902218,0.3022669599591729,0.02883167619889696,-0.01426983961484969,0.21587041554998898,-0.2303752349718911,0.022743999999999875,-0.178404,-0.915704,0.07713899999999985,0.08064500000000008,-0.913219,0.05439499999999997,0.2590490000000001,0.0024849999999999595,0.9853833719585878,0.9545545604624819,double,-0.913219
387,3.225,jog,0.14232569302768489,-0.1458058322332866,-0.04644185767431054,0.11123326103876734,0.9708129437661356,0.3652939536762109,-0.001680067202709788,0.008520340813651137,-0.0013200528021121676,-0.008880355214224192,0.005280211208453667,0.0,3.976290451078762,4.936902935699157,-2.880553549826069,-0.07202131234936586,0.014522112074931889,0.11517638455279475,0.014271552064101682,-0.37430899379620025,0.12959481662206843,0.021544000000000008,-0.1771179999999999,-0.9153279999999999,0.07587900000000003,0.08190400000000009,-0.912832,0.05433500000000002,0.259022,0.0024959999999999427,0.9853597422621774,0.9578207166286135,double,-0.912832
=======
=======
>>>>>>> 3b0d06690e55fb02323d988053aa126fb7c3a6e7
368,3.066667,stand,0.2270218382529507,-0.2411807055435756,0.04175665946724632,-0.15361748592982322,0.1702508659131561,0.7571191616872524,0.08123350131990276,0.02207823374129714,-0.044396448284139155,0.001079913606902585,-0.0022798176145898863,0.008639308855291869,-1.7599987201509486,2.379377834657433,0.01379815222260021,-7.37367483902132,2.9947622925257043,7.445141527018198,-0.08641209455434636,-0.35995277366643824,0.33106235251785765,0.04576000000000002,-0.207986,-0.91147,0.09971700000000006,0.050244999999999984,-0.909289,0.05395700000000003,0.258231,0.0021809999999999885,0.8413829317535797,0.9631898667365835,double,-0.909289
369,3.075,stand,0.23100924036959913,-0.25117004680184907,0.07212288491538896,-0.5106386400207903,0.1382310096966616,0.7750773451874593,0.015600624024955927,0.07920316812673417,-0.05256210248409715,0.00024000960036425997,-0.0021600864034515416,0.0055202208088322175,0.47850739429356365,-1.1987689017488334,3.644092817489655,-7.876260325806303,6.8552663369056175,-0.9799177007029444,-0.10079251248509397,0.014368320069403511,-0.3743055377966535,0.04396500000000003,-0.205233,-0.912509,0.09779399999999994,0.05231999999999992,-0.909844,0.053828999999999905,0.2575529999999999,0.0026650000000000285,0.8394514963491607,0.9634622388141103,double,-0.909844
370,3.083333,stand,0.18660746429859706,-0.21228849153967932,0.08700348013920345,-0.5327134595830793,0.15174763204266165,0.5795270021561568,0.011280451218026798,0.024240969638763384,0.02280091203648157,0.0013200528021367324,-0.003600144005757202,0.006360254410176165,-5.32842626557092,4.665973270391228,1.7857428565720181,-0.5184414744904797,-6.595727647662461,9.043923499409505,0.12961036862744296,-0.17281382482967403,0.10080806448385395,0.04250399999999965,-0.20326200000000005,-0.913044,0.09624999999999995,0.05405900000000008,-0.910516,0.053746000000000294,0.25732100000000013,0.0025279999999999747,0.9414348705759253,0.962342106126828,double,-0.910516
371,3.091667,stand,0.24922006239499264,-0.2613390928725698,-0.03791696664266625,0.5348325267013495,0.07034640661187452,1.1387716523867188,0.008639308855326794,0.022078233741322607,-0.0005999520038394556,-0.0007199424046016851,-0.005639548836095379,0.0046796256299496694,7.512910738708316,-5.885601311841864,-14.989254473466373,-0.3169117305855513,-0.2595075470891241,-2.8078790545141405,-0.2447798424212145,-0.24470900292034575,-0.2016593208815074,0.04049900000000006,-0.20089999999999986,-0.912733,0.09416700000000011,0.05619000000000007,-0.910161,0.05366800000000005,0.25708999999999993,0.0025720000000000187,0.9604734264828951,0.9620074330113042,double,-0.910161
372,3.1,stand,0.16968678747150356,-0.23760950438016187,0.09660386415457374,-0.6266752269080059,0.2068875126702908,0.5385167747971668,0.0039601584063036115,-0.0012000480019279496,0.005400216008640383,-0.0009600384015636768,-0.004680187207489692,0.003840153606144374,-9.544374765809408,2.8476645256700026,16.143145421485805,-0.5615205147033752,-2.793505549412069,0.7200489634561255,-0.02881267214232497,0.11512800055270563,-0.1007406724835357,0.039117999999999764,-0.19893000000000005,-0.913493,0.09274499999999986,0.05813099999999993,-0.910934,0.05362700000000009,0.257061,0.002558999999999978,0.9886611162182313,0.9641939171253782,double,-0.910934
373,3.108333,stand,0.1886475459018266,-0.19440777631107545,0.0441617664706501,-0.10459212005735379,0.3100806890947408,0.6714407784792764,0.003480139205575066,-0.01848073922956785,0.007680307212288332,-0.002640105604220172,-0.0030001200048065508,0.003960158406336086,2.2753820269198637,5.184414744880214,-6.293303454209063,-0.05760460827175688,-2.0737658979527254,0.2736218893133289,-0.20161612896393982,0.20161612896713746,0.014401152069088373,0.037574999999999914,-0.19746399999999986,-0.913797,0.09115099999999998,0.05972600000000006,-0.911269,0.05357600000000007,0.2571899999999999,0.0025279999999999747,0.9661442516682668,0.9653430583865483,double,-0.911269
374,3.116667,stand,0.14242860571152124,-0.19018478521717488,0.02171826253899512,-0.08799143393484268,0.4526364922888778,0.4407727719034519,0.0,-0.024118070554369597,0.0010799136069116863,-0.0039596832253625544,-0.0015598752099747583,0.002879769618430886,-5.545829156504082,0.50671839379656,-2.693005031396065,-0.4175832980051643,-0.6764256449246105,-0.7919838739352767,-0.15833664760527627,0.1728155501358029,-0.1296362836459314,0.03638800000000009,-0.19608000000000003,-0.9139689999999999,0.08993099999999998,0.061298000000000075,-0.911426,0.053542999999999896,0.2573780000000001,0.002542999999999962,0.9597629406356686,0.9660056399066395,double,-0.911426
375,3.125,stand,0.16488659546384507,-0.19812792511698812,0.03048121924878073,-0.023310853562045562,0.37883426364310213,0.6675307564386569,-0.01260050402016353,-0.026881075243010203,0.0016800672026881377,-0.004320172806876667,0.0003600144005730556,0.0025201008040322066,2.6950665729418013,-0.9532149165742605,1.0515968690490445,-1.5121209672583278,-0.33157382558989934,0.07202131234566865,-0.04326048020090191,0.23039596910450394,-0.04316198420721019,0.03490899999999986,-0.1946530000000002,-0.914209,0.08852100000000007,0.0629519999999999,-0.911659,0.053612000000000215,0.2576050000000001,0.0025500000000000522,0.950441181590063,0.9661426327390505,double,-0.911659
376,3.133333,stand,0.15360614424576496,-0.17256690267611466,0.048001920076798224,-0.12485631565230096,0.39728215715710236,0.5664817068818552,-0.030001200047985566,-0.019560782431287015,0.005160206408256126,-0.004800192007711798,0.0022800912036471162,0.0015600624024960088,-1.3537082945014052,3.0674453907204726,2.102568202090202,-2.0881670500206644,0.8784702762178392,0.41763341000456256,-0.05760460828454768,0.23041843310621363,-0.11520921655300691,0.03337900000000005,-0.19337800000000005,-0.914566,0.08720099999999986,0.06440899999999994,-0.912046,0.053821999999999814,0.257787,0.0025199999999999667,0.9396923640402532,0.9655692461624303,double,-0.912046
377,3.141667,stand,0.13642908567313833,-0.1979841612671153,0.0533957283417357,-0.3082199526765093,0.2567581379030002,0.36982413842267026,-0.027717782577378024,-0.03335733141348672,0.000839932805375571,-0.005639548836082057,0.0040796736261072995,0.0020398368130548987,-2.061082142143809,-3.0498270447564724,0.647205215375262,0.27398817741870946,-1.655453441588625,-0.5183913610367796,-0.10071476222345244,0.21593261608593348,0.05756832380116226,0.032011000000000234,-0.1920059999999999,-0.915004,0.08601700000000001,0.06609300000000007,-0.912474,0.054005999999999776,0.25809899999999997,0.0025300000000000322,0.9277025335246123,0.9626113020880838,double,-0.912474
378,3.15,stand,0.1285251410056467,-0.1790471618864563,0.034081363254524606,0.01829693065135307,0.4857428929647999,0.40939867074221964,-0.02496099843996279,-0.030721228849158323,0.0037201488059522454,-0.006360254410159511,0.004080163206525717,0.0006000240009598112,-0.9485113005510277,2.272530826912176,-2.3178165231262775,0.33082732958301436,0.31634496151787134,0.3456397456590305,-0.08648812841443178,5.875200029011695e-05,-0.17278444882936525,0.03073199999999998,-0.1907700000000001,-0.915257,0.08489300000000011,0.06761899999999987,-0.912753,0.054161000000000126,0.258389,0.0025039999999999507,0.9337369540672973,0.9623262052903545,double,-0.912753
379,3.158333,stand,0.12792511700465609,-0.17364694587783383,0.04380175207009037,-0.08520183142677722,0.5655267429302492,0.5150964600587554,-0.024720988839545224,-0.029761190447621294,0.019920796831873394,-0.008400336013442354,0.005520220808844586,0.0009600384015361976,-0.07200576034928675,0.6480518431084276,1.1664933176006065,0.02880230414227384,0.11520921655310667,1.944155529331729,-0.24481958517735058,0.17281382483125912,0.04320345620741506,0.029460000000000264,-0.18957100000000016,-0.915456,0.0837570000000003,0.06911199999999995,-0.9131100000000001,0.05429700000000004,0.2586830000000001,0.0023459999999999592,0.9274723444991636,0.9597107796568025,double,-0.9131100000000001
380,3.166667,stand,0.13666906647470775,-0.23458123350133622,0.031677465802727255,0.12966044000098287,-0.1222670032443672,0.6814378958432941,-0.027237820974345756,-0.01667866570673004,0.0027597792176628283,-0.007919366450671823,0.005279577633781215,0.0013198944084473853,1.0491900012060953,-7.311529592452835,-1.4547979682461032,-0.3019956965203399,1.569777386716001,-2.0591573811147628,0.05771173059401576,-0.02887487101792291,0.04317926648802316,0.02809399999999984,-0.1877549999999999,-0.915697,0.08255200000000018,0.07111100000000004,-0.9133629999999999,0.05445800000000034,0.25886599999999993,0.0023340000000000583,0.9465705771206953,0.9606450394404518,double,-0.9133629999999999
381,3.175,stand,0.10236409456380925,-0.1724468978759059,0.0038401536061481215,0.05259034924505669,0.43297901083262946,0.43000095087175627,-0.02064082563303283,-0.0007200288011461112,0.0019200768030719789,-0.008160326413078081,0.005640225609026723,0.0001200048001921288,-4.1167612997598475,7.45641853179298,-3.340611088033048,0.7916711078018706,1.9151130331914166,-0.1007683204837222,-0.028916352142836912,0.04327948820898972,-0.14399251269113975,0.027068999999999566,-0.18632399999999993,-0.915713,0.08163099999999979,0.07259499999999997,-0.913394,0.05456200000000022,0.2589189999999999,0.00231899999999996,0.9654292665837514,0.9602757364810751,double,-0.913394
382,3.183333,stand,0.0962438497539556,-0.17928717148686432,0.005400216008635515,0.0945800411694686,0.6909172897819368,0.3024960568303305,-0.011400456018234974,-0.0019200768030739584,-0.005160206408255851,-0.008520340813650683,0.006360254410172495,0.001200048001919975,-0.7344587555326273,-0.8208656679416931,0.1872149768975549,1.1088887093240667,-0.144011520692163,-0.8496679720781852,-0.04320345620695857,0.08640691241398542,0.1296103686220807,0.026171999999999862,-0.18484599999999984,-0.915801,0.08075799999999989,0.07414200000000004,-0.9134289999999999,0.05458600000000002,0.2589879999999999,0.0023720000000000407,0.9788993929438816,0.9584467321691397,double,-0.9134289999999999
383,3.191667,stand,0.09347252219823864,-0.17470602351811473,0.012838972882179523,0.11100929887865615,0.5212423843059368,0.29306846831424505,-0.006119510439167936,0.0009599232061445124,-0.004559635229182271,-0.00815934725218839,0.006599472042240192,-0.00011999040076806405,-0.3325327040697251,0.5496937807475158,0.8925794184718439,0.6336627764659561,0.34557235531780683,0.07206277646671555,0.04331576211450786,0.028703819542561508,-0.15839193696761453,0.025341999999999754,-0.18338199999999993,-0.915946,0.07991100000000007,0.07565299999999997,-0.913537,0.05456900000000031,0.2590349999999999,0.0024089999999999945,0.9871807291332346,0.9584185436320105,double,-0.913537
384,3.2,stand,0.09780391215645652,-0.19008760350413537,-0.020880835233409313,0.2640134111343697,0.27165288265046295,0.5098828071669281,-0.002760110404375515,0.005760230409195229,-0.003960158406335876,-0.00888035521422372,0.006720268810745531,0.0006000240009601957,0.5197875864895828,-1.8458634328597088,-4.046538835423898,0.4031441299402704,0.576059906762331,0.07194009634541804,-0.08652441642089251,0.014496192068322833,0.08640518441476394,0.024504000000000303,-0.18175000000000008,-0.9158050000000001,0.07902200000000015,0.07729299999999995,-0.913358,0.054517999999999844,0.259043,0.002447000000000088,0.9874743243235442,0.9569421641910931,double,-0.913358
385,3.208333,stand,0.09888395535823419,-0.2002880115204531,0.0055202208088312625,0.3193593923453291,0.2626396406108164,0.4787028023460001,-0.0020400816032828434,0.005880235209430965,-0.0025201008040322066,-0.008880355214224192,0.006600264010563753,0.0008400336013440688,0.12961036862806632,-1.2240979258751759,3.168253455207106,0.08640691240761768,0.014401152074371442,0.17281382482943503,-5.662363920145156e-14,-0.014401152067896258,0.028802304138230574,0.02366299999999999,-0.18003199999999997,-0.915872,0.07812399999999986,0.07901699999999989,-0.913397,0.05446099999999987,0.25904899999999986,0.002475000000000005,0.9888084844725062,0.9567560182317982,double,-0.913397
386,3.216667,stand,0.10919126469884587,-0.1869450443964673,-0.022438204943610127,0.20495297457701728,0.5976389916185135,0.4782006381102528,-0.0010799136069025276,0.008399328053730731,-0.0022798176145905976,-0.00899928005757435,0.008399328053757375,-0.0010799136069116863,1.2367781786191023,1.6010279726404733,-3.354742710876071,0.1152109426902218,0.3022669599591729,0.02883167619889696,-0.01426983961484969,0.21587041554998898,-0.2303752349718911,0.022743999999999875,-0.178404,-0.915704,0.07713899999999985,0.08064500000000008,-0.913219,0.05439499999999997,0.2590490000000001,0.0024849999999999595,0.9853833719585878,0.9545545604624819,double,-0.913219
387,3.225,stand,0.14232569302768489,-0.1458058322332866,-0.04644185767431054,0.11123326103876734,0.9708129437661356,0.3652939536762109,-0.001680067202709788,0.008520340813651137,-0.0013200528021121676,-0.008880355214224192,0.005280211208453667,0.0,3.976290451078762,4.936902935699157,-2.880553549826069,-0.07202131234936586,0.014522112074931889,0.11517638455279475,0.014271552064101682,-0.37430899379620025,0.12959481662206843,0.021544000000000008,-0.1771179999999999,-0.9153279999999999,0.07587900000000003,0.08190400000000009,-0.912832,0.05433500000000002,0.259022,0.0024959999999999427,0.9853597422621774,0.9578207166286135,double,-0.912832
<<<<<<< HEAD
>>>>>>> 3b0d06690e55fb02323d988053aa126fb7c3a6e7
=======
>>>>>>> 3b0d06690e55fb02323d988053aa126fb7c3a6e7
