frame_id,timestamp,gait_type,root_linear_velocity_x,root_linear_velocity_y,root_linear_velocity_z,root_angular_velocity_x,root_angular_velocity_y,root_angular_velocity_z,left_linear_velocity_x,left_linear_velocity_y,left_linear_velocity_z,right_linear_velocity_x,right_linear_velocity_y,right_linear_velocity_z,root_acceleration_x,root_acceleration_y,root_acceleration_z,left_acceleration_x,left_acceleration_y,left_acceleration_z,right_acceleration_x,right_acceleration_y,right_acceleration_z,left_pos_rel_x,left_pos_rel_y,left_pos_rel_z,right_pos_rel_x,right_pos_rel_y,right_pos_rel_z,step_length,step_width,step_height,left_contact_prob,right_contact_prob,support_type,max_foot_height
<<<<<<< HEAD
1,0.008333,jog,-0.07908316332652889,0.05016200648026275,0.02088083523339691,-0.06143954020372156,-0.10558211602648399,0.16426251900226946,0.007440297611905255,0.00816032641305136,0.009600384015361056,0.0014400576022922092,0.001200048001901292,0.0057602304092163005,0.0,0.0,0.0,0.0,0.0,0.0,0.0,0.0,0.0,0.003926000000000096,0.09565899999999994,-0.903497,0.10459299999999994,-0.1540220000000001,-0.906534,0.10066699999999984,0.24968100000000004,0.0030369999999999564,0.9452421427662324,0.9899040525908155,double,-0.903497
2,0.016667,jog,-0.09539236861049664,0.0719942404607552,-0.0009599232061311468,-0.002728133398094664,-0.2104969292841814,0.03400758399704791,0.010079193664503596,0.008519318454515505,0.009479241660667466,0.0015598752099880916,0.0015598752099880916,0.007919366450683538,-1.9569480782298725,2.6196585049786956,-2.620681358234708,0.31664219493620605,0.04307559892778321,-0.014535919689655613,0.014376962766484576,0.0431758109055435,0.25907559892815424,0.004804999999999948,0.09512999999999994,-0.90341,0.10540099999999986,-0.154609,-0.90646,0.10059599999999991,0.24973899999999993,0.003049999999999997,0.9424185921547359,0.9862985416103003,double,-0.90341
3,0.025,jog,-0.11340453618147074,0.04212168486739352,0.021120844833787827,0.11335726070473653,-0.016055039693762905,0.21699456140021267,0.01272050882034555,0.008760350414041976,0.010800432017280667,0.0006000240009639692,0.002400096003855877,0.008160326413056355,-2.161546570379707,-3.58485006520601,2.6497981567165456,0.3169704975209353,0.028924992142862278,0.15854918476097452,-0.1151867525529968,0.10083052848527366,0.028916352138823653,0.005856000000000083,0.09485200000000016,-0.903496,0.10635100000000008,-0.15493999999999986,-0.906568,0.100495,0.24979200000000001,0.0030720000000000747,0.9378685541126064,0.9857881683879355,double,-0.903496
=======
1,0.008333,stand,-0.07908316332652889,0.05016200648026275,0.02088083523339691,-0.06143954020372156,-0.10558211602648399,0.16426251900226946,0.007440297611905255,0.00816032641305136,0.009600384015361056,0.0014400576022922092,0.001200048001901292,0.0057602304092163005,0.0,0.0,0.0,0.0,0.0,0.0,0.0,0.0,0.0,0.003926000000000096,0.09565899999999994,-0.903497,0.10459299999999994,-0.1540220000000001,-0.906534,0.10066699999999984,0.24968100000000004,0.0030369999999999564,0.9452421427662324,0.9899040525908155,double,-0.903497
2,0.016667,stand,-0.09539236861049664,0.0719942404607552,-0.0009599232061311468,-0.002728133398094664,-0.2104969292841814,0.03400758399704791,0.010079193664503596,0.008519318454515505,0.009479241660667466,0.0015598752099880916,0.0015598752099880916,0.007919366450683538,-1.9569480782298725,2.6196585049786956,-2.620681358234708,0.31664219493620605,0.04307559892778321,-0.014535919689655613,0.014376962766484576,0.0431758109055435,0.25907559892815424,0.004804999999999948,0.09512999999999994,-0.90341,0.10540099999999986,-0.154609,-0.90646,0.10059599999999991,0.24973899999999993,0.003049999999999997,0.9424185921547359,0.9862985416103003,double,-0.90341
3,0.025,stand,-0.11340453618147074,0.04212168486739352,0.021120844833787827,0.11335726070473653,-0.016055039693762905,0.21699456140021267,0.01272050882034555,0.008760350414041976,0.010800432017280667,0.0006000240009639692,0.002400096003855877,0.008160326413056355,-2.161546570379707,-3.58485006520601,2.6497981567165456,0.3169704975209353,0.028924992142862278,0.15854918476097452,-0.1151867525529968,0.10083052848527366,0.028916352138823653,0.005856000000000083,0.09485200000000016,-0.903496,0.10635100000000008,-0.15493999999999986,-0.906568,0.100495,0.24979200000000001,0.0030720000000000747,0.9378685541126064,0.9857881683879355,double,-0.903496
>>>>>>> 3b0d06690e55fb02323d988053aa126fb7c3a6e7
4,0.033333,jog,-0.05868234729388716,0.11580463218529997,-0.024360974438971946,0.15817612149789545,-0.2536976219029616,0.33535567687886136,0.01764070562823944,0.006240249609977317,0.01632065282611271,0.003240129605184117,0.0037201488059393044,0.008760350414016994,6.566925343523771,8.842307370443592,-5.4580366341965405,0.5904472348366602,-0.30242419345549737,0.6624529951796525,0.3168253455202385,0.15841267275692156,0.07200576034569049,0.006492000000000164,0.093939,-0.9031570000000001,0.10686700000000005,-0.15587400000000007,-0.9062920000000001,0.10037499999999988,0.24981300000000006,0.003134999999999999,0.9272676728902193,0.9832434352521923,double,-0.9031570000000001
5,0.041667,jog,-0.07823374130068092,0.09911207103431645,-0.005279577633794576,0.02791593123693871,-0.2552354347327433,0.15499570426746556,0.02027837772976526,0.011639068874491688,0.019318454523638277,0.002039836813047004,0.005999520038409588,0.009359251259899408,-2.345979602447055,-2.0029471023498346,2.289584449865295,0.3164953325564938,0.6478064872227467,0.3597074271088992,-0.14402361316740012,0.2735026676830194,0.07186235251768824,0.007312999999999903,0.09321000000000002,-0.902952,0.10753599999999985,-0.15664999999999996,-0.90617,0.10022299999999995,0.24985999999999997,0.003218000000000054,0.9172707057748446,0.9811621864428464,double,-0.902952
6,0.05,jog,-0.09864394575784237,0.1002040081603167,-0.002160086403451637,0.14425254204942176,-0.26731331871466646,0.003880663103106227,0.01788071522860371,0.00540021600862243,0.014880595223808845,0.0027601104044289292,0.003960158406330221,0.008520340813631906,-2.449322507759684,0.13103769662789547,0.3743539217980246,-0.287731009379761,-0.7486922915959747,-0.5325644185562741,0.08643628841736772,-0.24473318517693113,-0.10067328048331958,0.008283999999999958,0.09241999999999995,-0.90281,0.10838100000000006,-0.15745199999999993,-0.906081,0.1000970000000001,0.24987199999999987,0.003271000000000024,0.9274879054068395,0.9836788079455381,double,-0.90281
7,0.058333,jog,-0.0816032641305669,0.11076443057722395,-0.014760590423628376,-0.14492587052885972,-0.2775036154944207,-0.0037281821243801607,0.013560542421700437,0.006000240009613046,0.0172806912276489,0.0019200768030740432,0.006240249609977317,0.007320292811713128,2.044963593816809,1.2673013820841528,-1.512120967259899,-0.5184414744873723,0.07200576034928786,0.288023041382462,-0.10080806448516573,0.27362188931322395,-0.144011520691081,0.009077000000000002,0.09154700000000005,-0.902543,0.10907700000000009,-0.158323,-0.905897,0.10000000000000009,0.24987000000000004,0.003353999999999968,0.928508514878677,0.9836518692052387,double,-0.902543
8,0.066667,jog,-0.13174946004320173,0.05075593952484547,0.01559875209984095,0.025660066044892394,0.01764943887168909,0.2733802505027482,0.009599232061444684,0.006959443244527413,0.013558915286777294,0.0013198944084453137,0.007559395248371036,0.006359491240700442,-6.0170621445446155,-7.200442890854148,3.6428296764422035,-0.47531921769327484,0.11509518057527801,-0.4465773867136556,-0.07201612606536231,0.15828481382214057,-0.11528696556427713,0.010255000000000125,0.09118199999999987,-0.90256,0.11018600000000012,-0.15868300000000013,-0.9059740000000001,0.09993099999999999,0.249865,0.003414000000000028,0.9358404096279859,0.9833892850335255,double,-0.90256
9,0.075,jog,-0.11568462738509129,0.09300372014880244,-0.004800192007685112,0.10508522115025758,-0.20361125939055497,0.10400905237193736,0.009000360014406253,0.012720508820372208,0.01788071522860872,0.0020400816032561803,0.007920316812687097,0.00600024000960056,1.9278570332545848,5.069936472333733,-2.4479712117515997,-0.07186752034542557,0.6913555233223089,0.5186367384893111,0.08642592041412063,0.04331232021073569,-0.043111872206874145,0.011294000000000137,0.09051300000000007,-0.902371,0.11116700000000002,-0.15939199999999998,-0.905884,0.09987299999999988,0.24990500000000004,0.0035129999999999884,0.9253402010389389,0.9830937033809154,double,-0.902371
10,0.083333,jog,-0.09264370574822924,0.06312252490099916,0.015360614424579009,-0.1326680895317006,-0.08856729567119376,0.27049551893334167,0.007440297611905249,0.01956078243128682,0.018720748829953584,0.0016800672026831248,0.017280691227639727,-0.00024000960038425518,2.765021197271335,-3.5858868652109988,2.419393547613597,-0.18721497689919628,0.8208656679364703,0.10080806448396286,-0.043203456207014906,1.1232898613887703,-0.7488599075944811,0.012128000000000139,0.09014999999999995,-0.902343,0.11195299999999997,-0.15977400000000008,-0.906014,0.09982499999999983,0.24992400000000004,0.00367099999999998,0.9164911195933994,0.9710602868151914,double,-0.902343
11,0.091667,jog,-0.133429325653948,0.0674346052315757,-0.00623950083993905,0.04578958361949789,-0.07270692757557184,0.1068798424878581,0.007079433645285487,0.01919846412286274,0.015478761699063747,0.0016798656107728034,0.013318934485237858,0.007079433645307967,-4.89388287805601,0.5174082470094237,-2.591806487223191,-0.043300211977413273,-0.04347471903336717,-0.38900733511997115,-2.4189094111032154e-05,-0.4753727792658834,0.8782629284487914,0.01329899999999995,0.08974799999999994,-0.9021619999999999,0.11307900000000015,-0.16022500000000006,-0.9059029999999999,0.0997800000000002,0.249973,0.0037409999999999943,0.9198280143783168,0.9747053834762198,double,-0.9021619999999999
12,0.1,jog,-0.15348613944558132,0.08640345613825193,-0.010920436817466957,-0.1714627569210842,-0.06996350880133423,0.07630390429529117,0.005640225609039989,0.02340093603746155,0.019080763230529135,0.0009600384015370207,0.014640585623446228,0.004680187207488812,-2.406913931553259,2.2763531629276628,-0.5617347866948162,-0.1727118728243726,0.5043168024239536,0.4322574740748092,-0.08638272041711054,0.15860448076423486,-0.2879210893818736,0.01462500000000011,0.08922300000000005,-0.901912,0.11436600000000019,-0.16082299999999994,-0.9057729999999999,0.09974100000000008,0.250046,0.0038609999999998923,0.9101961560284575,0.9743326529621006,double,-0.901912
13,0.108333,jog,-0.1419656786271373,0.08712348493939817,-0.015480619224774493,-0.1724751179016536,-0.21954378320207674,0.011161174863059066,0.004200168006721142,0.019920796831859905,0.015480619224769497,-0.007080283211332209,0.02664106564261906,-0.040321612864514966,1.3825105986372286,0.08640691241404592,-0.5472437786280498,-0.17281382483125507,-0.4176334100085979,-0.43203456207363977,-0.9648771886318538,1.4401152069090175,-5.400432025921495,0.01584300000000005,0.08866299999999994,-0.901654,0.11549000000000009,-0.161327,-0.90598,0.09964700000000004,0.24998999999999993,0.004326000000000052,0.9141134195704127,0.9185937954022676,double,-0.901654
14,0.116667,jog,-0.15094792416606434,0.07355411567074323,-0.000599952003830301,-0.3174297246923189,0.008038686259942057,0.15932459733216536,0.006479481641468495,0.01859851211904573,0.014158867290616743,0.023038156947440578,0.0415166786657016,-0.017638588912887106,-1.077783242011883,-1.6281940567140545,1.7855372235354185,0.2734957565091614,-0.15866147261989133,-0.1585975442947868,3.6139237051563184,1.7849307683084383,2.721745134584574,0.01715500000000003,0.08820500000000009,-0.9015310000000001,0.11694000000000004,-0.16159400000000002,-0.906122,0.09978500000000001,0.2497990000000001,0.004590999999999901,0.9136630474141008,0.9155818755998872,double,-0.9015310000000001
15,0.125,jog,-0.1698067922716843,0.07680307212288184,-0.017880715228617047,-0.2640749391740821,-0.07771505534766572,0.04842291285564743,0.01068042721708938,0.020160806432250822,0.014640585623424603,0.002280091203647097,0.016320652826102733,0.0003600144005763834,-2.263154698862351,0.38989036987142905,-2.0737745379559294,0.5041336344198835,0.18748281689728716,0.05780851227743437,-2.491067531956498,-3.023644046513727,2.159918794367395,0.01865899999999998,0.08773300000000006,-0.90126,0.11837399999999998,-0.16209800000000008,-0.9059699999999999,0.099715,0.24983100000000014,0.004709999999999992,0.9077189940063595,0.9725281894513391,double,-0.90126
16,0.133333,jog,-0.17448697947918698,0.05904236169446016,-0.012000480019199436,-0.25017262401852525,-0.05408770823523112,0.10586019347575693,0.015000600023992634,0.014400576023028664,0.014160566422657733,-0.003120124805001979,0.018840753630167364,0.004200168006720302,-0.5616449306975495,-2.1313705062308497,0.7056564513881682,0.5184414744873694,-0.6912552993186311,-0.05760460827635541,-0.648051843111613,0.30242419345549376,0.46083686621191833,0.020237999999999978,0.08736100000000002,-0.901042,0.11980199999999996,-0.16243299999999983,-0.905835,0.09956399999999999,0.24979399999999985,0.004792999999999936,0.9101402892302242,0.9674103549405588,double,-0.901042
17,0.141667,jog,-0.18166546676266127,0.07583393328535991,-0.02147828173745256,-0.23988747646732453,0.011181392515959733,0.1239293578453929,0.01967842572594833,0.014998800096010687,0.017518598512118275,0.005279577633781268,0.01835853131747637,0.04391648668106541,-0.8613495660516318,2.0148274047155974,-1.1372452265722517,0.5612941807002287,0.07178114626614161,0.4029316162059695,1.007883661961035,-0.05786204855903488,4.765576994761843,0.021916000000000047,0.08685399999999999,-0.900717,0.12135999999999991,-0.16291200000000017,-0.90529,0.09944399999999987,0.24976600000000015,0.004573000000000049,0.9037420721558489,0.9201813267716883,double,-0.900717
18,0.15,jog,-0.1910476419056806,0.10092403696146272,-0.0522020880835322,-0.3459276616681862,0.08357030010730322,0.2066605547453346,0.019920796831859874,0.005040201608049374,0.010680427217089363,0.003960158406356865,0.011640465618626384,0.036001440057602474,-1.1259060534044558,3.0109328784474734,-3.687004241699222,0.029085696137230874,-1.1950796217402262,-0.8206133799386662,-0.15833664075655846,-0.8062001318672722,-0.9498435885590939,0.023673999999999973,0.08605499999999999,-0.900193,0.12298500000000012,-0.16365600000000002,-0.904555,0.09931100000000015,0.24971100000000002,0.004361999999999977,0.9177826014043848,0.9365946247318317,double,-0.900193
19,0.158333,jog,-0.19536781471258388,0.05676227049081307,-0.02016080643225079,-0.1927385622050505,0.23818714081403075,0.33820272671580465,0.021600864034569643,-0.004200168006721135,0.006360254410176101,-0.045481819272786383,0.030961238449548935,0.03324132965318603,-0.5184414744873723,-5.299623961436412,3.845107602457864,0.201616128970331,-1.108888709320833,-0.5184414744885706,-5.933274652483284,2.3185854831300294,-0.3312264975898762,0.025482000000000005,0.08554700000000004,-0.899972,0.12423399999999996,-0.16387099999999988,-0.90411,0.09875199999999995,0.24941799999999992,0.004137999999999975,0.9204430881841301,0.8928632731324124,double,-0.899972
20,0.166667,jog,-0.18886489080873084,0.07427405807537156,-0.048836093112556496,-0.23232075758059384,0.22812819028936268,0.2941656284267531,0.022318214542838888,-0.007319414446828253,0.0034797216222703644,-0.05567554595632583,0.0370770338372801,0.04319654427645775,0.7802884453867334,2.1012464104341824,-3.440759140905409,0.08607517497831102,-0.37427963044241847,-0.34563628364599636,-1.2231493500767263,0.7338367395885722,1.1945301923772145,0.02724199999999999,0.08486700000000003,-0.899536,0.1253439999999999,-0.16418100000000013,-0.903343,0.09810199999999991,0.24904800000000016,0.003807000000000005,0.9223564050297451,0.8672888025622122,double,-0.899536
21,0.175,jog,-0.19260770430818225,0.08472338893554245,-0.058202328093118795,0.06265928681269663,0.1699790814232675,0.3453748595677937,0.023280931237252847,-0.007440297611905274,-0.0022800912036487664,-0.06744269770790265,0.026761070442827887,0.04860194407776354,-0.4491555861576164,1.25396986201499,-1.1239931573937745,0.11553062455465758,-0.01450656007164543,-0.6912051873177901,-1.4121146947770127,-1.2379651259393065,0.648673923113621,0.029041000000000095,0.08409900000000015,-0.89907,0.12638700000000003,-0.16466399999999992,-0.9024530000000001,0.09734599999999993,0.24876300000000007,0.003383000000000025,0.9252582180877638,0.854447209524215,double,-0.89907
22,0.183333,jog,-0.22320892835713083,0.05184207368294583,-0.06336253450137676,0.07779264980348492,0.27442001379819303,0.40858256445586805,0.021000840033605674,-0.006720268810759145,-0.0038401536061447522,-0.08928357134283635,0.0368414736589532,0.05844233769350785,-3.6722937776249314,-3.9459156669382685,-0.6192495389725139,-0.2736218893132331,0.08640691241403194,-0.1872149768985941,-2.621009676579105,1.2096967738059885,1.1808944696681032,0.031076000000000104,0.0836110000000001,-0.8985740000000001,0.12750300000000014,-0.16478899999999985,-0.9014380000000001,0.09642700000000004,0.24839999999999995,0.0028639999999999777,0.9340570333796381,0.8118484865255848,double,-0.8985740000000001
23,0.191667,jog,-0.2272618190544829,0.04931605471564205,-0.08951283897288502,0.2546004653574677,0.0785822634907274,0.44049619505478527,0.023158147348198647,-0.0038396928245778704,-0.007079433645307122,-0.09143268538518727,0.013078953683695058,0.08315334773218125,-0.4863079790439242,-0.3030980282341942,-3.1377855137398893,0.258856169257616,0.3456414670243907,-0.38868251009867616,-0.2578730552376914,-2.851274295087367,2.965083997920971,0.033163000000000054,0.08316799999999991,-0.897887,0.12863500000000005,-0.1650910000000001,-0.899999,0.095472,0.248259,0.0021120000000000028,0.93801567807412,0.7928669628711756,double,-0.897887
24,0.2,jog,-0.23544941797669452,0.02856114244569306,-0.0955238209528403,0.16863295301603023,0.29865224484319997,0.5006318436094139,0.018000720028812478,-0.0008400336013548856,-0.00444017760710539,-0.09648385935437732,0.021000840033605674,0.07980319212768491,-0.9825511727123033,-2.490689099957875,-0.7213466914622917,-0.6189160349677385,0.35997350572698694,0.3167233935199484,-0.6061651229077223,0.9506643885648156,-0.4020347539297171,0.035274999999999945,0.08292299999999986,-0.897128,0.12979299999999983,-0.16515400000000002,-0.8985380000000001,0.09451799999999988,0.24807699999999988,0.0014100000000000223,0.954967872006703,0.788400798994626,double,-0.897128
25,0.208333,jog,-0.24084963398537107,0.02952118084723018,-0.11100444017760182,0.1608935803203399,0.2390223525668258,0.44804885865345667,0.0213608544341788,0.016800672026884594,-0.012840513620544372,-0.10944437777511415,0.06156246249849837,0.09720388815552625,-0.6480518431149116,0.11520921655311674,-1.857748616916063,0.4032322579342769,2.1169693541629093,-1.0080806448384738,-1.5553244234653614,4.86758939936311,2.088167050022966,0.03746000000000005,0.08281699999999992,-0.89631,0.1308879999999999,-0.164887,-0.896803,0.09342799999999984,0.24770399999999992,0.0004929999999999657,0.9449748828961759,0.7353377178783992,double,-0.89631
26,0.216667,jog,-0.2407007439404788,0.03479721622269032,-0.13030957523398493,0.09137332770718745,0.13761578858162635,0.40143302933570907,0.005879529637624873,-0.010319174466046365,-0.005279577633789576,-0.12910967122628436,0.05891528677706008,0.15010799136069042,0.01786537615697973,0.6330735991672832,-2.316430892294587,-1.8576103667571289,-3.2541212494517557,0.9072397392314362,-2.359646442425029,-0.31763567571853735,6.347984545856026,0.03951499999999997,0.08244099999999999,-0.8952680000000001,0.131818,-0.1646859999999999,-0.894466,0.09230300000000002,0.24712699999999987,0.0008020000000000804,0.9783379382834859,0.6476903638144365,double,-0.894466
27,0.225,jog,-0.26101044041762106,-0.0033601344053662495,-0.09468378735149874,0.11801504353744445,0.15637749056970518,0.40875082364860504,0.008640345613833186,-0.002520100804011364,-0.008280331213248476,-0.2082083283331382,0.1420856834273192,0.15180607224288986,-2.437261067699777,-4.5790652379763035,4.2752655565205995,0.33131116959178103,0.9359262764952592,-0.36010483372841684,-9.492218541564116,9.980846831904362,0.20377785697821213,0.04176200000000008,0.08244800000000008,-0.894548,0.132258,-0.16347400000000012,-0.892412,0.09049599999999991,0.2459220000000002,0.0021360000000000268,0.9796168393718163,0.48822030164601266,single,-0.892412
28,0.233333,jog,-0.26149045961837625,0.005160206408258156,-0.0914436577463013,-0.03601410659314453,0.38342600610495153,0.37667441750628844,0.009000360014379592,0.004800192007658457,-0.010560422416896403,-0.20388815552623493,0.15108604344175208,0.2161286451458053,-0.05760460827495356,1.022481796906804,0.38883110586792746,0.043203456203816784,0.8784702762114261,-0.2736218893133235,0.5184414744873723,1.0800864051881527,7.719017509050207,0.04401599999999983,0.08244499999999988,-0.8938740000000001,0.1327379999999998,-0.162258,-0.8898490000000001,0.08872199999999997,0.2447029999999999,0.004024999999999945,0.9755294482352246,0.45975000000000005,single,-0.8898490000000001
29,0.241667,jog,-0.2806575473962199,-0.008519318454515526,-0.0949124070074513,-0.09244704918842624,0.20140709157873435,0.24221029490202883,0.012239020878335342,-0.0035997120230351048,-0.0031197504199661995,-0.26889848812094347,0.14698824094072888,0.29133669306455545,-2.299866544017722,-1.6414116705991977,-0.41621661400888,0.3886082150174895,-1.0079078510551454,0.8928092148944349,-7.800615862096075,-0.4916969643656367,9.024243810745181,0.04645699999999997,0.08248599999999984,-0.8931089999999999,0.13283599999999995,-0.16096200000000005,-0.8866299999999999,0.08637899999999998,0.2434479999999999,0.0064790000000000125,0.978111113842866,0.4352100000000001,single,-0.8866299999999999
30,0.25,jog,-0.2990519620784755,-0.027481099243973902,-0.058682347293887105,-0.20689494992392643,0.5089708115563778,0.2491829916851022,-0.00036001440057305197,-0.017280691227639727,-0.03516140645625841,-0.3232929317172653,0.16392655706227977,0.3171726869074768,-2.207418058593015,-2.2755047149236005,4.347781076870774,-1.5119447112574564,-1.6417831758795884,-3.845152530456281,-6.5275943353320285,2.0326792417557753,3.100443278881714,0.048945999999999934,0.08257099999999995,-0.892913,0.13263399999999992,-0.15936700000000004,-0.883498,0.08368799999999998,0.241938,0.009414999999999951,0.9346999148448774,0.40585,single,-0.883498
31,0.258333,jog,-0.371654866194664,-0.007560302412114056,-0.04896195847833493,-0.2612489492110949,0.05200931122787355,-0.10621161465189378,0.004200168006721149,0.008280331213260163,-0.011160446417857078,-0.44413776551061607,0.258610344413766,0.42253690147605966,-8.712697001822711,2.3905912434729264,1.1664933175989682,0.5472437786264505,3.067445390723623,2.88023041382472,-14.501960133607472,11.36250898253768,12.644211516690643,0.05207800000000007,0.08270300000000019,-0.892598,0.1320300000000001,-0.15714899999999998,-0.879569,0.07995200000000002,0.23985200000000018,0.013028999999999957,0.9758039913454585,0.36971,single,-0.879569
32,0.266667,jog,-0.3072954163666946,-0.03263738900885861,-0.08135349172067036,-0.2448002972072822,0.3114936149737281,0.16891646378339406,0.004919606431480405,-0.0039596832253625805,-0.021478281737460816,-0.497240220782328,0.3017758579313706,0.36561075113990943,7.722516178062072,-3.0090096708356766,-3.886673055235829,0.08632570491471753,-1.4686842378956961,-1.2380411950568428,-6.37178488981424,5.179447266331236,-6.83059159301058,0.05468000000000006,0.08294199999999985,-0.892099,0.1304470000000002,-0.1543620000000001,-0.875844,0.07576700000000014,0.23730399999999996,0.01625500000000002,0.9626875726287838,0.3374499999999999,single,-0.875844
33,0.275,jog,-0.347893915756627,-0.04440177607104043,-0.08448337933516428,-0.016224417150095878,0.25805486635551866,0.07665659712134555,0.004440177607112037,-0.002880115204611053,-0.016800672026881153,-0.5213008520340943,0.23232929317171844,0.3910956438257512,-4.87201480738416,-1.411782918778563,-0.37560153780078154,-0.057533760274614945,0.12955334462396773,0.561335618694305,-2.8873912458617754,-8.333921128003341,3.058309454679185,0.05761600000000011,0.0832879999999998,-0.8915350000000001,0.12900200000000006,-0.1520560000000002,-0.871881,0.07138599999999995,0.235344,0.01965400000000006,0.9706423953951092,0.30345999999999995,single,-0.871881
34,0.283333,jog,-0.3664946597863792,-0.0567622704908399,0.046921876875065424,-1.3288708695166616,0.5610046176533783,-0.23156830486620172,0.003360134405366261,0.0008400336013548883,-0.012600504020160117,-0.5832233289331425,0.28885155406216895,0.38005520220808964,-2.2321785707130983,-1.4833186631224653,15.76926151568823,-0.12961036862423841,0.4464357141444798,0.5040403224194223,-7.430994467664519,6.782942624559061,-1.324905990359003,0.06069799999999992,0.08376800000000006,-0.8920309999999999,0.1271960000000001,-0.14917599999999998,-0.8691049999999999,0.06649800000000017,0.23294400000000004,0.022926000000000002,0.9782202399490565,0.27074,single,-0.8691049999999999
35,0.291667,jog,-0.34881209503239624,-0.051115910727146274,-0.16294696424285685,0.8154172155849815,-0.21439648380952597,0.19514920234718394,-0.0009599232061444676,0.005999520038409583,-0.008879289656827999,-0.6790256779457734,0.29901607871369523,0.3868490520758325,2.121738031435436,0.6775089709255604,-25.18224635444229,-0.5183654441457552,0.6190888453389357,0.4465100027996298,-11.495362252535488,1.219645386552229,0.8151967683876691,0.0635969999999999,0.08424400000000021,-0.890747,0.124444,-0.146258,-0.8645229999999999,0.060847000000000095,0.2305020000000002,0.026224000000000025,0.9820682251248094,0.23776000000000003,single,-0.8645229999999999
36,0.3,jog,-0.43273730949238054,-0.016560662426493677,-0.07476299051961247,-0.26683198606980024,0.10920467731791388,-0.04485004575182396,0.003240129605184125,0.009360374414952676,0.0016800672026881264,-0.7349093963758591,0.34777391095644716,0.357614304572185,-10.071428592341835,4.146795667905038,10.582500146795224,0.5040264984193692,0.40331865793148935,1.2671735100823416,-6.706314464188863,5.85117391608689,-3.5083100328390175,0.0672299999999999,0.08445999999999998,-0.8901100000000001,0.12192599999999998,-0.14322199999999996,-0.86092,0.05469600000000008,0.22768199999999994,0.02919000000000005,0.9832553760823196,0.20809999999999995,single,-0.86092
37,0.308333,jog,-0.41305652226088213,-0.021960878435115978,-0.05040201608065345,-0.8451393207895272,0.5220046759775953,0.06705742610339352,0.000240009600390916,0.01740069602784845,-0.004320172806912415,-0.8144725789031645,0.3030121204848314,0.31693267730708985,2.3617889393373726,-0.6480518431083977,2.923433870029871,-0.36002880172725266,0.9648771886350342,-0.7200576034562002,-9.547963821829486,-5.371629721782742,-4.881990551433457,0.0706739999999999,0.08478799999999986,-0.889726,0.11858099999999983,-0.14051400000000003,-0.8578589999999999,0.04790699999999992,0.2253019999999999,0.03186700000000009,0.9701156990329813,0.18133000000000005,single,-0.8578589999999999
38,0.316667,jog,-0.4169666426686029,-0.07631389488841907,-0.02999760019198151,-0.47572094909497326,0.0037177069051803928,-0.2082000940148319,-0.03839692824575232,-0.00935925125990196,0.022918166546676836,-0.9091672666186691,0.2993760499159981,0.3040556755459591,-0.46917691477331236,-6.5218402271782345,2.4483340399174534,-4.636061656604686,-3.2109367995861007,3.2683392552903054,-11.36245352957825,-0.4362935647748171,-1.5451166020075404,0.07382899999999992,0.08534599999999992,-0.889285,0.114479,-0.13738300000000003,-0.855075,0.040650000000000075,0.22272899999999995,0.03420999999999996,0.923857552342179,0.15789999999999998,single,-0.855075
39,0.325,jog,-0.43657746309852574,-0.06444257770310902,-0.04596183847354141,-0.6108286714161394,0.24872438034482375,-0.04031406356580162,0.000240009600390916,-0.0007200288011461016,0.016200648025920517,-1.009720388815539,0.27673106924275886,0.2755310212408476,-2.353392587294224,1.4246150468390737,-1.9157852251961882,4.636618006257419,1.0367481649772978,-0.8061344678694696,-12.066857337917861,-2.717506381043937,-3.4230954404309797,0.07746900000000001,0.08587699999999998,-0.888767,0.1097030000000001,-0.1345400000000001,-0.8523959999999999,0.032234000000000096,0.22041700000000009,0.03637100000000004,0.9729693053824544,0.13629000000000002,single,-0.8523959999999999
40,0.333333,jog,-0.4652586103444039,-0.09264370574822955,-0.04824192967718882,-0.18536013013292987,-0.14416575317437272,-0.03260999608375678,-0.028321132845302237,-0.028921156846266206,-0.0655226209048361,-1.0818432737309513,0.26665066602666193,0.2373694947797927,-3.4418753445191697,-3.3842707362439226,-0.2736218893132623,-3.427474192450885,-3.3842707362438706,-9.80718455907318,-8.655092393545239,-1.2096967738025872,-4.579566357980921,0.08111000000000002,0.08640800000000004,-0.888911,0.10456500000000002,-0.13154599999999994,-0.850016,0.023455000000000004,0.21795399999999998,0.03889500000000001,0.8716370842622971,0.11104999999999998,single,-0.850016
41,0.341667,jog,-0.44540436765058006,-0.09767218622511299,-0.039596832253412664,-0.32914581125748255,-0.08344463786935216,-0.1556511664674641,-0.005519558435324028,0.004679625629937628,-0.023398128149748086,-1.1726661867050663,0.20050395968322252,0.23158147348212135,2.3823185377758382,-0.6033693876749979,1.0373287045567734,2.735970051593255,4.031771355436022,5.05453476782913,-10.897877726675647,-7.936969803628432,-0.6945069951609468,0.08477599999999996,0.08726100000000003,-0.888776,0.09850399999999992,-0.12906099999999987,-0.847756,0.013727999999999962,0.2163219999999999,0.041020000000000056,0.9591807227502414,0.08979999999999994,single,-0.847756
42,0.35,jog,-0.47425897035883685,-0.16584663386535434,-0.0015600624025009946,-0.5720327900441644,0.23852447365129817,-0.2741818944467286,-0.004440177607112066,0.027481099243973996,-0.014760590423616755,-1.3580943237729568,0.12660506420257178,0.20352814112564424,-3.4626908326241286,-8.181260967267672,4.564594965908048,0.1295308806206605,2.736286285135776,1.0365459889753212,-22.25226653880847,-8.868222186565573,-3.366534544159028,0.08869100000000008,0.08887200000000006,-0.888886,0.09113900000000008,-0.12662399999999985,-0.846047,0.0024480000000000057,0.2154959999999999,0.04283899999999996,0.9474854247085838,0.07161000000000006,single,-0.846047
43,0.358333,jog,-0.598103924156949,-0.13128525141004727,-0.0574822992919723,-0.30607813397451306,-1.3203810599891286,-0.7859385052583734,-0.002400096003829221,0.007440297611905225,-0.026041041641665787,-1.4328573142925731,0.1683667346693646,0.13116524660986512,-14.86198893533081,4.147531795908668,-6.710936864211098,0.24481958517734753,-2.404992395544064,-1.3537082944976582,-8.971917739063484,5.0116009200519205,-8.683894697681366,0.09365500000000004,0.090028,-0.888624,0.0841829999999999,-0.1241270000000001,-0.844475,0.009472000000000147,0.2141550000000001,0.044148999999999994,0.9546846132593314,0.05850999999999995,single,-0.844475
44,0.366667,jog,-0.5147588192944712,-0.11747060235181932,-0.09239260859130509,0.06488889657267888,-0.30207715245829797,-0.01330536867273296,0.007679385649129097,-0.01319894408447977,-0.01775857931365433,-1.4257259419246384,0.09995200383970276,0.09191264698823952,10.000612534494568,1.657625276965195,-4.18890200375963,1.2094410430715512,-2.4765108826955813,0.993815974083447,0.8556962284538877,-8.20911097068176,-4.709935159782285,0.09800900000000001,0.090897,-0.8880020000000001,0.07659100000000008,-0.12231499999999995,-0.842939,0.021417999999999937,0.21321199999999996,0.045063000000000075,0.9609646802337,0.04937000000000008,single,-0.842939
45,0.375,jog,-0.5153006120244846,-0.08052322092882129,-0.11244449777992067,-0.4530072434073096,-0.46289108135629586,-0.14437878936971962,0.004680187207502984,-0.041881675267002705,-0.006360254410176955,-1.5006600264010583,-0.021240849633996663,0.022200888035522028,-0.06501772831074347,4.433863125284786,-2.406322955552098,-0.3599182097235234,-3.442065424519742,1.3678537025653914,-8.99244983516382,-14.5437241658106,-8.365745704154286,0.10234200000000016,0.09121899999999994,-0.887118,0.06838000000000011,-0.12182100000000018,-0.8418169999999999,0.03396200000000005,0.21304000000000012,0.045301000000000036,0.92896730581333,0.04699000000000003,single,-0.8418169999999999
46,0.383333,jog,-0.5417016680667128,-0.1288851554062189,-0.08556342253689733,-0.4096832147276295,-0.589172016636248,-0.09744330823776141,-0.000960038401537024,-0.012600504020163448,-0.016680667226689136,-1.5676227049082059,-0.001800072002865266,-0.003000120004799869,-3.1682534552056,-5.8036642838590815,3.2258580634853486,-0.6768541472506927,3.5138811048649146,-1.2384990779445826,-8.035842854571909,2.3329866352011814,-3.0242419345160156,0.10684800000000005,0.09218799999999994,-0.886544,0.05983099999999997,-0.12076200000000004,-0.841129,0.047017000000000087,0.21294999999999997,0.04541499999999998,0.965121678397044,0.04585,single,-0.841129
47,0.391667,jog,-0.5261579073674201,-0.14818814494841565,-0.10127189824813476,0.3439914669940301,-0.18224085226619458,0.18073508582044373,0.01619870410367124,-0.007199424046070185,-0.01691864650827876,-1.5497960163186844,-0.05687544996401308,-0.04523638108951308,1.8651020757490686,-2.316173451187513,-1.8848662960448062,2.0588843898737994,0.6480777506711372,-0.02855522937240487,2.139031508221923,-6.608516674003811,-5.06794589449402,0.11136800000000013,0.09336300000000008,-0.885841,0.05130000000000012,-0.12000100000000002,-0.840662,0.06006800000000001,0.2133640000000001,0.04517899999999997,0.9591591734458464,0.04821000000000003,single,-0.840662
48,0.4,jog,-0.5480619224768953,-0.14328573142924667,-0.11232449297972447,-0.044646041881499385,-0.3965215964739971,0.10194269953863501,0.001440057602292203,0.002520100804038002,-0.030721228849154583,-1.7523100924036892,-0.08484339373575066,-0.05772230889235489,-2.628586956615285,0.5883131548264682,-1.3263644223676536,-1.771108424502457,1.1663896375984815,-1.65637613595053,-24.302661236649943,-3.3562875041086597,-1.498371271191859,0.11594700000000002,0.09457800000000005,-0.885161,0.04126500000000011,-0.11951400000000012,-0.8402069999999999,0.07468199999999992,0.21409200000000017,0.04495400000000005,0.9485699348639728,0.05045999999999995,single,-0.8402069999999999
49,0.408333,jog,-0.5436217448697869,-0.2226089043561676,-0.10620424816993002,0.8404711705187351,-1.519920981220217,-0.5414862202960095,-0.010560422416880617,-0.0003600144005996996,-0.016200648025920625,-1.7187087483499317,-0.16872674906996543,-0.05088203528141231,0.5328426265580793,-9.519161517691243,0.734458755525557,-1.4401152069090184,-0.3456276496625116,1.742539400364094,4.032322579354081,-10.066405296317651,0.8208656679398295,0.12038900000000008,0.0964299999999998,-0.884411,0.031473000000000084,-0.1190650000000002,-0.839746,0.088916,0.215495,0.044664999999999955,0.9677633262480896,0.053350000000000064,single,-0.839746
50,0.416667,jog,-0.5242380609551311,-0.06527477801777051,-0.303215742740574,0.08291110947208014,-0.3009518542622308,0.17062382265743398,-0.004799616030722338,-0.005759539236840162,-0.011759059275258072,-1.8396928245740471,-0.2183825293976399,-0.09743220542356522,2.3258560012785825,18.878584873817726,-23.639488189422103,0.691241467021631,-0.6478911490569303,0.5329480142383668,-14.516927792670426,-5.958216981962375,-5.58557357117265,0.1247180000000001,0.09692600000000007,-0.881982,0.020510000000000028,-0.12034100000000003,-0.838031,0.10420800000000008,0.2172670000000001,0.04395100000000007,0.9767570750727774,0.06048999999999999,single,-0.838031
51,0.425,jog,-0.5664226569062579,-0.17436697467897877,-0.28285131405256925,1.8271341039329312,0.7372386386386901,0.3841672570711225,-0.009840393615761157,0.003840153606148096,-0.005280211208448636,-1.8148325933037364,-0.23976959078362525,-0.04428177127085193,-5.062354008295558,-13.091587262835537,2.4438291957284055,-0.604917506904936,1.152009221527455,0.7774928677318436,2.9833470863207543,-2.56655002831938,6.378307230614835,0.1293559999999998,0.09841100000000003,-0.8796689999999999,0.010106999999999866,-0.12088600000000005,-0.836043,0.11924899999999994,0.21929700000000008,0.04362599999999994,0.9803177493497206,0.06374000000000002,single,-0.836043
52,0.433333,jog,-0.5229809192367774,-0.15564622584904575,-0.1902076083043251,-0.25584447810172306,0.1842876378047777,0.0013724312549849755,-0.009360374414952613,0.004800192007658442,-0.012840513620544287,-1.7650306012240349,-0.3102124084963457,-0.08784351374054884,5.213217049019606,2.246579722780864,11.117689397365147,0.05760460828135621,0.115209216549903,-0.9072725803546886,5.976478108688501,-8.453476264576999,-5.227618201091651,0.1336360000000001,0.09974799999999995,-0.878191,-0.00024299999999999322,-0.122174,-0.83519,0.13387900000000008,0.22192199999999995,0.04300100000000007,0.9723344757997998,0.06999000000000005,single,-0.83519
53,0.441667,jog,-0.6388288936885214,-0.07739380849532161,-0.08099352051835673,-2.298709213210235,-1.7074547781822749,0.16159529130659678,-0.021598272138237343,-0.011159107271406198,0.010439164866810331,-1.8308135349172163,-0.2954163666906621,-0.0627549796016317,-13.90064488261875,9.389538919333404,13.104642162943243,-1.468430252373986,-1.91496271647045,2.7933379514464547,-7.893320577535615,1.7753829860431536,3.010383266008793,0.13878000000000013,0.10030000000000006,-0.877429,-0.01017699999999988,-0.12399099999999996,-0.8350380000000001,0.148957,0.22429100000000002,0.042390999999999956,0.9559045480561217,0.07608999999999999,single,-0.8350380000000001
54,0.45,jog,-0.5755430217208425,-0.1212048481939219,-0.14832593303732267,-0.9717963427903152,0.3587631742221994,0.5918504455154328,-0.009360374414979259,0.0003600144005730508,-0.0007200288011519304,-1.873034921396856,-0.3204128165126532,-0.00864034561382483,7.594608420458251,-5.257535065234622,-8.08021271078431,1.4686064710498061,1.3823498946332893,-1.3391568064277228,-5.066769048318674,-2.999693966397571,6.494015839170364,0.1434979999999999,0.10131299999999999,-0.8761990000000001,-0.020989000000000146,-0.12565099999999996,-0.833874,0.16448700000000005,0.22696399999999994,0.04232500000000006,0.9843417876506619,0.07674999999999998,single,-0.833874
55,0.458333,jog,-0.6104644185767523,-0.13812552502098943,-0.08556342253689733,-1.4343766290108138,-0.48295835291612016,0.40750996226777836,-0.007680307212296192,-0.002880115204611072,-0.003480139205568381,-1.909036361454467,-0.34813392535702026,-0.05616224648985928,-4.190735252119269,-2.0305624417457793,7.531802532152345,0.20161612896712722,-0.38883110586633035,-0.3312264975898785,-4.3203456207381565,-3.3266661279691756,-5.702856219372922,0.1485209999999999,0.10243999999999986,-0.875515,-0.031810000000000116,-0.1274010000000001,-0.8336290000000001,0.18033100000000002,0.22984099999999996,0.04188599999999998,0.9851494901549163,0.08113999999999993,single,-0.8336290000000001
56,0.466667,jog,-0.6699064074874143,-0.27873770098393,0.13138948884088747,-0.38286736608401484,-1.8246092292532825,-0.0268546931665038,-0.001199904007660602,-0.003119750419949537,0.0014398848092158688,-1.9236861051115681,-0.4126469882409367,-0.03575713942884645,-7.132468071833685,-16.872111346645124,26.03226678399143,0.7775861776620571,-0.028753925526573663,0.5903556533218436,-1.7578286125631306,-7.740948270208349,2.4484169739636195,0.15409400000000018,0.10473700000000008,-0.876598,-0.042258999999999824,-0.128517,-0.835022,0.196353,0.23325400000000007,0.041575999999999946,0.99393418491,0.08424000000000009,single,-0.835022
57,0.475,jog,-0.6093843753750064,-0.16536661466459915,-0.1929677187087553,0.4772020904529232,0.41776117004277846,0.6878696637183503,0.0028801152045844253,0.0060002400095864146,0.015840633625345074,-1.907116284651393,-0.46885875435018776,-0.0996039841593663,7.26293437086379,13.60507456130219,-38.92442188283254,0.48962189034501835,1.0944426292494869,1.7281589842948808,1.9884579935407691,-6.745681760380558,-7.6619278447761925,0.1591959999999999,0.10616500000000006,-0.8748579999999999,-0.053072999999999926,-0.131046,-0.834244,0.21226899999999982,0.23721100000000006,0.04061399999999993,0.971363212401958,0.09386000000000005,single,-0.834244
58,0.483333,jog,-0.6738269530781114,-0.15936637465498504,0.039721588863564125,-1.4919849031574406,-0.667306587469183,0.27518059584557547,-0.01764070562821272,0.024840993639753676,-0.0001200048001921272,-1.9647185887435479,-0.46633865354612,-0.08676347053882136,-7.733418661119002,0.7200576034578279,27.923833862032694,-2.4625970038158,2.260980874855056,-1.915353225193464,-6.912552993178291,0.3024241934558708,1.540923271396243,0.16466399999999992,0.10770000000000013,-0.87519,-0.06383000000000005,-0.13360399999999983,-0.8352980000000001,0.22849399999999997,0.24130399999999996,0.03989199999999993,0.949220414720316,0.10108000000000006,single,-0.8352980000000001
59,0.491667,jog,-0.6711063114951015,-0.1991840652747772,-0.03227741780658441,-0.08981697403651634,-0.4368716574596278,0.2270265706581305,-0.01367890568753868,0.05483561315093943,-0.0881929445644347,-1.9476841852651798,-0.5064794816414718,-0.0789536837053042,0.32645087389127475,-4.777740655122644,-8.639189665244597,0.4753779626438729,3.599066416029005,-10.56790733912197,2.043964900212146,-4.816514050318192,0.9370994520658927,0.17014300000000016,0.10981700000000005,-0.875656,-0.0744689999999999,-0.13616499999999987,-0.835687,0.24461200000000005,0.24598199999999992,0.03996900000000003,0.8254207247775264,0.10031000000000012,single,-0.835687
60,0.5,jog,-0.6641065642625635,-0.2612504500179862,-0.0907236289451555,0.7244544199042874,-1.2235983890360773,-0.11829583920977456,0.0015600624025009946,0.010560422416907264,0.010800432017280695,-1.953918156726263,-0.5623424936997455,-0.0960038401536058,0.8400032680352756,-7.448264099749088,-7.013825889664134,1.8287493207775967,-5.313235417500573,11.879680377020957,-0.7481064995899533,-6.703829600176869,-2.04610061782091,0.17569000000000012,0.11208200000000001,-0.87481,-0.08521699999999988,-0.13867399999999996,-0.835731,0.260907,0.250756,0.039078999999999975,0.9746904910226349,0.10921000000000008,single,-0.835731
61,0.508333,jog,-0.6474258970358834,-0.3012120484819395,-0.07428297131885679,0.9859877033467925,-0.9199589553963861,-0.4239024346209041,0.009000360014379562,0.004800192007658442,0.012120484819392357,-1.9531981279251303,-0.6547461898476065,-0.14556582263290374,2.0017601376071146,-4.795583639019938,1.972957833469175,0.8928714282825557,-0.6912552993218286,0.1584126727603092,0.0864069124124134,-11.088887093226994,-5.9476758045479095,0.18116,0.11463199999999985,-0.8740899999999999,-0.09609800000000002,-0.14162000000000008,-0.836325,0.277258,0.2562519999999999,0.03776499999999994,0.9735974287891442,0.12234999999999996,single,-0.836325
62,0.516667,jog,-0.6871850251979926,-0.23530117590594105,-0.16030717542596729,0.7474571634992946,-0.4763322814217834,-0.06230171495444762,0.01715862730981582,0.03143748500122486,0.032877369810415766,-2.0046796256299375,-0.6786657067434504,-0.2970962323014183,-4.770713722355349,7.908672015358631,-10.322078726555194,0.9789137623513685,3.196219461671055,2.4906269487669217,-6.177285541733567,-2.8701124185078073,-18.18219458465508,0.18703000000000003,0.11685500000000015,-0.8724799999999999,-0.10707799999999978,-0.14531499999999986,-0.8374649999999999,0.2941079999999998,0.26217,0.03501500000000002,0.9189709345699157,0.14985000000000004,single,-0.8374649999999999
63,0.525,jog,-0.6929077163086429,-0.2728909156366108,-0.13320532821312128,0.9231775009611372,-0.6308972968962617,-0.39665695398911816,0.003960158406356851,0.030121204848193948,0.028321132845313707,-1.9584783391335707,-0.6403456138245512,-0.09540381615264619,-0.6867504032941611,-4.510949205648575,3.252351759611891,-1.5838796236000139,-0.15795993676117945,-0.5467703066245098,5.544376154610176,4.598595094071642,24.204058100176557,0.19283700000000015,0.11938000000000004,-0.871134,-0.11762399999999995,-0.14837699999999998,-0.8371500000000001,0.3104610000000001,0.267757,0.0339839999999999,0.9307770028227571,0.16016000000000008,single,-0.8371500000000001
64,0.533333,jog,-0.6740669626785113,-0.23316932677307642,-0.2697707908316391,0.9964660450749625,0.40159770021230995,-0.1675543123772507,-0.0036001440057838487,0.03564142565702561,0.013320532821312972,-1.9533181327253386,-0.6361454458178385,-0.08484339373575012,2.260980874850807,4.766781334877561,-16.38851105466447,-0.9072725803601067,0.662452995179613,-1.8001440086404503,0.6192495389694183,0.5040403224184308,1.2673013820828236,0.19842399999999993,0.12162000000000006,-0.868775,-0.12828400000000006,-0.15173499999999995,-0.8356089999999999,0.326708,0.273355,0.03316600000000003,0.9363012983218971,0.1683400000000001,single,-0.8356089999999999
65,0.541667,jog,-0.8663306935445103,-0.030837532997354183,0.44036477081833864,-5.880360185482639,1.4041578618413588,-1.0082280015206475,-0.012718982481394128,0.048956083513314236,0.0601151907847361,-1.9482841372689839,-0.6105111591072645,-0.0999520038396921,-23.069802119750126,24.277873023244624,85.20945064194532,-1.094173083226567,1.5976311322640415,5.614909762829706,0.604031132271983,3.075868335801992,-1.8128881814185114,0.205538,0.12228499999999998,-0.871944,-0.1373009999999999,-0.15656599999999998,-0.8401120000000001,0.3428389999999999,0.27885099999999996,0.03183199999999997,0.8690599501954994,0.18168,single,-0.8401120000000001
66,0.55,jog,-0.7626305052201923,-0.3109324372974918,-0.2946117844713758,1.759023475472723,-0.8190936323463435,-0.5893129190588017,-0.016560662426493566,0.04440177607104043,0.08376335053402151,-1.9121564862594562,-0.6483859354374204,-0.07488299531981242,12.444520379733303,-33.612733025337384,-88.2007146633519,-0.46102003421329923,-0.5465387546230397,2.8378926856216617,4.335491540804931,-4.545154965817322,3.008401358439887,0.21175499999999992,0.12524599999999997,-0.8687910000000001,-0.14688000000000012,-0.15937800000000002,-0.838281,0.35863500000000004,0.284624,0.030510000000000037,0.8396005667183012,0.19490000000000007,single,-0.838281
67,0.558333,jog,-0.8143525741029666,-0.20976839073564127,-0.0032401296051841467,-1.5411104411180894,0.40240936931995414,-0.7194253998742958,-0.03204128165126841,0.054722188887557435,0.0891635665426626,-1.9197167886715691,-0.6708268330733271,-0.014280571222848338,-6.206896541794645,12.140171194269948,34.96599722383227,-1.8577486169176751,1.2384990779451701,0.6480518431106608,-0.9072725803567727,-2.6930154369263093,7.272581794907553,0.21827399999999986,0.12745000000000006,-0.868021,-0.1560910000000002,-0.16321999999999992,-0.838373,0.37436500000000006,0.29067,0.029648000000000008,0.817644248140031,0.20352000000000003,single,-0.838373
68,0.566667,jog,-0.8221742260619184,-0.2847372210223111,-0.00815934725222792,-0.8655710920740248,-0.23238380902759107,-1.0182492960994274,-0.03971682265417047,0.047876169906411706,0.08135349172066066,-1.8854091672665882,-0.7025437964962948,-0.03971682265418712,-0.9385231532219501,-8.995539991201014,-0.5902588969334935,-0.9209912410489556,-0.8214565612125843,-0.937134007919592,4.116585241778333,-3.805731152263914,-3.052106003280368,0.22479500000000008,0.13022200000000006,-0.867275,-0.164952,-0.16670200000000013,-0.8386359999999999,0.38974700000000007,0.2969240000000002,0.02863900000000008,0.8293155586909474,0.2136099999999999,single,-0.8386359999999999
69,0.575,jog,-0.8519140765630663,-0.29053162126485405,0.04080163206528382,-1.3217648939536408,0.1678157956544723,-0.9374643096607453,-0.04272170886835788,0.046561862474479354,0.11688467538701687,-1.8465138605544438,-0.6989079563182387,-0.037681507260291805,-3.5689248171304673,-0.6953558433388954,5.875552540203071,-0.36060076973328253,-0.15772320075991403,4.263912596466644,4.667623510397795,0.43631827409770974,0.24424761717212692,0.23153800000000002,0.1330309999999999,-0.866641,-0.17324000000000006,-0.17010499999999995,-0.83929,0.4047780000000001,0.30313599999999985,0.027351000000000014,0.7785453470920227,0.22649000000000002,single,-0.83929
70,0.583333,jog,-0.889115564622581,-0.570982839313575,-0.05616224648986223,1.8485846421382195,-2.0010591547766614,-1.472309565330504,-0.053042121684873586,0.04188167526702907,0.11868474738989555,-1.8529941197647875,-0.6745469818792841,-0.02028081123244951,-4.464357141427406,-33.65549238554179,-11.63613087185235,-1.238499077944997,-0.5616449306912591,0.21601728103668255,-0.777662211729707,2.923433870029338,2.0881670500230674,0.23850499999999997,0.1381380000000001,-0.865184,-0.1812720000000001,-0.170968,-0.8389909999999999,0.41977700000000007,0.3091060000000001,0.026193000000000022,0.7723696304006993,0.23807000000000006,single,-0.8389909999999999
71,0.591667,jog,-0.8456923446124444,-0.427285817134617,-0.08183345332372872,2.03151365865787,-3.0755564293124267,-0.9515530554751119,-0.057115430765528837,0.03443724502038925,0.12850971922246152,-1.8134149268058335,-0.6546676265898564,-0.011999040076792443,5.210369571650626,17.24226328041239,-3.0802983961922603,-0.4887579890395032,-0.8932601687832691,1.1789023077232885,4.7491232252164215,2.3853318081866433,0.9937330400356377,0.2450770000000002,0.14198599999999995,-0.8634310000000001,-0.18933699999999987,-0.172863,-0.838409,0.4344140000000001,0.31484899999999993,0.0250220000000001,0.7586908149123357,0.24978,single,-0.838409
72,0.6,jog,-0.8181927277091148,-0.23004920196810105,0.08724348973959437,-0.5952261972797726,-0.5580190165395515,-0.0721689493155647,-0.011280451218053445,0.0558022320892766,0.22212888515540724,-1.8126725069002834,-0.5369014760590579,0.00048001920076684975,3.300086031840854,23.669340593605874,20.290044769389734,5.500417562399593,2.5639010043066777,11.234749301925667,0.08909395242411326,14.132503363830507,1.4975470151877364,0.25180100000000016,0.14436800000000005,-0.862307,-0.1976239999999998,-0.1754199999999999,-0.839132,0.44942499999999996,0.31978799999999996,0.023175000000000057,0.6178191988868631,0.26825,single,-0.839132
73,0.608333,jog,-1.0300012000479986,-0.4178567142685672,0.1292451698067911,-0.8267287805317556,0.09458020432734685,-1.8406508812690918,-0.06888275531022106,0.0507620304812265,0.18372734909396354,-1.7382695307812337,-0.6782671306852234,0.025561022440898112,-25.418033402002028,-22.53780298817537,5.040403224192555,-6.912552993179812,-0.6048483869014852,-4.608368662119709,8.928714282857237,-16.96455713742528,3.009840782447037,0.2598100000000001,0.1482730000000001,-0.861853,-0.20352599999999987,-0.17758999999999991,-0.8399960000000001,0.46333599999999997,0.325863,0.021856999999999904,0.6622075073082756,0.28142999999999996,single,-0.8399960000000001
74,0.616667,jog,-0.9604031677465737,-0.5381569474441895,0.16294696424285793,0.9006945324437032,-2.1052797078752183,-1.6862636095753143,-0.10031197504200429,0.04259659227263106,0.1904247660187202,-1.7066234701224114,-0.5925125989920704,-0.039836813054955705,8.351095788507944,-14.434873191219465,4.043891820982364,-3.771204671440293,-0.9797742030952112,0.8036257409115289,3.7972235011785975,10.28972062552837,-7.847112490503263,0.26697799999999994,0.15311300000000005,-0.861624,-0.20974500000000007,-0.17804299999999995,-0.841686,0.476723,0.331156,0.0199379999999999,0.6343250019053319,0.30062,single,-0.841686
75,0.625,jog,-1.0594023760950464,-0.6020640825633059,0.0812432497299935,1.55938310293511,-2.4622171201994743,-1.8747495783120989,-0.1041641665666465,0.04836193447737064,0.19524780991239443,-1.6578663146525685,-0.5282611304452176,-0.06120244809792325,-11.88038021702535,-7.669162980813167,-9.804837935061093,-0.46228147421603183,0.6918687393183194,0.5787884187776581,5.851092700089132,7.710484645008107,-2.5639787643066674,0.2749380000000001,0.15853300000000004,-0.860674,-0.21473199999999992,-0.17742799999999992,-0.842873,0.48967000000000005,0.33596099999999995,0.017801000000000067,0.6224687004200693,0.3219899999999999,single,-0.842873
76,0.633333,jog,-0.9546381855274092,-0.3319332773310974,0.1891275651025926,-0.7296473506537272,-0.143195705468916,-0.5512539241486526,-0.12408496339853295,0.043201728069112495,0.21072842913716552,-1.582623304932188,-0.49465978639147534,-0.07140285611424407,12.572205756346664,32.41699330759719,12.946635710140244,-2.3905912434761034,-0.6192495389725334,1.8577486169172,9.02952234733951,4.032322579352229,-1.2240979258755285,0.2818590000000001,0.161659,-0.860494,-0.21996499999999997,-0.17878400000000005,-0.8450439999999999,0.501824,0.34044300000000005,0.015450000000000075,0.5861094538931344,0.3454999999999999,single,-0.8450439999999999
77,0.641667,jog,-1.0212383009359232,-0.057955363570916,-0.019798416126706464,-2.877897082918632,3.516055013830215,0.8720027793992415,-0.13378929685627616,0.03827693784496761,0.2421406287497021,-1.5061195104391876,-0.46220302375809796,-0.05051595872330299,-7.991374539058596,32.87471967364806,-25.069112218538546,-1.1644268607803299,-0.5909275526931745,3.76916242051077,9.179720961483191,3.894499956008827,2.506227188737846,0.2892549999999998,0.16246099999999997,-0.8583109999999999,-0.22400600000000015,-0.182153,-0.8452999999999999,0.513261,0.344614,0.013010999999999995,0.5345349278666868,0.36989000000000005,single,-0.8452999999999999
78,0.65,jog,-0.9363974558982325,-0.885275411016433,0.08340333613344512,4.08179514234839,-2.9560509596269635,-1.9955048800725064,-0.19692787711505758,-0.004920196807867223,0.1737669506780253,-1.3846153846153713,-0.4460578423136871,-0.08580343213728601,10.181308656869108,-99.28237698854117,12.384705659444517,-7.576932708362072,-5.183863512880673,-8.205169575384197,14.581078341991576,1.9374992733002259,-4.234666196325799,0.29541700000000004,0.16979699999999998,-0.857558,-0.22774100000000008,-0.178493,-0.84671,0.5231580000000001,0.34829,0.01084800000000008,0.5622032743713805,0.39152000000000003,single,-0.84671
79,0.658333,jog,-1.0411616464658835,-0.1543261730469111,0.01944077763110488,-2.7609541729088085,2.3294609997766482,0.9291639861968908,-0.17652706108244492,0.02988119524780343,0.22248889955598528,-1.2797311892475824,-0.35569422776911,-0.1449657986319467,-12.572205756348485,87.71741725303356,-7.6758140528430125,2.4481958517476103,4.176334100044518,5.8468677400648525,12.58660690841111,10.84406750804967,-7.09976797007815,0.30262200000000017,0.17133199999999982,-0.855866,-0.22972899999999996,-0.18017100000000008,-0.84808,0.5323510000000001,0.3515029999999999,0.007786000000000071,0.5240331490607895,0.4221400000000001,single,-0.84808
80,0.666667,jog,-1.1641468682505163,-0.8999280057595398,0.18034557235421414,2.580146779125753,-2.806964262370408,-2.3761572370250152,-0.2011039116870648,-0.004199664026878687,0.3051355891528642,-1.1384689224861853,-0.2706983441324716,-0.124670026397887,-14.757046050471784,-89.46506272049712,19.307030804308617,-2.9489861536620685,-4.089375962884792,9.916809406872845,16.950116002087366,10.198690141185235,2.435297844259604,0.31064800000000004,0.17879699999999987,-0.854826,-0.22951500000000002,-0.17492700000000005,-0.850622,0.5401630000000001,0.3537239999999999,0.0042039999999999855,0.5,0.45796000000000003,flight,-0.850622
81,0.675,jog,-1.1399255970238937,-0.5928237129485088,0.13284531381254824,-0.1674313576529453,0.14219087840875808,-0.6364011743460138,-0.22092883715350964,-0.030121204848193948,0.338773550942037,-0.9513980559222385,-0.20436817472698943,-0.2101284051362032,2.9066688139472507,36.85398929689544,-5.700259035361298,-2.379086219422149,-3.110709326930895,4.036716883376052,22.44940196375207,7.959938726206879,-10.25541566522451,0.318306,0.18348599999999982,-0.85311,-0.22794399999999992,-0.17169000000000012,-0.85348,0.5462499999999999,0.35517599999999994,0.00036999999999998145,0.4963000000000001,0.5,flight,-0.85311
82,0.683333,jog,-1.1884075363014623,-0.5063002520100818,-0.08208328333133616,-0.13123978085628246,0.40061277106356163,0.5613169754650192,-0.24900996039839746,-0.04488179527179621,0.3494539781591293,-0.7437897515900749,-0.15456618264730201,-0.25969038761550856,-5.818065435925723,10.383230641837008,-25.792463355800596,-3.3698695841699355,-1.771341704500468,1.2817025341524582,24.913993079583044,5.976478108686892,-5.9476758045488785,0.32613400000000015,0.18733099999999991,-0.849514,-0.22423899999999997,-0.1687590000000001,-0.8549599999999999,0.5503730000000001,0.35609,0.005445999999999951,0.44553999999999994,0.5,flight,-0.849514
83,0.691667,jog,-0.9427645788336865,-0.7276217902567822,-0.04343652507799024,3.495115614750785,-0.36437379885693966,-0.07195562600169728,-0.23722102231822684,-0.051235901127904,0.37784977201823555,-0.6309095272378143,-0.022678185745139582,-0.350371970242377,29.47479691237989,-26.556460072798025,4.6372400112005785,1.414559404868074,-0.762431708196273,3.4072226852778997,13.544543358802455,15.82529360477099,-10.880919441668794,0.33201400000000003,0.19296800000000003,-0.846003,-0.22163999999999995,-0.16288400000000003,-0.857518,0.553654,0.35585200000000006,0.011515000000000053,0.38485,0.5,flight,-0.846003
84,0.7,jog,-1.2298091923676835,-0.6884675387015667,0.16332653306133074,-0.07267408710173207,0.3006902327910206,-1.2415053794346584,-0.28681147245888805,-0.07440297611905324,0.4225369014760625,-0.33601344053762755,0.025681027241082253,-0.36997479899196334,-34.44673149333969,4.69869813455128,24.81255947909791,-5.951092060561822,-2.7801602053461476,5.362670041740951,35.38894596186121,5.803337691854348,-2.3524335472922755,0.33987199999999995,0.19808500000000007,-0.843843,-0.21419200000000016,-0.156933,-0.861962,0.5540640000000001,0.35501800000000006,0.018118999999999996,0.31881000000000004,0.5,flight,-0.843843
85,0.708333,jog,-1.1828873154926154,-0.5837033481339204,0.09576383055321758,0.03848524055040144,-0.22257554205293634,-0.6931064216032625,-0.35173406936277507,-0.11520460818433552,0.4216968678747136,-0.12756510260409465,0.16224648985959608,-0.41569662786511224,5.63085045902651,12.572205756347756,-8.107848614918142,-7.7910232693971855,-4.896391703501994,-0.10080806448444424,25.014801144069608,16.388511054663777,-5.486838938335379,0.34679799999999994,0.20198899999999997,-0.841127,-0.20539800000000008,-0.150717,-0.866224,0.552196,0.35270599999999996,0.025097000000000036,0.24903000000000008,0.5,flight,-0.841127
86,0.716667,jog,-1.2471802255819457,-0.7433405327573678,0.166906647468205,0.7693089355833885,-0.8986038030565426,-1.3151378699058551,-0.40856731461483997,-0.13846892248618534,0.3935685145188361,0.016198704103671132,0.2285817134629267,-0.42080633549315855,-7.714532048155731,-19.1549297604327,8.536455113389353,-6.8194438747377575,-2.791494396670223,-3.375132392113904,17.25027678278914,7.959590065194396,-0.6131158660962637,0.35378699999999985,0.20703000000000005,-0.839238,-0.19486900000000007,-0.142617,-0.8711220000000001,0.5486559999999999,0.34964700000000004,0.03188400000000002,0.18115999999999993,0.5,flight,-0.839238
87,0.725,jog,-1.233169326773103,-0.7547101884075419,0.1879275171006805,0.6614166687312254,-0.6108286764909245,-1.6262966506923757,-0.45157806312252435,-0.09996399855995336,0.43321732869315194,0.10128405136205011,0.25741029641186647,-0.37525501020041035,1.6813751120656297,-1.3644132545510883,2.522605260107489,-5.161496280773404,4.620775702175966,4.758048022838855,10.21065009700945,3.4595683366062695,5.466377690237442,0.36030000000000006,0.21248599999999995,-0.837194,-0.18374899999999994,-0.13418299999999994,-0.875815,0.544049,0.3466689999999999,0.038621000000000016,0.11379,0.5,flight,-0.837194
88,0.733333,jog,-1.1560062402496054,-0.7683907356294144,0.205208208328331,1.0691912457505937,-1.0354081141723017,-1.2389600902656392,-0.5427817112684551,-0.15396615864633598,0.4136565462618478,0.15540621624865483,0.20496819872792676,-0.29221168846753826,9.259940780450888,-1.6417313358781291,2.0737658979539693,-10.944875572534544,-6.480518431103131,-2.34738778726798,6.494919583175866,-6.293303454210907,9.965597231833884,0.36541,0.21760599999999997,-0.835457,-0.1728209999999999,-0.12607200000000018,-0.87996,0.5382309999999999,0.34367800000000015,0.04450299999999996,0.05497000000000002,0.5,flight,-0.835457
89,0.741667,jog,-1.1197504199663966,-0.5838732901367968,0.2879769618430491,0.33688069975234786,1.6543511445965613,-0.7081839156138147,-0.5935925125989729,-0.19606431485482897,0.31701463882889613,0.06407487401008369,0.1708663306935565,-0.1718262538996885,4.350350405952609,22.140322233335574,9.931455905293806,-6.096808414988978,-5.051374635048385,-11.596101203857955,-10.958884357879969,-4.091896812379464,14.445096540418819,0.3697950000000001,0.22083799999999987,-0.8352149999999999,-0.16295499999999996,-0.11978200000000006,-0.8837919999999999,0.5327500000000001,0.3406199999999999,0.04857699999999998,0.01423000000000002,0.5822508927687972,single,-0.8352149999999999
90,0.75,jog,-1.202688107524293,-0.6687867514700621,0.24204968198728408,-0.10871314282579653,2.1660875151027,-0.7999226070433395,-0.7404296171846854,-0.18324732989317505,0.4222968918756726,-0.09888395535821955,0.10860434417375853,-0.12744509780391167,-9.952920623772481,-10.190022960910227,-5.511494042453479,-17.621157396581278,1.5380997193872403,12.63437574064275,-19.555841757866624,-7.4717372518658,5.32595176956398,0.37364700000000006,0.22488400000000008,-0.833713,-0.15375700000000003,-0.11330400000000007,-0.886871,0.5274040000000001,0.33818800000000016,0.05315799999999993,0.0,0.6758978506578728,single,-0.833713
91,0.758333,jog,-1.2451698067922594,-0.6642265690627679,0.04164166566662483,0.9852420012563933,-0.3919313968470177,-0.4793515164734274,-0.796111844473779,-0.20832833313334628,0.45985839433577175,-0.2386895475819045,0.03684147365895307,-0.11892475699027898,-5.098007832469246,0.5472437786264428,-24.049923955437226,-6.682134560073615,-3.0098407824518336,4.507560597635784,-16.777342160528544,-8.611888937334111,1.0224817969077948,0.377389,0.22868299999999997,-0.830228,-0.1453700000000001,-0.10746199999999995,-0.888209,0.5227590000000001,0.3361449999999999,0.05798100000000006,0.0,0.551319551563159,single,-0.830228
92,0.766667,jog,-1.1109911207103649,-0.6913846892248446,-0.5046796256299443,2.545200063363585,4.060371541548991,-0.04030347156828393,-0.8645308375330176,-0.24730021598270702,0.5405567554595657,-0.2716582673386064,0.026997840172776698,-0.05003599712023075,16.100154317482037,-3.25871372235144,-65.55331069073341,-8.209622397316894,-4.676251841775972,9.683028692559926,-3.9559298964125347,-1.1811415270190102,8.265989905213416,0.379443,0.23238399999999992,-0.821517,-0.13837499999999991,-0.1014750000000002,-0.8844200000000001,0.5178179999999999,0.33385900000000013,0.06290300000000004,0.0,0.5374265866216349,single,-0.821517
93,0.775,jog,-1.1833673346933704,-0.6612264490579747,-0.023040921636875097,0.15630556492416323,-0.2841311830970582,0.08728485028336092,-0.9284771390855455,-0.29833193327732843,0.6330253210128381,-0.24900996039842077,-0.012600504020136717,-0.14496579863194475,-8.685493097684535,3.6191335853677953,57.79895643742556,-7.673863140828948,-6.12405103739604,11.096671733261976,2.717905549044223,-4.751991382804902,-11.392031862680142,0.381567,0.23540800000000006,-0.8160499999999999,-0.13058900000000007,-0.09606999999999988,-0.885436,0.5121560000000001,0.33147799999999994,0.06938600000000006,0.0,0.5193181467604178,single,-0.8160499999999999
94,0.783333,jog,-1.2053282131285559,-0.688107524300967,-0.013080523220918723,-0.4022839203253744,0.20972878803945957,-0.0768159509457154,-0.9941197647905957,-0.3487339493579865,0.7340693627745191,-0.12924516980679282,0.004200168006721177,-0.13056522260890538,-2.6354108286554254,-3.2258580634816476,1.1952956217396453,-7.877430181813368,-6.048483869033787,12.12577004220351,14.372349764986085,2.0161612896745527,1.7281382482946726,0.3833270000000002,0.2382359999999999,-0.8098240000000001,-0.1216219999999999,-0.09030099999999996,-0.8864150000000001,0.5049490000000001,0.32853699999999986,0.07659099999999996,0.0,0.693726553348408,single,-0.8098240000000001
95,0.791667,jog,-1.1799856011518866,-0.6973842092632717,-0.11939044876410745,-1.2560249640766408,0.9760889106386139,-0.042839542362289276,-1.2550995920326442,-0.2829373650107802,0.9696424286057047,-0.0197984161267062,0.02027837772976511,-0.09215262778977586,3.040870167586888,-1.1131131464248434,-12.756170571536828,-31.31507406312053,7.894958524982698,28.266506579215726,13.132559836823349,1.9292308282989934,4.609142646883757,0.38270099999999996,0.24169000000000018,-0.800748,-0.11195299999999997,-0.08431999999999995,-0.886188,0.4946539999999999,0.32601000000000013,0.08543999999999996,0.0,0.8393131349743457,single,-0.800748
96,0.8,jog,-1.175087003480137,-0.7033481339253413,-0.14364574582983303,-0.5723817265043148,0.19879154506273733,0.2544426290315347,-1.3508940357614334,-0.3621744869795001,1.017160686427451,0.06132245289810705,-0.01764070562821272,-0.076203048121925,0.5878552348193296,-0.7156995874318499,-2.910752077970175,-11.495793079177824,-9.508834989645935,5.702419035370939,9.734893678724697,-4.550472021838194,1.9140261211869432,0.3812359999999999,0.2445329999999999,-0.791075,-0.10165000000000002,-0.07860599999999995,-0.885626,0.4828859999999999,0.32313899999999984,0.09455100000000005,0.0,0.8343485732397509,single,-0.791075
97,0.808333,jog,-1.2146885875435085,-0.7001080043201933,0.02412096483859457,-1.7472834144010332,1.4442790664974436,0.012815965890384334,-1.4963398535941383,-0.4147365894635708,0.9624384975399103,0.02352094083764392,0.04884195367812647,-0.09048361934477435,-4.752380182811929,0.3888311058620075,20.132810592635202,-17.454196307777064,-6.3077046062727895,-6.56692534351868,-4.536362901771688,7.978238246290627,-1.7137370962257874,0.37888900000000003,0.2469110000000001,-0.783256,-0.09133199999999997,-0.07236500000000001,-0.886581,0.470221,0.3192760000000001,0.103325,0.0,0.8241997940628638,single,-0.783256
98,0.816667,jog,-1.190184785217175,-0.7159827213822639,-0.3708903287736899,-1.1914195991573948,-0.8497492827423533,0.820651102096684,-1.9341252699783864,-0.5676745860331179,0.8428125749939943,-0.007199424046083459,0.02087832973363537,-0.07343412526997802,2.940221061475084,-1.9048136623554768,-47.3975634283995,-52.53004756230438,-18.351091501025437,-14.353962388518726,-3.6861488941357266,-3.355366444023385,2.0457756269253906,0.37268900000000005,0.2481469999999999,-0.7731410000000001,-0.08147300000000002,-0.06622400000000006,-0.884102,0.45416200000000007,0.31437099999999996,0.11096099999999998,0.0,0.8721947324026319,single,-0.7731410000000001
99,0.825,jog,-1.177847113884555,-0.7010680427217303,-0.19560782431297674,-0.6318219840259651,0.8680767276700162,0.35494357182395747,-2.123124924997024,-0.6333853354134096,0.7412696507860401,-0.029641185647425836,-0.007320292811723187,-0.04764190567622767,1.4805797831057355,1.7898330325853569,21.034741924962766,-22.680865836870204,-7.8856053498490635,-12.185638330487834,-2.6931191169257866,-3.3839700642456276,3.095190158856424,0.3648119999999999,0.24871100000000013,-0.765334,-0.07190500000000011,-0.060443000000000024,-0.882869,0.436717,0.30915400000000015,0.11753500000000006,0.0,0.9056905544100065,single,-0.765334
100,0.833333,jog,-1.1226449057962273,-0.626665066602642,-0.23172926917076778,0.4819785104901468,0.4542567400633085,0.27307926987881453,-2.4798991959678203,-0.7437897515900782,0.6539061562462449,-0.05040201608064013,0.03900156006241802,0.0463218528741153,6.624529951797363,8.928714282861874,-4.334746772805818,-42.81462510149942,-13.249059903596324,-10.484038706323632,-2.491399307958023,5.558844698684869,11.276102070123915,0.353502,0.24773499999999982,-0.757954,-0.06297000000000008,-0.054896000000000056,-0.880552,0.41647200000000006,0.3026309999999999,0.12259799999999998,0.0,0.8686903684036733,single,-0.757954
101,0.841667,jog,-1.2239020878329758,-0.5922726181905464,-0.42308615310775166,-1.233229596578322,-1.6798392712861019,0.5899379075076403,-2.63714902807774,-0.7889368850491898,0.4745620350371951,-0.04883609311255617,-0.01835853131750283,-0.012359011279098282,-12.149889853221469,4.126763668357965,-22.960989193302428,-18.86847037556019,-5.417222637282367,-21.519572979247478,0.1878957245121125,-6.882660352762228,-7.041140407153003,0.341724,0.24609599999999987,-0.750473,-0.05317700000000003,-0.050113000000000074,-0.8771289999999999,0.39490100000000006,0.29620899999999994,0.126656,0.0,0.9106389218701443,single,-0.750473
102,0.85,jog,-1.1502460098403986,-0.6365054602184116,-0.17100684027361365,-0.6655593391367679,0.44041926312455093,0.6371897608746714,-2.8108724348974183,-0.8775951038041485,0.309132365294614,-0.03660146405856264,-0.02616104644186409,-0.02376095043801735,8.839082922426245,-5.308153369478646,30.2507275691996,-20.847642724070543,-10.639411827068226,-19.85235446328844,1.4682142150478388,-0.9363392684940995,-1.3682874305675234,0.327886,0.24408699999999994,-0.7464719999999999,-0.043897000000000075,-0.04502700000000015,-0.875902,0.3717830000000001,0.2891140000000001,0.12943000000000005,0.0,0.9152020327831181,single,-0.7464719999999999
103,0.858333,jog,-1.223808952358094,-0.8823952958118486,-0.3688947557902193,0.482571196178282,2.750693511179279,-0.28662102237001136,-2.9614784591383505,-0.9541581663266541,0.20256810272410752,-0.006120244809795156,-0.010560422416880547,-0.01548061922476942,-8.82790621837214,-29.507960589635903,-23.747499761983057,-18.073445846745656,-9.187935020101433,-12.788223037382222,3.657892625557105,1.872149768988777,0.9936794927694584,0.3134060000000001,0.24348900000000007,-0.7417100000000001,-0.03375000000000006,-0.03776199999999985,-0.872957,0.34715600000000013,0.2812509999999999,0.1312469999999999,0.0,0.9671438535372638,single,-0.7417100000000001
104,0.866667,jog,-1.1720662347012305,-0.6172306215502573,-0.337652987760979,0.16763624684144493,-2.111646738407363,0.7759812994026506,-3.087113030957538,-1.0052795776337946,0.12994960403167827,-0.01091912646987674,0.0007199424046016947,0.0031197504199670426,6.208629428469371,31.817215534148403,3.7487122665275328,-15.074942622892737,-6.134078630566455,-8.713522761270658,-0.5758197336311028,1.3535354957382177,2.2318658081037395,0.2974460000000001,0.24025499999999989,-0.737813,-0.02407300000000001,-0.032612000000000085,-0.870117,0.3215190000000001,0.27286699999999997,0.13230399999999998,0.0,0.9810352313036639,single,-0.737813
105,0.875,jog,-1.2432497299891987,-0.8599543981759241,-0.5545421816872769,-2.3873628630116714,6.479166651409978,1.1265901337708382,-3.175927037081492,-1.0576023040921545,0.04536181447257745,-0.01440057602304194,0.002640105604220137,-0.005880235209408404,-8.542361129001307,-29.128018315812525,-26.02774438093087,-10.658107059156796,-6.278978334136526,-10.150940784723444,-0.41779065800614257,0.23042880110625635,-1.0800414771841365,0.28134099999999995,0.23860799999999993,-0.732814,-0.013832999999999984,-0.025424000000000113,-0.865545,0.29517399999999994,0.26403200000000004,0.13273100000000004,0.0,0.9737044620644696,single,-0.732814
106,0.883333,jog,-1.0672026881075114,-0.7753510140405644,-0.46345853834152223,0.7119031701039611,2.112135482212986,0.39603201788718745,-3.3049321972878656,-1.1546861874474954,-0.02868114724588842,-0.01008040321612536,0.0008400336013548828,-0.012480499219968738,21.126490085405802,10.152812208731474,10.93047442046733,-15.481238474303758,-11.650532023921818,-8.885510826648934,0.5184414744889669,-0.21601728103507098,-0.7920633638017889,0.262694,0.23544699999999996,-0.729191,-0.0050240000000000284,-0.018955999999999973,-0.8617870000000001,0.267718,0.25440299999999993,0.13259600000000005,0.0,0.9732250611458984,single,-0.729191
107,0.891667,jog,-1.1924646028317805,-0.7502999760019318,-0.38120950323974123,0.6737129667593633,0.21310137737570192,0.9696933366498461,-3.462203023758111,-1.2037437005039715,-0.07691384689224938,-0.010079193664503655,0.01715862730981582,-0.023158147348212123,-15.030227348724475,3.0058840939084193,9.869094684639006,-18.870989497269797,-5.88643065232498,-5.787460960686492,0.00014513458383791665,1.9580745990474,-1.2812152781669601,0.24377800000000005,0.23166799999999999,-0.726655,0.004830000000000001,-0.012559999999999905,-0.8588030000000001,0.23894800000000005,0.2442279999999999,0.13214800000000004,0.0,0.9491104566327655,single,-0.726655
108,0.9,jog,-1.1659666386655487,-0.6188647545901904,-0.29053162126485016,-0.8809428176623052,0.9917012351188488,1.412480647940936,-3.550462018480738,-1.3208928357134218,-0.12012480499219941,-0.005160206408258139,0.017400696027821804,-0.011760470418816808,3.1798828952636056,15.772857483708245,10.881781108231213,-10.591503026836229,-14.05845856347651,-5.185522392889697,0.5903020828327729,0.02904940813704327,1.3677759425651346,0.223908,0.22581800000000007,-0.7252350000000001,0.014503000000000044,-0.007257999999999987,-0.85648,0.20940499999999995,0.23307600000000006,0.13124499999999995,0.0,0.96395525092563,single,-0.7252350000000001
109,0.908333,jog,-1.1621264850594162,-0.712588503540148,-0.359414376575076,0.364205515993246,1.0364840178661903,1.1214039790152452,-3.586343453738175,-1.3484939397575957,-0.22044881795272075,-0.01284051362055445,-0.024240969638763384,-0.03468138725549108,0.46083686621055814,-11.247299765985655,-8.266261287678686,-4.30594446867123,-3.312264975899938,-12.039363129787864,-0.9216737324248627,-4.997199767980987,-2.7506200452027456,0.20370700000000008,0.22051900000000013,-0.724077,0.02407999999999999,-0.0015219999999998013,-0.8537739999999999,0.1796270000000001,0.22204099999999993,0.12969699999999995,0.0,0.9263020047567923,single,-0.724077
110,0.916667,jog,-1.1317494600431874,-0.7636189104871329,-0.36609071274296756,0.40348735683008463,0.8525563086512917,1.1757658315038604,-3.588672906167485,-1.3831293496520252,-0.291576673866087,-0.01415886729061082,0.00899928005757435,-0.00479961603071731,3.6449514058349544,-6.123158980919668,-0.8010962524467828,-0.27951193056275786,-4.155916713994387,-8.534659936808938,-0.1581897852239454,3.9885108826898827,3.585525704916432,0.18323100000000003,0.21535599999999988,-0.7234560000000001,0.033394000000000035,0.004916999999999838,-0.850763,0.149837,0.21043900000000004,0.12730699999999995,0.0,0.9709169351230106,single,-0.7234560000000001
111,0.925,jog,-1.1261250450017892,-0.6645865834633409,-0.3406936277451127,0.1605174597527671,0.4413495175773777,1.3159895821191623,-3.7644305772230706,-1.4879395175807029,-0.3021720868834732,-0.012840513620540955,-0.018720748829931872,0.007800312012480774,0.6749568032399123,11.884354617039678,3.0477721106269966,-21.091764197238085,-12.577723260371686,-1.271500422103223,0.15820876875913356,-3.326536527961851,1.512051847257654,0.161246,0.20849499999999987,-0.723135,0.042671000000000014,0.010299000000000058,-0.847859,0.11857499999999999,0.19819599999999982,0.12472400000000006,0.0,0.9599934000484939,single,-0.723135
112,0.933333,jog,-1.157566302652122,-0.6859474378975287,-0.27733109324373983,-0.1331918318338751,0.6175054178481517,1.3795451511658803,-3.8149525981039574,-1.5655826233049335,-0.35869434777391657,0.01860074402976331,0.0014400576022922224,0.02184087363494579,-3.77310184211364,-2.5634050683052894,7.603808292496512,-6.06288502110731,-9.317545388723307,-6.78294262455825,3.7731018421102305,2.4193935476088178,1.6849347920875009,0.13910200000000006,0.20116500000000004,-0.7238129999999999,0.052472000000000074,0.016027000000000013,-0.845366,0.08662999999999998,0.18513800000000002,0.12155300000000002,0.0,0.9521261726138277,single,-0.7238129999999999
113,0.941667,jog,-1.2126229901607717,-0.6504679625629778,-0.2939764818814415,-0.23413878944947442,0.5372635144789442,1.5033241972870977,-3.8028557715382445,-1.6053515718742415,-0.4532037437005008,-0.034917206623474806,0.07883369330452396,0.001799856011518367,-6.606273999117994,4.257196464428918,-1.997286853575897,1.4515030676401222,-4.77189207695077,-11.340220293566539,-6.421640347160752,9.286493364798554,-2.404729736432358,0.11751500000000004,0.1932069999999999,-0.72514,0.06228699999999998,0.02210499999999982,-0.842901,0.055228000000000055,0.1711020000000001,0.117761,0.0,0.8562679769687085,single,-0.72514
114,0.95,jog,-1.1904476179047319,-0.6455058202328179,-0.3279731189247582,0.3180173967032373,0.13053204353915135,1.788628820409584,-3.9631585263410996,-1.7853114124565181,-0.47077883115324826,-0.007320292811709864,0.07056282251290512,0.012600504020161033,2.6611511167694744,0.5954808988551479,-4.079759635583469,-19.237100060345195,-21.59604471166186,-2.109094858124037,3.311762127896939,-0.9925441967621403,1.2961296062213805,0.09441,0.1837089999999999,-0.72633,0.07214600000000004,0.028071999999999875,-0.840063,0.02226399999999995,0.15563700000000003,0.11373299999999997,0.0,0.8799135576460877,single,-0.72633
115,0.958333,jog,-1.197887915516608,-0.6812672506900432,-0.24804992199688375,-0.4005507338732816,0.6461507853546412,1.2742489260421745,-3.901356054242145,-1.777511100444016,-0.5089403576143018,-0.02460098403936276,0.025441017640717642,0.08688347533901349,-0.8928714282822651,-4.291543316599689,9.591167278036018,7.416593315607161,0.9360748844956263,-4.579566357980724,-2.0737658979542566,-5.414833177989594,8.914313130787487,0.071882,0.174574,-0.7285039999999999,0.08192299999999997,0.03396100000000013,-0.837272,0.010040999999999967,0.14061299999999988,0.10876800000000009,0.0,0.8436422186734925,single,-0.7285039999999999
116,0.966667,jog,-1.237101031917442,-0.6226301895848151,-0.2572594192464492,-0.03907390975182088,0.4649319632748045,1.6066350769671154,-3.9823614110870857,-1.8737700983920966,-0.5634749220062358,-0.026637868970488816,0.019318454523620646,0.029277657787376926,-4.705197552295863,7.035884461870375,-1.105051265846576,-9.719865232174262,-11.550155741310276,-6.543624237093068,-0.2444066392039887,-0.7346488021474622,-6.912145134585567,0.04900300000000002,0.16414700000000004,-0.731056,0.09201099999999995,0.039310999999999874,-0.8348840000000001,0.043007999999999935,0.12483600000000017,0.10382800000000003,0.0,0.9265917050935719,single,-0.731056
117,0.975,jog,-1.2512900516020713,-0.6385455418216944,-0.2084483379335312,0.07461020347648849,0.579270459717753,1.5728261834537158,-3.919356774271009,-1.8807152286091773,-0.5979839193567815,-0.00756030241208746,0.020760830433241614,0.023880955238209482,-1.7027504721744147,-1.9099186651721456,5.857564060112615,7.560858852283352,-0.8334489640082463,-4.141245331878796,2.2893995629907034,0.1730920328358312,-0.6476302111085436,0.02676999999999996,0.15379600000000004,-0.734302,0.102375,0.044805000000000206,-0.8329479999999999,0.07560500000000003,0.10899099999999984,0.0986459999999999,0.0,0.945776433067208,single,-0.734302
118,0.983333,jog,-1.2398895955838192,-0.6347053882155113,-0.21984879395175053,0.11016543431596701,0.1769504371377136,1.587329988239598,-3.941437657506282,-1.9125165006600024,-0.5972638905556175,-0.01992079683187313,0.019200768030713706,0.023760950438017868,1.368109446568112,0.4608368662166274,-1.368109446564175,-2.649811980711953,-3.8163052983109367,0.08640691241618387,-1.483318663120799,-0.18721497690242425,-0.014401152069076419,0.004257999999999984,0.14314800000000005,-0.737447,0.112541,0.05025400000000002,-0.830918,0.10828300000000002,0.09289400000000003,0.09347100000000008,0.0,0.9392159924837684,single,-0.737447
119,0.991667,jog,-1.2985361171106384,-0.6444684425246034,-0.1745860331173497,0.3302706478080494,0.4835197948776975,1.63791443743735,-3.9514038876890125,-1.9329253659707515,-0.615070794336459,-0.02999760019199483,0.057955363570916,0.0820734341252701,-7.03701962164862,-1.171472799267128,5.431096812383141,-1.1958519537713739,-2.44886792785567,-2.136657521099303,-1.2091196736407195,4.650179450468263,6.996938287407315,-0.01785100000000006,0.13240999999999992,-0.741118,0.12311299999999992,0.05610800000000005,-0.828779,0.14096399999999998,0.07630199999999987,0.08766099999999999,0.0,0.8252404129713649,single,-0.741118
120,1.0,jog,-1.3099723988959548,-0.6337453498140009,-0.15240609624384832,0.5657517936322553,0.23528980529589283,1.6072260707405084,-3.9281171246849724,-2.0085203408136243,-0.6325453018120696,-0.040081603264123855,0.0471618864754427,0.020040801632065258,-1.3724087105863876,1.2868225981762296,2.661698892775864,2.794523341418456,-9.071759851538761,-2.09702477806439,-1.2101287738064304,-1.2952690622192793,-7.444213667731259,-0.03966800000000004,0.120954,-0.7451190000000001,0.133695,0.061782000000000004,-0.827342,0.17336300000000004,0.059172,0.08222299999999994,0.0,0.891571680280358,single,-0.7451190000000001
121,1.008333,jog,-1.3684147365894823,-0.6471858874355011,-0.07488299531982175,0.8110045671517725,0.42323569984731163,1.6636538521805986,-3.985959438377571,-2.069722788911577,-0.5732629305172263,-0.045721828873151106,0.07728309132366433,0.04176167046681919,-7.013361057665667,-1.61292903174131,9.30314423665274,-6.941355297323778,-7.344587555256604,7.1141691221461425,-0.6768541472491663,3.6146891693534027,2.606608524511476,-0.06147999999999998,0.10909999999999997,-0.7492719999999999,0.1447170000000001,0.06781900000000007,-0.8263699999999999,0.20619700000000007,0.0412809999999999,0.077098,0.0,0.8349478284482049,single,-0.7492719999999999
122,1.016667,jog,-1.341492680585539,-0.6471082313414854,-0.1202303815694672,0.6842447029790385,-0.48130306758062313,1.6461563455470232,-4.051835853131721,-2.137628989680799,-0.5562754979601591,-0.01871850251980367,0.04211663066954494,0.0647948164146862,3.2303882894100275,0.009317985843012366,-5.441251049873424,-7.904537407505388,-8.148092244926977,2.038328840540811,3.2401399512055713,-4.219637707477696,2.763756413230961,-0.08406800000000003,0.09667800000000004,-0.7529060000000001,0.15574100000000002,0.07356300000000005,-0.824828,0.23980900000000005,0.023114999999999997,0.07192199999999993,0.0,0.8674757763259063,single,-0.7529060000000001
123,1.025,jog,-1.3681747269890914,-0.6390255610224497,-0.014760590423615187,1.0226765301802163,0.011441465346870546,1.6026433312848753,-3.95151806072246,-2.15444617784712,-0.5826233049322007,-0.023760950438021518,0.022200888035533835,0.07464298571942916,-3.2019736473722156,0.9699592366537658,12.656881212750868,12.038616633776819,-2.0181433056907454,-3.161863311177473,-0.6051179549043434,-2.3899847154699736,1.1818275896727541,-0.105595,0.08405000000000018,-0.757638,0.16694399999999998,0.07907300000000017,-0.824083,0.272539,0.004977000000000009,0.06644499999999998,0.0,0.8643018309261801,single,-0.757638
124,1.033333,jog,-1.3452538101523757,-0.6757470298811764,0.08568342733709107,1.4289728572333575,-0.482105414635868,1.4119313815801062,-3.916476659066294,-2.1327253090123377,-0.622824912996509,-0.033361334453377606,0.002880115204584368,0.061922476899075186,2.7506200452076452,-4.406752533148457,12.053764281855814,4.205136404196039,2.6066085245147845,-4.824385943154636,-1.1520921655293315,-2.3185854831332207,-1.5265221193272236,-0.12702100000000005,0.071909,-0.763542,0.17787599999999992,0.08472799999999991,-0.824281,0.304897,0.012818999999999914,0.06073899999999999,0.0,0.8826725043424473,single,-0.763542
125,1.041667,jog,-1.4769618430525857,-0.6855051595872556,0.10547156227501558,1.234105012004907,0.14456480009478803,1.03335162393977,-3.9520038396928956,-2.2433405327574274,-0.48500119990401735,-0.04271658267337638,-0.018718502519777528,0.06539476841852739,-15.803699652053343,-1.1708818941779853,2.3743862416516546,-4.262920641540969,-13.27276502820876,16.537522569293767,-1.122539983201218,-2.5916267967797344,0.41664165100219164,-0.147648,0.058926000000000034,-0.768463,0.18982900000000003,0.09028500000000017,-0.824615,0.337477,0.03135900000000014,0.05615199999999998,0.0,0.8661306139429271,single,-0.768463
126,1.05,jog,-1.4780991239649355,-0.6239049561982315,0.09084363374534915,0.5035973266000358,-0.4382235450639165,0.4263166199462648,-3.84927397095877,-2.241449657986277,-0.5225009000359919,-0.04692187687507781,-0.03468138725548766,0.1286451458058304,-0.1364791686487159,7.392320099486737,-1.7554216404255585,12.328077371189703,0.226914049100029,-4.500144021597733,-0.5046554904237799,-1.91562279319691,7.590348900432245,-0.16740699999999997,0.045447000000000015,-0.773574,0.20175500000000002,0.09519500000000014,-0.8243,0.369162,0.049748000000000125,0.05072600000000005,0.0,0.7645687485883711,single,-0.773574
127,1.058333,jog,-1.5324612984519592,-0.685587423496929,0.14616584663387297,0.7664825892193895,-0.40520337040124776,0.6798556924300478,-3.9251170046802315,-2.255130205208219,-0.41029641185647864,-0.05268210728430124,-0.025441017640717982,0.15276611064442674,-6.523721887318401,-7.402192163530312,6.6389311038670735,-9.101528107699773,-1.6417313358865313,13.465077184629102,-0.6912552993187908,1.1088887093207442,2.8946315658942248,-0.18734499999999998,0.03236799999999995,-0.778211,0.214086,0.1006959999999999,-0.824245,0.401431,0.06832799999999994,0.04603400000000002,0.03966000000000003,0.7273579148818038,single,-0.778211
128,1.066667,jog,-1.6259899208063207,-0.7516198704103672,0.1919846412286924,0.4683010632536676,0.4325392973786678,0.6822013712932562,-3.8366930645548036,-2.2548596112311015,-0.38780897528197433,-0.05651547876169854,-0.04547636189103723,0.1923446124310041,-11.222536879572921,-7.9232597688310085,5.4978155261362,10.610024013130213,0.03246867975974366,2.6982765268183506,-0.459967779865283,-2.4040489861194017,4.749040291165952,-0.20576899999999998,0.019839999999999858,-0.7830429999999999,0.22716599999999998,0.10658100000000004,-0.8242419999999999,0.43293499999999996,0.08674100000000018,0.041198999999999986,0.08801000000000003,0.6573852634933739,single,-0.7830429999999999
129,1.075,jog,-1.6980679227169237,-0.7909516380655315,0.2485299411976556,0.4274886572517234,0.7584856148666788,0.7218830599398027,-3.8287531501260355,-2.338293531741288,-0.4242169686787506,-0.06552262090482905,-0.08604344173767974,0.22104884195367974,-8.649706217521151,-4.720000918656509,6.785707424572626,0.9528278445659729,-10.012470960060886,-4.369133972972109,-1.0809002931873986,-4.8682443113696,3.444645328534251,-0.22352399999999994,0.006945999999999897,-0.788649,0.24077000000000004,0.11245499999999997,-0.8244710000000001,0.464294,0.10550900000000007,0.03582200000000002,0.14177999999999996,0.5898534196799397,single,-0.788649
130,1.083333,jog,-1.591983679347146,-0.7394695787831385,0.273370934837389,0.9030652674405873,-1.0726944262409872,0.22999316265134293,-3.7992319692787104,-2.365174606984235,-0.4489379575182922,-0.0738029521180873,-0.05652226089044785,0.24804992199687545,12.730618429110269,6.178094237656561,2.9810384783070893,3.5426834090153014,-3.2258580634761125,-2.96663732623799,-0.993679492770683,3.542683409004124,3.2402592155520504,-0.241917,-0.006601000000000079,-0.794668,0.253421,0.11814599999999986,-0.824682,0.495338,0.12474699999999994,0.030013999999999985,0.19985999999999987,0.5585050474676077,single,-0.794668
131,1.091667,jog,-1.7656587473002403,-0.9796016318694762,0.2660187185025278,0.14561884529784772,-0.5070740563289385,1.197178008547824,-3.7044636429086357,-2.300215982721415,-0.3226541876649942,-0.07487401007919003,-0.0808735301175731,0.33897288216943383,-20.839341007091143,-28.81354128705812,-0.8821953845525986,11.371289461252282,7.794411358629852,15.15284015518363,-0.1285166739984113,-2.921918553770784,10.909882430112804,-0.25807500000000005,-0.017606999999999928,-0.799574,0.26751199999999997,0.12563600000000008,-0.8240740000000001,0.525587,0.143243,0.024500000000000077,0.25500000000000006,0.5,flight,-0.799574
132,1.1,jog,-1.7285491419656585,-0.7391095643825655,0.21072842913715936,0.501854263534398,-1.8761175810972779,-0.1440464832801753,-3.651626065042536,-2.3393735749429583,-0.2887315492619644,-0.14208568342734348,-0.12432497299892221,0.3385335413416482,4.45333077338068,28.86020250652905,-6.635100127849208,6.3407629744508265,-4.699099030546329,4.070879443541244,-8.0657234307155,-5.214381721030644,-0.05272300825460464,-0.27409999999999995,-0.030941999999999914,-0.803736,0.280732,0.13075900000000007,-0.823009,0.554832,0.16170099999999998,0.019272999999999985,0.30727000000000004,0.5,flight,-0.803736
133,1.108333,jog,-1.641065642625719,-0.7304692187687518,0.41809672386895036,1.1314267732896388,-0.9512018417203052,-0.5929317218479676,-3.513260530421252,-2.3100924036961676,-0.13872554902196266,-0.2080883235329315,-0.2172086883475466,0.4264970598823977,10.498439858387156,1.0368829489756077,24.885190775446166,16.604528335687657,3.513881104859103,18.001440086403832,-7.920633638016154,-11.14649170150309,10.556044466668705,-0.289701,-0.04410499999999995,-0.808376,0.29267300000000007,0.13503599999999993,-0.822939,0.5823740000000001,0.17914099999999988,0.014562999999999993,0.35436999999999996,0.5,flight,-0.808376
134,1.116667,jog,-1.5859131269498228,-0.7710583153347724,0.19798416126710197,-0.30565418389612353,-1.751937296957606,-1.1860492942841054,-3.383849292056607,-2.1893448524118018,-0.1144708423326121,-0.2230621550276027,-0.17146628269737121,0.39404847612190835,6.6177724593107605,-4.870301963765335,-26.41139460065355,15.528106355248871,14.488547070358166,2.910331976163952,-1.7967160420771657,5.488649586054121,-3.8935185697731125,-0.30468500000000004,-0.055925,-0.81098,0.30403099999999994,0.14003300000000007,-0.821305,0.608716,0.19595800000000008,0.010324999999999918,0.39675,0.5,flight,-0.81098
135,1.125,jog,-1.77283091323655,-0.8329533181327166,0.1742469698787978,-0.6071109689634794,-1.8891611164970965,-0.4433391604406328,-3.2287291491659977,-2.1137645505820317,-0.018600744029761643,-0.2257290291611711,-0.21780871234851057,0.44977799111964906,-22.431031595671307,-7.42769744365111,-2.8485769096729117,18.615161753343415,9.06999901953327,11.504871991221808,-0.32003769753611144,-5.561314010697202,6.68780931210143,-0.316817,-0.06659800000000005,-0.812587,0.31692299999999995,0.14515899999999982,-0.819009,0.63374,0.21175699999999986,0.006422000000000039,0.43578000000000006,0.5,flight,-0.812587
136,1.133333,jog,-1.7639505580223391,-0.831513260530451,0.31501260050402163,-0.2615117846874707,-1.4360373016237782,-0.6304916997157181,-2.979119164766616,-1.9674786991479898,0.041521660866434926,-0.23328933157325857,-0.07320292811712528,0.6137045481819321,1.0656852531154464,0.17281382482485574,16.892551377082096,29.95439630377821,17.555004372260083,7.214977186631119,-0.9072725803537184,17.353388243296124,19.6719737264232,-0.326943,-0.07606399999999991,-0.814866,0.329678,0.151478,-0.81652,0.656621,0.2275419999999999,0.0016540000000000443,0.48346,0.5,flight,-0.814866
137,1.141667,jog,-2.0269978401727764,-0.9061675065994522,0.7315814734821181,0.5667872042168968,2.3942479534208263,0.29339090682464875,-2.749340052795757,-1.8086153107751246,0.02951763858891221,-0.30345572354211475,-0.19966402687783477,0.4935205183585282,-31.56314880614774,-8.957792904847684,49.98426601608991,27.57128773348419,19.062081638212618,-1.4403674439072023,-8.419293492783256,-15.174117921851275,-14.420929904416,-0.33296299999999995,-0.08358500000000002,-0.820717,0.34404200000000007,0.157366,-0.818504,0.6770050000000001,0.24095100000000003,0.0022130000000000205,0.5,0.4778699999999999,flight,-0.818504
138,1.15,jog,-1.8066722668906836,-0.9048361934477451,0.33445337813512654,-0.03797990116046481,-1.5746545710480186,-0.7512523342782603,-2.4557782311292686,-1.6017040681627408,-0.00972038881555244,-0.3836553462138527,-0.2313692547701845,0.5771030841233695,26.44012639890733,0.15976396876360305,-47.65727773274873,35.22882775308908,24.83034232717937,-4.7087516386013455,-9.624339694196411,-3.8047795382635323,10.030309104145214,-0.338372,-0.08939200000000003,-0.823585,0.3559,0.16297800000000007,-0.816482,0.694272,0.2523700000000001,0.0071029999999999704,0.5,0.42897,flight,-0.816482
139,1.158333,jog,-2.028921156846239,-0.9999999999999867,0.5030601224048842,1.1510850562865194,0.5253388825904942,0.35103493821678405,-2.1056042241689275,-1.3571342853713928,-0.03444137765510507,-0.47185887435497154,-0.2578903156126414,0.5783031321252754,-26.67093363201147,-11.420113590812418,20.233618657116846,42.022561737709715,29.34954791687792,-2.966637326239313,-10.584846770804905,-3.182654607279066,0.14401152068952988,-0.339011,-0.092368,-0.8280639999999999,0.36887499999999995,0.16916199999999992,-0.815855,0.707886,0.26152999999999993,0.012208999999999914,0.5,0.37791,flight,-0.815855
140,1.166667,jog,-1.8803695704344,-0.9460043196544459,0.17206623470123272,-0.1469525575692552,-1.7743541187181968,-0.6908231499480084,-1.718742500599985,-1.1676265898728244,-0.13690904727622089,-0.5595152387809049,-0.3018958483321347,0.645188384929217,17.82476438826998,6.478963324399068,-39.71608923729995,46.41969325281375,22.73910433148212,-12.295136743594643,-10.51792229732842,-5.280241507018729,8.025588289409997,-0.337664,-0.09421499999999994,-0.830639,0.37988299999999997,0.17452999999999996,-0.811912,0.7175469999999999,0.2687449999999999,0.01872700000000005,0.5,0.31273000000000006,flight,-0.811912
141,1.175,jog,-1.889475579023129,-0.960518420736814,0.1840873634945408,-0.08854174863775045,-1.854405239897238,-0.8139144839081232,-1.4089763590543376,-0.9566782671306793,-0.23340933637345113,-0.5852634105364136,-0.3552142085683187,0.5835833433337239,-1.0927647412371246,-1.7417618003561641,1.442593158923301,37.17342392243393,25.314811321509836,-11.58049791158389,-3.089904206829263,-6.39845916670864,-7.392900707487352,-0.33366,-0.09418300000000002,-0.834118,0.39075099999999996,0.17957400000000012,-0.808583,0.7244109999999999,0.27375700000000014,0.025534999999999974,0.5,0.24464999999999998,flight,-0.808583
142,1.183333,jog,-1.920676827073106,-0.9561982479299229,0.24072962918516388,-0.39916564216064454,-1.0498798279225856,-1.068216706248605,-1.0793231729269273,-0.7751110044401838,-0.339853594143769,-0.5609024360974437,-0.3037321492859815,0.5192607704308216,-3.7442995379787978,0.5184414744859186,6.7973437766258975,39.55996473387896,21.788943080582882,-12.773821885313671,2.9234338700312152,6.178094237650024,-7.719017509048699,-0.32664899999999997,-0.09267400000000003,-0.838956,0.40208200000000005,0.18501100000000004,-0.806262,0.728731,0.27768500000000007,0.032694,0.5,0.17306,flight,-0.806262
143,1.191667,jog,-1.8957283417326412,-0.9448044156467468,0.03179745620349864,-1.036614133953418,-1.2723263025886091,-1.3794133660447947,-0.747300215982717,-0.6589872810175066,-0.4359251259899172,-0.6273098152147792,-0.46760259179265773,0.5825533957283371,2.9935787545554007,1.3671505019409713,-25.069855169386088,39.839567667891494,13.933732112152184,-11.527661608609007,-7.968248034237463,-19.662880070395364,7.5945074751037875,-0.317078,-0.09029199999999993,-0.842854,0.412653,0.18898800000000004,-0.8016719999999999,0.729731,0.27928,0.04118200000000005,0.5,0.08818000000000004,flight,-0.8016719999999999
144,1.2,jog,-2.0853234129365403,-1.0040801632065257,0.2568102724109025,-0.4279663589714997,4.891900638080045,-0.7176777762717585,-0.34717388695547885,-0.4803792151686086,-0.5670226809072406,-0.6708268330733271,-0.4411376455058258,0.5647425897035951,-22.752318637213598,-7.113374242143223,27.002618049610692,48.01708016647568,21.43382525487815,-15.732335883514297,-5.222251033067117,3.175920591243511,-2.137382218257783,-0.302594,-0.085928,-0.849719,0.42444000000000004,0.19367899999999993,-0.799106,0.727034,0.27960699999999994,0.05061300000000002,0.5,0.0,flight,-0.799106
145,1.208333,jog,-1.9794791791671298,-1.008760350414002,0.06480259210368121,-0.6397472263547355,0.34118654220752753,-1.5508009864492938,-0.0381615264610593,-0.4540981639265503,-0.6368654746189744,-0.8292331693267552,-0.6218648745949753,0.7375495019800645,12.701816124974043,-0.5616449306943626,-23.041843310598573,37.08296657799281,3.1538523031390686,-8.381470504228071,-19.009520731240283,-21.688135016098204,20.737658979535144,-0.28641700000000003,-0.08130599999999999,-0.8555659999999999,0.43402500000000005,0.19690299999999994,-0.7935,0.720442,0.27820899999999993,0.062065999999999955,0.5,0.0,flight,-0.7935
146,1.216667,jog,-1.9216462682985729,-0.9126469882409582,0.015118790496769006,-0.21875168899749386,-1.4557178730205675,-1.4390491368966667,0.17614590832733681,-0.37377009839214653,-0.625389968802507,-0.9077273818094778,-0.6427885769138658,0.7656587473002303,6.939394152694746,11.532680846297756,-5.9615792664882585,25.714834987809,9.638596776386523,1.3769505419327583,-9.418552013765789,-2.510643426792766,3.3728396112510586,-0.268934,-0.07681500000000008,-0.860904,0.442475,0.19915199999999988,-0.7872450000000001,0.711409,0.27596699999999996,0.07365899999999992,0.5,0.0,flight,-0.7872450000000001
147,1.225,jog,-1.8573142925716726,-0.8913956558262163,-0.1942877715108615,-0.9229022992479294,-0.1945979256926397,-1.4211849629672395,0.16584663386535103,-0.17256690267609676,-0.4428177127085013,-1.0361214448577798,-0.7196687867514344,0.7977919116764549,7.7201458930636235,2.550261900245002,-25.129792632620525,-1.2359623739332293,24.145349299897546,21.909547113164823,-15.407903881951253,-9.225994220276881,3.8561339705057045,-0.252075,-0.07082500000000003,-0.862975,0.449318,0.20058300000000007,-0.778978,0.7013929999999999,0.2714080000000001,0.0839970000000001,0.5,0.0,flight,-0.778978
148,1.233333,jog,-1.785431417256707,-0.8111124444977957,-0.19428777151086665,0.34256027890472296,-1.350699139540722,-1.366718898465839,0.22428897155886554,-0.14772590903636065,-0.2457698307932341,-1.1464058562342638,-0.8301932077283409,0.839793591743678,8.626290089399529,9.634370734239921,-6.195292289099994e-13,7.013361057664111,2.981038478307492,23.646691697500177,-13.234658751528267,-13.26346105567113,5.04040322419578,-0.23532799999999998,-0.06529699999999994,-0.863404,0.45464299999999996,0.20042399999999994,-0.770361,0.6899709999999999,0.2657209999999999,0.09304299999999999,0.5,0.0,flight,-0.770361
149,1.241667,jog,-1.7843772498199968,-0.8072954163666792,-0.1867050635949112,-0.4073571958571039,-0.19508954129457132,-1.5185213405301827,-0.03527717782577231,-0.05903527717783108,-0.1441084713222932,-1.241060715142778,-1.1166306695464054,0.9251259899207986,0.12648997320736197,0.45800673519516166,0.909852161741707,-31.14544629045307,10.642024461066582,12.198387265531572,-11.357674455065201,-34.3697458385004,10.239068655761942,-0.220751,-0.05906100000000003,-0.863049,0.45917099999999994,0.19784600000000008,-0.761095,0.6799219999999999,0.2569070000000001,0.10195399999999999,0.7338708817256039,0.0,single,-0.761095
150,1.25,jog,-1.741389655586239,-0.7983919356774368,-0.33433337333493107,-0.4503797235621628,0.5770972653793207,-1.4436642763670124,-0.26761070442818075,-0.05364214568582495,-0.15036601464058666,-1.427817112684516,-1.0830433217328865,0.8351134045361882,5.158717656757261,1.0684604211259434,-17.716105813035067,-27.88113843782678,0.6472016671074261,-0.7509352356046453,-22.41166417157564,4.030642963340839,-10.801942323846305,-0.20847000000000002,-0.052854999999999985,-0.8615160000000001,0.461784,0.19547400000000004,-0.75135,0.670254,0.24832900000000002,0.1101660000000001,0.5,0.0,flight,-0.75135
151,1.258333,jog,-1.7095883835353614,-0.713188527541112,-0.44809792391696257,0.5606010948320685,1.453593532995502,-1.2308094519758415,-0.3298931957278323,-0.06852274090963559,-0.2532101284051386,-1.7062282491299752,-1.34141365654629,0.9145565822632976,3.816305298317276,10.224817969077842,-13.652292161530365,-7.474197923875213,-1.785742856571556,-12.341787323239279,-33.410672800367415,-31.00568040482489,9.533562669760006,-0.19697299999999998,-0.04748299999999994,-0.859892,0.46181200000000006,0.19023899999999994,-0.739995,0.6587850000000001,0.23772199999999988,0.11989700000000003,0.5,0.0,flight,-0.739995
152,1.266667,jog,-1.742260619150452,-0.8333333333333245,-0.38744900407967514,-0.7853672026519727,3.214854431547124,-1.7125163637219292,-0.30045596352291665,-0.026037916966645196,-0.3468922486201075,-1.8586513078953546,-1.3382529397648049,0.8492920566354628,-3.920354645439205,-14.416223397193619,7.277288197418643,3.5321852897666726,5.09777105147469,-11.240955149384225,-18.28930390753279,0.37925567332434396,-7.831116586013235,-0.184957,-0.040754999999999986,-0.8595539999999999,0.46084200000000003,0.18603099999999995,-0.729688,0.645799,0.22678599999999993,0.12986599999999993,0.5,0.0,flight,-0.729688
153,1.275,jog,-1.688707548301951,-0.7271090843633723,-0.35461418456737753,-0.1727939723402582,2.375851645701982,-1.7446221488345028,-0.15108604344173693,-0.0349213968558795,-0.28525141005640536,-2.036841473658967,-1.5179407176287083,0.8418336733469441,6.426625566842856,12.747419773185307,3.9403359549139454,17.92510741403829,-1.066060229117291,7.397196515504942,-21.383675238643235,-21.56339587950379,-0.8950417962940999,-0.17214399999999996,-0.0349870000000001,-0.8589760000000001,0.45794100000000004,0.17944099999999996,-0.7197180000000001,0.630085,0.21442800000000006,0.139258,0.5,0.0,flight,-0.7197180000000001
154,1.283333,jog,-1.6223448937957172,-0.8795151806072125,-0.46189847593902844,-0.6017862457642325,1.1934488401705263,-1.6886063970443659,-0.08232329293171822,-0.07848313932556354,-0.15096603864154245,-2.067442697707875,-1.6949477979118899,0.7767910716428496,7.963837094231672,-18.28946312778561,-12.874629949795876,8.251860135607524,-5.227618201090038,16.11488916534988,-3.6722937776199704,-21.241699301953496,-7.805424421468073,-0.15931100000000004,-0.028312000000000004,-0.8563850000000001,0.45423199999999997,0.17264599999999997,-0.709396,0.613543,0.20095799999999997,0.14698900000000004,0.684971462753694,0.0,single,-0.709396
155,1.291667,jog,-1.6613870890329119,-0.7449004079673758,-0.4154067674586203,0.5164178348636648,2.0800523876615067,-1.191415570702113,0.00287976961843013,-0.1973842092632636,-0.05831533477321929,-2.1556275497960584,-1.7233021358291647,0.7041036717062783,-4.684688653371178,16.152480518339242,5.5785587329504445,10.223549622048234,-14.266987033561595,11.117195088591904,-10.581335743722736,-3.4022483702034267,-8.721790249168782,-0.14544100000000001,-0.02374900000000002,-0.853409,0.450113,0.16449199999999997,-0.700066,0.595554,0.188241,0.153343,0.6569357955731427,0.0,single,-0.700066
156,1.3,jog,-1.6530661226448746,-0.6947077883115256,-0.43621744869793355,0.9908380538393992,2.274839314218668,-0.8782443089848512,0.0007200288011527536,-0.14616584663386908,-0.03672146885875379,-2.4377775111003945,-1.8777151086043073,0.7269890795631707,0.998555908800805,6.023355292913635,-2.4973816439833034,-0.25917926524389034,6.1464493735021755,2.591367564438392,-33.85934973050896,-18.530297944934592,2.746358797178929,-0.13166000000000003,-0.01917800000000003,-0.8500800000000001,0.443574,0.15463400000000005,-0.690373,0.575234,0.17381200000000008,0.15970700000000004,0.7488170242033894,0.0,single,-0.690373
157,1.308333,jog,-1.7016680667226876,-0.803912156486268,-0.27673106924277585,-0.8145028920457057,2.853668690346124,-1.3868834943998194,0.002280091203650447,-0.10512420496819824,-0.010440417616705213,-2.448337933517367,-1.9114364574583222,0.6272650906036277,-5.832466588001125,-13.10504838290453,19.139131099863093,0.18721497689880084,4.925194007640852,3.1538523031379833,-1.267301382091985,-4.046723731431082,-11.967357369440052,-0.11746099999999998,-0.013355000000000006,-0.847861,0.437352,0.145405,-0.68284,0.554813,0.15876,0.16502099999999997,0.8238900311507992,0.0,single,-0.68284
158,1.316667,jog,-1.5959923206143396,-0.723662107031433,-0.41912646988240243,0.23856644202445906,1.3148322305569042,-0.6581347790073295,-0.006959443244540683,-0.07223422126229744,-0.028317734581233298,-2.640628749700004,-1.9970002399807818,0.5632349412046997,12.680075126991499,9.629235595732474,-17.08608119025984,-1.1086554413476195,3.946482326121977,-2.1451064272291758,-23.07305209774843,-10.26683255609058,-7.683003287608284,-0.10421799999999998,-0.007925999999999989,-0.844604,0.428646,0.13479300000000005,-0.6746530000000001,0.532864,0.14271900000000004,0.16995099999999996,0.870169868851452,0.0,single,-0.6746530000000001
159,1.325,jog,-1.6133445337813674,-0.5961838473538963,-0.4389775591023741,1.1208348505487131,0.9910795513542201,-0.3376199090620473,-0.030721228849154993,-0.02628105124204623,-0.021840873634944958,-2.776071042841734,-2.100204008160344,0.5311412456498324,-2.08234887399832,15.298003081427797,-2.3822259954364426,-2.851528333687091,5.514600986469654,0.7772544037307572,-16.253725326020824,-12.384947579450772,-3.8513975224850103,-0.09102999999999997,-0.0031769999999999854,-0.841128,0.4189570000000001,0.12226000000000004,-0.666569,0.5099870000000001,0.12543700000000002,0.17455900000000002,0.9234146932150014,0.0,single,-0.666569
160,1.333333,jog,-1.5517820712828205,-0.6426257050281897,-0.3729749189967533,0.5491737669310439,0.0371664755212957,-0.19630553988089391,-0.023160926437056924,-0.019920796831872863,-0.025081003240129268,-2.967838713548497,-2.171486859474351,0.39721588863553603,7.387791011465959,-5.573245850749144,7.920633638019884,0.9072725803549666,0.7632610596631771,-0.38883110586634506,-23.01304100645142,-8.554284329053841,-16.071685709143654,-0.078292,0.0020120000000000138,-0.838229,0.407157,0.10951999999999995,-0.6601509999999999,0.485449,0.10750799999999994,0.17807800000000007,0.9341229389238541,0.0,single,-0.6601509999999999
161,1.341667,jog,-1.6683465322774496,-0.7435805135589304,-0.3244540436765035,0.13688435283598402,-0.30154552831930503,-0.43127415682920495,-0.018238540916728597,-0.026877849772018986,-0.029637628989681888,-3.184545236381151,-2.209383249340083,0.2540196784257317,-13.986616390044546,-12.113607935054308,5.822039275288063,0.5906390113185049,-0.8347795704519144,-0.5467513498383376,-26.002702523717065,-4.547203007647323,-17.182170651524725,-0.06454000000000001,0.00798500000000002,-0.8357720000000001,0.394521,0.09730400000000006,-0.6553300000000001,0.459061,0.08931900000000004,0.180442,0.9267149356722433,0.0,single,-0.6553300000000001
162,1.35,jog,-1.5699027961118182,-0.7009480379215028,-0.2968918756750323,0.1691618365266301,-1.0484834842775868,-0.03290779247935541,-0.01596063842553605,-0.04104164166566032,-0.024840993639745016,-3.1978879155165654,-2.20700828033118,0.19632785311412096,11.81372088871111,5.11610172056004,3.3075924638750425,0.27335923331243334,-1.699723016157577,0.5756192667630851,-1.6011855436714366,0.28500768137560933,-6.923295969231937,-0.051591,0.013484000000000052,-0.8335049999999999,0.380955,0.084754,-0.6512199999999999,0.432546,0.07126999999999994,0.18228500000000003,0.9157346569431976,0.0,single,-0.6512199999999999
163,1.358333,jog,-1.5833433337333618,-0.7367094683787425,-0.2448097923916896,0.0834138511400049,-1.08445533039274,-0.24174988204323203,-0.0038401536061447904,-0.04692187687507906,-0.005880235209408482,-3.3168126725069267,-2.260410416416673,0.0009600384015370304,-1.6129290317465195,-4.291543316601464,6.250099998001099,1.454516358981324,-0.7056564513883105,2.275382026921482,-14.27154170051151,-6.4085126707660285,-23.445075568533028,-0.03842900000000002,0.019232000000000027,-0.8315140000000001,0.36651,0.07205700000000004,-0.6491720000000001,0.40493900000000005,0.05282500000000001,0.182342,0.9209257297901939,0.0,single,-0.6491720000000001
164,1.366667,jog,-1.5712742980561463,-0.654427645788327,-0.1709863210943123,0.16244271039850872,-0.618135047151236,-0.3722596744954602,0.0038396928245745146,-0.057595392368614384,-0.00215982721382254,-3.359731221502257,-2.2273818094552262,-0.1143508519318457,1.448168427791627,9.8730288685403,8.858107907052643,0.9215078510582249,-1.2807194016720955,0.44641324641059676,-5.1498138943280525,3.963115786110687,-13.836199944010302,-0.02530199999999999,0.02420599999999995,-0.830107,0.351605,0.058948,-0.6487,0.376907,0.03474200000000005,0.18140699999999998,0.9037272780546601,0.0,single,-0.6487
165,1.375,jog,-1.5281411256450392,-0.6833073322933085,-0.1536061442457783,0.09049805464492457,-0.8230928134010318,-0.4436246710523393,0.0037201488059526618,-0.046681867274688135,0.010680427217088638,-3.487939517580736,-2.1654866194648092,-0.17628705148206067,5.176187736842365,-3.465701008638159,2.0857046500101015,-0.014345856068865225,1.3096753982870935,1.5408921673960512,-15.385610953855767,7.427719907646412,-7.432641251675931,-0.012536999999999993,0.029511000000000065,-0.828738,0.33527399999999996,0.046597,-0.6488889999999999,0.347811,0.017085999999999935,0.17984900000000004,0.9199460639296237,0.0,single,-0.6488889999999999
166,1.383333,jog,-1.5113404536181578,-0.6839073562942458,-0.06372254890195045,-0.024284464469440232,-0.3636048176608303,-0.8049673332474102,0.0027601104044156313,-0.043201728069126394,0.006720268810752551,-3.533301332053314,-2.198487939517601,-0.3326533061322479,2.016161289677374,-0.07200576034288829,10.78646289977543,-0.11520921655310684,0.41763341000381293,-0.47523801828106604,-5.443635482128699,-3.9603168190078226,-18.764701146068482,7.999999999999674e-05,0.03484999999999994,-0.828151,0.31842499999999996,0.033975999999999895,-0.65113,0.318345,0.0008740000000000414,0.17702099999999998,0.9269861213632017,0.0,single,-0.65113
167,1.391667,jog,-1.5327573794096365,-0.7359011279097682,0.01991840652747759,-0.45114300494018494,-0.1355039758189735,-0.8985443656489914,0.006839452843772625,-0.032277417806570875,0.012239020878329392,-3.6220302375809648,-2.1689464842812387,-0.47048236141108446,-2.5698255089367086,-6.2387534935831575,10.03611176259028,0.489481934168102,1.3108123665173308,0.6621972723274296,-10.646616933963296,3.5446910530792173,-16.53816358037383,0.012911000000000006,0.04071400000000003,-0.828215,0.301013,0.02203299999999997,-0.655217,0.28810199999999997,0.01868100000000006,0.17299799999999999,0.9413484051670301,0.0,single,-0.655217
168,1.4,jog,-1.5000600024001076,-0.724708988359543,0.07116284651385577,-0.3231193438156382,0.009864310466713315,-1.0521430883511254,0.004080163206529049,-0.022800912036484485,0.0009600384015361976,-3.7441497659906746,-2.2884915396615977,-0.5280211208448371,3.923842194831298,1.3431104704458594,6.1495787815166985,-0.3311280015892958,1.1372261814576354,-1.3535320384967355,-14.65492960634957,-14.345980484862602,-6.904927329143546,0.025444999999999995,0.04656300000000002,-0.8288,0.282313,0.009002000000000066,-0.66021,0.256868,0.037560999999999956,0.16859000000000002,0.9613616844160331,0.0,single,-0.66021
169,1.408333,jog,-1.5100204008160074,-0.6831873274930815,0.15192607704307778,-0.49260754147640806,0.24130300132173016,-1.1930895943696465,-0.0019200768030740096,-0.03000120004799809,0.009600384015360055,-3.7997119884794723,-2.1465258610344153,-0.6794671786871357,-1.1952956217328239,4.9827986159199265,9.691975342520173,-0.7200576034564926,-0.8640691241465833,1.0368829489768037,-6.667733407991929,17.036562897777493,-18.17425391123196,0.03801199999999999,0.052006,-0.829986,0.263233,-0.0031920000000000837,-0.667138,0.225221,0.05519800000000008,0.162848,0.9474028393116319,0.0,single,-0.667138
170,1.416667,jog,-1.4619630429565913,-0.667506599472053,0.07859371250300992,-0.1665958681465515,-0.7782186874549233,-1.3148037567661088,-0.0019198464122856431,-0.035637149028077436,0.024238060955124145,-3.856611471082384,-2.1587473002160213,-0.7932565394768576,5.766421629399692,1.8815368395762884,-8.799179810423476,2.764468302933164e-05,-0.6762597768273881,1.7563807223139392,-6.827391721011822,-1.46645538536192,-13.653631004286545,0.05018,0.05727199999999999,-0.830439,0.24327600000000002,-0.015620000000000078,-0.674404,0.19309600000000002,0.07289200000000007,0.15603500000000003,0.9280977554059124,0.0,single,-0.674404
171,1.425,jog,-1.5841833673346646,-0.771150846033833,0.24384975399014608,-0.2080219867489902,0.06699535055810492,-1.1377023444633403,0.007920316812673628,-0.03936157446297722,0.028201128045121204,-4.060602424096894,-2.1404056162246072,-0.8268330733229193,-14.667025606392793,-12.437807099697364,19.83151823918556,1.1808668216679585,-0.44694893014517234,0.47558707428261005,-24.47989355748308,2.2010901225745583,-4.029345235336752,0.063447,0.06337000000000004,-0.832236,0.22264,-0.02703,-0.683326,0.159193,0.09040000000000004,0.14891,0.9182250957805693,0.0,single,-0.683326
172,1.433333,jog,-1.5616224648986115,-0.7435497419896839,0.19152766110645103,-0.12727862293784778,-1.5939587714421075,-1.3433403986193564,-0.008040321612865968,-0.05436217448698438,0.012720508820353162,-3.9951998079923547,-2.0998439937597713,-0.9373574942997788,2.70741658898996,3.3122649758969533,-6.278902302135549,-1.9153532251937768,-1.8001440086412213,-1.8577486169168587,7.848627877659873,4.867589399356334,-13.26346105566548,0.076393,0.06911299999999998,-0.833726,0.202361,-0.03833200000000003,-0.692733,0.12596800000000002,0.10744500000000001,0.14099299999999992,0.9059890057960072,0.0,single,-0.692733
173,1.441667,jog,-1.5957523398128017,-0.7495800335973068,0.3417326613870818,-1.1685061258707643,-0.6526091246013797,-1.061188360295346,0.016438684905207245,-0.025557955363572967,0.03827693784497209,-4.087832973362105,-2.0848332133429204,-0.9898008159347185,-4.095257369113273,-0.7235771067462049,18.023158181021074,2.9372458025045627,3.4562297964256294,3.066526160861379,-11.115090637119009,1.8011495580574484,-6.29269518057827,0.08982899999999999,0.07514699999999996,-0.836255,0.18159199999999998,-0.04946000000000006,-0.70383,0.09176299999999998,0.12460700000000002,0.13242500000000001,0.9185451144878526,0.0,single,-0.70383
174,1.45,jog,-1.6359054362174643,-0.7679107164286694,0.3766950678027159,0.08188881136638504,-1.050317125739694,-0.9189539508136382,-0.010440417616705213,-0.05940237609504713,0.07704308172327008,-4.178687147485936,-2.0669626785071613,-1.082323292931727,-4.818564311131999,-2.199769930560745,4.195656596139974,-3.225621327482624,-4.061492947494836,4.6521233503298145,-10.902937012340328,2.144549962289599,-11.10314136529574,0.103374,0.08105099999999998,-0.8387519999999999,0.160403,-0.06028500000000003,-0.715988,0.057028999999999996,0.14133600000000002,0.12276399999999998,0.8369280914650167,0.0,single,-0.715988
175,1.458333,jog,-1.6333853354133878,-0.7854314172566793,0.4155766230649146,-1.0379235785344312,-0.5798677270900058,-0.9470080520517886,-0.03300132005280123,-0.07776311052441745,0.09348373934957174,-4.370454818192648,-2.040801632065243,-1.0121204848193748,0.3024241934569126,-2.1025682020892393,4.665973270394581,-2.707416588995034,-2.203376266575063,1.9729578334695035,-23.01304100644529,3.1394511510761975,8.42467396044054,0.11671,0.08694800000000003,-0.841436,0.13759500000000002,-0.07074599999999998,-0.7278849999999999,0.020885000000000015,0.157694,0.11355100000000007,0.7900039814766396,0.0,single,-0.7278849999999999
176,1.466667,jog,-1.6511879049676343,-0.7858171346292345,0.43196544276459276,-0.6091647834046209,-0.17469864901835405,-0.7249254062521577,-0.009599232061434877,-0.08819294456442814,0.15502759779217976,-4.347612191024803,-2.0245980321574693,-1.0965922726182125,-2.136137455513183,-0.04628238211605758,1.966501043877905,2.8080259168906645,-1.251479966403994,7.3846722393339554,2.7408959884624307,1.9442764468171292,-10.13580367156699,0.130391,0.09276200000000001,-0.843744,0.115123,-0.08107000000000009,-0.740624,0.015268000000000004,0.1738320000000001,0.1031200000000001,0.7023065670660156,0.0,single,-0.740624
177,1.475,jog,-1.6835473418936462,-0.8427937117484554,0.5118204728188994,-1.0094500297830162,-0.515892146825512,-0.7538016042574559,-0.01968078723148861,-0.0730829233169412,0.18636745469818453,-4.451338053522063,-2.0040801632064857,-1.0806432257290084,-3.8832877626318583,-6.837462752816499,9.582986925993671,-1.209835013806979,1.8132750807016285,3.7609332660511487,-12.447601403727147,2.462242763828531,1.913962185191862,0.144256,0.09917599999999993,-0.846456,0.092059,-0.09074700000000002,-0.753894,0.05219700000000001,0.18992299999999995,0.09256200000000003,0.6647501958021912,0.0,single,-0.753894
178,1.483333,jog,-1.6876275051002194,-0.8138725549022114,0.30877235089404426,0.6639096366293316,-0.47377522828659807,-0.6059912438409225,-0.032401296051841465,-0.05256210248409246,0.22488899555982453,-4.50630025201012,-1.937597503900173,-1.0356414256570357,-0.4896391703556061,3.470677648655254,-24.36674930095488,-1.5265221193271294,2.4625970038220246,4.62276981418941,-6.5957276476727875,7.978238246287462,5.400432025917815,0.158049,0.10552000000000006,-0.847155,0.06857100000000001,-0.10011099999999995,-0.765097,0.089478,0.205631,0.08205799999999996,0.6113138979727339,0.0,single,-0.765097
179,1.491667,jog,-1.7273818094552302,-0.8886489080873491,0.560355171586263,-0.46253535171215165,-0.18991421245820006,-0.5655647447253339,-0.0731941444684419,-0.05147588192944678,0.26433885289176706,-4.643028557715348,-1.9850011999039894,-0.9948404127669735,-4.7701349118083165,-8.972444586649518,30.187523481187526,-4.894750229973617,0.13033603967430696,4.733604191497748,-16.406084197891403,-5.68798848137942,4.895729888416342,0.17183500000000002,0.11249700000000007,-0.849622,0.044272,-0.1092479999999999,-0.7780579999999999,0.127563,0.22174499999999997,0.07156400000000007,0.5348770223758715,0.0,single,-0.7780579999999999
180,1.5,jog,-1.7500300012000642,-0.9105964238569539,0.6631465258610442,-0.8623024692459358,0.2944329737821008,-0.4485931348078417,-0.12024480979239315,-0.013560542421700562,0.2996519860794458,-4.628465138605587,-1.9963998559942695,-1.0136805472218977,-2.717891725049108,-2.633807244642392,12.335455931211099,-5.646305691101845,4.5500227418392605,4.237745492341183,1.7476802003793512,-1.3678934465714903,-2.2609065708537543,0.185416,0.11997199999999997,-0.852651,0.020286000000000002,-0.11829600000000007,-0.792031,0.16513,0.23826800000000004,0.06062000000000001,0.5,0.0,flight,-0.792031
181,1.508333,jog,-1.7886715468618906,-0.8861154446177997,0.6944677787111532,-1.3962191441829557,-0.5864489471227973,-0.6033195521303344,-0.10824432977319358,0.016440657626311653,0.34057362294492094,-4.754830193207772,-1.9176767070682996,-0.9159966398656031,-4.637170966257851,2.937835022099423,3.7587006900407167,1.4401152069122376,3.60028801728219,4.910792855571282,-15.164413128787471,9.447155757346765,11.722537784266832,0.19941899999999999,0.12749300000000008,-0.8556,-0.0044309999999999974,-0.126892,-0.805451,0.20384999999999998,0.2543850000000001,0.050149,0.5,0.0,flight,-0.805451
182,1.516667,jog,-1.8714902807775236,-0.8940484761219016,0.7550995920326308,-0.549530045290217,-0.6195589638664867,-0.5967834048953296,-0.19510439164866525,-0.00611951043916761,0.44672426205903154,-4.7439404847611835,-1.9685625149987755,-0.8812095032397328,-9.937453073629992,-0.9518876294818696,7.275235579730878,-10.422373635165707,-2.7070036075688853,12.737057729074849,1.306660480752115,-6.105808486978106,4.174122465307179,0.21339,0.13489300000000004,-0.85817,-0.02837,-0.13584699999999994,-0.8190879999999999,0.24176,0.27074,0.03908200000000006,0.5,0.10917999999999994,flight,-0.8190879999999999
183,1.525,jog,-1.866314652586121,-0.9816392655706276,0.9342373694947934,-1.417415912457669,2.608785521647249,-1.0228015143650273,-0.23616944677787297,-0.011520460818431041,0.4674186967478737,-4.846753870154852,-1.9793591743669938,-0.7697107884315446,0.6211002269773972,-10.511315186454675,21.49739319118736,-4.928003735654397,-0.6481399711104621,2.4834314999210756,-12.338099771231164,-1.295650950224214,13.380380992222394,0.226974,0.14297700000000002,-0.86206,-0.053206,-0.14416099999999998,-0.833287,0.28018,0.287138,0.02877300000000005,0.5,0.21226999999999996,flight,-0.833287
184,1.533333,jog,-1.822512900515988,-1.0567622704907988,0.5568222728909031,0.7820892128307866,0.9405518883235948,-0.1635009628415225,-0.25609024360973953,-0.025921036841472483,0.5294611784471285,-4.923196927877029,-2.0309612384495086,-0.593903756150235,5.256420505236082,-9.015121195268199,-45.29162325739634,-2.390591243473685,-1.7281382482948746,7.445395619735235,-9.173533868015863,-6.192495389717253,21.09768778126803,0.240027,0.151567,-0.8622879999999999,-0.07904400000000002,-0.15227900000000005,-0.842876,0.319071,0.30384600000000006,0.019411999999999985,0.5,0.3058799999999999,flight,-0.842876
185,1.541667,jog,-1.9055675545956694,-1.0506359491240884,0.45728341732662364,2.2911352907567046,-4.84635854859468,0.28202045687793204,-0.3119750419966485,-0.04451643868490728,0.5427165826733981,-4.847612191024809,-2.0794336453084097,-0.5359971202303933,-9.965761228663675,0.7350997560247836,-11.943707171140074,-6.7056393552807805,-2.2312697196346476,1.5905212654511443,9.069442866837253,-5.816223525186226,6.948240451145057,0.253308,0.15995199999999998,-0.861576,-0.103563,-0.16085300000000002,-0.851154,0.356871,0.320805,0.010422000000000042,0.5,0.39578000000000013,flight,-0.851154
186,1.55,jog,-1.9549981999279629,-1.0495619824792846,0.6576263050521954,0.061285956144618875,-0.2987114717506686,-0.22815446723745594,-0.37273490939636905,-0.08220328813152943,0.5663026521060728,-4.827073082923234,-1.966278651146016,-0.3789751590063529,-5.931914716463771,0.1288811526225657,24.042108211396652,-7.291475746996219,-4.522602837708086,2.8304415495828996,2.464791563851524,13.579142465185615,18.843389082447807,0.266493,0.16801299999999997,-0.862337,-0.127496,-0.16849200000000003,-0.859792,0.39398900000000003,0.336505,0.0025450000000000195,0.5,0.4745499999999999,flight,-0.859792
187,1.558333,jog,-1.9157566302652271,-1.0763230529221273,0.6471858874355011,0.819322475225663,0.22866250872979574,-0.2784684313496113,-0.43045721828873296,-0.09732389295571986,0.607704308172334,-4.736589463578584,-2.0289211568462933,-0.253570142805715,4.709176726597395,-3.211456911417611,-1.252900230012533,-6.926954145249542,-1.814545160709297,4.968397463849946,10.858468660104515,-7.517401380088548,15.049203912233178,0.27887,0.17617099999999997,-0.862666,-0.151002,-0.17643000000000003,-0.867298,0.42987200000000003,0.352601,0.0046319999999999695,0.45367999999999986,0.5,flight,-0.862666
188,1.566667,jog,-1.963882889368838,-1.0933525317974488,0.5613150947924075,0.5263754976039089,-0.78600896421621,-0.0554216284440601,-0.43160547156227375,-0.09863210943124348,0.632229421646263,-4.638588912886937,-2.093712502999743,-0.025677945764337694,-5.77468911730388,-2.0433739951189644,-10.303670823505273,-0.13777937047525562,-0.15697341918929822,2.942778194615881,11.75912535296929,-7.774339591246634,27.34487605488068,0.29164,0.18446099999999999,-0.8620749999999999,-0.173293,-0.18476700000000001,-0.87219,0.46493300000000004,0.369228,0.010115000000000096,0.39885000000000004,0.5,flight,-0.8620749999999999
189,1.575,jog,-1.9759990399616143,-0.9693987759510505,0.35365414616585383,1.7514775365459023,-2.950902137419136,0.5717962442092344,-0.39289571582863664,-0.11616464658586076,0.6164646585863494,-4.50342013680551,-1.8257530301212221,0.10128405136205511,-1.4539962309824044,14.875045703396072,-24.92031064761257,4.645356502296587,-2.1039886180988168,-1.8918472410792913,16.220901965850004,32.15642300234292,15.236049097131161,0.304832,0.19157100000000005,-0.859885,-0.194354,-0.191903,-0.874293,0.499186,0.38347400000000004,0.014407999999999976,0.35591999999999996,0.5,flight,-0.859885
190,1.583333,jog,-1.9816392655705881,-1.1282851314052391,0.47245889835592214,1.819328874569019,-0.7871290918830146,0.36326348664676666,-0.36493459738388756,-0.11004440177607591,0.8091923676946935,-4.364094563782476,-1.711628465138572,0.25429017160685935,-0.6768541472427356,-19.06712533951588,14.257140548429884,3.355468432107115,0.7344587555243898,23.12825022300981,16.71973755226586,13.695495617742484,18.361468888131714,0.31830400000000003,0.200056,-0.8570789999999999,-0.214207,-0.19676399999999994,-0.876111,0.532511,0.39681999999999995,0.01903200000000005,0.30967999999999996,0.5,flight,-0.8570789999999999
191,1.591667,jog,-1.9749220062395385,-1.0713942884569396,0.3894888408927325,0.15966210923789514,-0.5890247507613866,-0.08836121389163182,-0.448164146868261,-0.18514518838492805,0.8597312215022951,-4.093472522198303,-1.6255099592032984,0.2865370770338429,0.8060066391948326,6.826355045392438,-9.955610446747206,-9.986746998365135,-9.011373483183773,6.064177322726488,32.47204722632337,10.33339404070977,3.869319105709643,0.331028,0.20744200000000002,-0.8531599999999999,-0.231863,-0.201382,-0.876969,0.562891,0.408824,0.02380900000000008,0.26191000000000003,0.5,flight,-0.8531599999999999
192,1.6,jog,-1.9863194527780776,-1.0890435617424439,0.2823712948517951,0.126881285643783,-0.3257359135004941,0.2250506917439126,-0.4288971558862272,-0.21684867394695445,0.9121564862594357,-3.91455658226322,-1.3565342613704288,0.40177607104283514,-1.3677482945564545,-2.1179975141610394,-12.854619709700655,2.312131403100143,-3.804570450261112,6.29128342219365,21.47077162307446,32.27837487493879,13.829232450376841,0.34400600000000003,0.21470999999999996,-0.847912,-0.24793099999999998,-0.20361100000000004,-0.875974,0.5919369999999999,0.418321,0.02806200000000003,0.21937999999999996,0.5,flight,-0.847912
193,1.608333,jog,-1.9920796831873462,-1.096603864154587,0.20568822752910224,0.5187227145517481,0.47591221819020557,0.009239249486911356,-0.42901716068643075,-0.21828873154926579,0.8689547581903353,-3.527661106444294,-1.2758910356414344,0.3229329173166955,-0.6912552993242042,-0.9072725803603966,-9.202336172170112,-0.014401152070512187,-0.1728138248303549,-5.184414744881889,46.42931427084238,9.677574190447036,-9.46155690941322,0.357031,0.22202900000000003,-0.8423849999999999,-0.26072700000000004,-0.20510499999999993,-0.874997,0.617758,0.42713399999999996,0.032612000000000085,0.17387999999999998,0.5,flight,-0.8423849999999999
194,1.616667,jog,-2.0351571874249874,-1.151787856971423,0.10607151427885639,0.8673626602293422,-0.6202760939850377,0.0959944592734727,-0.5301175905927492,-0.23218142548596177,0.9868010559155204,-3.213102951763837,-1.1982241420686315,0.21634269258459146,-5.168886997557103,-6.621549414067151,-11.953049346081723,-12.13108110226994,-1.6669899132104484,14.140424493062655,37.74395904493093,9.319281686201379,-12.789803783549702,0.36957399999999996,0.22969299999999993,-0.835045,-0.27054400000000006,-0.20549200000000006,-0.874078,0.6401180000000001,0.435185,0.039032999999999984,0.10966999999999988,0.5,flight,-0.835045
195,1.625,jog,-1.9912396495860045,-1.1184447377895212,0.03756150246009967,0.4647238358775484,-0.2218627467861108,0.07674447472190758,-0.5593423736949528,-0.2898115924636946,1.151206048241939,-2.898715948637963,-1.0850834033361427,0.15312612504500311,5.270315353292126,4.001334355202461,-8.221530279462058,-3.507114256834732,-6.91589667319493,19.729388254700613,37.72794949308497,13.577431745168582,-7.586291556412927,0.381506,0.23659799999999997,-0.825765,-0.27810599999999996,-0.20521400000000006,-0.873115,0.659612,0.44181200000000004,0.04735,0.026499999999999968,0.5,flight,-0.825765
196,1.633333,jog,-1.962198487939536,-1.1312852514100757,-0.02640105604224169,0.461399349017061,0.7857108103792914,0.042529388734924206,-0.6105844233769401,-0.29257170286812356,1.067922716908685,-2.58154326173049,-0.9840393615744701,-0.009240369614783925,3.4850788007282842,-1.5409232713974093,-7.6758140528431476,-6.149291933515874,-0.3312264975913834,-9.994399535972029,38.06224491869384,12.12577004220251,-19.4847587495246,0.39276900000000003,0.243587,-0.816646,-0.28326699999999994,-0.20398699999999997,-0.872972,0.676036,0.44757399999999997,0.05632599999999999,0.0,0.5,flight,-0.816646
197,1.641667,jog,-1.9524838012958825,-1.1366690664746677,-0.10883129349651839,0.9955487608668363,0.26125684265377985,-0.11207008361836898,-0.7940964722822113,-0.33057355411566247,1.1969042476601794,-2.299736021118295,-0.8380129589632753,-0.17482601391888514,1.1656691437069135,-0.646006127260849,-9.890837227534925,-22.01968429388886,-4.559857361115745,15.476545566533904,33.81416374036394,17.521766572017484,-19.868687821466278,0.40242300000000003,0.250305,-0.805764,-0.28616099999999994,-0.201498,-0.873522,0.688584,0.451803,0.06775799999999998,0.0,0.5,flight,-0.805764
198,1.65,jog,-1.9609984399376148,-1.1437657506300438,-0.18336733469338626,0.8751046284238873,-0.5028970361752466,-0.12509398580778203,-0.9993999759990494,-0.38977559102364795,1.3229329173167055,-2.019680787231509,-0.6965078603144227,-0.3567742709708425,-1.0217975089082414,-0.851636164091706,-8.944682730933463,-24.637405942258493,-7.104528610102727,15.124045320596087,33.60797238531003,16.98129108950605,-21.834664232804396,0.410436,0.25658800000000004,-0.793212,-0.28664999999999996,-0.19777099999999997,-0.874967,0.697086,0.454359,0.08175500000000002,0.0,0.5,flight,-0.793212
199,1.658333,jog,-1.94071762870511,-1.0904836193447494,-0.28021120844834346,0.7950255409902452,0.8146573708828792,-0.344612809158248,-1.1627265090603425,-0.4692187687507381,1.2780511220448585,-1.7884315372614592,-0.500900036001426,-0.5179407176286961,2.433794699688521,6.394111518695972,-11.621729719783453,-19.599967966073468,-9.53356266975744,-5.386030873856499,27.75102003720698,23.4738778726741,-19.340747228831244,0.416919,0.261765,-0.780227,-0.285381,-0.19285799999999997,-0.876948,0.7022999999999999,0.454623,0.09672099999999995,0.0,0.5,flight,-0.780227
200,1.666667,jog,-1.943364530837575,-1.103071754259681,-0.4079673626109939,0.4950285435076503,0.9975631147699631,-0.23125926772222813,-1.2397408207343659,-0.4949604031677614,1.1919846412287243,-1.5285577153828052,-0.3147348212143139,-0.6978641708663442,-0.31760284766800473,-1.5104553533635654,-15.329512138547264,-9.240978122633173,-3.0887490301204474,-10.327151525814237,31.182364036316173,22.338038731355365,-21.589087261537262,0.422783,0.266833,-0.766893,-0.281924,-0.186288,-0.879364,0.704707,0.453121,0.11247099999999999,0.0,0.5,flight,-0.766893
201,1.675,jog,-1.9377175087003102,-1.0852034081363093,-0.5058202328092998,0.4657222489600406,0.7295295359529081,-0.2908040190723999,-1.4022560902435837,-0.62570502820111,1.245649825993018,-1.2260890435617116,-0.080523220928833,-0.852034081363239,0.6776697632623028,2.144287306296823,-11.742814136361952,-19.502612445603617,-15.689982603305683,6.440079774906129,36.29769252623165,28.10651629490901,-18.50112930479924,0.427245,0.27066200000000007,-0.752298,-0.27599399999999996,-0.17791599999999996,-0.8822490000000001,0.703239,0.44857800000000003,0.12995100000000004,0.0,0.5,flight,-0.752298
202,1.683333,jog,-1.9415576623065098,-1.0806432257290306,-0.648025921036856,-0.14768913933712807,1.3762567920041846,-0.3417257222717124,-1.4711388455538363,-0.6410656426257192,1.1537261490459738,-0.9867994719788992,0.05340213608544735,-1.0678027121084945,-0.46083686621860537,0.5472437786245982,-17.065365201914975,-8.266261287681903,-1.8433474648517187,-11.0312824849448,28.715897225826783,16.071685709142155,-25.893271420287714,0.431165,0.27432499999999993,-0.7372839999999999,-0.26803800000000005,-0.168466,-0.885747,0.699203,0.44279099999999993,0.148463,0.0,0.5,flight,-0.7372839999999999
203,1.691667,jog,-1.898128149748009,-1.1057115430765556,-0.6903047756179462,0.2260108046246348,1.154954726353135,-0.279079696665971,-1.6966642668586382,-0.6857451403887534,1.1725461963042838,-0.5743940484761159,0.2139428845692303,-1.0680345572354129,5.211124617050706,-3.0079574451073703,-5.073056705194378,-27.060885685721164,-5.361110842696655,2.258225012996142,49.484692044970025,19.263348750153792,-0.027819189695022284,0.432844,0.2778250000000001,-0.7217589999999999,-0.257006,-0.15746799999999994,-0.888895,0.6898500000000001,0.43529300000000004,0.16713600000000006,0.0,0.5,flight,-0.7217589999999999
204,1.7,jog,-1.8684747389895735,-1.0700828033121366,-0.8209528381135304,-0.34255152443743236,2.15619509740655,-0.2952667524896038,-1.8042721708868519,-0.7550702028081283,1.0759630385215508,-0.3408136325452994,0.26857074282971777,-0.8985959438377619,3.5585516330776055,4.275619796522186,-15.67839463525565,-12.913465021986633,-8.319340263935617,-11.590442551630128,28.030771142543934,6.555605215467175,20.333446945596126,0.433379,0.28045,-0.7059519999999999,-0.244276,-0.14631299999999997,-0.8895419999999999,0.677655,0.42676299999999995,0.18359000000000003,0.0,0.5,flight,-0.7059519999999999
205,1.708333,jog,-1.7651506060242135,-1.1015240609624184,-0.7735509420376622,-0.4154604219540942,2.5667664673789754,-0.02063803958168243,-1.9978399135965093,-0.8316332653305977,1.0718828753149967,-0.29665186607464133,0.12684507380294685,-0.5455418216728576,12.399391931520247,-3.7731018421074376,5.688455067306776,-23.229058287489977,-9.187935020096967,-0.48963917035330146,5.299623961437332,-17.007760593635957,42.368189387363266,0.43144000000000005,0.282699,-0.690574,-0.232039,-0.136077,-0.887642,0.663479,0.418776,0.19706800000000002,0.0,0.5,flight,-0.690574
206,1.716667,jog,-1.7324214062875307,-1.0586753059755452,-0.906287497000261,-0.8116708330796206,1.5219104005369082,0.20400150784972723,-2.227861771058358,-0.8914086873050349,0.9210463162947126,-0.27897768178546506,0.012479001679865006,-0.2645788336933094,3.927189793218548,5.1414392832822235,-15.927112426518041,-27.600414862233386,-7.172476838785497,-18.098939167301058,2.120732456104705,-13.722830828303819,33.71286152862413,0.42731100000000005,0.284093,-0.675345,-0.219926,-0.12714999999999999,-0.882294,0.6472370000000001,0.41124299999999997,0.20694900000000005,0.0,0.5,flight,-0.675345
207,1.725,jog,-1.606384255370181,-1.0025201008040112,-0.9213968558742144,-1.2583582838084124,1.146725493892893,0.598404267100656,-2.415456618264688,-0.923196927877093,0.8955958238329373,-0.28381135245408723,0.05892235689427704,-0.3010920436817417,15.1250631126062,6.738894176351009,-1.8131955926980807,-22.512282156045476,-3.814741458305236,-3.0541812626634797,-0.5800636827819615,5.573425562751857,-4.381760469030557,0.42056899999999997,0.284754,-0.660204,-0.208905,-0.118305,-0.877125,0.629474,0.403059,0.21692100000000003,0.0,0.5,flight,-0.660204
208,1.733333,jog,-1.6012240489619725,-0.9569182767310758,-0.8694347773911104,-1.6766477769445622,2.9258388664978914,0.9174992588028889,-2.6483859354374415,-1.0733229329173342,0.730949237969527,-0.31225249009960604,-0.08328333133325744,-0.20304812192487956,0.6192495389665937,5.472437786263755,6.23569884592637,-27.952636166177303,-18.01584123847865,-19.75838063883497,-3.413073040383904,-17.06536520191237,11.765741240473183,0.41184299999999996,0.2837839999999999,-0.646868,-0.198164,-0.11102500000000004,-0.871572,0.610007,0.39480899999999997,0.22470400000000001,0.0,0.5,flight,-0.646868
209,1.741667,jog,-1.5806335493160482,-0.8802495800335917,-0.8017758579313553,-2.1512795994820797,-2.2368334177773046,1.5271517237067487,-2.9059275257979142,-1.1436285097192085,0.5403167746580207,-0.2099832013438944,-0.09803215742739986,-0.14986801055915414,2.470662304526535,9.199507643086577,8.118420861501631,-30.902518641765152,-8.43599433667792,-22.87406567212681,12.27133294404978,-1.7697175538927659,6.38110287565695,0.400798,0.281589,-0.635683,-0.186741,-0.10450599999999999,-0.866139,0.587539,0.38609499999999997,0.230456,0.0,0.540037231804272,single,-0.635683
210,1.75,jog,-1.579263170526836,-0.8931957278291253,-0.8059522380895242,-2.3511135650515054,1.153542203821256,1.4736181994517918,-2.872794911796498,-1.2376095043801885,0.5250210008400406,-0.11904476179047185,0.14040561622464412,-0.0763230529221173,0.16445203278676376,-1.553599879459225,-0.5011856664069291,3.976072723078891,-11.278170486137146,-1.8355662808088726,10.91304926838154,28.613677385340953,8.825747946362355,0.390019,0.278719,-0.624592,-0.17457299999999998,-0.095893,-0.860059,0.564592,0.374612,0.23546699999999998,0.0,0.6678746856961109,single,-0.624592
211,1.758333,jog,-1.6101044041761832,-1.0811232449298058,-0.8598343933757534,-1.3819091825445409,1.4499740821426759,1.867417044416378,-2.975159006360281,-1.255370214808597,0.3387735509420365,-0.08136325453017672,0.11328453138125634,0.044281771270851394,-3.7010960817649563,-22.552204140247483,-6.466117279038724,-12.284182714962636,-2.131370506229294,-22.350588011281143,4.521961749705445,-3.254660367621268,14.473157829469555,0.37864400000000004,0.27726700000000004,-0.6146039999999999,-0.16183399999999992,-0.08594000000000002,-0.852525,0.540478,0.36320700000000006,0.23792100000000005,0.0,0.7561065834740216,single,-0.6146039999999999
212,1.766667,jog,-1.735901127909755,-1.0382769378449603,-0.6237101031917309,-1.741618786100962,-0.04102605990292556,1.8565308879470417,-3.0335973122149995,-1.3633309335253057,0.11243100551956012,0.0032397408207342263,0.04223662107031633,0.0007199424046075133,-15.09439929608481,5.141145558536737,28.332648210225663,-7.0120357397070086,-12.954249906012459,-27.15893273607807,10.15154731832377,-8.525067231934182,-5.227001303844918,0.3678290000000001,0.274558,-0.608469,-0.14733999999999992,-0.07693500000000003,-0.847321,0.515169,0.35149300000000006,0.23885199999999995,0.0,0.9293886537861227,single,-0.608469
213,1.775,jog,-1.7346693867754863,-1.0554422176887235,-0.48445937837514763,-0.9482526669630803,-0.1412519466952613,1.7747707614691401,-3.278531141245681,-1.3458538341533888,0.02148085923436774,-0.018720748829958767,0.022200888035520512,-0.016080643225729437,0.14781484870618217,-2.059915977890712,16.710755408206477,-29.393235213090573,2.0973358180627675,-10.914454132388482,-2.6353641726500894,-2.404384139541102,-2.0161509216773195,0.35496400000000006,0.272138,-0.6042529999999999,-0.13304099999999996,-0.06795499999999999,-0.843418,0.488005,0.340093,0.23916500000000007,0.0,0.9446743742096617,single,-0.6042529999999999
214,1.783333,jog,-1.7499099963998235,-1.1146045841833434,-0.35545421816870965,-0.3987023160414811,-1.1922501703202377,1.4811191698532202,-3.437657506300189,-1.4002160086403226,-0.004920196807867157,-0.07896315852634536,0.03420136805472582,-0.004320172806911525,-1.8289463127729373,-7.099767970073069,15.48123847431126,-19.095927643646377,-6.523721887307436,-3.16825345520634,-7.229378338699814,1.440115206912888,1.4113129027742357,0.34090000000000004,0.26975799999999994,-0.601332,-0.11911700000000003,-0.05838199999999999,-0.840492,0.46001700000000006,0.32813999999999993,0.23916000000000004,0.0,0.8563996878451131,single,-0.601332
215,1.791667,jog,-1.6624670026398145,-1.122510199184087,-0.3892488600912031,0.016933620061367317,-0.8944862936249224,1.2203761021244424,-3.539356851451954,-1.515718742500626,-0.28413726901848835,0.0002399808015427825,0.00575953923686026,0.008279337652987873,10.492319865612027,-0.9485979122562568,-4.055032628089042,-12.202945182597416,-13.859219325690617,-33.50336839580352,9.503616430032356,-3.412746438428857,1.5118203095631915,0.32525799999999994,0.26648099999999997,-0.6004560000000001,-0.10526000000000002,-0.048978999999999995,-0.837179,0.43051799999999996,0.31545999999999996,0.2367229999999999,0.0,0.9831858760612275,single,-0.6004560000000001
216,1.8,jog,-1.6330253210128196,-1.1425657026280853,-0.20136805472219357,-0.11020169283116184,-0.6327354714876988,1.0216099470834785,-3.6039841593663087,-1.5225009000359753,-0.38389535581422674,-0.005520220808831116,-0.020640825633025616,-0.004920196807872986,3.5331431209641644,-2.4067566835471106,22.546598508221074,-7.755587173209353,-0.8138914599002949,-11.971449273459335,-0.6912518433185885,-3.168170511206698,-1.5840074956030994,0.30883400000000005,0.26331499999999997,-0.601977,-0.09169799999999995,-0.03963,-0.835542,0.400532,0.30294499999999996,0.23356500000000002,0.0,0.9634576023554897,single,-0.601977
217,1.808333,jog,-1.656666266650676,-0.9977199087963595,-0.25801032041281713,-0.11155377943674467,-0.19002621686072552,0.45744943682298855,-3.669746789871628,-1.561502460098421,-0.5325813032521347,-0.03168126725069535,-0.006960278411136808,0.0019200768030723952,-2.8370269576210925,17.38219054742915,-6.7973437766259535,-7.891831333891754,-4.6803744224704396,-17.843027413645665,-3.13945115106978,1.6417313358801071,0.8208656679401709,0.292059,0.25861699999999993,-0.604265,-0.07815700000000003,-0.03137400000000001,-0.833376,0.37021600000000005,0.28999099999999994,0.22911099999999995,0.0,0.9458439788640416,single,-0.604265
218,1.816667,jog,-1.4787616990640637,-1.1117110631149452,0.2939764818814548,-3.435994974121345,4.59251078715549,0.8663716681086646,-3.7901367890568505,-1.5722342212622842,-0.6869450443964407,-0.03131749460042641,0.0026397888168972683,0.007919366450684312,21.34684036316425,-13.677844290686918,66.23311762590207,-14.445644250686525,-1.287708322997722,-18.522167163943458,0.043649226094185076,1.1519159140909532,0.7198571691398934,0.272796,0.254779,-0.6124400000000001,-0.06609399999999999,-0.022086999999999968,-0.8357600000000001,0.33888999999999997,0.27686599999999995,0.22331999999999996,0.0,0.9459817335929117,single,-0.6124400000000001
219,1.825,jog,-1.4684987399496179,-1.0388815552622164,-0.13596543861755203,-0.15150800625405342,1.228193880126602,0.9876028433109991,-3.8973958958358663,-1.5967838713548603,-0.7989919596783941,-0.013560542421700562,0.0038401536061414597,0.010680427217088638,1.2316043579078304,8.739890537949053,-51.59509426365184,-12.87160767778913,-2.9460758541433303,-13.446167680541755,2.1309194982270507,0.14404953669077192,0.3313405455903458,0.25255600000000006,0.25013,-0.617965,-0.05396999999999996,-0.013398000000000021,-0.834538,0.306526,0.26352800000000004,0.21657300000000002,0.0,0.9705274790869609,single,-0.617965
220,1.833333,jog,-1.5190207608304003,-1.0604824192967581,-0.15984639385575142,1.8666587899825395,0.12771811550946496,0.9697925961009871,-3.958838353534071,-1.6813872554901896,-0.9505580223208776,-0.0476419056762239,0.02736109444377799,0.03372134885395315,-6.062885021094624,-2.592207372439863,-2.8658292617543464,-7.373389859378806,-10.152812208727688,-18.188655063300235,-4.089927187630234,2.8226258055485562,2.765021197271584,0.23222500000000001,0.24495600000000006,-0.624554,-0.041708999999999996,-0.004332999999999976,-0.832925,0.273934,0.24928900000000004,0.20837099999999997,0.0,0.8925612573221171,single,-0.624554
221,1.841667,jog,-1.4768418526518141,-0.991480681545491,-0.016318694504442954,0.32290504379203305,0.9793005486149461,1.3415673057913757,-4.047756179505721,-1.7080633549316377,-1.0584353251740057,-0.05339572834173712,0.02867770578353657,0.023518118550516613,5.061064096302731,8.279546166458902,17.221946166464026,-10.669285573752315,-3.2008758629048017,-12.944240803111374,-0.6904034875825928,0.1579807223132477,-1.2242896932369487,0.21079899999999996,0.23898400000000003,-0.633239,-0.02984600000000004,0.004168999999999978,-0.8325929999999999,0.240645,0.23481500000000005,0.19935399999999992,0.0,0.8916459441062179,single,-0.633239
222,1.85,jog,-1.4758190327612883,-1.0148805952237903,-0.004200168006721065,0.81384879113955,0.29186042350317604,1.6534131432128576,-4.142805712228416,-1.765870634825366,-1.1506060242409477,-0.04836193447736999,0.031201248049919347,0.017160686427456474,0.12274329659495434,-2.808101965474486,1.4542813509806405,-11.406400182730485,-6.937151073290213,-11.060926325085846,0.6040794269011208,0.3028371854533461,-0.7629223716620697,0.188575,0.232726,-0.6427919999999999,-0.01795099999999994,0.012885999999999953,-0.8324149999999999,0.20652599999999993,0.21984000000000004,0.18962299999999999,0.0,0.8999044380919536,single,-0.6427919999999999
223,1.858333,jog,-1.5292211688467616,-1.0175207008280442,0.15600624024962087,-0.14960194946423533,0.2852309797243611,1.7182722007169464,-4.241689667586734,-1.8562342493699961,-1.2382095283811492,-0.04872194887795766,0.032761310452421186,0.025081003240129938,-6.408512670763683,-0.3168253455243019,19.2255380122817,-11.866549304970528,-10.844067508056026,-10.51284101046469,-0.04320345620876866,0.18721497689929828,0.9504760365622867,0.165972,0.22573699999999997,-0.65441,-0.005614000000000008,0.02163799999999999,-0.8335060000000001,0.17158600000000002,0.20409899999999997,0.17909600000000003,0.0,0.8935916084063431,single,-0.65441
224,1.866667,jog,-1.403647708183333,-0.9826013918886416,0.11903047756179329,0.21593335139805886,-0.1553656705837326,1.7272683139953422,-4.25389968802493,-1.8708903287736764,-1.2077033837292914,-0.054955603551723776,0.021238300935922893,0.052555795536356795,15.06760987082166,4.189981874178351,-4.436736583612587,-1.465085245763804,-1.7585888413343158,3.6604445226610887,-0.747978722554124,-1.3826505299373897,3.2967113386401063,0.14221799999999996,0.21833400000000003,-0.665467,0.005625999999999909,0.030003999999999975,-0.83406,0.13659200000000005,0.18833000000000005,0.168593,0.0,0.8684146302370122,single,-0.665467
225,1.875,jog,-1.5954638185527634,-1.0444017760710544,0.24156966278650546,0.38233167573274524,-0.027067969631994038,2.321337626646729,-4.295691827673152,-1.9693987759510638,-1.272170886835485,-0.06300252010080433,0.024000960038405773,0.0567622704908203,-23.018853998491807,-7.416342755599834,14.70529043858314,-5.0152573680814,-11.821486520747424,-7.736409829136473,-0.9656686126341806,0.3315323535920924,0.5047971864230819,0.11971699999999996,0.21062599999999998,-0.6780809999999999,0.018395999999999968,0.038907000000000025,-0.8356,0.101321,0.17171899999999996,0.15751900000000008,0.0,0.8531126757124279,single,-0.6780809999999999
226,1.883333,jog,-1.327493099724003,-0.9665186607464393,0.15024600984039868,1.2106226662602035,-0.9275275078426758,1.7750449971068218,-4.419536781471296,-2.0540021600864247,-1.309012360494432,-0.0703228129125142,0.04116164646585688,0.08184327373095024,32.157772570354346,9.346347692861613,-10.959276724601898,-14.861988935334786,-10.152812208731742,-4.421153685221072,-0.8784702762162413,2.0593647458839865,3.0098407824469184,0.093951,0.20156399999999997,-0.690241,0.02887200000000001,0.04730400000000001,-0.83617,0.065079,0.15425999999999995,0.14592899999999998,0.0,0.807516951607075,single,-0.690241
227,1.891667,jog,-1.763978881689447,-1.0301175905927458,0.47840172786176294,0.6793925672944224,0.9071919053647105,2.186815349397895,-4.37952963762895,-2.181065514758796,-1.3017758579313552,-0.053995680345566,0.01523878089752667,0.10103191744660296,-52.374103907540274,-7.631261080670261,39.37553611967383,4.8004732232235385,-15.24638285005642,0.8683108427017848,1.9590991800993616,-3.110495028597313,2.3024530496343383,0.07215300000000002,0.19197200000000003,-0.705077,0.04312300000000002,0.05601600000000001,-0.8393149999999999,0.02903,0.13595600000000002,0.13423799999999997,0.0,0.8073921493886798,single,-0.705077
228,1.9,jog,-1.5240609624385169,-1.0420016800672118,0.436097443897763,1.0536872677705182,0.07320455151169107,1.7728546104908105,-4.460818432737348,-2.254890195607848,-1.3378135125405128,-0.04248169926798028,0.054722188887557435,0.15516620664826763,28.791301962190374,-1.4261477828472546,-5.076717144365813,-9.755045614832394,-8.859316074529346,-4.324691540760587,1.3817329986302436,4.7381984867432045,6.496374559182187,0.047681000000000084,0.181865,-0.719859,0.05546899999999999,0.06515500000000002,-0.841656,0.007787999999999906,0.11670999999999998,0.12179699999999993,0.0,0.7167854934714604,single,-0.719859
229,1.908333,jog,-1.6267850714028291,-1.039721588863537,0.3712948517940702,2.0343158502492744,-0.3926234921497081,1.3916176693917335,-4.53858154326166,-2.3134525381014788,-1.2442097683907158,-0.047401896075832985,-0.0002400096003842512,0.18948757950317646,-12.327386171164104,0.2736218893165552,-7.776622117327696,-9.331946540778956,-7.027762209723934,11.23289861392,-0.5904472348317074,-6.595727647658793,4.118729491768658,0.02341700000000002,0.17125100000000004,-0.733321,0.06863000000000008,0.07381700000000002,-0.843171,0.04521300000000006,0.09743400000000002,0.10985,0.0,0.674455412926769,single,-0.733321
230,1.916667,jog,-1.6628269738421153,-1.054955603551732,0.6352291816654814,0.26150763699812424,1.0358505143871382,1.3740756189893337,-4.565874730021682,-2.399688024958054,-1.1991840652748011,-0.05495560355172524,0.022438204943604066,0.2258219342452649,-4.324682318128973,-1.8279355277412244,31.66958601768853,-3.274920417569285,-10.34743062833897,5.402652161736927,-0.9063723873161027,2.7211680518345034,4.359773787147723,-0.0007770000000000277,0.16004399999999996,-0.7486090000000001,0.08202999999999994,0.08279599999999998,-0.8465830000000001,0.08280699999999996,0.07724799999999998,0.097974,0.0,0.6108444420247208,single,-0.7486090000000001
231,1.925,jog,-1.6158646345853624,-1.0063602544101593,0.6111844473778728,0.8118407026765067,0.7579722357895828,1.1218224448377334,-4.5377415096603055,-2.483259330373167,-1.0446417856714074,-0.06252250090003415,-0.043441737669502836,0.25549021960877977,5.635706139055807,5.8316751639951825,-2.8854835338543308,3.3761214882246695,-10.028957808125687,18.545815385022323,-0.9080640043572279,-7.905909349946687,3.560336657088006,-0.025124999999999953,0.147737,-0.762407,0.094974,0.09082000000000001,-0.8495469999999999,0.12009899999999996,0.056916999999999995,0.08714,0.0,0.5556793575009298,single,-0.762407
232,1.933333,jog,-1.59282371294853,-1.0148805952238174,0.5335413416536784,1.1796114372191446,0.14619239715992804,1.4258845277318886,-4.516140645625869,-2.5715828633145597,-1.006240249609994,-0.07116284651385577,-0.07464298571943083,0.2835713428537172,2.765021197267799,-1.0224817969108513,-9.317545388718964,2.592207372427275,-10.599247922884139,4.608368662116133,-1.036882948976562,-3.7442995379729123,3.369869584175891,-0.049485,0.13476499999999997,-0.775238,0.10765400000000003,0.09865499999999999,-0.85163,0.15713900000000003,0.036109999999999975,0.07639200000000002,0.0,0.5,flight,-0.775238
233,1.941667,jog,-1.4817614590832553,-0.9758819294456403,0.4964002879769516,1.6146320216009704,-0.5808888440830973,1.662237543175164,-4.618790496760224,-2.5680345572353986,-0.9715622750179903,-0.08975281977441388,-0.10415166786657414,0.3238540916726637,13.326404351484754,4.679465536138315,-4.456569915613929,-12.316996776380341,0.4257626684858393,4.161024069114886,-2.2306183417996124,-3.540758596969412,4.833543174819558,-0.07562900000000006,0.12149600000000002,-0.787472,0.119255,0.10591999999999999,-0.8530679999999999,0.19488400000000006,0.015576000000000034,0.06559599999999999,0.0,0.5,flight,-0.787472
234,1.95,jog,-1.620304812192504,-0.9641185647425968,0.544941797671914,1.4861437963296171,-0.6411428133966052,1.3292023270423545,-4.589223568942799,-2.6453858154326424,-0.8796351854074247,-0.10284411376455112,-0.11148445937837106,0.33121324852994405,-16.62586740780632,1.4116602307744652,5.825214171962414,3.548173265021591,-9.282522284560718,11.031692020948812,-1.571018119541265,-0.8799701802228485,0.8831341482395779,-0.10036900000000004,0.107486,-0.7993429999999999,0.13190000000000002,0.11302500000000001,-0.854849,0.23226900000000006,0.005539000000000016,0.055506000000000055,0.0,0.5,flight,-0.7993429999999999
235,1.958333,jog,-1.6396255850233699,-1.0676827073082722,0.6511460458418273,0.9434391108976212,0.1018203309789087,1.2478027533717129,-4.614424576983003,-2.7002280091203166,-0.8237129485179258,-0.13872554902196396,-0.13632545301812143,0.34189367574702356,-2.3185854831231745,-12.428194235650253,12.745019581172627,-3.0242419345018177,-6.581326495580609,6.7109368642143234,-4.305944468668213,-2.9810384783091246,1.2817025341508852,-0.1251580000000001,0.093882,-0.811633,0.14440699999999995,0.12078599999999998,-0.857426,0.26956500000000005,0.026903999999999983,0.04579299999999997,0.04206999999999994,0.5,flight,-0.811633
236,1.966667,jog,-1.5891528677706126,-1.0718742500600185,0.596592272618199,0.07409585515933739,-0.19537169461463907,0.46809080063024383,-4.592032637389086,-2.74154067674591,-0.7590592752579935,-0.15742740580753598,-0.15622750179985537,0.36321094312455715,6.056241571005306,-0.5029448946179924,-6.5459291125065215,2.686817805845643,-4.957123545187698,7.757820165578766,-2.2440432908054198,-2.3880548094233633,2.5578674559076067,-0.15018399999999998,0.07996700000000004,-0.822931,0.156339,0.12841700000000003,-0.859371,0.306523,0.04844999999999999,0.03644000000000003,0.13559999999999994,0.5,flight,-0.822931
237,1.975,jog,-1.552982119284742,-0.9968798751949881,0.6417856714268482,0.2759104144035409,-1.5801099557254072,0.638653513597649,-4.576863074522905,-2.684147365894592,-0.6576263050521921,-0.18768750750029792,-0.16320652826113094,0.38353534141364953,4.340663444842196,8.999684971202333,5.423424794029564,1.82042036075617,6.887472801070115,12.172443322428856,-3.6313574574296665,-0.8375166760200948,2.4390253557052715,-0.17538200000000004,0.065907,-0.833759,0.16771599999999998,0.13536399999999998,-0.861523,0.343098,0.06945699999999999,0.02776400000000001,0.22236000000000006,0.5,flight,-0.833759
238,1.983333,jog,-1.8340333613344757,-1.1040441617664825,0.6167046681867336,0.33504178077848695,0.7203194728214551,1.3532572182787506,-4.550462018480785,-2.691227649105989,-0.5829833193327771,-0.23880955238210314,-0.2264490579623172,0.44473778951158466,-33.727498145894195,-12.860228797731349,-3.009840782445069,3.168253455192551,-0.849667972086555,8.957516586993357,-6.1348907814479405,-7.5894071404280385,7.344587555254492,-0.19801800000000003,0.052681000000000006,-0.843756,0.18100899999999998,0.14267700000000003,-0.8629560000000001,0.379027,0.08999600000000002,0.019200000000000106,0.30799999999999994,0.5,flight,-0.843756
239,1.991667,jog,-1.7197024238060838,-1.1445884329253562,0.5920326373890037,0.14359347359385197,0.4861516733827401,0.8609275996802834,-4.566474682025404,-2.748380129589613,-0.3911687065034783,-0.2744180465562648,-0.26913846892248355,0.4601631869450415,13.718615014205781,-4.864923345197193,-2.960406863178517,-1.9213659160808922,-6.857749038111763,23.015912266534365,-4.272677486700429,-5.12231952965755,1.8508996200452024,-0.22174300000000002,0.03931499999999999,-0.85195,0.19305400000000006,0.14997300000000002,-0.864055,0.4147970000000001,0.11065800000000003,0.012105000000000032,0.3789500000000001,0.5,flight,-0.85195
240,2.0,jog,-1.7269890795631901,-1.0922836913476637,0.5216608664346609,0.2054061398345178,-0.6470386847653958,0.6129861441277197,-4.538581543261768,-2.788671546861898,-0.17616704668186853,-0.31861274450979216,-0.25225009000360826,0.4686187447497933,-0.8744336681994916,6.276820062125641,-8.444950312533711,3.347310544058096,-4.835163479213415,25.80123122784252,-5.303575897459232,2.0266865377265626,1.014707524871223,-0.24517200000000006,0.025179000000000007,-0.857765,0.20478999999999992,0.15697299999999997,-0.864497,0.449962,0.13179399999999997,0.00673199999999996,0.43267999999999995,0.5,flight,-0.857765
241,2.008333,jog,-1.7302292091683875,-1.0781231249250058,0.5168606744269758,-0.2931410337082794,-0.3535550805662834,0.5756950438738324,-4.4188167526701365,-2.6329053162126743,-0.04716188647545832,-0.35197407896315736,-0.2860914436577486,0.470178807152291,-0.388831105867923,1.6993359441567224,-0.5760460827655293,14.372349764986481,18.692695385722427,15.481238474308338,-4.003520275214869,-4.061124883492215,0.18721497689879868,-0.2675759999999999,0.012222999999999984,-0.8624649999999999,0.216275,0.16357299999999997,-0.8648859999999999,0.4838509999999999,0.15134999999999998,0.0024210000000000065,0.47578999999999994,0.5,flight,-0.8624649999999999
242,2.016667,jog,-1.7152627789776755,-1.101271898248134,0.4624430045596346,-0.45775385037408267,-0.3738465969654224,0.38633205429587064,-4.304655627549775,-2.770458363330912,-0.058915286777058026,-0.41072714182864506,-0.32661387089032656,0.4976001919846372,1.7958279566488915,-2.7776305883282904,-6.5295980162395955,13.698239155310834,-16.505045250568365,-1.4102952125749482,-7.0498035595737045,-4.862302283726623,3.2903029556450654,-0.28915599999999997,-0.001687999999999995,-0.86681,0.2271470000000001,0.17002899999999999,-0.864593,0.5163030000000001,0.17171699999999998,0.0022170000000000245,0.5,0.47783000000000003,flight,-0.864593
243,2.025,jog,-1.71570862834515,-1.086283451338064,0.4010560422417014,-0.09891612605565266,-0.9500595440522189,0.32838099294867923,-4.216368654746218,-2.703588143525765,0.07464298571942916,-0.42589703588144207,-0.35281411256450557,0.5114604584183416,-0.05350406425949676,1.7986855766314893,-7.3667301473579485,10.594860530848159,8.024747366512395,16.027633804930808,-1.820460104739847,-3.1441547670921928,1.6632985039847112,-0.3099939999999999,-0.015164999999999984,-0.86953,0.23789500000000008,0.176141,-0.863673,0.547889,0.19130599999999998,0.005857000000000001,0.5,0.44143,flight,-0.863673
244,2.033333,jog,-1.70142805712229,-1.0940837633505425,0.33361334453378494,-0.4433088864400982,-0.8552584690499078,0.32147076529987917,-4.079083163326583,-2.7525501020041054,0.22284891395656,-0.436097443897763,-0.3592943717748739,0.5568222728909213,1.7137370962270615,-0.9360748844928143,-8.09344746284856,16.474917967075044,-5.875670044202683,17.78542280536808,-1.2240979258755589,-0.777662211732675,5.443635482128899,-0.3298070000000001,-0.028984999999999997,-0.870453,0.24843899999999997,0.18226399999999998,-0.861813,0.578246,0.21124899999999996,0.008639999999999981,0.5,0.4135999999999999,flight,-0.861813
245,2.041667,jog,-1.749340052795764,-1.1144708423326037,0.2439404847612114,-0.7109275730575529,-0.6125629970488827,0.22098030303732905,-3.7517398608110986,-2.550275977921748,0.32001439884809,-0.46148308135349014,-0.4366450683945255,0.6858651307895315,-5.748979562451858,-2.44625377754513,-10.759882382118171,39.27805405753325,24.270953213625607,11.658925472945677,-3.0460328120622684,-9.281341087071157,15.48390423549426,-0.346495,-0.040951000000000015,-0.869819,0.25917199999999996,0.18791299999999997,-0.85813,0.605667,0.22886399999999998,0.01168900000000006,0.5,0.38310999999999995,flight,-0.85813
246,2.05,jog,-1.7140285611424668,-1.0751230049202094,0.1740069602784069,-0.033359884775001035,-1.272710764203442,0.35577564063026135,-3.5329413176527544,-2.443057722308915,0.388575543021725,-0.46777871114844505,-0.45781831273250834,0.7747509900396091,4.237548500335725,4.72192936666203,-8.39235863228191,26.256875454019696,12.866705341753766,8.22766640749257,-0.7555057956264205,-2.5408909561962125,10.666729779200582,-0.3616520000000001,-0.052349999999999994,-0.868031,0.26955700000000005,0.19305700000000003,-0.853124,0.6312090000000001,0.24540700000000004,0.014907000000000004,0.5,0.35092999999999996,flight,-0.853124
247,2.058333,jog,-1.7183487339492787,-1.0907236289451079,0.12408496339854132,-0.8984813654761711,-0.610573887192867,0.12932680316254974,-3.2762510500418327,-2.2462498499938994,0.4208568342733519,-0.4911796471858673,-0.5015000600023832,0.8394335773430551,-0.5184414744763782,-1.872149768978494,-5.990879260754035,30.804064275880283,23.617889393376554,3.8739099065913245,-2.8082246534766875,-5.242019353158882,7.762220965251788,-0.3746339999999999,-0.061979,-0.865558,0.279783,0.19796699999999998,-0.847163,0.6544169999999999,0.25994599999999995,0.01839500000000005,0.5,0.31605000000000005,flight,-0.847163
248,2.066667,jog,-1.7763378929686484,-1.0681545476362386,0.04319654427644977,-1.3406564119088373,-0.29803722809601174,0.06204557806782427,-2.9792416606672814,-1.936765058795385,0.39056875449965717,-0.5370770338373217,-0.5429565634749469,0.8593712503000155,-6.958142430930212,2.708073111215537,-9.705833827945193,35.638275662894756,37.13520412749322,-3.634278830537092,-5.507245818509302,-4.974382466110581,2.392329368485874,-0.38465899999999986,-0.069218,-0.862663,0.290111,0.20234399999999997,-0.8403609999999999,0.6747699999999999,0.27156199999999997,0.022302000000000044,0.5,0.27698,flight,-0.8403609999999999
<<<<<<< HEAD
249,2.075,jog,-1.7452298091922873,-1.0666026641065163,-0.15048601944076828,0.03403665729860245,-0.7398555412765101,0.251913349997683,-2.668666746669773,-1.9101164046561019,0.37069482779309637,-0.5731429257170036,-0.5555022200887784,0.8383535341413294,3.733119377938284,0.1862334729055904,-23.24283735955952,37.2704804989193,3.1979664153704563,-2.3849666034513284,-4.3280801487675875,-1.5055390152203159,-2.5222268281153433,-0.3923540000000001,-0.07624700000000001,-0.85832,0.299878,0.20660299999999998,-0.832121,0.6922320000000001,0.28285,0.026198999999999972,0.5,0.23801,flight,-0.832121
250,2.083333,jog,-1.7429497179887332,-1.0134405376215152,-0.20100804032161254,-0.9891295665488061,-0.6133984179965389,-0.10363441983929904,-2.3866554662186594,-1.7681507260290572,0.21684867394696022,-0.5798631945277801,-0.6023040921636915,0.7701908076323132,0.2736218893020668,6.379710366614852,-6.06288502110221,33.84270736242845,17.036562897761428,-18.462276952614612,-0.8064645158738194,-5.616449306961909,-8.179854375257031,-0.397718,-0.082536,-0.854838,0.30957,0.210029,-0.824028,0.707288,0.29256499999999996,0.030810000000000004,0.5,0.19189999999999996,flight,-0.824028
251,2.091667,jog,-1.7552195824334023,-1.0206383489320776,-0.3042956563474878,-1.2632388468212092,0.07188913883423302,-0.1990556480698873,-2.0778737700983796,-1.5791936645068274,-0.037556995440365414,-0.6564674826013873,-0.721742260619144,0.7756179505639487,-1.4722659520841073,-0.8636682638063778,-12.39352244130963,37.050839467275914,22.673033539984203,-30.52623822742065,-9.191779226494674,-14.331433699958197,0.6512050553918222,-0.40040699999999996,-0.08719099999999999,-0.852615,0.3187270000000001,0.21252,-0.815028,0.719134,0.299711,0.03758700000000004,0.5,0.12412999999999991,flight,-0.815028
252,2.1,jog,-1.7265090603624216,-1.0012000480019279,-0.4094563782551304,-1.0231589425796495,-0.23671420893978595,-0.09192438061656381,-1.7359894395775832,-1.4704188167526835,-0.3007320292811733,-0.7404296171846952,-0.9509180367214759,0.7885515420616889,3.4454004645362946,2.3326894191947596,-12.619791420574055,41.027760772926854,13.053503870652216,-31.582267351591305,-10.075859184364418,-27.502193220008877,1.5520930634513768,-0.4004859999999999,-0.091101,-0.851709,0.326944,0.212939,-0.805045,0.7274299999999999,0.30404000000000003,0.04666400000000004,0.5,0.033360000000000056,flight,-0.805045
253,2.108333,jog,-1.7110284411376737,-1.0038401536061532,-0.4700588023521055,-1.4160569766206303,0.13995943413514614,-0.3034017300404091,-1.4647785911436786,-1.3386535461418576,-0.4364574582983361,-0.7177487099484062,-1.1111244449778113,0.7476299051962163,1.8577486169144368,-0.31682534552086455,-7.272581794908873,32.5466036762159,15.812464971898127,-16.28770299017929,2.7218177410643496,-19.22553801228091,-4.910792855570976,-0.39843399999999995,-0.093891,-0.851429,0.3352210000000001,0.21204499999999998,-0.794898,0.7336550000000001,0.305936,0.056531,0.5,0.0,flight,-0.794898
254,2.116667,jog,-1.723062155027576,-0.9930405567554527,-0.5904727621790156,-0.7059483941528321,-0.032638082583332034,-0.00208577556564079,-1.1960643148547998,-1.2297816174705927,-0.7417806575473914,-0.8305735541156625,-1.2329013678905567,0.7931365490760651,-1.4439301523760706,1.2958479542477142,-14.448519297685282,32.243133703968894,13.063586353643402,-36.635853041643024,-13.537898268209188,-14.612061784586574,5.4603604367468765,-0.394042,-0.095864,-0.8526900000000001,0.34265900000000005,0.210046,-0.783367,0.736701,0.30591,0.06932300000000002,0.5,0.0,flight,-0.783367
255,2.125,jog,-1.713188527541112,-1.019560782431307,-0.69146765870636,-1.1348680498710768,0.6347361660853766,-0.1440655065394404,-0.9410776431057214,-1.3724948997960047,-0.8787951518060798,-0.9275171006840341,-1.3319332773311086,0.784351374054971,1.1848826936834287,-3.1825543832778926,-12.119872378176565,30.599624594873482,-17.12627893020681,-16.442397006923034,-11.633690935842141,-11.884304505046533,-1.0542631730582246,-0.38760799999999995,-0.098805,-0.854251,0.349206,0.207443,-0.771069,0.736814,0.30624799999999996,0.08318199999999998,0.5,0.0,flight,-0.771069
256,2.133333,jog,-1.6849873994959916,-1.0033601344053855,-0.7596303852154092,-1.2647998600904167,0.5815247529666294,-0.1963304831718022,-0.7235089403576284,-0.8603144125765111,-1.0440417616704762,-1.0234009360374485,-1.3835353414136673,0.7279491179647238,3.384270736243932,1.944155529331781,-8.17985437526099,26.109288701319457,61.46411703102103,-19.83038639918372,-11.506520503229961,-6.192495389722694,-6.768541472488623,-0.37959600000000004,-0.097613,-0.8566210000000001,0.354719,0.204275,-0.758673,0.734315,0.301888,0.09794800000000004,0.5,0.0,flight,-0.758673
257,2.141667,jog,-1.741060715142778,-1.0235181185505076,-0.8584113270938252,-1.3286612065366856,0.790252072376875,-0.03865148771213878,-0.6313894888408998,-0.883369330453557,-1.2516198704103572,-1.1684665226781799,-1.4047276217902456,0.6714662826973812,-6.728259616844958,-2.418764596246927,-11.852764804225494,11.053449906014857,-2.766368835738633,-24.907380458348854,-17.406477878657334,-2.542870215572128,-6.777398040237848,-0.3703480000000001,-0.096445,-0.859898,0.359491,0.201098,-0.745923,0.7298390000000001,0.297543,0.11397500000000005,0.5,0.0,flight,-0.745923
258,2.15,jog,-1.6971078843154,-0.9565582623305022,-0.9359174366974765,-1.0223970428401705,1.1431992283564862,0.10324900136518388,-0.7111484459378291,-0.8454338173527022,-1.3826953078123256,-1.3202928117124886,-1.4699387975519167,0.5846633865354652,5.27455068131266,8.035504166567376,-9.301105196646112,-9.571457709939997,4.552443669849418,-15.72968167550338,-18.219883479456392,-7.82565411756531,-10.416764209998409,-0.3621319999999999,-0.095519,-0.8636210000000001,0.36263100000000004,0.19682,-0.733252,0.7247629999999999,0.292339,0.13036900000000007,0.5,0.0,flight,-0.733252
259,2.158333,jog,-1.6962678507140452,-0.9284771390855716,-0.9551182047282037,-1.2548399704863027,2.0684524366422075,-0.01091001751815781,-0.4219368774751118,-0.5084603384135401,-1.0091203648146019,-1.4496579863194636,-1.5879035161406594,0.5090603624145007,0.10080806448515171,3.369869584175072,-2.3041843310605317,34.70677648658585,40.43843501010022,44.83078639118291,-15.524441930514369,-14.15633248394861,-9.07272580354797,-0.35151299999999996,-0.09201899999999999,-0.864071,0.36468600000000007,0.191325,-0.721051,0.716199,0.283344,0.14302000000000004,0.5,0.0,flight,-0.721051
260,2.166667,jog,-1.506239500839899,-0.7819774418046499,-0.9570434365250686,-0.41423741433276995,0.7740805116404893,-0.05551213535026788,-0.20854331653467773,-0.6403887688984843,-0.8730501559875141,-1.5853131749459923,-1.7031437485001084,0.44252459803215366,22.801577858668676,17.578557389119343,-0.23100933487699357,25.605178898540014,-15.830145246573455,16.32711888973923,-16.277320449547357,-13.827721665400546,-7.983653033638893,-0.34069800000000017,-0.090839,-0.863371,0.3640269999999999,0.18364799999999998,-0.709387,0.704725,0.274487,0.153984,0.5,0.0,flight,-0.709387
261,2.175,jog,-1.4558982359294543,-0.7827913116524732,-1.028081123244938,-0.5285795438841242,1.796385892222873,-0.46528198017018213,-0.14076563062521052,-0.3339733589343597,-0.5079803192127732,-1.7401896075843175,-1.82995319812794,0.37921516860674725,6.041193436990894,-0.09766828847033314,-8.524863400920447,8.13364765504234,36.77132004849722,43.81013281828204,-18.58591535321332,-15.217742665046531,-7.597435428465976,-0.329739,-0.087099,-0.859037,0.3616579999999999,0.174922,-0.6976600000000001,0.6913969999999999,0.262021,0.161377,0.5,0.0,flight,-0.6976600000000001
262,2.183333,jog,-1.404656186247397,-0.6913476539061257,-1.0644425777030664,0.22197856336264973,3.3849737172799803,-0.745436490969038,-0.057602304092165456,-0.14628585143405065,-0.3134525381015102,-1.9203168126724175,-1.9447977919115904,0.2732509300371896,6.149291933523953,10.973677876676275,-4.363549076938284,9.979998383900323,22.523401836109535,23.34426750405069,-21.616129255741274,-13.781902530138646,-12.71621727703744,-0.31851399999999996,-0.08255699999999999,-0.852779,0.35736100000000004,0.164477,-0.6865129999999999,0.675875,0.247034,0.16626600000000002,0.5,0.0,flight,-0.6865129999999999
263,2.191667,jog,-1.2488600911927583,-0.7277417806575807,-0.8760499160067597,1.3269785478653229,3.07520414214524,-1.5592172704639027,-0.09335253179745391,-0.16942644588433825,-0.11939044876410425,-2.067794576433986,-2.020878329733713,0.14626829853612686,18.694035883686798,-4.3669458545064295,22.605310978679533,-4.289684149902818,-2.7766492020984708,23.2855878734599,-17.69591597811078,-9.128934223917208,-15.236696844380672,-0.30888399999999994,-0.077904,-0.8464729999999999,0.35053599999999996,0.1537,-0.677993,0.6594199999999999,0.23160400000000003,0.16847999999999996,0.6211343868640101,0.0,single,-0.677993
264,2.2,jog,-1.2598103924156552,-0.9572782911316032,-0.5618624744989509,1.2871626879156592,4.637518524403297,-1.1983244024708306,-0.14328573142926757,-0.1585263410536338,-0.009600384015360217,-2.1710068402735114,-1.9671186847473052,-0.017520700828033215,-1.3140887102959775,-27.54548307620454,37.704001140981035,-5.992223644763165,1.3080649022805666,13.175334783240032,-12.38596709942648,6.451415454986842,-19.655466142344036,-0.29957999999999996,-0.07124799999999999,-0.841871,0.3429430000000001,0.145285,-0.673457,0.6425230000000001,0.21653299999999998,0.16841400000000006,0.6434986013261207,0.0,single,-0.673457
265,2.208333,jog,-1.2054482179287114,-0.7899915996639938,-0.4526581063242568,2.1695344127685026,3.196413073743244,-1.1366706457589266,-0.0992439697587806,-0.07620304812192684,-0.015720628825153467,-2.2294491779671373,-1.9650786031441438,-0.15876635065402986,6.523721887308809,20.07520598435269,13.105048382898726,5.285222809370859,9.879190319417702,-0.7344587555254177,-7.013361057677471,0.2448195851627745,-16.950155985359164,-0.290362,-0.0653,-0.83823,0.33441,0.135493,-0.671008,0.624772,0.200793,0.16722199999999998,0.7898188066928078,0.0,single,-0.671008
266,2.216667,jog,-1.2200623950083846,-0.6933045356371436,-0.2272618190544814,1.8982186977889124,2.2034729012221197,-1.208519209572149,-0.02999760019199443,-0.042836573074153284,-0.017878569714422688,-2.356011519078464,-2.1571874250059824,-0.2479001679865573,-1.7535609646836048,11.601519561657007,27.045390841105554,8.308899636043392,4.00365671319574,-0.25893219213693364,-15.186266032076508,-23.05121452625835,-10.695202463706117,-0.28044400000000014,-0.059879,-0.8364849999999999,0.32494299999999987,0.123293,-0.6711799999999999,0.605387,0.183172,0.16530500000000004,0.9078878813460723,0.0,single,-0.6711799999999999
267,2.225,jog,-1.2589703588143675,-0.6957878315132666,-0.14232569302771153,0.15740255576964984,-0.17270018139481083,-0.2145047540059964,0.00312012480500201,-0.05244209768390699,-0.015960638425536893,-2.5456618264730735,-2.4159366374655202,-0.2786511460458433,-4.669142422414878,-0.29800742543178715,10.192742832925793,3.974285971078452,-1.1527090615329163,0.23016096110474168,-22.758947245243174,-31.05114754104647,-3.6902649777134595,-0.26992700000000003,-0.054518,-0.8354320000000001,0.314221,0.108959,-0.672316,0.584148,0.16347699999999998,0.16311600000000004,0.9084902742382301,0.0,single,-0.672316
268,2.233333,jog,-1.231369254770211,-0.6669866794671848,-0.061802472098889706,0.6621539920493399,0.12606681333241954,0.29788279806221113,0.002760110404402308,-0.06636265450618227,0.021120844833793433,-2.6014640585623634,-2.3246129845194026,-0.3957758310332477,3.3122649758978326,3.4562764965897115,9.663173038380243,-0.043203456210213036,-1.67053364001865,4.449955989359254,-6.696535712143337,10.959276724603203,-14.055524419465437,-0.25964300000000007,-0.04951300000000001,-0.834741,0.3028040000000001,0.095146,-0.675099,0.5624470000000001,0.144659,0.15964199999999995,0.8838378742034725,0.0,single,-0.675099
269,2.241667,jog,-1.0886729061674847,-0.6631869450443919,-0.02375809935205543,-0.01829838126004422,-0.26998386377433725,0.25611471726913076,-0.014038876889839432,-0.011639068874489936,-0.002279817614591014,-2.655027597792157,-2.2776577873769925,-0.5687544996400238,17.12219205696248,0.45593165620264964,4.56495953285745,-2.015717217931559,6.566304971405318,-2.807854865416879,-6.427110538732101,5.6341729232553,-20.755779770431335,-0.2506870000000001,-0.044083000000000004,-0.8345619999999999,0.28974999999999995,0.081691,-0.6796409999999999,0.5404370000000001,0.125774,0.15492099999999998,0.9693697881102031,0.0,single,-0.6796409999999999
270,2.25,jog,-1.115204608184337,-0.6960278411136509,-0.03936157446297828,0.037249379918215565,0.3826594638853011,0.7344971223260194,-0.004320172806903313,-0.07128285131405289,0.0066002640105608384,-2.7453498139925894,-2.2848913956558468,-0.6243849753990199,-3.183931599286275,-3.9410651709179523,-1.8724919129872781,1.1662911415980088,-7.157540194355394,1.0656524211150766,-10.83909950803229,-0.8680677161711612,-6.675924128044722,-0.24143000000000003,-0.038877,-0.834179,0.2761659999999999,0.068451,-0.6845159999999999,0.517596,0.107328,0.1496630000000001,0.8804699913369963,0.0,single,-0.6845159999999999
271,2.258333,jog,-1.0709228369135049,-0.6927877115084667,0.0633625345013907,-0.38638146083313707,0.3897873002066479,1.1922417815450537,-0.006840273610941349,-0.006600264010560422,-0.010560422416896925,-2.870994839793625,-2.2487699507980525,-0.8289931597263963,5.314025113504441,0.3888311058663375,12.327386171171238,-0.30242419345230515,7.762220965257777,-2.059364745884786,-15.078006216373057,4.334746772806259,-24.553964277856505,-0.23256299999999985,-0.033159,-0.8347950000000001,0.261166,0.055485,-0.691952,0.49372899999999986,0.088644,0.14284300000000005,0.976319525758729,0.0,single,-0.691952
272,2.266667,jog,-1.042596592272604,-0.6208303335733092,0.05723542116630022,-0.07433227300059754,0.0061481322392751,1.244178886836058,-0.006719462443011228,0.001679865610751142,0.0021598272138229563,-3.0221982241420275,-2.29001679865609,-1.0632349412046964,3.3988774467123504,8.63419461664951,-0.7351947846280825,0.014496180457177777,0.9935360716716464,1.5263078510582895,-18.14295468543334,-4.949225804900091,-28.106765236176905,-0.22392999999999996,-0.027971000000000003,-0.835254,0.2446680000000001,0.041574,-0.70129,0.46859800000000007,0.069545,0.13396400000000008,0.9879079941941893,0.0,single,-0.70129
273,2.275,jog,-0.9650786031441472,-0.6767070682827373,0.15576623064922995,-0.1531115030053193,0.35318769771735825,1.1431361873924122,-0.007800312012478379,-0.007920316812672173,0.009600384015360727,-2.924396975879072,-2.7085083403336383,-0.869674786991488,9.302530796646762,-6.705476384186802,11.824170104755867,-0.1297071366215241,-1.1520679735297494,0.892902532285832,11.736619256325026,-50.22099384105987,23.22814763149048,-0.21595299999999984,-0.022398,-0.836472,0.22834100000000013,0.024642999999999998,-0.709835,0.44429399999999997,0.047041,0.126637,0.9755196417085777,0.0,single,-0.709835
274,2.283333,jog,-0.9293171726869127,-0.6500660026401122,0.28237129485178925,0.0599447890697635,0.8712490449619313,0.22190910338310485,-0.010200408016334279,-0.015360614424577496,0.012480499219968903,-3.0164406576263385,-2.652706108244354,-0.9083163326533136,4.291543316600838,3.1970557593454196,15.193215432924571,-0.288023041384366,-0.8928714282857784,0.34562764965897075,-11.045683637017563,6.696535712142644,-4.637170966257758,-0.20829399999999998,-0.017109,-0.8387209999999999,0.21094900000000005,0.007955000000000004,-0.719757,0.41924300000000003,0.025064000000000003,0.11896399999999996,0.9628905649920296,0.0,single,-0.719757
275,2.291667,jog,-0.8534917206623315,-0.7752579793616445,0.24274058075353752,0.541032892387516,-0.38069845044439177,0.317019338401589,-0.013318934485237747,-0.014998800095992219,0.016318694504439606,-3.2479001679865207,-2.822654187664966,-0.8666906647468146,9.098326376839532,-15.02183545974699,-4.755305267368781,-0.37419324080914856,0.0434142462905297,0.4605465904092481,-27.772919409668877,-20.392138159420487,4.994680574333898,-0.20129200000000003,-0.010773000000000005,-0.8406079999999999,0.1909940000000001,-0.009108000000000005,-0.729003,0.39228600000000013,0.0016649999999999998,0.11160499999999995,0.9569026357318294,0.0,single,-0.729003
276,2.3,jog,-0.7592703708148362,-0.6936277451098116,0.2655706228249179,0.3629401424400523,-0.3850595318996502,-0.8136802812894257,-0.013440537621491779,-0.016680667226689247,0.012120484819392518,-3.2731309252370586,-2.953318132725335,-0.8489139565582697,11.30701426227003,9.79601995101808,2.739714637151155,-0.01459296006888673,-0.20183212896880395,-0.503805314418232,-3.0278119825438794,-15.680300619269227,2.1332903142379673,-0.19507699999999994,-0.005131999999999998,-0.84272,0.17004599999999992,-0.02793799999999999,-0.73829,0.36512299999999986,0.022805999999999993,0.10443000000000002,0.958978364010243,0.0,single,-0.73829
277,2.308333,jog,-0.8589943597743528,-0.7163086523460608,0.468618744749775,0.22137123948309242,-0.9256856763076675,-1.2882811722085343,-0.027121084843399677,-0.03384135365414354,0.04416176647065691,-3.2533301332051807,-2.6984279371173647,-1.0529221168846294,-11.967357369436243,-2.7218177410594215,24.366749300953813,-1.6417313358823105,-2.05936474588426,3.845107602455655,2.3761900914289003,30.588046994834883,-24.481958517502786,-0.188145,0.0005549999999999999,-0.846257,0.15009399999999995,-0.044454999999999995,-0.750969,0.33823899999999996,0.045009999999999994,0.09528800000000004,0.8968408446725195,0.0,single,-0.750969
278,2.316667,jog,-0.6977441804656097,-0.7392608591313049,0.2945764338853008,0.6151840756845699,-0.43136932634791564,-1.180692474137027,-0.02651787856971884,-0.00251979841612768,-0.010079193664506972,-3.354571634269413,-2.795296376290026,-1.14854811615076,19.34847363915892,-2.7540444906701667,-20.88340663120736,0.07237896252470176,3.7582859656848204,-6.50839454465639,-12.14800828704546,-11.623282838092813,-11.474201975778131,-0.1825509999999999,0.0066950000000000065,-0.848796,0.12795200000000007,-0.06158999999999999,-0.762996,0.310503,0.068285,0.08579999999999999,0.9525325429366219,0.0,single,-0.762996
279,2.325,jog,-0.7795511820472277,-0.6897875915036284,0.42889715588621247,-0.45769579629417617,-0.3705926089168161,-1.8501546643535287,-0.019560782431285974,-0.012600504020159529,0.017520700828031966,-3.5103804152164604,-2.80115204608172,-0.9563182527300674,-9.817232879108893,5.937029596504773,16.119131405364904,0.8348849320091873,-1.2097330618062407,3.3121198238974823,-18.697801625709893,-0.7027084833425888,23.068506350736122,-0.17621799999999999,0.012338000000000002,-0.852224,0.10519599999999985,-0.079184,-0.774539,0.28141399999999983,0.091522,0.077685,0.9514552935603695,0.0,single,-0.774539
280,2.333333,jog,-0.8195127805112248,-0.6786271450858105,0.44665786631465704,-0.6789307571885499,0.4542937846781752,-1.208720966659317,-0.01284051362055445,-0.012960518420738252,0.024120964838594154,-3.4611784471378946,-2.8249129965198874,-1.205448217928728,-4.795583639025251,1.3393071424238683,2.1313705062336172,0.8064645158684252,-0.04320345620769552,0.7920633638020219,5.9044723483218835,-2.8514281097045147,-29.896791695507364,-0.1694960000000001,0.017884999999999998,-0.855745,0.083183,-0.097069,-0.788306,0.2526790000000001,0.114954,0.06743900000000003,0.949594015662858,0.0,single,-0.788306
281,2.341667,jog,-0.7684185265178819,-0.6972642188624852,0.5183585313174895,-0.6880680846926364,0.09301035487077843,-1.405741737568961,-0.012598992080636062,-0.005279577633787876,0.023158147348211814,-3.5491960643148306,-2.706863450923905,-1.1442284617230538,6.130820013600012,-2.2362699516048288,8.603391529017514,0.028980266368896772,0.9216391633009741,-0.11552885653735695,-10.561269159699465,14.164812286534838,7.345783082034287,-0.16319700000000004,0.023652000000000006,-0.859872,0.06000800000000006,-0.113817,-0.8021619999999999,0.2232050000000001,0.137469,0.05771000000000004,0.9551884089262916,0.0,single,-0.8021619999999999
282,2.35,jog,-0.7749909996400016,-0.6794671786871538,0.5286211448457977,-0.5126887444026152,-0.10649092852591024,-1.355983416855026,-0.004680187207476369,-0.0013200528021134166,0.06384255370214882,-3.5978639145566196,-2.899915996639891,-1.1461658466338762,-0.7887283237873258,2.1357302502498046,1.231562885912426,0.9502945965630343,0.47516198628039064,4.882324055434704,-5.840375644040494,-23.167232175205534,-0.23249548911825532,-0.15677799999999986,0.029302999999999996,-0.863745,0.0364850000000001,-0.13232,-0.816118,0.19326299999999996,0.161623,0.047626999999999975,0.893287531254034,0.02373000000000014,single,-0.816118
283,2.358333,jog,-0.7737909516380738,-0.6575063002520158,0.6420256810272562,-1.7205237246360325,-0.5295389974087321,-1.0515898130799688,-0.014640585623446374,-0.02208088323532838,0.04128165126605067,-3.670706828273172,-3.0057602304092423,-0.9740789631585351,0.1440115206921717,2.6354108286497233,13.609088705323359,-1.1952956217412811,-2.4913993079581367,-2.7074165889953625,-8.741499305958591,-12.701816124967266,20.651252067123803,-0.15045200000000003,0.034598000000000004,-0.868751,0.01234500000000005,-0.15188799999999997,-0.829585,0.16279700000000008,0.18648599999999999,0.039166000000000034,0.9182468674894844,0.1083400000000001,single,-0.829585
284,2.366667,jog,-0.6705063594912267,-0.7426205903527678,0.4962802975761802,-0.7717611190352808,-0.8588178465999181,-1.362080821682007,-0.019318454523620646,-0.03479721622270342,0.03731701463882888,-3.7095032397407954,-2.664026877849752,-0.8986081113510845,12.393159604853162,-10.21289778026774,-17.488046970371357,-0.5612993640717826,-1.5258378914536763,-0.47571833779958705,-4.655196960357966,41.0047219293842,9.055777754673631,-0.14502499999999996,0.040497000000000005,-0.8725759999999999,-0.012982000000000049,-0.16790099999999997,-0.84121,0.1320429999999999,0.20839799999999997,0.031365999999999894,0.9090694935131268,0.18634000000000006,single,-0.84121
285,2.375,jog,-0.7699507980319256,-0.7203888155526263,0.5597023880955291,-3.1035284973459625,0.38773659804881055,-1.6038579642893247,-0.022800912036497808,-0.031201248049921845,0.04332173286931519,-3.585383415336638,-2.6769470778831423,-0.8513140525621098,-11.933809977283062,2.6679196928047153,7.610955300533957,-0.41791161800998367,0.4315334420714754,0.7205950114588221,14.894974727488107,-1.5504860234478195,5.675514075240031,-0.13879900000000012,0.04623999999999999,-0.876879,-0.036443,-0.184205,-0.852968,0.10235600000000011,0.230445,0.023911000000000016,0.903244695689918,0.26088999999999996,single,-0.852968
286,2.383333,jog,-0.5624624984999581,-0.7583103324133057,0.4117364694587909,-0.36900451349505603,-1.8710355737689908,-2.261713949549291,-0.010200408016307632,-0.03876155046201763,0.03972158886355466,-3.52406096243853,-3.0153606144246057,-0.38197527901116457,24.899591927513423,-4.550764053843717,-17.756620501228795,1.5121209672615255,-0.9072725803547168,-0.43203456207375057,7.358988707321321,-40.61124883492937,56.322905742343636,-0.1341969999999999,0.05223600000000002,-0.8799790000000001,-0.0611219999999999,-0.203013,-0.8595820000000001,0.073075,0.255249,0.020397,0.9059505044646413,0.29603,single,-0.8595820000000001
287,2.391667,jog,-0.6634269258459147,-0.7622990160787076,0.41912646988240243,-1.040120270369374,-0.5509403756757961,-1.3229047782781356,0.0028797696184333834,-0.050395968322534256,0.041396688264938676,-3.5944324454043515,-2.8225341972641993,-0.2241420686345069,-12.11476210054665,-0.47860375154810636,0.886729112504378,1.5694957565083891,-1.3960184617850415,0.20099584849820049,-8.443902443702996,23.13731907372269,18.93847016758537,-0.12864399999999998,0.05816900000000001,-0.883127,-0.0855490000000001,-0.22018300000000002,-0.864943,0.04309499999999988,0.27835200000000004,0.018183999999999978,0.8911967563861052,0.31816,single,-0.864943
288,2.4,jog,-0.6782671306852325,-0.7424696987879581,0.48157926317053656,-1.1333128536639694,-0.42936719101607596,-1.505075044957037,-0.023040921636862083,-0.06180247209888471,0.04056162246489873,-3.3292931717268814,-2.2731309252370253,-0.2216488659546404,-1.7808958165508149,2.3796132594203443,7.4946349799753635,-3.1106073749304817,-1.36883520657033,-0.10021190448097378,31.817985560719123,65.93102988445686,0.2991962894355597,-0.12318399999999996,0.06384100000000001,-0.8868020000000001,-0.10763999999999996,-0.23293799999999998,-0.870803,0.015544000000000002,0.296779,0.015999000000000096,0.8709470947807061,0.34001,single,-0.870803
289,2.408333,jog,-0.6517460698427953,-0.8239529581183302,0.466458658346335,0.005780546351265772,-1.0104775309264082,-1.5326684242982516,0.002880115204611091,-0.0628825153006122,0.05616224648986007,-3.1167646705868646,-2.248769950798053,-0.19404776191047823,3.182654607276786,-9.778382254934945,-1.8145451607106344,3.1106488469306863,-0.12961036862204506,1.8721497689861373,25.504440314414833,2.923433870031509,3.3122649758985254,-0.11772899999999997,0.070183,-0.890221,-0.1281810000000001,-0.244811,-0.8763070000000001,0.010452000000000128,0.314994,0.013913999999999982,0.8593990702090235,0.36085999999999996,single,-0.8763070000000001
290,2.416667,jog,-0.7583393328533783,-0.7591792656587414,0.36705063594912535,0.6579636267198893,-0.8513017416110961,-1.9913145914944528,0.042476601871845786,-0.04967602591792758,0.0767938564914803,-2.9216462682985083,-1.7799376049915887,-0.13174946004319574,-12.790168347802041,7.772221317445208,-11.928008446989306,4.7511983042037915,1.5846519537658412,2.4755951525822018,23.412335287779555,56.25538106628998,7.4751982082171855,-0.1110549999999999,0.07609599999999998,-0.8926400000000001,-0.14620999999999995,-0.25331800000000004,-0.880464,0.03515500000000005,0.329414,0.012176000000000076,0.8319287051707258,0.37824,single,-0.880464
291,2.425,jog,-0.6992679707188384,-0.7475099003960242,0.3940957638305513,-0.16573677647071666,-0.5289271317393697,-1.5745565157596408,0.016920676827066845,-0.04176167046681752,0.07656306252250156,-2.4249369974799317,-1.7277091083643497,0.03504140165606663,7.088847010025253,1.4003798467199484,3.245545167577845,-3.06683367872065,0.9497606445589979,-0.027696384132814066,59.60749679810165,6.267670302080827,20.015704032072954,-0.10508699999999993,0.08197700000000001,-0.895286,-0.16059,-0.261486,-0.883456,0.05550300000000008,0.343463,0.011830000000000007,0.8519361158214921,0.3817,single,-0.883456
292,2.433333,jog,-0.7970718828752842,-0.7476299051961731,0.34981399255968704,0.44012536005912967,0.041445760197440916,-1.7541111847567088,-0.0014400576022921456,-0.028921156846273187,0.014640585623423944,-2.022560902435999,-1.5753030121204152,0.059882395295809125,-11.73693893633043,-0.0144011520639564,-5.314025113508015,-2.2033762665736445,1.540923271396108,-7.430994467667692,48.28706288778529,18.289463127796434,2.9810384783081,-0.0984569999999998,0.08796599999999999,-0.898079,-0.1708019999999999,-0.26838300000000004,-0.885872,0.0723450000000001,0.356349,0.012206999999999968,0.9459204848132179,0.37793,single,-0.885872
293,2.441667,jog,-0.7114230861531223,-0.7157427405807893,0.2889368850492051,-0.32272185283499966,-0.016806198494043217,-2.039759608966,0.016558675305972857,-0.03119750419966501,0.02963762898968268,-1.7032637389009606,-1.357451403887753,0.12227021838253486,10.277033443984374,3.8261536615533025,-7.3046685277759416,2.1596751749779006,-0.27313983122053376,1.7995012438516222,38.31259461663704,26.14010177977828,7.485939895215814,-0.09238999999999997,0.09367100000000002,-0.9002399999999999,-0.179068,-0.273731,-0.887261,0.08667800000000003,0.367402,0.012978999999999963,0.9231548626510067,0.37021000000000004,single,-0.887261
294,2.45,jog,-0.6743069722788663,-0.7872314892595336,0.17676707068282643,0.8398115261081283,-0.2927739698558622,-2.001007435055632,0.029401176047020024,-0.045001800072000935,0.023520940837632676,-1.2547701908075795,-1.0681627265090123,-0.12288491539661009,4.454111829383706,-8.578993001168975,-13.460916160611273,1.541161735395008,-1.6565817679509558,-0.734031939523549,53.82137862634842,34.71602992664441,-29.4197928452099,-0.0865260000000001,0.099856,-0.901517,-0.18390499999999999,-0.276072,-0.889758,0.09737899999999988,0.37592800000000004,0.011758999999999964,0.9022073363840674,0.38241,single,-0.889758
295,2.458333,jog,-0.8181927277091148,-0.7694707788311604,0.13008520340813437,-0.40766565587244696,0.9629824655289213,-2.2296536457854645,0.016680667226702573,-0.04848193927757174,0.0018000720028794339,-0.8928357134285589,-0.889475579023166,-0.22776911076443312,-17.266981330883215,2.1313705062250436,-5.602048154889294,-1.526522119322881,-0.41763341000490045,-2.6066085245113935,43.433874640468474,21.443315430918997,-12.586606908415217,-0.079569,0.105864,-0.902586,-0.1845270000000001,-0.277072,-0.89274,0.1049580000000001,0.382936,0.009846000000000021,0.9144952347907229,0.40154,single,-0.89274
296,2.466667,jog,-0.6943844492440535,-0.770938324934001,0.05015598752100147,0.46288074328294404,0.04139914392531236,-2.0081634220205755,0.004079673626120621,-0.04763618910487226,0.0010799136069116863,-0.5514758819294201,-0.783297336213101,-0.3399328053755668,14.855804951411125,-0.17609144502526997,-9.590738647364084,-1.511998272208046,0.10148190217176296,-0.08641209454856516,40.95990298765734,12.740369907615086,-13.458566668002499,-0.07374799999999992,0.111892,-0.902995,-0.18333599999999994,-0.277175,-0.895991,0.10958800000000002,0.389067,0.00700400000000001,0.92029539845416,0.42995999999999995,single,-0.895991
297,2.475,jog,-0.7308292331693249,-0.7892715708628417,-0.054242169686788924,0.16470757939568847,-0.27718113079333256,-2.11910534532479,0.0012000480019013031,-0.09348373934957341,0.005520220808832928,-0.1872074882995344,-0.5917436697467908,-0.32497299891996,-4.373549012993127,-2.200077514561483,-12.528279996134806,-0.3455688976622278,-5.501926106408445,0.5328581785576961,43.71395579381844,22.98735947033625,1.7952485846162165,-0.06764800000000015,0.11769000000000002,-0.902497,-0.17880600000000002,-0.27552899999999997,-0.898247,0.11115799999999987,0.393219,0.004249999999999976,0.8439095483402499,0.4575,single,-0.898247
298,2.483333,jog,-0.6895475819032859,-0.9213968558742422,-0.24516980679227598,0.5069670031804946,0.07337959757741538,-2.1056787564947568,0.003480139205575066,-0.0576023040921652,-0.021600864034562364,0.024000960038399112,-0.5131405256210297,-0.17220688827553246,4.953996311777196,-15.855668428105332,-22.912232941976335,0.27362188931642667,4.3059444686677715,-3.2546603676221695,25.34602764165792,9.432754605275628,18.332666583994833,-0.06187300000000007,0.124888,-0.900634,-0.17286,-0.272127,-0.897639,0.11098699999999995,0.397015,0.002995000000000081,0.8973039255773498,0.47004999999999997,single,-0.897639
299,2.491667,jog,-0.7084233261339197,-0.8198944084473186,-0.22270218382528853,0.506953588570269,-0.2330035545792929,-2.0426275405214964,-0.00311975041997616,-0.050515958723302314,-0.033597312215022004,0.1263498920086348,-0.45020398368130604,-0.06971442284617156,-2.264908115026832,12.179319345683085,2.695899084111745,-0.7919234011940455,0.8502934207898766,-1.4394586249651486,12.280889365278968,7.5517808902955625,12.298112002563009,-0.05599500000000002,0.1313,-0.899058,-0.1659029999999999,-0.269046,-0.896364,0.1099079999999999,0.400346,0.002693999999999974,0.8987525814253492,0.47306,single,-0.896364
300,2.5,jog,-0.6999879995199845,-0.7945517820712886,-0.29617184687388076,0.4415270850689677,-0.21593294717558206,-2.1327739054200783,-0.001320052802110086,-0.057242289691587143,-0.056522260890436035,0.18972758910357243,-0.3181327253090103,-0.17556702268090957,1.0122796848596278,3.041236814596214,-8.816712234320521,0.21597235303805237,-0.807192003874342,-2.751103885205117,7.605627876507644,15.849184972074514,-12.702820092972395,-0.05017300000000002,0.137444,-0.897061,-0.15848899999999988,-0.265076,-0.895359,0.10831599999999986,0.40252,0.0017019999999999813,0.8659064563168426,0.4829800000000001,single,-0.895359
301,2.508333,jog,-0.7074282971318898,-0.7867514700588103,-0.333013320532821,0.24178934653095674,0.18533631222044986,-2.180684788143356,0.000840033601354894,-0.04848193927757174,-0.05112204488179607,0.10656426257050378,-0.20040801632065525,-0.23748949957998472,-0.8928714282857809,0.9360748844927876,-4.421153685220279,0.25922073724528977,1.0512841010459002,0.6480518431105259,-9.979998383903686,14.12753017980993,-7.430994467667793,-0.04427099999999995,0.143596,-0.8947120000000001,-0.1517059999999999,-0.26019,-0.894563,0.10743499999999995,0.403786,0.00014900000000006575,0.8825660047626998,0.49850999999999995,single,-0.894563
302,2.516667,jog,-0.6546676265898564,-0.8000959923206091,-0.34569234461243104,-0.022718739124952547,-0.13731513492171638,-1.8288069056922485,0.0010799136069025276,-0.03707703383729318,-0.03599712023038149,-0.019918406527490908,-0.08555315574754184,-0.2979361651067895,6.3307740031237065,-1.6012145742499073,-1.5213611806587386,0.028783298001875672,1.3684791744994564,1.8148457705080951,-15.176706155266825,13.781480750313479,-7.253019621646787,-0.03880600000000012,0.149955,-0.892131,-0.1464160000000001,-0.254235,-0.894165,0.10760999999999998,0.40419,0.0020339999999999803,0.8935130758198739,0.5,single,-0.892131
303,2.525,jog,-0.6446657866314897,-0.73562942517701,-0.3621744869794783,-0.8634342774600335,-0.13189172544596395,-1.8681580017105663,0.004920196807867288,-0.02232089283571264,-0.030841233649345875,-0.13764550582023516,-0.03024120964838981,-0.20556822272891095,1.2002688057562556,7.736297509132329,-1.977936201493749,0.46085241821250394,1.7708077524997812,0.6187311389698386,-14.12781702781055,6.637699039859899,11.084596469204294,-0.033393000000000006,0.15589899999999998,-0.8893700000000001,-0.14219099999999996,-0.24835700000000005,-0.8928600000000001,0.10879799999999995,0.40425600000000006,0.003489999999999993,0.9011205700021687,0.5846049061789038,double,-0.8893700000000001
304,2.533333,jog,-0.643345733829353,-0.7439097563902636,-0.3640945637825657,-0.7497335678622651,-0.008884034352536783,-1.702498448145883,0.004800192007685152,-0.011400456018242243,-0.02424096963878587,-0.05988239529581564,-0.00012000480018213638,-0.147965918636747,0.1584126727633101,-0.9936794927701466,-0.23041843310781715,-0.014401152067939143,1.3105048382899913,0.79206336380176,9.331946540792059,3.614689169351728,6.9125529931794665,-0.027992000000000017,0.16200299999999998,-0.8865379999999999,-0.13732900000000003,-0.24215899999999996,-0.8910589999999999,0.10933700000000002,0.4041619999999999,0.004520999999999997,0.9094322599474449,0.7339599615266068,double,-0.8865379999999999
305,2.541667,jog,-0.5826733861291018,-0.7738180945524344,-0.37161027117830486,-0.6801694044238236,0.4072873751018833,-1.5653564187882627,-0.004919606431480372,-0.01139908807295382,-0.006479481641468453,0.05723542116631354,0.01367890568753859,-0.1547876169906395,7.280099316084803,-3.5887134823818863,-0.9018127424692931,-1.1662825100990462,0.0001641403033864366,2.131208063033031,14.053013734356647,1.6557367995825079,-0.8185383194015433,-0.023177000000000003,0.16835700000000003,-0.8834949999999999,-0.131996,-0.23559599999999997,-0.8892519999999999,0.108819,0.403953,0.005757000000000012,0.9190892024630604,0.7240057756716699,double,-0.8834949999999999
306,2.55,jog,-0.5627025081003223,-0.7866314652586148,-0.398175927037077,-0.6199334647399818,0.31250591946956174,-1.454095483137395,-0.013680547221882697,-0.00984039361574457,0.004200168006719928,0.08736349453978982,0.03396135845433581,-0.11196447857914417,2.3966012275026625,-1.5376659913813153,-3.188006223301617,-1.0513549490462506,0.18705081689778771,1.2816092221515034,3.615513425354201,2.4339916916833557,5.138982168666233,-0.018602000000000007,0.17482999999999999,-0.880142,-0.126579,-0.22875800000000002,-0.886867,0.10797699999999999,0.403588,0.006724999999999981,0.9038040671592507,0.756633572400203,double,-0.880142
307,2.558333,jog,-0.49225969038759976,-0.6380655226208786,-0.4376575063002407,-1.6990412182773784,0.4417702732634146,-1.3980236038257583,-0.027481099243972712,-0.016800672026880483,0.01992079683187275,0.042241689667573794,0.04524180967238684,-0.08256330253209777,8.453476264576915,17.828626261578027,-4.737979030740664,-1.6561324879502466,-0.8352668200090732,1.8865509210550975,-5.414833177992804,1.353708294497844,3.528282256935689,-0.014728999999999992,0.18000700000000003,-0.8763289999999999,-0.12212500000000004,-0.22306399999999998,-0.8839079999999999,0.10739600000000005,0.403071,0.007579000000000002,0.8610894904209101,0.8280190529495686,double,-0.8763289999999999
308,2.566667,jog,-0.4144468442524869,-0.7127429805615877,-0.3120950323974182,-1.4649828075922509,-0.06637356312852952,-0.9515239681660379,-0.007199424046070521,-0.02399808015358783,0.05939524838013217,-0.0075593952483713825,0.02675785937125497,-0.02411807055435673,9.336794592646557,-8.960578106636973,15.066291565014186,2.4336063352415547,-0.8636198856140721,4.736555261370437,-5.975652137742674,-2.2178966044075734,7.012866807984606,-0.011334999999999873,0.18574700000000002,-0.8732329999999999,-0.1187339999999999,-0.21690099999999995,-0.881508,0.10739900000000002,0.402648,0.008275000000000032,0.8098109334476468,0.9386537870878666,double,-0.8732329999999999
309,2.575,jog,-0.4119764790591465,-0.6183847353893839,-0.23112924516979458,-1.1288795025518552,-1.7630981926701463,-0.3033947295866247,-0.02784111364454575,-0.037801512060481914,0.049921996879872955,-0.011880475219016787,-0.004320172806916407,-0.0033601344053760963,0.29645568142808887,11.323442358358292,9.716283118639153,-2.4771018358903536,-1.6564780879507348,-1.1368356534571942,-0.5185503384909653,-3.7295130419020763,2.491051979956764,-0.008133999999999864,0.19058499999999998,-0.870891,-0.11539999999999995,-0.21178400000000003,-0.87961,0.10726600000000008,0.402369,0.008719000000000032,0.7985942235126217,0.9781991279651042,double,-0.870891
310,2.583333,jog,-0.3609744389775504,-0.6367454698188025,-0.15288611544461886,-0.6689415090249998,-1.422471392899175,-0.11621289536543883,-0.016440657626311653,-0.048841953678146456,0.07092283691347734,-0.007320292811696541,-0.027481099243967515,0.03120124804992226,6.1204896293767685,-2.2033762665809222,9.389551149067135,1.368109446565967,-1.3249059903593716,2.5202016120970328,0.5472437786295797,-2.779422349340132,4.147531795907677,-0.005263000000000018,0.19548400000000002,-0.869026,-0.11245299999999991,-0.20670699999999997,-0.878076,0.1071899999999999,0.40219099999999997,0.009050000000000002,0.7633847443307975,0.9296375379754046,double,-0.869026
311,2.591667,jog,-0.38600911927045845,-0.6327093832493319,-0.14002879769618673,-0.003771931099553761,-2.1965242917056327,0.43541804721694466,-0.006839452843769295,-0.052915766738660136,0.09095272378209694,-0.03851691864650987,-0.022678185745139582,0.005159587233021483,-3.003921321443229,0.4842916450048717,1.5427547094350889,1.152052409712297,-0.48881846178469507,2.403394152702118,-3.7432956365266485,0.5763035155781013,-3.124749318082623,-0.002102999999999966,0.200316,-0.867101,-0.1095569999999999,-0.201623,-0.8768659999999999,0.10745399999999994,0.401939,0.009764999999999913,0.7266035408281067,0.925009732647643,double,-0.867101
312,2.6,jog,-0.36853474138966447,-0.5671426857074344,0.05340213608544735,-0.43033316688199685,-0.8712513571672929,0.19879997255587517,0.0032401296051841467,-0.06420256810272562,0.10704428177127147,-0.029041161646475182,-0.03564142565702561,0.0012000480019200388,2.097009226064339,7.86831843776528,23.21264055941868,1.2095982778055363,-1.3544703425015707,1.9310642012690116,1.1371363254571913,-1.5556510154669565,-0.475163714280749,0.0009950000000000792,0.204507,-0.866654,-0.10672799999999993,-0.19719399999999998,-0.877301,0.10772300000000001,0.401701,0.010646999999999962,0.6854238141585536,0.923348907236736,double,-0.866654
313,2.608333,jog,-0.3595343813752581,-0.5479419176767139,0.11592463698548316,0.16921475065652172,-0.934492096970217,0.41977132429594866,0.013800552022064833,-0.05988239529581231,0.10056402256090317,-0.005160206408258207,-0.04524180967239592,0.0021600864034562366,1.0800864051849792,2.3041843310597323,7.5030002280134855,1.267301382080977,0.5184414744885816,-0.7776622117326717,2.8658292617565335,-1.1520921655310685,0.11520921655300691,0.004105999999999943,0.208574,-0.866782,-0.10377499999999995,-0.19300500000000004,-0.8782490000000001,0.1078809999999999,0.401579,0.011467000000000005,0.688907276036637,0.9240227547609826,double,-0.866782
314,2.616667,jog,-0.32301415886727813,-0.5146388288936831,0.17554595632349182,0.23017033090276365,-0.4168130949661029,0.39648403645309316,0.03959683225343904,-0.030357571394288612,0.12562994960403065,0.015958723302128355,-0.05099592032636122,0.021118310535156917,4.382076134866775,3.996050969886073,7.15398600168085,3.0953060032846182,3.542695452546613,3.007670631524752,2.5340688397391893,-0.6904380434323568,2.2748049114111515,0.007128000000000023,0.21261,-0.867198,-0.1009500000000001,-0.18914099999999995,-0.879536,0.10807800000000012,0.40175099999999997,0.01233799999999996,0.6513277484257787,0.9042391900615306,double,-0.867198
315,2.625,jog,-0.27973118924758245,-0.5060602424097042,0.21204848193927509,0.021758176829952076,0.38057310649460496,0.06689865126444673,-0.003720148805965985,-0.10836433457338406,0.16152646105844382,0.014280571222846672,-0.009480379215174844,-0.0009600384015361976,5.1941641209283675,1.0294715569397563,4.380478293025753,-5.198245656954929,-9.361186028932696,4.307753684677007,-0.20138630496600238,4.9820642159110475,-2.6495078527173064,0.009427999999999992,0.215924,-0.867619,-0.09850000000000003,-0.18500299999999997,-0.881311,0.10792800000000002,0.400927,0.013691999999999926,0.5388395793553467,0.9713869698366315,double,-0.867619
316,2.633333,jog,-0.26389055562223473,-0.46729869194767654,0.1851674066962782,0.3375348297731401,0.022640849963867303,0.009118381600836308,-0.01512060482417492,-0.10704428177127064,0.17304692187687734,0.008760350414015409,-0.003360134405379606,-0.010200408016320538,1.9009520731246676,4.651572118328089,-3.225858063482194,-1.3681094465629473,0.1584126727605222,1.3825105986359811,-0.6624529951795648,0.7344587555256563,-1.1088887093225037,0.011501000000000206,0.21892599999999998,-0.86772,-0.09622799999999998,-0.18113700000000005,-0.882939,0.10772900000000019,0.40006300000000006,0.015218999999999983,0.5077432250161982,0.9769010241750629,double,-0.86772
317,2.641667,jog,-0.2324214062874779,-0.44288456923445785,0.16030717542596515,0.8042988718690657,-0.04818129191860233,0.020879845267296086,0.0007199424046016851,-0.057475401967842996,0.11711063114950687,0.002759779217675317,-0.005759539236853446,-0.010559155267578666,3.775995840503551,2.9294603687567196,-2.98298911330848,1.900713610364349,5.947789753231013,-6.711817941849057,-0.7200109426853907,-0.28790554733307194,-0.043046226452858855,0.013444000000000011,0.22213799999999997,-0.8680800000000001,-0.09426800000000002,-0.17749399999999999,-0.884363,0.10771200000000003,0.399632,0.016282999999999936,0.619742872510077,0.9794327368052473,double,-0.8680800000000001
318,2.65,jog,-0.23916956678268952,-0.4021360854434272,0.22248889955597362,-0.17029200238540318,0.23383657871635807,-0.09958113332916453,-0.005640225609040045,-0.06768270730829236,0.10092403696147956,0.004680187207476369,-0.0027601104044156313,-0.00012000480019171244,-0.8098116518914781,4.890013655469939,7.462105379816277,-0.7632506916646812,-1.22492563787945,-1.9424690013233485,0.2304581771032125,0.3599458577268501,1.2527481660130864,0.015390000000000015,0.22492500000000004,-0.869093,-0.09223599999999998,-0.17416599999999993,-0.886218,0.107626,0.399091,0.017124999999999946,0.6260020567983287,0.9909420441824055,double,-0.869093
319,2.658333,jog,-0.2624504980199159,-0.32197287891515847,0.18156726269050766,-0.2253914580598949,-0.9063067438915373,0.17624955588799718,-0.007680307212269596,-0.07320292811712528,0.11028441137645562,0.007200288011541051,0.0021600864034516565,0.0015600624024960088,-2.7938235014072443,9.619969582175624,-4.9107928555701825,-0.24481958517095515,-0.6624529951797641,1.123289861391593,0.3024241934555028,0.5904472348334733,0.2016161289676871,0.017513000000000112,0.22699800000000003,-0.869687,-0.08998899999999987,-0.17146499999999998,-0.887718,0.10750199999999999,0.398463,0.01803100000000002,0.5987054153412559,0.9872041765256523,double,-0.869687
320,2.666667,jog,-0.26853851691863995,-0.3880489560835055,0.13942884569234312,0.5080576074616431,-0.528785750621485,0.2337135004279291,-0.01523878089752667,-0.06335493160547116,0.09863210943124515,0.0077993760499137565,0.002159827213818377,0.0011999040076793276,-0.7305038275406793,-7.928494980603133,-5.0562055433362385,-0.9069442866879069,1.1816650481946298,-1.3981643802748236,0.07188481381961853,-3.110026797209179e-05,-0.043215550133990706,0.019624000000000086,0.22970399999999996,-0.870027,-0.08768599999999993,-0.16821300000000006,-0.8888699999999999,0.10731000000000002,0.397917,0.018842999999999943,0.6145479988820067,0.9863643757029648,double,-0.870027
321,2.675,jog,-0.22956918276731922,-0.39829593183727907,0.12096483859354591,1.1833926475907486,-0.5626130627937613,-0.08988475853391974,-0.013680547221909345,-0.040321612864515306,0.09336373454938293,0.006960278411123485,-0.005040201608062748,0.0016800672026881377,4.676507158444868,-1.2296862779039583,-2.215769482634991,0.18699552089491653,2.7641088132672587,-0.6322302750344729,-0.10069574448461284,-0.8640380201465487,0.057621888276588804,0.02142299999999997,0.23268699999999998,-0.870257,-0.08571499999999999,-0.16493600000000003,-0.889864,0.10713799999999996,0.397623,0.01960700000000004,0.632905499113152,0.9854062671731418,double,-0.870257
322,2.683333,jog,-0.1952478099123933,-0.34273370934836184,0.16392655706228598,0.9665612107340738,-0.4674732738122952,0.013897165385435093,-0.025921036841471793,-0.024480979239167987,0.08592343693747304,0.003240129605183974,-0.0066002640105634015,0.004080163206527998,4.1187294917706,6.667733408006094,5.155612440746211,-1.468917511047871,1.9009520731245193,-0.8928714282862796,-0.4464357141412873,-0.18721497689914612,0.28802304138242585,0.02283400000000002,0.23533900000000002,-0.8709070000000001,-0.08406099999999994,-0.16213500000000003,-0.8911960000000001,0.10689499999999996,0.39747400000000005,0.020289,0.6420647063436568,0.9859851609733515,double,-0.8709070000000001
323,2.691667,jog,-0.19078473722102868,-0.32097432205424825,0.26049916006719726,0.25821744711362454,-0.223975267109959,-0.0418214899215296,-0.049196064314859636,-0.005039596832253694,0.06839452843772824,0.0023998080153746024,-0.001079913606902585,0.006599472042236862,0.535525880893307,2.610917601885599,11.587785337762861,-2.7927798744167154,2.3327792664885028,-2.103300755908999,-0.10083052433518239,0.6623890573147431,0.30229287685492906,0.02401399999999998,0.23797200000000002,-0.872508,-0.08245099999999983,-0.15946899999999997,-0.893312,0.10646499999999981,0.397441,0.020804000000000045,0.6512923281974825,0.9881586502335042,double,-0.872508
324,2.7,jog,-0.15276611064440193,-0.3156126245049688,0.27877115084603055,0.46530567548439894,0.11581377692432743,-0.13464586150202434,-0.01980079203167688,0.03600144005760008,0.059762390495617,0.006000240009586135,-0.003240129605183974,0.0074402976119040945,4.562417685902444,0.6434294430912297,2.192726602523999,3.527573776932852,4.925121431639502,-1.0358979889728621,0.43206912207024767,-0.25923628924532505,0.10090310448424282,0.025121999999999867,0.240902,-0.874333,-0.08112800000000009,-0.15686599999999995,-0.8955730000000001,0.10624999999999996,0.39776799999999995,0.021240000000000037,0.6667268069300483,0.9831791012440597,double,-0.874333
325,2.708333,jog,-0.15024600984039868,-0.31177247089883753,0.23208928357134392,0.6292950261481696,-0.5453459266562084,-0.01593743818901382,-0.020040801632068856,0.06360254410176497,0.06108244329773277,0.01380055202209148,-0.0074402976119053235,0.007440297611904907,0.3024241934481307,0.4608368662104049,-5.602048154888641,-0.02880230413920284,3.3122649758988527,0.15841267276080448,0.9360748844960298,-0.5040403224194634,9.753005502161785e-14,0.02620699999999987,0.24403000000000002,-0.875758,-0.07976099999999997,-0.15432999999999997,-0.897445,0.10596799999999984,0.39836,0.021687000000000012,0.6324096719316274,0.9710761875677432,double,-0.875758
326,2.716667,jog,-0.10607151427886971,-0.3110151187904924,0.1729061675065879,0.8147233666567926,-0.20140807750471687,-0.1245652650260533,-0.023038156947440425,0.0849532037436999,0.0647948164146862,0.00911927045835906,-0.011999040076792443,0.0074394048476120805,5.300515426149344,0.0908749830027777,-7.101405815305443,-0.35965386553534273,2.561874207095604,0.44544913810335923,-0.561708850939811,-0.5470053353596214,-0.0001071231452875774,0.026899000000000006,0.24733,-0.876659,-0.0788009999999999,-0.15183799999999997,-0.898824,0.1056999999999999,0.39916799999999997,0.02216499999999999,0.5961857598814682,0.9719879588914653,double,-0.876659
327,2.725,jog,-0.12852514100562004,-0.294851794071764,0.2232089283571464,0.40207776787503996,0.06731482945189064,-0.1199463141305596,-0.02820112804512029,0.11496459858394448,0.06300252010080516,0.006600264010550429,-0.013440537621505102,0.009240369614784758,-2.6945429889296215,1.9396765533095568,6.036572764977673,-0.6195813149741882,3.601511441287034,-0.215084161032167,-0.30229286545165646,-0.17298662483051383,0.21612441703740476,0.027734999999999843,0.250745,-0.877994,-0.07767500000000016,-0.149493,-0.900607,0.10541,0.400238,0.022612999999999994,0.5503782645721602,0.9706744344005526,double,-0.877994
328,2.733333,jog,-0.0910836433457558,-0.32173286931478084,0.22296891875674213,0.3515209208964503,0.2873247030454978,0.04106142789690227,-0.032761310452414524,0.1503660146405875,0.0548421936877479,0.007800312012478379,-0.011280451218053445,0.007080283211328521,4.493159445561572,-3.2258580634845924,-0.02880230414067797,-0.5472437786264583,4.248339860391616,-0.9792783407005087,0.14401152069218295,0.2592207372436908,-0.25922073724424055,0.02822100000000005,0.25467900000000004,-0.8793949999999999,-0.076851,-0.14690599999999998,-0.9024059999999999,0.10507200000000005,0.401585,0.023011000000000004,0.4976007949362107,0.9742758297009129,single,-0.8793949999999999
329,2.741667,jog,-0.0921526277897617,-0.2884569234461175,0.21082313414926748,1.517553689769921,-1.2870899940643927,-0.13019179796071098,-0.03767698584112348,0.15886729061674848,0.06119510439164779,0.009959203263745454,-0.008039356851456533,0.006479481641468453,-0.12826787185095853,3.992794080713113,-1.4573775626919312,-0.5898338599362752,1.0200715114183974,0.762288301403869,0.2590462264539308,0.38890021197466856,-0.07209042114951572,0.028675000000000006,0.258407,-0.8806419999999999,-0.07600000000000007,-0.14456900000000006,-0.9041089999999999,0.10467500000000007,0.40297600000000006,0.023467000000000016,0.4747213853293627,0.9760904092595213,single,-0.8806419999999999
330,2.75,jog,-0.10896435857435968,-0.24024960998440203,0.18624744989799735,0.3641974992499153,-0.3714407218046913,-0.1506857186252043,-0.036841473658953565,0.18456738269530923,0.0627625105004209,0.010800432017271606,-0.009240369614783925,0.0020400816032641075,-2.0174883936875236,5.7851090197667006,-2.949200078155569,0.10026547247928984,3.08413441480391,0.18809625690305173,0.10095148848267851,-0.14412729669115604,-0.5327493145571086,0.02927600000000008,0.261947,-0.881671,-0.07500200000000001,-0.14264400000000005,-0.905644,0.10427800000000009,0.40459100000000003,0.023973000000000022,0.4296075938586156,0.9760674735903494,single,-0.881671
331,2.758333,jog,-0.10968438737547914,-0.21336853474139184,0.13620544821792963,0.8027469757284965,-0.6250507016120688,-0.29117240303774955,-0.03588143525741653,0.1791671666866701,0.06756270250810106,0.01308052322094537,-0.005040201608062748,0.0009600384015361976,-0.08640691241083243,3.225858063483793,-6.005280412824695,0.11520921655310751,-0.648051843110426,0.5760460827649347,0.2736218893164268,0.5040403224194426,-0.12961036862209527,0.02989099999999989,0.265218,-0.882243,-0.07397900000000002,-0.14090800000000003,-0.906771,0.1038699999999999,0.40612600000000004,0.024527999999999994,0.43002753959041246,0.9765819755010499,single,-0.882243
332,2.766667,jog,-0.10547156227502609,-0.18238540916726778,0.11867050635949246,0.3958177374122125,-0.5525323292550451,-0.32805427398408915,-0.03515718742499094,0.1777057835373152,0.052555795536356795,0.014038876889839432,-0.00755939524837098,-0.0013198944084473853,0.5054985721685888,3.7176776546824835,-2.104024701036361,0.08690278766805681,-0.17535194976660534,-1.8006847818267524,0.11499324080802192,-0.30227905451262455,-0.27357005159390035,0.030477000000000087,0.268219,-0.882794,-0.07298300000000002,-0.13945099999999994,-0.907771,0.10346000000000011,0.40767,0.024977000000000027,0.43586341915533977,0.9733345499184487,single,-0.882794
333,2.775,jog,-0.13788551542062608,-0.18012720508820212,0.11304452178087207,0.6111585920667079,-0.6617839854637367,-0.640254007731262,-0.02136085443417894,0.21060842433697619,0.05148205928237162,0.015600624024956758,-0.004200168006721177,-0.0075603024120966195,-3.889829970670861,0.2709953293010533,-0.6751451552406624,1.6556261839448125,3.9484748349527528,-0.12885350461840656,0.1874171529001968,0.40312339393373736,-0.7488789155945387,0.03144800000000014,0.271475,-0.883307,-0.07170399999999999,-0.13798499999999997,-0.9087759999999999,0.10315200000000013,0.40945999999999994,0.025468999999999964,0.382211463741836,0.9702707096444948,single,-0.883307
334,2.783333,jog,-0.14088563542541932,-0.12144485779431442,0.14508580343214048,0.2887725948504734,-0.993686992785709,-0.5975686586616303,-0.031921276851086276,0.25129005160206624,-0.07368294731789381,0.01188047521901742,0.003600144005757202,-0.00024000960038384123,-0.3600288017272617,7.042163361801061,3.845107602456342,-1.2673013820841752,4.881990551432909,-15.02040160809631,-0.44643571414129024,0.9360748844927939,0.8784702762165901,0.03235600000000005,0.274581,-0.88513,-0.07043099999999991,-0.13694299999999998,-0.909987,0.10278699999999996,0.411524,0.024857000000000018,0.3117494509538635,0.9793061782636464,single,-0.88513
335,2.791667,jog,-0.11603071754258852,-0.11435085193184237,0.11831053515719162,0.4318412208238479,-1.0893780092131105,-0.5626857473359737,0.002279817614589765,0.11291096712262902,0.21622270218382425,0.01583873290137029,-0.005159587233023149,-0.0037197024238060403,2.982351557815048,0.8512126064881208,-3.2127751709801604,4.103803031638562,-16.604161804587974,34.78589506860041,0.4749529256482887,-1.0510836619606774,-0.4175297364317461,0.03334199999999998,0.27647499999999997,-0.884314,-0.06933199999999995,-0.13603300000000002,-0.911004,0.10267399999999993,0.412508,0.02668999999999999,0.32653464033511315,0.971553022692414,single,-0.884314
336,2.8,jog,-0.06804272170886708,-0.1356054242169723,0.08868354734188659,0.5928807342636934,-0.9914327529679808,-0.29230463219323305,-0.027601104044156315,0.18456738269530923,0.02988119524781009,0.01944077763110488,-0.008760350414015409,-0.0026401056042243353,5.7587898516406915,-2.550650700243625,-3.5553807530667583,-3.585854033210891,8.599113833275036,-22.361875307334195,0.43226265807447783,-0.4321088660737181,0.12955680062183064,0.033679000000000014,0.27914300000000003,-0.8848039999999999,-0.06860299999999997,-0.13497599999999998,-0.9117649999999999,0.10228199999999998,0.414119,0.026961000000000013,0.4153951784866102,0.9641896301533316,single,-0.8848039999999999
337,2.808333,jog,0.0286811472459006,-0.18708748349932897,0.04644185767430807,0.5076885542684533,0.3848354856810525,-0.5032456693490477,-0.059882395295812456,0.15024600984038736,0.03240129605184057,0.02172086883475084,-0.00912036481458798,0.0,11.607328567714317,-6.178094237652033,-5.069205528330332,-3.87390990659483,-4.118729491770114,0.3024241934513821,0.2736218893130756,-0.04320345620695482,0.31682534552072705,0.03294099999999989,0.281954,-0.884921,-0.06866100000000008,-0.13349299999999997,-0.912152,0.10160199999999997,0.41544699999999996,0.027231000000000005,0.452767744700834,0.9607367433113483,single,-0.884921
338,2.816667,jog,-0.04499640028798072,-0.13966882649388668,0.10235181185505539,0.33106140368038445,-0.2958708984362783,-0.44960386391377327,-0.010559155267562993,0.20242380609552088,-0.06815454763619211,0.02291816654668358,-0.0067194624430115864,0.002519798416126847,-8.840598456189667,5.689783657960698,6.708657809065259,5.918315338163152,6.260834683841601,-12.065735983685778,0.14366423229335212,0.28808523777015865,0.302351621805491,0.033228000000000035,0.284805,-0.886342,-0.06809500000000002,-0.13238500000000003,-0.912984,0.10132300000000005,0.41719,0.026642000000000055,0.37716289339262005,0.959974212567865,single,-0.886342
339,2.825,jog,-0.013920556822272875,-0.13656546261850205,0.04536181447257563,0.4967863200348639,-0.49119733476041066,-0.4302272060833871,-0.006840273610967631,0.13464538581542643,0.00240009600383995,0.024120964838579964,-0.005040201608062479,0.0022800912036478275,3.729250385900213,0.37241856178860994,-6.839073248827222,0.4462836501374293,-8.133735783042297,8.466895912639979,0.14434156869030726,0.2015193609683227,-0.028766016138126613,0.033286999999999844,0.287065,-0.8866999999999999,-0.06777800000000012,-0.131289,-0.913343,0.10106499999999996,0.418354,0.026643000000000083,0.5088360231562314,0.9587546840069863,double,-0.8866999999999999
340,2.833333,jog,-0.02868114724590213,-0.1186847473898988,0.03444137765511099,0.42031321650228837,-0.5271803405587063,-0.3956741841560982,-0.04080163206528382,0.07332293291731741,0.04656186247449934,0.02256090243610689,-0.0025201008040380353,0.003960158406336503,-1.7713417045037068,2.145771658298742,-1.3105048382893008,-4.075526035559402,-7.358988707321442,5.299623961437633,-0.18721497689584632,0.30242419345067406,0.2016161289678016,0.03318599999999994,0.288665,-0.886599,-0.06735099999999994,-0.13032100000000002,-0.913597,0.10053699999999988,0.418986,0.026997999999999966,0.5700804914013287,0.961593255750045,double,-0.886599
341,2.841667,jog,-0.03659707223422095,-0.14926805855531053,0.008999280057600994,0.5302623064667428,-0.6212691414483463,-0.3440572674811158,-0.03383729301654563,0.056755459563234655,0.02639788816894604,0.01823854091671812,-0.0004799616030722306,0.0044396448284135534,-0.9498350117973074,-3.6697037635482954,-3.052807487102208,0.8356538335418927,-1.987937767468518,-2.4194833579977377,-0.5186418909753706,0.244797120346267,0.05753376794780982,0.033209000000000044,0.290382,-0.8864540000000001,-0.06689400000000001,-0.12908100000000006,-0.9136350000000001,0.10010300000000005,0.41946300000000003,0.02718100000000001,0.609598812760652,0.9687045803797956,double,-0.8864540000000001
342,2.85,jog,-0.001320052802110086,-0.11952478099124036,-0.000840033601354894,0.39910214201065375,-0.08356193790803705,-0.4021343223851812,-0.018600744029749986,0.04884195367814812,0.026761070442818075,0.017280691227666546,0.006600264010563753,0.004440177607104602,4.233411668320075,3.5693360811316976,-1.1807648696695041,1.8284590167761652,-0.949658692558095,0.04358361620929312,-0.11494656054861174,0.8496610600787289,6.393600036582448e-05,0.03306500000000012,0.29178499999999996,-0.886224,-0.06673899999999988,-0.12803000000000003,-0.9135909999999999,0.099804,0.41981500000000005,0.02736699999999992,0.6284684338181379,0.9682938425408089,double,-0.886224
343,2.858333,jog,-0.04452178087122316,-0.14592583703348205,0.016920676827080167,0.15939554425541094,-0.10387953089289452,-0.411713795447263,-0.012720508820372314,0.037561502460098005,0.02028081123244978,0.012960518420736587,0.00900036001440633,0.004320172806912057,-5.184414744883411,-3.16825345520724,2.131370506232476,0.7056564513833825,-1.3537082944978063,-0.7776622117326717,-0.5184414744905794,0.28802304138276713,-0.014401152069188298,0.03332999999999986,0.29331399999999996,-0.886196,-0.06625999999999999,-0.126739,-0.9136960000000001,0.09958999999999985,0.42005299999999995,0.02750000000000008,0.6507633454575583,0.9727335466998589,double,-0.886196
344,2.866667,jog,-0.01871850251980367,-0.13462922966162746,0.014998800095983894,0.10647160202873797,0.3852143483905813,-0.42397576550105714,-0.006239500839925676,0.01187904967602605,0.021718262538995954,0.010679145668347139,0.00959923206143129,0.00839932805375571,3.096145710513474,1.355484445866871,-0.23060675919081577,0.7776587449539942,-3.08164780226443,0.17248035835687092,-0.27374283086026285,0.07185889693124023,0.48945947286340546,0.033433999999999964,0.294535,-0.8861399999999999,-0.06601499999999993,-0.125537,-0.913751,0.0994489999999999,0.420072,0.027611000000000052,0.681341788141448,0.97227425383583,double,-0.8861399999999999
345,2.875,jog,-0.022920916836679947,-0.13908556342254072,-0.00852034081362449,-0.11462836917697031,0.5199783164823313,-0.6071579071627117,0.0007200288011461112,0.0074402976119053235,0.0003600144005763864,0.013080523220918723,0.010440417616711875,0.010080403216128827,-0.5043098904207747,-0.5347814425672983,-2.8224098055452536,0.8351769640071824,-0.5326715545566744,-2.5630923003023836,0.28817683338192795,0.10094630448585054,0.20173708896833464,0.033630999999999966,0.295756,-0.886066,-0.06571499999999997,-0.12429099999999993,-0.9135960000000001,0.09934599999999993,0.42004699999999995,0.027530000000000054,0.7122271316231293,0.9674373707405388,double,-0.886066
346,2.883333,jog,-0.017640705628212957,-0.13548541941677683,-0.06252250090003582,0.24353942588653782,-0.2890985174432891,-0.4046784254618347,0.009360374414979384,-0.028321132845314085,0.014040561622464913,0.01188047521901742,0.009840393615734576,0.011280451218048866,0.6336506910436863,0.4320345620741536,-6.480518431106663,1.0368829489779614,-4.291543316599032,1.6417313358800734,-0.14401152068898518,-0.07200576034769046,0.14401152069123369,0.033855999999999886,0.296649,-0.885428,-0.065469,-0.12308000000000002,-0.912981,0.09932499999999989,0.419729,0.02755300000000005,0.6695245587396825,0.9681484512139582,double,-0.885428
347,2.891667,jog,-0.012598992080636062,-0.12131029517638306,0.031677465802727255,-0.322926299641631,0.23122397527116254,-0.25863371425618553,0.010919126469889916,-0.05627549796016242,0.024958003359731012,0.01727861771057366,0.016078713702913066,-0.01187904967602605,0.6049572291308923,1.7008788385401563,11.303091756990922,0.18703528376656117,-3.3542554733439074,1.3099882094151687,0.6477252809642665,0.7485385273792228,-2.77891779386546,0.03405199999999997,0.297191,-0.8854839999999999,-0.06522000000000006,-0.12193499999999996,-0.9133439999999999,0.09927200000000003,0.41912599999999994,0.027859999999999996,0.6171958610702313,0.9559612706582197,double,-0.8854839999999999
348,2.9,jog,-0.03444137765512431,-0.10860434417376665,-0.009480379215161521,0.23909846195673032,-0.3882491029144472,-0.10823406495847739,-0.0016800672026831415,-0.2596903876155069,0.09036361454458305,0.010200408016307632,0.01068042721708947,0.005760230409216353,-2.621191116583277,1.5247751113184365,-4.939138967705406,-1.511963719257551,-24.410763189169124,7.848987301674383,-0.849419140077534,-0.6478202911104818,2.1167982821603943,0.03432500000000016,0.295932,-0.884652,-0.06484800000000002,-0.12094099999999997,-0.9132170000000001,0.09917300000000018,0.41687299999999994,0.028565000000000063,0.2560696913118817,0.973579253542909,single,-0.884652
349,2.908333,jog,0.08448337933517873,-0.09108364334573582,-0.008400336013442354,0.5798606930714703,-0.8581627861446993,0.4974964420520449,0.0024000960038292525,-0.02148085923437107,-0.05412216488659596,0.006960278411150132,0.014040561622455754,0.004680187207488443,14.271541700504516,2.1025682020918017,0.12961036862104602,0.4896391703483056,28.586286857210848,-17.338987091225288,-0.38883110586313807,0.40323225793427503,-0.12961036862209532,0.03364100000000003,0.296512,-0.885033,-0.06549399999999994,-0.12006500000000003,-0.913108,0.09913499999999997,0.41657700000000003,0.028075000000000072,0.6221189815780547,0.9727416170625215,double,-0.885033
350,2.916667,jog,0.006599472042253162,-0.10907127429805451,-0.030237580993523885,0.23259509095425335,-0.14029233403523125,-0.20104931878957152,0.003839692824577845,-0.04079673626109797,-0.01463882889368888,0.0033597312214922927,0.01775857931365921,0.005999520038397054,-9.34532124945104,-2.1583430468344793,-2.6202597768276172,0.1727377994658725,-2.3177198256211606,4.737621309444058,-0.4320311002709157,0.4461264328297849,0.158307275127022,0.033617999999999926,0.297081,-0.884903,-0.06552100000000016,-0.119008,-0.912806,0.09913900000000009,0.416089,0.02790300000000001,0.6484477382468857,0.9682610835701254,double,-0.884903
351,2.925,jog,-0.044041761670467965,-0.11436457458298882,-0.015840633625347676,0.3287955484503007,0.008648622568030404,-0.3364840445622054,0.006360254410186157,-0.05100204008160311,-0.0007200288011519401,0.0009600384015370304,0.017520700828030818,0.006000240009600194,-6.077191133171918,-0.6352214430498454,1.7277027922928525,0.3024794894525783,-1.2246854458784633,1.6703228240174086,-0.28797465738092937,-0.028546560137812822,8.640000037683973e-05,0.03403800000000001,0.297609,-0.8847769999999999,-0.06514600000000015,-0.11790899999999999,-0.912624,0.09918400000000016,0.415518,0.027847000000000066,0.6358597768228166,0.9690924536628192,double,-0.8847769999999999
=======
249,2.075,stand,-1.7452298091922873,-1.0666026641065163,-0.15048601944076828,0.03403665729860245,-0.7398555412765101,0.251913349997683,-2.668666746669773,-1.9101164046561019,0.37069482779309637,-0.5731429257170036,-0.5555022200887784,0.8383535341413294,3.733119377938284,0.1862334729055904,-23.24283735955952,37.2704804989193,3.1979664153704563,-2.3849666034513284,-4.3280801487675875,-1.5055390152203159,-2.5222268281153433,-0.3923540000000001,-0.07624700000000001,-0.85832,0.299878,0.20660299999999998,-0.832121,0.6922320000000001,0.28285,0.026198999999999972,0.5,0.23801,flight,-0.832121
250,2.083333,stand,-1.7429497179887332,-1.0134405376215152,-0.20100804032161254,-0.9891295665488061,-0.6133984179965389,-0.10363441983929904,-2.3866554662186594,-1.7681507260290572,0.21684867394696022,-0.5798631945277801,-0.6023040921636915,0.7701908076323132,0.2736218893020668,6.379710366614852,-6.06288502110221,33.84270736242845,17.036562897761428,-18.462276952614612,-0.8064645158738194,-5.616449306961909,-8.179854375257031,-0.397718,-0.082536,-0.854838,0.30957,0.210029,-0.824028,0.707288,0.29256499999999996,0.030810000000000004,0.5,0.19189999999999996,flight,-0.824028
251,2.091667,stand,-1.7552195824334023,-1.0206383489320776,-0.3042956563474878,-1.2632388468212092,0.07188913883423302,-0.1990556480698873,-2.0778737700983796,-1.5791936645068274,-0.037556995440365414,-0.6564674826013873,-0.721742260619144,0.7756179505639487,-1.4722659520841073,-0.8636682638063778,-12.39352244130963,37.050839467275914,22.673033539984203,-30.52623822742065,-9.191779226494674,-14.331433699958197,0.6512050553918222,-0.40040699999999996,-0.08719099999999999,-0.852615,0.3187270000000001,0.21252,-0.815028,0.719134,0.299711,0.03758700000000004,0.5,0.12412999999999991,flight,-0.815028
252,2.1,stand,-1.7265090603624216,-1.0012000480019279,-0.4094563782551304,-1.0231589425796495,-0.23671420893978595,-0.09192438061656381,-1.7359894395775832,-1.4704188167526835,-0.3007320292811733,-0.7404296171846952,-0.9509180367214759,0.7885515420616889,3.4454004645362946,2.3326894191947596,-12.619791420574055,41.027760772926854,13.053503870652216,-31.582267351591305,-10.075859184364418,-27.502193220008877,1.5520930634513768,-0.4004859999999999,-0.091101,-0.851709,0.326944,0.212939,-0.805045,0.7274299999999999,0.30404000000000003,0.04666400000000004,0.5,0.033360000000000056,flight,-0.805045
253,2.108333,stand,-1.7110284411376737,-1.0038401536061532,-0.4700588023521055,-1.4160569766206303,0.13995943413514614,-0.3034017300404091,-1.4647785911436786,-1.3386535461418576,-0.4364574582983361,-0.7177487099484062,-1.1111244449778113,0.7476299051962163,1.8577486169144368,-0.31682534552086455,-7.272581794908873,32.5466036762159,15.812464971898127,-16.28770299017929,2.7218177410643496,-19.22553801228091,-4.910792855570976,-0.39843399999999995,-0.093891,-0.851429,0.3352210000000001,0.21204499999999998,-0.794898,0.7336550000000001,0.305936,0.056531,0.5,0.0,flight,-0.794898
254,2.116667,stand,-1.723062155027576,-0.9930405567554527,-0.5904727621790156,-0.7059483941528321,-0.032638082583332034,-0.00208577556564079,-1.1960643148547998,-1.2297816174705927,-0.7417806575473914,-0.8305735541156625,-1.2329013678905567,0.7931365490760651,-1.4439301523760706,1.2958479542477142,-14.448519297685282,32.243133703968894,13.063586353643402,-36.635853041643024,-13.537898268209188,-14.612061784586574,5.4603604367468765,-0.394042,-0.095864,-0.8526900000000001,0.34265900000000005,0.210046,-0.783367,0.736701,0.30591,0.06932300000000002,0.5,0.0,flight,-0.783367
255,2.125,stand,-1.713188527541112,-1.019560782431307,-0.69146765870636,-1.1348680498710768,0.6347361660853766,-0.1440655065394404,-0.9410776431057214,-1.3724948997960047,-0.8787951518060798,-0.9275171006840341,-1.3319332773311086,0.784351374054971,1.1848826936834287,-3.1825543832778926,-12.119872378176565,30.599624594873482,-17.12627893020681,-16.442397006923034,-11.633690935842141,-11.884304505046533,-1.0542631730582246,-0.38760799999999995,-0.098805,-0.854251,0.349206,0.207443,-0.771069,0.736814,0.30624799999999996,0.08318199999999998,0.5,0.0,flight,-0.771069
256,2.133333,stand,-1.6849873994959916,-1.0033601344053855,-0.7596303852154092,-1.2647998600904167,0.5815247529666294,-0.1963304831718022,-0.7235089403576284,-0.8603144125765111,-1.0440417616704762,-1.0234009360374485,-1.3835353414136673,0.7279491179647238,3.384270736243932,1.944155529331781,-8.17985437526099,26.109288701319457,61.46411703102103,-19.83038639918372,-11.506520503229961,-6.192495389722694,-6.768541472488623,-0.37959600000000004,-0.097613,-0.8566210000000001,0.354719,0.204275,-0.758673,0.734315,0.301888,0.09794800000000004,0.5,0.0,flight,-0.758673
257,2.141667,stand,-1.741060715142778,-1.0235181185505076,-0.8584113270938252,-1.3286612065366856,0.790252072376875,-0.03865148771213878,-0.6313894888408998,-0.883369330453557,-1.2516198704103572,-1.1684665226781799,-1.4047276217902456,0.6714662826973812,-6.728259616844958,-2.418764596246927,-11.852764804225494,11.053449906014857,-2.766368835738633,-24.907380458348854,-17.406477878657334,-2.542870215572128,-6.777398040237848,-0.3703480000000001,-0.096445,-0.859898,0.359491,0.201098,-0.745923,0.7298390000000001,0.297543,0.11397500000000005,0.5,0.0,flight,-0.745923
258,2.15,stand,-1.6971078843154,-0.9565582623305022,-0.9359174366974765,-1.0223970428401705,1.1431992283564862,0.10324900136518388,-0.7111484459378291,-0.8454338173527022,-1.3826953078123256,-1.3202928117124886,-1.4699387975519167,0.5846633865354652,5.27455068131266,8.035504166567376,-9.301105196646112,-9.571457709939997,4.552443669849418,-15.72968167550338,-18.219883479456392,-7.82565411756531,-10.416764209998409,-0.3621319999999999,-0.095519,-0.8636210000000001,0.36263100000000004,0.19682,-0.733252,0.7247629999999999,0.292339,0.13036900000000007,0.5,0.0,flight,-0.733252
259,2.158333,stand,-1.6962678507140452,-0.9284771390855716,-0.9551182047282037,-1.2548399704863027,2.0684524366422075,-0.01091001751815781,-0.4219368774751118,-0.5084603384135401,-1.0091203648146019,-1.4496579863194636,-1.5879035161406594,0.5090603624145007,0.10080806448515171,3.369869584175072,-2.3041843310605317,34.70677648658585,40.43843501010022,44.83078639118291,-15.524441930514369,-14.15633248394861,-9.07272580354797,-0.35151299999999996,-0.09201899999999999,-0.864071,0.36468600000000007,0.191325,-0.721051,0.716199,0.283344,0.14302000000000004,0.5,0.0,flight,-0.721051
260,2.166667,stand,-1.506239500839899,-0.7819774418046499,-0.9570434365250686,-0.41423741433276995,0.7740805116404893,-0.05551213535026788,-0.20854331653467773,-0.6403887688984843,-0.8730501559875141,-1.5853131749459923,-1.7031437485001084,0.44252459803215366,22.801577858668676,17.578557389119343,-0.23100933487699357,25.605178898540014,-15.830145246573455,16.32711888973923,-16.277320449547357,-13.827721665400546,-7.983653033638893,-0.34069800000000017,-0.090839,-0.863371,0.3640269999999999,0.18364799999999998,-0.709387,0.704725,0.274487,0.153984,0.5,0.0,flight,-0.709387
261,2.175,stand,-1.4558982359294543,-0.7827913116524732,-1.028081123244938,-0.5285795438841242,1.796385892222873,-0.46528198017018213,-0.14076563062521052,-0.3339733589343597,-0.5079803192127732,-1.7401896075843175,-1.82995319812794,0.37921516860674725,6.041193436990894,-0.09766828847033314,-8.524863400920447,8.13364765504234,36.77132004849722,43.81013281828204,-18.58591535321332,-15.217742665046531,-7.597435428465976,-0.329739,-0.087099,-0.859037,0.3616579999999999,0.174922,-0.6976600000000001,0.6913969999999999,0.262021,0.161377,0.5,0.0,flight,-0.6976600000000001
262,2.183333,stand,-1.404656186247397,-0.6913476539061257,-1.0644425777030664,0.22197856336264973,3.3849737172799803,-0.745436490969038,-0.057602304092165456,-0.14628585143405065,-0.3134525381015102,-1.9203168126724175,-1.9447977919115904,0.2732509300371896,6.149291933523953,10.973677876676275,-4.363549076938284,9.979998383900323,22.523401836109535,23.34426750405069,-21.616129255741274,-13.781902530138646,-12.71621727703744,-0.31851399999999996,-0.08255699999999999,-0.852779,0.35736100000000004,0.164477,-0.6865129999999999,0.675875,0.247034,0.16626600000000002,0.5,0.0,flight,-0.6865129999999999
263,2.191667,stand,-1.2488600911927583,-0.7277417806575807,-0.8760499160067597,1.3269785478653229,3.07520414214524,-1.5592172704639027,-0.09335253179745391,-0.16942644588433825,-0.11939044876410425,-2.067794576433986,-2.020878329733713,0.14626829853612686,18.694035883686798,-4.3669458545064295,22.605310978679533,-4.289684149902818,-2.7766492020984708,23.2855878734599,-17.69591597811078,-9.128934223917208,-15.236696844380672,-0.30888399999999994,-0.077904,-0.8464729999999999,0.35053599999999996,0.1537,-0.677993,0.6594199999999999,0.23160400000000003,0.16847999999999996,0.6211343868640101,0.0,single,-0.677993
264,2.2,stand,-1.2598103924156552,-0.9572782911316032,-0.5618624744989509,1.2871626879156592,4.637518524403297,-1.1983244024708306,-0.14328573142926757,-0.1585263410536338,-0.009600384015360217,-2.1710068402735114,-1.9671186847473052,-0.017520700828033215,-1.3140887102959775,-27.54548307620454,37.704001140981035,-5.992223644763165,1.3080649022805666,13.175334783240032,-12.38596709942648,6.451415454986842,-19.655466142344036,-0.29957999999999996,-0.07124799999999999,-0.841871,0.3429430000000001,0.145285,-0.673457,0.6425230000000001,0.21653299999999998,0.16841400000000006,0.6434986013261207,0.0,single,-0.673457
265,2.208333,stand,-1.2054482179287114,-0.7899915996639938,-0.4526581063242568,2.1695344127685026,3.196413073743244,-1.1366706457589266,-0.0992439697587806,-0.07620304812192684,-0.015720628825153467,-2.2294491779671373,-1.9650786031441438,-0.15876635065402986,6.523721887308809,20.07520598435269,13.105048382898726,5.285222809370859,9.879190319417702,-0.7344587555254177,-7.013361057677471,0.2448195851627745,-16.950155985359164,-0.290362,-0.0653,-0.83823,0.33441,0.135493,-0.671008,0.624772,0.200793,0.16722199999999998,0.7898188066928078,0.0,single,-0.671008
266,2.216667,stand,-1.2200623950083846,-0.6933045356371436,-0.2272618190544814,1.8982186977889124,2.2034729012221197,-1.208519209572149,-0.02999760019199443,-0.042836573074153284,-0.017878569714422688,-2.356011519078464,-2.1571874250059824,-0.2479001679865573,-1.7535609646836048,11.601519561657007,27.045390841105554,8.308899636043392,4.00365671319574,-0.25893219213693364,-15.186266032076508,-23.05121452625835,-10.695202463706117,-0.28044400000000014,-0.059879,-0.8364849999999999,0.32494299999999987,0.123293,-0.6711799999999999,0.605387,0.183172,0.16530500000000004,0.9078878813460723,0.0,single,-0.6711799999999999
267,2.225,stand,-1.2589703588143675,-0.6957878315132666,-0.14232569302771153,0.15740255576964984,-0.17270018139481083,-0.2145047540059964,0.00312012480500201,-0.05244209768390699,-0.015960638425536893,-2.5456618264730735,-2.4159366374655202,-0.2786511460458433,-4.669142422414878,-0.29800742543178715,10.192742832925793,3.974285971078452,-1.1527090615329163,0.23016096110474168,-22.758947245243174,-31.05114754104647,-3.6902649777134595,-0.26992700000000003,-0.054518,-0.8354320000000001,0.314221,0.108959,-0.672316,0.584148,0.16347699999999998,0.16311600000000004,0.9084902742382301,0.0,single,-0.672316
268,2.233333,stand,-1.231369254770211,-0.6669866794671848,-0.061802472098889706,0.6621539920493399,0.12606681333241954,0.29788279806221113,0.002760110404402308,-0.06636265450618227,0.021120844833793433,-2.6014640585623634,-2.3246129845194026,-0.3957758310332477,3.3122649758978326,3.4562764965897115,9.663173038380243,-0.043203456210213036,-1.67053364001865,4.449955989359254,-6.696535712143337,10.959276724603203,-14.055524419465437,-0.25964300000000007,-0.04951300000000001,-0.834741,0.3028040000000001,0.095146,-0.675099,0.5624470000000001,0.144659,0.15964199999999995,0.8838378742034725,0.0,single,-0.675099
269,2.241667,stand,-1.0886729061674847,-0.6631869450443919,-0.02375809935205543,-0.01829838126004422,-0.26998386377433725,0.25611471726913076,-0.014038876889839432,-0.011639068874489936,-0.002279817614591014,-2.655027597792157,-2.2776577873769925,-0.5687544996400238,17.12219205696248,0.45593165620264964,4.56495953285745,-2.015717217931559,6.566304971405318,-2.807854865416879,-6.427110538732101,5.6341729232553,-20.755779770431335,-0.2506870000000001,-0.044083000000000004,-0.8345619999999999,0.28974999999999995,0.081691,-0.6796409999999999,0.5404370000000001,0.125774,0.15492099999999998,0.9693697881102031,0.0,single,-0.6796409999999999
270,2.25,stand,-1.115204608184337,-0.6960278411136509,-0.03936157446297828,0.037249379918215565,0.3826594638853011,0.7344971223260194,-0.004320172806903313,-0.07128285131405289,0.0066002640105608384,-2.7453498139925894,-2.2848913956558468,-0.6243849753990199,-3.183931599286275,-3.9410651709179523,-1.8724919129872781,1.1662911415980088,-7.157540194355394,1.0656524211150766,-10.83909950803229,-0.8680677161711612,-6.675924128044722,-0.24143000000000003,-0.038877,-0.834179,0.2761659999999999,0.068451,-0.6845159999999999,0.517596,0.107328,0.1496630000000001,0.8804699913369963,0.0,single,-0.6845159999999999
271,2.258333,stand,-1.0709228369135049,-0.6927877115084667,0.0633625345013907,-0.38638146083313707,0.3897873002066479,1.1922417815450537,-0.006840273610941349,-0.006600264010560422,-0.010560422416896925,-2.870994839793625,-2.2487699507980525,-0.8289931597263963,5.314025113504441,0.3888311058663375,12.327386171171238,-0.30242419345230515,7.762220965257777,-2.059364745884786,-15.078006216373057,4.334746772806259,-24.553964277856505,-0.23256299999999985,-0.033159,-0.8347950000000001,0.261166,0.055485,-0.691952,0.49372899999999986,0.088644,0.14284300000000005,0.976319525758729,0.0,single,-0.691952
272,2.266667,stand,-1.042596592272604,-0.6208303335733092,0.05723542116630022,-0.07433227300059754,0.0061481322392751,1.244178886836058,-0.006719462443011228,0.001679865610751142,0.0021598272138229563,-3.0221982241420275,-2.29001679865609,-1.0632349412046964,3.3988774467123504,8.63419461664951,-0.7351947846280825,0.014496180457177777,0.9935360716716464,1.5263078510582895,-18.14295468543334,-4.949225804900091,-28.106765236176905,-0.22392999999999996,-0.027971000000000003,-0.835254,0.2446680000000001,0.041574,-0.70129,0.46859800000000007,0.069545,0.13396400000000008,0.9879079941941893,0.0,single,-0.70129
273,2.275,stand,-0.9650786031441472,-0.6767070682827373,0.15576623064922995,-0.1531115030053193,0.35318769771735825,1.1431361873924122,-0.007800312012478379,-0.007920316812672173,0.009600384015360727,-2.924396975879072,-2.7085083403336383,-0.869674786991488,9.302530796646762,-6.705476384186802,11.824170104755867,-0.1297071366215241,-1.1520679735297494,0.892902532285832,11.736619256325026,-50.22099384105987,23.22814763149048,-0.21595299999999984,-0.022398,-0.836472,0.22834100000000013,0.024642999999999998,-0.709835,0.44429399999999997,0.047041,0.126637,0.9755196417085777,0.0,single,-0.709835
274,2.283333,stand,-0.9293171726869127,-0.6500660026401122,0.28237129485178925,0.0599447890697635,0.8712490449619313,0.22190910338310485,-0.010200408016334279,-0.015360614424577496,0.012480499219968903,-3.0164406576263385,-2.652706108244354,-0.9083163326533136,4.291543316600838,3.1970557593454196,15.193215432924571,-0.288023041384366,-0.8928714282857784,0.34562764965897075,-11.045683637017563,6.696535712142644,-4.637170966257758,-0.20829399999999998,-0.017109,-0.8387209999999999,0.21094900000000005,0.007955000000000004,-0.719757,0.41924300000000003,0.025064000000000003,0.11896399999999996,0.9628905649920296,0.0,single,-0.719757
275,2.291667,stand,-0.8534917206623315,-0.7752579793616445,0.24274058075353752,0.541032892387516,-0.38069845044439177,0.317019338401589,-0.013318934485237747,-0.014998800095992219,0.016318694504439606,-3.2479001679865207,-2.822654187664966,-0.8666906647468146,9.098326376839532,-15.02183545974699,-4.755305267368781,-0.37419324080914856,0.0434142462905297,0.4605465904092481,-27.772919409668877,-20.392138159420487,4.994680574333898,-0.20129200000000003,-0.010773000000000005,-0.8406079999999999,0.1909940000000001,-0.009108000000000005,-0.729003,0.39228600000000013,0.0016649999999999998,0.11160499999999995,0.9569026357318294,0.0,single,-0.729003
276,2.3,stand,-0.7592703708148362,-0.6936277451098116,0.2655706228249179,0.3629401424400523,-0.3850595318996502,-0.8136802812894257,-0.013440537621491779,-0.016680667226689247,0.012120484819392518,-3.2731309252370586,-2.953318132725335,-0.8489139565582697,11.30701426227003,9.79601995101808,2.739714637151155,-0.01459296006888673,-0.20183212896880395,-0.503805314418232,-3.0278119825438794,-15.680300619269227,2.1332903142379673,-0.19507699999999994,-0.005131999999999998,-0.84272,0.17004599999999992,-0.02793799999999999,-0.73829,0.36512299999999986,0.022805999999999993,0.10443000000000002,0.958978364010243,0.0,single,-0.73829
277,2.308333,stand,-0.8589943597743528,-0.7163086523460608,0.468618744749775,0.22137123948309242,-0.9256856763076675,-1.2882811722085343,-0.027121084843399677,-0.03384135365414354,0.04416176647065691,-3.2533301332051807,-2.6984279371173647,-1.0529221168846294,-11.967357369436243,-2.7218177410594215,24.366749300953813,-1.6417313358823105,-2.05936474588426,3.845107602455655,2.3761900914289003,30.588046994834883,-24.481958517502786,-0.188145,0.0005549999999999999,-0.846257,0.15009399999999995,-0.044454999999999995,-0.750969,0.33823899999999996,0.045009999999999994,0.09528800000000004,0.8968408446725195,0.0,single,-0.750969
278,2.316667,stand,-0.6977441804656097,-0.7392608591313049,0.2945764338853008,0.6151840756845699,-0.43136932634791564,-1.180692474137027,-0.02651787856971884,-0.00251979841612768,-0.010079193664506972,-3.354571634269413,-2.795296376290026,-1.14854811615076,19.34847363915892,-2.7540444906701667,-20.88340663120736,0.07237896252470176,3.7582859656848204,-6.50839454465639,-12.14800828704546,-11.623282838092813,-11.474201975778131,-0.1825509999999999,0.0066950000000000065,-0.848796,0.12795200000000007,-0.06158999999999999,-0.762996,0.310503,0.068285,0.08579999999999999,0.9525325429366219,0.0,single,-0.762996
279,2.325,stand,-0.7795511820472277,-0.6897875915036284,0.42889715588621247,-0.45769579629417617,-0.3705926089168161,-1.8501546643535287,-0.019560782431285974,-0.012600504020159529,0.017520700828031966,-3.5103804152164604,-2.80115204608172,-0.9563182527300674,-9.817232879108893,5.937029596504773,16.119131405364904,0.8348849320091873,-1.2097330618062407,3.3121198238974823,-18.697801625709893,-0.7027084833425888,23.068506350736122,-0.17621799999999999,0.012338000000000002,-0.852224,0.10519599999999985,-0.079184,-0.774539,0.28141399999999983,0.091522,0.077685,0.9514552935603695,0.0,single,-0.774539
280,2.333333,stand,-0.8195127805112248,-0.6786271450858105,0.44665786631465704,-0.6789307571885499,0.4542937846781752,-1.208720966659317,-0.01284051362055445,-0.012960518420738252,0.024120964838594154,-3.4611784471378946,-2.8249129965198874,-1.205448217928728,-4.795583639025251,1.3393071424238683,2.1313705062336172,0.8064645158684252,-0.04320345620769552,0.7920633638020219,5.9044723483218835,-2.8514281097045147,-29.896791695507364,-0.1694960000000001,0.017884999999999998,-0.855745,0.083183,-0.097069,-0.788306,0.2526790000000001,0.114954,0.06743900000000003,0.949594015662858,0.0,single,-0.788306
281,2.341667,stand,-0.7684185265178819,-0.6972642188624852,0.5183585313174895,-0.6880680846926364,0.09301035487077843,-1.405741737568961,-0.012598992080636062,-0.005279577633787876,0.023158147348211814,-3.5491960643148306,-2.706863450923905,-1.1442284617230538,6.130820013600012,-2.2362699516048288,8.603391529017514,0.028980266368896772,0.9216391633009741,-0.11552885653735695,-10.561269159699465,14.164812286534838,7.345783082034287,-0.16319700000000004,0.023652000000000006,-0.859872,0.06000800000000006,-0.113817,-0.8021619999999999,0.2232050000000001,0.137469,0.05771000000000004,0.9551884089262916,0.0,single,-0.8021619999999999
282,2.35,stand,-0.7749909996400016,-0.6794671786871538,0.5286211448457977,-0.5126887444026152,-0.10649092852591024,-1.355983416855026,-0.004680187207476369,-0.0013200528021134166,0.06384255370214882,-3.5978639145566196,-2.899915996639891,-1.1461658466338762,-0.7887283237873258,2.1357302502498046,1.231562885912426,0.9502945965630343,0.47516198628039064,4.882324055434704,-5.840375644040494,-23.167232175205534,-0.23249548911825532,-0.15677799999999986,0.029302999999999996,-0.863745,0.0364850000000001,-0.13232,-0.816118,0.19326299999999996,0.161623,0.047626999999999975,0.893287531254034,0.02373000000000014,single,-0.816118
283,2.358333,stand,-0.7737909516380738,-0.6575063002520158,0.6420256810272562,-1.7205237246360325,-0.5295389974087321,-1.0515898130799688,-0.014640585623446374,-0.02208088323532838,0.04128165126605067,-3.670706828273172,-3.0057602304092423,-0.9740789631585351,0.1440115206921717,2.6354108286497233,13.609088705323359,-1.1952956217412811,-2.4913993079581367,-2.7074165889953625,-8.741499305958591,-12.701816124967266,20.651252067123803,-0.15045200000000003,0.034598000000000004,-0.868751,0.01234500000000005,-0.15188799999999997,-0.829585,0.16279700000000008,0.18648599999999999,0.039166000000000034,0.9182468674894844,0.1083400000000001,single,-0.829585
284,2.366667,stand,-0.6705063594912267,-0.7426205903527678,0.4962802975761802,-0.7717611190352808,-0.8588178465999181,-1.362080821682007,-0.019318454523620646,-0.03479721622270342,0.03731701463882888,-3.7095032397407954,-2.664026877849752,-0.8986081113510845,12.393159604853162,-10.21289778026774,-17.488046970371357,-0.5612993640717826,-1.5258378914536763,-0.47571833779958705,-4.655196960357966,41.0047219293842,9.055777754673631,-0.14502499999999996,0.040497000000000005,-0.8725759999999999,-0.012982000000000049,-0.16790099999999997,-0.84121,0.1320429999999999,0.20839799999999997,0.031365999999999894,0.9090694935131268,0.18634000000000006,single,-0.84121
285,2.375,stand,-0.7699507980319256,-0.7203888155526263,0.5597023880955291,-3.1035284973459625,0.38773659804881055,-1.6038579642893247,-0.022800912036497808,-0.031201248049921845,0.04332173286931519,-3.585383415336638,-2.6769470778831423,-0.8513140525621098,-11.933809977283062,2.6679196928047153,7.610955300533957,-0.41791161800998367,0.4315334420714754,0.7205950114588221,14.894974727488107,-1.5504860234478195,5.675514075240031,-0.13879900000000012,0.04623999999999999,-0.876879,-0.036443,-0.184205,-0.852968,0.10235600000000011,0.230445,0.023911000000000016,0.903244695689918,0.26088999999999996,single,-0.852968
286,2.383333,stand,-0.5624624984999581,-0.7583103324133057,0.4117364694587909,-0.36900451349505603,-1.8710355737689908,-2.261713949549291,-0.010200408016307632,-0.03876155046201763,0.03972158886355466,-3.52406096243853,-3.0153606144246057,-0.38197527901116457,24.899591927513423,-4.550764053843717,-17.756620501228795,1.5121209672615255,-0.9072725803547168,-0.43203456207375057,7.358988707321321,-40.61124883492937,56.322905742343636,-0.1341969999999999,0.05223600000000002,-0.8799790000000001,-0.0611219999999999,-0.203013,-0.8595820000000001,0.073075,0.255249,0.020397,0.9059505044646413,0.29603,single,-0.8595820000000001
287,2.391667,stand,-0.6634269258459147,-0.7622990160787076,0.41912646988240243,-1.040120270369374,-0.5509403756757961,-1.3229047782781356,0.0028797696184333834,-0.050395968322534256,0.041396688264938676,-3.5944324454043515,-2.8225341972641993,-0.2241420686345069,-12.11476210054665,-0.47860375154810636,0.886729112504378,1.5694957565083891,-1.3960184617850415,0.20099584849820049,-8.443902443702996,23.13731907372269,18.93847016758537,-0.12864399999999998,0.05816900000000001,-0.883127,-0.0855490000000001,-0.22018300000000002,-0.864943,0.04309499999999988,0.27835200000000004,0.018183999999999978,0.8911967563861052,0.31816,single,-0.864943
288,2.4,stand,-0.6782671306852325,-0.7424696987879581,0.48157926317053656,-1.1333128536639694,-0.42936719101607596,-1.505075044957037,-0.023040921636862083,-0.06180247209888471,0.04056162246489873,-3.3292931717268814,-2.2731309252370253,-0.2216488659546404,-1.7808958165508149,2.3796132594203443,7.4946349799753635,-3.1106073749304817,-1.36883520657033,-0.10021190448097378,31.817985560719123,65.93102988445686,0.2991962894355597,-0.12318399999999996,0.06384100000000001,-0.8868020000000001,-0.10763999999999996,-0.23293799999999998,-0.870803,0.015544000000000002,0.296779,0.015999000000000096,0.8709470947807061,0.34001,single,-0.870803
289,2.408333,stand,-0.6517460698427953,-0.8239529581183302,0.466458658346335,0.005780546351265772,-1.0104775309264082,-1.5326684242982516,0.002880115204611091,-0.0628825153006122,0.05616224648986007,-3.1167646705868646,-2.248769950798053,-0.19404776191047823,3.182654607276786,-9.778382254934945,-1.8145451607106344,3.1106488469306863,-0.12961036862204506,1.8721497689861373,25.504440314414833,2.923433870031509,3.3122649758985254,-0.11772899999999997,0.070183,-0.890221,-0.1281810000000001,-0.244811,-0.8763070000000001,0.010452000000000128,0.314994,0.013913999999999982,0.8593990702090235,0.36085999999999996,single,-0.8763070000000001
290,2.416667,stand,-0.7583393328533783,-0.7591792656587414,0.36705063594912535,0.6579636267198893,-0.8513017416110961,-1.9913145914944528,0.042476601871845786,-0.04967602591792758,0.0767938564914803,-2.9216462682985083,-1.7799376049915887,-0.13174946004319574,-12.790168347802041,7.772221317445208,-11.928008446989306,4.7511983042037915,1.5846519537658412,2.4755951525822018,23.412335287779555,56.25538106628998,7.4751982082171855,-0.1110549999999999,0.07609599999999998,-0.8926400000000001,-0.14620999999999995,-0.25331800000000004,-0.880464,0.03515500000000005,0.329414,0.012176000000000076,0.8319287051707258,0.37824,single,-0.880464
291,2.425,stand,-0.6992679707188384,-0.7475099003960242,0.3940957638305513,-0.16573677647071666,-0.5289271317393697,-1.5745565157596408,0.016920676827066845,-0.04176167046681752,0.07656306252250156,-2.4249369974799317,-1.7277091083643497,0.03504140165606663,7.088847010025253,1.4003798467199484,3.245545167577845,-3.06683367872065,0.9497606445589979,-0.027696384132814066,59.60749679810165,6.267670302080827,20.015704032072954,-0.10508699999999993,0.08197700000000001,-0.895286,-0.16059,-0.261486,-0.883456,0.05550300000000008,0.343463,0.011830000000000007,0.8519361158214921,0.3817,single,-0.883456
292,2.433333,stand,-0.7970718828752842,-0.7476299051961731,0.34981399255968704,0.44012536005912967,0.041445760197440916,-1.7541111847567088,-0.0014400576022921456,-0.028921156846273187,0.014640585623423944,-2.022560902435999,-1.5753030121204152,0.059882395295809125,-11.73693893633043,-0.0144011520639564,-5.314025113508015,-2.2033762665736445,1.540923271396108,-7.430994467667692,48.28706288778529,18.289463127796434,2.9810384783081,-0.0984569999999998,0.08796599999999999,-0.898079,-0.1708019999999999,-0.26838300000000004,-0.885872,0.0723450000000001,0.356349,0.012206999999999968,0.9459204848132179,0.37793,single,-0.885872
293,2.441667,stand,-0.7114230861531223,-0.7157427405807893,0.2889368850492051,-0.32272185283499966,-0.016806198494043217,-2.039759608966,0.016558675305972857,-0.03119750419966501,0.02963762898968268,-1.7032637389009606,-1.357451403887753,0.12227021838253486,10.277033443984374,3.8261536615533025,-7.3046685277759416,2.1596751749779006,-0.27313983122053376,1.7995012438516222,38.31259461663704,26.14010177977828,7.485939895215814,-0.09238999999999997,0.09367100000000002,-0.9002399999999999,-0.179068,-0.273731,-0.887261,0.08667800000000003,0.367402,0.012978999999999963,0.9231548626510067,0.37021000000000004,single,-0.887261
294,2.45,stand,-0.6743069722788663,-0.7872314892595336,0.17676707068282643,0.8398115261081283,-0.2927739698558622,-2.001007435055632,0.029401176047020024,-0.045001800072000935,0.023520940837632676,-1.2547701908075795,-1.0681627265090123,-0.12288491539661009,4.454111829383706,-8.578993001168975,-13.460916160611273,1.541161735395008,-1.6565817679509558,-0.734031939523549,53.82137862634842,34.71602992664441,-29.4197928452099,-0.0865260000000001,0.099856,-0.901517,-0.18390499999999999,-0.276072,-0.889758,0.09737899999999988,0.37592800000000004,0.011758999999999964,0.9022073363840674,0.38241,single,-0.889758
295,2.458333,stand,-0.8181927277091148,-0.7694707788311604,0.13008520340813437,-0.40766565587244696,0.9629824655289213,-2.2296536457854645,0.016680667226702573,-0.04848193927757174,0.0018000720028794339,-0.8928357134285589,-0.889475579023166,-0.22776911076443312,-17.266981330883215,2.1313705062250436,-5.602048154889294,-1.526522119322881,-0.41763341000490045,-2.6066085245113935,43.433874640468474,21.443315430918997,-12.586606908415217,-0.079569,0.105864,-0.902586,-0.1845270000000001,-0.277072,-0.89274,0.1049580000000001,0.382936,0.009846000000000021,0.9144952347907229,0.40154,single,-0.89274
296,2.466667,stand,-0.6943844492440535,-0.770938324934001,0.05015598752100147,0.46288074328294404,0.04139914392531236,-2.0081634220205755,0.004079673626120621,-0.04763618910487226,0.0010799136069116863,-0.5514758819294201,-0.783297336213101,-0.3399328053755668,14.855804951411125,-0.17609144502526997,-9.590738647364084,-1.511998272208046,0.10148190217176296,-0.08641209454856516,40.95990298765734,12.740369907615086,-13.458566668002499,-0.07374799999999992,0.111892,-0.902995,-0.18333599999999994,-0.277175,-0.895991,0.10958800000000002,0.389067,0.00700400000000001,0.92029539845416,0.42995999999999995,single,-0.895991
297,2.475,stand,-0.7308292331693249,-0.7892715708628417,-0.054242169686788924,0.16470757939568847,-0.27718113079333256,-2.11910534532479,0.0012000480019013031,-0.09348373934957341,0.005520220808832928,-0.1872074882995344,-0.5917436697467908,-0.32497299891996,-4.373549012993127,-2.200077514561483,-12.528279996134806,-0.3455688976622278,-5.501926106408445,0.5328581785576961,43.71395579381844,22.98735947033625,1.7952485846162165,-0.06764800000000015,0.11769000000000002,-0.902497,-0.17880600000000002,-0.27552899999999997,-0.898247,0.11115799999999987,0.393219,0.004249999999999976,0.8439095483402499,0.4575,single,-0.898247
298,2.483333,stand,-0.6895475819032859,-0.9213968558742422,-0.24516980679227598,0.5069670031804946,0.07337959757741538,-2.1056787564947568,0.003480139205575066,-0.0576023040921652,-0.021600864034562364,0.024000960038399112,-0.5131405256210297,-0.17220688827553246,4.953996311777196,-15.855668428105332,-22.912232941976335,0.27362188931642667,4.3059444686677715,-3.2546603676221695,25.34602764165792,9.432754605275628,18.332666583994833,-0.06187300000000007,0.124888,-0.900634,-0.17286,-0.272127,-0.897639,0.11098699999999995,0.397015,0.002995000000000081,0.8973039255773498,0.47004999999999997,single,-0.897639
299,2.491667,stand,-0.7084233261339197,-0.8198944084473186,-0.22270218382528853,0.506953588570269,-0.2330035545792929,-2.0426275405214964,-0.00311975041997616,-0.050515958723302314,-0.033597312215022004,0.1263498920086348,-0.45020398368130604,-0.06971442284617156,-2.264908115026832,12.179319345683085,2.695899084111745,-0.7919234011940455,0.8502934207898766,-1.4394586249651486,12.280889365278968,7.5517808902955625,12.298112002563009,-0.05599500000000002,0.1313,-0.899058,-0.1659029999999999,-0.269046,-0.896364,0.1099079999999999,0.400346,0.002693999999999974,0.8987525814253492,0.47306,single,-0.896364
300,2.5,stand,-0.6999879995199845,-0.7945517820712886,-0.29617184687388076,0.4415270850689677,-0.21593294717558206,-2.1327739054200783,-0.001320052802110086,-0.057242289691587143,-0.056522260890436035,0.18972758910357243,-0.3181327253090103,-0.17556702268090957,1.0122796848596278,3.041236814596214,-8.816712234320521,0.21597235303805237,-0.807192003874342,-2.751103885205117,7.605627876507644,15.849184972074514,-12.702820092972395,-0.05017300000000002,0.137444,-0.897061,-0.15848899999999988,-0.265076,-0.895359,0.10831599999999986,0.40252,0.0017019999999999813,0.8659064563168426,0.4829800000000001,single,-0.895359
301,2.508333,stand,-0.7074282971318898,-0.7867514700588103,-0.333013320532821,0.24178934653095674,0.18533631222044986,-2.180684788143356,0.000840033601354894,-0.04848193927757174,-0.05112204488179607,0.10656426257050378,-0.20040801632065525,-0.23748949957998472,-0.8928714282857809,0.9360748844927876,-4.421153685220279,0.25922073724528977,1.0512841010459002,0.6480518431105259,-9.979998383903686,14.12753017980993,-7.430994467667793,-0.04427099999999995,0.143596,-0.8947120000000001,-0.1517059999999999,-0.26019,-0.894563,0.10743499999999995,0.403786,0.00014900000000006575,0.8825660047626998,0.49850999999999995,single,-0.894563
302,2.516667,stand,-0.6546676265898564,-0.8000959923206091,-0.34569234461243104,-0.022718739124952547,-0.13731513492171638,-1.8288069056922485,0.0010799136069025276,-0.03707703383729318,-0.03599712023038149,-0.019918406527490908,-0.08555315574754184,-0.2979361651067895,6.3307740031237065,-1.6012145742499073,-1.5213611806587386,0.028783298001875672,1.3684791744994564,1.8148457705080951,-15.176706155266825,13.781480750313479,-7.253019621646787,-0.03880600000000012,0.149955,-0.892131,-0.1464160000000001,-0.254235,-0.894165,0.10760999999999998,0.40419,0.0020339999999999803,0.8935130758198739,0.5,single,-0.892131
303,2.525,stand,-0.6446657866314897,-0.73562942517701,-0.3621744869794783,-0.8634342774600335,-0.13189172544596395,-1.8681580017105663,0.004920196807867288,-0.02232089283571264,-0.030841233649345875,-0.13764550582023516,-0.03024120964838981,-0.20556822272891095,1.2002688057562556,7.736297509132329,-1.977936201493749,0.46085241821250394,1.7708077524997812,0.6187311389698386,-14.12781702781055,6.637699039859899,11.084596469204294,-0.033393000000000006,0.15589899999999998,-0.8893700000000001,-0.14219099999999996,-0.24835700000000005,-0.8928600000000001,0.10879799999999995,0.40425600000000006,0.003489999999999993,0.9011205700021687,0.5846049061789038,double,-0.8893700000000001
304,2.533333,stand,-0.643345733829353,-0.7439097563902636,-0.3640945637825657,-0.7497335678622651,-0.008884034352536783,-1.702498448145883,0.004800192007685152,-0.011400456018242243,-0.02424096963878587,-0.05988239529581564,-0.00012000480018213638,-0.147965918636747,0.1584126727633101,-0.9936794927701466,-0.23041843310781715,-0.014401152067939143,1.3105048382899913,0.79206336380176,9.331946540792059,3.614689169351728,6.9125529931794665,-0.027992000000000017,0.16200299999999998,-0.8865379999999999,-0.13732900000000003,-0.24215899999999996,-0.8910589999999999,0.10933700000000002,0.4041619999999999,0.004520999999999997,0.9094322599474449,0.7339599615266068,double,-0.8865379999999999
305,2.541667,stand,-0.5826733861291018,-0.7738180945524344,-0.37161027117830486,-0.6801694044238236,0.4072873751018833,-1.5653564187882627,-0.004919606431480372,-0.01139908807295382,-0.006479481641468453,0.05723542116631354,0.01367890568753859,-0.1547876169906395,7.280099316084803,-3.5887134823818863,-0.9018127424692931,-1.1662825100990462,0.0001641403033864366,2.131208063033031,14.053013734356647,1.6557367995825079,-0.8185383194015433,-0.023177000000000003,0.16835700000000003,-0.8834949999999999,-0.131996,-0.23559599999999997,-0.8892519999999999,0.108819,0.403953,0.005757000000000012,0.9190892024630604,0.7240057756716699,double,-0.8834949999999999
306,2.55,stand,-0.5627025081003223,-0.7866314652586148,-0.398175927037077,-0.6199334647399818,0.31250591946956174,-1.454095483137395,-0.013680547221882697,-0.00984039361574457,0.004200168006719928,0.08736349453978982,0.03396135845433581,-0.11196447857914417,2.3966012275026625,-1.5376659913813153,-3.188006223301617,-1.0513549490462506,0.18705081689778771,1.2816092221515034,3.615513425354201,2.4339916916833557,5.138982168666233,-0.018602000000000007,0.17482999999999999,-0.880142,-0.126579,-0.22875800000000002,-0.886867,0.10797699999999999,0.403588,0.006724999999999981,0.9038040671592507,0.756633572400203,double,-0.880142
307,2.558333,stand,-0.49225969038759976,-0.6380655226208786,-0.4376575063002407,-1.6990412182773784,0.4417702732634146,-1.3980236038257583,-0.027481099243972712,-0.016800672026880483,0.01992079683187275,0.042241689667573794,0.04524180967238684,-0.08256330253209777,8.453476264576915,17.828626261578027,-4.737979030740664,-1.6561324879502466,-0.8352668200090732,1.8865509210550975,-5.414833177992804,1.353708294497844,3.528282256935689,-0.014728999999999992,0.18000700000000003,-0.8763289999999999,-0.12212500000000004,-0.22306399999999998,-0.8839079999999999,0.10739600000000005,0.403071,0.007579000000000002,0.8610894904209101,0.8280190529495686,double,-0.8763289999999999
308,2.566667,stand,-0.4144468442524869,-0.7127429805615877,-0.3120950323974182,-1.4649828075922509,-0.06637356312852952,-0.9515239681660379,-0.007199424046070521,-0.02399808015358783,0.05939524838013217,-0.0075593952483713825,0.02675785937125497,-0.02411807055435673,9.336794592646557,-8.960578106636973,15.066291565014186,2.4336063352415547,-0.8636198856140721,4.736555261370437,-5.975652137742674,-2.2178966044075734,7.012866807984606,-0.011334999999999873,0.18574700000000002,-0.8732329999999999,-0.1187339999999999,-0.21690099999999995,-0.881508,0.10739900000000002,0.402648,0.008275000000000032,0.8098109334476468,0.9386537870878666,double,-0.8732329999999999
309,2.575,stand,-0.4119764790591465,-0.6183847353893839,-0.23112924516979458,-1.1288795025518552,-1.7630981926701463,-0.3033947295866247,-0.02784111364454575,-0.037801512060481914,0.049921996879872955,-0.011880475219016787,-0.004320172806916407,-0.0033601344053760963,0.29645568142808887,11.323442358358292,9.716283118639153,-2.4771018358903536,-1.6564780879507348,-1.1368356534571942,-0.5185503384909653,-3.7295130419020763,2.491051979956764,-0.008133999999999864,0.19058499999999998,-0.870891,-0.11539999999999995,-0.21178400000000003,-0.87961,0.10726600000000008,0.402369,0.008719000000000032,0.7985942235126217,0.9781991279651042,double,-0.870891
310,2.583333,stand,-0.3609744389775504,-0.6367454698188025,-0.15288611544461886,-0.6689415090249998,-1.422471392899175,-0.11621289536543883,-0.016440657626311653,-0.048841953678146456,0.07092283691347734,-0.007320292811696541,-0.027481099243967515,0.03120124804992226,6.1204896293767685,-2.2033762665809222,9.389551149067135,1.368109446565967,-1.3249059903593716,2.5202016120970328,0.5472437786295797,-2.779422349340132,4.147531795907677,-0.005263000000000018,0.19548400000000002,-0.869026,-0.11245299999999991,-0.20670699999999997,-0.878076,0.1071899999999999,0.40219099999999997,0.009050000000000002,0.7633847443307975,0.9296375379754046,double,-0.869026
311,2.591667,stand,-0.38600911927045845,-0.6327093832493319,-0.14002879769618673,-0.003771931099553761,-2.1965242917056327,0.43541804721694466,-0.006839452843769295,-0.052915766738660136,0.09095272378209694,-0.03851691864650987,-0.022678185745139582,0.005159587233021483,-3.003921321443229,0.4842916450048717,1.5427547094350889,1.152052409712297,-0.48881846178469507,2.403394152702118,-3.7432956365266485,0.5763035155781013,-3.124749318082623,-0.002102999999999966,0.200316,-0.867101,-0.1095569999999999,-0.201623,-0.8768659999999999,0.10745399999999994,0.401939,0.009764999999999913,0.7266035408281067,0.925009732647643,double,-0.867101
312,2.6,stand,-0.36853474138966447,-0.5671426857074344,0.05340213608544735,-0.43033316688199685,-0.8712513571672929,0.19879997255587517,0.0032401296051841467,-0.06420256810272562,0.10704428177127147,-0.029041161646475182,-0.03564142565702561,0.0012000480019200388,2.097009226064339,7.86831843776528,23.21264055941868,1.2095982778055363,-1.3544703425015707,1.9310642012690116,1.1371363254571913,-1.5556510154669565,-0.475163714280749,0.0009950000000000792,0.204507,-0.866654,-0.10672799999999993,-0.19719399999999998,-0.877301,0.10772300000000001,0.401701,0.010646999999999962,0.6854238141585536,0.923348907236736,double,-0.866654
313,2.608333,stand,-0.3595343813752581,-0.5479419176767139,0.11592463698548316,0.16921475065652172,-0.934492096970217,0.41977132429594866,0.013800552022064833,-0.05988239529581231,0.10056402256090317,-0.005160206408258207,-0.04524180967239592,0.0021600864034562366,1.0800864051849792,2.3041843310597323,7.5030002280134855,1.267301382080977,0.5184414744885816,-0.7776622117326717,2.8658292617565335,-1.1520921655310685,0.11520921655300691,0.004105999999999943,0.208574,-0.866782,-0.10377499999999995,-0.19300500000000004,-0.8782490000000001,0.1078809999999999,0.401579,0.011467000000000005,0.688907276036637,0.9240227547609826,double,-0.866782
314,2.616667,stand,-0.32301415886727813,-0.5146388288936831,0.17554595632349182,0.23017033090276365,-0.4168130949661029,0.39648403645309316,0.03959683225343904,-0.030357571394288612,0.12562994960403065,0.015958723302128355,-0.05099592032636122,0.021118310535156917,4.382076134866775,3.996050969886073,7.15398600168085,3.0953060032846182,3.542695452546613,3.007670631524752,2.5340688397391893,-0.6904380434323568,2.2748049114111515,0.007128000000000023,0.21261,-0.867198,-0.1009500000000001,-0.18914099999999995,-0.879536,0.10807800000000012,0.40175099999999997,0.01233799999999996,0.6513277484257787,0.9042391900615306,double,-0.867198
315,2.625,stand,-0.27973118924758245,-0.5060602424097042,0.21204848193927509,0.021758176829952076,0.38057310649460496,0.06689865126444673,-0.003720148805965985,-0.10836433457338406,0.16152646105844382,0.014280571222846672,-0.009480379215174844,-0.0009600384015361976,5.1941641209283675,1.0294715569397563,4.380478293025753,-5.198245656954929,-9.361186028932696,4.307753684677007,-0.20138630496600238,4.9820642159110475,-2.6495078527173064,0.009427999999999992,0.215924,-0.867619,-0.09850000000000003,-0.18500299999999997,-0.881311,0.10792800000000002,0.400927,0.013691999999999926,0.5388395793553467,0.9713869698366315,double,-0.867619
316,2.633333,stand,-0.26389055562223473,-0.46729869194767654,0.1851674066962782,0.3375348297731401,0.022640849963867303,0.009118381600836308,-0.01512060482417492,-0.10704428177127064,0.17304692187687734,0.008760350414015409,-0.003360134405379606,-0.010200408016320538,1.9009520731246676,4.651572118328089,-3.225858063482194,-1.3681094465629473,0.1584126727605222,1.3825105986359811,-0.6624529951795648,0.7344587555256563,-1.1088887093225037,0.011501000000000206,0.21892599999999998,-0.86772,-0.09622799999999998,-0.18113700000000005,-0.882939,0.10772900000000019,0.40006300000000006,0.015218999999999983,0.5077432250161982,0.9769010241750629,double,-0.86772
317,2.641667,stand,-0.2324214062874779,-0.44288456923445785,0.16030717542596515,0.8042988718690657,-0.04818129191860233,0.020879845267296086,0.0007199424046016851,-0.057475401967842996,0.11711063114950687,0.002759779217675317,-0.005759539236853446,-0.010559155267578666,3.775995840503551,2.9294603687567196,-2.98298911330848,1.900713610364349,5.947789753231013,-6.711817941849057,-0.7200109426853907,-0.28790554733307194,-0.043046226452858855,0.013444000000000011,0.22213799999999997,-0.8680800000000001,-0.09426800000000002,-0.17749399999999999,-0.884363,0.10771200000000003,0.399632,0.016282999999999936,0.619742872510077,0.9794327368052473,double,-0.8680800000000001
318,2.65,stand,-0.23916956678268952,-0.4021360854434272,0.22248889955597362,-0.17029200238540318,0.23383657871635807,-0.09958113332916453,-0.005640225609040045,-0.06768270730829236,0.10092403696147956,0.004680187207476369,-0.0027601104044156313,-0.00012000480019171244,-0.8098116518914781,4.890013655469939,7.462105379816277,-0.7632506916646812,-1.22492563787945,-1.9424690013233485,0.2304581771032125,0.3599458577268501,1.2527481660130864,0.015390000000000015,0.22492500000000004,-0.869093,-0.09223599999999998,-0.17416599999999993,-0.886218,0.107626,0.399091,0.017124999999999946,0.6260020567983287,0.9909420441824055,double,-0.869093
319,2.658333,stand,-0.2624504980199159,-0.32197287891515847,0.18156726269050766,-0.2253914580598949,-0.9063067438915373,0.17624955588799718,-0.007680307212269596,-0.07320292811712528,0.11028441137645562,0.007200288011541051,0.0021600864034516565,0.0015600624024960088,-2.7938235014072443,9.619969582175624,-4.9107928555701825,-0.24481958517095515,-0.6624529951797641,1.123289861391593,0.3024241934555028,0.5904472348334733,0.2016161289676871,0.017513000000000112,0.22699800000000003,-0.869687,-0.08998899999999987,-0.17146499999999998,-0.887718,0.10750199999999999,0.398463,0.01803100000000002,0.5987054153412559,0.9872041765256523,double,-0.869687
320,2.666667,stand,-0.26853851691863995,-0.3880489560835055,0.13942884569234312,0.5080576074616431,-0.528785750621485,0.2337135004279291,-0.01523878089752667,-0.06335493160547116,0.09863210943124515,0.0077993760499137565,0.002159827213818377,0.0011999040076793276,-0.7305038275406793,-7.928494980603133,-5.0562055433362385,-0.9069442866879069,1.1816650481946298,-1.3981643802748236,0.07188481381961853,-3.110026797209179e-05,-0.043215550133990706,0.019624000000000086,0.22970399999999996,-0.870027,-0.08768599999999993,-0.16821300000000006,-0.8888699999999999,0.10731000000000002,0.397917,0.018842999999999943,0.6145479988820067,0.9863643757029648,double,-0.870027
321,2.675,stand,-0.22956918276731922,-0.39829593183727907,0.12096483859354591,1.1833926475907486,-0.5626130627937613,-0.08988475853391974,-0.013680547221909345,-0.040321612864515306,0.09336373454938293,0.006960278411123485,-0.005040201608062748,0.0016800672026881377,4.676507158444868,-1.2296862779039583,-2.215769482634991,0.18699552089491653,2.7641088132672587,-0.6322302750344729,-0.10069574448461284,-0.8640380201465487,0.057621888276588804,0.02142299999999997,0.23268699999999998,-0.870257,-0.08571499999999999,-0.16493600000000003,-0.889864,0.10713799999999996,0.397623,0.01960700000000004,0.632905499113152,0.9854062671731418,double,-0.870257
322,2.683333,stand,-0.1952478099123933,-0.34273370934836184,0.16392655706228598,0.9665612107340738,-0.4674732738122952,0.013897165385435093,-0.025921036841471793,-0.024480979239167987,0.08592343693747304,0.003240129605183974,-0.0066002640105634015,0.004080163206527998,4.1187294917706,6.667733408006094,5.155612440746211,-1.468917511047871,1.9009520731245193,-0.8928714282862796,-0.4464357141412873,-0.18721497689914612,0.28802304138242585,0.02283400000000002,0.23533900000000002,-0.8709070000000001,-0.08406099999999994,-0.16213500000000003,-0.8911960000000001,0.10689499999999996,0.39747400000000005,0.020289,0.6420647063436568,0.9859851609733515,double,-0.8709070000000001
323,2.691667,stand,-0.19078473722102868,-0.32097432205424825,0.26049916006719726,0.25821744711362454,-0.223975267109959,-0.0418214899215296,-0.049196064314859636,-0.005039596832253694,0.06839452843772824,0.0023998080153746024,-0.001079913606902585,0.006599472042236862,0.535525880893307,2.610917601885599,11.587785337762861,-2.7927798744167154,2.3327792664885028,-2.103300755908999,-0.10083052433518239,0.6623890573147431,0.30229287685492906,0.02401399999999998,0.23797200000000002,-0.872508,-0.08245099999999983,-0.15946899999999997,-0.893312,0.10646499999999981,0.397441,0.020804000000000045,0.6512923281974825,0.9881586502335042,double,-0.872508
324,2.7,stand,-0.15276611064440193,-0.3156126245049688,0.27877115084603055,0.46530567548439894,0.11581377692432743,-0.13464586150202434,-0.01980079203167688,0.03600144005760008,0.059762390495617,0.006000240009586135,-0.003240129605183974,0.0074402976119040945,4.562417685902444,0.6434294430912297,2.192726602523999,3.527573776932852,4.925121431639502,-1.0358979889728621,0.43206912207024767,-0.25923628924532505,0.10090310448424282,0.025121999999999867,0.240902,-0.874333,-0.08112800000000009,-0.15686599999999995,-0.8955730000000001,0.10624999999999996,0.39776799999999995,0.021240000000000037,0.6667268069300483,0.9831791012440597,double,-0.874333
325,2.708333,stand,-0.15024600984039868,-0.31177247089883753,0.23208928357134392,0.6292950261481696,-0.5453459266562084,-0.01593743818901382,-0.020040801632068856,0.06360254410176497,0.06108244329773277,0.01380055202209148,-0.0074402976119053235,0.007440297611904907,0.3024241934481307,0.4608368662104049,-5.602048154888641,-0.02880230413920284,3.3122649758988527,0.15841267276080448,0.9360748844960298,-0.5040403224194634,9.753005502161785e-14,0.02620699999999987,0.24403000000000002,-0.875758,-0.07976099999999997,-0.15432999999999997,-0.897445,0.10596799999999984,0.39836,0.021687000000000012,0.6324096719316274,0.9710761875677432,double,-0.875758
326,2.716667,stand,-0.10607151427886971,-0.3110151187904924,0.1729061675065879,0.8147233666567926,-0.20140807750471687,-0.1245652650260533,-0.023038156947440425,0.0849532037436999,0.0647948164146862,0.00911927045835906,-0.011999040076792443,0.0074394048476120805,5.300515426149344,0.0908749830027777,-7.101405815305443,-0.35965386553534273,2.561874207095604,0.44544913810335923,-0.561708850939811,-0.5470053353596214,-0.0001071231452875774,0.026899000000000006,0.24733,-0.876659,-0.0788009999999999,-0.15183799999999997,-0.898824,0.1056999999999999,0.39916799999999997,0.02216499999999999,0.5961857598814682,0.9719879588914653,double,-0.876659
327,2.725,stand,-0.12852514100562004,-0.294851794071764,0.2232089283571464,0.40207776787503996,0.06731482945189064,-0.1199463141305596,-0.02820112804512029,0.11496459858394448,0.06300252010080516,0.006600264010550429,-0.013440537621505102,0.009240369614784758,-2.6945429889296215,1.9396765533095568,6.036572764977673,-0.6195813149741882,3.601511441287034,-0.215084161032167,-0.30229286545165646,-0.17298662483051383,0.21612441703740476,0.027734999999999843,0.250745,-0.877994,-0.07767500000000016,-0.149493,-0.900607,0.10541,0.400238,0.022612999999999994,0.5503782645721602,0.9706744344005526,double,-0.877994
328,2.733333,stand,-0.0910836433457558,-0.32173286931478084,0.22296891875674213,0.3515209208964503,0.2873247030454978,0.04106142789690227,-0.032761310452414524,0.1503660146405875,0.0548421936877479,0.007800312012478379,-0.011280451218053445,0.007080283211328521,4.493159445561572,-3.2258580634845924,-0.02880230414067797,-0.5472437786264583,4.248339860391616,-0.9792783407005087,0.14401152069218295,0.2592207372436908,-0.25922073724424055,0.02822100000000005,0.25467900000000004,-0.8793949999999999,-0.076851,-0.14690599999999998,-0.9024059999999999,0.10507200000000005,0.401585,0.023011000000000004,0.4976007949362107,0.9742758297009129,single,-0.8793949999999999
329,2.741667,stand,-0.0921526277897617,-0.2884569234461175,0.21082313414926748,1.517553689769921,-1.2870899940643927,-0.13019179796071098,-0.03767698584112348,0.15886729061674848,0.06119510439164779,0.009959203263745454,-0.008039356851456533,0.006479481641468453,-0.12826787185095853,3.992794080713113,-1.4573775626919312,-0.5898338599362752,1.0200715114183974,0.762288301403869,0.2590462264539308,0.38890021197466856,-0.07209042114951572,0.028675000000000006,0.258407,-0.8806419999999999,-0.07600000000000007,-0.14456900000000006,-0.9041089999999999,0.10467500000000007,0.40297600000000006,0.023467000000000016,0.4747213853293627,0.9760904092595213,single,-0.8806419999999999
330,2.75,stand,-0.10896435857435968,-0.24024960998440203,0.18624744989799735,0.3641974992499153,-0.3714407218046913,-0.1506857186252043,-0.036841473658953565,0.18456738269530923,0.0627625105004209,0.010800432017271606,-0.009240369614783925,0.0020400816032641075,-2.0174883936875236,5.7851090197667006,-2.949200078155569,0.10026547247928984,3.08413441480391,0.18809625690305173,0.10095148848267851,-0.14412729669115604,-0.5327493145571086,0.02927600000000008,0.261947,-0.881671,-0.07500200000000001,-0.14264400000000005,-0.905644,0.10427800000000009,0.40459100000000003,0.023973000000000022,0.4296075938586156,0.9760674735903494,single,-0.881671
331,2.758333,stand,-0.10968438737547914,-0.21336853474139184,0.13620544821792963,0.8027469757284965,-0.6250507016120688,-0.29117240303774955,-0.03588143525741653,0.1791671666866701,0.06756270250810106,0.01308052322094537,-0.005040201608062748,0.0009600384015361976,-0.08640691241083243,3.225858063483793,-6.005280412824695,0.11520921655310751,-0.648051843110426,0.5760460827649347,0.2736218893164268,0.5040403224194426,-0.12961036862209527,0.02989099999999989,0.265218,-0.882243,-0.07397900000000002,-0.14090800000000003,-0.906771,0.1038699999999999,0.40612600000000004,0.024527999999999994,0.43002753959041246,0.9765819755010499,single,-0.882243
332,2.766667,stand,-0.10547156227502609,-0.18238540916726778,0.11867050635949246,0.3958177374122125,-0.5525323292550451,-0.32805427398408915,-0.03515718742499094,0.1777057835373152,0.052555795536356795,0.014038876889839432,-0.00755939524837098,-0.0013198944084473853,0.5054985721685888,3.7176776546824835,-2.104024701036361,0.08690278766805681,-0.17535194976660534,-1.8006847818267524,0.11499324080802192,-0.30227905451262455,-0.27357005159390035,0.030477000000000087,0.268219,-0.882794,-0.07298300000000002,-0.13945099999999994,-0.907771,0.10346000000000011,0.40767,0.024977000000000027,0.43586341915533977,0.9733345499184487,single,-0.882794
333,2.775,stand,-0.13788551542062608,-0.18012720508820212,0.11304452178087207,0.6111585920667079,-0.6617839854637367,-0.640254007731262,-0.02136085443417894,0.21060842433697619,0.05148205928237162,0.015600624024956758,-0.004200168006721177,-0.0075603024120966195,-3.889829970670861,0.2709953293010533,-0.6751451552406624,1.6556261839448125,3.9484748349527528,-0.12885350461840656,0.1874171529001968,0.40312339393373736,-0.7488789155945387,0.03144800000000014,0.271475,-0.883307,-0.07170399999999999,-0.13798499999999997,-0.9087759999999999,0.10315200000000013,0.40945999999999994,0.025468999999999964,0.382211463741836,0.9702707096444948,single,-0.883307
334,2.783333,stand,-0.14088563542541932,-0.12144485779431442,0.14508580343214048,0.2887725948504734,-0.993686992785709,-0.5975686586616303,-0.031921276851086276,0.25129005160206624,-0.07368294731789381,0.01188047521901742,0.003600144005757202,-0.00024000960038384123,-0.3600288017272617,7.042163361801061,3.845107602456342,-1.2673013820841752,4.881990551432909,-15.02040160809631,-0.44643571414129024,0.9360748844927939,0.8784702762165901,0.03235600000000005,0.274581,-0.88513,-0.07043099999999991,-0.13694299999999998,-0.909987,0.10278699999999996,0.411524,0.024857000000000018,0.3117494509538635,0.9793061782636464,single,-0.88513
335,2.791667,stand,-0.11603071754258852,-0.11435085193184237,0.11831053515719162,0.4318412208238479,-1.0893780092131105,-0.5626857473359737,0.002279817614589765,0.11291096712262902,0.21622270218382425,0.01583873290137029,-0.005159587233023149,-0.0037197024238060403,2.982351557815048,0.8512126064881208,-3.2127751709801604,4.103803031638562,-16.604161804587974,34.78589506860041,0.4749529256482887,-1.0510836619606774,-0.4175297364317461,0.03334199999999998,0.27647499999999997,-0.884314,-0.06933199999999995,-0.13603300000000002,-0.911004,0.10267399999999993,0.412508,0.02668999999999999,0.32653464033511315,0.971553022692414,single,-0.884314
336,2.8,stand,-0.06804272170886708,-0.1356054242169723,0.08868354734188659,0.5928807342636934,-0.9914327529679808,-0.29230463219323305,-0.027601104044156315,0.18456738269530923,0.02988119524781009,0.01944077763110488,-0.008760350414015409,-0.0026401056042243353,5.7587898516406915,-2.550650700243625,-3.5553807530667583,-3.585854033210891,8.599113833275036,-22.361875307334195,0.43226265807447783,-0.4321088660737181,0.12955680062183064,0.033679000000000014,0.27914300000000003,-0.8848039999999999,-0.06860299999999997,-0.13497599999999998,-0.9117649999999999,0.10228199999999998,0.414119,0.026961000000000013,0.4153951784866102,0.9641896301533316,single,-0.8848039999999999
337,2.808333,stand,0.0286811472459006,-0.18708748349932897,0.04644185767430807,0.5076885542684533,0.3848354856810525,-0.5032456693490477,-0.059882395295812456,0.15024600984038736,0.03240129605184057,0.02172086883475084,-0.00912036481458798,0.0,11.607328567714317,-6.178094237652033,-5.069205528330332,-3.87390990659483,-4.118729491770114,0.3024241934513821,0.2736218893130756,-0.04320345620695482,0.31682534552072705,0.03294099999999989,0.281954,-0.884921,-0.06866100000000008,-0.13349299999999997,-0.912152,0.10160199999999997,0.41544699999999996,0.027231000000000005,0.452767744700834,0.9607367433113483,single,-0.884921
338,2.816667,stand,-0.04499640028798072,-0.13966882649388668,0.10235181185505539,0.33106140368038445,-0.2958708984362783,-0.44960386391377327,-0.010559155267562993,0.20242380609552088,-0.06815454763619211,0.02291816654668358,-0.0067194624430115864,0.002519798416126847,-8.840598456189667,5.689783657960698,6.708657809065259,5.918315338163152,6.260834683841601,-12.065735983685778,0.14366423229335212,0.28808523777015865,0.302351621805491,0.033228000000000035,0.284805,-0.886342,-0.06809500000000002,-0.13238500000000003,-0.912984,0.10132300000000005,0.41719,0.026642000000000055,0.37716289339262005,0.959974212567865,single,-0.886342
339,2.825,stand,-0.013920556822272875,-0.13656546261850205,0.04536181447257563,0.4967863200348639,-0.49119733476041066,-0.4302272060833871,-0.006840273610967631,0.13464538581542643,0.00240009600383995,0.024120964838579964,-0.005040201608062479,0.0022800912036478275,3.729250385900213,0.37241856178860994,-6.839073248827222,0.4462836501374293,-8.133735783042297,8.466895912639979,0.14434156869030726,0.2015193609683227,-0.028766016138126613,0.033286999999999844,0.287065,-0.8866999999999999,-0.06777800000000012,-0.131289,-0.913343,0.10106499999999996,0.418354,0.026643000000000083,0.5088360231562314,0.9587546840069863,double,-0.8866999999999999
340,2.833333,stand,-0.02868114724590213,-0.1186847473898988,0.03444137765511099,0.42031321650228837,-0.5271803405587063,-0.3956741841560982,-0.04080163206528382,0.07332293291731741,0.04656186247449934,0.02256090243610689,-0.0025201008040380353,0.003960158406336503,-1.7713417045037068,2.145771658298742,-1.3105048382893008,-4.075526035559402,-7.358988707321442,5.299623961437633,-0.18721497689584632,0.30242419345067406,0.2016161289678016,0.03318599999999994,0.288665,-0.886599,-0.06735099999999994,-0.13032100000000002,-0.913597,0.10053699999999988,0.418986,0.026997999999999966,0.5700804914013287,0.961593255750045,double,-0.886599
341,2.841667,stand,-0.03659707223422095,-0.14926805855531053,0.008999280057600994,0.5302623064667428,-0.6212691414483463,-0.3440572674811158,-0.03383729301654563,0.056755459563234655,0.02639788816894604,0.01823854091671812,-0.0004799616030722306,0.0044396448284135534,-0.9498350117973074,-3.6697037635482954,-3.052807487102208,0.8356538335418927,-1.987937767468518,-2.4194833579977377,-0.5186418909753706,0.244797120346267,0.05753376794780982,0.033209000000000044,0.290382,-0.8864540000000001,-0.06689400000000001,-0.12908100000000006,-0.9136350000000001,0.10010300000000005,0.41946300000000003,0.02718100000000001,0.609598812760652,0.9687045803797956,double,-0.8864540000000001
342,2.85,stand,-0.001320052802110086,-0.11952478099124036,-0.000840033601354894,0.39910214201065375,-0.08356193790803705,-0.4021343223851812,-0.018600744029749986,0.04884195367814812,0.026761070442818075,0.017280691227666546,0.006600264010563753,0.004440177607104602,4.233411668320075,3.5693360811316976,-1.1807648696695041,1.8284590167761652,-0.949658692558095,0.04358361620929312,-0.11494656054861174,0.8496610600787289,6.393600036582448e-05,0.03306500000000012,0.29178499999999996,-0.886224,-0.06673899999999988,-0.12803000000000003,-0.9135909999999999,0.099804,0.41981500000000005,0.02736699999999992,0.6284684338181379,0.9682938425408089,double,-0.886224
343,2.858333,stand,-0.04452178087122316,-0.14592583703348205,0.016920676827080167,0.15939554425541094,-0.10387953089289452,-0.411713795447263,-0.012720508820372314,0.037561502460098005,0.02028081123244978,0.012960518420736587,0.00900036001440633,0.004320172806912057,-5.184414744883411,-3.16825345520724,2.131370506232476,0.7056564513833825,-1.3537082944978063,-0.7776622117326717,-0.5184414744905794,0.28802304138276713,-0.014401152069188298,0.03332999999999986,0.29331399999999996,-0.886196,-0.06625999999999999,-0.126739,-0.9136960000000001,0.09958999999999985,0.42005299999999995,0.02750000000000008,0.6507633454575583,0.9727335466998589,double,-0.886196
344,2.866667,stand,-0.01871850251980367,-0.13462922966162746,0.014998800095983894,0.10647160202873797,0.3852143483905813,-0.42397576550105714,-0.006239500839925676,0.01187904967602605,0.021718262538995954,0.010679145668347139,0.00959923206143129,0.00839932805375571,3.096145710513474,1.355484445866871,-0.23060675919081577,0.7776587449539942,-3.08164780226443,0.17248035835687092,-0.27374283086026285,0.07185889693124023,0.48945947286340546,0.033433999999999964,0.294535,-0.8861399999999999,-0.06601499999999993,-0.125537,-0.913751,0.0994489999999999,0.420072,0.027611000000000052,0.681341788141448,0.97227425383583,double,-0.8861399999999999
345,2.875,stand,-0.022920916836679947,-0.13908556342254072,-0.00852034081362449,-0.11462836917697031,0.5199783164823313,-0.6071579071627117,0.0007200288011461112,0.0074402976119053235,0.0003600144005763864,0.013080523220918723,0.010440417616711875,0.010080403216128827,-0.5043098904207747,-0.5347814425672983,-2.8224098055452536,0.8351769640071824,-0.5326715545566744,-2.5630923003023836,0.28817683338192795,0.10094630448585054,0.20173708896833464,0.033630999999999966,0.295756,-0.886066,-0.06571499999999997,-0.12429099999999993,-0.9135960000000001,0.09934599999999993,0.42004699999999995,0.027530000000000054,0.7122271316231293,0.9674373707405388,double,-0.886066
346,2.883333,stand,-0.017640705628212957,-0.13548541941677683,-0.06252250090003582,0.24353942588653782,-0.2890985174432891,-0.4046784254618347,0.009360374414979384,-0.028321132845314085,0.014040561622464913,0.01188047521901742,0.009840393615734576,0.011280451218048866,0.6336506910436863,0.4320345620741536,-6.480518431106663,1.0368829489779614,-4.291543316599032,1.6417313358800734,-0.14401152068898518,-0.07200576034769046,0.14401152069123369,0.033855999999999886,0.296649,-0.885428,-0.065469,-0.12308000000000002,-0.912981,0.09932499999999989,0.419729,0.02755300000000005,0.6695245587396825,0.9681484512139582,double,-0.885428
347,2.891667,stand,-0.012598992080636062,-0.12131029517638306,0.031677465802727255,-0.322926299641631,0.23122397527116254,-0.25863371425618553,0.010919126469889916,-0.05627549796016242,0.024958003359731012,0.01727861771057366,0.016078713702913066,-0.01187904967602605,0.6049572291308923,1.7008788385401563,11.303091756990922,0.18703528376656117,-3.3542554733439074,1.3099882094151687,0.6477252809642665,0.7485385273792228,-2.77891779386546,0.03405199999999997,0.297191,-0.8854839999999999,-0.06522000000000006,-0.12193499999999996,-0.9133439999999999,0.09927200000000003,0.41912599999999994,0.027859999999999996,0.6171958610702313,0.9559612706582197,double,-0.8854839999999999
348,2.9,stand,-0.03444137765512431,-0.10860434417376665,-0.009480379215161521,0.23909846195673032,-0.3882491029144472,-0.10823406495847739,-0.0016800672026831415,-0.2596903876155069,0.09036361454458305,0.010200408016307632,0.01068042721708947,0.005760230409216353,-2.621191116583277,1.5247751113184365,-4.939138967705406,-1.511963719257551,-24.410763189169124,7.848987301674383,-0.849419140077534,-0.6478202911104818,2.1167982821603943,0.03432500000000016,0.295932,-0.884652,-0.06484800000000002,-0.12094099999999997,-0.9132170000000001,0.09917300000000018,0.41687299999999994,0.028565000000000063,0.2560696913118817,0.973579253542909,single,-0.884652
349,2.908333,stand,0.08448337933517873,-0.09108364334573582,-0.008400336013442354,0.5798606930714703,-0.8581627861446993,0.4974964420520449,0.0024000960038292525,-0.02148085923437107,-0.05412216488659596,0.006960278411150132,0.014040561622455754,0.004680187207488443,14.271541700504516,2.1025682020918017,0.12961036862104602,0.4896391703483056,28.586286857210848,-17.338987091225288,-0.38883110586313807,0.40323225793427503,-0.12961036862209532,0.03364100000000003,0.296512,-0.885033,-0.06549399999999994,-0.12006500000000003,-0.913108,0.09913499999999997,0.41657700000000003,0.028075000000000072,0.6221189815780547,0.9727416170625215,double,-0.885033
350,2.916667,stand,0.006599472042253162,-0.10907127429805451,-0.030237580993523885,0.23259509095425335,-0.14029233403523125,-0.20104931878957152,0.003839692824577845,-0.04079673626109797,-0.01463882889368888,0.0033597312214922927,0.01775857931365921,0.005999520038397054,-9.34532124945104,-2.1583430468344793,-2.6202597768276172,0.1727377994658725,-2.3177198256211606,4.737621309444058,-0.4320311002709157,0.4461264328297849,0.158307275127022,0.033617999999999926,0.297081,-0.884903,-0.06552100000000016,-0.119008,-0.912806,0.09913900000000009,0.416089,0.02790300000000001,0.6484477382468857,0.9682610835701254,double,-0.884903
351,2.925,stand,-0.044041761670467965,-0.11436457458298882,-0.015840633625347676,0.3287955484503007,0.008648622568030404,-0.3364840445622054,0.006360254410186157,-0.05100204008160311,-0.0007200288011519401,0.0009600384015370304,0.017520700828030818,0.006000240009600194,-6.077191133171918,-0.6352214430498454,1.7277027922928525,0.3024794894525783,-1.2246854458784633,1.6703228240174086,-0.28797465738092937,-0.028546560137812822,8.640000037683973e-05,0.03403800000000001,0.297609,-0.8847769999999999,-0.06514600000000015,-0.11790899999999999,-0.912624,0.09918400000000016,0.415518,0.027847000000000066,0.6358597768228166,0.9690924536628192,double,-0.8847769999999999
>>>>>>> 3b0d06690e55fb02323d988053aa126fb7c3a6e7
