frame_id,timestamp,gait_type,root_linear_velocity_x,root_linear_velocity_y,root_linear_velocity_z,root_angular_velocity_x,root_angular_velocity_y,root_angular_velocity_z,left_linear_velocity_x,left_linear_velocity_y,left_linear_velocity_z,right_linear_velocity_x,right_linear_velocity_y,right_linear_velocity_z,root_acceleration_x,root_acceleration_y,root_acceleration_z,left_acceleration_x,left_acceleration_y,left_acceleration_z,right_acceleration_x,right_acceleration_y,right_acceleration_z,left_pos_rel_x,left_pos_rel_y,left_pos_rel_z,right_pos_rel_x,right_pos_rel_y,right_pos_rel_z,step_length,step_width,step_height,left_contact_prob,right_contact_prob,support_type,max_foot_height
1,0.008333,stand,-0.05520220808833877,0.0440417616704609,-0.014760590423628376,0.05572404177523306,-0.07034223272849247,-0.04656475342794435,0.006360254410186099,0.0037201488059526275,0.009600384015356893,-0.020760830433214774,-0.01860074402976314,-0.022320892835715766,0.0,0.0,0.0,0.0,0.0,0.0,0.0,0.0,0.0,0.1625700000000001,0.013404000000000027,-0.906987,-0.04833500000000002,0.007500000000000007,-0.910174,0.21090500000000012,0.00590400000000002,0.003187000000000051,0.9479599096196152,0.9404829152511424,double,-0.906987
2,0.016667,stand,-0.05603551715862672,0.004559635229186225,-0.06287497000239607,-0.44325777775084213,-0.549123171626459,0.17115052286854965,0.01055915526756251,0.0022798176145897822,0.008519318454528827,0.030837532997381057,0.017038636909050994,0.04019678425726298,-0.0999890893074098,-4.737476174858972,-5.773263688357055,0.5038277966614363,-0.1728259168901902,-0.12971748990017581,6.191308307006938,4.276383601969538,7.501521129467091,0.16312499999999996,0.01338499999999998,-0.906392,-0.04761099999999985,0.007604,-0.909315,0.2107359999999998,0.005780999999999981,0.002923000000000009,0.9478406328980858,0.910914366202014,double,-0.906392
3,0.025,stand,-0.057602304092168,0.03912156486259366,0.004800192007685108,0.03248997765687933,-0.013509333375324558,-0.06512309074194798,0.009600384015370216,0.0014400576023055323,0.012480499219967956,-0.03264130565223208,-0.07860314412576704,-0.018360734429378883,-0.18802195290306967,4.1475974599072885,8.12134429498154,-0.11505715254917721,-0.10077523248340933,0.4753607062809467,-7.617765348567519,-11.477472823091087,-7.027183329730213,0.16368500000000008,0.013071,-0.906328,-0.04740299999999986,0.00662299999999999,-0.909508,0.21108799999999994,0.006448000000000009,0.0031799999999999606,0.9418474753518041,0.8548848573074478,double,-0.906328
4,0.033333,stand,-0.055202208088312124,0.03252130085202996,0.010920436817480289,-0.06794376921692614,0.11495813716201922,-0.06418223750379937,0.008280331213260142,0.0013200528021100738,0.010200408016320862,0.008400336013442276,-0.01332053282130952,0.010680427217089372,0.28802304138436075,-0.7920633638021958,0.7344587555256428,-0.1584126727601192,-0.014401152069537796,-0.2736218893132238,4.925194007641228,7.834226725603926,3.48507880072822,0.16421400000000008,0.012811000000000017,-0.9063340000000001,-0.04687299999999994,0.006241000000000052,-0.90951,0.21108700000000002,0.006569999999999965,0.0031759999999999566,0.9462327569939984,0.9682862733311364,double,-0.9063340000000001
5,0.041667,stand,-0.06227501799855245,0.04391648668106946,0.02747780177583545,0.022593052989113273,0.3223651976114034,-0.0659841911396635,0.0056395488360821,-0.0009599232061444684,0.0089992800575944,0.004679625629937631,-0.00983921286297414,0.031557475401969425,-0.8486692956851843,1.3673129144515836,1.9867248570140583,-0.31686853577850277,-0.2735752349717473,-0.1441238251411642,-0.4464495300581527,0.4177249770020854,2.5050453785553213,0.16477999999999993,0.012436999999999976,-0.906488,-0.046315000000000106,0.005792999999999993,-0.909476,0.21109500000000003,0.006643999999999983,0.0029879999999999907,0.9523472833009519,0.9443577084417999,double,-0.906488
6,0.05,stand,-0.052082083283336786,0.03756150246009933,-0.029761190447594375,-0.25342065864196184,-0.05675260835586173,-0.1245974449648205,0.003960158406330221,-0.002160086403451637,0.005280211208446957,0.007800312012478308,-0.010200408016320862,0.05184207368294587,1.2232010938696345,-0.7626286116608822,-6.868953824964578,-0.20153491296674408,-0.14402534469064784,-0.44630611414225885,0.3744973457987131,-0.04334515220769499,2.4342491636837207,0.16524699999999992,0.012106000000000006,-0.9061960000000001,-0.04581600000000008,0.005394999999999983,-0.9087960000000002,0.211063,0.0067110000000000225,0.0026000000000000467,0.9624254279801449,0.9109854288622827,double,-0.9061960000000001
7,0.058333,stand,-0.04572182887315069,0.0289211568462728,-0.021240849633996608,1.0807404689904545,0.10144966567213042,0.0352824070969459,0.0031201248050019815,-0.0034801392055683724,0.00516020640825816,0.0038401536061480864,-0.009000360014399585,0.06528261130445084,0.7632610596647181,-1.036882948977143,1.0224817969036082,-0.10080806448196805,-0.1584126727609187,-0.014401152068738298,-0.4752380182803578,0.14401152069138098,1.6129290317418665,0.16565399999999997,0.011836000000000013,-0.905976,-0.04540300000000008,0.005079,-0.908075,0.21105700000000005,0.006757000000000013,0.002098999999999962,0.967406088080025,0.8899801457458747,double,-0.905976
8,0.066667,stand,-0.052315814734833564,0.017878569714424072,0.0015598752099880916,-0.11455333744151194,0.12404937898422333,-0.019240119544373487,0.0007199424046016905,-0.002159827213825054,0.005639548836088761,0.007199424046070191,-0.0038396928245778734,0.045356371490279504,-0.7912150062014487,-1.3250044554654097,2.7358681118292174,-0.28799884814018367,0.15842476502799593,0.05751649002047043,0.4030802063741426,0.6192305243366584,-2.3909575011004724,0.16609600000000002,0.011668999999999985,-0.905942,-0.04490700000000003,0.004897999999999958,-0.90771,0.21100300000000005,0.006771000000000027,0.0017679999999999918,0.9721837501820128,0.9231926041186556,double,-0.905942
9,0.075,stand,-0.061442457698289495,0.029281171246845875,-0.014520580823237471,0.13597396093421743,0.08990785005608823,-0.1166936898103274,-0.0020400816032561803,-0.0008400336013415638,0.00276011040442227,-0.006000240009586405,0.008520340813637742,0.02796111844474246,-1.0952409652533226,1.3683669185673601,-1.9297319132635995,-0.3312161295881283,0.1583815687607694,-0.3455464336573255,-1.584023047600697,1.48326336712056,-2.0875138660190875,0.16659099999999993,0.01141800000000004,-0.905798,-0.04444500000000007,0.004725000000000035,-0.907356,0.211036,0.0066930000000000045,0.0015580000000000593,0.9785307916859339,0.9502667327850614,double,-0.905798
10,0.083333,stand,-0.05196207848315461,0.035281411256452205,-0.017520700828030644,-0.009194594125433565,0.014017472586695614,-0.08119142229259509,-0.0046801872075029685,0.0009600384015303592,0.0024000960038358904,0.0013200528021100728,0.01428057122284653,0.01764070562821944,1.1376910134567237,0.7200576034568973,-0.36002880172724955,-0.3168253455234353,0.216017281035872,-0.04320345620861387,0.8784702762146253,0.6912552993170267,-1.2384990779458793,0.16698499999999994,0.011131999999999975,-0.905632,-0.04400099999999996,0.0045499999999999985,-0.9070630000000001,0.2109859999999999,0.006581999999999977,0.001431000000000071,0.9767789757950369,0.9621086440188441,double,-0.905632
11,0.091667,stand,-0.059995200383962714,0.03515718742500455,-0.018838492920561896,-0.18795908980766632,-0.049520719017480765,-0.028141816858471815,-0.007199424046070197,-0.0004799616030655738,0.002279817614589784,0.0028797696184334077,0.0191984641228694,0.04367650587953338,-0.9638975162956698,-0.014905667320332801,-0.15812240131164537,-0.3022842378890366,-0.17278617765729948,-0.01443225212936243,0.18715104587513032,0.5900999400075443,3.1240461064691574,0.16742499999999993,0.010835000000000039,-0.905456,-0.04347699999999999,0.004417000000000004,-0.9065420000000001,0.21090199999999992,0.006418000000000035,0.0010860000000000314,0.976528316914316,0.9203390646486751,double,-0.905456
12,0.1,stand,-0.04824192967718866,0.03888155526220937,-0.010200408016334176,-0.18561079523455645,-0.0005280561744326142,-0.07639972735559554,-0.010560422416880582,-0.0018000720028852448,0.0009600384015370207,0.0010800432017191559,0.03144125765030412,-0.006120244809795177,1.410448902768996,0.44694201814530365,1.0366116529734444,-0.4033359379347632,-0.15841958476175086,-0.15837984075996187,-0.21597580903807156,1.4691939910518075,-5.975849116684089,0.16773900000000008,0.010496000000000005,-0.9053629999999999,-0.04306600000000005,0.004354999999999998,-0.906508,0.21080500000000013,0.0061410000000000076,0.0011450000000000626,0.9706238819834987,0.9465840074800156,double,-0.9053629999999999
13,0.108333,step_decsent,-0.049441977679116685,0.033361334453378216,-0.0192007680307138,-0.06230933279581897,-0.015437824006177487,-0.03378198020416338,-0.012240489619590374,-0.0016800672026831276,0.001080043201732481,0.0004800192007818344,0.027841113644547003,-0.019560782431293514,-0.1440115206921905,-0.6624529951795463,-1.080086405181763,-0.201616128970334,0.014401152070336888,0.014401152069538015,-0.07200576034289234,-0.4320345620733377,-1.6129290317410716,0.16804900000000011,0.010204000000000046,-0.905194,-0.042649999999999855,0.004309000000000007,-0.9065110000000001,0.21069899999999997,0.005895000000000039,0.0013170000000000126,0.9661593884645077,0.9432847699093165,double,-0.905194
14,0.116667,step_decsent,-0.057955363570915616,0.061915046796258214,-0.031077513798897165,-0.10131248762604649,-0.17855828742285684,-0.07120767571647338,-0.014398848092167014,-0.002879769618433403,0.000479961603065573,-0.0009599232061444676,0.018118550515960175,-0.049436045116393455,-1.0215245850490668,3.4261713874346014,-1.425095484543239,-0.2589822981253465,-0.14395277366813944,-0.07200403151750748,-0.17277926648983688,-1.166614246290715,-3.584744742632579,0.168412,0.009664000000000006,-0.904931,-0.04217499999999985,0.003944000000000003,-0.906664,0.21058699999999986,0.005720000000000003,0.0017329999999999846,0.9581835943284074,0.9122325376331932,double,-0.904931
15,0.125,step_decsent,-0.03672146885874447,0.028801152046084025,-0.006720268810759157,0.25182281510065707,0.16286532836930814,-0.0402463426580907,-0.01296051842073648,-0.003720148805952631,0.0013200528021167365,-0.006000240009613051,0.027841113644547003,-0.033961358454335525,2.5481692922322288,-3.9738263230738293,2.9229863180292845,0.17260646483025752,-0.1008495364837668,0.1008149764851991,-0.6048622109046667,1.1667542456002444,1.8570366809141898,0.16860999999999993,0.009392999999999985,-0.9048639999999999,-0.04191900000000004,0.003935999999999995,-0.9068909999999999,0.21052899999999997,0.00545699999999999,0.002027000000000001,0.9571494599345503,0.926128784037402,double,-0.9048639999999999
16,0.133333,step_decsent,-0.049801992079689654,0.04236169446777774,-0.003960158406330218,-0.10576504181236186,0.022677965700153492,-0.0428934788550264,-0.01428057122284653,-0.00444017760710539,-0.002040081603262838,-0.0008400336013282392,0.012840513620540998,-0.033721348853957875,-1.569725575536442,1.6273301838105967,0.331226497591376,-0.15841267276011634,-0.08640691241482763,-0.40323225793586603,0.619249538975736,-1.8001440086410647,0.028802304137483442,0.168906,0.009002999999999983,-0.904848,-0.041510999999999854,0.003689999999999971,-0.907139,0.21041699999999985,0.005313000000000012,0.002291000000000043,0.9519342725440656,0.9398447883706706,double,-0.904848
17,0.141667,step_decsent,-0.014038876889839572,0.08375329973601849,0.0896328293736567,0.3399070045994478,0.5488131681097196,-0.16671703744870964,-0.01115910727140616,-0.005039596832251811,-0.0021598272138250592,-0.008879289656843016,0.006479481641468517,-0.015958723302135176,4.291230524340072,4.966595304564536,11.230260112789434,0.3745457105160041,-0.07192455305332641,-0.014368323801562442,-0.9646335559772973,-0.7632627764665822,2.1313445586540367,0.16893000000000002,0.00826300000000002,-0.905613,-0.04146800000000006,0.003045999999999993,-0.9080190000000001,0.21039800000000008,0.005217000000000027,0.0024060000000001303,0.9552177585323312,0.967703357734452,double,-0.905613
18,0.15,step_decsent,0.009240369614770509,0.06360254410176767,-0.02616104644186383,-0.25961474681940977,0.34215725075792713,-0.008708132248822706,-0.008160326413051353,-0.00444017760710539,-0.004320172806909932,0.0018000720028919063,0.005400216008642411,0.0007200288011527656,2.793621325406223,-2.4181874036062396,-13.89582093069968,0.3598680977264856,0.07193318434494425,-0.25925184124383427,1.281574662154676,-0.12951705662139748,2.0015303136070957,0.16878500000000018,0.007695999999999981,-0.905431,-0.041529999999999845,0.00256099999999998,-0.907795,0.21031500000000003,0.005135000000000001,0.0023640000000000327,0.9592841888567685,0.9904371910173255,double,-0.905431
19,0.158333,step_decsent,-0.028201128045120007,0.026521060842430222,-0.013200528021127374,0.16159329130185987,0.025717341291595475,0.028379239298122617,-0.003960158406356865,-0.003000120004799859,-0.005160206408258156,0.005040201608049374,0.0021600864034582966,0.002040081603262838,-4.493159445564681,-4.449955989360065,1.555324423465312,0.5040403224162348,0.1728138248296568,-0.1008080644843662,0.38883110586313036,-0.388831105866328,0.15841267276011897,0.168987,0.007450000000000012,-0.905364,-0.041252999999999984,0.0023580000000000267,-0.9076679999999999,0.21023999999999998,0.005091999999999985,0.0023039999999999727,0.9650213483891756,0.9902487125539239,double,-0.905364
20,0.166667,step_decsent,-0.021958243340511403,0.030477561795060202,-0.0011999040076872453,-0.05229845904550349,0.0035394938577431537,0.00489904008345842,-0.0004799616030589122,-0.0015598752099814294,-0.004079673626113988,-0.0002399808015427777,-0.00035997120230750576,0.005879529637631534,0.7490862376540195,0.47474213494480155,1.439959684838027,0.41759020917901957,0.17281555013420066,0.1296535615723743,-0.6335712034547811,-0.30238272207413003,0.46069690837157334,0.16916599999999993,0.007182999999999995,-0.9053879999999999,-0.04107200000000022,0.002100999999999964,-0.9076089999999999,0.21023800000000015,0.005082000000000031,0.0022210000000000285,0.9704666524983573,0.9901742912594635,double,-0.9053879999999999
21,0.175,step_decsent,-0.01188047521901734,0.04464178567142498,-0.0006000240009373243,-0.12344164600076118,0.045639204316065766,-0.0024478773900608367,0.001800072002865266,-0.002160086403458304,-0.003720148805952637,-0.0007200288011461063,-0.00408016320652569,0.005040201608062714,1.2093805498012826,1.6997748561580241,0.07198848034920466,0.27361497730999446,-0.07202822434619897,0.04314470420753049,-0.05760806427497058,-0.44644089814210897,-0.100723392483958,0.16927999999999988,0.0067929999999999935,-0.9054140000000002,-0.0409790000000001,0.001695000000000002,-0.9075620000000001,0.21025899999999997,0.005097999999999991,0.0021479999999999277,0.9707479454267345,0.9891257432544815,double,-0.9054140000000002
22,0.183333,step_decsent,-0.019680787231495602,0.038161526461056604,0.0,-0.1862613252932199,0.027468245277207665,0.05916620433147334,0.0021600864034649584,0.0006000240009639688,-0.0013200528021100728,-0.009000360014406239,-0.009960398415936598,-0.00024000960038425518,-0.9360748844927703,-0.7776622117326739,0.07200576034289258,0.04320345621021146,0.33122649759057604,0.2880230413827628,-0.9936794927709258,-0.7056564513873639,-0.6336506910412775,0.169462,0.006480000000000041,-0.9054250000000001,-0.04089000000000009,0.0012940000000000174,-0.907564,0.2103520000000001,0.005186000000000024,0.002138999999999891,0.9742739298794474,0.9776223312205256,double,-0.9054250000000001
23,0.191667,step_decsent,0.0034797216222770253,0.04043676505879906,-0.010079193664503588,0.003476889822289992,0.14106165211755098,0.11189347254121466,0.001799856011530868,-0.0004799616030722338,-0.0010799136069091957,-0.006239500839925718,-0.013438924886009224,0.0,2.7790387393535645,0.2730067911857999,-1.2094064872214516,-0.04322418909696305,-0.12958790545190804,0.028814398272243438,0.33127659880975746,-0.41738978522589665,0.028798848138259534,0.16944800000000004,0.0061390000000000056,-0.9053500000000001,-0.04097100000000009,0.0008449999999999847,-0.9074800000000001,0.21041900000000013,0.005294000000000021,0.0021299999999999653,0.975111415397768,0.9753054171019436,double,-0.9053500000000001
24,0.2,step_decsent,0.007800312012478302,0.06396255850234073,0.005760230409195478,-0.0897228539959826,0.022527764413559737,-0.015184815814208042,0.00180007200286526,0.0007200288011527656,0.0015600624024943279,-0.0024000960038292286,-0.011520460818430925,0.00396015840633688,0.5184915864876123,2.8232081415506594,1.900806921120731,2.5919996926915467e-05,0.14400460869134746,0.31680979352016336,0.4607470102119868,0.23022489710527988,0.47523801828115647,0.16939799999999994,0.005612000000000006,-0.9053849999999999,-0.04105599999999998,0.00021599999999999397,-0.9074949999999999,0.21045399999999992,0.005396000000000012,0.0021100000000000563,0.9747525458311871,0.9793061782636647,double,-0.9053849999999999
25,0.208333,step_decsent,0.006720268810759168,0.02652106084243031,0.0190807632305317,-0.15206618375262837,0.060793984452074165,0.04615972208242737,0.001320052802110077,0.002640105604220154,0.003840153606148096,0.00048001920075518877,-0.0010800432017324826,0.012720508820352245,-0.12961036862104122,-4.493159445567085,1.5985278796755376,-0.057604608274953076,0.2304184331054114,0.2736218893140254,0.3456276496561172,1.2529002300130168,1.051284101045888,0.16935299999999986,0.005413000000000001,-0.9055119999999999,-0.041108000000000144,-1.4000000000014001e-05,-0.907548,0.210461,0.005427000000000015,0.002036000000000149,0.9715675026718618,0.9787078355309752,double,-0.9055119999999999
26,0.216667,step_decsent,0.011759059275249745,0.0221982241420675,0.01679865610751486,-0.09105707101129283,-0.07600757861295891,-0.044281804472235425,0.00035997120230084497,0.002519798416125897,0.003119750419962859,0.0019198464122889352,-0.0008399328053730787,0.011999040076792523,0.6046064872198911,-0.5186989081308861,-0.27383094828615745,-0.11520057593103326,-0.014435707714693678,-0.08644146702486637,0.17276544414851755,0.028810942687713427,-0.08656932368127204,0.1692579999999999,0.005249000000000004,-0.905626,-0.04119000000000006,-0.00020599999999998397,-0.9075880000000001,0.21044799999999997,0.005454999999999988,0.0019620000000000193,0.9736693521576081,0.979698914907983,double,-0.905626
27,0.225,step_decsent,0.03420136805473305,0.020640825633025963,0.007320292811723114,0.14626059414258147,0.0930381502649813,0.04322197136246931,0.0008400336013548856,0.004320172806916593,0.006240249609983973,0.0014400576023188543,-0.0006000240009573072,0.005880235209410921,2.693184780929231,-0.18689529689686005,-1.137449093458747,0.057609792278175954,0.21605356903764486,0.37447488179780525,-0.05757696027482065,0.02879020813821809,-0.7342859555240125,0.1689799999999999,0.005113000000000034,-0.9056350000000001,-0.04146300000000003,-0.0003829999999999667,-0.9076000000000001,0.21044299999999994,0.005496000000000001,0.0019649999999999945,0.9676231403096605,0.9898605609379187,double,-0.9056350000000001
28,0.233333,step_decsent,0.0062402496099773115,0.060842433697352066,0.02196087843511605,-0.20319661414352497,-0.17504610584698949,-0.043917234935045193,0.0012000480019279376,0.0009600384015303592,0.004200168006721135,0.0006000240009639688,0.0007200288011527656,0.0049201968078739005,-3.35546843210797,4.824385943156854,1.7569405524292478,0.04320345620701449,-0.40323225793666523,-0.24481958517494737,-0.10080806448516558,0.158412672760119,-0.11520921655310448,0.16893800000000003,0.0046139999999999515,-0.9057829999999999,-0.041509999999999936,-0.0008839999999999959,-0.9077419999999998,0.21044799999999997,0.005497999999999947,0.001958999999999933,0.9729558437723145,0.9916522113865682,double,-0.9057829999999999
29,0.241667,step_decsent,0.026157907367416848,0.04055675545956393,0.018118550515960233,0.0757673183713145,-0.08412639728697795,0.007693706623697276,0.0019198464122889415,0.004199664026878729,0.006359491240703789,-0.00035997120232748934,0.0021598272138183983,0.0008399328053730815,2.3899277366738163,-2.434086661601654,-0.46104246690134704,0.08636889973134217,0.3887239771236354,0.25909806023310045,-0.115190209178241,0.17276198856079147,-0.4895925128990675,0.168736,0.004310999999999954,-0.9058809999999999,-0.041731000000000185,-0.0012040000000000384,-0.907886,0.21046700000000018,0.005514999999999992,0.0020050000000000345,0.9668514295705781,0.9960913486349732,double,-0.9058809999999999
30,0.25,step_decsent,0.0037201488059393014,0.014160566422651072,-0.06960278411134074,-0.5681246038995763,-0.6371737124882199,0.04414342985394082,0.0026401056042201455,0.0031201248049953175,0.0054002160086357495,-0.0028801152045844157,0.0003600144005797136,-0.0038401536061414216,-2.6926387329266204,-3.1676693912051883,-10.526981234525488,0.08643456041416098,-0.12954988862155412,-0.11511763255346674,-0.3024293774459288,-0.21598617703572343,-0.5616328346951277,0.16872700000000007,0.004219000000000028,-0.9052560000000001,-0.04178599999999988,-0.001318999999999959,-0.9073380000000001,0.21051299999999995,0.005537999999999987,0.0020820000000000283,0.9678923876478945,0.9919772106403999,double,-0.9052560000000001
31,0.258333,step_decsent,0.02508100324011811,0.05028201128045167,0.010080403216125428,-0.07775872866580481,-0.1488793143973853,-0.13124193888325492,0.003360134405366261,0.003840153606141434,0.005040201608062714,0.0010800432017191595,0.002640105604220154,-0.001800072002878589,2.5634050683041956,4.334746772806994,9.562364973894919,0.08640691241403062,0.08640691241403077,-0.043203456207012624,0.4752380182771613,0.27362188931242604,0.2448195851749475,0.16854600000000008,0.003832000000000002,-0.9052980000000002,-0.04198599999999986,-0.0017159999999999953,-0.907437,0.21053199999999994,0.005547999999999997,0.002138999999999891,0.9666562796132101,0.9943783874064855,double,-0.9052980000000002
32,0.266667,step_decsent,0.024358051355912534,0.04811615070794814,0.013798896088296748,-0.10879810144430771,-0.12177799408635018,-0.06687398662151386,0.00527957763378125,0.00227981761458978,0.005279577633794572,0.00011999040075806724,0.004319654427650105,-0.0004799616030722338,-0.08674728632176333,-0.2598824781021751,0.44618344998455917,0.23031476222882022,-0.1872253409589216,0.028722825261801983,-0.1151971203457033,0.20152973643267924,0.15840057593068804,0.16838699999999984,0.003449999999999953,-0.9053689999999999,-0.042188000000000114,-0.0020809999999999995,-0.9075559999999999,0.21057499999999996,0.005530999999999953,0.00218700000000005,0.9651187390291909,0.9927535113462882,double,-0.9053689999999999
33,0.275,step_decsent,0.021840873634933842,0.04164166566662483,0.002280091203647086,0.1911680026427251,-0.11691599808513736,-0.09569041820666625,0.007440297611905225,0.0044401776071053755,0.00504020160806268,0.0013200528021100684,0.003960158406336867,0.0003600144005730508,-0.30207340945382,-0.776969283730143,-1.382311878633099,0.25929676924564565,0.25925356924464016,-0.028726272138712445,0.1440132486921872,-0.04314124820751663,0.10080115248353307,0.16826699999999994,0.003139999999999976,-0.905346,-0.042359000000000036,-0.0023949999999999805,-0.9075719999999999,0.21062599999999998,0.005534999999999957,0.0022259999999999502,0.961033644091554,0.9930168845753451,double,-0.905346
34,0.283333,step_decsent,0.030361214448585066,0.04488179527180924,0.012600504020163448,0.04908340141171975,-0.122708030470528,-0.05263832526111519,0.007440297611905274,0.00360014400576384,0.002640105604226816,0.0004800192007818352,0.003240129605184125,0.001320052802110077,1.0224817969100257,0.3888311058663641,1.2384990779450844,5.932991607504995e-15,-0.10080806448356387,-0.2880230413819597,-0.10080806448196751,-0.08640691241482584,0.11520921655310558,0.1680759999999999,0.0027960000000000207,-0.9054289999999999,-0.04260799999999998,-0.0027419999999999667,-0.907666,0.21068399999999987,0.005537999999999987,0.0022370000000000445,0.9631684395515565,0.9941141889797326,double,-0.9054289999999999
35,0.291667,step_decsent,0.045476361891037535,0.048836093112549835,0.00455963522917956,-0.11119770343970306,-0.19682991561138666,-0.05479724113973355,0.009839212862987454,0.00611951043916099,0.003119750419962859,0.0027597792176486924,0.0038396928245712095,0.0014398848092167015,1.8136725992863516,0.47447778266625795,-0.9648270687525653,0.28784680238567045,0.3022997880246157,0.05755277366643178,0.27354931807857635,0.07194183097997167,0.014378690557550306,0.16777900000000012,0.0024399999999999977,-0.9054409999999999,-0.042964,-0.003116999999999981,-0.9076919999999999,0.21074300000000012,0.005556999999999979,0.002251000000000003,0.9574905999769828,0.9917617270922301,double,-0.9054409999999999
36,0.3,step_decsent,0.06288251530060845,0.038761550462020705,0.01944077763110475,-0.2539335987200922,0.053659980415403936,-0.07027170344239156,0.007440297611905274,0.0061202448097951966,0.00240009600384256,0.0016800672026831304,0.0,-0.00120004800192128,2.0888219620269965,-1.2089934778026106,1.7858085205718501,-0.28788134538367766,8.812800122488725e-05,-0.08636198441381264,-0.1295706246208526,-0.46078157021135474,-0.3168046095209394,0.16731700000000016,0.0021680000000000033,-0.9055829999999999,-0.04347400000000001,-0.0034399999999999986,-0.907864,0.21079100000000017,0.005608000000000002,0.0022810000000000885,0.9606424350638989,0.9965589322504785,double,-0.9055829999999999
37,0.308333,step_decsent,0.04596183847354141,0.045841833673345954,0.013440537621518246,0.0381903425017595,0.050188752047052504,-0.028241967885238778,0.006120244809795156,0.006240249609983953,0.0006000240009573052,0.0036001440057838005,0.0013200528021100684,0.001200048001921272,-2.0305624417457064,0.8496679720779095,-0.7200576034545159,-0.15841267276012394,0.01440115206873345,-0.21601728103747117,0.23041843310940383,0.15841267276011795,0.28802304138276036,0.16698500000000016,0.0018380000000000063,-0.9056900000000001,-0.04382699999999984,-0.003811000000000009,-0.907966,0.210812,0.005649000000000015,0.0022759999999999447,0.9626380461230873,0.9933034645214329,double,-0.9056900000000001
38,0.316667,step_decsent,0.06947444204464968,0.0785937125030022,0.08855291576672782,0.5680249368214475,0.5261570475950527,-0.1507396093592025,0.0070794336452855225,0.005159587233023217,-0.0007199424046083555,0.0014398848092033894,-0.0013198944084453212,-0.002879769618426761,2.821286725594961,3.9299110666734385,9.012764356276698,0.11509345278262205,-0.1296691117063525,-0.15838329800403986,-0.25921036676031,-0.3167683238007445,-0.48953895132566067,0.16646499999999986,0.0012260000000000049,-0.906434,-0.044394000000000045,-0.004477000000000009,-0.908728,0.2108589999999999,0.005703000000000014,0.0022940000000000182,0.9624105746966034,0.9942004639628976,double,-0.906434
39,0.325,step_decsent,0.04668186727468752,0.0482419296771885,0.00984039361576109,-0.043284241144710654,-0.0626210141553196,-0.05899398611520884,0.005400216008649055,0.00588023520940424,-0.0006000240009573052,0.0015600624025009842,-0.005160206408258139,-0.0085203408136377,-2.735218381130694,-3.6423596334829687,-9.4458804933357,-0.20151417696345383,0.08648121641437892,0.014390784069488755,0.014421888071234167,-0.4608558742125047,-0.6768956192500799,0.16612099999999996,0.0008729999999999571,-0.9065210000000001,-0.044769999999999976,-0.0049220000000000375,-0.908881,0.21089099999999994,0.005794999999999995,0.0023599999999999177,0.963056303208827,0.9831957567812253,double,-0.9065210000000001
40,0.333333,step_decsent,0.041881675267002705,0.03348133925356707,0.005640225609013362,-0.029245055602831766,-0.22561541914823824,0.04776160899412759,0.005640225609040008,0.0056402256090266846,-0.003840153606148096,0.005160206408258173,0.0010800432017324826,0.000240009600384256,-0.5760460827654896,-1.7713417045027566,-0.5040403224226256,0.028802304139080033,-0.028802304137472194,-0.38883110586713054,0.4320345620733466,0.7488599075951802,1.0512841010466791,0.16581900000000016,0.0006410000000000027,-0.9066000000000001,-0.045075999999999894,-0.005191999999999974,-0.908926,0.21089500000000005,0.005832999999999977,0.0023259999999999392,0.9619854273038639,0.9912041947968689,double,-0.9066000000000001
41,0.341667,step_decsent,0.058195344372458394,0.030237580993517425,0.00983921286296081,-0.03342684418061707,0.09246676087698956,-0.00011996351747727879,0.003959683225335938,0.004679625629950949,-0.00611951043916099,0.005039596832238472,0.0005999520038369618,0.0010799136069158564,1.957483693959164,-0.38921985361766753,0.5038381634206197,-0.201648954128158,-0.11526277646697082,-0.27350093988635604,-0.014471991363055003,-0.05760633524064319,0.10078041835032392,0.16536700000000004,0.00042800000000003946,-0.9067329999999999,-0.04551900000000009,-0.005438999999999972,-0.9089989999999999,0.21088600000000013,0.005867000000000011,0.0022659999999999902,0.9629037036051005,0.991351992516446,double,-0.9067329999999999
42,0.35,step_decsent,0.051722068882763865,0.04320172806912611,-0.0030001200047932073,0.1108262041078615,-0.07539662483852838,0.08876005580127314,0.003720148805939314,0.008520340813631094,-0.00648025921036825,0.0070802832113322205,0.002040081603262845,0.00012000480018879719,-0.7768241317286145,1.5557598794682248,-1.5407815753935017,-0.028745280138800476,0.4609042582119471,-0.0432915842082397,0.24489216117769752,0.1728224648296996,-0.11519366455382954,0.16496699999999986,0.00013900000000000023,-0.906762,-0.045891000000000126,-0.005782000000000009,-0.908973,0.210858,0.00592100000000001,0.002211000000000074,0.9590022118999599,0.9877178150183201,double,-0.906762
43,0.358333,step_decsent,0.019800792031677672,-0.018360734429378807,-0.10752430097203938,-0.18860273889535498,-0.7395770511072892,0.2515172040882737,0.0033601344053928845,0.0037201488059526123,-0.006600264010563665,0.004560182407294172,0.0008400336013482211,-0.0020400816032628316,-3.830706450388343,-7.387791011461018,-12.543403452207578,-0.043203456203819504,-0.576046082764726,-0.014401152069532531,-0.3024241934523027,-0.14401152069058187,-0.2592207372436841,0.16483000000000003,0.0003230000000000177,-0.905921,-0.046018000000000114,-0.00562199999999996,-0.908094,0.21084800000000015,0.005944999999999978,0.0021729999999999805,0.9644564101365243,0.9915569139088771,double,-0.905921
44,0.366667,step_decsent,0.02735781137507736,0.027957763378934308,0.007799376049913808,-0.03488121972333151,-0.08454082326407115,0.10275460174197047,0.0038396928245512272,0.007199424046076847,-0.008039356851449925,0.005519558435324028,0.0010799136069091957,-0.0016798656107528183,0.9067697796255917,5.5577751149883685,13.837734223896458,0.05754240690644856,0.41747963044447217,-0.17267732672021344,0.11511591409045535,0.02878329800347664,0.04322246130429721,0.16463399999999995,0.00014999999999998348,-0.906053,-0.04620000000000002,-0.005846000000000018,-0.9081729999999999,0.21083399999999997,0.005996000000000001,0.0021199999999998997,0.9597091204027293,0.990217122783271,double,-0.906053
45,0.375,step_decsent,0.05148205928237295,0.0282011280451201,0.0236409456378259,-0.22147978719790185,0.05851999842772143,0.06509050968216282,0.003240129605184125,0.001800072002878589,-0.010200408016320887,0.0031201248050019893,0.002520100804031357,0.0008400336013482268,2.8950255498974737,0.02920492813942086,1.901064393125181,-0.07195046434262614,-0.6479481631103169,-0.2593365132450458,-0.28794355338078054,0.17282937682973298,0.30240000145218426,0.16423199999999993,-7.00000000000145e-05,-0.9063349999999999,-0.04660299999999995,-0.00606000000000001,-0.9083629999999999,0.21083499999999988,0.005989999999999995,0.0020280000000000298,0.9616317116793645,0.9931703783835368,double,-0.9063349999999999
46,0.383333,step_decsent,0.03192127685108606,0.03360134405376253,0.011400456018235505,0.09213309475937563,0.0052882924955311855,0.15681232518772467,0.004320172806929931,0.004320172806909947,-0.009480379215168118,0.00924036961477054,0.00120004800192128,-0.0013200528021167386,-2.347387787265923,0.6480518431108172,-1.468917511051293,0.12961036862424197,0.30242419345150173,0.08640691241482902,0.7344587555224489,-0.15841267276012005,-0.25922073724528627,0.16400199999999998,-0.00031400000000003647,-0.9065089999999999,-0.04679200000000017,-0.006330000000000002,-0.908469,0.21079400000000015,0.006015999999999966,0.001960000000000073,0.9616024398578864,0.9843149854580818,double,-0.9065089999999999
47,0.391667,step_decsent,0.05099592032636156,0.05843532517398119,0.09395248380131983,0.36038871865008426,0.5660565118860417,-0.12367679033984107,0.005639548836082095,0.0029997600191981307,-0.011279097672184173,0.0032397408207342476,0.0014398848092167015,-0.0002399808015361169,2.2887741151038496,2.979839347278454,9.905450897898278,0.1583124585015795,-0.15843685957665163,-0.21582894852604428,-0.7200178538560459,0.028778114626280448,0.12959827220789785,0.163624,-0.0007759999999999989,-0.907386,-0.047190000000000065,-0.00680499999999995,-0.9092540000000001,0.21081400000000006,0.006028999999999951,0.0018680000000000918,0.9597161734648433,0.9940776366310844,double,-0.907386
48,0.4,step_decsent,0.04236169446778426,0.014520580823237398,-0.0013200528021367149,0.17552646531115404,0.0818258963212597,0.13346642705491046,0.005400216008649055,0.0,-0.0118804752190106,-0.03672146885874429,-0.033001320052805004,-0.07032281291251326,-1.0361485489712308,-5.269980121294084,-11.433161718883493,-0.02872108813549017,-0.3599856017278433,-0.07216819234686474,-4.795536983016725,-4.133109907838901,-8.410276264367797,0.16331600000000002,-0.0008970000000000367,-0.9074739999999999,-0.04784900000000003,-0.007201000000000013,-0.9098289999999999,0.21116500000000005,0.006303999999999976,0.002354999999999996,0.9546996472334104,0.8567941321005574,double,-0.9074739999999999
49,0.408333,step_decsent,0.0320412816512682,0.03132125285011543,0.002520100804038019,-0.050424766793426265,-0.05156652290478817,0.07439278781801127,0.007200288011514356,-0.0008400336013415652,-0.013200528021120756,0.005160206408258173,0.00036001440057305316,-0.0106804272170894,-1.2384990779450487,2.0161612896769556,0.46083686621561776,0.2160172810350781,-0.10080806448356741,-0.15841267276012957,5.026002072123193,4.003520275216386,7.157372578354015,0.16310899999999995,-0.0011650000000000271,-0.907605,-0.04807300000000003,-0.007459000000000049,-0.9099389999999999,0.21118199999999998,0.006294000000000022,0.0023339999999999472,0.9515599920353855,0.980221443564361,double,-0.907605
50,0.416667,step_decsent,0.04703623710102563,0.0004799616030722338,0.0009599232061444676,0.15637270847207307,0.05745329633747591,0.16094583441585683,0.008279337652999364,0.0010799136069091957,-0.010319174466046365,0.006359491240710428,-0.002519798416125897,-0.013798896088310069,1.7992507139137768,-3.700658896933425,-0.18720633524040675,0.1294755989302864,0.23037523497129336,0.34573476782750034,0.14390266768085608,-0.3455498940123527,-0.3741863296401088,0.1627860000000001,-0.0011600000000000499,-0.907699,-0.0484119999999999,-0.007484000000000046,-0.9100619999999999,0.211198,0.006323999999999996,0.002362999999999893,0.9542466709964688,0.9743310582093543,double,-0.907699
51,0.425,step_decsent,0.03396135845434225,0.03792151686067247,0.0030001200047932073,0.058363314194639575,-0.004124340960958338,0.12262300963384067,0.0069602784111234385,-0.0008400336013415652,-0.011400456018235505,0.004200168006721149,-0.005400216008635768,-0.01764070562822616,-1.5690481995299905,4.493166357566342,0.24483340917421634,-0.15829344076274196,-0.23040288110533608,-0.12975897662176197,-0.259129153244844,-0.3456639376586917,-0.4610355862133808,0.16256099999999996,-0.001483000000000012,-0.9078189999999999,-0.048659999999999926,-0.007844999999999991,-0.9102339999999999,0.21122099999999988,0.006361999999999979,0.002414999999999945,0.9535439514035458,0.9684652643332282,double,-0.9078189999999999
52,0.433333,step_decsent,0.02640105604225466,0.008160326413057988,0.00012000480020878121,0.07473612727004543,0.0025751652662928844,0.07664234504506492,0.007560302412114006,-0.0001200048001887964,-0.010800432017284785,0.005640225609013324,-0.0037201488059526123,-0.010680427217089328,-0.9072725803537208,-3.5714857131422493,-0.3456276496561159,0.07200576034928173,0.0864069124148285,0.07200576034449985,0.1728138248280534,0.2016161289671365,0.8352668200092168,0.162404,-0.0015519999999999978,-0.90791,-0.048833000000000126,-0.007944000000000007,-0.910324,0.21123700000000012,0.006392000000000009,0.0024140000000000272,0.9538864107092507,0.9789363941043019,double,-0.90791
53,0.441667,step_decsent,0.023758099352042428,0.013318934485237924,0.006239500839925759,-0.07558400391749141,-0.05201144883988402,0.06906195808151985,-0.012239020878335383,-0.011879049676027875,-0.051955843532513035,0.003959683225335964,-0.0047996160307223696,-0.010799136069118672,-0.3171294324708721,0.618983449985597,0.7342807823034573,-2.3757287365550157,-1.4109725073001134,-4.9382543214817,-0.20164895412495434,-0.12952570491597834,-0.014243922729702896,0.16210400000000003,-0.0017619999999999858,-0.908395,-0.0489980000000001,-0.008095000000000019,-0.910466,0.21110200000000012,0.006333000000000033,0.002071000000000045,0.8881503767953185,0.9792276395495043,double,-0.908395
54,0.45,step_decsent,0.0286811472458751,0.013320532821316126,-0.0004800192007551856,0.016290929550334676,-0.005071347658415089,0.051995336965669936,0.007080283211332174,-0.0002400096003842544,-0.014280571222853145,0.00528021120846692,-0.0020400816032628316,-0.0051602064082514765,0.5907893788350714,0.00019180800170430146,-0.8063746598681047,2.3184092271291825,1.396740678704377,4.521213525700196,0.1584696967635846,0.33115737759024677,0.6766986272491505,0.16192400000000018,-0.0018750000000000155,-0.9085100000000002,-0.04919299999999982,-0.008223000000000036,-0.9105050000000001,0.211117,0.00634800000000002,0.001994999999999969,0.9534812877506516,0.9872339106386239,double,-0.9085100000000002
55,0.458333,step_decsent,0.026641065642645755,0.008280331213246839,0.002280091203647101,0.07309250715253927,0.004731200516446172,0.05539364485011381,0.003720148805939314,-0.001680067202689792,-0.016200648025920625,0.008760350414015352,-0.001320052802110077,0.000480019200768512,-0.24481958517092875,-0.6048483869037921,0.33122649758817874,-0.40323225793746165,-0.17281382482965812,-0.23041843310542243,0.41763341000221293,0.08640691241482736,0.6768541472482902,0.1617329999999999,-0.0019580000000000153,-0.9086640000000001,-0.049342,-0.008303000000000005,-0.91052,0.2110749999999999,0.0063449999999999895,0.0018559999999998578,0.9535950358929799,0.985212928205711,double,-0.9086640000000001
56,0.466667,step_decsent,0.040796736261099906,0.002759779217662014,-0.0031197504199761807,-0.03583248124213695,0.019914633271523843,0.06153293040504284,0.00227981761458978,-0.005399568034559299,-0.015718742500599004,0.0074394048476129635,0.0007199424046083507,0.0016798656107461574,1.6985445906472447,-0.6624132464104655,-0.647929160501953,-0.1728259168885928,-0.4463043954727026,0.057824037115625185,-0.158500787905254,0.2447798424188176,0.14397005159318985,0.1614119999999999,-0.0020260000000000278,-0.9087689999999999,-0.04962,-0.008319999999999994,-0.91048,0.2110319999999999,0.006293999999999966,0.001711000000000018,0.9549301195601543,0.9872323096556181,double,-0.9087689999999999
57,0.475,step_decsent,0.021000840033579098,0.040921636865472344,0.007320292811723138,-0.11571109300962515,-0.061604772784342725,0.021952423312872463,0.0016800672026831304,-0.004680187207482999,-0.014880595223810548,0.006360254410159468,0.002040081603262845,0.004200168006721149,-2.3756025714053592,4.57960610198133,1.252855302016002,-0.07197292834593197,0.08632915241525285,0.10058169648247425,-0.1295032326237247,0.15842304076017014,0.30244838545241776,0.16125100000000003,-0.0024059999999999637,-0.908954,-0.04974199999999995,-0.008643999999999985,-0.910506,0.21099299999999999,0.006238000000000021,0.0015519999999999978,0.9583309139570428,0.986849569040162,double,-0.908954
58,0.483333,step_decsent,0.020880835233423472,0.01224048961958365,0.0010800432017191524,-0.05479983652056162,-0.04194957405586015,-0.01258449472989924,0.0020400816032828165,-0.0044401776071053755,-0.012480499219967906,0.00900036001440621,0.002400096003842544,0.00720028801152097,-0.014401152064757618,-3.44187534452041,-0.7488599075967791,0.04320345621021056,0.028802304137480226,0.2880230413827712,0.31682534552342856,0.04320345620781199,0.3600288017280462,0.16109400000000007,-0.002544999999999964,-0.9090670000000001,-0.049841000000000024,-0.008725999999999956,-0.910455,0.2109350000000001,0.006180999999999992,0.0013879999999999448,0.9637816939049687,0.9803777982415726,double,-0.9090670000000001
59,0.491667,step_decsent,0.0207583393328508,0.005879529637631534,0.004919606431480405,-0.12280203225124159,-0.09523387313765493,-0.031092775343437042,0.0021598272138050696,-0.005879529637631534,-0.009479241660666627,0.01067914566834721,0.004439644828414832,0.009239260859130509,-0.014698332202144481,-0.763254137503253,0.46071073071289287,0.014368323796766613,-0.17270842698897973,0.36012209734836526,0.2014381634198463,0.24472628084620662,0.24465716913961327,0.16093899999999994,-0.0026430000000000065,-0.909187,-0.049925,-0.008737999999999968,-0.910419,0.21086399999999994,0.0060949999999999616,0.0012320000000000109,0.9687437220002187,0.9753289114531407,double,-0.909187
60,0.5,step_decsent,0.01944077763110475,0.001560062402494333,0.0021600864034649653,-0.008428593974626378,-0.03333191212595239,-0.016019285471049697,0.004080163206539014,-0.00588023520940428,-0.009000360014399607,-0.012720508820345583,0.026161046441857256,-0.07644305772230893,-0.15811372875867655,-0.518356802488565,-0.3311556495878371,0.23044953710955823,-8.467199960945893e-05,0.05746809627589352,-2.808070861477601,2.606672460511518,-10.282289521353611,0.16081100000000004,-0.0027049999999999574,-0.9092800000000001,-0.05019299999999993,-0.008532999999999957,-0.911074,0.21100399999999997,0.005828,0.0017939999999999623,0.9628946827794814,0.8636818185934327,double,-0.9092800000000001
61,0.508333,step_decsent,0.02004080163206859,0.0,-0.002160086403464951,-0.013152478392814856,-0.024830684234201716,-0.043164793986185127,0.00552022080883119,-0.0037201488059526123,-0.006840273610947919,0.002520100804038002,0.0009600384015303559,-0.022800912036477522,0.07200576034607407,-0.1872149768983951,-0.5184414744905673,0.17281382482805352,0.25922073724368877,0.25922073724369127,1.8289463127785337,-3.024241934516596,6.437314974898738,0.16069,-0.0027359999999999607,-0.909319,-0.05033899999999991,-0.008525000000000005,-0.911246,0.2110289999999999,0.005789000000000044,0.001927000000000012,0.9648221326251836,0.9617336029520926,double,-0.909319
62,0.516667,step_decsent,0.023998080153585205,0.005879529637631573,-0.0032397408207342692,-0.07920696332290225,0.011004515664589834,-0.029860666964620995,0.009839212862960876,0.0032397408207342692,0.001919846412288948,0.009239260859117249,-0.00623950083993242,0.027597792176620322,0.4748354357471369,0.705487117546389,-0.1295481662190214,0.5182375874885663,0.835119945606782,1.051130312363441,0.8062347078328875,-0.8638755989276238,6.047360716714439,0.16057199999999994,-0.0027579999999999827,-0.909276,-0.05046200000000001,-0.008626000000000023,-0.910989,0.21103399999999994,0.00586800000000004,0.0017130000000000756,0.9653112224708167,0.9503922764476063,double,-0.909276
63,0.525,step_decsent,0.016200648025920517,-0.0021600864034582896,-0.001440057602292203,-0.02462085156797373,-0.022160955539340457,-0.04735995295128909,0.008880355214224074,-0.0085203408136377,-0.0034801392055683576,0.007080283211332174,-0.004920196807867223,0.0019200768030740352,-0.9357292844911382,-0.9647925166314448,0.21597062503804856,-0.1150675205492378,-1.4112662467745014,-0.6480241951106784,-0.2590876812414576,0.15832281676049342,-3.0814491027896533,0.16051100000000007,-0.002811000000000008,-0.9092930000000001,-0.05053799999999997,-0.008648999999999962,-0.9109610000000001,0.21104900000000004,0.005837999999999954,0.0016680000000000028,0.9620043637725293,0.9852779981442625,double,-0.9092930000000001
64,0.533333,step_decsent,0.017760710428421738,-0.001920076803067399,-0.002400096003855899,-0.06273966645227134,-0.02502356260667443,-0.06465275438568872,0.008400336013442354,-0.006720268810752551,-0.0033601344053729447,0.0016800672026831415,-0.006600264010563753,0.0009600384015370304,0.18721497689922417,0.028802304139072706,-0.11520921655630682,-0.05760460827813797,0.2160172810374614,0.014401152069532462,-0.6480518431116142,-0.2016161289687442,-0.11520921655310375,0.16043300000000005,-0.002851000000000048,-0.9093009999999999,-0.05067200000000005,-0.008688000000000029,-0.910933,0.2111050000000001,0.005836999999999981,0.0016320000000000778,0.9648962776401064,0.9885365575575731,double,-0.9093009999999999
65,0.541667,step_decsent,0.01319894408447968,-0.004199664026878687,0.00011999040078470967,-0.036677049549631836,-0.015316879067783978,-0.04227754674468274,0.008759299256058218,-0.004319654427643415,-0.0027597792176619956,0.006959443244554005,-0.004919606431487034,0.0,-0.5473681718192972,-0.2735285845705869,0.30238617766265774,0.0430721433424359,0.28805068191854066,0.07203685957654722,0.6334744470687332,0.20166277646708738,-0.11519539255303853,0.16039599999999998,-0.002852000000000021,-0.909325,-0.05072399999999999,-0.008694000000000035,-0.9109340000000001,0.21111999999999997,0.005842000000000014,0.0016090000000000826,0.9669950888298647,0.9857955036740222,double,-0.909325
66,0.55,step_decsent,0.010800432017271462,-0.007320292811716428,-0.0008400336013548828,-0.03608118275745675,-0.010324698077310374,-0.038588941243108535,0.0067202688107324765,0.003120124804995307,0.004440177607098714,0.003720148805939289,-0.004080163206525663,0.0019200768030740352,-0.28783296138344033,-0.3744904337978793,-0.11520748855629286,-0.24469344117673503,0.8928092202854543,0.8640293801464874,-0.388730881869039,0.10073721648402338,0.2304184331062075,0.1603619999999999,-0.002764999999999962,-0.909281,-0.05078300000000002,-0.00866699999999998,-0.910911,0.21114499999999992,0.005902000000000018,0.0016300000000000203,0.9693035914133432,0.9902569207097892,double,-0.909281
67,0.558333,step_decsent,0.013200528021127506,-0.037321492859715415,0.0030001200047932272,-0.11570635203145245,0.047546308023901786,-0.015874250606758768,0.006840273610967995,-0.004560182407300894,-0.001800072002878601,0.003720148805965985,-0.0045601824072942325,0.0003600144005730556,0.28802304138438317,-3.600288017280602,0.46083686621242587,0.014401152074345315,-0.9216737324248495,-0.7488599075935883,3.203607292908596e-12,-0.057604608276559895,-0.18721497689919525,0.16030900000000003,-0.0024919999999999942,-0.9093209999999999,-0.05086199999999996,-0.008393999999999957,-0.910933,0.211171,0.005901999999999963,0.0016120000000000578,0.9698537482360645,0.990173112127243,double,-0.9093209999999999
68,0.566667,step_decsent,0.00911927045835906,-0.010079193664503522,-0.00035997120230084253,-0.07349033805491403,0.004815948204365604,-0.030594339404174824,0.006839452843769295,-0.0037197024238064566,-0.0027597792176619956,0.003479721622250359,-0.002279817614596426,0.0017998560115175344,-0.4897117305937623,3.2688143982735403,-0.40317869055604083,-9.84841851091748e-05,0.10084953005692715,-0.11515565332174073,-0.0288489541295445,0.2736218853729049,0.172767171939581,0.16029000000000004,-0.0024390000000000245,-0.909341,-0.05090900000000009,-0.00832900000000003,-0.9109149999999999,0.21119900000000014,0.005890000000000006,0.0015739999999999643,0.9704930223346209,0.9924454736551197,double,-0.909341
69,0.575,step_decsent,0.005280211208440344,-0.013440537621505102,-0.0032401296051841467,-0.031184631474983408,0.018787431007026675,-0.021753802679262663,0.005640225609013399,-0.010200408016320954,-0.007800312012478379,0.002400096003855899,-0.001320052802110086,0.001200048001921288,-0.46070553821177856,-0.4033774099365907,-0.34563283365934605,-0.1439130246916965,-0.7777157797329362,-0.6048881309032076,-0.1295602566176011,0.11517638455374397,-0.07197984034516403,0.16029300000000002,-0.0024120000000000252,-0.9093789999999999,-0.050932999999999895,-0.008228000000000013,-0.910878,0.2112259999999999,0.005815999999999988,0.001499000000000028,0.9616347200782052,0.9950158263152813,double,-0.9093789999999999
70,0.583333,step_decsent,0.0010800432017457988,-0.011640465618626345,-0.001200048001901287,-0.0534412981503378,-0.0017480891032258584,0.0002403598576045836,0.0038401536061480703,0.0036001440057638156,0.00252010080403134,0.0030001200047931873,-0.001080043201725814,-0.0001200048001887964,-0.50404032241624,0.2160172810366913,0.2448195851773492,-0.21601728103507997,1.6561324879496835,1.2384990779442788,0.072005760342888,0.028802304138278056,-0.1584126727601199,0.1603159999999999,-0.0022849999999999815,-0.909348,-0.0509170000000001,-0.00813999999999998,-0.9108690000000002,0.211233,0.005854999999999999,0.0015210000000001056,0.9750633578016745,0.9946818929556074,double,-0.909348
71,0.591667,step_decsent,-0.0034797216222770024,-0.014398848092153596,-0.004319654427663397,-0.0015955021327784466,0.01065641080716886,0.014622962657475792,0.004199664026878687,-0.009119270458365721,-0.005879529637631494,0.0028797696184333834,0.0005999520038369578,0.0032397408207342263,-0.5471280086420406,-0.33097941846978995,-0.3743228252654291,0.04313779946371661,-1.526207639084406,-1.0078750229976927,-0.014440891091889011,0.2015832980036908,0.403137223532877,0.16037999999999997,-0.002240999999999993,-0.909361,-0.05086400000000002,-0.008014999999999994,-0.910806,0.211244,0.005774000000000001,0.0014450000000000296,0.9661587691360198,0.9927067504484376,double,-0.909361
72,0.6,step_decsent,-0.01188047521901742,0.00492019680787395,-0.00048001920075519197,-0.1652074267665829,-0.005210479097798592,-0.04465962067114048,0.00216008640346498,-0.00492019680787395,-0.0045601824072942325,0.0030001200047932272,0.0001200048001954596,0.0020400816032628585,-1.008130756839133,2.3183781231282516,0.46077465821531743,-0.24475910517385407,0.5039089944187939,0.15832800076050327,0.014442624068144116,-0.05759596827571135,-0.1439648646911531,0.1604970000000001,-0.0023230000000000195,-0.9093950000000001,-0.05074000000000001,-0.008054999999999979,-0.9107850000000001,0.21123700000000012,0.005731999999999959,0.0013900000000000023,0.9743538926676817,0.9939499646136934,double,-0.9093950000000001
73,0.608333,step_decsent,-0.02208088323532476,-0.006960278411136715,0.0030001200047931873,-0.2867341342203859,-0.13526506287811296,-0.012129489129061127,-0.002400096003855867,0.007080283211332174,0.005280211208446935,0.002160086403464951,-0.0006000240009639668,0.003120124804995307,-1.2240979258739104,-1.4257140548434677,0.41763341000220383,-0.5472437786296445,1.4401152069130054,1.180894469667722,-0.100808064481972,-0.08640691241562744,0.1296103686226382,0.16066099999999994,-0.0022059999999999858,-0.909376,-0.05053799999999997,-0.008002000000000009,-0.910784,0.21119899999999991,0.005796000000000023,0.0014080000000000759,0.9706655378489693,0.9935966196273387,double,-0.909376
74,0.616667,step_decsent,-0.0067194624430113176,-0.04091672666186491,-0.022318214542839037,0.3841602645821728,0.05957692329292498,0.10639047344763801,-0.0022798176145897952,-0.003479721622270388,-0.001439884809216711,0.0027597792176487107,0.0,0.0021598272138184057,1.8432230372346448,-4.074447834260666,-3.0379571091471527,0.014432252131758154,-1.267099212095347,-0.8063470143584934,0.07195738111156265,0.07199712034604874,-0.11522649282180308,0.160698,-0.0018940000000000068,-0.9092020000000001,-0.05045900000000003,-0.007661000000000029,-0.91058,0.21115700000000004,0.005767000000000022,0.0013779999999998793,0.978883012427868,0.9941592345146575,double,-0.9092020000000001
75,0.625,step_decsent,-0.057722308892349895,-0.0019200768030740352,-0.022320892835715672,-0.02429312603959058,-0.033066778241764155,0.1577275295824878,-0.0027601104044022713,-0.009000360014399546,-0.004440177607098714,0.002640105604220137,-0.0008400336013415596,0.0019200768030740352,-6.120586397376499,4.6797851744618635,-0.0003214080015162776,-0.05763744027510789,-0.6625031071797834,-0.360049537727348,-0.014361408067751508,-0.10080806448356606,-0.02877120013732984,0.16115600000000008,-0.0019529999999999825,-0.9090529999999999,-0.04995600000000011,-0.007651999999999992,-0.9103779999999999,0.2111120000000002,0.00569900000000001,0.0013250000000000206,0.9694022602324078,0.9943819465157899,double,-0.9090529999999999
76,0.633333,step_decsent,-0.01008040321612536,-0.023400936037441488,-0.0134405376214916,0.17440185063647456,0.12821183549090132,-0.021740540077375605,-0.005040201608076004,0.006000240009599698,0.0038401536061414086,0.0020400816032828165,-0.0019200768030740352,0.0006000240009573052,5.717257371441778,-2.5778062203728984,1.065685253117009,-0.2736218893164194,1.8001440086402474,0.9936794927685212,-0.07200576034289186,-0.12961036862264141,-0.15841267276091736,0.16119799999999995,-0.0017079999999999873,-0.9089090000000001,-0.04985499999999998,-0.007473000000000007,-0.9102610000000001,0.21105299999999994,0.00576500000000002,0.0013520000000000199,0.9719356910574755,0.995224874440429,double,-0.9089090000000001
77,0.641667,step_decsent,-0.016558675305972194,-0.008759299256058334,-0.008759299256058334,0.01614828933015314,0.021693699059025642,0.008193145527322782,-0.005159587233023217,-0.0029997600191981506,0.0008399328053730844,0.00035997120230084735,-0.0022798176145897952,0.0007199424046083555,-0.7773304643444768,1.7568558652967647,0.5617036675585905,-0.014325128983347021,-1.0799136103669187,-0.3599976962764988,-0.2015971203482096,-0.04316544414635975,0.014389057313541035,0.1612929999999999,-0.0016599999999999948,-0.9088290000000001,-0.049714000000000036,-0.007419000000000009,-0.910182,0.21100699999999994,0.005759000000000014,0.0013529999999999376,0.976424908923385,0.9959704340293577,double,-0.9088290000000001
78,0.65,step_decsent,-0.01116044641787116,-0.000120004800195458,-0.017760710428421502,0.021515041270177823,0.191386475445258,0.014232529561946747,-0.005640225609013324,-0.00972038881555231,-0.0036001440057571543,0.0007200288011461016,-0.003000120004799849,0.0015600624024943227,0.6478133791072855,1.0367568049757399,-1.080212549185543,-0.05767891227530355,-0.8065077158711306,-0.5328305305568487,0.04320864020703861,-0.0864397444149827,0.10081843248361498,0.16133900000000012,-0.0017399999999999638,-0.908711,-0.049614999999999965,-0.007442999999999977,-0.9100210000000001,0.21095400000000009,0.005703000000000014,0.0013100000000000334,0.9672319816489732,0.9942378253966646,double,-0.908711
79,0.658333,step_decsent,-0.0349213968558795,-0.01632065282610953,-0.015240609624383703,-0.00853880185110509,-0.056471277900612,-0.030108466907442687,-0.0012000480019279496,-0.0031201248049953488,0.0004800192007685152,-0.0006000240009639748,-0.0044401776071054345,-0.0022800912036471162,-2.8514281096854144,-1.9441555293308794,0.3024241934522767,0.532842626555312,0.7920633638013946,0.4896391703498988,-0.158412672760121,-0.172813824829665,-0.46083686621162534,0.1616200000000001,-0.0016300000000000203,-0.90858,-0.049328999999999956,-0.007344000000000017,-0.9099130000000001,0.21094900000000005,0.005713999999999997,0.0013330000000000286,0.9810412759392395,0.9916211208185697,double,-0.90858
80,0.666667,step_decsent,-0.02879769618428055,-0.017158627309815593,0.0005999520038436186,0.21951579394362974,0.1864391971382078,0.05153231244966343,-0.004079673626120621,-0.0027597792176619956,0.0020398368130536497,0.0,-0.0032397408207342263,-0.002159827213818377,0.7347852977680469,-0.10054889413319615,1.900715338160211,-0.3455274327085013,0.04323801143908692,0.18716314042298088,0.07199712034604874,0.14404089109325643,0.01443052433750159,0.1618259999999998,-0.0015100000000000113,-0.908568,-0.04908900000000016,-0.007228000000000012,-0.9099360000000001,0.21091499999999996,0.005718000000000001,0.0013680000000000359,0.9774347668620297,0.9935105268620201,double,-0.908568
81,0.675,step_decsent,-0.043921756870285246,0.0063602544101794105,-0.02016080643227737,0.02487374362327378,-0.09680639527712659,-0.01703936227587301,-0.008040321612842545,-0.0118804752190106,-0.001080043201725814,0.00012000480020878121,-0.00252010080403134,-0.0022800912036537477,-1.8149598807157845,2.8223787015474504,-2.4913906679612263,-0.47529677027744,-1.0945273012538779,-0.37440057779664593,0.01440115207113653,0.08636025641460256,-0.014432256070487228,0.16212500000000007,-0.0016620000000000523,-0.9084089999999999,-0.04872199999999993,-0.007302000000000031,-0.9097869999999999,0.210847,0.005639999999999978,0.0013779999999999903,0.962243219774988,0.9943323223667666,double,-0.9084089999999999
82,0.683333,step_decsent,-0.03108124324973138,-0.01860074402976331,-0.016440657626285007,0.027932720156137247,0.016601254365851446,0.05285495715923074,-0.0025201008040380353,-0.0012000480019146262,0.004200168006721177,-0.0010800432017458131,-0.002520100804031374,-0.003960158406330258,1.540923271397334,-2.995439630378369,0.4464357141476535,0.6624529951763544,1.2817025341528945,0.6336506910412865,-0.14401152069538045,-4.0594153103981815e-15,-0.2016161289663417,0.16236300000000004,-0.0015169999999999906,-0.9082370000000001,-0.04847200000000007,-0.007168000000000008,-0.909683,0.2108350000000001,0.005651000000000017,0.0014459999999999473,0.9771349032403454,0.9919722259928863,double,-0.9082370000000001
83,0.691667,step_decsent,-0.04067674586034157,0.0026397888168906074,-0.017038636909057527,0.012021599667835814,0.11982640090078507,-0.009950676245450332,-0.0023998080153744745,-0.0010799136069158492,0.006959443244534022,-0.0019198464122889224,-0.0007199424046083459,-0.0029997600191981107,-1.1513682038169086,2.548660048794547,-0.07175177379079849,0.014433979921233488,0.014414974201916977,0.33108654161420975,-0.10076832379926841,0.21600172779253832,0.11523858736886725,0.162682,-0.0015479999999999938,-0.908037,-0.048149,-0.00719599999999998,-0.909566,0.210831,0.005647999999999986,0.0015290000000000026,0.9723093792513189,0.9939440829014758,double,-0.908037
84,0.7,step_decsent,-0.03600144005759867,-0.004920196807867288,-0.02820112804512029,0.02556351690527037,0.1416854398200339,0.006893653324854353,-0.001320052802110086,0.0019200768030740608,0.00684027361094801,-0.00048001920075519197,-0.003000120004799889,-0.00492019680787395,0.5610591386947006,-0.9072345643535298,-1.3395525184282808,0.12957580862407278,0.3600132497287817,-0.01430092806744431,0.1727861768311225,-0.2736322573132802,-0.23046163310642706,0.16297099999999998,-0.00149100000000002,-0.907745,-0.04785299999999992,-0.00718000000000002,-0.9093720000000001,0.2108239999999999,0.005689,0.001627000000000045,0.9716862628766496,0.9903621874449722,double,-0.907745
85,0.708333,step_decsent,-0.039121564862600156,0.0032401296051841034,-0.022320892835715672,0.03858095398923648,0.13785923923170262,0.06936679228317011,-0.0019200768030740352,0.0037201488059526123,0.007920316812673734,-0.0033601344053662383,-0.002880115204611053,-0.004080163206532325,-0.37442995379832844,0.9792783406997908,0.7056564513866065,-0.07200576034608744,0.21601728103666676,0.1296103686218312,-0.3456276496593105,0.014401152068743027,0.10080806448357396,0.163281,-0.001487000000000016,-0.907493,-0.04755499999999979,-0.007231000000000043,-0.90922,0.2108359999999998,0.005744000000000027,0.001727000000000034,0.9677988970712086,0.9899676497428045,double,-0.907493
86,0.716667,step_decsent,-0.03335733141348672,0.0011999040076739157,-0.03215742740579949,0.19477097891101988,0.24393919194777125,0.04397351071426717,-0.00011999040075806644,0.0029997600191981107,0.009959203263738794,-0.00311975041997616,-0.0032397408207342263,-0.00455963522917953,0.6916526816790726,-0.24480748710225247,-1.1802897252320301,0.21599308883080814,-0.08643973923140102,0.2446468023836147,0.028843770745149575,-0.04315162180503608,-0.057532040154451826,0.1635580000000001,-0.0014719999999999733,-0.9071420000000001,-0.04730299999999987,-0.007267999999999997,-0.9089900000000001,0.21086099999999997,0.005796000000000023,0.0018479999999999608,0.9641835669824819,0.9893256490320061,double,-0.9071420000000001
87,0.725,step_decsent,-0.03684147365892691,0.004080163206532379,-0.0393615744629916,0.08759397199435245,0.16605729260715038,-0.020127112019247804,-0.0019200768030740608,0.006120244809795237,0.010200408016320954,-0.0032401296051841467,-0.001920076803067399,-0.004320172806909975,-0.418113794004587,0.3456449296602052,-0.8645322281521876,-0.21601900903828283,0.37447315379781054,0.028945728138985008,-0.01444608006816128,0.15836601676069115,0.02873664013795233,0.1638489999999999,-0.001454999999999984,-0.9067289999999999,-0.04702300000000004,-0.007317999999999991,-0.908698,0.21087199999999995,0.005863000000000007,0.0019690000000001096,0.960227364108863,0.9904476547571882,double,-0.9067289999999999
88,0.733333,step_decsent,-0.06240249609985285,-0.011640465618626345,-0.023880955238216657,0.0387831751812558,0.06441680669802108,0.0027581180029276463,-0.01140045601823543,0.007920316812667071,0.014160566422657686,-0.0018000720028919003,-0.002760110404415595,-0.004200168006721121,-3.067445390726729,-1.8865509210558815,1.857748616917662,-1.137691013459898,0.21601728103586057,0.47523801828113704,0.17281382482806198,-0.10080806448436246,0.014401152068745213,0.16427400000000003,-0.0012920000000000154,-0.9064119999999999,-0.04651800000000006,-0.007243999999999973,-0.908534,0.2107920000000001,0.005951999999999957,0.0021220000000000683,0.9457302287263234,0.9911024535303199,double,-0.9064119999999999
89,0.741667,step_decsent,-0.03119750419965544,0.0032397408207342692,-0.03431725461963164,0.06414751022500419,0.14004524793276743,0.05053740397353751,-0.005999520038409623,0.015358771298298263,0.029157667386608424,-0.0045596352291795905,-0.002879769618433422,-0.0035997120230417774,3.7442994840649853,1.7854819341685504,-1.2522557453101806,0.6480604727412812,0.8925431348249622,1.7995081550216971,-0.3311210974667274,-0.014357957045575694,0.0720489541251916,0.16448399999999985,-0.0011909999999999976,-0.9058829999999999,-0.046296000000000115,-0.007294999999999996,-0.9082779999999999,0.21077999999999997,0.006103999999999998,0.002395000000000036,0.9202215011069911,0.9891934596543396,double,-0.9058829999999999
90,0.75,step_decsent,-0.0457218288731505,-0.011280451218046633,-0.03564142565702514,0.0023613193653934605,0.1435702459764899,-0.009318036408931347,-0.010560422416880547,0.01440057602304194,0.05040201608064013,-0.0036001440057571543,-0.0032401296051841034,-0.004560182407294172,-1.742988680366615,-1.7424927443634757,-0.15890688076244947,-0.5473301786236535,-0.11498803255206039,2.549423820236603,0.11514355255279397,-0.04324492820720987,-0.11526105655254895,0.16477699999999995,-0.0009770000000000056,-0.9051659999999999,-0.045945000000000125,-0.007228000000000012,-0.9080189999999999,0.21072200000000008,0.0062510000000000066,0.0028529999999999944,0.8823498822996696,0.9889126272638677,double,-0.9051659999999999
91,0.758333,step_decsent,-0.05712228489141258,0.0006000240009573052,-0.04440177607104043,0.30300170372298957,0.16387635705208167,0.05487699117847559,-0.0297611904476209,0.01008040321612536,0.02880115204608388,-0.003960158406330205,-0.0003600144005730508,-0.0038401536061414086,-1.3681094465693062,1.4257140548426603,-1.051284101045872,-2.304184331062075,-0.5184414744889669,-2.5922073724416363,-0.043203456207014164,0.3456276496593112,0.08640691241482781,0.16500500000000007,-0.0008980000000000099,-0.9045559999999999,-0.04550199999999993,-0.007235999999999965,-0.907681,0.210507,0.006337999999999955,0.0031250000000000444,0.8977091403752415,0.9907865972188747,double,-0.9045559999999999
92,0.766667,step_decsent,-0.06647468202543155,-0.00035997120230084735,-0.021718262538995413,0.15534970210453375,0.14572543786882608,0.1134847200901777,-0.038876889848811234,0.010439164866811164,0.031077513798897373,-0.009599232061444739,-0.0020398368130603375,-0.008399328053757487,-1.1221978802518633,-0.11519020917424502,2.7218038795350545,-1.0937964244288922,0.04304795424595692,0.2731415590128997,-0.676634707837121,-0.2015625644933161,-0.5470571691404014,0.16523500000000002,-0.0008080000000000309,-0.9041159999999999,-0.04502800000000007,-0.007250000000000034,-0.90757,0.2102630000000001,0.006442000000000003,0.003454000000000068,0.8807021653678072,0.9784712787351394,double,-0.9041159999999999
93,0.775,step_decsent,-0.049441977679116435,-0.00720028801152097,-0.0286811472458751,-0.05980387230515808,0.08276213475046677,0.02138685396977041,-0.03840153606145406,-0.0032401296051841034,0.0364814592583667,-0.006960278411123393,0.001200048001921272,-0.002760110404415595,2.044006281809078,-0.8208708519404888,-0.8355795880090792,0.05704473627231193,-1.6415809998794204,0.6484993951121206,0.3166871055227812,0.3888017298669862,0.6767331872485143,0.165327,-0.0007750000000000257,-0.9035730000000001,-0.04467399999999988,-0.00718000000000002,-0.907354,0.21000099999999988,0.006404999999999994,0.0037809999999999233,0.8737455214750613,0.9873614566359018,double,-0.9035730000000001
94,0.783333,step_decsent,-0.06744269770790311,-0.007680307212289581,-0.043561742469712776,0.1828918641134502,0.024640389359719305,-0.006259432275520894,-0.04956198247929923,-0.0074402976119053235,0.007920316812673838,-0.0074402976119053235,0.0008400336013482324,-0.006600264010563753,-2.160172810366835,-0.05760460827656489,-1.7857428565748006,-1.3393071424271301,-0.5040403224194477,-3.4274741924508723,-0.05760460827816337,-0.04320345620701342,-0.46083686621243164,0.16547599999999996,-0.0007730000000000237,-0.903144,-0.044173999999999936,-0.0071089999999999764,-0.907046,0.2096499999999999,0.006335999999999953,0.003902000000000072,0.8764144508968007,0.9833644315117125,double,-0.903144
95,0.791667,step_decsent,-0.041876649868002165,-0.005039596832251761,-0.031197504199655026,0.38555637957427097,0.25766439444521894,0.026232106059274604,-0.04235661147108771,0.018238540916731442,0.06815454763619014,-0.010079193664503522,0.0011999040076739157,-0.0044396448284148024,3.0676803263619807,0.3168598968127909,1.4835899052145016,0.8645753549569789,3.0812141263062838,7.227529496462184,-0.3166421949361865,0.0431809942795393,0.2592535615729462,0.16547199999999984,-0.0005789999999999962,-0.902316,-0.043908999999999976,-0.0070570000000000355,-0.906823,0.20938099999999982,0.006478000000000039,0.004507000000000039,0.817778732399651,0.9815352918640368,double,-0.902316
96,0.8,step_decsent,-0.07068282731308631,0.002760110404415595,-0.030001200048011815,0.2161729781503964,0.03202946525340362,0.07597737293250958,-0.06396255850232718,0.01224048961958365,0.08052322092883407,-0.007200288011540955,-0.0009600384015303559,-0.008760350414015293,-3.456879568592827,0.9360023084924184,0.14356224068681214,-2.5928173564429833,-0.7197949474556302,1.4843001671239509,0.34548249765541283,-0.25920345724280125,-0.5185054104884762,0.1655279999999999,-0.0005000000000000004,-0.901395,-0.043380000000000196,-0.007087999999999983,-0.906646,0.2089080000000001,0.006587999999999983,0.005251000000000006,0.7748871515536591,0.9810329554403572,double,-0.901395
97,0.808333,step_decsent,-0.04572182887317775,-0.0074402976119053235,-0.032281291251632684,0.21981540567857716,0.18050242794984722,-0.004667948224368612,-0.07200288011519734,0.046681867274688135,0.08484339373575178,-0.00540021600862248,-0.001200048001921288,-0.004200168006721177,2.9954396303742694,-1.2240979258755564,-0.2736218893100791,-0.9648771886319734,4.13313064383833,0.5184414744891096,0.21601728104146065,-0.028802304139077677,0.5472437786264439,0.16530900000000015,-4.900000000002125e-05,-0.9004190000000001,-0.04304399999999986,-0.007035999999999987,-0.9064120000000001,0.208353,0.0069869999999999655,0.005993000000000026,0.7389480570446065,0.9884237000452334,double,-0.9004190000000001
98,0.816667,step_decsent,-0.06899448044156321,0.004799616030715645,-0.03335733141348672,0.17638681960690286,0.05817142272164025,-0.028501309673321176,-0.06683465322775815,0.036237101031920106,0.09107271418286583,-0.00455963522917953,0.0020398368130536497,0.00011999040077138805,-2.792494788623144,1.4686721433430376,-0.12911449026326244,0.6201376154834594,-1.253271687397162,0.7474586569611235,0.10086162460318497,0.3887550773907983,0.5183775386960082,0.165327,0.00021300000000001873,-0.8993820000000001,-0.04250699999999985,-0.007058999999999982,-0.9061330000000001,0.20783399999999985,0.007272000000000001,0.0067509999999999515,0.7347651797748372,0.9916724010824546,double,-0.8993820000000001
99,0.825,step_decsent,-0.05844233769349678,-0.0066002640105570914,-0.022800912036497808,0.34799306166972055,0.11665660144131082,0.07823839922630647,-0.06732269290769433,0.0404416176647041,0.10296411856473991,-0.0006000240009639748,0.0075603024120941215,0.008880355214210869,1.266307782079267,-1.3680403265658034,1.2668209980786043,-0.058567104276512294,0.5045621784212211,1.427025606849177,0.4751723542800421,0.6624823711797099,1.051285829045909,0.1652530000000001,0.0006049999999999667,-0.898334,-0.04202499999999998,-0.0069410000000000305,-0.9058689999999999,0.20727800000000007,0.007545999999999997,0.007534999999999958,0.7088216272674591,0.9805364364563329,double,-0.898334
100,0.833333,step_decsent,-0.049441977679116435,0.008160326413057988,-0.030721228849157914,0.17495658812514114,0.11331266737952873,0.022416811257439512,-0.07020280811233112,0.042121684867400006,0.1078843153726191,-0.0033601344053928845,0.0033601344053795614,0.0,1.080086405181844,1.7713417045019821,-0.9504760365606711,-0.3456276496624006,0.20161612896866615,0.5904472348348928,-0.33122649759137146,-0.5040403224186418,-1.0656852531154244,0.16508000000000012,0.0008879999999999999,-0.897179,-0.04164100000000004,-0.006981000000000015,-0.9056129999999999,0.20672100000000015,0.007869000000000015,0.008433999999999942,0.6899408030960686,0.9920800872541773,double,-0.897179
101,0.841667,step_decsent,-0.06131509479240752,0.005759539236860106,-0.04523638108949446,0.35402270477913816,0.04584255170229001,-0.05904711748173936,-0.07079433645309406,0.051475881929440116,0.09935205183585183,0.0004799616030855522,0.00455963522917953,-0.000839932805379734,-1.4246600807884566,-0.2880714154305091,-1.74167893452561,-0.07097772267373831,1.122413854336458,-1.0237897212343656,0.4607746590446853,0.14392858456922958,-0.10078387393565245,0.16500099999999995,0.0012689999999999646,-0.895974,-0.041125999999999996,-0.006991000000000025,-0.905243,0.20612699999999995,0.00825999999999999,0.009268999999999972,0.6866264992684887,0.9922314516440462,double,-0.895974
102,0.85,step_decsent,-0.08688347533900799,0.010200408016320954,-0.015600624024956758,0.04790778730096735,-0.08666585386430847,-0.011741674374551793,-0.12996519860793893,0.029521180847237035,0.07416296651866232,-0.002760110404428955,0.0019200768030740608,-0.001200048001921288,-3.0683283987280334,0.532925570558129,3.556433105068759,-7.100787490081052,-2.6346695166450598,-3.0228111505087893,-0.3888241938694992,-0.31675968151991996,-0.04321555220707516,0.16464199999999996,0.0014299999999999868,-0.8952260000000001,-0.040425000000000155,-0.007060000000000011,-0.9051230000000001,0.2050670000000001,0.008489999999999998,0.009897000000000045,0.6468286440575952,0.9940499720866072,double,-0.8952260000000001
103,0.858333,step_decsent,-0.03984159366374626,-0.006480259210368207,-0.03288131525262287,0.42201083095635317,0.18013316524993453,-0.10501451077050447,-0.05616224648984891,0.042121684867393344,0.13332533301331675,0.030121204848193948,0.09456378255130296,0.08376335053402484,5.645251611095828,-2.001760137608195,-2.0737658979558424,8.856708522511665,1.5121209672574412,7.0997679700773055,3.9459156669414095,11.117689397363316,10.196015664940091,0.16450600000000004,0.0018349999999999755,-0.893841,-0.039842000000000155,-0.006218000000000001,-0.9041509999999999,0.2043480000000002,0.008052999999999977,0.01030999999999993,0.6457687887778454,0.783552066534063,double,-0.893841
104,0.866667,step_decsent,-0.041756659467244654,0.008399328053750826,-0.029037676985850355,0.239848786027919,0.0610091512823254,0.008849624746449122,-0.05351571874252112,0.06755459563234742,0.1565874730021608,-0.00011999040075806804,-0.0020398368130603375,-0.001919846412288948,-0.2297895132587478,1.7854076390831672,0.4611996960370213,0.3175579250453333,3.0517051553820758,2.791233499981303,-3.6286531376232527,-11.591507003163407,-10.281161140666459,0.1644079999999999,0.0023279999999999967,-0.8922939999999999,-0.03949500000000006,-0.006305000000000005,-0.9039249999999999,0.20390299999999995,0.008633000000000002,0.011630999999999947,0.5857937081802673,0.9953270452581522,double,-0.8922939999999999
105,0.875,step_decsent,-0.07008280331214899,0.014520580823237398,-0.032641305652205306,0.3262010259587605,-0.04414676151212444,-0.03899998368211925,0.03852154086163619,0.0932437297491929,0.2475699027961086,0.0038401536061480703,0.006840273610947919,0.0015600624024943227,-3.3992732323177983,0.7345797155270067,-0.43245273807211526,11.044912949016792,3.0828194067977166,10.918328308406027,0.47523629028034586,1.065655877116071,0.4176057620044709,0.16531300000000004,0.0029839999999999867,-0.8899590000000002,-0.038878999999999886,-0.0063690000000000135,-0.9036400000000001,0.20419199999999993,0.009353,0.013680999999999943,0.4176280607393691,0.9866698006296564,single,-0.8899590000000002
106,0.883333,step_decsent,-0.05112204488177291,0.04272170886835065,-0.027481099243973812,0.18317400584311916,-0.056181250690149225,-0.12623295529178272,-0.06780271210847526,0.0668426737069449,0.16032641305652207,0.005640225609013324,0.006240249609983953,0.012960518420736413,2.275382026926197,3.384270736243026,0.6192495389693355,-12.75942073324265,-3.1682534552079553,-10.469637554252511,0.2160172810350709,-0.07200576034608948,1.368109446566908,0.16517399999999993,0.0031849999999999934,-0.8883940000000001,-0.03840600000000016,-0.0066729999999999845,-0.9033030000000001,0.2035800000000001,0.009857999999999978,0.01490899999999995,0.5401327060295766,0.9742486301416301,double,-0.8883940000000001
107,0.891667,step_decsent,-0.046316294696424246,-0.005159587233016557,-0.03155747540198293,0.4857638603975628,-0.02710174149730952,-0.028053352483172884,-0.06851451883850522,0.06935445164387163,0.17698584113271087,0.007079433645312165,0.006359491240703809,0.028077753779699222,0.5766438907305845,-5.745295908491419,-0.48912600888038626,-0.08540997480561152,0.30138924129190686,1.9989714514265544,0.17269114906393684,0.0143078510582982,1.8139231292252094,0.16498899999999983,0.003805999999999976,-0.8866559999999999,-0.037961000000000134,-0.0065769999999999995,-0.902806,0.20294999999999996,0.010382999999999976,0.01615000000000011,0.5017332359367523,0.9505889753953752,double,-0.8866559999999999
108,0.9,step_decsent,-0.04440177607106708,-0.0003600144005797124,-0.015360614424565634,0.23526360080666847,-0.005451066702568171,-0.05869533429028288,-0.06816272650904831,0.08352334093363392,0.16452658106324317,0.004920196807867223,-0.004200168006721121,0.030241209648389406,0.22975142509986293,0.5759717787635695,1.9437010653326803,0.04221676820555722,1.7003347281605938,-1.495171015176726,-0.2591187852448018,-1.2672097980829096,0.2596250892463908,0.16479100000000013,0.004504999999999981,-0.885157,-0.03754999999999997,-0.006608999999999976,-0.902426,0.2023410000000001,0.011113999999999957,0.01726899999999998,0.4994749227201815,0.9484576627930799,single,-0.885157
109,0.908333,step_decsent,-0.05280211208448338,0.020880835233410427,-0.02376095043800819,0.4642256077345426,-0.120752292485892,-0.062132816839691477,-0.07656306252249157,0.13776551062043063,0.2047281891275652,-0.007920316812660515,0.023040921636862083,-0.06492259690387839,-1.0080806448357582,2.5490039162354896,-1.0080806448389097,-1.0080806448389934,6.509320735245074,4.8243859431564164,-1.5409232713941985,3.269061519690802,-11.420113590815872,0.1645930000000002,0.005479000000000012,-0.8832530000000001,-0.037175999999999876,-0.0065910000000000135,-0.9027690000000002,0.2017690000000001,0.012070000000000025,0.01951600000000009,0.3742239365294861,0.8844270423182298,single,-0.8832530000000001
110,0.916667,step_decsent,-0.055915526757841595,0.021478281737459005,-0.025317974562056835,0.3791284717920127,-0.18938984024670322,-0.11797288928977845,-0.041156707463427124,0.023158147348211814,0.18490520758339365,0.0014398848092033701,0.0029997600191981107,-0.00455963522917953,-0.3735798744130303,0.07168784545819223,-0.1868279486499438,4.248422733269039,-13.751783449990155,-2.378567499900577,1.1231343438761476,-2.4047470143585095,7.242975962886777,0.16471599999999986,0.005493000000000026,-0.8815009999999999,-0.03669800000000012,-0.006745000000000001,-0.902596,0.20141399999999998,0.012238000000000027,0.021095000000000086,0.47098244013745266,0.9905922458312705,single,-0.8815009999999999
111,0.925,step_decsent,-0.030121204848193948,0.022920916836672977,-0.005160206408258139,0.2845696096594487,-0.09518097109082758,-0.11387016510831283,-0.05496219848792098,0.10404416176647102,0.20928837153486332,0.034921396855879035,0.10116404656186663,0.07380295211808162,3.095442446855579,0.1731231368311491,2.4190289396134177,-1.6567251919469335,9.706709998591009,2.9260967180450694,4.017942163287594,11.780185592543875,9.403886637136784,0.16450900000000002,0.0061690000000000356,-0.8797139999999999,-0.03615600000000008,-0.0060929999999999596,-0.9019379999999999,0.2006650000000001,0.012261999999999995,0.02222400000000002,0.37759457129155716,0.7833298460762614,single,-0.8797139999999999
112,0.933333,step_decsent,-0.031921276851086276,0.010560422416900672,-0.004320172806903313,0.40334972497948646,-0.028083939386261934,-0.10336006371553082,-0.06204248169928062,0.1159246369854765,0.2288491539661598,0.0022800912036471162,0.001920076803067399,-0.002400096003842576,-0.21601728103832293,-1.483318663119215,0.10080806448515942,-0.8496679720820485,1.4257140548428646,2.3473877872670883,-3.917113362802378,-11.909752761166464,-9.144731563893542,0.16425800000000002,0.00704699999999997,-0.877771,-0.035870999999999986,-0.0061650000000000316,-0.901922,0.200129,0.013212000000000002,0.024151000000000034,0.31860451532293566,0.9936216573786568,single,-0.877771
113,0.941667,step_decsent,-0.03851691864650987,0.006239500839932337,0.005519558435323991,0.2786784695575944,-0.10620337296887501,-0.06026741730546136,-0.09479241660665232,0.19042476601871766,0.2807775377969752,-0.004199664026878687,-0.006119510439160949,-0.006959443244540683,-0.7914137023546369,-0.5184691117072597,1.1806732952036514,-3.9296778146594002,8.939300339961674,6.230907587090831,-0.7775084269889314,-0.9646732952037781,-0.5470779026515565,0.16378900000000018,0.008581999999999979,-0.875477,-0.03558499999999998,-0.006267999999999996,-0.902026,0.19937400000000016,0.014849999999999974,0.026549000000000045,0.23450999999999955,0.9830425830527988,single,-0.875477
114,0.95,step_decsent,-0.04524180967236927,0.022680907236289027,-0.006240249609977374,0.49054436129845425,-0.07260330906401148,-0.0859731574003253,-0.07536301452059027,0.14052562102484625,0.28993159726389006,-0.009480379215161521,-0.01764070562822628,-0.013320532821309641,-0.8070192038712904,1.9730476894703997,-1.4112334147727676,2.331621515188074,-5.988136924741613,1.0985310772728876,-0.6337111710407874,-1.3825987266369177,-0.7633612836636285,0.16353799999999996,0.009564000000000017,-0.873009,-0.03528700000000007,-0.006603999999999999,-0.902085,0.19882500000000003,0.016168000000000016,0.02907599999999999,0.2092400000000001,0.959912987702839,single,-0.873009
115,0.958333,step_decsent,-0.025081003240144593,0.006960278411136715,-0.0014400576023188495,0.3165564502647527,-0.10358059289727843,-0.10680340819826674,-0.05376215048601969,0.15552622104883695,0.29869194767790813,0.002160086403464951,-0.0003600144005797124,-0.002640105604226798,2.419393547608856,-1.8865509210551117,0.576046082762331,2.5922073724433563,1.8001440086392222,1.051284101046206,1.3969117507051991,2.073765897953497,1.281702534151302,0.16329900000000008,0.010801999999999978,-0.8705079999999998,-0.03505999999999987,-0.006665000000000032,-0.9020949999999999,0.19835899999999995,0.01746700000000001,0.03158700000000003,0.18412999999999968,0.9942831289539623,single,-0.8705079999999998
116,0.966667,step_decsent,-0.04811615070792784,0.01211903047755717,0.008759299256058218,0.34410024101428177,-0.18004116609775475,-0.1758577973661391,-0.07511399088073083,0.16978641708663172,0.3174946004319608,0.00035997120230084253,-0.006359491240697064,-0.002159827213818377,-2.763996576407856,0.6190007279122169,1.2238249170118778,-2.562015886094429,1.711086637604351,2.2561378394591483,-0.21599654441613808,-0.7198796304436412,0.057628796545286465,0.16307399999999994,0.012116000000000016,-0.8679349999999999,-0.03465600000000002,-0.006818999999999964,-0.9021859999999999,0.19772999999999996,0.01893499999999998,0.03425100000000003,0.15749000000000024,0.9887901876192058,single,-0.8679349999999999
117,0.975,step_decsent,-0.04560182407296897,0.006000240009606439,0.014040561622482399,0.4217176447553914,-0.08002269122689784,-0.012272116422197908,-0.08496339853593392,0.19092763710548705,0.3428537141485689,0.004080163206512394,-0.0001200048001954596,0.0003600144005730556,0.3017312654456847,-0.7342842275231953,0.6337768350443093,-1.1819761976722887,2.537047884178029,3.0432153746079837,0.44644089814131593,0.7487683235931432,0.3023930894505527,0.16274600000000006,0.013656999999999975,-0.865195,-0.034242000000000106,-0.006870000000000043,-0.9023000000000001,0.19698800000000016,0.020527000000000017,0.037105000000000055,0.12895,0.9931703783835764,single,-0.865195
118,0.983333,step_decsent,-0.03648145925838002,0.008640345613819834,0.012480499219954581,0.3137767501026944,-0.08363357958975791,-0.10355295110473012,-0.0900036001440088,0.17616704668186953,0.32089283571342836,0.000720028801172748,-0.0020400816032628316,-0.0016800672026897807,1.0944875572529595,0.3168253455194268,-0.18721497690241343,-0.6048483869044589,-1.771341704502275,-2.6354108286500013,-0.4032322579310731,-0.2304184331054079,-0.24481958517494634,0.1623000000000001,0.015053000000000039,-0.862625,-0.03393199999999985,-0.006958999999999993,-0.9024179999999999,0.19623199999999996,0.02201200000000003,0.03979299999999997,0.10206999999999977,0.9954347325050856,single,-0.862625
119,0.991667,step_decsent,-0.0675545956323341,0.013078953683708467,-0.0022798176145897952,0.4151956831060851,-0.029891556415680243,-0.1412558492433308,-0.1364290856731668,0.33777297816174373,0.4492440604751609,0.007919366450671927,0.00011999040077138965,0.0015598752099881005,-3.72847808662758,0.5325903611577464,-1.7710963324387403,-5.570612614489834,19.391160484746234,15.400914898216136,0.8638514098271203,0.25918790545167186,0.388761988562263,0.16172599999999981,0.01775899999999997,-0.858862,-0.03330300000000008,-0.00706699999999999,-0.9023859999999999,0.1950289999999999,0.02482599999999996,0.043523999999999896,0.06476000000000048,0.986545965769513,single,-0.858862
120,1.0,step_decsent,-0.07140285611425906,0.0118804752190106,0.01944077763110462,0.1959347317212657,-0.07604141263646265,-0.026057842474098723,-0.126005040201607,0.25729029161166755,0.37909516380655345,-0.00012000480018213478,-0.006480259210368207,-0.002640105604226798,-0.4618097302202026,-0.1438231686904912,2.6065756925110195,1.2509354940069324,-9.658308718357835,-8.418204328405997,-0.9647631406281084,-0.7920616358021804,-0.5040178584201225,0.16127099999999994,0.01980399999999999,-0.8558649999999999,-0.03270899999999988,-0.007220000000000004,-0.9025699999999999,0.19397999999999982,0.027023999999999992,0.046704999999999997,0.032950000000000035,0.9883359147871318,single,-0.8558649999999999
121,1.008333,step_decsent,-0.016680667226675924,0.011520460818431041,0.011280451218053445,0.17905520135891004,-0.02005448185576037,-0.1736174220888569,-0.09948397935917151,0.33133325333013786,0.47125885035402015,0.0034801392055484196,-0.0009600384015370304,0.003000120004799889,6.566925343523778,-0.04320345620779565,-0.9792783406997778,3.182654607276578,8.885510826649583,11.06008478908767,0.4320345620701533,0.6624529951795545,0.6768541472490986,0.16058099999999986,0.022469000000000017,-0.8520319999999999,-0.03254100000000015,-0.007323999999999997,-0.902639,0.19312200000000002,0.029793000000000014,0.05060700000000007,0.0,0.9921766441795485,single,-0.8520319999999999
122,1.016667,step_decsent,-0.022678185745139582,-0.022558195344374855,0.007439404847612913,0.2801051313700754,0.09615616085388799,-0.14359811614154064,-0.10643148548114391,0.3244540436765015,0.40088792896567765,0.009119270458385703,0.0005999520038369578,0.011399088072955485,-0.719644650643582,-4.089111610607827,-0.46088869335739174,-0.8336340439131682,-0.8254391233064929,-8.443835059796251,0.676641619010948,0.18718387393496236,1.007795544535101,0.159883,0.025361000000000022,-0.848753,-0.03227599999999997,-0.0071309999999999985,-0.902606,0.19215899999999997,0.03249200000000002,0.05385300000000004,0.0,0.9756495354256565,single,-0.848753
123,1.025,step_decsent,-0.05580223208930325,-0.019920796831873394,-0.0038401536061481215,0.24554937351285752,0.04494478589586777,-0.13926598929675757,-0.10512420496821157,0.3748949957998373,0.4083763350534046,0.013200528021100858,0.011520460818431041,0.029281171246846118,-3.9750445630822004,0.31650048151943894,-1.3536011584976764,0.1568799367493526,6.053156381055596,0.8986446763142936,0.4897704983457569,1.3105134782904337,2.1459358182996273,0.15947200000000006,0.028651000000000038,-0.845318,-0.03170099999999998,-0.006869000000000014,-0.90233,0.19117300000000004,0.03552000000000005,0.05701199999999995,0.0,0.9431287529420866,single,-0.845318
124,1.033333,step_decsent,-0.05112204488177222,-0.007320292811709669,-0.004440177607085332,0.07354661239746343,0.0850356572541921,-0.0698969167558741,-0.08496339853593166,0.435377415096592,0.3654146165846594,0.004200168006721065,0.017400696027841556,0.012960518420736242,0.5616449307009418,1.512120967258311,-0.07200576034287767,2.4193935476154516,7.258180642836149,-5.155612440746963,-1.0800864051817636,0.7056564513873048,-1.958556681400407,0.15918999999999994,0.03233999999999998,-0.8422360000000001,-0.031240000000000157,-0.00666300000000003,-0.9021850000000001,0.1904300000000001,0.03900300000000001,0.05994900000000003,0.0,0.9631670184303271,single,-0.8422360000000001
125,1.041667,step_decsent,-0.04211663066954606,-0.005399568034559408,0.004679625629937721,0.1562383600666495,-0.051693403716473574,0.08069332033600118,-0.13018958483321613,0.404247660187194,0.39296856251500295,-0.01631869450442963,-0.05003599712023142,0.13558915286777554,1.0805632604063276,0.2304685357751737,1.0942888453351605,-5.426708219016719,-3.7352717673864415,3.306209014920095,-2.462066536015249,-8.091755837301926,14.714258992925561,0.15845599999999993,0.03575400000000001,-0.839,-0.03102500000000008,-0.0070350000000000135,-0.9010940000000001,0.189481,0.04278900000000002,0.062094000000000094,0.0,0.7575912590183811,single,-0.839
126,1.05,step_decsent,-0.03780151206048959,0.00756030241209392,0.004080163206538932,0.20903827179307805,-0.012648353886350529,0.024506056949588018,-0.1207248289931651,0.4686187447497808,0.3652946117844706,0.017160686427457307,0.021240849633989575,0.027481099243973444,0.5178349464846269,1.5552466634649107,-0.07193836834258707,1.1358161334514423,7.724839141075928,-3.321006927940943,4.017686419283134,8.553563753056492,-12.973485374270995,0.15776499999999993,0.03959600000000002,-0.83599,-0.03056700000000001,-0.006920999999999955,-0.9008990000000001,0.18833199999999994,0.046516999999999975,0.0649090000000001,0.0,0.9354314819682827,single,-0.83599
127,1.058333,step_decsent,-0.03888155526220976,-0.010080403216125496,0.012720508820345667,0.16002976518158107,0.06421743646875713,0.09304223702306075,-0.12276491059642451,0.5130205208208409,0.3414136565462633,-0.002040081603256197,0.0022800912036471162,0.009840393615741239,-0.12961036862116657,-2.1169693541605157,1.0368829489747766,-0.24481958517453886,5.3284262655778845,-2.8658292617553687,-2.304184331058884,-2.2753820269221925,-2.1169693541620505,0.15706599999999993,0.04395500000000002,-0.833251,-0.030259999999999954,-0.006817999999999991,-0.900923,0.18732599999999988,0.05077300000000001,0.06767200000000007,0.0,0.9828249134437234,single,-0.833251
128,1.066667,step_decsent,-0.058195344372458005,0.03923686105111822,0.004439644828421464,0.476465713579111,0.001532293362224526,0.06918446802076984,-0.12251019918405698,0.5836333093352463,0.3063354931605414,-0.0037197024238197784,-0.0014398848092166917,-0.0013198944084453037,-2.317469295686117,5.917598304204864,-0.993624189095769,0.0305629244501478,8.472856793185121,-4.209042882855967,-0.2015383753975964,-0.4463614126306431,-1.3391274327077582,0.15653000000000006,0.04849199999999998,-0.8307350000000001,-0.029806,-0.0071570000000000245,-0.9009710000000001,0.18633600000000006,0.055649000000000004,0.07023599999999997,0.0,0.9929977036236854,single,-0.8307350000000001
129,1.075,step_decsent,-0.030721228849158323,0.022200888035520512,0.00540021600862248,0.3555769759249346,-0.05386968965602075,0.08319679670861531,-0.11904476179048518,0.6726269050762057,0.28177127085083864,-0.001560062402501005,-0.0003600144005730556,-0.001200048001921288,3.297025743825745,-2.044398537813256,0.11527315255022497,0.4158691219934998,10.67965867526224,-2.9478245901479676,0.2591671692450249,0.12958963262254242,0.01438214406864476,0.155794,0.05391199999999996,-0.828432,-0.029563000000000006,-0.00734499999999999,-0.9010259999999999,0.185357,0.06125699999999995,0.07259399999999994,0.0,0.9966652002078951,single,-0.828432
130,1.083333,step_decsent,-0.04224168966757492,0.03792151686067172,0.010920436817480098,0.30445521487465205,-0.019951991346187973,0.04923070380558993,-0.1760470418816584,0.7121084843393671,0.2600504020160797,0.0004800192007818256,0.0028801152046043525,-0.0009600384015370048,-1.3825105986339126,1.8865509210549538,0.66245299518271,-6.84054723282998,4.737979030740518,-2.6066085245120068,0.2448195851773425,0.3888311058655168,0.02880230413827901,0.154679,0.05953000000000003,-0.826356,-0.029206999999999983,-0.007637000000000005,-0.901125,0.183886,0.06716700000000003,0.07476899999999997,0.0,0.9948772957018837,single,-0.826356
131,1.091667,step_decsent,-0.050275977921760875,0.05495560355171858,-0.015598752099827928,0.20372030008117917,0.015292174294417173,0.07513046345699984,-0.24298056155507344,0.730981521478294,0.17710583153347798,0.00011999040075806964,0.001679865610752852,0.002759779217662069,-0.9640374675049328,2.0439268887745605,-3.1820481062285255,-8.031379850421924,2.2645832900080647,-9.9525522537321,-0.04320000000285131,-0.14401842978779977,0.4463424069113444,0.15307300000000001,0.065164,-0.8247500000000001,-0.028787000000000118,-0.008081000000000005,-0.9009720000000001,0.18186000000000013,0.073245,0.07622200000000001,0.0,0.9946115536415856,single,-0.8247500000000001
132,1.1,step_decsent,-0.046561862474504764,0.05748229929197154,-0.002520100804037968,0.16589860339808468,-0.09269077325551807,0.14057806193048952,-0.09540381615265658,0.835473418936739,0.22512900516020112,0.004080163206538932,-0.0014400576023055071,-0.0022800912036470555,0.44571168213801104,0.30321561745504794,1.569500935532189,17.709917845003513,12.53952927618423,5.763011355660903,0.47523974628354654,-0.3744057617974685,-0.6048086429028006,0.15266599999999997,0.07164699999999996,-0.8228530000000001,-0.028364999999999974,-0.008572000000000024,-0.90097,0.18103099999999994,0.08021899999999998,0.07811699999999999,0.0,0.9918486003950752,single,-0.8228530000000001
133,1.108333,step_decsent,-0.057482299291986394,0.06888275531020865,-0.025561022440900118,0.23165550916951325,-0.046108726055610845,0.07587913707675158,-0.2322092883715394,0.7765510620424894,0.09648385935437828,0.0024000960038292525,0.0001200048001954596,-0.011160446417857985,-1.3105048382913391,1.368109446566329,-2.765021197271374,-16.41731335880044,-7.070965665936657,-15.438035018099606,-0.20161612897032222,0.18721497689919367,-1.065685253115446,0.15121000000000007,0.077544,-0.821836,-0.027865999999999946,-0.009144999999999959,-0.9008499999999999,0.179076,0.08668899999999996,0.07901399999999992,0.0,0.9809729413272144,single,-0.821836
134,1.116667,step_decsent,-0.042956563474904695,0.07331413486921329,-0.01931845452364729,0.2583483446329713,0.007261325285324826,0.04717363439182824,-0.18478521718260896,0.9206863450923904,-0.01667866570674336,0.00035997120230084253,-0.0052795776337945365,-0.010079193664503522,1.7429488621408193,0.5317230092398127,0.7490482262122365,5.690433308006969,17.29485037795776,-13.578416733995775,-0.24479539255200317,-0.6478980602339759,0.1297399512064381,0.15002800000000005,0.08460600000000001,-0.8218139999999998,-0.027505000000000113,-0.009800000000000031,-0.9007729999999998,0.17753300000000016,0.09440600000000005,0.078959,0.0,0.9810267978318895,single,-0.8218139999999998
135,1.125,step_decsent,-0.03564142565702561,0.07140285611424668,-0.010560422416880688,0.33514247871521163,-0.05583250829158476,0.027471026292063216,-0.21096843873756924,1.0296411856474326,-0.027961118444742694,0.002400096003855899,0.0002400096003842576,0.005040201608062748,0.8778516522115865,-0.2293626251009988,1.051005893047724,-3.1421122710861056,13.075103870760005,-1.3539484864993925,0.24482476917737614,0.6623769631799885,1.8144000087083172,0.1485669999999999,0.09259099999999998,-0.8219590000000001,-0.02718799999999999,-0.010393000000000041,-0.9006430000000001,0.17575499999999988,0.10298400000000002,0.07868399999999998,0.0,0.9906872701093372,single,-0.8219590000000001
136,1.133333,step_decsent,-0.061802472098889706,0.09564382575303006,-0.03600144005759867,0.15889557040893248,0.025106984026840622,0.12082810345872691,-0.15732629305173096,1.091563662546511,-0.009960398415936697,-0.001680067202709788,-0.005160206408251546,-0.004680187207489692,-3.1394511510697627,2.90903271796275,-3.053044238655732,6.437314974899648,7.430994467668192,2.160172810369154,-0.48963917035470106,-0.6480518431100267,-1.1664933175990073,0.14777099999999987,0.10088999999999998,-0.8217420000000001,-0.026687000000000127,-0.011232999999999993,-0.900382,0.174458,0.11212299999999997,0.07863999999999993,0.0,0.988056323351463,single,-0.8217420000000001
137,1.141667,step_decsent,-0.04163666906648603,0.0772738180945492,-0.011159107271432692,0.12365799399104213,-0.06641493581995343,0.01728732110261446,-0.14038876889847426,1.1241900647948098,-0.04679625629949586,0.005039596832265082,0.014158867290617482,0.02627789776818131,2.419702787665409,-2.2042245810512022,2.9808414670225334,2.0323403111658944,3.914855081389305,-4.41994935007906,0.8062951805825316,2.318103395592618,3.7146730232386327,0.14694800000000008,0.10961500000000002,-0.822039,-0.026297999999999933,-0.011758999999999964,-0.9000699999999999,0.173246,0.12137399999999998,0.07803099999999996,0.0,0.949546529403043,single,-0.822039
138,1.15,step_decsent,-0.03600144005759867,0.07464298571943083,-0.015360614424565839,0.20588432741071316,0.021378987578256927,-0.03646100449366867,-0.2625705028201247,1.0579623184927482,-0.17832713308532352,0.00012000480018213638,0.0038401536061414597,-0.0006000240009639748,0.6762545312477395,-0.31571251351474744,-0.5042010264170389,-14.662394566380838,-7.947647462145941,-15.784336587762976,-0.5903746588363122,-1.2382951739440917,-3.2254796314827234,0.14505999999999997,0.117809,-0.823397,-0.025997000000000048,-0.012348999999999999,-0.899947,0.17105700000000001,0.130158,0.07655,0.0,0.9935190000615987,single,-0.823397
139,1.158333,step_decsent,-0.036961478459134715,0.07476299051961764,-0.013920556822273247,0.11074021277103657,-0.028308651884951807,-0.019233856730486276,-0.17676707068280448,1.0835233409336196,-0.17220688827553035,0.0031201248050019273,0.0025201008040313068,0.005880235209410823,-0.11520921655298537,0.014401152068499998,0.17281382482810118,10.29682372942742,3.0674453907201347,0.734458755525389,0.36002880173043783,-0.158412672760126,0.7776622117334314,0.1438950000000001,0.12621500000000002,-0.824716,-0.02566299999999999,-0.01295099999999999,-0.8997820000000001,0.1695580000000001,0.139166,0.07506600000000008,0.0,0.9881369793780956,single,-0.824716
140,1.166667,step_decsent,-0.05663546916247143,0.09023278137749517,-0.04295656347493248,-0.061649361815744465,0.060048357635153295,0.11066137819691861,-0.14098872090234826,1.2049436045116615,-0.14446844252459873,0.0011999040076872693,0.006719462443004746,-0.005519558435324138,-2.360690029198115,1.8562264048329522,-3.484042074953178,4.29305852897251,14.569266088078262,3.328347222334071,-0.2304080630327207,0.5038830860299399,-1.367865808103573,0.14319199999999999,0.135505,-0.8255619999999999,-0.025180999999999898,-0.01364700000000002,-0.89947,0.16837299999999988,0.149152,0.07390800000000008,0.0,0.9853696974976618,single,-0.8255619999999999
141,1.175,step_decsent,-0.038881555262208725,0.0790831633265275,-0.006720268810759033,0.12773783693688268,-0.015476734054384563,-0.01962506143833269,-0.0860434417376508,1.39649585983437,-0.08184327373094971,-0.0028801152046110143,-0.0002400096003842512,0.0022800912036470555,2.1305548902270965,-1.3380076864235544,4.348529300872772,6.593697247653487,22.98719012632967,7.5153208680724735,-0.4896218903513995,-0.8351700520087455,0.9359953964923865,0.14279900000000012,0.14648300000000003,-0.8261879999999999,-0.02488099999999993,-0.014307999999999987,-0.899395,0.16768000000000005,0.16079100000000002,0.07320700000000002,0.0,0.9938646099243231,single,-0.8261879999999999
142,1.183333,step_decsent,-0.03012120484819435,0.07284291371655223,-0.02100084003357924,-0.0025248677048023945,-0.06420537600844524,0.01138668805656114,-0.09612384495380523,1.213488539541594,-0.2024480979239181,-0.0022800912036471162,0.0032401296051841467,0.0032401296051841467,1.0512841010457765,-0.7488599075933428,-1.7137370962222893,-1.209696773809495,-21.961756905409537,-14.473157829469518,0.07200576034608226,0.41763341000461174,0.11520921655311413,0.14224900000000007,0.15598800000000002,-0.8277000000000001,-0.02464899999999992,-0.014888000000000012,-0.8991930000000001,0.166898,0.17087600000000003,0.07149300000000003,0.0,0.9914697115436082,single,-0.8277000000000001
143,1.191667,step_decsent,-0.0593952483801186,0.10127189824814074,-0.029397648188150813,0.0959818199605458,0.037293527326829425,0.014413128140067955,-0.10403167746579609,1.236741060715128,-0.23614110871129768,-0.0008399328053863948,0.0028797696184333834,0.002879769618426723,-3.512604215493644,3.411205247370806,-1.00753637563853,-0.9488639923195099,2.790079334477293,-4.042837867456122,0.17280518337661513,-0.04323973923095279,-0.043239739231751985,0.14187700000000003,0.16545099999999996,-0.829423,-0.0241610000000001,-0.015708,-0.8989240000000001,0.16603800000000013,0.18115899999999996,0.06950100000000003,0.0,0.9930694650623271,single,-0.829423
144,1.2,step_decsent,-0.0349213968558795,0.07620304812192517,-0.016920676827066845,-0.006969804336809594,-0.09133360020349421,0.0017766526237442285,-0.09996399855995336,1.2508100324013094,-0.2517700708028331,-0.0045601824072942325,0.004200168006721177,-0.0028801152046044293,2.9369796620952027,-3.0083823504399136,1.4972964551882975,0.48814099434090513,1.688344136107238,-1.8755504730031871,-0.44644781014135027,0.15845414476032713,-0.6912138273168372,0.141335,0.17523899999999998,-0.83138,-0.02390800000000004,-0.01630799999999999,-0.8988070000000001,0.16524300000000003,0.19154699999999997,0.06742700000000013,0.0,0.9886065639676618,single,-0.83138
145,1.208333,step_decsent,-0.03552142085684253,0.09180367214687948,-0.04188167526702852,0.007484397388074853,-0.04263836635555694,0.009675157016096116,-0.10368414736588993,1.2582503300131744,-0.2680907236289421,-0.009000360014406088,-0.06432257290291936,-0.03780151206048293,-0.07200576034597651,1.8721497689852438,-2.9954396303805635,-0.4464357141409467,0.8928714282809208,-1.9585566814003024,-0.5328426265584757,-8.22305783146998,-4.190735252115432,0.1407670000000001,0.18495899999999998,-0.8332649999999999,-0.023687000000000014,-0.017608999999999986,-0.8987729999999999,0.1644540000000001,0.20256799999999997,0.06550800000000001,0.0,0.8747518665109233,single,-0.8332649999999999
146,1.216667,step_decsent,-0.0374370050395817,0.10295176385889629,-0.042716582673389694,-0.11529837328517786,0.02548015353231252,0.060862890398767834,-0.0896328293736582,1.1643868490521034,-0.3776097912167112,-0.0010799136069025565,0.0017998560115175823,0.0005999520038369739,-0.22985171379160133,1.3376639923226563,-0.10018087429339963,1.6860232772056638,-11.262716697992895,-13.141236811587612,0.9503775386973461,7.934056745192968,4.607807063153423,0.1403319999999999,0.193805,-0.8360559999999999,-0.02338400000000007,-0.018452000000000024,-0.898412,0.16371599999999997,0.21225700000000003,0.06235600000000008,0.0,0.9963616099914793,single,-0.8360559999999999
147,1.225,step_decsent,-0.029041161646474408,0.0926437057482277,-0.03216128645144969,0.0980552492319546,-0.07467951688214741,0.0155511538063658,-0.08964358574343455,1.282251290051573,-0.2986919476779042,0.0,-0.000360014400573046,0.00084003360134821,1.007541508833211,-1.2370164539383672,1.266686214081342,-0.0012908160058020997,14.144298691883778,9.47052004545849,0.12959481662096936,-0.25919481724356064,0.02881094413911339,0.13982699999999992,0.20371799999999995,-0.8382769999999999,-0.023141999999999996,-0.019226999999999994,-0.898137,0.16296899999999992,0.22294499999999995,0.059860000000000024,0.0,0.9984767844502008,single,-0.8382769999999999
148,1.233333,step_decsent,-0.026521060842437147,0.10224408976359381,-0.03468138725548858,0.10690953157039781,-0.009156401035514438,-0.0152700032358679,-0.0876035041401541,1.2764910596423982,-0.30733229329173206,-0.0010800432017191667,0.0019200768030740608,0.006000240009599778,0.3024241934522122,1.1520921655305656,-0.3024241934524083,0.24481958517706362,-0.6912552993129594,-1.036882948977313,-0.12961036862104602,0.27362188931322784,0.6192495389717527,0.13931800000000005,0.21350299999999994,-0.840549,-0.022929999999999895,-0.020062999999999998,-0.897798,0.16224799999999995,0.23356599999999994,0.057248999999999994,0.0,0.9893468746865213,single,-0.840549
149,1.241667,step_decsent,-0.03695704343652179,0.11843052555794968,-0.03983681305495518,-0.13623175215196692,0.0003502242797701527,0.06604881176486736,-0.09191264698824557,1.2742980561555066,-0.3107751379889563,0.012479001679851352,0.011519078473720213,0.02435805135589239,-1.2522177338714382,1.9422169179692523,-0.6186016078073622,-0.5170557773087883,-0.26313936727760223,-0.41310831500170353,1.6269552293701002,1.1517880574329349,2.202761140663844,0.13885999999999998,0.22313600000000006,-0.842807,-0.022518000000000038,-0.020953999999999973,-0.8972629999999999,0.16137800000000002,0.24409000000000003,0.05445599999999995,0.0,0.9505101211900142,single,-0.842807
150,1.25,step_decsent,-0.02628105124204623,0.10716428657146776,-0.05628225129005844,-0.04904482092901313,-0.020011480616683834,0.010035044051725435,-0.08544341773671577,1.260170406816282,-0.329293171726875,-0.02508100324011828,0.006000240009599778,-0.008400336013442354,1.2811703101494853,-1.3520027584881824,-1.9735315294735885,0.7763385637261326,-1.6953857361364144,-2.222252938667813,-4.5073808856318225,-0.6622871071787454,-3.93116373086944,0.1383669999999999,0.232744,-0.8450819999999999,-0.022507999999999972,-0.02179700000000001,-0.8968639999999999,0.16087499999999988,0.254541,0.051781999999999995,0.0,0.9547959795039582,single,-0.8450819999999999
151,1.258333,step_decsent,-0.02448097923918095,0.12732509300371875,-0.04188167526700299,-0.016713324561133946,0.022815436272297474,0.04819060245448396,-0.088443537741509,1.2410896435857504,-0.34009360374415326,-0.03012120484819435,0.007320292811709864,-0.02004080163206219,0.21601728103507706,2.4193935476120454,1.728138248296602,-0.36002880172726004,-2.2897831789909784,-1.296103686220852,-0.6048483869046101,0.1584126727601222,-1.3969117507044213,0.137834,0.242025,-0.847567,-0.02255499999999988,-0.02279700000000001,-0.896682,0.1603889999999999,0.264822,0.04911500000000002,0.008850000000000358,0.9384797368880309,single,-0.847567
152,1.266667,step_decsent,-0.017638588912874502,0.1238300935925156,-0.06551475881928621,-0.054728098762505305,0.035952244547428965,0.060805265884753934,-0.09551235901128063,1.2258219342452514,-0.3674106071514262,-0.017638588912901144,-0.0040796736261072995,-0.03707703383729318,0.8210211574641703,-0.4193663800339725,-2.83574316682062,-0.8481906971168208,-1.831978562574851,-3.2777781866177986,1.4977940887080767,-1.3678865416147201,-2.044184329881313,0.1371849999999999,0.25120899999999996,-0.8500830000000001,-0.022555000000000103,-0.023863000000000023,-0.896445,0.15974,0.275072,0.0463619999999999,0.03638000000000041,0.9312316692335447,single,-0.8500830000000001
153,1.275,step_decsent,-0.02340093603743514,0.13908556342253406,-0.06252250090003582,0.07950250794265362,0.07460108694958617,0.11819857654893588,-0.08364334573382384,1.2001680067202842,-0.3824552982119314,-0.007200288011514404,-0.0004800192007685152,-0.011280451218053445,-0.6915093153198956,1.8307296087865839,0.3590853137225997,1.4243385668375015,-3.0785944467739634,-1.8054351446664285,1.252646214014981,0.431975810073061,3.0957137428585106,0.1366829999999999,0.26005100000000003,-0.8527490000000001,-0.022420000000000107,-0.025025999999999993,-0.8960180000000001,0.159103,0.285077,0.043269,0.06730999999999998,0.9776814012807487,single,-0.8527490000000001
154,1.283333,step_decsent,0.003960158406330152,0.08724348973959203,-0.027841113644546493,0.03512302054070928,0.03728240603453952,0.10048855450814287,-0.09108364334572673,1.1827673106924042,-0.4044161766470569,-0.000720028801146092,-0.0002400096003842512,-0.002760110404415558,3.283462671758648,-6.221297693860689,4.161932947976565,-0.8928714282854624,-2.0881670500275744,-2.6354108286481606,0.7776622117326532,0.028802304138276707,1.022481796908405,0.13589099999999998,0.26918,-0.8558870000000001,-0.022459000000000007,-0.025755000000000028,-0.8958090000000001,0.15835,0.294935,0.03992200000000001,0.10077999999999987,0.9952290649858523,single,-0.8558870000000001
155,1.291667,step_decsent,-0.010919126469890206,0.13654907607391337,-0.052675785937135414,-0.1481527215564083,0.06729973505322977,0.14561934527584508,-0.10655147588193147,1.1040316774658254,-0.4247660187185091,0.002639788816890678,0.0005999520038436347,0.0009599232061444868,-1.785371355438042,5.916197064353524,-2.979922281328221,-1.8559914250306009,-9.447520185574781,-2.441785705717851,0.40314586249542045,0.10078732952098654,0.44636832380130975,0.13509400000000005,0.277243,-0.858988,-0.022345999999999977,-0.026887999999999967,-0.895362,0.15744000000000002,0.304131,0.03637400000000002,0.13625999999999983,0.9952128992866269,single,-0.858988
156,1.3,step_decsent,-0.008040321612869085,0.14184567382695257,-0.0750030001200152,0.05900564101191152,0.048790519757031026,0.1957967375327156,-0.10128405136206074,1.1052442097683643,-0.4483379335173349,0.0019200768030740096,-0.0002400096003842512,0.008520340813630924,0.34547040165859483,0.635617155050895,-2.6793728768606027,0.632116227033557,0.14550969669253636,-2.828742925576071,-0.08636889641385526,-0.10079942448432391,0.9072864043545308,0.13431700000000002,0.28527099999999994,-0.862099,-0.022262999999999922,-0.028071999999999986,-0.894666,0.15657999999999994,0.3133429999999999,0.03256700000000001,0.17432999999999987,0.9854378241935557,single,-0.862099
157,1.308333,step_decsent,-0.02604104164165531,0.14448577943117652,-0.08376335053400598,-0.140338202531786,0.24939264579679418,0.1128949868230862,-0.09936397455898938,1.096363854554196,-0.45097803912156703,0.005280211208440344,0.0006000240009573131,0.007920316812673838,-2.1601728103667814,0.316825345520698,-1.051284101042944,0.23041843310589027,-1.0656852531103302,-0.31682534552167724,0.40323225793428114,0.10080806448356798,-0.07200576034526482,0.13370599999999988,0.293203,-0.865159,-0.022002000000000077,-0.02927099999999999,-0.893902,0.15570799999999996,0.322474,0.028742999999999963,0.21256999999999981,0.9841034527141035,single,-0.865159
158,1.316667,step_decsent,-0.033717302615787564,0.15322774178065976,-0.067194624430059,0.04924186414014836,-0.011480709514238121,0.22122291031643276,-0.10139188864890547,1.0592752579793605,-0.44888408927285406,0.00767938564915569,0.002279817614589765,0.01727861771058698,-0.9210776306854087,1.0489515658127158,1.9880880854267886,-0.24333022437197968,-4.450275566934876,0.251253881535032,0.287877902653627,0.20155910890718012,1.1229062752475487,0.13314199999999987,0.300754,-0.8683399999999999,-0.021657000000000037,-0.03052900000000003,-0.8931979999999999,0.1547989999999999,0.33128300000000005,0.024858000000000047,0.2514200000000001,0.9682579335243144,single,-0.8683399999999999
159,1.325,step_decsent,-0.019920796831886717,0.1662066482659285,-0.09156366254648435,0.018301044218398597,0.14999150311042125,0.19498731448935863,-0.10788431537261386,1.014040561622469,-0.43837753510141014,0.006120244809795237,-0.0024000960038359142,0.01344053762149844,1.6556469199449146,1.5575310794754438,-2.9244015500330702,-0.7791223717398841,-5.42838069805495,1.2608369340506436,-0.18710438489865194,-0.5616120986950345,-0.4605880342119976,0.132409,0.307819,-0.8712300000000001,-0.021439999999999904,-0.03193399999999996,-0.8923230000000001,0.1538489999999999,0.33975299999999997,0.02109300000000003,0.2890699999999997,0.9750630846537837,single,-0.8712300000000001
160,1.333333,step_decsent,-0.01152046081841741,0.151806072242889,-0.06480259210368121,-0.11432555763255542,0.11950766747074193,0.09140046656773103,-0.11064442577701322,0.9601584063362409,-0.4285371414856508,0.0043201728069031985,0.0006000240009572972,0.006120244809795074,1.008080644842093,-1.728138248294643,3.211456911412777,-0.3312264975878206,-6.466117279038419,1.1808944696698864,-0.2160172810382824,0.3600288017272481,-0.8784702762154372,0.131583,0.31455500000000003,-0.8742610000000001,-0.021308000000000105,-0.033194,-0.8917320000000001,0.1528910000000001,0.34774900000000003,0.017471000000000014,0.32528999999999986,0.9874743243234974,single,-0.8742610000000001
161,1.341667,step_decsent,-0.02759779217662069,0.16798656107511867,-0.08627309815216581,-0.14631841827926306,0.08153146505282939,0.22023882741872497,-0.10847132229422043,0.9200863930885714,-0.3956083513319003,0.005399568034566068,-0.002399808015361217,-0.002039836813053704,-1.9291254329497942,1.9415033396004289,-2.5762546254481657,0.2607515578105146,-4.8082569291661,3.951138727351947,0.1295170659542705,-0.3599510458745586,-0.9791314642247342,0.13090899999999994,0.320823,-0.8768389999999999,-0.02103300000000008,-0.034614000000000034,-0.89103,0.15194200000000002,0.35543700000000006,0.014191000000000065,0.3580899999999999,0.9895816204482457,single,-0.8768389999999999
162,1.35,step_decsent,-0.01572062882516512,0.17928717148685577,-0.09456378255130171,-0.10678900281434596,0.2247818275865238,0.15329631348079395,-0.1054842193687818,0.8858754350173852,-0.3805352214088539,0.0024000960038291887,-0.004920196807867157,-0.008760350414015176,1.4253166148392369,1.3561274945082091,-0.9949219247732812,0.3584666897202186,-4.105479187709785,1.8088479446833279,-0.35995104173008846,-0.30245875345084555,-0.8064938918710374,0.13016099999999997,0.32671100000000003,-0.879222,-0.020882000000000067,-0.03614899999999999,-0.890315,0.15104300000000004,0.36286,0.01109300000000002,0.38907000000000036,0.9827830399482824,single,-0.879222
163,1.358333,step_decsent,-0.02844113764551121,0.17760710428417076,-0.09672386895474255,-0.22042680306522985,0.10240469854540923,0.18552461524763092,-0.10692427697107684,0.8606744269770817,-0.3784951398055945,0.0022800912036471162,-0.0032401296051841467,-0.0032401296051841467,-1.5265221193263177,-0.20161612896736233,-0.2592207372423931,-0.17281382482839971,-3.0242419345138223,0.2448195851745322,-0.014401152067931544,0.20161612896712175,0.6624529951795367,0.12950700000000004,0.332403,-0.8815700000000001,-0.020626000000000033,-0.03765599999999997,-0.8895360000000001,0.15013300000000007,0.37005899999999997,0.007966000000000029,0.42034000000000027,0.9914697115436082,single,-0.8815700000000001
164,1.366667,step_decsent,-0.03383729301654563,0.18574514038876674,-0.09143268538518666,-0.1307490977030222,0.16726513474042679,0.21158116699338642,-0.10823134149267477,0.8314134869210356,-0.33285337173025886,-0.0031197504199495167,-0.005999520038402883,-0.009239260859130448,-0.6474868455764795,0.9764862136544185,0.6348912370477385,-0.1568351957760881,-3.511031924171581,5.476574043116788,-0.6479291604987512,-0.3311003639571292,-0.719838163420477,0.12888699999999997,0.337784,-0.8835819999999999,-0.02037,-0.03925400000000001,-0.8888509999999998,0.14925699999999997,0.377038,0.005268999999999968,0.4473100000000003,0.9809175018671098,single,-0.8835819999999999
165,1.375,step_decsent,-0.004920196807893935,0.19896795871834969,-0.11208448337933505,-0.06429205732460416,0.13782164411886172,0.23129705994432986,-0.1016440657626365,0.7887915516620798,-0.32737309492380096,-0.005640225609040045,-0.0055202208088312625,-0.003360134405379606,3.470190352652341,1.5868016716168323,-2.478314891893505,0.7905047077929113,-5.1148368245477185,0.657659523155881,-0.30246912145572447,0.05751820827692603,0.705523395385923,0.1280810000000001,0.34269900000000003,-0.8853759999999999,-0.02037599999999995,-0.040957999999999994,-0.887945,0.14845700000000006,0.383657,0.0025690000000000435,0.4743100000000001,0.9857039743361484,single,-0.8853759999999999
166,1.383333,step_decsent,-0.03660146405856264,0.2005280211208507,-0.10140405616224557,-0.15699239962244338,0.0478725655465264,0.21916555732613113,-0.09180367214687528,0.7613104524181057,-0.2647305892235697,-0.006720268810732566,-0.009960398415936697,-0.003480139205568404,-3.8019041462461294,0.18721497689919836,1.281702534152115,1.1808944696701442,-3.2978638238298785,7.517401380083025,-0.12961036861784836,-0.5328426265577193,-0.014401152068738638,0.1276210000000002,0.347372,-0.8867369999999999,-0.020126999999999784,-0.04271200000000003,-0.887129,0.147748,0.39008400000000004,0.00039200000000005897,0.49607999999999997,0.9791511445569392,single,-0.8867369999999999
167,1.391667,step_decsent,-0.024118070554342952,0.204343652507799,-0.10703143748498753,-0.03932228502636777,0.14724259396221445,0.22579035958821014,-0.08963282937365581,0.7171826253899646,-0.24874010079193373,-0.00767938564915569,-0.009959203263738794,-0.0019198464122889224,1.49788738951519,0.45783913930265074,-0.6752317401898147,0.260480294362785,-5.294915650124882,1.918705115387068,-0.11508481382566792,0.00014340679120500974,0.18722015758092989,0.12707500000000005,0.351646,-0.887918,-0.019989999999999952,-0.04449800000000004,-0.8862530000000001,0.147065,0.39614400000000005,0.0016649999999999165,0.5,0.9621469797851228,single,-0.8862530000000001
168,1.4,step_decsent,-0.12456498259931643,0.3357734309372366,-0.07452298091923537,0.6420811972595614,0.009837258531827127,0.4130439645666583,-0.07596303852155424,0.688707548301931,-0.21444857794311764,-0.003960158406330258,-0.0037201488059526618,0.0007200288011527728,-12.054111609861323,15.772204299704644,3.9011708347236835,1.6404405198729983,-3.417145936401512,4.115147347751878,0.44632512214394165,0.7487164835936865,0.31679769752090714,0.12748000000000004,0.354587,-0.889084,-0.018984999999999808,-0.04732700000000001,-0.885626,0.14646499999999985,0.401914,0.003457999999999961,0.5,0.9562850848060638,single,-0.885626
169,1.408333,step_decsent,-0.007080283211305433,0.22680907236289088,-0.1197647905916281,-0.1492122538332264,0.06634256885112279,0.19676473933865982,-0.0727229089163415,0.6464658586343377,-0.19848793951758253,-0.007320292811722992,0.0018000720028852146,0.0022800912036470555,14.098727875676099,-13.076246078764408,-5.429234330060235,0.3888311058697562,-5.069205528332246,1.915353225193187,-0.4032322579374385,0.6624529951803407,0.1872149768983866,0.12693299999999996,0.358084,-0.88974,-0.018987000000000087,-0.04920199999999997,-0.884609,0.14592000000000005,0.407286,0.005130999999999997,0.5,0.9355639273494525,single,-0.884609
170,1.416667,step_decsent,0.005279577633781356,0.23122150227982347,-0.12970962323015722,-0.17303140513684634,0.06781082903935738,0.2865399008158994,-0.07127429805615487,0.6147108231341596,-0.2005039596832265,-0.005399568034566068,0.002759779217662069,0.005399568034559408,1.483064656237944,0.5294492340931923,-1.1932844538672076,0.17381939767058566,-3.8102994360665603,-0.24190306763187142,0.23046853577597312,0.11515565332095902,0.3743072751274792,0.12629500000000005,0.36128,-0.8903299999999998,-0.019076000000000093,-0.051105999999999985,-0.8834829999999999,0.14537100000000014,0.412386,0.0068469999999999365,0.5,0.9179974208697448,single,-0.8834829999999999
171,1.425,step_decsent,0.0033601344053661936,0.18540741629665086,-0.11904476179045535,-0.34310180430718634,0.06390043600693786,0.3532476624807135,-0.059762390495631916,0.576383055322203,-0.1846873874954981,-0.005400216008622337,0.0009600384015303431,0.006720268810752372,-0.2303424011058597,-5.497910234389992,1.2798345661468478,1.3814841666293958,-4.599516118079431,1.8980645851107814,-7.77599971520755e-05,-0.2159775370372848,0.15849043276046335,0.12576900000000002,0.364538,-0.890877,-0.01914899999999986,-0.05264300000000005,-0.8824350000000001,0.14491799999999988,0.417181,0.00844199999999995,0.5,0.9011225894087951,single,-0.8824350000000001
172,1.433333,step_decsent,-0.01704068162724898,0.22140885635425445,-0.1654866194647824,-0.3157817032685591,-0.02797865739966863,0.3003032824984211,-0.04644185767429722,0.5435017400696084,-0.16668666746669702,-0.004680187207503015,0.0004800192007685152,0.006240249609984035,-2.448195851747913,4.320345620737299,-5.573245850753327,1.5985278796753652,-3.9459156669380695,2.160172810368563,0.08640691241081577,-0.05760460827575091,-0.057604608276532,0.12552399999999997,0.367222,-0.890887,-0.01904600000000012,-0.05448400000000003,-0.881004,0.1445700000000001,0.421706,0.009882999999999975,0.5,0.8881448868713289,single,-0.881004
173,1.441667,step_decsent,-0.005999520038409543,0.23506119510438847,-0.14758819294457104,0.020460673065189616,0.16337176407217585,0.23297093484045367,-0.045476361891063875,0.5052795776337812,-0.18910487161027237,-0.0026397888168906074,-0.0009599232061378004,0.004319654427650075,1.324833403988403,1.6381495980482266,2.1476393712756456,0.11585022596992268,-4.586292588892119,-2.6899692996850457,0.24482822061583784,-0.17277926648743755,-0.23045298564122216,0.12519499999999995,0.36947399999999997,-0.8912329999999999,-0.01901799999999998,-0.05645099999999997,-0.8797379999999999,0.14421299999999992,0.42592499999999994,0.011495000000000033,0.5,0.8764623227927419,single,-0.8797379999999999
174,1.45,step_decsent,0.00012000480018213638,0.2187687507500343,-0.1168846753870202,-0.11817087814925425,0.0436844236820061,0.3557703026494721,-0.033961358454315825,0.46969878795153247,-0.1526461058442346,-0.005400216008649127,-0.003000120004799889,0.0064802592103682935,0.7343723555252293,-1.9551715293836942,3.684569489685722,1.3818556866372442,-4.269865556492143,4.3752269010006115,-0.331264513591569,-0.2448334091758199,0.2592829452439983,0.12491100000000022,0.37156500000000003,-0.8915309999999999,-0.01906399999999997,-0.05829899999999999,-0.8787099999999999,0.1439750000000002,0.429864,0.012820999999999971,0.5,0.8568682771682024,single,-0.8787099999999999
175,1.458333,step_decsent,-0.009120364814588222,0.23964958598343167,-0.15732629305170012,-0.1874010978498531,0.0013661809109831683,0.218457487418152,-0.024480979239180297,0.4242169686787343,-0.16728669146765654,-0.0032401296051840604,-0.0013200528021167124,0.0056402256090199105,-1.1088887093207964,2.505800460026042,-4.853188247291397,1.1376910134567817,-5.458036634201051,-1.7569405524326989,0.2592207372452932,0.20161612896713635,-0.10080806448438356,0.12478300000000009,0.373103,-0.8916140000000001,-0.019015000000000004,-0.060307,-0.8773520000000001,0.1437980000000001,0.43341,0.014261999999999997,0.5,0.8463179120692679,single,-0.8773520000000001
176,1.466667,step_decsent,-0.010079193664503789,0.23506119510439474,-0.16102711783057114,-0.1737291193751694,0.052932165220712576,0.26291509782364475,-0.01859851211901946,0.390448764098877,-0.19750419966402832,-0.004799616030695791,-0.003719702423806556,0.0045596352291863125,-0.11505025796923267,-0.550562860455605,-0.44406344838865913,0.7058395872523339,-4.0518604007508925,-3.6258109186911875,-0.18712340118931609,-0.28793491980920194,-0.12966047274221484,0.12471200000000016,0.374398,-0.8919180000000001,-0.01897099999999985,-0.06229699999999999,-0.8759720000000001,0.143683,0.436695,0.015946000000000016,0.5,0.8278839986142912,single,-0.8759720000000001
177,1.475,step_decsent,0.0016800672026830968,0.24168966758670113,-0.16620664826595072,-0.2592678378197945,-0.023420064476559078,0.29333760412613186,-0.005880235209430808,0.3453738149525977,-0.18600744029760816,-0.006480259210368121,-0.006000240009599618,0.003960158406330152,1.4111677507724325,0.7954485158173851,-0.6215685149861383,1.5262542793217844,-5.4092102659640595,1.3796663106228209,-0.2016852489706349,-0.2736754573134553,-0.07194009634659188,0.12464900000000001,0.37526200000000004,-0.892083,-0.019038999999999806,-0.064361,-0.8745539999999999,0.14368799999999982,0.43962300000000004,0.017529000000000017,0.5,0.8085786387044105,single,-0.8745539999999999
178,1.483333,step_decsent,0.0019200768030740608,0.24720988839553884,-0.18156726269049434,-0.12683490732937322,-0.08307274211271057,0.22815696246653994,-0.003360134405366283,0.30709228369134783,-0.21828873154926579,-0.010200408016334279,-0.0006000240009573131,0.004080163206532379,0.0288023041390815,0.6624529951803386,-1.8433474648438446,0.302424193455484,-4.5939675100504305,-3.8739099065952147,-0.44643571414450883,0.648051843110807,0.014401152070350226,0.12460500000000008,0.375761,-0.8923890000000001,-0.019139999999999935,-0.06642599999999999,-0.8730070000000001,0.143745,0.442187,0.01938200000000001,0.5,0.7878424183487871,single,-0.8730070000000001
179,1.491667,step_decsent,0.008519318454542084,0.2711783057355372,-0.18754499640028427,-0.10820477660464377,0.035010844305652995,0.2726194972139573,0.0014398848092033701,0.2744180465562781,-0.2467002639788801,-0.00863930885530015,0.0027597792176619956,-0.000839932805379734,0.7918456505241148,2.8759800023995887,-0.7172706635217049,0.575956229250014,-3.9205948086236475,-3.409111162660678,0.18731691397097633,0.40314413470353766,-0.5903642922860662,0.12454599999999982,0.37578800000000007,-0.8928820000000001,-0.01928300000000016,-0.06866299999999997,-0.8714510000000001,0.14382899999999998,0.44445100000000004,0.021430999999999978,0.5,0.7705096466567751,single,-0.8714510000000001
180,1.5,step_decsent,0.021240849633970157,0.26689067562702795,-0.17004680187207663,-0.13351815081596893,-0.13358496348419846,0.30462160631730806,0.018960758430349688,0.23436937477499103,-0.2517700708028331,-0.009000360014379682,0.005160206408258207,0.0021600864034583183,1.5266448073236756,-0.5145361944688928,2.099867338078459,2.102588938095101,-4.806032855068695,-0.6084011549205622,-0.043327872204432405,0.28806278538296337,0.36001670572879874,0.12452700000000005,0.37551700000000005,-0.8935630000000001,-0.019534999999999858,-0.07084399999999996,-0.8700160000000001,0.1440619999999999,0.446361,0.023546999999999985,0.5,0.746868036488082,single,-0.8700160000000001
181,1.508333,step_decsent,0.012360494419772612,0.279011160446423,-0.19128765150607344,-0.004215240618160222,-0.005669244535689939,0.2136197675378645,0.01188047521901742,0.20220808832352719,-0.2908916356654271,-0.025081003240144926,-0.0014400576023055455,0.0055202208088312625,-1.0656852531138397,1.4545163589817771,-2.5490039162362894,-0.849667972078763,-3.859508754525878,-4.694775574534304,-1.9297543772669379,-0.7920633638022097,0.4032322579350744,0.12452300000000016,0.37487699999999996,-0.894393,-0.019846999999999948,-0.073181,-0.868376,0.1443700000000001,0.44805799999999996,0.026016999999999957,0.5,0.6969605817624822,single,-0.868376
182,1.516667,step_decsent,0.0008399328053863948,0.2930165586753037,-0.20182385409166648,-0.05198224313180953,0.0437118826373061,0.2745665471033727,0.026997840172776337,0.16318694504439854,-0.3029757619390425,-0.011399088072948824,-0.010679145668347139,-0.004919606431480372,-1.382356805181921,1.6805133463979587,-1.26424317081749,1.8139386793567076,-4.682162620485763,-1.4499791545014813,1.6416984841847848,-1.108601879774601,-1.2526790545130255,0.12474099999999999,0.373795,-0.8952359999999999,-0.019948999999999995,-0.075712,-0.866735,0.14468999999999999,0.449507,0.028500999999999888,0.5,0.6876960299424293,single,-0.866735
183,1.525,step_decsent,0.01044041761669855,0.28489139565582733,-0.19632785311412285,0.03554438191785028,0.013106746787319651,0.33381178557228125,0.013560542421700562,0.144005760230408,-0.3332533301332119,-0.008280331213260217,-0.0008400336013415707,-0.0037201488059526618,1.1521042615279304,-0.9750585646797588,0.6595464991652082,-1.6125402317383772,-2.301834251048927,-3.6334535214412162,0.37426579379438807,1.1807406776677858,0.1439406726902342,0.12476700000000007,0.372621,-0.896377,-0.02010500000000004,-0.07809299999999997,-0.86513,0.1448720000000001,0.45071399999999995,0.031247000000000025,0.5,0.6723359726106396,single,-0.86513
184,1.533333,step_decsent,0.005400216008648983,0.31333253330133015,-0.21120844833792787,0.0763866626734477,0.07572492948387827,0.26228817926022496,0.029041161646474408,0.11256450258010056,-0.34237369494779124,-0.0037201488059392393,0.00864034561381972,-0.0003600144005797076,-0.6048483869014136,3.4130730403818945,-1.7857428565708349,1.8577486169175057,-3.773101842110512,-1.0944875572517918,0.5472437786296529,1.1376910134598732,0.40323225793506484,0.12496400000000008,0.37094799999999994,-0.89747,-0.020181000000000004,-0.08063200000000004,-0.8633730000000001,0.14514500000000008,0.45158,0.03409699999999993,0.5,0.6433398854694705,single,-0.8633730000000001
185,1.541667,step_decsent,0.011639068874491912,0.3060955123590135,-0.2074634029277807,0.18000531527090066,0.04845247315307514,0.2598356613358508,0.021598272138210986,0.08327333813296096,-0.3626109911207202,0.0009599232061444868,0.011999040076792764,0.008159347252221477,0.7486024557047093,-0.868373043234556,0.4493694996576962,-0.8930752949680302,-3.5146585609719407,-2.428281278249262,0.5615637163527496,0.40301109466919943,1.022241619006641,0.1250469999999999,0.36909100000000006,-0.898763,-0.02027000000000001,-0.08308300000000002,-0.8615759999999999,0.14531699999999992,0.4521740000000001,0.03718700000000008,0.5,0.6038931270977628,single,-0.8615759999999999
186,1.55,step_decsent,0.0340813632545237,0.31741269650785575,-0.2149285971438671,-0.11791410429520831,0.07105081886248531,0.19297386843226755,0.022680907236288423,0.06072242889714227,-0.37081483259329506,0.0028801152046110143,-0.005160206408251408,0.004680187207489568,2.693183052925884,1.3581164225179472,-0.895859140295965,0.1299214086256352,-2.7062173569924752,-0.9845003567232347,0.23043225710626353,-2.0591919458830996,-0.41751590600406197,0.12495199999999995,0.36695199999999994,-0.9000620000000001,-0.020529999999999937,-0.08577099999999999,-0.8597460000000001,0.1454819999999999,0.45272299999999993,0.04031600000000002,0.5,0.5842760584227077,single,-0.8597460000000001
187,1.558333,step_decsent,0.046681867274688135,0.32449297971918983,-0.23256930277211244,0.1449942653115566,0.12393870648196662,0.15844984490170086,0.013320532821309641,0.03816152646106365,-0.400336013440542,0.0022800912036471162,-0.017040681627268964,0.011760470418815299,1.5121209672584368,0.8496679720789807,-2.1169693541636248,-1.1232898613919198,-2.7074165889930195,-3.542683409006023,-0.07200576034608226,-1.4257140548443135,0.8496679720779786,0.12467399999999995,0.364566,-0.9014600000000002,-0.02089999999999992,-0.088617,-0.8577100000000001,0.14557399999999987,0.453183,0.04375000000000007,0.5,0.5277831968841407,single,-0.8577100000000001
188,1.566667,step_decsent,0.04055675545955686,0.32169426445883953,-0.2252219822414344,-0.017963845958331243,0.14390269559679936,0.21779912197485826,0.008759299256058218,0.007559395248384302,-0.42524598032157,-0.00311975041997616,-0.0355171586273051,0.0077993760499137565,-0.734954621446032,-0.33581896572477593,0.8816079350465552,-0.5473042434906874,-3.6719619885624084,-2.9889569091706076,-0.647929160501948,-2.2169998800139177,-0.47529330080411714,0.12440899999999999,0.36194800000000005,-0.903127,-0.02126399999999995,-0.09159399999999995,-0.855768,0.14567299999999994,0.453542,0.04735900000000004,0.5,0.4655816516561184,flight,-0.855768
189,1.575,step_decsent,0.027841113644547232,0.3012120484819435,-0.2233289331573152,0.09876965942175206,0.15294603859712974,0.3899881632432704,0.003480139205575066,-0.002640105604233495,-0.4468978759150413,-0.004080163206512394,-0.017280691227653223,0.034681387255495244,-1.525938055323382,-2.4579642357969784,0.2271749770933888,-0.6335245470398656,-1.2239890618766218,-2.5983314044727592,-0.1152541445501312,2.188463626503305,3.2259703834851474,0.12420600000000004,0.35941599999999996,-0.9049900000000001,-0.021529999999999827,-0.094248,-0.853618,0.14573599999999987,0.45366399999999996,0.051372000000000084,0.5,0.43506266603993216,flight,-0.853618
190,1.583333,step_decsent,0.06828273130925618,0.303012120484814,-0.24276971078844026,-0.16162317896543424,0.0034957558845531192,0.19000691596446384,-0.003480139205574973,-0.019080763230517994,-0.4540981639265503,-0.007320292811722992,-0.0078003120124781715,0.05604224168966603,4.85318824729488,0.21601728103570042,-2.3329866352003745,-0.8352668200107904,-1.9729578334674442,-0.8640691241460259,-0.38883110586949965,1.1376910134615248,2.5634050683031817,0.12360799999999994,0.35673200000000005,-0.906751,-0.022159999999999958,-0.09683799999999998,-0.8511279999999999,0.1457679999999999,0.45357000000000003,0.05562300000000009,0.5,0.40490991978444396,flight,-0.8511279999999999
191,1.591667,step_decsent,0.07391408687304556,0.3020158387329061,-0.2619390448764204,0.3498931434589212,0.19264405874175558,0.31803041199095344,-0.010439164866804641,-0.029757619390452447,-0.47204223662107847,-0.007559395248371181,0.012359011279093616,0.07127429805615487,0.6757086109658613,-0.11954424668921665,-2.300136079671286,-0.8350162780453324,-1.281120249572193,-2.1531164740255018,-0.02868999719800745,2.418925280966183,1.8277005479348607,0.12290500000000004,0.35396700000000003,-0.9085019999999999,-0.02283899999999983,-0.099252,-0.8483509999999999,0.14574399999999987,0.45321900000000004,0.060151000000000066,0.5,0.37878032819487195,flight,-0.8483509999999999
192,1.6,step_decsent,0.07896315852634536,0.3067322692907666,-0.26401056042240983,-0.006365233463486802,-0.08958085762763035,0.383673333400874,-0.018840753630140403,-0.03300132005280456,-0.47137885515419636,-0.00528021120846685,0.03696147845914138,0.08736349453978083,0.6059128349093624,0.5659943067155155,-0.24859180919109658,-1.0082309808395074,-0.38925964986824146,0.07960896038426682,0.27351302530952737,2.9524141581720067,1.9307808092674519,0.12209000000000003,0.351136,-0.9102299999999999,-0.023541000000000034,-0.10149999999999998,-0.8454229999999999,0.14563100000000007,0.452636,0.06480699999999995,0.5,0.3416542838307593,flight,-0.8454229999999999
193,1.608333,step_decsent,0.09888395535820754,0.3193327733109383,-0.29041161646464525,0.044436142497577,0.0768929268699679,0.2202863950697851,-0.039001560062391895,-0.05496219848793503,-0.5082203288131558,-0.002880115204611091,0.056522260890436035,0.10428417136685666,2.3905912434732226,1.5121209672593094,-3.168253455206487,-2.419393547612106,-2.6354108286488263,-4.421153685222584,0.28802304138434903,2.347387787266871,2.0305624417467887,0.12094100000000019,0.348017,-0.912045,-0.024388999999999994,-0.10369,-0.842134,0.14533000000000018,0.451707,0.06991099999999995,0.5,0.3022470014454741,flight,-0.842134
194,1.616667,step_decsent,0.10295176385889356,0.3044156467482592,-0.3131749460043174,-0.05013583507151587,0.014328650810445568,0.3632138139789252,-0.04859611231101339,-0.04007679385649795,-0.5008399328053731,0.0004799616030855522,0.06347492200623922,0.10583153347732027,0.4880979722445382,-1.7899119945619102,-2.7313810342778937,-1.1512541695010108,1.7861056673190505,0.8855766747999368,0.4031769627665728,0.8342525936888807,0.18566859976765002,0.11967800000000017,0.34514599999999995,-0.9136090000000001,-0.025242999999999904,-0.10569800000000001,-0.8386420000000001,0.14492100000000008,0.45084399999999997,0.074967,0.5,0.29431949286845827,flight,-0.8386420000000001
195,1.625,step_decsent,0.08652346093843492,0.321852874114963,-0.33829353174128796,-0.011592778946973158,-0.05993831219317961,0.2659726510609587,-0.06636265450618394,-0.022200888035520512,-0.5310212408496403,0.012960518420736587,0.06588263530541542,0.12132485299411896,-1.9714752094634325,2.092550986043914,-3.0143508624709945,-2.132070346234334,2.145194506297564,-3.6219018413857547,1.4977267271872252,0.28893715338728254,1.8592727129243771,0.11840400000000018,0.342279,-0.9152149999999999,-0.02585599999999988,-0.10783099999999995,-0.8348119999999999,0.14426000000000005,0.45010999999999995,0.080403,0.5,0.26889025799077615,flight,-0.8348119999999999
196,1.633333,step_decsent,0.13548541941679684,0.3614544581783322,-0.3507740309612427,0.15247573576651557,0.07534207777794587,0.2905429138011246,-0.07980319212770236,0.005880235209404319,-0.5665426617064705,0.01188047521901742,0.05544221768870355,0.12600504020160866,5.875670044205252,4.752380182811662,-1.4977198151871918,-1.6129290317434952,3.3698695841743773,-4.26274101246016,-0.12961036862104602,-1.2529002300146372,0.5616449306959963,0.11660999999999988,0.33931599999999995,-0.9170129999999999,-0.026885999999999965,-0.110381,-0.8308389999999999,0.14349599999999985,0.44969699999999996,0.08617399999999997,0.5,0.26970878731797776,flight,-0.8308389999999999
197,1.641667,step_decsent,0.09803215742738654,0.3383729301655829,-0.3662107031437256,0.20776202819967052,0.1425232131161302,0.2989544613896584,-0.11963042956562359,0.001679865610759468,-0.5916726661867028,0.02063834893206595,0.0430765538756894,0.13702903767698862,-4.494031916175908,-2.7695617965861703,-1.8522524816993982,-4.778886181655978,-0.5040040315148571,-3.01535930888314,1.0508607767036793,-1.4837609566851517,1.3227738751355749,0.11479600000000012,0.33651000000000003,-0.918892,-0.027530999999999972,-0.112842,-0.8266450000000001,0.1423270000000001,0.44935200000000003,0.09224699999999997,0.5,0.25814094952311784,flight,-0.8266450000000001
198,1.65,step_decsent,0.10716428657146776,0.33013320532821655,-0.3682947317892735,0.07389703198268954,0.2516218653187608,0.2919623276821898,-0.12708508340332783,-0.008160326413064758,-0.5684627385095445,0.005760230409222182,0.041401656066247794,0.15096603864154481,1.095899333263087,-0.9888065327452804,-0.25009344120339944,-0.8945942442942894,-1.1808702776700248,2.785302733368349,-1.785445640566891,-0.2009957769640731,1.6725070160273992,0.11284400000000017,0.33369099999999996,-0.92056,-0.028375999999999957,-0.11524799999999996,-0.8223180000000001,0.14122000000000012,0.4489389999999999,0.09824199999999994,0.5,0.23892305198511765,flight,-0.8223180000000001
199,1.658333,step_decsent,0.13464538581543833,0.3709348373934905,-0.4131765270610854,0.10682688900636934,0.37891407011971145,0.24264924333908047,-0.12576503060124103,0.06444257770310816,-0.5640225609024241,-0.004560182407294111,0.03828153126124476,0.17172686907476187,3.2978638238293643,4.8963917035009255,-5.386030873852282,0.15841267275732374,8.71269700182067,0.5328426265595076,-1.2384990779450513,-0.37442995379850913,2.491399307958321,0.11067399999999994,0.33113699999999996,-0.921817,-0.029536000000000007,-0.11802000000000001,-0.8174440000000001,0.14020999999999995,0.449157,0.10437299999999994,0.5,0.20666482736602282,flight,-0.8174440000000001
200,1.666667,step_decsent,0.09587233021358403,0.35805135589153386,-0.38132949364053104,0.06121820794787534,0.3025624051223246,0.442935036847188,-0.12323014158866194,-0.025677945764331717,-0.6199904007679543,-0.03623710103192107,0.05855531557475375,0.19210463162946892,-4.652394480664151,-1.545894108706127,3.821338303402321,0.3041623485216147,-10.813597728274729,-6.715603535580908,-3.8009261608624385,2.4326595048607356,2.4451358956932374,0.10884800000000006,0.32793900000000004,-0.9238059999999999,-0.030637000000000025,-0.12051600000000001,-0.812665,0.13948500000000008,0.44845500000000005,0.11114099999999993,0.5,0.1598773016871109,flight,-0.812665
201,1.675,step_decsent,0.11220448817951419,0.3561742469698757,-0.5360614424576888,-0.29766061045918624,-0.26939833931134477,0.39489154671555515,-0.12948517940718027,-0.024000960038398474,-0.6777871114844459,-0.05268210728429983,0.07800312012480835,0.18996759870394497,1.9599373534057205,-0.22526208108221793,-18.568576601122654,-0.7506345636047304,0.20124633696546426,-6.935882721287724,-1.9734796894729958,2.3338298992024797,-0.2564542092312383,0.1068340000000001,0.32477100000000003,-0.9249869999999999,-0.03201100000000001,-0.122834,-0.8066149999999999,0.1388450000000001,0.44760500000000003,0.11837200000000003,0.5,0.14665259566357974,flight,-0.8066149999999999
202,1.683333,step_decsent,0.1300852034081477,0.3690147605904263,-0.3216128645145588,0.5724460289114861,1.3253811549624623,0.4194087388826319,-0.13056522260890288,-0.03168126725069535,-0.706348253930164,-0.0441617664706501,0.08340333613344623,0.18636745469819282,2.1457716583023725,1.540923271396943,25.73485874752574,-0.12961036862145967,-0.9216737324249309,-3.4274741924538965,1.0224817969098536,0.6480518431102761,-0.43203456207274465,0.10466200000000003,0.321432,-0.928193,-0.03346300000000002,-0.125214,-0.8023820000000002,0.13812500000000005,0.446646,0.1258109999999999,0.5,0.15183334822610606,flight,-0.8023820000000002
203,1.691667,step_decsent,0.10667146628268669,0.3623710103191744,-0.4601631869450448,0.13165673249502577,0.5066353451335422,0.4933973859306222,-0.12227021838254085,-0.03095752339812557,-0.7240220782337339,-0.10055195584351907,0.10367170626349524,0.20062395008399256,-2.8094237011592065,-0.7971862576496116,-16.624708714961002,0.9953208814929172,0.0868423149231792,-2.120689261287468,-6.766281422230446,2.432009854817477,1.710642594888364,0.10275400000000001,0.318154,-0.9303920000000001,-0.03518999999999983,-0.12737000000000004,-0.796875,0.13794399999999984,0.44552400000000003,0.1335170000000001,0.5,0.08799781604258122,flight,-0.796875
204,1.7,step_decsent,0.12240489619585146,0.4227769110764467,-0.5029401176047155,0.03697998881245174,0.39632691785097557,0.35217380884779215,-0.12132485299410564,-0.004920196807880611,-0.7219488779551274,-0.061442457698316646,0.08424336973479447,0.17748709948398195,1.8880871130643126,7.248998050794776,-5.13343701664119,0.11344838454760744,3.1246041749964237,0.24879398519218618,4.693327510524755,-2.331493643189841,-2.7765331333266317,0.10072300000000012,0.3145899999999999,-0.9322170000000001,-0.03672199999999992,-0.130191,-0.7912049999999999,0.13744500000000004,0.4447809999999999,0.14101200000000014,0.5,0.15691841173012983,flight,-0.7912049999999999
205,1.708333,step_decsent,0.11388455538222393,0.40621624864993544,-0.4999399975999089,-0.39204879419500643,0.33594161702685804,0.40770080279642673,-0.0919236769470816,0.017520700828043675,-0.7268690747629786,-0.09036361454458064,0.09696387855513755,0.18312732509299715,-1.0224817969071618,-1.9873589855407399,0.36002880172884755,3.5282822569331,2.6930154369283446,-0.5904472348315224,-3.470677648657565,1.5265221193259155,0.6768541472477019,0.09900799999999998,0.31135100000000004,-0.9341079999999999,-0.038424000000000014,-0.132768,-0.7855129999999999,0.137432,0.44411900000000004,0.14859500000000003,0.5,0.12323307464939554,flight,-0.7855129999999999
206,1.716667,step_decsent,0.0896328293736582,0.3982481401487976,-0.5031197504199629,0.12994979343347476,0.7693952237943263,0.7064416855929715,-0.09227261819054887,0.04055675545955794,-0.7182625389968929,-0.06767458603311971,0.08855291576674232,0.1618670506359509,-2.9099743230820967,-0.9560965324139643,-0.3815398152212701,-0.04186959964810082,2.7641054273475767,1.0327016757962424,2.7224656241254332,-1.009234795823781,-2.5510288525373963,0.09749199999999991,0.30837,-0.935901,-0.039735000000000076,-0.135349,-0.779971,0.137227,0.443719,0.15593,0.5,0.17245691306703476,flight,-0.779971
207,1.725,step_decsent,0.12780511220447052,0.44125765030600284,-0.5501020040801442,-0.370996801127669,0.5078926148284622,0.42686046461599897,-0.051242049681981004,0.029161166446656544,-0.7197887915516499,-0.07020280811233019,0.08244329773190702,0.15552622104884156,4.580857173984358,5.161347672771448,-5.638095963060176,4.923865175635083,-1.3675253825634461,-0.1831576328761547,-0.3033987854566708,-0.7331834915198838,-0.7609299876526119,0.09600000000000009,0.304936,-0.9373150000000001,-0.041385000000000005,-0.138339,-0.7740910000000001,0.1373850000000001,0.443275,0.16322400000000004,0.5,0.18415133264356187,flight,-0.7740910000000001
208,1.733333,step_decsent,0.09744389775591532,0.40753630145206304,-0.5481819272771113,0.25927314273162866,0.5539042215452816,0.589452102608881,-0.07704308172327341,0.008400336013442354,-0.760710428417145,-0.058202328093105854,0.07044281771270966,0.14688587543501908,-3.6434914734855974,-4.046723731422069,0.23041843310126878,-3.096247694862912,-2.4913993079580434,-4.91079285557368,1.4401152069152103,-1.440115206911973,-1.0368829489766669,0.09454600000000002,0.30161,-0.939086,-0.04268199999999989,-0.141148,-0.768299,0.1372279999999999,0.442758,0.17078700000000002,0.5,0.2116851549035541,flight,-0.768299
209,1.741667,step_decsent,0.11831053515717829,0.4457643388528846,-0.5571154307655288,-0.36940851919091877,0.4755029671130615,0.44046618885638794,-0.04679625629948254,0.011519078473720213,-0.7733381329493556,-0.070674346052336,0.0802735781137473,0.15706743460523093,2.5037961844567813,4.586997528296285,-1.0719346638369827,3.6293287045585125,0.37421915770072406,-1.5152033275990557,-1.4965224333129405,1.179596880374078,1.2216893652761907,0.0931700000000002,0.297991,-0.940888,-0.04425699999999999,-0.144194,-0.762347,0.1374270000000002,0.442185,0.17854099999999995,0.5,0.18329434649391574,flight,-0.762347
210,1.75,step_decsent,0.14412576503060345,0.4983799351974146,-0.6108244329773294,-0.6060189472198786,0.07802937425460135,0.41383060891922063,-0.06804272170889372,0.05412216488659346,-0.7548301932077374,-0.060362414496570836,0.0836433457338305,0.13608544341773415,3.0979515028711626,6.314124126308711,-6.44533807893928,-2.549677836242815,5.112574872539738,2.2210416106586353,1.2374812859432682,0.4043882899415857,-2.5179396600860393,0.09140199999999998,0.29428899999999997,-0.942088,-0.04596099999999992,-0.14765,-0.756123,0.1373629999999999,0.44193899999999997,0.18596500000000005,0.5,0.21539950866948082,flight,-0.756123
211,1.758333,step_decsent,0.08028321132845756,0.4318972758910419,-0.6086643465738644,0.3630341814238739,0.4230718433242004,0.5139796591779029,-0.05940237609503381,-0.029521180847230374,-0.874954998199935,-0.06252250090003582,0.09084363374535157,0.12288491539661997,-7.661412900773608,-7.978238246294649,0.2592207372452909,1.0368829489811586,-10.037602992178638,-14.415553221192702,-0.25922073724529004,0.8640691241475011,-1.5841267276028206,0.09023800000000004,0.290444,-0.944307,-0.04715099999999994,-0.15049200000000001,-0.750027,0.13738899999999998,0.440936,0.19428,0.5,0.22481152245289837,flight,-0.750027
212,1.766667,step_decsent,0.10739140868731502,0.4292056635469126,-0.592992560595148,-0.6705333507824891,0.4921927880039059,0.4339894945064672,-0.06239500839933669,0.008999280057600994,-0.8486921046316225,-0.059995200383962215,0.0944324454043648,0.1077513798896092,3.2527234651856554,-0.3229676438840017,1.8804638803355176,-0.35908714954437976,4.62208554173639,3.151295124587518,0.30325180178468736,0.4306229492456447,-1.8158789905220367,0.08882299999999987,0.28694200000000003,-0.946438,-0.04854599999999998,-0.15328200000000003,-0.7441869999999999,0.13736899999999985,0.44022400000000006,0.20225100000000007,0.5,0.24111740819504152,flight,-0.7441869999999999
213,1.775,step_decsent,0.10608424336972194,0.4548181927277151,-0.68714748589943,-0.14229217858346205,0.4824916128224399,0.35962346083125635,-0.049681987279481366,0.01932077283090942,-0.859354374174975,-0.04416176647067675,0.09480379215168848,0.11844473778950788,-0.15686611275568077,3.0736264467542025,-11.299042998233865,1.525623559325026,1.2386286779441404,-1.2795235261433546,1.9000880731171974,0.04456339221453103,1.2832542781589802,0.08752500000000007,0.283313,-0.9478730000000001,-0.04979800000000001,-0.15628200000000003,-0.7374740000000002,0.13732300000000008,0.439595,0.2103989999999999,0.5,0.2366499133273542,flight,-0.7374740000000002
214,1.783333,step_decsent,0.07104284171368506,0.4262570502820038,-0.6509060362414497,0.3466299340412303,0.9435089282421768,0.46883289614984347,-0.05088203528140796,0.041521660866428826,-0.8761550462018329,-0.023400936037434514,0.08208328333133397,0.11916476659066413,-4.205136404180519,-3.427474192452999,4.349147924874551,-0.1440115206920163,2.6642131327875935,-2.0161612896745087,2.4913993079613435,-1.5265221193272878,0.0864069124152451,0.08650899999999995,0.28010699999999994,-0.94975,-0.0505850000000001,-0.15915,-0.7310570000000001,0.13709400000000005,0.43925699999999995,0.21869299999999992,0.5,0.2557010551343588,flight,-0.7310570000000001
215,1.791667,step_decsent,0.12802975761938437,0.41240700743940883,-0.6874250059995445,0.06731714747935434,0.5215253104618103,0.19697938591451633,-0.04247660187184692,0.032037437005042274,-0.9016078713703066,-0.01727861771057412,0.08711303095752558,0.14074874010079216,6.837882878053803,-1.661872191336118,-4.381925816906103,1.0085713234414688,-1.1380158221006398,-3.0540946926414896,0.7346194296688878,0.6035214334283309,2.589869631644881,0.08508800000000005,0.276937,-0.9515349999999999,-0.05179599999999995,-0.16186099999999998,-0.7241549999999999,0.136884,0.43879799999999997,0.22738000000000003,0.5,0.22262420881613354,flight,-0.7241549999999999
216,1.8,step_decsent,0.13752550102004937,0.39289571582862615,-0.7761910476418823,-0.8268260067458008,1.498242985512553,0.05388845130223789,-0.031441257650303596,-0.006600264010563577,-0.9141965678627001,-0.05364214568583684,0.07104284171366508,0.1910476419056774,1.1395347894713592,-2.341448651239931,-10.652351091123997,1.3242942783563096,-4.636709590256231,-1.5107040072474798,-4.3637979089478085,-1.9284998492571965,6.0361096609725635,0.08367999999999998,0.27360799999999996,-0.952685,-0.05338900000000013,-0.164543,-0.7160949999999999,0.1370690000000001,0.43815099999999996,0.23659000000000008,0.5,0.14871756128336872,flight,-0.7160949999999999
217,1.808333,step_decsent,0.10452418096722094,0.40681627265091025,-0.6686667466698621,-0.40894977792803017,0.36571431289869866,0.3065858971246429,-0.07140285611426,0.048121924877007005,-0.8777151086043506,-0.03888155526220976,0.1206048241929662,0.20964838593543916,-3.960316819012209,1.6705336400197084,12.903432253932692,-4.795583639020374,6.566925343522271,4.377950229011134,1.771341704503446,5.94767580454837,2.232178570714259,0.08221400000000001,0.27061900000000005,-0.9544270000000001,-0.054583999999999966,-0.16692800000000002,-0.7087760000000001,0.13679799999999998,0.4375470000000001,0.24565100000000006,0.5,0.09171855879539481,flight,-0.7087760000000001
218,1.816667,step_decsent,0.0766738660907189,0.37568994480441215,-0.7622990160787142,-0.16301359461429546,-0.1673473165982108,0.5365248365751898,-0.06191504679625114,0.0037197024238064566,-0.912766978641702,-0.023758099352042112,0.15742740580753845,0.16882649388048726,-3.3417704435447355,-3.734860552735525,-11.234973531179666,1.1384460424776566,-5.327840467146654,-4.2058879334474515,1.8146695356572513,4.418356325242616,-4.898235187779169,0.08105899999999999,0.26751900000000006,-0.955681,-0.05542099999999994,-0.16874699999999998,-0.7010160000000001,0.13647999999999993,0.43626600000000004,0.2546649999999999,0.5,0.11323916225739172,flight,-0.7010160000000001
219,1.825,step_decsent,0.14496579863195835,0.46981879275171456,-0.6788671546861964,0.41722325173619274,0.7282881453659532,-0.09362428698977068,-0.053762150486020406,-0.015000600024006107,-0.9281171246849947,0.06144245769829,0.17244689787591255,0.15348613944557618,8.195359719337583,11.295913590220003,10.012223856056469,0.9783866926954051,-2.2465261547837194,-1.8420912088435026,10.22447582507295,1.8024111446506954,-1.8409161688360998,0.07940299999999989,0.263479,-0.957758,-0.056117000000000195,-0.17122500000000002,-0.69408,0.13552000000000008,0.43470400000000003,0.26367799999999997,0.5,0.1018406823723475,flight,-0.69408
220,1.833333,step_decsent,0.10800432017279313,0.4338173526941044,-0.7063482539301518,-0.6473408937452008,0.722283515881641,0.5303141440617577,-0.043681747269893746,-0.03900156006240418,-0.9498379935197248,-0.0724828993159506,0.1735269410776404,0.2037681507260294,-4.435554837293241,-4.320345620737977,-3.297863823827539,1.2096967738061302,-2.880230413824271,-2.606608524508536,-16.071685709136958,0.12961036862208575,6.034082716962961,0.07813899999999996,0.25953899999999996,-0.959787,-0.05762099999999992,-0.17339400000000005,-0.686496,0.13575999999999988,0.432933,0.27329099999999995,0.5,0.03785876009566147,flight,-0.686496
221,1.841667,step_decsent,0.11099112071035304,0.42776577873770066,-0.7513798896088444,0.2676973266574023,0.6506157605879518,0.2782604671416483,-0.05159587233020622,-0.13750899928005786,-0.9985601151908032,-0.08723302135831029,0.17302615790737055,0.19438444924406542,0.35838739351571486,-0.7261307843057146,-5.403364012322231,-0.9496190377144974,-11.819947110349839,-5.846186905577082,-1.7698730552387774,-0.060089173298520274,-1.1259541015075798,0.07678399999999996,0.25482800000000005,-0.9618469999999999,-0.05927300000000013,-0.17551699999999998,-0.6786139999999999,0.1360570000000001,0.43034500000000003,0.28323299999999996,0.5,0.04255247585893529,flight,-0.6786139999999999
222,1.85,step_decsent,0.07656306252248953,0.46501860074403034,-0.7305892235689145,-0.09889602027860313,0.4745629896944397,0.43351717180291355,-0.007200288011514212,-0.09276371054842315,-0.9721588863554386,-0.04680187207486903,0.18528741149646205,0.2181687267490645,-4.131532243833303,4.470517461457941,2.4949797239804976,5.32768322557197,5.3696494337734215,3.168274191211353,4.851931991292519,1.4714092870624365,2.8542274696986287,0.0760860000000001,0.25017999999999996,-0.96386,-0.06030099999999994,-0.177848,-0.6707080000000001,0.13638700000000004,0.42802799999999996,0.29315199999999997,0.5,0.016610826731137285,flight,-0.6707080000000001
223,1.858333,step_decsent,0.12948517940718374,0.4716188647545932,-0.893915756630278,0.054672677459246574,0.26713741747651676,-0.03188055825598988,0.006240249609977374,-0.20616824672987075,-1.0243609744389872,-0.11388455538222697,0.11196447857913959,0.1345253810152398,6.350908062485863,0.7920633638021014,-19.59996796608244,1.6129290317402747,-13.609088705322048,-6.264501150071898,-8.050244006643293,-8.799103914235346,-10.037602992178744,0.07505899999999999,0.24453199999999997,-0.964947,-0.06232900000000008,-0.18084500000000003,-0.6621380000000001,0.13738800000000007,0.425377,0.3028089999999999,0.5,0.15197855048781844,flight,-0.6621380000000001
224,1.866667,step_decsent,0.07931365490760951,0.5608351331893353,-0.7485001199903909,-2.27746501141448,0.4724063509402643,0.8391197248102259,0.011279097672190758,-0.1900647948164168,-0.9971202303815616,-0.1429085673146068,0.11123110151187954,0.11783057355411272,-6.020101331842314,10.705095804504612,17.44848051834485,0.60461339839373,1.932259648842551,3.268627796667314,-3.48260282365966,-0.08799820821454842,-2.003216638004195,0.074492,0.23827399999999999,-0.9670190000000001,-0.06418100000000004,-0.18459199999999998,-0.6549180000000001,0.13867300000000005,0.42286599999999996,0.31210099999999996,0.5,0.13991027113775467,flight,-0.6549180000000001
225,1.875,step_decsent,0.08748349933997196,0.42445697827913653,-0.9349573982959528,-0.30465444828757426,-0.4489601546450852,0.6229924629526493,-0.015360614424592486,-0.21804872194887484,-1.0136805472218977,-0.14592583703349538,0.13296531861274546,0.14868594743790434,0.9804205487054508,-16.366033230553224,-22.37576842740473,-3.1968933273471123,-3.35820558411836,-1.9873175135408916,-0.3620868497406221,2.608210380519156,3.7027929777741386,0.0736349999999999,0.23292000000000002,-0.967675,-0.06612600000000013,-0.187021,-0.645888,0.13976100000000002,0.419941,0.32178699999999993,0.5,0.08808834269273486,flight,-0.645888
226,1.883333,step_decsent,0.16812672506900256,0.5027001080043245,-0.7363494539781562,0.08293799896296307,1.6376441601003402,-0.05798830336062127,-0.024120964838581248,-0.3430937237489598,-0.872194887795521,-0.13164526581062205,0.21696867874714904,0.24828993159726467,9.677574190451379,9.389551149068607,23.833906674402787,-1.0512841010427028,-15.006000456028573,16.978958289496937,1.7137370962286635,10.080806448386456,11.952956217372044,0.07203300000000001,0.22587199999999996,-0.9688070000000001,-0.06862400000000002,-0.18940200000000001,-0.637683,0.14065700000000003,0.415274,0.3311240000000001,0.5,0.0,flight,-0.637683
227,1.891667,step_decsent,0.10019198464121823,0.396088312934962,-0.7856971442284555,0.6981068156035999,0.6996170801967827,0.3989135042038541,0.006959443244527361,-0.34617230621548994,-0.7942164626829793,-0.14674826013918463,0.21046316294696663,0.20182385409167314,-8.151516729995658,-12.792392016962049,-5.92124913010546,3.7293506219232504,-0.369400343956098,9.356662480506493,-1.8122143422801127,-0.780599448066038,-5.575483262009981,0.07125599999999999,0.21968600000000005,-0.9688780000000001,-0.07068199999999991,-0.19094899999999998,-0.629453,0.1419379999999999,0.41063500000000003,0.3394250000000001,0.5,0.0,flight,-0.629453
228,1.9,step_decsent,0.1404056162246641,0.48745949837994085,-0.9317172686907687,0.10013685930040461,0.21730268975609968,0.002215532867389666,-0.04284171366854002,-0.4454578183127424,-0.6581063242529748,-0.16416656666267232,0.2691707668306751,0.22092883715348594,4.825828823166476,10.964980852631667,-17.523115860112146,-5.976377884683528,-11.91473804119205,16.333869966399348,-2.0902803940343033,7.0451942738160325,2.292689675004557,0.06972899999999993,0.211912,-0.966598,-0.07322000000000006,-0.192768,-0.619848,0.142949,0.40468,0.34675,0.5,0.0,flight,-0.619848
229,1.908333,step_decsent,0.14304572182885383,0.42769710788430926,-0.9164766590663339,0.45343912514563156,0.43694217860327406,0.09836976582737712,0.09564382575302084,-0.3572542901716015,-0.5923436937477408,-0.11736469458777227,0.33829353174126564,0.18540741629665086,0.3168253455165827,-7.171773730424882,1.8289463127846484,16.618929487766522,10.584846770807555,7.891831333881298,5.616449306960186,8.295063591814394,-4.262741012460633,0.069334,0.20537099999999997,-0.9638970000000001,-0.07538999999999985,-0.193513,-0.610666,0.14472399999999985,0.39888399999999996,0.3532310000000001,0.5,0.0,flight,-0.610666
230,1.916667,step_decsent,0.1600671946244533,0.3492920566354754,-1.049076073914127,-0.7294531785694094,-0.058118244152635126,0.008177917878664264,0.10871130309576321,-0.4341252699784112,-0.44552435805136364,-0.23242140628751073,0.42080633549316643,0.1241900647948131,2.0424133424045814,-9.407853521578515,-15.910656929181132,1.5679718433816436,-9.223779674443389,17.616910930691134,-13.805700947893047,9.900744390677028,-7.34549454065742,0.06890599999999991,0.19884199999999996,-0.9588669999999999,-0.07866100000000009,-0.192917,-0.6008879999999999,0.147567,0.39175899999999997,0.35797900000000005,0.5,0.0,flight,-0.6008879999999999
231,1.925,step_decsent,0.15864634585381018,0.2955718228729089,-1.0156006240249298,0.8715564493504401,0.514660012417955,-0.13744331544550958,0.05652226089044785,-0.3891755670226736,-0.4503780151205977,-0.1286451458058254,0.26101044041761,0.11196447857914327,-0.17050867282408286,-6.446685918944627,4.0172146752905995,-6.262935582061016,5.394180121893298,-0.5824621467939505,12.453649403778174,-19.176274460044837,-1.467129031041595,0.0680550000000002,0.19313599999999997,-0.954157,-0.08105499999999988,-0.19320500000000002,-0.591492,0.14911000000000008,0.386341,0.362665,0.5,0.0,flight,-0.591492
232,1.933333,step_decsent,0.1562462498500118,0.3904956198247941,-1.0082803312132602,-0.5488807713774603,0.27076955086680804,0.0508987136965003,0.046561862474479354,-0.32617304692187965,-0.43297731909276765,-0.10140405616224557,0.22044881795272409,0.10860434417376665,-0.2880230413774653,11.391311286677794,0.8784702762114049,-1.1952956217411004,7.5606048362887925,2.0881670500216276,3.2690615196903963,-4.8675893993623305,-0.40323225793551576,0.0671409999999999,0.187164,-0.949363,-0.083202,-0.19462199999999996,-0.582185,0.1503429999999999,0.38178599999999996,0.367178,0.5,0.05691934670635901,flight,-0.582185
233,1.941667,step_decsent,0.14338852891769235,0.3171346292296666,-1.0195584353251634,-0.9570490527941421,-0.6444778267753632,0.3926355452911813,-0.009479241660659903,-0.26313894888408734,-0.356251499880006,-0.08279337652988651,0.21718262538996455,0.014398848092153596,-1.5428030876313097,-8.802614662242249,-1.353264232289793,-6.724394544653087,7.5634866856001715,9.206361796587602,2.233102907650458,-0.3919117545907739,-11.30375522937513,0.0658669999999999,0.18232799999999993,-0.943835,-0.08508700000000013,-0.19545500000000005,-0.5735680000000001,0.15095400000000003,0.377783,0.3702669999999999,0.5,0.11187644151322207,flight,-0.5735680000000001
234,1.95,step_decsent,0.14712588503539667,0.3156126245049723,-0.9815192607704455,0.017768030224470464,0.06767744944883736,0.13103418477552428,-0.02352094083764392,-0.10824432977318692,-0.2908916356654296,-0.10776431057240508,0.18264730589224015,0.07728309132365767,0.44850067415148803,-0.1826478728782359,4.5648835419078715,-1.6850713040902612,18.58809781722091,7.843497445647066,-2.996631950380271,-4.144404115891601,7.546411044222326,0.06444499999999986,0.17879600000000007,-0.93808,-0.08721099999999993,-0.19656299999999993,-0.5647449999999999,0.1516559999999998,0.375359,0.3733350000000001,0.5,0.12381350226775023,flight,-0.5647449999999999
235,1.958333,step_decsent,0.18744749789992032,0.24780991239650288,-0.9007560302411954,0.029353024910963463,0.7264580814414745,0.12440927213977745,-0.02952118084722959,-0.06564262570502276,-0.29221168846753354,0.04632185287411385,-0.0940837633505332,0.24096963878554173,4.838787095226563,-8.136650919052949,9.691975342523538,-0.720057603454406,5.112408984538991,-0.15841267275938217,18.49107925675222,-33.209056671399075,19.643171422282634,0.06263699999999983,0.176184,-0.933009,-0.088387,-0.19941200000000003,-0.555231,0.15102399999999983,0.37559600000000004,0.37777799999999995,0.5,0.062000014598159015,flight,-0.555231
236,1.966667,step_decsent,0.17074634029277408,0.2492200623950126,-0.9168466522678371,0.4625558293004093,0.7314519591014614,-0.03181255556518364,-0.034917206623475736,-0.05675545956324282,-0.23626109911207535,-0.09599232061436874,0.1558675305975545,0.09635229181665628,-2.0039785945700217,0.16920446346409235,-1.9307201855821927,-0.6474712954459142,1.0663746270434493,6.713533639963913,-17.076334711841287,29.99175593329643,-17.35269342079292,0.06092299999999984,0.17363399999999996,-0.927337,-0.09061000000000008,-0.20019000000000003,-0.5467869999999999,0.15153299999999992,0.373824,0.38055000000000005,0.5908691446008608,0.15522560979906552,single,-0.5467869999999999
237,1.975,step_decsent,0.157206288251518,0.1338053522140835,-0.785431417256666,0.5161489451582882,-0.18445000937060368,-0.024767518901563392,-0.03720148805949898,-0.045361814472576846,-0.21516860674426636,-0.05616224648984816,0.1524060962438463,0.08652346093843928,-1.6248712398002931,-13.85031923448063,15.770459019701049,-0.27412473731227704,1.3672921025639957,2.531200332150321,4.779800086945864,-0.41538873799449827,-1.1795068856614452,0.059303000000000106,0.172141,-0.922585,-0.09238799999999991,-0.20003500000000002,-0.539521,0.15169100000000002,0.372176,0.38306399999999996,0.6282953148953301,0.19327842250738653,single,-0.539521
238,1.983333,step_decsent,0.16164646585863426,0.15780631225248615,-0.7991119644785962,0.1751126159970483,-0.49050344376005045,-0.2311016764449817,-0.09420376815073117,-0.013560542421700562,-0.17748709948398111,-0.05640225609024058,0.1906876275051028,0.12684507380295024,0.5328426265590188,2.8802304138248984,-1.6417313358850791,-6.840547232837239,3.816305298317121,4.521961749704259,-0.02880230413925572,4.593967510051224,4.838787095225168,0.05717100000000008,0.170713,-0.9174049999999999,-0.09420499999999987,-0.19976099999999997,-0.531805,0.15137599999999996,0.37047399999999997,0.38559999999999994,0.6643418209952436,0.10689039369948045,single,-0.531805
239,1.991667,step_decsent,0.1607871370290507,0.09371250299976311,-0.6939044876409813,0.3577053696158374,-0.2807153590601901,-0.19534538736543192,-0.0603551715862897,-0.028797696184307192,-0.09347252219822283,-0.05231581473483317,0.23506119510438847,0.14722822174226352,-0.10311121065317429,-7.690641858977988,12.623887309528929,4.061506667199569,-1.8283121865378587,10.080942798867008,0.49033373595000923,5.324402159741462,2.4457820901503635,0.05532799999999982,0.16969199999999995,-0.912401,-0.0959810000000001,-0.198583,-0.5247949999999999,0.15130899999999992,0.36827499999999996,0.3876060000000001,0.8084481035736486,0.029578028690487868,single,-0.5247949999999999
240,2.0,step_decsent,0.15540621624863024,0.15492619704788838,-0.7056282251290111,-0.082662789448385,-1.097197559531913,-0.46987081022104193,-0.07296291851673437,-0.02628105124204623,-0.08892355694227917,0.0025201008040380353,0.22956918276731256,0.13164526581062871,-0.6457363231033855,7.34593712326003,-1.4069047747545784,-1.5129901512594237,0.30200947345025625,0.5458976666199087,6.5805730875881085,-0.6590678431628422,-1.870029512976713,0.053425000000000056,0.16818199999999994,-0.907262,-0.09725499999999987,-0.19796100000000005,-0.517818,0.15067999999999993,0.366143,0.389444,0.8033497174046904,0.05891914134183285,single,-0.517818
241,2.008333,step_decsent,0.15408616344654683,0.16788671546861164,-0.7051482059282427,-0.3407310447672734,-1.1905066813867018,-0.5574152962463751,-0.07656306252249157,-0.018240729629190253,-0.0798031921276857,0.02724108964358326,0.19692787711508683,0.12756510260410966,-0.1584126727569216,1.5553244234637447,0.05760460827654626,-0.4320345620733509,0.9648771886302713,1.0944875572535162,2.9666373262385037,-3.917113362801635,-0.48963917034910437,0.051503000000000076,0.16663099999999997,-0.9020509999999999,-0.09831199999999995,-0.19771899999999998,-0.510879,0.14981500000000003,0.36434999999999995,0.39117199999999996,0.8131907075086966,0.10631540701123898,single,-0.510879
242,2.016667,step_decsent,0.060115190784746926,-0.049676025917929245,-0.4049676025917916,1.4785841081236921,-0.4820159289481664,-0.03838664332913233,-0.07967362610991036,-0.0197984161267062,-0.06647468202543733,0.017998560115201987,0.16402687784977163,0.1263498920086348,-11.275614670242284,-26.105440531142214,36.018790897102086,-0.3732377714685346,-0.18690742710774366,1.5992932688082886,-1.1090148222199665,-3.947804087510793,-0.1458136063684724,0.050337999999999994,0.16688000000000003,-0.89923,-0.09866299999999995,-0.19593799999999995,-0.506451,0.14900099999999994,0.362818,0.392779,0.8239417131789477,0.15361766454313763,single,-0.506451
243,2.025,step_decsent,0.12432497299892552,0.08292331693269105,-0.5207008280331239,0.22669531431789663,-0.5802896842953308,-0.3643359951358228,-0.06156246249849878,-0.027481099243960853,-0.0798031921276857,0.046561862474479354,0.17112684507380246,0.12144485779431442,7.7054820849849,15.912557644380357,-13.88854259466379,2.173426570432226,-0.9219588524246638,-1.599485191677487,3.427733392449013,0.8520301480896315,-0.5886276508244844,0.04878899999999997,0.16596,-0.895556,-0.09931100000000015,-0.19520300000000007,-0.5011,0.14810000000000012,0.36116300000000007,0.39445600000000003,0.8258855973289096,0.14175870318904243,single,-0.5011
244,2.033333,step_decsent,0.1494059762390438,0.0972038881555244,-0.47425897035881337,0.20192614051159485,-0.07911423688740661,-0.18086000498919325,-0.060122404896206565,-0.02268090723630235,-0.07548301932077324,0.049081963278544034,0.1660866434657397,0.11508460338413494,3.0098407824455204,1.7137370962238672,5.573245850751344,0.17281382482806082,0.5760460827623363,0.51844147448848,0.3024241934555026,-0.604848386903013,-0.7632610596639315,0.047042999999999946,0.1649609999999999,-0.892233,-0.10014699999999999,-0.19462900000000005,-0.49618900000000005,0.14718999999999993,0.35958999999999997,0.396044,0.8347828589624368,0.1534364007658922,single,-0.49618900000000005
245,2.041667,step_decsent,0.16714662826973445,0.13906887449004227,-0.45932325413967173,0.31836767518096754,0.06086849364619609,-0.20412742999284467,-0.041996640268786876,-0.018478521718260896,-0.07847372210223144,0.07979361651066842,0.1583873290136829,0.10271178305735744,2.1287079470470966,5.023396488423032,1.7921425748909916,2.1749177618693962,0.5042459224911712,-0.35885562532495546,3.685103579568533,-0.9238438267406689,-1.4846196696397176,0.045299999999999896,0.1636479999999999,-0.8890589999999999,-0.10087500000000005,-0.19446800000000003,-0.49150499999999997,0.14617499999999994,0.35811599999999993,0.39755399999999996,0.8484955206076916,0.1584216471585264,single,-0.49150499999999997
246,2.05,step_decsent,0.20592823712949315,0.12972518900756133,-0.4306972278891139,-0.149006054033795,-0.3929076527863475,-0.1894332110591,-0.044041761670467965,-0.05520220808831263,-0.03192127685107462,0.07668306732270035,0.13104524180967142,0.10080403216128826,4.653979222339981,-1.1212871093820977,3.43526056048939,-0.2454243851771399,-4.407018645152054,5.586516890814503,-0.3732808337895241,-3.2811817117498787,-0.22893926509890727,0.04321699999999984,0.162107,-0.8857360000000001,-0.10195200000000004,-0.19445700000000005,-0.487076,0.14516899999999988,0.35656400000000005,0.39866000000000007,0.870836790748782,0.19625210967835016,single,-0.487076
247,2.058333,step_decsent,0.2319692787711361,0.16404656186245478,-0.44257770310810773,-0.6620141866022878,0.025260369266554398,-0.13269108139457572,-0.03792151686067071,-0.04104164166567255,-0.044521780871232444,0.11184447377893816,0.12000480019200249,0.06276251050041673,3.1250499989969756,4.118729491766703,-1.4257140548413896,0.734458755525859,1.699335944154501,-1.5121209672575626,4.219537556250602,-1.3249059903598273,-4.565165205912619,0.04096799999999989,0.16039800000000004,-0.882419,-0.10295300000000007,-0.19482399999999994,-0.482865,0.14392099999999997,0.355222,0.39955399999999996,0.880921982115673,0.20726637483728894,single,-0.482865
248,2.066667,step_decsent,0.24130069594433368,0.26085913126951144,-0.46760259179268265,-1.700865754667254,-1.2402726100206043,-0.5930704472960288,-0.020758339332851768,-0.03071754259659775,-0.031077513798897782,0.11171106311495772,0.10751139908807882,0.054595632349412525,1.1196804863448526,11.616579002527127,-3.0027464224353326,2.059416550014366,1.238792784866243,1.6131829940407099,-0.016007999037730578,-1.4990882054144765,-0.9799469823619603,0.03878399999999993,0.157968,-0.8787809999999999,-0.10403300000000004,-0.19610199999999994,-0.47851299999999997,0.14281699999999997,0.35406999999999994,0.40026799999999996,0.9193724623318865,0.22604366919473362,single,-0.47851299999999997
249,2.075,step_decsent,0.21732869314771716,0.11460458418336697,-0.16272650906034478,-1.7757882564764567,-1.4766080617114559,-0.1516307240469185,-0.005640225609013099,-0.01584063362533351,-0.031081243249728892,0.0534021360854445,0.24576983079322018,-0.04344173766950168,-2.876755405810087,-17.55124770024457,36.5865933916146,1.8142462167092286,1.785300488571173,-0.00044755200181319064,-6.997351137586781,16.591675471635096,-11.764955000469204,0.036926000000000014,0.15688100000000005,-0.877684,-0.10539900000000002,-0.195009,-0.477519,0.14232500000000003,0.35189000000000004,0.400165,0.9411031622118096,0.07461852924449414,single,-0.477519
250,2.083333,step_decsent,0.11352454098162727,0.2805712228489107,-0.7013080523221079,0.5358313651258931,-3.7177618377796473,-1.2164774103259615,-0.005160206408258207,-0.01248049921996807,-0.01944077763110488,0.0718828753150152,0.04656186247449934,0.05100204008160478,-12.456996539792492,19.91679331159789,-64.63237048623161,0.05760460827491854,0.40323225793417383,1.3969117507049225,2.217777418645249,-23.90591243474411,11.333706678400015,0.03593700000000011,0.1544390000000001,-0.8720019999999999,-0.1057459999999999,-0.19695899999999994,-0.47124999999999995,0.141683,0.35139800000000004,0.400752,0.9605476931438618,0.3338644889360409,single,-0.47124999999999995
251,2.091667,step_decsent,0.17122630189585508,0.0711543076553949,-0.2290616750659856,-0.0830914688649326,-0.47238016870721056,0.23566079345747057,-0.00155987520998808,0.00803935685144321,-0.025677945764338527,0.03827693784496709,0.026157907367409923,0.045236381089507775,6.923657417113915,-25.128019581655167,56.66503206816879,0.43200518337774174,2.4621857537090386,-0.7484003039637149,-4.032389905213324,-2.448278750550667,-0.6918237331529827,0.034497,0.15391299999999997,-0.870307,-0.106854,-0.197334,-0.46896400000000005,0.141351,0.351247,0.401343,0.9550796579137675,0.39204308649197317,single,-0.46896400000000005
252,2.1,step_decsent,0.053042121684874294,0.0558022320892766,0.02112084483378802,-0.2730091357957984,0.8931022318920109,-0.38399658973959316,0.007920316812687163,0.025801032041277712,-0.02484099363974651,0.01380055202209148,0.013080523220925384,0.02832113284531575,-14.182668932075106,-1.8423227608446473,30.023103312105594,1.1376685494630179,2.1314862822314486,0.10043827248194208,-2.937283790096704,-1.5693488715330204,-2.0299109857424913,0.03412100000000007,0.153663,-0.87069,-0.10718099999999997,-0.19768999999999998,-0.468904,0.14130200000000004,0.35135299999999997,0.401786,0.9388649119249859,0.4431463406462198,single,-0.468904
253,2.108333,step_decsent,0.033361334453378494,-0.08508340333612938,-0.09456378255130422,0.31981923485233194,-1.6066204225545024,-0.13776718308867403,0.008280331213233572,0.01188047521901742,-0.01644065762630499,-0.0074402976119053235,0.002280091203653778,0.026641065642625944,-2.361788939337091,-16.906952529150036,-13.882710594634982,0.04320345620381764,-1.670533640016851,1.0080806448387851,-2.5490039162362894,-1.2961036862200535,-0.20161612896793732,0.03391199999999994,0.15447100000000002,-0.870039,-0.10752099999999998,-0.19696199999999997,-0.467894,0.14143299999999992,0.351433,0.40214500000000003,0.9634849802738685,0.45374277164517335,single,-0.467894
254,2.116667,stand,0.12898968082552542,0.019198464122875902,-0.05279577633789208,-0.4010696787670084,-0.37366478800738007,-0.10260245444611363,0.013918886489081366,0.005759539236853446,-0.016438684905207245,-0.02435805135588573,-0.001799856011524195,0.021118310535158166,11.474483605969066,12.512823069234999,5.011759804825033,0.676572507301146,-0.7344535615747454,0.00023670759512201364,-2.0299680518334866,-0.48955450146123614,-0.6626775986882333,0.03295300000000001,0.1543589999999999,-0.869736,-0.10879899999999987,-0.19713700000000006,-0.46727799999999997,0.14175199999999988,0.351496,0.402458,0.9628390118415131,0.44618609258189545,single,-0.46727799999999997
255,2.125,stand,0.08184327373095857,-0.02700108004320566,0.03024120964838981,-0.008552421014657306,-0.2808767979842729,-0.06769265017942105,0.014640585623419728,0.0001200048001954596,-0.012600504020161033,-0.03420136805473339,-0.0022800912036471162,0.01548061922476796,-5.6577951631546,-5.544167066612502,9.96483691183039,0.0866073604150209,-0.6767712032470945,0.4606001302107581,-1.1812452536718767,-0.0576305282758821,-0.6765500192476007,0.032392999999999894,0.15458499999999997,-0.870093,-0.10976600000000003,-0.19693100000000002,-0.467401,0.14215899999999992,0.351516,0.402692,0.9678055452449559,0.43731511868669914,single,-0.467401
256,2.133333,stand,0.113284531381263,0.07968318732749358,-0.019200768030727285,-0.8307281297111094,-0.4272194783948702,-0.25018125239877226,0.0196807872314958,0.005760230409222182,-0.0046801872074880265,-0.04536181447257805,-0.0010800432017258282,0.016080643225731935,3.7731018421102513,12.802624189451603,-5.933274652480205,0.6048483869046103,0.6768541472491029,0.9504760365622318,-1.3393071424270693,0.14401152069138354,0.07200576034609148,0.03161299999999989,0.15396900000000002,-0.869972,-0.11108800000000008,-0.197604,-0.46710699999999994,0.14270099999999997,0.351573,0.40286500000000003,0.9649437835313102,0.41976687106875044,single,-0.46710699999999994
257,2.141667,stand,0.1107511399088073,0.01679865610751475,0.041516678665714644,0.44955632816120944,0.0730505372758409,0.07454867582245837,-0.01463882889368305,-0.07151427885769575,0.07175425965922604,-0.044636429085677484,-0.0029997600191981107,0.017398608111345047,-0.30398265808203456,-7.545540103189148,7.285510762711959,-4.118024493061986,-9.272199336083194,9.171399912012657,0.0870392832854048,-0.23034759028944898,0.1581431348227864,0.03056799999999993,0.15323299999999995,-0.86972,-0.11238300000000012,-0.19776900000000003,-0.46730800000000006,0.14295100000000005,0.351002,0.402412,0.8294025109996696,0.41999790061946196,single,-0.46730800000000006
258,2.15,stand,0.11796471858873936,0.09936397455897605,0.02496099843993614,-0.6849736673330046,-0.5693382726385954,-0.11015192771848853,0.004080163206512394,-0.02292091683666662,0.010920436817472895,-0.027841113644547232,0.0538821552862092,-0.01068042721708281,0.8656640681545805,9.90823454355719,-1.98676109753734,2.2463689067797454,5.8314366999915475,-7.300350755040645,2.0155184736745957,6.826102880764171,-3.3696190241723403,0.02961899999999984,0.15221400000000007,-0.869837,-0.11359800000000009,-0.198148,-0.467605,0.14321699999999993,0.35036200000000006,0.402232,0.9571413142243546,0.39736139733139225,single,-0.467605
259,2.158333,stand,0.11748469938795753,-0.07512300492019934,0.2571702868114755,0.016096370949507787,1.2396574505473985,0.9954224970563936,0.0038401536061481215,-0.01980079203169126,0.01428057122284917,-0.03792151686067273,0.01068042721708947,0.0064802592103682935,-0.05760460827815171,-20.93927510850558,27.86622925375513,-0.02880230413587844,0.3744299537951987,0.4032322579354741,-1.209696773806023,-5.184414744884211,2.0593647458839865,0.02867200000000003,0.152675,-0.871861,-0.11489299999999991,-0.19743299999999997,-0.469694,0.14356499999999994,0.350108,0.402167,0.9588109757320672,0.4334562231395461,single,-0.469694
260,2.166667,stand,0.06155507559397694,0.056755459563241316,0.1763858891288649,0.04370913526848135,-0.1399244297103811,0.006692264361498582,0.0035997120230350688,-0.022198224142067353,0.02387808975282016,-0.026757859371260205,0.009839212862974067,0.01067914566834048,-6.711017973839712,15.824149806028275,-9.6933522537329,-0.028850681919012588,-0.28766883973795015,1.1516100947889267,1.3395317361905976,-0.10093764748204909,0.5038260688711488,0.028188999999999798,0.15201699999999996,-0.873132,-0.1156290000000002,-0.197824,-0.471075,0.143818,0.34984099999999996,0.402057,0.9453322598694323,0.4492599955081275,single,-0.471075
261,2.175,stand,0.11976479059160464,0.176287051482054,0.05172206888275089,-0.654856188203443,-0.2609654608062168,-0.15638779412381787,0.003000120004819874,-0.019080763230531823,0.02328093123724967,-0.040321612864501984,-0.030841233649347124,0.03528141125645256,6.985445217524089,14.344364804849848,-14.960256839807412,-0.07195392034263776,0.37411027379521883,-0.07166188834399316,-1.6277155278101407,-4.881848855432805,2.9523899661721233,0.02721600000000013,0.150389,-0.873369,-0.11696299999999993,-0.19954999999999995,-0.47121199999999996,0.14417900000000006,0.34993899999999994,0.402157,0.9495829062063139,0.39696559181441526,single,-0.47121199999999996
262,2.183333,stand,0.12756510260410286,0.13884555382215572,0.1706468258730315,-0.9599408399951189,0.03746302256030184,0.0775179029784815,0.002280091203646995,-0.014640585623418948,0.02148085923436826,-0.008640345613832813,0.0151206048241941,0.020880835233409313,0.9360748844951259,-4.49315944556542,14.271541700501066,-0.08640691241723836,0.5328426265585839,-0.21601728103700116,3.801904146245983,5.515641242474403,-1.7281382482950451,0.026172000000000084,0.14910999999999996,-0.874612,-0.11809800000000004,-0.200581,-0.47246,0.14427000000000012,0.349691,0.40215199999999995,0.9565075716442648,0.4546832891191613,single,-0.47246
263,2.191667,stand,0.10319174466044183,0.14062874970002454,0.15574754019679393,-0.6572611296315625,0.1724940788063817,-0.13162867963922215,-0.0017998560115309518,-0.009359251259902335,0.01283897288216953,-0.0003599712023008617,0.021238300935924024,0.026037916966646583,-2.9245689877204404,0.2139663880332256,-1.7877712594478352,-0.4895545014612591,0.633709426867873,-1.0369434067913514,0.9935654441483476,0.7340648082229666,0.6188003039641836,0.025296999999999903,0.14786,-0.875803,-0.1189610000000001,-0.20157599999999998,-0.473541,0.144258,0.34943599999999997,0.402262,0.9733503027702568,0.44399483838585996,single,-0.473541
264,2.2,stand,0.08112324492978149,0.1108844353774145,0.19512780511219782,-0.1855603984649151,0.010435572789525524,-0.026412452668384958,-0.002640105604220031,-0.0068402736109409844,0.006960278411136438,-0.021000840033604765,0.14928597143884706,0.02436097443897087,-2.648325900715153,-3.569460497132931,4.7258208226811655,-0.10083398448206433,0.3022894094517268,-0.7054715553861555,-2.4770033398899547,15.366335113754637,-0.20124115296719536,0.024599000000000038,0.14687899999999998,-0.877371,-0.11981200000000003,-0.20125600000000005,-0.47496400000000005,0.14441100000000007,0.34813500000000003,0.40240699999999996,0.9831505871982877,0.24548088029594628,single,-0.47496400000000005
265,2.208333,stand,0.09384375375015812,0.16524660986439146,0.2083283331333224,-0.3065906377042462,0.4612321241258703,-0.11122786770690332,-0.004800192007685152,-0.005040201608062748,0.0012000480019204553,0.024840993639754005,0.017760710428421738,0.02928117124685278,1.5265221193299832,6.523721887312787,1.5841267276040696,-0.2592207372453067,0.21601728103663181,-0.6912552993178969,5.501240090406719,-15.783662667757895,0.5904472348352279,0.023776999999999937,0.14546000000000003,-0.879097,-0.12038700000000002,-0.20248499999999997,-0.476456,0.14416399999999996,0.347945,0.402641,0.9882283779594649,0.4294878893475252,single,-0.476456
266,2.216667,stand,0.08051355891529674,0.12395008399328698,0.2674586033117374,0.05463684622076691,0.6949649711019773,0.09251448945091961,-0.003959683225335912,-0.0027597792176619956,-0.0026397888168947707,0.03599712023037733,0.008519318454522102,0.04043676505879879,-1.5994954205497092,-4.955186689597332,7.095064816224443,0.10085298564305663,0.27362879654436467,-0.46074355877312173,1.3386281006267384,-1.1088783266018196,1.3385641722997272,0.0230729999999999,0.14440399999999998,-0.881348,-0.12075800000000014,-0.20344700000000004,-0.478348,0.14383100000000004,0.347851,0.403,0.9908312187934261,0.4086596197938981,single,-0.478348
267,2.225,stand,0.11064442577701618,0.21312852514100755,0.13980559222368683,-1.1071285698991826,-0.23248041912146927,-0.33938788000547776,-0.000840033601354894,-0.0002400096003909192,-0.005160206408256542,0.04968198727950801,0.001800072002878601,0.056042241689667524,3.6158486573526596,10.701841011367021,-15.318974089529787,0.3743729297949174,0.30238444945050996,-0.30246220945179336,1.6422497358851322,-0.8063418278703424,1.8727321049884647,0.02214399999999994,0.14262599999999992,-0.882556,-0.12126599999999987,-0.20520800000000006,-0.47904599999999997,0.14340999999999982,0.347834,0.40351000000000004,0.9912772660956974,0.37514149149203757,single,-0.47904599999999997
268,2.233333,stand,0.09624384975398736,0.17172686907475976,0.17124684987399125,0.024635565504625777,0.057463689401891886,-0.023513702095072215,-0.0016800672026831415,-0.0007200288011461112,-0.007440297611904491,0.05448217928716652,0.022920916836673282,0.0621624864994561,-1.7281382482934051,-4.968397463848334,3.7731018421102496,-0.1008080644819699,-0.05760460827495457,-0.2736218893133289,0.5760460827623367,2.534602764165952,0.7344587555248565,0.021328000000000014,0.141189,-0.884045,-0.12161399999999989,-0.20644800000000002,-0.47995499999999996,0.1429419999999999,0.34763700000000003,0.40409,0.9872307774714917,0.35703680527737497,single,-0.47995499999999996
269,2.241667,stand,0.0869930405567652,0.1851451883849231,0.23506119510439513,-0.41665806918532317,0.28040929200267145,0.041058478277990675,0.0005999520038436186,-0.0013198944084453037,-0.008759299256059883,0.05903527717781776,0.02687784977201827,0.06155507559395696,-1.1100083030024115,1.6100695116586572,7.657108858939693,0.2735804183497411,-0.07197811462673241,-0.15826753589577422,0.5463280406348937,0.4747939687238971,-0.07288347798165731,0.02060799999999996,0.13963500000000006,-0.886077,-0.12184700000000004,-0.20776699999999998,-0.48140099999999997,0.142455,0.34740200000000004,0.40467600000000004,0.9852025352102338,0.35096038845693567,single,-0.48140099999999997
270,2.25,stand,0.08592343693747095,0.20280811232450446,0.2042481699267967,-0.3313505443892954,0.1574193216494808,0.07808079180816176,0.0003600144005730556,-0.0008400336013415707,-0.009120364814592628,0.05640225609024058,0.026881075243010203,0.06492259690387173,-0.12835756861805508,2.119635658176109,-3.6977109297490354,-0.02879366413903339,0.057585600276459536,-0.04332960020793812,-0.31597516951604526,0.00038707200191192203,0.4041187219386531,0.019894999999999996,0.137938,-0.887855,-0.12209300000000001,-0.20923300000000006,-0.482562,0.141988,0.34717100000000006,0.40529299999999996,0.9847232637674086,0.34982648658753224,single,-0.482562
271,2.258333,stand,0.10212408496339169,0.20052802112084403,0.19104764190568252,-0.7439876240539501,-0.2537713453074195,0.20295123114887256,0.0012000480019279496,-0.0030001200048065508,-0.004800192007680155,0.050762030481227176,0.04116164646586354,0.06864274570983106,1.9441555293316792,-0.2736218893148271,-1.5841267276028206,0.1008080644851676,-0.25922073724528977,0.5184414744884811,-0.6768541472475041,1.713737096226265,0.4464357141436899,0.019054000000000126,0.13624199999999997,-0.889487,-0.12252099999999988,-0.210561,-0.483582,0.141575,0.346803,0.405905,0.9903559634775381,0.3420364720634125,single,-0.483582
272,2.266667,stand,0.10427165826733886,0.23962083033357467,0.2305015598752023,-0.9687877280285486,0.07445750633006108,0.12659358684554295,0.0026397888168906074,-0.0016798656107461464,-0.005639548836092881,0.039956803455713244,0.052915766738656805,0.07859371250300116,0.25768818141914523,4.690761844580075,4.734091429028014,0.17275507738932647,0.1584178538589386,-0.10071476222854805,-1.2965235211799675,1.4103816022070048,1.1940204935409202,0.018207000000000084,0.134231,-0.891455,-0.12305699999999997,-0.21211700000000006,-0.48484799999999995,0.14126400000000006,0.34634800000000004,0.40660700000000005,0.9892509762016077,0.32862001156508286,single,-0.48484799999999995
273,2.275,stand,-0.04248169926796696,0.10740429617184535,0.5744629785191443,0.8321719925031574,2.3425990962763916,1.017707784534748,0.004320172806903313,-0.006720268810759212,0.00036001440057555366,0.022200888035533835,0.07512300492019934,0.09384375375015146,-17.6111073485308,-15.86661876415823,41.277021318126145,0.2016541449673252,-0.6048725789047296,0.7199763874557169,-2.1307950822248376,2.6649751807923603,1.8300781527841632,0.018596999999999975,0.13327999999999995,-0.896239,-0.1225179999999999,-0.21238600000000002,-0.4888529999999999,0.14111499999999988,0.345666,0.4073860000000001,0.9866713011868091,0.29626409104127477,single,-0.4888529999999999
274,2.283333,stand,0.07584303372134546,0.25381015240609595,0.14280571222849336,-0.26450541881436906,-0.5888373229791715,0.36310793810956954,0.004920196807893935,-0.008400336013442354,-0.0018000720028794339,-0.002760110404428955,0.09672386895475589,0.11784471378855056,14.199535940155227,17.569405524331206,-51.80094399263829,0.07200576034928925,-0.2016161289671376,-0.25922073724409067,-2.9954396303807775,2.5922073724417074,2.880230413824472,0.01800600000000019,0.13109499999999996,-0.897444,-0.12317299999999998,-0.21369500000000002,-0.48906099999999997,0.14117900000000017,0.34479,0.40838300000000005,0.9834996430187862,0.24586474728051455,single,-0.48906099999999997
275,2.291667,stand,0.08219342452604289,0.2441804655627542,0.20962323014159356,-0.43265788585392256,0.2013544537502312,0.3250400106338002,0.006599472042226519,-0.0077993760499137565,0.00215982721382254,-0.023638108951284046,0.1423086153107765,0.15502759779217729,0.7619859376886708,-1.1554699836023137,8.017460752711745,0.20149690836723913,0.07210942686928166,0.4751498940127122,-2.505159412869562,5.469731984163697,4.461589153302908,0.017376000000000058,0.12899499999999997,-0.899173,-0.12405500000000003,-0.214544,-0.489516,0.14143100000000008,0.343539,0.409657,0.9825956461706922,0.14705973804308986,single,-0.489516
276,2.3,stand,0.08256330253210467,0.2176887075483018,0.255130205208206,-0.325413448392078,0.8134737836006681,0.640702413080668,0.004680187207476369,-0.005640225609026723,0.0024000960038400776,0.004920196807893935,0.15480619224769293,0.22956918276731256,0.044387136212862534,-3.179138127259406,5.461055450211552,-0.23032339310574426,0.25910841724313616,0.02883340813843031,3.427133776452447,1.4997692231989148,8.945348010936751,0.016726999999999936,0.12713399999999997,-0.9012789999999999,-0.12470199999999987,-0.21506799999999998,-0.48972899999999997,0.1414289999999998,0.34220199999999995,0.41154999999999997,0.9871464706483875,0.03844714046760872,single,-0.48972899999999997
277,2.308333,stand,0.10236409456377715,0.24120964838591955,0.25081003240128935,0.23658374649568975,0.8794687118047543,0.46793209689291543,0.0028801152046109375,-0.0030001200047930676,0.0033601344053760963,-0.014160566422663782,0.26089043561741426,0.3151326053041937,2.376190091404249,2.8226258055462266,-0.5184414744889554,-0.21601728103508366,0.3168253455218455,0.11520921655297928,-2.2897831789939844,12.730618429103162,10.268021425282292,0.015897999999999968,0.12509900000000007,-0.9033410000000001,-0.12567299999999992,-0.21490399999999993,-0.48919300000000004,0.1415709999999999,0.340003,0.414148,0.991088975795058,0.0,single,-0.48919300000000004
278,2.316667,stand,-0.02087832973360984,0.20386369090473766,-0.33009359251262116,-0.9711901832770954,-3.9480045036019837,1.0121596881434793,0.0025197984161326754,-0.002159827213831814,0.002279817614590719,0.006959443244527732,0.3353731701464026,0.4068874490041022,-14.78790788305647,-4.481156405229613,-69.70285876097158,-0.0432345558529252,0.10082706874985507,-0.12962764468267657,2.534198424189162,8.937213166425696,11.009700467952086,0.016092999999999913,0.12338199999999999,-0.900571,-0.12544100000000014,-0.21380799999999994,-0.48305099999999995,0.14153400000000005,0.33718999999999993,0.41752000000000006,0.9932893521575883,0.0,single,-0.48305099999999995
279,2.325,stand,0.07644305772230536,0.16620664826593298,0.1840873634945359,-0.3485382435479845,0.019553467384588335,0.8841198194015217,0.0,-0.0007200288011460728,0.004560182407296488,0.041761670466818626,0.3402136085443239,0.56822272890913,11.679033656055552,-4.51902587769147,61.70418288817165,-0.3023879054521258,0.17278272083111454,0.2736547213135327,4.176434324047684,0.5808758427842429,19.361008028923635,0.015455999999999914,0.12199099999999996,-0.902067,-0.12573000000000012,-0.21235800000000005,-0.47985,0.14118600000000003,0.334349,0.42221699999999995,0.9923055385968766,0.0,single,-0.47985
280,2.333333,stand,0.013440537621491779,0.177847113884555,0.2259690387615487,-0.3932692937382233,-0.09462064292008236,1.0365850691921057,-0.0010800432017191667,0.002880115204611091,0.002760110404416464,-0.12948517940718374,0.6689067562702598,0.7698307932317368,-7.5606048362911515,1.3969117507046847,5.026002072124468,-0.12961036862104602,0.43203456207334656,-0.21601728103684628,-20.550444002640575,39.444755517333355,24.193935476132083,0.015335000000000099,0.120533,-0.9039269999999999,-0.12692100000000006,-0.208266,-0.47531799999999996,0.14225600000000016,0.328799,0.42860899999999996,0.9931120543390848,0.0,single,-0.47531799999999996
281,2.341667,stand,0.17398608111350375,0.22534197264217914,0.3148548116150769,-0.5105016741230216,1.2000149087226757,0.4096721905174132,-0.005519558435323991,0.000599952003830297,0.004199664026877855,-0.06635469162464595,0.6663066954643547,0.8072954163666859,19.26392410511288,5.6989271367439125,10.665439507262722,-0.5326992120956072,-0.27359769627799096,0.17273261608607868,7.5750525297021,-0.31198233812155085,4.495395144582296,0.013839000000000157,0.11865999999999999,-0.906516,-0.12892399999999982,-0.20459099999999997,-0.471214,0.14276299999999997,0.32325099999999996,0.43530199999999997,0.9883974804380796,0.0,single,-0.471214
282,2.35,stand,0.13944557782312708,0.16560662426497785,0.13104524180967142,0.3085035704418415,0.01586032034732294,0.6845587549073264,-0.006600264010577076,-0.001560062402487682,0.004800192007680155,-0.03612144485780745,0.8250330013200627,0.7658706348253999,-4.145026195893074,-7.168528546406077,-22.058030697876774,-0.1296898566246364,-0.2592120972420495,0.07206624034589056,3.6281347374101496,19.047918619429915,-4.971172631859645,0.012621999999999911,0.11726700000000001,-0.907568,-0.13038700000000003,-0.199096,-0.465924,0.14300899999999994,0.316363,0.44164400000000004,0.9861517025695925,0.0,single,-0.465924
283,2.358333,stand,0.12564502580103562,0.1809672386895437,0.16128645145806123,0.7705815259059533,0.5422040864612182,0.7620130232475173,-0.009840393615734576,-0.0019200768030740608,0.006000240009600611,-0.01920076803071396,0.8510740429617247,0.7659906396255887,-1.6561324879505086,1.8433474648465127,3.6290903214196666,-0.38883110586313796,-0.0432034562086142,0.14401152069128365,2.030562441748908,3.1250499989994274,0.0144011520687402,0.011492999999999975,0.11574300000000004,-0.9088620000000001,-0.131594,-0.19351199999999996,-0.46088500000000004,0.14308699999999996,0.309255,0.447977,0.9805261627351018,0.0,single,-0.46088500000000004
284,2.366667,stand,0.12898968082552542,0.16750659947204863,0.1955843532517408,-0.06398344132916743,0.1829601320682485,0.8716209556870695,-0.008399328053757375,-0.002519798416132541,0.005639548836092881,0.038036957043424316,0.9133669306455423,0.7169426445884284,0.40132649681902755,-1.6151474942998525,4.115418981722981,0.17291403431451763,-0.07196083670008106,-0.04327947846265022,6.867977570690885,7.474548558173399,-5.88528858137268,0.010348000000000024,0.11432599999999993,-0.9104450000000001,-0.13235200000000003,-0.18729600000000002,-0.45654000000000006,0.14270000000000005,0.30162199999999995,0.453905,0.9826232429435773,0.0,single,-0.45654000000000006
285,2.375,stand,0.11520460818433706,0.200168006720271,0.17208688347533282,0.07228966941435923,0.7393154891926053,0.6150582389449903,-0.009120364814588465,-0.0037201488059526618,0.003000120004799889,0.05088203528140932,0.9217568702748187,0.7053882155286336,-1.6542748879381362,3.919525650812752,-2.8198091655356055,-0.08652787241462823,-0.14404780869076345,-0.31674412952034275,1.5414710474001103,1.0068330288343266,-1.3865869506534096,0.009311999999999987,0.11262699999999992,-0.9118539999999999,-0.13288800000000012,-0.18128300000000003,-0.45209599999999994,0.1422000000000001,0.29390999999999995,0.459758,0.9828388939804751,0.0,single,-0.45209599999999994
286,2.383333,stand,0.06708268330733005,0.19692787711508683,0.20964838593544582,-0.3386188752419897,0.23302707091396482,0.8493881191906317,-0.009480379215161521,-0.0010800432017191667,0.003600144005760533,0.1023640945637826,1.037321492859722,0.5120604824192906,-5.774861979720082,-0.3888311058663375,4.507560597637506,-0.04320345620701541,0.31682534552184316,0.07200576034569178,6.178094237654357,13.868309442566238,-23.200255983360712,0.00867400000000007,0.11097699999999999,-0.913571,-0.1325940000000001,-0.17428000000000005,-0.4495760000000001,0.14126800000000017,0.28525700000000004,0.46399499999999994,0.9830028498922238,0.0,single,-0.4495760000000001
287,2.391667,stand,0.08459323254139073,0.1400287976961734,0.12119030477561167,1.2145321981346255,0.5981118270904673,0.4046523144826422,-0.007079433645312071,0.0002399808015294545,0.004919606431485368,-0.004919606431480372,1.1385889128869633,0.3898488120950363,2.1010978202616437,-6.827343342802134,-10.614120609531255,0.28809042114824,0.15839020917309948,0.15832282526095814,-12.873014278289196,12.151118313803748,-14.664227300726344,0.007910000000000084,0.10981200000000002,-0.91454,-0.13334000000000001,-0.16595799999999994,-0.447337,0.1412500000000001,0.27576999999999996,0.46720300000000003,0.9856261716454107,0.0,single,-0.447337
288,2.4,stand,0.061802472098889706,0.17700708028321344,0.1321252850114039,0.6343759638541794,0.4088443195153103,0.3890014599145113,-0.006720268810759212,0.00108004320173249,0.003000120004799889,0.012720508820345667,1.266050642025693,0.19068762750509613,-2.7350006531262725,4.437571413301376,1.3122501182998099,0.04310150420651169,0.1008115204851846,-0.23034758510566383,2.1168985061593903,15.296019337421196,-23.900298162719547,0.007338999999999984,0.10834600000000005,-0.915616,-0.13374900000000012,-0.15688299999999994,-0.44684900000000005,0.1410880000000001,0.265229,0.46876699999999993,0.987602730335353,0.0,single,-0.44684900000000005
289,2.408333,stand,0.09252370094804803,0.18384735389416812,0.16428657146285444,-0.12587492597981892,0.4801192363547882,0.4488984618336249,-0.0060002400096131015,0.003120124804988687,0.002880115204608593,0.05064202568104504,1.2581303252130192,0.14256570262811577,3.68669492969622,0.8208656679412872,3.859508754524283,0.08640691241403062,0.2448195851741528,-0.01440115206903841,4.5507640538461205,-0.9504760365623272,-5.774861979716885,0.006517999999999802,0.10683999999999994,-0.9169609999999999,-0.13409800000000005,-0.14793100000000003,-0.4470299999999999,0.14061599999999985,0.25477099999999997,0.469931,0.9877487956869215,0.0,single,-0.4470299999999999
290,2.416667,stand,0.02591792656587381,0.15946724262057876,0.11123110151187954,0.48307265323736026,0.21259180558205854,0.1772844330395923,-0.0059995200383829005,-0.0002399808015294545,0.004319654427645913,-0.13018958483321266,1.4240460763138827,-0.21130309575233971,-7.9920535615759185,-2.9253793224849014,-6.366147102348752,8.638963645320522e-05,-0.40318041834870605,0.17273088829341357,-21.69805741711739,19.90829746830601,-42.46085893693938,0.006251999999999924,0.10550900000000007,-0.917852,-0.13539900000000005,-0.13739199999999996,-0.44971799999999995,0.14165099999999997,0.24290100000000003,0.46813400000000005,0.9876721582214235,0.0,single,-0.44971799999999995
291,2.425,stand,0.04452178087122316,0.15420616824674227,0.1054842193687713,-0.18263800352150358,0.08176730375114673,0.22385587763132359,-0.007680307212296243,-0.0002400096003909192,0.0031201248049920177,0.015360614424565839,1.3744149765990754,-0.16140645625825667,2.232551818714691,-0.6313541790275462,-0.6896534433107279,-0.20170252897076177,-3.4560016158284233e-06,-0.14394931269097636,17.466722579836773,-5.955970204585111,5.98783625274013,0.005816999999999961,0.10422199999999993,-0.918705,-0.13564200000000004,-0.12722400000000006,-0.45194199999999995,0.141459,0.23144599999999999,0.46676300000000004,0.986177725074454,0.0,single,-0.45194199999999995
292,2.433333,stand,0.10056402256091197,0.21912876515059568,0.13152526101044623,-0.19739467431417265,1.2673128464239354,-0.4230190551504728,-0.008880355214197073,-0.0018000720028785052,0.002760110404416317,-0.02976119044761971,1.4008160326412424,-0.358574342973702,6.725338016283012,7.7910232693928405,3.1250499990008143,-0.14401152068892076,-0.18721497689757793,-0.04320345620733047,-5.414833177989146,3.168253455198111,-23.661092849566376,0.004904999999999937,0.10238099999999994,-0.919778,-0.13672800000000018,-0.11737700000000006,-0.45602600000000004,0.14163300000000012,0.219758,0.46375199999999994,0.9842132987234304,0.0,single,-0.45602600000000004
293,2.441667,stand,-0.021718262539022922,0.16774658027358702,0.09647228221741692,-0.6509126706795072,-1.600733903886315,0.05180540422083746,-0.010199184065288774,-0.002399808015361281,0.00035997120230335956,0.005279577633808139,1.4751619870411072,-0.46448284137270635,-14.672700395961181,-6.165368955724863,-4.20602097348583,-0.15824680238682048,-0.07196256449277698,-0.2879936647603872,4.204555805307109,8.92080086391507,-12.708003167627691,0.005001000000000033,0.10096299999999991,-0.9205789999999999,-0.13650299999999982,-0.10648100000000005,-0.4607009999999999,0.14150399999999985,0.20744399999999996,0.459878,0.9825268449253401,0.0,single,-0.4607009999999999
294,2.45,stand,0.03864154566184343,0.11580463218528153,0.009000360014405849,1.0149697672270324,0.07601169630690524,-0.08636694078467871,-0.010200408016307089,-0.0042001680067209534,0.0014400576023038034,0.0007200288011460728,1.493099723988888,-0.5768630745229562,7.2434667227725535,-6.233283101920461,-10.49705054638272,-0.00014687999739760487,-0.21605184103679262,0.12961555262215244,-0.5471677466292889,2.152614538315118,-13.486167424726371,0.004593999999999987,0.09996299999999991,-0.920642,-0.13681900000000002,-0.09500400000000009,-0.46558299999999997,0.141413,0.194967,0.455059,0.9814584924439953,0.0,single,-0.46558299999999997
295,2.458333,stand,0.041641665666612065,0.153006120244801,0.09732389295571986,-1.0833423914362788,-0.29844918846191976,0.0787265621532059,-0.009840393615761223,-0.0021600864034516565,-0.0008400336013440688,-0.03036121444858527,1.5706228249130094,-0.6469458778351235,0.3600288017243089,4.464357141428035,10.599247922874692,0.043203456203752474,0.2448195851757249,-0.2736218893133197,-3.7298983859032315,9.303144236664133,-8.41027280837249,0.004164999999999974,0.09867000000000004,-0.9214600000000001,-0.13741899999999996,-0.08319100000000001,-0.471785,0.14158399999999993,0.18186100000000005,0.44967500000000005,0.9831505871982567,0.0,single,-0.471785
296,2.466667,stand,0.027237820974319114,0.11531077513798683,-0.01883849292056174,0.8385155916533196,0.2636669573517374,-0.08414202802635573,-0.008759299256058218,-0.003359731221505614,0.0003599712023041729,-0.03383729301654563,1.585553155747535,-0.8047756179505601,-1.7283230972273627,-4.52307956645235,-13.938371235454849,0.12972094548872048,-0.14394586249747401,0.14398905731320288,-0.4170960604704024,1.7914963804326312,-18.938053769550685,0.0038650000000000073,0.09768100000000002,-0.9213,-0.13792799999999983,-0.07093799999999995,-0.47833500000000007,0.14179299999999984,0.16861899999999996,0.44296499999999994,0.984352609677611,0.0,single,-0.47833500000000007
297,2.475,stand,0.006720268810759212,0.12324492979719304,-0.006720268810759212,0.7323843326614462,0.13833188853931697,0.03397962670395791,-0.006840273610941349,-0.004080163206525717,0.0003600144005763864,-0.05784231369255945,1.5513020520821001,-0.9864394575783128,-2.4622047478171236,0.9521366445705358,1.454245062978836,0.23029228910559063,-0.08645529641426972,5.1840000256153925e-06,-2.8807177098300776,-4.110296851726298,-21.800532776641585,0.0037519999999999776,0.09662000000000004,-0.921241,-0.13846599999999998,-0.059037999999999924,-0.486499,0.14221799999999996,0.15565799999999996,0.43474199999999996,0.9867118802817194,0.0,single,-0.486499
298,2.483333,stand,0.014520580823237591,0.14136565462618783,0.04692187687507906,-0.03219213472536265,0.2349147655197193,0.09916134614848185,-0.004080163206512394,-0.003360134405379606,0.0027601104044156313,-0.07872314892595655,1.6167046681867336,-1.077523100924042,0.9360748844927937,2.1745739624378926,6.437314974899647,0.33122649759138123,0.08640691241403067,0.28802304138236734,-2.505800460026077,7.8486278776711975,-10.930474420464432,0.0035970000000000724,0.095414,-0.921609,-0.139243,-0.04674400000000001,-0.495869,0.14284000000000008,0.142158,0.42574,0.9900617958728064,0.0,single,-0.495869
299,2.491667,stand,0.009479241660659903,0.112191024718024,0.04739620830332616,-0.13963464869723247,-0.0035963617377754204,0.19492968941791033,-0.0014398848092300135,-0.0017998560115175344,0.00011999040076805765,-0.07439404847612914,1.6312694984401153,-1.1627069834413197,-0.604912306524796,-3.5006755349368377,0.05691521817219766,0.31680806302884096,0.18721842978906406,-0.3167890573131214,0.5194504979394505,1.7476398192202438,-10.221248202217069,0.003506000000000009,0.09446399999999999,-0.9220029999999999,-0.139942,-0.034084,-0.505954,0.14344800000000002,0.128548,0.4160489999999999,0.9961532309291781,0.0,single,-0.505954
300,2.5,stand,0.01596063842555646,0.14724588983559214,0.05220208808353272,0.21374091746982085,0.31920463847837016,0.005474328878183926,0.0025201008040380353,-0.0001200048001954596,0.0006000240009598112,-0.07584303372134546,1.6533061322453095,-1.1574462978519264,0.7777987237365436,4.206752084191583,0.576728642770504,0.4752172822834615,0.2015902089670095,0.057606336276462014,-0.17388518483335325,2.6445018366968047,0.6313075230281228,0.003393999999999897,0.09323599999999999,-0.9224330000000001,-0.14070700000000014,-0.021533999999999942,-0.5160340000000001,0.14410100000000003,0.11476999999999993,0.40639899999999995,0.9956777905546177,0.0,single,-0.5160340000000001
301,2.508333,stand,-0.002640105604246818,0.11364454578183605,0.025681027241082253,0.09155740186657552,-0.025341511512355284,0.12428386194840722,0.006360254410186157,-0.0007200288011461112,0.0002400096003842576,0.030481219248767406,1.6067442697708036,-1.3235329413176595,-2.2321785707192427,-4.0323225793539414,-3.182654607278377,0.4608368662124273,-0.07200576034449263,-0.04320345620731512,12.75942073324299,-5.58764700282087,-19.9311944636667,0.0034690000000001664,0.092283,-0.9226449999999999,-0.14043099999999997,-0.009091999999999989,-0.527277,0.14390000000000014,0.10137499999999999,0.39536799999999994,0.9893243680586412,0.0,single,-0.527277
302,2.516667,stand,-0.011759059275249667,0.1312694984401285,0.0058795296376381555,-0.014798169002621398,-0.07881563918038793,0.2006381625683482,0.00911927045835906,0.0011999040076739157,0.0009599232061436286,-0.08963282937365581,1.4050875929925497,-1.55951523878089,-1.0941869055678881,2.1148251329844387,-2.375989633242614,0.3310554413454382,0.23037350717782723,0.086382722073358,-14.412532832064112,-24.196865464153156,-28.31561044675169,0.003643000000000063,0.09119899999999992,-0.922686,-0.1410800000000001,0.0015239999999999698,-0.5403230000000001,0.14472300000000016,0.08967499999999995,0.3823629999999999,0.9845869539492941,0.0,single,-0.5403230000000001
303,2.525,stand,-0.02700108004319234,0.14664586583462816,0.008760350414015409,0.011303443356267727,-0.06100523489527984,0.07732457069844324,0.01068042721708947,-0.0012000480019146262,-0.0013200528021117513,-0.11460458418334643,1.4622584903396272,-1.5471018840753723,-1.8291156567794085,1.84523789685585,0.34571232165813987,0.18734630489984705,-0.2880057613810829,-0.2736080653132606,-2.9967304463807567,6.860782112933877,1.4896621511481754,0.003956999999999988,0.08996700000000002,-0.92277,-0.14181,0.012487000000000026,-0.553288,0.14576699999999998,0.07748,0.369482,0.981952671777702,0.0,single,-0.553288
304,2.533333,stand,-0.031201248049940164,0.12756510260410966,-0.009480379215174844,-0.022691616768959755,0.04039096947477925,-0.01601087074172829,0.011760470418808637,-0.0001200048001954596,-0.0001200048001921288,-0.17472698907957965,1.4316572662906644,-1.5750630025201149,-0.5040403224226405,-2.2897831789893996,-2.1889751145074308,0.12961036862104602,0.12961036862104602,0.14401152069118367,-7.214977186635517,-3.6722937776266766,-3.355468432106425,0.004315000000000069,0.08890299999999995,-0.922692,-0.14300599999999997,0.023353999999999986,-0.5663339999999999,0.14732100000000004,0.06554899999999997,0.35635800000000006,0.9803971751769311,0.0,single,-0.5663339999999999
305,2.541667,stand,-0.01919846412286258,0.1509479241660633,0.01271898248140745,0.19076754062429088,0.06011702666324981,-0.18036936917522717,0.013078953683694971,-0.0004799616030722306,0.001319894408446969,-0.19786417086633057,1.2996160307175368,-1.6324694024477957,1.440218853741,2.805714130303992,2.6637103067653136,0.1582053353595301,-0.043191361036329284,0.17277408311004164,-2.7762397152328706,-15.843680774313237,-6.888216933966929,0.0045839999999999215,0.08764099999999997,-0.922787,-0.14449500000000004,0.03292700000000004,-0.580045,0.14907899999999996,0.05471399999999993,0.342742,0.9780764260662618,0.0,single,-0.580045
306,2.55,stand,-0.05280211208448338,0.14856594263770223,-0.025921036841473174,-0.189867479847742,0.05838582061021442,-0.14075125498971386,0.016440657626311653,0.0001200048001954596,-0.0015600624024960088,-0.18984759390375455,1.2470898835953501,-1.658226329053177,-4.032599059356907,-0.2858492173720274,-4.636987798257647,0.403420609938403,0.07199884834605733,-0.3456086416588269,0.9620277166177955,-6.303389790254075,-3.090954830839006,0.005160999999999971,0.08640400000000004,-0.9225840000000001,-0.14563700000000002,0.042081000000000035,-0.593647,0.150798,0.044323,0.32893700000000003,0.9724750911275426,0.0,single,-0.593647
307,2.558333,stand,-0.05472218888755452,0.15288611544461073,-0.028201128045118786,0.026981143162627515,-0.043029761689918705,-0.271690299185192,0.016440657626310775,0.0012000480019145625,0.0001200048001921224,-0.1699267970718588,1.1136445457817767,-1.6757470298811183,-0.23041843310585133,0.5184414744879761,-0.2736218893130339,-1.0533662292622413e-13,0.12961036862103148,0.20161612896772554,2.3905912434771253,-16.014081100872133,-2.102568202080963,0.005754000000000037,0.08514,-0.9223480000000001,-0.14659699999999987,0.05008699999999999,-0.607376,0.1523509999999999,0.035053,0.31497200000000003,0.972525277296691,0.0,single,-0.607376
308,2.566667,stand,-0.0545956323493992,0.1681065514759012,-0.012598992080636733,0.020125446955788055,-0.1110178964425847,-0.22730985139177548,0.019198464122863603,0.000719942404615045,0.0005999520038394876,-0.22666186705064983,1.1161507079434194,-1.6793856491481458,0.015185569733060306,1.8263062192573998,1.8721065472141547,0.33091030676181354,-0.057608063030902254,0.057589057313101405,-6.8076637843524885,0.30071540216496184,-0.43659938409258836,0.006368999999999847,0.08374499999999996,-0.922238,-0.14803100000000002,0.05798799999999993,-0.621267,0.15439999999999987,0.02575700000000003,0.300971,0.9679644605273319,0.0,single,-0.621267
309,2.575,stand,-0.07176287051482924,0.18780751230047504,-0.0722428897155844,-0.15313006234161416,-0.2917565928261143,-0.1642479597934243,0.01860074402977564,0.0002400096003775832,-0.0015600624024959258,-0.18672746909876925,1.0108004320172443,-1.6695067802711414,-2.0601509858909495,2.3642098673434506,-7.157554018354138,-0.07172928034176618,-0.057594240278104,-0.2592120972441279,4.792319447003338,-12.642538812692958,1.1855116857079038,0.007122000000000073,0.08218199999999998,-0.921649,-0.14898900000000004,0.06484600000000007,-0.6345770000000001,0.1561110000000001,0.017335999999999907,0.287072,0.968887342796737,0.0,single,-0.6345770000000001
310,2.583333,stand,-0.07380295211808927,0.189007560302413,-0.045841833673346565,-0.19753456673319314,-0.26904123197081337,-0.26662055789181943,0.02196087843511627,0.000840033601354894,-0.0037201488059526618,-0.20304812192488206,0.9883595343813735,-1.6995079803192226,-0.24481958517461216,0.14401152069338413,3.1682534552067776,0.4032322579311965,0.07200576034769186,-0.2592207372443005,-1.9585566814008109,-2.693015436922006,-3.600288017290463,0.007919999999999927,0.08061400000000007,-0.9212980000000001,-0.15006600000000003,0.07150699999999999,-0.6483570000000001,0.15798599999999996,0.009107000000000087,0.272941,0.9628507011718708,0.0,single,-0.6483570000000001
311,2.591667,stand,-0.11531077513798683,0.20710343172546103,-0.06263498920086615,-0.24198031263719366,-0.6371739177642888,-0.29070133798157893,0.020038396928248974,-0.0027597792176619956,-0.005399568034556766,-0.17482601391889013,0.9233261339092811,-1.5778737700983796,-4.980540319162137,2.171330864296603,-2.015017461905382,-0.2306793264779554,-0.43194298284339594,-0.20151418629758716,3.386382050154993,-7.80338378594815,14.594937631490527,0.009047999999999945,0.07886500000000007,-0.920821,-0.15056200000000008,0.07747599999999999,-0.6609849999999999,0.15961000000000003,0.0013890000000000846,0.25983600000000007,0.965106946419408,0.0,single,-0.6609849999999999
312,2.6,stand,-0.08724348973958104,0.20664826593063929,-0.05580223208928993,-0.035441304334793464,-0.09989211354843602,-0.34581398043598,0.021240849633996806,-0.0014400576023055455,-0.0019200768030723952,-0.18804752190086263,0.8249129965198739,-1.5477019080763428,3.3682089761677725,-0.0546220802618202,0.8199636519352308,0.14430009669360883,0.15837292875992587,0.4175556500041285,-1.5866444236136588,-11.810048888684515,3.6207682733753854,0.009951999999999961,0.07713100000000006,-0.920372,-0.15140200000000004,0.08262800000000003,-0.6734169999999999,0.161354,0.005496999999999974,0.24695500000000004,0.9643733030033143,0.0,single,-0.6734169999999999
313,2.608333,stand,-0.0655226209048557,0.2409696387855548,-0.02040081603264191,1.1062374779893172,-0.32285359960758747,-0.3888957671125002,0.017400696027848682,0.0012000480019146262,-0.0046801872074880265,-0.2805712228489107,0.5900636025441011,-1.5339013560542514,2.606608524508046,4.11872949176957,4.248339860392218,-0.46083686621242753,0.3168253455202443,-0.3312264975897824,-11.103288245295678,-28.18305459927697,1.656132487950502,0.01064300000000018,0.075133,-0.920241,-0.15319399999999983,0.08553699999999997,-0.686029,0.163837,0.010403999999999969,0.23421199999999998,0.9699016201175387,0.0,single,-0.686029
314,2.616667,stand,-0.12778977681783818,0.23050155987521562,-0.07487401007918805,-0.09229014582334155,-0.8939317159053817,-0.19782642363244893,0.018118550515960053,0.0027597792176619956,-0.0021598272138233727,-0.3933285337173133,0.5842332613390899,-1.5052795776337813,-7.471460992678427,-1.2560689837219947,-6.536260384754707,0.08613564772154617,0.18715277366778948,0.3024190057192986,-13.529794920614563,-0.6995849778031067,3.4343386633633157,0.011859000000000064,0.07323499999999994,-0.919635,-0.15540700000000007,0.08848499999999992,-0.6979500000000001,0.16726600000000014,0.015249999999999986,0.2216849999999999,0.9692427466674206,0.0,single,-0.6979500000000001
315,2.625,stand,-0.07572302892116332,0.2020880835233317,-0.09264370574823017,0.3148104797547647,-0.285658186583273,-0.2946156769979405,0.014280571222846672,0.013200528021127506,-0.0064802592103682935,-0.10572422896914889,0.45073802952118275,-1.7401896075843175,6.248259677988159,-3.4097535523681946,-2.1324487782362027,-0.46057593821113835,1.252939974014833,-0.5184725784885348,34.51389712566507,-16.020068620893845,-28.190331207312898,0.012609000000000092,0.07166100000000009,-0.918917,-0.15565699999999993,0.090557,-0.711679,0.16826600000000003,0.018895999999999913,0.20723800000000003,0.9658360808453921,0.0,single,-0.711679
316,2.633333,stand,-0.12984519380775678,0.23724948997960213,-0.12180487219488749,-0.24755925356008876,-0.8488792778875588,-0.3148537298220699,0.02820112804512029,0.008760350414015409,0.00984039361574457,-0.199567982719307,0.3927757110284545,-1.6174246969878932,-6.4949195831746005,4.219537556254739,-3.4994799527970226,1.6705336400184498,-0.5328426265585188,1.9585566814008175,-11.2617009180558,-6.95575644938543,14.732378566713727,0.013926000000000105,0.06975700000000007,-0.9178200000000001,-0.15623799999999988,0.09185300000000007,-0.7241420000000001,0.17016399999999998,0.022096000000000005,0.19367800000000002,0.9481219188624158,0.0,single,-0.7241420000000001
317,2.641667,stand,-0.13006959443242797,0.23566114710823877,-0.1108711303095787,0.22684864409012975,-0.7783478625108485,-0.2806403970123414,0.01883849292056174,0.002039836813046989,-0.004199664026877855,-0.06599472042237176,0.3227741780657487,-1.7487401007919237,-0.026925920886871568,-0.19058589769178674,1.3119440707113885,-1.12342634083975,-0.8063971203465765,-1.6846721433432106,16.027509274890118,-8.399511994565065,-15.756587929449184,0.01516699999999993,0.06780999999999993,-0.9169309999999999,-0.15570400000000006,0.09257899999999997,-0.737792,0.170871,0.02476900000000004,0.17913899999999994,0.9676526264297939,0.0,single,-0.737792
318,2.65,stand,-0.1023640945637826,0.2476899075963007,-0.0468018720748836,-0.1271048334049725,-0.8611126664294995,-0.32190085494528436,0.006240249609977374,0.003360134405379606,-0.020520820832833207,-0.2112084483379335,0.22764910596424515,-1.6062642505700384,3.3247929759565116,1.443508998927401,7.688618532904797,-1.511849671256988,0.158442048761866,-1.9586171614011165,-17.426344403643714,-11.415465270791364,17.097785938063907,0.016071999999999864,0.065774,-0.916712,-0.15661100000000006,0.09241200000000005,-0.750787,0.17268299999999992,0.02663800000000005,0.165925,0.9638162365268051,0.0,single,-0.750787
319,2.658333,stand,-0.13152526101043993,0.2660506420256864,-0.07764310572422406,0.6922138393425465,-0.344747667602399,-0.45909560519747133,0.03396135845434247,-0.004200168006721177,0.018000720028801834,-0.15540621624865691,0.17052682107284514,-1.5544221768870887,-3.4994799527970226,2.2033762665769685,-3.7010960817641596,3.3266661279689607,-0.9072725803553165,4.622769814188815,6.696535712141738,-6.85494838490346,6.221297693861773,0.017450999999999883,0.06352199999999997,-0.915915,-0.15681000000000012,0.09161600000000003,-0.763093,0.174261,0.028094000000000063,0.152822,0.9355570622586598,0.0,single,-0.763093
320,2.666667,stand,-0.13942884569235645,0.20674346052316017,-0.11555075593952961,-0.2839263111194295,-0.32067056932993593,-0.3173119093563496,0.020518358531307884,0.007079433645312071,0.0074394048476120805,-0.18514518838493643,0.15382769378448338,-1.4514038876889765,-0.9483542934864956,-7.116292476904941,-4.548554141505311,-1.613030948288275,1.353443922730161,-1.2672564412274625,-3.5683911850587102,-2.0037349758053313,12.361205807308782,0.018783999999999912,0.06185799999999997,-0.91489,-0.15719100000000008,0.0911749999999999,-0.774226,0.175975,0.029316999999999926,0.140664,0.9617585825880011,0.0,single,-0.774226
321,2.675,stand,-0.1390855634225274,0.2011280451217947,-0.08496339853593392,-0.2753833429632683,-0.642382171134399,-0.3388677184941717,0.016080643225738597,0.006960278411136808,0.014040561622464913,-0.11460458418334643,0.06972278891156354,-1.472578903156137,0.04119552020029418,-0.6738768032359933,3.6706297136200616,-0.5325471385538615,-0.01429920006903441,0.7921704998023392,8.465211112635384,-10.092992304442651,-2.541103500199277,0.0200769999999999,0.06024000000000007,-0.914065,-0.156987,0.09008000000000005,-0.7857890000000001,0.1770639999999999,0.029839999999999978,0.12827599999999995,0.9625771188238672,0.0,single,-0.7857890000000001
322,2.683333,stand,-0.12156486259451674,0.1225249009960404,-0.06696267850714434,-0.14939154240057645,-0.4569980820685177,-0.06378872331323854,0.005880235209404005,0.0012000480019145625,0.024720988839552233,-0.10776431057242598,0.08784351374054034,-1.3506540261609885,2.10256820208927,-9.43275460527431,2.1601728103670688,-1.224097925877132,-0.6912552993186116,1.2817025341517878,0.8208656679371349,2.1745739624356166,14.631570502237254,0.02113900000000002,0.059228999999999976,-0.913301,-0.1568719999999999,0.08979099999999995,-0.796486,0.17801099999999992,0.030561999999999978,0.116815,0.9576016060796166,0.0,single,-0.796486
323,2.691667,stand,-0.17218622510198206,0.17830573554116333,-0.15166786657068643,-0.9818590829111971,-0.5261901778404289,-0.3885342882031792,0.01043916486680492,0.012239020878335873,0.005759539236861246,-0.0584353251740039,0.07331413486921719,-1.3364530837533586,-6.074077574690141,6.693164692239678,-10.163809462868485,0.5470277966644017,1.324570779508257,-2.275191936968065,5.919004727432726,-1.743385993679363,1.7039767707740068,0.02266099999999982,0.057845000000000035,-0.9119889999999999,-0.15592400000000017,0.088916,-0.80636,0.178585,0.03107099999999996,0.10562899999999997,0.9715228118879133,0.0,single,-0.80636
324,2.7,stand,-0.14340573622944972,0.16872674906995755,-0.13548541941676295,-1.0215412492519875,-1.1092754287218298,-0.0918267642966014,0.004560182407320636,0.006120244809794911,0.003480139205568219,-0.059642385695421546,0.1327253090123608,-1.282611304452122,3.453796816576392,-1.1495243575189436,1.941971337324224,-0.7055061153826983,-0.7342824995248639,-0.2735389453129637,-0.14485305669237905,7.129626082220207,6.461271967026797,0.023894000000000082,0.05649000000000004,-0.9108310000000001,-0.1552260000000001,0.08861600000000003,-0.8159190000000001,0.17912000000000017,0.03212599999999999,0.094912,0.9860194550843372,0.0,single,-0.8159190000000001
325,2.708333,stand,-0.13824552982119914,0.15588623544942543,-0.056882275291009095,-0.43561402394157206,-0.18125958763556466,-0.3838031604359884,-0.00312012480500201,0.014040561622455754,0.0936037441497672,-0.05340213608544735,0.04824192967718914,-1.1129245169806898,0.6192495389716333,-1.5409232713947247,9.432754605274761,-0.9216737324280231,0.9504760365607721,10.815265203912134,0.7488599075932136,-10.138411056662957,20.363229025733062,0.025020000000000042,0.05530799999999991,-0.9095770000000001,-0.15451900000000007,0.08771899999999999,-0.824719,0.17953900000000012,0.03241100000000008,0.0848580000000001,0.8421627643185001,0.0,single,-0.824719
326,2.716667,stand,-0.16870650347972255,0.29721622270217574,-0.10703143748500085,-0.22432149631219314,-0.8576156969121288,-0.30254029375766245,0.013438924885995813,-0.032277417806570875,-0.0749940004799611,-0.03203743700504142,0.12994960403166989,-1.1091912646988158,-3.6550244370678153,16.95824181098503,-6.017418069833378,1.986927008759023,-5.557712914449997,-20.230110946691507,2.563558804944297,9.804136591610286,0.44795443746988434,0.02653799999999995,0.052562,-0.9093100000000001,-0.15338000000000007,0.08632499999999999,-0.833071,0.17991800000000002,0.03376299999999999,0.07623900000000006,0.8620936659425461,0.0,single,-0.833071
327,2.725,stand,-0.14304572182885764,0.12516500660026708,0.07200288011519734,0.025654804886440122,-0.19608846595177415,-0.23904627853316637,0.016200648025920732,-0.042121684867393906,-0.013320532821312972,-0.14124564982599236,0.15264610584424126,-0.9747989919596879,3.079416974782809,-20.646971811101672,21.484977511124423,0.33142003359233707,-1.1813593016708412,7.401112163524385,-13.105509758904589,2.7236891650751933,16.12771783740899,0.027864999999999807,0.05116799999999999,-0.910021,-0.1533650000000002,0.08655400000000002,-0.8417939999999999,0.18123,0.03538600000000003,0.06822700000000004,0.9215756924166952,0.0,single,-0.8417939999999999
328,2.733333,stand,-0.11112444497782466,0.21420856834272672,-0.04008160326412438,-0.1677628241794174,-0.6997053350345669,-0.2512129808375461,0.014760590423628511,-0.014160566422664536,0.0064802592103682935,0.14028561142448198,0.06156246249849878,-1.082323292931727,3.830706450382008,10.685654835288666,-13.450676032560033,-0.17281382482806124,3.3554684321048396,2.3761900914054297,33.7851027541674,-10.930474420466016,-12.903432253934971,0.028914000000000106,0.049265,-0.909633,-0.1512699999999998,0.08528200000000008,-0.850479,0.1801839999999999,0.03601700000000008,0.05915400000000004,0.9642388156384618,0.0,single,-0.850479
329,2.741667,stand,-0.16630669546434806,0.32661387089032656,-0.17338612910967346,-0.6633523102153912,-1.8700050468428677,-0.5256902757947192,0.013438924885995813,-0.011759059275249667,-0.012119030477562166,0.09323254139666423,0.15022798176144833,-1.090352771778249,-6.621340351154666,13.487557301127788,-15.995263480387337,-0.15858717754171928,0.28815780506537686,-2.231736223653746,-5.645916729999687,10.639011190658612,-0.9634603847518589,0.030411999999999884,0.04644500000000007,-0.908289,-0.1491070000000001,0.083812,-0.858121,0.17951899999999998,0.03736699999999993,0.05016799999999999,0.9640312219940701,0.0,single,-0.858121
330,2.75,stand,-0.11724468978759325,0.24300972038882432,0.010080403216125496,0.018528853922255697,-0.1997759353214367,-0.46857493305529246,0.01596063842555646,-0.015720628825152218,-0.03684147365894607,0.11376455058204483,0.016200648025934055,-1.0567622704908304,5.887676188258162,-10.032899376155408,22.016864553678225,0.30261772945645876,-0.4754073622828017,-2.9668118542402655,2.4639396598320884,-16.08392340519807,4.0310213953460945,0.03152200000000005,0.04428900000000002,-0.9086799999999999,-0.14718199999999992,0.08192200000000005,-0.867011,0.17870399999999997,0.03763300000000003,0.041668999999999956,0.9281364268798863,0.0833100000000001,single,-0.867011
331,2.758333,stand,-0.12768510740429181,0.2773310932437265,-0.05148205928237329,0.241051558728828,-0.4093977788819927,-0.4616608919502769,0.024480979239154304,-0.006000240009599778,-0.03708148325933116,0.13968558742349135,-0.13932557302293164,-1.0220808832353383,-1.2529002300130392,4.118729491767971,-7.38779101146038,1.0224817969036266,1.1664933175990073,-0.028802304138376388,3.1106488469274876,-18.663893081587315,4.161932947977006,0.032789999999999875,0.041928000000000076,-0.9085599999999999,-0.14495400000000003,0.07845000000000002,-0.875099,0.1777439999999999,0.03652199999999994,0.03346099999999996,0.9252716470327218,0.16539000000000004,single,-0.875099
332,2.766667,stand,-0.14818814494841465,0.27237820974321775,-0.014398848092153596,-0.38655298192708526,-0.45624912645194576,-0.5243923995596408,0.011999040076792443,-0.005519558435323991,-0.014998800095992219,0.08423326133908988,-0.12155027597791251,-0.6179505639548791,-2.460167691879371,-0.5942984761829526,4.449629372476531,-1.4977128824528156,0.05767717473911485,2.6497100028004286,-6.653746830381695,2.1328650162009826,48.49175897293689,0.03412499999999996,0.03961200000000009,-0.908565,-0.14301699999999995,0.0751670000000001,-0.8801289999999999,0.1771419999999999,0.035555,0.028436000000000017,0.966691405329815,0.21564000000000005,single,-0.8801289999999999
333,2.775,stand,-0.15912636505459624,0.25909036361454957,-0.04836193447737128,-0.12352138683103103,-0.33278422319919115,-0.49828766127442425,0.0429617184687488,0.06180247209887638,-0.027721108844354272,0.2104884195367874,-0.2785311412456545,-0.35677427097084086,-1.3126389182985347,-1.5946053196529821,-4.075733395561981,3.71567003383615,8.07896682277703,-1.5267381193282334,15.151225032725147,-18.838457370424024,31.342408854439057,0.03580899999999998,0.037968,-0.908393,-0.13993699999999998,0.07068700000000006,-0.882699,0.17574599999999996,0.032719000000000054,0.025693999999999995,0.8663159333137249,0.24305999999999994,single,-0.882699
334,2.783333,stand,-0.15312612504500978,0.25801032041281713,-0.057842313692546124,-0.2314934839428678,-0.5591022265676919,-0.40307106441868884,0.007200288011514404,0.02844113764551121,0.03480139205568321,0.16344653786149954,-0.25813032521301255,-0.30349213968559063,0.7200576034545201,-0.12961036862263878,-1.1376910134615306,-4.291543316600831,-4.003520275214866,7.503000228013687,-5.645251611099039,2.4481958517511244,6.394111518690833,0.037144999999999984,0.03605500000000006,-0.907621,-0.13729900000000006,0.06638600000000006,-0.884746,0.17444400000000004,0.030330999999999997,0.02287499999999998,0.924136831015142,0.27125,single,-0.884746
335,2.791667,stand,-0.13294936405086133,0.23926085913127382,-0.10499160067195386,-0.1640394697442655,-0.9408199617282178,-0.43286208683714883,0.008279337652999309,0.017398608111345047,0.02555795536357047,0.09743220542356956,-0.29037676985840644,-0.4024478041756624,2.4210176378867643,-2.249755373355312,-5.657461840581639,0.12947559893027313,-1.3249975442963855,-1.1091236731596674,-7.921086205655085,-3.8692638163419297,-11.873729840421287,0.03832199999999997,0.03420599999999996,-0.9065329999999999,-0.13537900000000014,0.06197200000000003,-0.8872249999999999,0.1737010000000001,0.02776600000000007,0.019307999999999992,0.9466544785137394,0.30691999999999997,single,-0.8872249999999999
336,2.8,stand,-0.1401656066242732,0.2040081603264191,-0.10764430577222295,-0.2912575363145202,-0.8899599216833423,-0.2648835882415994,-0.04560182407296897,0.03576143045722107,-0.026161046441858262,0.09228369134765711,-0.41257650306013244,-0.20280811232449614,-0.8659837481593572,-4.230493076305656,-0.31833734552611476,-6.465998047038134,2.203626826578206,-6.2065284777906164,-0.6178464029656182,-14.66455456638991,23.957721330993408,0.03910999999999998,0.032803999999999944,-0.905854,-0.13344200000000006,0.05683399999999994,-0.8880180000000001,0.17255200000000004,0.024029999999999996,0.017835999999999963,0.8940282189283164,0.32164000000000004,single,-0.8880180000000001
337,2.808333,stand,-0.1222848913956628,0.19908796351852787,-0.029281171246851218,0.5066184841674266,-0.44852098259337553,-0.21354787272342093,0.024000960038397832,-0.0068402736109409844,0.045241809672385176,-0.015840633625346833,-0.4129365174606835,-0.2671306852273963,2.1457716582994837,-0.5904472348363163,9.403952301136238,8.352668200091651,-5.112408984538603,8.568685481128078,-12.975438014280472,-0.043203456204373034,-7.719017509048041,0.04032900000000006,0.031088000000000005,-0.9052330000000001,-0.13255499999999998,0.05173399999999995,-0.89,0.17288400000000004,0.020645999999999942,0.015233000000000052,0.9138854643791572,0.34767,single,-0.89
338,2.816667,stand,-0.14026877849772365,0.16318694504440723,-0.03947684185265644,0.03602910843308432,-0.16899481055504412,-0.19034282059546306,-0.016438684905214784,0.007559395248384704,-0.010919126469883004,-0.03395728341733215,-0.15514758819295027,-0.1975041996640361,-2.1578938207417413,-4.307777594687098,-1.223382602088515,-4.85236920369744,1.727822037356173,-6.738773235213672,-2.1738240691128086,30.93219693637449,8.354509906811062,0.04136099999999998,0.029791000000000012,-0.904995,-0.13166900000000004,0.04908099999999993,-0.891317,0.17303000000000002,0.01928999999999992,0.013677999999999968,0.9647783943832633,0.4408201758993101,single,-0.891317
339,2.825,stand,-0.12348493939756404,0.1556462258490262,-0.03300132005280368,-0.14853081345411726,-0.31397756780220476,-0.16209771651650853,-0.01704068162724807,0.012960518420735897,-0.01140045601823997,-0.15552622104883074,0.0018000720028785052,-0.2536901476058936,2.014141257669371,-0.9049225003456961,0.7770936997302859,-0.0722424963438451,0.6481607071103989,-0.05776185627708452,-14.588856070021988,18.83447260240272,-6.742583456360856,0.04224800000000006,0.028602000000000016,-0.9048149999999999,-0.13193600000000005,0.047798999999999925,-0.893156,0.17418400000000012,0.01919699999999991,0.011658999999999975,0.9595741328176813,0.38745318992576083,single,-0.893156
340,2.833333,stand,-0.11028441137644313,0.11772470898836176,-0.0289211568462664,-0.2755156896809397,-0.39084380822594467,0.05789284931449979,-0.014640585623419728,0.005640225609013399,-0.017760710428417575,-0.13272530901236787,0.02700108004320566,-0.2113284531381273,1.5841267276036282,-4.550764053841928,0.4896391703512919,0.28802304138105905,-0.8784702762177564,-0.763261059663706,2.7362188931312943,3.024241934516667,5.083606680399219,0.043045,0.027667999999999915,-0.904722,-0.1321230000000002,0.047042999999999946,-0.894676,0.1751680000000002,0.01937500000000003,0.010046,0.9605031039461693,0.4811941134629749,single,-0.894676
341,2.841667,stand,-0.10199184065274909,0.11531077513798683,-0.032637389008885034,-0.25923147381855494,-0.019054374337021056,0.03273936767221288,-0.010079193664530164,-0.0007199424046016851,-0.021238300935924558,-0.05339572834170905,0.05279577633789208,-0.16714662826973695,0.9950288845325139,-0.2896488901337787,-0.4459121865393095,0.5473232492068071,-0.7631591089050919,-0.4172774787025386,9.518788177424792,3.0951159460866595,5.301394872616991,0.04381099999999982,0.026700999999999975,-0.904627,-0.131718,0.04652199999999995,-0.895797,0.17552899999999982,0.019820999999999978,0.008830000000000005,0.9608005850157761,0.6063018393682876,double,-0.895797
342,2.85,stand,-0.08736349453978982,0.13860554422177218,0.011400456018248904,-0.14415649045515616,-0.14211385530353973,0.11395683813612588,-0.00540021600862248,-0.0001200048001954596,-0.017760710428417575,-0.006120244809795237,0.004680187207489692,-0.13776551062042647,1.7554717524252252,2.795484109418644,5.284752793367856,0.5614997787000752,0.07199539234444148,0.417327554003002,5.67328495522792,-5.774101659714727,3.5258751529234065,0.044494000000000034,0.02554499999999993,-0.9048700000000001,-0.13104099999999996,0.045405999999999946,-0.8970400000000001,0.175535,0.019861000000000018,0.007830000000000004,0.9690601134359818,0.6917320223660608,double,-0.8970400000000001
343,2.858333,stand,-0.07572302892116332,0.09324372974918081,0.02604104164165531,-0.14996228666254566,0.1378077236202827,0.2505169146449133,0.0014400576022922224,0.0009600384015370304,-0.01572062882515305,-0.022440897635924755,-0.12276491059642451,-0.09516380655226238,1.396911750705221,-5.4436354821303,1.756940552430882,0.8208656679364892,0.12961036862264488,0.24481958517515215,-1.9585566814028161,-15.29402349740974,5.112408984539119,0.04513699999999998,0.02477600000000002,-0.905218,-0.13059700000000007,0.043606000000000034,-0.89805,0.17573400000000006,0.018830000000000013,0.007167999999999952,0.9736406452253675,0.6667490661430304,double,-0.89805
344,2.866667,stand,-0.07367410607150081,0.09539236861050925,0.06491480681545592,-0.2693164169166632,0.1348983250910322,0.1609549066067881,-0.0800335973122112,-0.028077753779692186,0.07403407727381747,0.016678665706756683,-0.09887209023278626,-0.07427405807535359,0.24585107387359012,0.25781603807636394,4.664478662563032,-9.776056505219918,-3.48425632124178,10.76970315562393,4.693972083355068,2.866909090909296,2.5065692916857008,0.0450839999999999,0.023747000000000074,-0.905142,-0.12984400000000007,0.041987,-0.89921,0.17492799999999997,0.018239999999999923,0.005932000000000048,0.8123627794428259,0.7327102918709676,double,-0.89921
345,2.875,stand,-0.0373214928597354,0.10692427697109017,0.15000600024000776,-0.25433492355613807,1.0408266285745964,0.3230798597685845,0.001560062402501005,0.005040201608062748,-0.0019200768030723952,0.01044041761669855,-0.03180127205087749,-0.05184207368294801,4.362488084935286,1.3838843586440688,10.211351665012916,9.791630830998795,3.974313619075392,-9.114863083750217,-0.7486197155956066,8.04882013463451,2.6919458049208904,0.045408000000000115,0.022897999999999974,-0.906408,-0.12944599999999995,0.04083099999999995,-0.9008919999999999,0.17485400000000006,0.017932999999999977,0.005516000000000076,0.9906422756387938,0.8419927045160156,double,-0.9008919999999999
346,2.883333,stand,-0.07968318732749358,0.08472338893555632,0.04200168006721177,-0.23349485913246784,0.12410403363398664,0.3378882026009536,0.001800072002865278,0.008040321612869298,0.007440297611904491,0.01824072962917693,0.014640585623419728,-0.04176167046681919,-5.083606680398244,-2.664213132789397,-12.961036862210126,0.02880230413587844,0.3600288017288585,1.1232898613916922,0.9360748844927939,5.573245850749747,1.2096967738064224,0.04608699999999999,0.02225900000000003,-0.9066960000000001,-0.12863000000000002,0.04024699999999992,-0.90159,0.174717,0.017987999999999893,0.005106000000000055,0.981497368099557,0.8691641319386235,double,-0.90159
347,2.891667,stand,-0.050755939524818446,0.058075353971673294,0.05723542116630022,-0.21362485803744588,0.027114352062621604,0.3700075044688621,0.001799856011530856,0.009239260859130448,0.015718742500599733,0.0322774178065842,0.02807775377970551,-0.023158147348211814,3.4709920569564328,-3.1975083949943395,1.827902699674626,-2.5916886779686717e-05,0.14386120065528446,0.993333919929827,1.6842678398616704,1.6123311922589008,2.232244194697292,0.04652499999999993,0.021852000000000094,-0.907042,-0.1279380000000001,0.03999700000000006,-0.90226,0.17446300000000003,0.018144999999999967,0.004782000000000064,0.9694639425939748,0.8711023323977412,double,-0.90226
348,2.9,stand,-0.06732269290772097,0.056522260890436035,0.03756150246009967,-0.008640071098067283,0.03996433668956971,0.42325287104162373,-0.001560062402501005,0.004680187207476369,0.020640825633026168,0.035041401656061635,0.03432137285491553,-0.0012000480019196224,-1.988089929545503,-0.18637862489346846,-2.3609646833314204,-0.4032063379373445,-0.5471107226273996,0.590673602835291,0.33169132959047914,0.7492642595955932,2.6350773246480728,0.04707299999999992,0.021419999999999995,-0.907183,-0.12708500000000011,0.03981200000000007,-0.902583,0.17415800000000004,0.018392000000000075,0.0045999999999999375,0.9646296722830455,0.8722263187566086,double,-0.902583
349,2.908333,stand,-0.02112084483378802,0.04428177127085889,0.015840633625347676,0.21493984521895723,0.2677815941087504,0.3439591420692264,-0.001800072002865278,-0.0012000480019146262,0.019320772830912752,0.025441017640717982,0.022440897635898106,0.0032401296051841467,5.544443546613869,-1.468917511049713,-2.6066085245112434,-0.02880230413587844,-0.7056564513849812,-0.1584126727605218,-1.15209216552787,-1.4257140548442977,0.5328426265575195,0.047234,0.021040999999999976,-0.907154,-0.12669700000000006,0.03962999999999994,-0.902688,0.17393100000000006,0.018588999999999967,0.00446599999999997,0.9675974693543967,0.8985426578977068,double,-0.902688
350,2.916667,stand,-0.046076313894907496,0.04775617950564032,0.04235661147108771,-0.1322869033881667,0.026845539149869674,0.34929729599435944,-0.004799616030722306,-0.005879529637624834,0.017758579313655046,0.0219582433405379,0.02183825293976651,0.008999280057595165,-2.9944167339955947,0.41689563652284645,3.181662808464103,-0.35991649002363874,-0.5614928768550722,-0.1874482262128262,-0.41789948406288174,-0.07231157860950223,0.6910427708676474,0.04757800000000012,0.020594,-0.907359,-0.12612999999999985,0.03941399999999995,-0.902966,0.17370799999999997,0.018819999999999948,0.00439299999999998,0.9678125144210841,0.9023200443509607,double,-0.902966
351,2.925,stand,-0.04152166086642993,0.08760350414016742,0.06948277931117262,-0.05446172040536595,0.5320630346786781,0.014052050522091958,-0.00216008640346498,-0.004800192007685152,0.012480499219968903,0.018720748829932122,0.031441257650304436,0.01428057122284917,0.5465802266263781,4.781870230952534,3.2552703516242842,0.31675622551990285,0.12952569662062782,-0.6333949470402246,-0.3885148818679715,1.152406661531023,0.6337802910421281,0.047906000000000004,0.019823999999999953,-0.907834,-0.12562800000000007,0.038945999999999925,-0.9034260000000001,0.17353400000000008,0.019121999999999972,0.0044079999999999675,0.9774247752957705,0.8904525816014582,double,-0.9034260000000001
352,2.933333,stand,-0.0841233649346012,0.06756270250809496,0.02124084963398235,-0.3187526074992053,-0.25580289560282854,0.21471704753759216,0.012840513620553766,-0.03960158406335376,0.06300252010080097,0.020880835233422636,0.023640945637824796,0.002760110404416317,-5.112408984539708,-2.404992395544411,-5.789263131787849,1.8001440086425158,-4.17633410004405,6.062885021100424,0.25922073724834016,-0.9360748844928951,-1.3825105986358266,0.048714000000000146,0.01893100000000003,-0.907486,-0.12475299999999989,0.03857999999999995,-0.90358,0.17346700000000004,0.019648999999999917,0.003905999999999965,0.8741420356400569,0.908168958905778,double,-0.90358
353,2.941667,stand,-0.09143268538516489,0.012359011279093944,-0.09071274298056317,0.11430114230149473,-0.785652577932818,0.3560051734944802,0.00047996160305893454,-0.010559155267589635,0.01883849292056774,0.039236861051113646,0.06983441324695333,0.037796976241901876,-0.8770482902044667,-6.623913034437669,-13.433356445230457,-1.483147590292224,3.4848126704782163,-5.299259320882559,2.202546894371472,5.5427726912803745,4.20408757349258,0.04947999999999997,0.01873999999999998,-0.9065730000000001,-0.123664,0.039059000000000066,-0.902509,0.17314399999999996,0.020319000000000087,0.0040640000000000676,0.9639978805167222,0.8117401056793953,double,-0.902509
354,2.95,stand,-0.13488539541579903,0.013320532821308932,-0.09612384495380011,-0.282461183709964,-1.5450881483214736,0.6029283855777431,0.003000120004819714,-0.011400456018234974,0.019200768030720433,0.0286811472459006,0.018600744029748994,0.009360374414976388,-5.2145337850272675,0.11538720055381563,-0.6493582111168484,0.3024311054554984,-0.10096012848257552,0.04347475220840978,-1.266736326078553,-6.148286237513749,-3.412528720379723,0.050629000000000035,0.01853400000000005,-0.905612,-0.12230099999999999,0.039103,-0.90163,0.17293000000000003,0.02056899999999995,0.00398199999999993,0.9624485312302137,0.9011081864782409,double,-0.90163
355,2.958333,stand,-0.09492379695187728,0.04644185767431054,-0.057362294491777606,-0.11165825442668881,-0.5019270573878383,-0.027571900875242833,0.007680307212269596,-0.0064802592103682935,0.015480619224768793,0.03216128645145055,0.021240849633996806,0.020760830433217463,4.795583639016215,3.9747179710790723,4.651572118327476,0.5616449306912187,0.5904472348334004,-0.4464357141427666,0.4176334100023978,0.31682534552356123,1.3681094465668042,0.05148399999999986,0.018093000000000026,-0.9050050000000001,-0.12124200000000007,0.038893000000000066,-0.900979,0.17272599999999994,0.02080000000000004,0.004026000000000085,0.9692397058833828,0.8867762700518049,double,-0.900979
356,2.966667,stand,-0.08423326133908988,0.027117830573561045,-0.04631629469642363,-0.032123417831451485,-0.10276695741078823,-0.007769096056381439,0.005279577633807858,-0.012598992080636062,0.017158627309815593,0.002519798416132541,0.006599472042226519,0.00443964482841397,1.282761652602269,-2.31869775626942,1.325413942327081,-0.2880645042550659,-0.734189209295383,0.20134486261660506,-3.556694028715836,-1.7568247650312185,-1.9583856017282661,0.05223,0.017761999999999944,-0.9044760000000001,-0.12051900000000004,0.03872199999999992,-0.900556,0.17274900000000004,0.02095999999999998,0.003920000000000035,0.9634461191984094,0.9468942796046877,double,-0.900556
357,2.975,stand,-0.1104044161766519,0.03792151686067273,-0.059642385695424724,-0.003525321082841053,-0.5108960290453674,0.05030474510370339,0.00540021600862248,-0.014880595223810647,0.016680667226689247,0.02232089283571597,0.00900036001440633,0.0034801392055675714,-3.1406642070757544,1.2964942142219829,-1.5991948876756532,0.0144771840651173,-0.27380332931412527,-0.05735750427533301,2.3762263794052094,0.2881180813848353,-0.11514528055279097,0.05319499999999988,0.01732199999999995,-0.9038400000000001,-0.11941299999999999,0.03848099999999999,-0.9000300000000001,0.17260799999999987,0.02115900000000004,0.00380999999999998,0.961672496592517,0.9213708573211212,double,-0.9000300000000001
358,2.983333,stand,-0.0987639505580254,0.03288131525260998,-0.05592223688948539,-0.16353616952071445,-0.38782745336980323,-0.07635133714088328,0.008520340813651137,-0.011280451218040121,0.01104044161766419,0.01608064322571195,0.0037201488059526618,-0.004800192007680155,1.396911750705221,-0.6048483869030113,0.44643571414129,0.3744299538015944,0.43203456207495006,-0.6768541472489029,-0.748859907596793,-0.6336506910420876,-0.9936794927694471,0.054089000000000054,0.016954000000000025,-0.9032819999999999,-0.11845600000000012,0.038237999999999994,-0.899604,0.17254500000000017,0.02128399999999997,0.003677999999999959,0.9701049921309592,0.9345713410726094,double,-0.899604
359,2.991667,stand,-0.0986321094312568,0.044636429085677484,-0.04943604511638647,0.11096354687021207,-0.10530223505912435,-0.022187559050878745,0.010919126469863273,-0.010079193664516843,0.010199184065274909,0.013318934485237747,0.0019198464122889224,-0.007199424046075965,0.015819669638661164,1.4105008199024973,0.7782807503118395,0.28783125224527445,0.14413937527277046,-0.1009428308602442,-0.3313785385738161,-0.21601900571918953,-0.28788481382238923,0.055001999999999995,0.0164979999999999,-0.902785,-0.11752300000000004,0.03788199999999997,-0.899252,0.17252500000000004,0.02138400000000007,0.0035329999999998973,0.96996109821373,0.9392342676609782,double,-0.899252
360,3.0,stand,-0.07296291851673437,0.029641185647425836,-0.030481219248767406,0.00884154403532527,-0.17774701505903467,-0.08893640550534188,0.006360254410186157,-0.00864034561381995,0.005760230409216353,0.014280571222846672,-0.0016800672026964648,-0.0075603024120966195,3.0804261267877924,-1.7995011926379199,2.2746700909179447,-0.5470865306224838,0.17266867283054188,-0.5326957465568938,0.11540102455405427,-0.4320069140748134,-0.043307136207927206,0.05566300000000002,0.016178999999999943,-0.902483,-0.11679600000000012,0.037620999999999905,-0.899061,0.17245900000000014,0.02144199999999996,0.003422000000000036,0.9797043612473701,0.9387042055200834,double,-0.899061
361,3.008333,stand,-0.0723628945157704,0.017640705628212957,0.004200168006721177,-0.21078404795523922,-0.06580280123757609,-0.1297809087364689,0.004080163206512394,-0.007320292811709864,0.006000240009600611,0.01680067202688471,0.0009600384015370304,0.0009600384015361976,0.07200576034609085,-1.4401152069138352,4.161932947976587,-0.27362188931642667,0.1584126727601222,0.02880230413827667,0.30242419345230526,0.31682534552184316,1.0224817969078237,0.056299999999999795,0.01597100000000007,-0.902468,-0.11605300000000018,0.037482000000000015,-0.899088,0.17235299999999998,0.021510999999999947,0.0033800000000000496,0.9828214200873296,0.9381075965181275,double,-0.899088
362,3.016667,stand,-0.07007439404849237,0.01991840652747759,-0.007439404847612913,-0.028365058276875275,-0.17091960981179355,-0.03850487964901798,0.0029997600192180934,-0.003839692824577845,0.0029997600191981107,0.016558675305971972,0.004799616030722306,0.0029997600191981107,0.2745980882263023,0.2733022437322552,-1.3966370115591555,-0.12963801143440037,0.4176385873688496,-0.3600287965445737,-0.029037283526846074,0.46071245850554915,0.24474701435827909,0.0569090000000001,0.015773000000000037,-0.902381,-0.11533100000000007,0.037356000000000056,-0.899001,0.17224000000000017,0.02158300000000002,0.0033799999999999386,0.9904634677085091,0.9370345427820401,double,-0.899001
363,3.025,stand,-0.04920196807872618,0.041761670466820854,0.019680787231482477,-0.10875868680847926,0.010478685135064884,-0.12002888483965717,-0.0002400096003909192,-0.0019200768030740608,0.0031201248049928503,0.008760350414042056,-0.0055202208088312625,-0.009360374414976886,2.504791308024288,2.621296524582199,3.2545532316207417,-0.3887879058693198,0.23036313710594042,0.01444435206945166,-0.935836420488418,-1.2384299579447573,-1.483275463119538,0.05731700000000006,0.015409000000000006,-0.902519,-0.11484799999999984,0.03696200000000005,-0.899243,0.1721649999999999,0.021553000000000044,0.0032759999999999456,0.9938809318209582,0.943976223535313,double,-0.899243
364,3.033333,stand,-0.053282131285238565,0.04908196327853071,0.02028081123244645,-0.07916125455946287,0.14154306543366502,-0.05206173931956647,-0.005400216008649127,-0.0019200768030740608,0.003960158406336086,0.003600144005757202,-0.0074402976119053235,-0.012120484819392518,-0.489639170348305,0.8784702762162396,0.07200576034609127,-0.6192495389725494,0.0,0.1008080644837686,-0.6192495389757472,-0.23041843310621368,-0.3312264975897825,0.05771599999999988,0.014983999999999997,-0.902655,-0.11437399999999998,0.03649100000000005,-0.8995129999999999,0.17208999999999985,0.021507000000000054,0.003142000000000089,0.988389195348842,0.9441290730877222,double,-0.8995129999999999
365,3.041667,stand,-0.05831533477321607,0.02291816654668236,0.03599712023039065,-0.1781748415626301,-0.09738733702340636,-0.0014598021548936546,-0.009719222462202678,-0.0017998560115175344,0.00479961603071731,-0.0035997120230350688,-0.005759539236866767,-0.014158867290616649,-0.6039361036690025,-3.1394044554653413,1.8858062152560693,-0.5182393152811997,0.014425340959506294,0.10072685677720392,-0.8639136103662366,0.20167487101494408,-0.2445863296405226,0.05812099999999987,0.014777999999999958,-0.902915,-0.11391799999999996,0.03625199999999995,-0.899931,0.17203899999999983,0.021473999999999993,0.0029839999999999867,0.981686443926978,0.9439872967778831,double,-0.899931
366,3.05,stand,-0.06480259210368293,0.008160326413051434,0.02136085443417894,-0.22865827047053303,-0.23638390466647716,0.15617015505263052,-0.004200168006721177,0.0043201728069166365,0.0001200048001921288,-0.0036001440057838487,-0.005400216008635803,-0.00816032641305643,-0.7785020197368197,-1.7710116565019873,-1.7564221524315184,0.6623130271788734,0.7344328355255282,-0.5615758106954547,-5.1840003453724135e-05,0.04312051220820435,0.719853699455211,0.058625999999999845,0.014746000000000037,-0.903092,-0.11340800000000018,0.03613900000000003,-0.900177,0.17203400000000002,0.021392999999999995,0.002915000000000001,0.9899556946041861,0.9534723086041379,double,-0.900177
367,3.058333,stand,-0.05472218888755452,0.04296171846874651,0.02676107044281332,-0.17325442966716806,-0.005124485514565012,0.058706689856477784,-0.002640105604220031,0.006120244809794911,-0.0010800432017282688,-0.006120244809768265,-0.007320292811709474,-0.004440177607104365,1.2096967738063078,4.176334100047226,0.6480518431098211,0.18721497689920524,0.21601728103662488,-0.14401152069126902,-0.3024241934458544,-0.23041843310615456,0.4464357141427938,0.05905999999999989,0.01443899999999998,-0.903324,-0.11300299999999996,0.035719999999999974,-0.900437,0.17206299999999985,0.021280999999999994,0.002886999999999973,0.9887461059269278,0.9535896290610544,double,-0.900437
368,3.066667,stand,-0.04031677465804288,0.0160787137029006,0.01967842572593586,-0.10274346204705578,-0.14243790164761788,0.060621086294342354,-0.005879529637625147,0.0059995200383965415,-0.003239740820734399,-0.005639548836109001,-0.005159587233023424,-0.00395968322534195,1.728511426627346,-3.2257025157004002,-0.8498493780750879,-0.3886997880255896,-0.014485813702708805,-0.25914298284212006,0.05767890252691217,0.2592639283280716,0.05765471343441766,0.05934700000000004,0.014355000000000007,-0.903515,-0.11271399999999998,0.03554299999999999,-0.9006339999999999,0.17206100000000002,0.021187999999999985,0.0028810000000000224,0.9849945352513412,0.956842628702336,double,-0.9006339999999999
369,3.075,stand,-0.04608184327372171,0.01272050882034499,0.020040801632067787,0.043995644488094565,-0.06454890428550089,0.05785020456752274,-0.00444017760711186,0.007200288011514021,-0.004200168006720121,-0.003960158406330047,-0.0021600864034515416,-0.0002400096003842448,-0.691835907317722,-0.40300070593489284,0.04348684820975783,0.1727291528276999,0.14409792069091876,-0.11525587255318366,0.20153491296998438,0.3599544977285191,0.44637869014251064,0.059693999999999914,0.014309000000000016,-0.903717,-0.11236299999999999,0.03541900000000009,-0.900803,0.1720569999999999,0.021110000000000073,0.002913999999999972,0.9842589764631,0.9633310867535954,double,-0.900803
370,3.083333,stand,-0.040441617664710765,0.005040201608076071,0.004440177607112096,-0.06710548455414954,-0.05669610107746832,0.016741702362773895,-0.00444017760708545,0.005280211208453667,-0.004800192007680155,-0.0025201008040380353,0.0024000960038292525,0.006840273610944679,0.6768541472472094,-0.9216737324215756,-1.8721497689854594,3.169362481700365e-12,-0.23041843310456878,-0.0720057603456186,0.1728138248280361,0.5472437786248452,0.8496679720783619,0.0599940000000001,0.014310999999999963,-0.903794,-0.11204700000000001,0.0353969999999999,-0.900783,0.1720410000000001,0.021085999999999938,0.003010999999999986,0.9859922986560429,0.9570988667904181,double,-0.900783
371,3.091667,stand,-0.05375569954403654,0.019558435325163423,0.003119750419962838,-0.10991997566984595,-0.1281665583587178,-0.04842706317305573,-0.0014398848092300135,0.004439644828408142,-0.003359731221502284,-0.0016798656107461464,0.003959683225349233,0.00659947204223651,-1.5975620205574366,1.7420486821558967,-0.15843858737092006,0.3600063352358307,-0.10085989681371708,0.17284146702398132,0.10082015758241931,0.18713549574273677,-0.02889387673484135,0.060429999999999984,0.014185000000000003,-0.903848,-0.11161299999999996,0.03526700000000005,-0.900754,0.17204299999999995,0.021082000000000045,0.00309399999999993,0.9904153611980477,0.9559309322756779,double,-0.900754
372,3.1,stand,-0.03516140645624377,0.019200768030727285,-0.008160326413064758,0.06083745575020058,-0.0988197873542653,-0.04088288391340463,0.001320052802110086,0.002880115204611091,-0.0038401536061439577,-0.001320052802110086,0.0057602304092088585,0.0031201248049920177,2.2314044267122215,-0.042921792204025075,-1.3536633664979838,0.3312057615912786,-0.1871510408972837,-0.05765299227669246,0.04317926420689592,0.2160743050353585,-0.417538370004143,0.060733999999999844,0.014048999999999978,-0.903812,-0.11133100000000007,0.035154999999999936,-0.9006599999999999,0.1720649999999999,0.021105999999999958,0.0031520000000000437,0.9917026807021498,0.9573422298553451,double,-0.9006599999999999
373,3.108333,stand,-0.0393615744629916,-0.023880955238216976,-0.014640585623419728,0.16258840598378002,-0.11937903452573818,0.05239950822875799,0.0012000480019279496,0.0020400816032695203,-0.002880115204608593,0.00012000480018213638,0.006600264010563753,0.005160206408256542,-0.504040322422641,-5.170013592817071,-0.7776622117310727,-0.01440115206793922,-0.10080806448356876,0.11520921655290693,0.1728138248280614,0.10080806448516764,0.24481958517515215,0.061072000000000015,0.014265000000000083,-0.903714,-0.11100200000000005,0.035409000000000024,-0.900495,0.17207400000000006,0.02114399999999994,0.003218999999999972,0.9937868616476526,0.9538452013642813,double,-0.900495
374,3.116667,stand,-0.03203743700504142,-0.005879529637624834,0.006359491240697064,0.022988809838793724,0.12210592920400803,-0.11781927251290185,0.0009599232061444612,0.0007199424046016851,-0.0025197984161267127,0.0029997600191914503,0.00767938564915569,0.0034797216222703414,0.8788261888589061,2.159998272209264,2.519807639082869,-0.028812670480379953,-0.15840403151761762,0.04323455585335704,0.34554298284248763,0.1294842378920001,-0.20164204295490612,0.06134700000000004,0.01432,-0.9037879999999999,-0.11071000000000009,0.035522000000000054,-0.900519,0.17205700000000013,0.021202000000000054,0.0032689999999999664,0.9953484907808943,0.9523954296920303,double,-0.900519
375,3.125,stand,-0.04584183367333324,-0.043081723268930935,-0.006600264010550429,-0.2047604387874367,-0.2913881295467968,-0.009907471377373876,0.004440177607112096,-0.0007200288011461112,-0.0010800432017283265,-0.016680667226675924,0.0057602304092088585,-0.0009600384015361976,-1.6565938639495916,-4.46444181342931,-1.555232839463292,0.41764723400548015,-0.17280345682801027,0.1727775368292811,-2.36174573933368,-0.23030784110726613,-0.5327925145573719,0.06176599999999999,0.014673000000000047,-0.903742,-0.11046700000000009,0.03592899999999999,-0.900472,0.17223300000000008,0.02125599999999994,0.003269999999999995,0.99228995749133,0.9378444502858451,double,-0.900472
376,3.133333,stand,-0.03420136805473339,-0.02208088323532505,-0.005640225609026723,-0.07079449932067207,-0.1018633604159651,-0.05470874433798107,0.003960158406330258,-0.0009600384015370304,-0.0001200048001921288,0.0018000720028919243,0.006120244809795237,0.0020400816032645243,1.3969117507020234,2.520201612097213,0.1152092165515079,-0.05760460827815223,-0.028802304139076126,0.1152092165530069,2.2177774186449075,0.0432034562086142,0.36002880172815904,0.06208400000000003,0.014849000000000001,-0.903696,-0.1101669999999999,0.036163999999999974,-0.900408,0.17225099999999993,0.021314999999999973,0.0032880000000000686,0.9932056131239491,0.9559571164747485,double,-0.900408
377,3.141667,stand,-0.027477801775861888,-0.01583873290137029,-0.005159587233023149,-0.02271581964820975,-0.046390236714710306,-0.10242347185668016,0.005039596832238439,-0.0028797696184333834,0.000839932805375571,0.0032397408207342263,0.005519558435323991,0.0022798176145905976,0.8067634123915824,0.7489981202249477,0.05767199136111955,0.12952224932903444,-0.23034931808211404,0.11518329800428274,0.17274643842600085,-0.0720765988086443,0.02876602007752237,0.06235499999999994,0.014956999999999998,-0.9036460000000001,-0.10991099999999987,0.036341999999999985,-0.900346,0.1722659999999998,0.021384999999999987,0.0033000000000000806,0.9902253024479433,0.955676595738829,double,-0.900346
378,3.15,stand,-0.029641185647412513,-0.025801032041277712,-0.012720508820358991,-0.01911651797830355,-0.014057508283369338,-0.1318558450407496,0.0025201008040380353,-0.002640105604220172,0.0019200768030723952,0.003840153606121475,0.004920196807867288,0.0021600864034558203,-0.2596164492440471,-1.1955237177376112,-0.9073468843556836,-0.30235161744874917,0.028760832138871192,0.12962246462220497,0.0720524163431242,-0.0719262723456989,-0.014368320068976165,0.06262299999999987,0.015149999999999997,-0.903524,-0.10963200000000017,0.03659799999999991,-0.900222,0.17225500000000005,0.02144799999999991,0.003302000000000027,0.9931265889525803,0.9559722893669496,double,-0.900222
379,3.158333,stand,-0.020760830433214965,-0.026881075243010203,-0.00960038401535698,-0.04971013992214603,0.00033157697498726804,-0.09696636407563308,0.00432017280692996,-0.001800072002878601,0.0008400336013440688,0.0025201008040380353,0.00216008640346498,-0.0009600384015361976,1.06568525311384,-0.12961036862264502,0.3744299537983967,0.21601728103827447,0.10080806448356879,-0.12961036862214526,-0.15841267275692447,-0.3312264975881835,-0.37442995379719746,0.062832,0.015359000000000012,-0.903437,-0.10943800000000015,0.036839999999999984,-0.90015,0.17227000000000015,0.021480999999999972,0.00328700000000004,0.9920750378990266,0.9613712976323338,double,-0.90015
380,3.166667,stand,-0.020038396928248974,-0.027717782577404666,-0.0014398848092166917,-0.10110636989638608,-0.14923700822560435,-0.11584988420338257,0.0019198464122622792,-0.00359971202304839,0.0022798176145905976,0.0034797216222770024,0.0040796736261072995,-0.00011999040076722505,0.0866850857890551,-0.10039684837946439,0.9791815702112101,-0.2880161260700339,-0.2159395272581924,0.17276026076872064,0.1151452865657499,0.23033204015386427,0.10079769627657381,0.06301499999999982,0.015560000000000018,-0.9034059999999999,-0.10924200000000006,0.037105000000000055,-0.900139,0.17225699999999988,0.021545000000000036,0.003266999999999909,0.9922108862914405,0.9583909164712274,double,-0.900139
381,3.175,stand,-0.025561022440900118,-0.015960638425529815,-0.012240489619577152,0.17506525898079248,0.2206791059798347,-0.10756577545986917,0.0004800192007818384,-0.002640105604220172,0.0025201008040322066,0.005040201608049424,0.0014400576023055455,-0.002160086403456653,-0.6627415711809905,1.4109137347743859,-1.296124422220156,-0.17278617682472747,0.11515737655444941,0.028835136138438893,0.1872650888962482,-0.3167665935199542,-0.24482131317526062,0.06323199999999995,0.01567099999999999,-0.9032830000000001,-0.10898700000000017,0.037250000000000005,-0.900055,0.17221900000000012,0.021579000000000015,0.0032280000000000086,0.9938646099243276,0.9582708125837103,double,-0.900055
382,3.183333,stand,-0.029041161646473634,-0.017880715228602923,0.002640105604220031,-0.15827489816387338,-0.12369979185951187,-0.10396653476556286,0.001800072002865182,-0.0019200768030739584,0.0019200768030722929,0.004800192007684896,0.003360134405379427,-0.002880115204607607,-0.41763341000520376,-0.230418433106087,1.7857428565698459,0.15841267275690452,0.08640691241403838,-0.0720057603456003,-0.02880230413590756,0.23041843310617985,-0.08640691241460724,0.0634889999999999,0.01580399999999993,-0.903289,-0.10870500000000005,0.03742699999999999,-0.900101,0.17219399999999996,0.02162300000000006,0.0031879999999999686,0.9945702340251734,0.9572383883285368,double,-0.900101
383,3.191667,stand,-0.02507799376048875,-0.01247900167987866,-0.0011999040076739796,-0.02978610286570781,-0.036882208128311535,-0.13400686102316894,0.0025197984161326754,-0.000839932805373118,0.002279817614590719,0.004199664026878911,0.0023998080153479593,-0.001439884809215936,0.4755421029499716,0.6481537735450575,-0.4607642922839196,0.08636026077124144,0.12960691117121306,0.04316544414668137,-0.07205759308927435,-0.11522994840790875,0.17281382234122108,0.06371899999999986,0.015901000000000054,-0.9032600000000001,-0.10846100000000014,0.037551,-0.9001030000000001,0.17218,0.021649999999999947,0.0031569999999999654,0.9941660858547996,0.9600187765599568,double,-0.9001030000000001
384,3.2,stand,-0.032041281651266705,0.0002400096003909064,-0.0002400096003909064,-0.03594351428463326,0.023071475447870693,-0.1883776432351791,0.0004800192007818128,-0.002280091203646995,0.0031201248049926842,0.003240129605183974,0.0020400816032694114,-0.002880115204607607,-0.835627972012198,1.5263424073285738,0.11519193655142576,-0.24478329717397965,-0.17282592082969078,0.10084089648409074,-0.11514873655284946,-0.04316889620527204,-0.17283456082942605,0.06398999999999999,0.015880000000000005,-0.903232,-0.10816700000000012,0.03756599999999999,-0.900125,0.17215700000000012,0.021685999999999983,0.003107000000000082,0.9935097480940862,0.9609446946767133,double,-0.900125
385,3.208333,stand,-0.0196807872314958,-0.016200648025920732,0.003960158406330258,-0.07280589547265709,-0.06354529751580917,-0.147171112107389,0.0016800672026831415,-0.0004800192007685152,0.0009600384015353649,0.003960158406330258,0.002400096003842576,-0.0031201248049920177,1.483318663119047,-1.9729578334707536,0.5040403224194411,0.14401152068898831,0.21601728103666099,-0.25922073724437045,0.08640691241405138,0.04320345620702842,-0.028802304138295095,0.064168,0.016010999999999997,-0.903257,-0.10797000000000012,0.037721000000000005,-0.900184,0.17213800000000012,0.021710000000000007,0.0030729999999999924,0.9966772175435419,0.9599637156493259,double,-0.900184
386,3.216667,stand,-0.026997840172776337,-0.011159107271419371,-0.004919606431480372,-0.07909127210432856,-0.06800420617048075,-0.0996107366554034,0.0013198944084453037,-0.0014398848092166917,0.0003599712023041729,0.005039596832265082,0.0010799136069158492,-0.0029997600191989434,-0.8779761148644686,0.6049364956205091,-1.0654865416139383,-0.0432172779263061,-0.11517465904105702,-0.07200230372344461,0.12952224933223133,-0.1584092148940145,0.014442618885657947,0.0644039999999999,0.016091999999999995,-0.903213,-0.1077030000000001,0.03782300000000005,-0.900168,0.172107,0.021731000000000056,0.0030450000000000754,0.9966896757544907,0.9596109762100538,double,-0.900168
387,3.225,stand,-0.03972158886356465,-0.006840273610941349,-0.006960278411136808,-0.07129525443911648,-0.07595094614648544,0.009650052770865773,0.0007200288011461112,-0.0009600384015370304,0.0009600384015361976,0.004680187207503015,0.002040081603256197,-0.003960158406336086,-1.526910919331385,0.518280770488187,-0.24489043317610157,-0.07198675234599759,0.05758387227645095,0.07201094434561744,-0.04313088020665664,0.11522476855158487,-0.11525241655312034,0.06474099999999994,0.01614099999999996,-0.903147,-0.1073329999999999,0.03789699999999996,-0.900143,0.17207399999999984,0.021755999999999998,0.0030040000000000067,0.9974386478509444,0.9591910967430788,double,-0.900143
388,3.233333,stand,-0.02256090243610689,-0.006000240009599778,-0.005880235209404319,-0.0827028263068767,-0.055959233151785755,-0.04731677890905452,0.001560062402501005,-0.001560062402501005,0.00048001920076768247,0.005280211208440344,0.0021600864034516565,-0.0026401056042243353,2.0593647458847855,0.10080806448356876,0.12961036862264483,0.10080806448516759,-0.07200576034609146,-0.05760460827655341,0.0720057603428938,0.014401152069538032,0.158412672760322,0.06494200000000006,0.016177999999999915,-0.9030940000000001,-0.10710099999999989,0.037964999999999915,-0.900116,0.17204299999999995,0.021787,0.002978000000000036,0.9962368719304207,0.959742940234656,double,-0.900116
389,3.241667,stand,-0.023518118550499335,-0.007199424046083459,-0.0032397408207342263,-0.07855918287838275,-0.08156507031200047,-0.03238969636629065,0.0019198464122889224,0.0003599712023141642,-0.000479961603071398,0.005879529637624834,0.003839692824577845,-0.0020398368130544824,-0.11485674518747738,-0.14389057313219009,0.3168339799220149,0.043170627524347804,0.23038560172968017,-0.1151884813821782,0.07191245850545779,0.20153664760333279,0.07202649282095612,0.06515399999999993,0.01624100000000006,-0.9030710000000001,-0.10685600000000006,0.03805700000000001,-0.9001060000000001,0.17201,0.021815999999999947,0.0029649999999999954,0.9966476572645648,0.9581624558153832,double,-0.9001060000000001
390,3.25,stand,-0.03324132965319636,0.003360134405379606,-0.00108004320173249,-0.022782428547061924,0.07690503571213254,-0.09125365627875244,0.0007200288011461112,-0.0006000240009639748,-0.0007200288011519401,0.003960158406330258,0.0007200288011594343,-0.0026401056042243353,-1.1668320056038777,1.2671977020836627,0.2591740812434605,-0.14398387269204635,-0.11520403255467991,-0.028809216138310847,-0.23033376110579545,-0.37437465779652457,-0.07203513634583683,0.06543699999999997,0.016208,-0.903068,-0.10654600000000003,0.03803500000000004,-0.900119,0.171983,0.02182700000000004,0.0029489999999999794,0.9980301496456294,0.9624872106403792,double,-0.900119
391,3.258333,stand,-0.030721228849158323,-0.016320652826116194,-0.0003600144005730556,-0.12546882276884713,-0.14898797603761427,0.020773403481518442,0.0030001200047932272,-0.0003600144005730556,-0.0001200048001921288,0.0045601824072942325,0.001560062402487682,-0.002160086403456653,0.30242419345230503,-2.361788939337091,0.08640691241562955,0.273621889313229,0.028802304139076126,0.07200576034559185,0.07200576034609148,0.10080806448196991,0.057604608276453466,0.06571799999999994,0.01634100000000005,-0.903066,-0.10625200000000001,0.038183999999999996,-0.900134,0.17196999999999996,0.021842999999999946,0.0029320000000000457,0.9949599571309558,0.9618773754611591,double,-0.900134
392,3.266667,stand,-0.036237101031920106,-0.005759539236853446,-0.002399808015361153,-0.06489723991436797,-0.09044291748562337,-0.052597293201735805,0.002039836813073632,0.0007199424046016851,-0.0014398848092150266,0.0037197024238197784,0.002279817614589765,-0.0009599232061436286,-0.6618517137943054,1.2672322521313497,-0.24475565332230403,-0.11522476502514853,0.1295844498649787,-0.15837293124824667,-0.10084953005452936,0.0863637163549409,0.1440080630325192,0.06603700000000012,0.016394999999999937,-0.903058,-0.10591899999999987,0.038250999999999924,-0.900122,0.171956,0.021855999999999987,0.0029360000000000497,0.9956690649092442,0.963194791429073,double,-0.900122
393,3.275,stand,-0.018720748829932122,-0.019080763230531823,0.010800432017284929,-0.0288299620003418,-0.21181177192633593,0.05927010593060067,0.0025201008040380353,-0.0010800432017191667,0.00036001440057555366,0.004080163206512394,0.0009600384015370304,-0.0012000480019196224,2.102046346092421,-1.5986108236743668,1.5840921676042485,0.05763398427509993,-0.21600691303502556,0.21599654503667307,0.04325702420408247,-0.15837984075995998,-0.02881612813824505,0.066214,0.016545000000000032,-0.903145,-0.10572900000000018,0.03841799999999995,-0.9002220000000001,0.17194300000000018,0.02187299999999992,0.002922999999999898,0.9953911281964036,0.96350334848413,double,-0.9002220000000001
394,3.283333,stand,0.015600624024956758,0.04332173286930853,0.09888395535820754,-0.08379514813192407,1.3228996708366227,-0.37048274483034427,0.0015600624024743586,0.0003600144005730556,-0.0006000240009598112,0.0014400576023188686,-0.0004800192007685152,0.0002400096003842576,4.1187294917663735,7.488599075943949,10.57044561873556,-0.1152092165563045,0.1728138248280614,-0.11520921655290696,-0.31682534551704666,-0.17281382482966023,0.17281382482946037,0.06609699999999985,0.016187000000000062,-0.9039739999999999,-0.10584700000000002,0.038053000000000003,-0.901044,0.17194399999999987,0.02186599999999994,0.002929999999999988,0.9971503246432649,0.9681386478509175,double,-0.901044
395,3.291667,stand,-0.021598272138237055,-0.006479481641468453,0.008879289656829605,-0.02845461129609855,0.025815357207442415,-0.01687247598439444,0.0014398848092300135,0.00035997120230084253,-0.0020398368130553146,0.0033597312214922927,0.0010799136069158492,-0.0005999520038402883,-4.463510458746524,-5.975667687878162,-10.799695908492591,-0.014420157576715165,-5.183377995329118e-06,-0.17276371635415075,0.23034240690825647,0.1871769627651011,-0.1007873295205831,0.06628900000000004,0.016244000000000036,-0.904065,-0.10563900000000004,0.03811600000000004,-0.901123,0.17192800000000008,0.021872000000000003,0.002942,0.9957955771454888,0.9646139037316441,double,-0.901123
396,3.3,stand,-0.032881315252623305,-0.007920316812673838,0.011040441617662525,0.10832727296723219,-0.030207289628426028,0.04936449979244796,0.0006000240009639748,-0.0012000480019146262,0.0003600144005763864,0.0006000240009639748,-0.0019200768030740608,-0.00036001440057555366,-1.3540193344997424,-0.17290713683012104,0.25934860924432257,-0.10078732848506497,-0.18720979289757386,0.28799366538242205,-0.3311781135879447,-0.3600132497287817,0.028793664138333952,0.06656800000000018,0.016300000000000092,-0.9041539999999999,-0.1053599999999999,0.03816600000000003,-0.901218,0.17192800000000008,0.02186599999999994,0.0029359999999999387,0.9976847400090472,0.9672339864862693,double,-0.901218
397,3.308333,stand,-0.016800672026857165,-0.006360254410172495,0.012480499219967406,0.02957807207331925,0.028954973227295087,-0.04022660361406881,-0.0013200528021100155,-0.0002400096003909064,-0.0004800192007684896,0.0013200528021100155,0.0,0.0001200048001921224,1.9297543772669423,0.18721497689922886,0.17281382482957128,-0.23041843310619292,0.11520921655150336,-0.10080806448396003,0.08640691241401763,0.23041843310620136,0.05760460827644964,0.066697,0.016351000000000004,-0.9042619999999999,-0.10520900000000011,0.038219,-0.9013209999999999,0.17190600000000011,0.021868,0.0029409999999999714,0.9976250365840568,0.9683808394301432,double,-0.9013209999999999
398,3.316667,stand,-0.024598032157429818,-0.009719222462203197,0.01667866570674425,-0.07658339454363086,-0.04372303900133184,-0.05703106674100221,0.0014398848092034469,-0.0013198944084453742,-0.0010799136069109111,0.0009599232061445124,-0.0007199424046017234,0.00035997120230335956,-0.9356083669994011,-0.40304392272988426,0.503739679238905,0.3311660200760245,-0.1295758109016699,-0.07198157021147694,-0.04321209454829848,-0.08638617765799812,0.02879366476016896,0.06691399999999992,0.01642100000000002,-0.9044099999999999,-0.10499600000000009,0.03829400000000005,-0.901457,0.17191,0.02187300000000003,0.0029529999999999834,0.9962800825458638,0.9683821057297641,double,-0.901457
