Format Version,1.25,Take Name,quasi_009,Take Notes,,Capture Frame Rate,120.000000,Export Frame Rate,120.000000,Capture Start Time,2025-10-30 09.33.37.927 PM,Capture Start Frame,436175,Total Frames in Take,2012,Total Exported Frames,2012,Rotation Type,Quaternion,Length Units,Meters,Coordinate Space,Global

,Type,Rigid Body,Rigid Body,Rigid Body,Rigid Body,Rigid Body,Rigid Body,Rigid Body,Rigid Body,Rigid Body,Rigid Body,Rigid Body,Rigid Body,Rigid Body,Rigid Body,Rigid Body,Rigid Body,Rigid Body,Rigid Body,Rigid Body,Rigid Body,Rigid Body
,Name,RFoot,RFoot,RFoot,RFoot,RFoot,RFoot,RFoot,LFoot,LFoot,LFoot,LFoot,LFoot,LFoot,LFoot,Waist,Waist,Waist,Waist,Waist,Waist,Waist
,ID,83078AC3B5F211F034C857AE43D8E8B6,83078AC3B5F211F034C857AE43D8E8B6,83078AC3B5F211F034C857AE43D8E8B6,83078AC3B5F211F034C857AE43D8E8B6,83078AC3B5F211F034C857AE43D8E8B6,83078AC3B5F211F034C857AE43D8E8B6,83078AC3B5F211F034C857AE43D8E8B6,9231711FB5F311F034C857AE43D8E8B6,9231711FB5F311F034C857AE43D8E8B6,9231711FB5F311F034C857AE43D8E8B6,9231711FB5F311F034C857AE43D8E8B6,9231711FB5F311F034C857AE43D8E8B6,9231711FB5F311F034C857AE43D8E8B6,9231711FB5F311F034C857AE43D8E8B6,3693159B5F511F034C857AE43D8E8B6,3693159B5F511F034C857AE43D8E8B6,3693159B5F511F034C857AE43D8E8B6,3693159B5F511F034C857AE43D8E8B6,3693159B5F511F034C857AE43D8E8B6,3693159B5F511F034C857AE43D8E8B6,3693159B5F511F034C857AE43D8E8B6
,Parent,,,,,,,,,,,,,,,,,,,,,
,,Rotation,Rotation,Rotation,Rotation,Position,Position,Position,Rotation,Rotation,Rotation,Rotation,Position,Position,Position,Rotation,Rotation,Rotation,Rotation,Position,Position,Position
Frame,Time (Seconds),X,Y,Z,W,X,Y,Z,X,Y,Z,W,X,Y,Z,X,Y,Z,W,X,Y,Z
0,0.000000,-0.047215,-0.001851,-0.211670,-0.976198,-1.483716,1.210052,0.044888,0.078741,0.012328,0.156156,-0.984512,-1.371174,0.917973,0.042205,-0.005274,0.023321,0.071934,0.997123,-1.441807,1.058188,0.955245
1,0.008333,-0.047320,-0.001950,-0.211608,-0.976206,-1.483700,1.210062,0.044881,0.078583,0.012329,0.156193,-0.984519,-1.371185,0.917958,0.042198,-0.005513,0.023606,0.071683,0.997133,-1.441711,1.057680,0.955249
2,0.016667,-0.047308,-0.001776,-0.211442,-0.976243,-1.483673,1.210072,0.044865,0.078448,0.012400,0.156138,-0.984537,-1.371189,0.917942,0.042192,-0.005202,0.023573,0.071230,0.997168,-1.441520,1.057253,0.955429
3,0.025000,-0.047239,-0.001532,-0.211239,-0.976291,-1.483643,1.210081,0.044851,0.078393,0.012394,0.156158,-0.984538,-1.371193,0.917938,0.042190,-0.005085,0.024266,0.070944,0.997172,-1.441344,1.056711,0.955524
4,0.033333,-0.047305,-0.001686,-0.211178,-0.976301,-1.483620,1.210078,0.044862,0.078383,0.012372,0.156076,-0.984552,-1.371185,0.917923,0.042201,-0.005470,0.024699,0.070311,0.997204,-1.441167,1.056180,0.955486
5,0.041667,-0.047706,-0.001939,-0.211224,-0.976271,-1.483590,1.210048,0.044900,0.078219,0.012405,0.156085,-0.984564,-1.371190,0.917911,0.042194,-0.005839,0.024915,0.069724,0.997238,-1.440967,1.055682,0.955483
6,0.050000,-0.047628,-0.001939,-0.211177,-0.976285,-1.483563,1.210060,0.044924,0.078208,0.012513,0.155986,-0.984579,-1.371179,0.917902,0.042196,-0.005634,0.025194,0.069181,0.997270,-1.440723,1.055132,0.955497
7,0.058333,-0.047980,-0.002036,-0.211177,-0.976267,-1.483533,1.210044,0.044933,0.078178,0.012480,0.156018,-0.984576,-1.371183,0.917889,0.042204,-0.005631,0.026362,0.068391,0.997294,-1.440373,1.054565,0.955568
8,0.066667,-0.047927,-0.002050,-0.211242,-0.976256,-1.483515,1.210042,0.044942,0.078115,0.012498,0.155982,-0.984587,-1.371183,0.917870,0.042210,-0.005832,0.026169,0.067692,0.997346,-1.440144,1.054039,0.955557
9,0.075000,-0.048152,-0.002044,-0.211165,-0.976262,-1.483491,1.210043,0.044939,0.077984,0.012484,0.155948,-0.984603,-1.371178,0.917852,0.042203,-0.005944,0.026370,0.067055,0.997383,-1.439851,1.053496,0.955517
10,0.083333,-0.048408,-0.002308,-0.211341,-0.976210,-1.483456,1.210034,0.044982,0.077828,0.012513,0.155907,-0.984621,-1.371179,0.917833,0.042203,-0.005790,0.026829,0.066527,0.997407,-1.439571,1.052833,0.955607
11,0.091667,-0.048697,-0.002536,-0.211408,-0.976181,-1.483427,1.210031,0.044996,0.077703,0.012559,0.155904,-0.984631,-1.371182,0.917817,0.042204,-0.006262,0.027239,0.065898,0.997435,-1.439290,1.052195,0.955535
12,0.100000,-0.048994,-0.002648,-0.211500,-0.976146,-1.483412,1.210036,0.045012,0.077581,0.012586,0.155861,-0.984647,-1.371183,0.917801,0.042202,-0.006491,0.027673,0.065399,0.997454,-1.439016,1.051540,0.955483
13,0.108333,-0.049112,-0.002683,-0.211596,-0.976119,-1.483419,1.210035,0.045000,0.077551,0.012522,0.155815,-0.984658,-1.371187,0.917785,0.042216,-0.006741,0.028193,0.064729,0.997482,-1.438699,1.050872,0.955417
14,0.116667,-0.048889,-0.002443,-0.211569,-0.976137,-1.483383,1.210031,0.044991,0.077419,0.012544,0.155826,-0.984666,-1.371182,0.917774,0.042214,-0.007027,0.027895,0.063947,0.997539,-1.438413,1.050247,0.955358
15,0.125000,-0.048997,-0.002815,-0.211694,-0.976103,-1.483381,1.210027,0.045000,0.077364,0.012486,0.155776,-0.984679,-1.371184,0.917758,0.042225,-0.007230,0.027809,0.063427,0.997573,-1.438153,1.049557,0.955387
16,0.133333,-0.048932,-0.002612,-0.211660,-0.976114,-1.483386,1.210029,0.044983,0.077220,0.012579,0.155717,-0.984698,-1.371185,0.917745,0.042223,-0.007550,0.027625,0.062910,0.997608,-1.437905,1.048874,0.955356
17,0.141667,-0.048902,-0.002424,-0.211660,-0.976116,-1.483346,1.210034,0.044968,0.077098,0.012531,0.155626,-0.984723,-1.371181,0.917732,0.042236,-0.007847,0.027701,0.062387,0.997637,-1.437634,1.048137,0.955374
18,0.150000,-0.049135,-0.002708,-0.211757,-0.976083,-1.483320,1.210043,0.045015,0.077029,0.012548,0.155631,-0.984728,-1.371181,0.917716,0.042245,-0.008138,0.027933,0.061916,0.997657,-1.437381,1.047366,0.955311
19,0.158333,-0.049150,-0.002728,-0.211810,-0.976070,-1.483323,1.210036,0.045001,0.076834,0.012506,0.155607,-0.984747,-1.371180,0.917699,0.042247,-0.008413,0.028167,0.061583,0.997669,-1.437132,1.046598,0.955288
20,0.166667,-0.049409,-0.002769,-0.211824,-0.976054,-1.483315,1.210042,0.045005,0.076743,0.012473,0.155548,-0.984764,-1.371186,0.917676,0.042264,-0.008620,0.028112,0.061173,0.997694,-1.436878,1.045853,0.955308
21,0.175000,-0.049168,-0.002577,-0.211842,-0.976063,-1.483294,1.210014,0.044979,0.076529,0.012510,0.155490,-0.984789,-1.371187,0.917652,0.042268,-0.008836,0.027971,0.060778,0.997720,-1.436668,1.045060,0.955312
22,0.183333,-0.049520,-0.002728,-0.211833,-0.976047,-1.483277,1.210031,0.044994,0.076293,0.012488,0.155450,-0.984814,-1.371188,0.917625,0.042266,-0.008879,0.028066,0.060449,0.997737,-1.436451,1.044197,0.955301
23,0.191667,-0.049558,-0.002886,-0.211901,-0.976030,-1.483262,1.210027,0.045003,0.075975,0.012490,0.155451,-0.984838,-1.371197,0.917597,0.042264,-0.008487,0.028426,0.059956,0.997760,-1.436122,1.043381,0.955232
24,0.200000,-0.049451,-0.002798,-0.211933,-0.976028,-1.483244,1.210007,0.045014,0.075657,0.012585,0.155410,-0.984868,-1.371210,0.917580,0.042260,-0.008731,0.028653,0.059526,0.997777,-1.435901,1.042509,0.955195
25,0.208333,-0.049858,-0.002993,-0.211906,-0.976013,-1.483242,1.210032,0.045015,0.075276,0.012514,0.155398,-0.984900,-1.371225,0.917540,0.042254,-0.009042,0.028968,0.059276,0.997780,-1.435696,1.041630,0.955248
26,0.216667,-0.049856,-0.002990,-0.211849,-0.976025,-1.483238,1.210024,0.045020,0.064675,0.008439,0.156064,-0.985591,-1.371474,0.918030,0.043026,-0.009086,0.029064,0.058733,0.997809,-1.435465,1.040728,0.955272
27,0.225000,-0.049971,-0.003141,-0.211949,-0.975997,-1.483230,1.210021,0.045037,0.063870,0.008046,0.156023,-0.985653,-1.371505,0.918018,0.043075,-0.008964,0.029810,0.058437,0.997806,-1.435249,1.039708,0.955275
28,0.233333,-0.050006,-0.003183,-0.211953,-0.975995,-1.483232,1.210024,0.045030,0.063207,0.007742,0.156063,-0.985692,-1.371553,0.917978,0.043113,-0.008930,0.030460,0.058131,0.997804,-1.435013,1.038749,0.955304
29,0.241667,-0.050087,-0.003304,-0.211970,-0.975986,-1.483199,1.210036,0.045053,0.062641,0.007762,0.155999,-0.985738,-1.371573,0.917942,0.043133,-0.009169,0.030718,0.057752,0.997816,-1.434830,1.037797,0.955332
30,0.250000,-0.050235,-0.003352,-0.211967,-0.975979,-1.483197,1.210042,0.045051,0.062385,0.007845,0.155871,-0.985774,-1.371592,0.917899,0.043125,-0.008927,0.031143,0.057473,0.997821,-1.434626,1.036767,0.955416
31,0.258333,-0.050321,-0.003503,-0.211994,-0.975968,-1.483189,1.210029,0.045066,0.061856,0.007838,0.155894,-0.985804,-1.371607,0.917886,0.043131,-0.008474,0.031710,0.057262,0.997820,-1.434442,1.035689,0.955429
32,0.266667,-0.050350,-0.003502,-0.211942,-0.975978,-1.483173,1.210040,0.045070,0.061541,0.007877,0.155841,-0.985832,-1.371632,0.917853,0.043118,-0.008469,0.032421,0.056982,0.997813,-1.434229,1.034639,0.955475
33,0.275000,-0.050411,-0.003620,-0.211970,-0.975968,-1.483158,1.210042,0.045078,0.060963,0.007765,0.155890,-0.985861,-1.371650,0.917835,0.043124,-0.008202,0.032804,0.057167,0.997792,-1.434100,1.033537,0.955505
34,0.283333,-0.050532,-0.003614,-0.211985,-0.975959,-1.483143,1.210030,0.045098,0.060501,0.007784,0.155904,-0.985887,-1.371669,0.917814,0.043135,-0.007826,0.033117,0.057177,0.997784,-1.433942,1.032422,0.955528
35,0.291667,-0.050900,-0.003903,-0.212055,-0.975923,-1.483145,1.210027,0.045121,0.060009,0.007613,0.155858,-0.985926,-1.371684,0.917776,0.043149,-0.007713,0.033881,0.056852,0.997778,-1.433743,1.031299,0.955549
36,0.300000,-0.050683,-0.003797,-0.212005,-0.975946,-1.483121,1.210011,0.045130,0.059397,0.007553,0.155831,-0.985967,-1.371698,0.917758,0.043162,-0.007895,0.034756,0.056725,0.997754,-1.433572,1.030167,0.955544
37,0.308333,-0.051271,-0.004159,-0.212097,-0.975894,-1.483122,1.210007,0.045159,0.059036,0.007519,0.155826,-0.985990,-1.371722,0.917718,0.043169,-0.007629,0.035516,0.056670,0.997732,-1.433380,1.028998,0.955594
38,0.316667,-0.051355,-0.004207,-0.212026,-0.975905,-1.483073,1.209993,0.045194,0.058519,0.007487,0.155805,-0.986025,-1.371738,0.917699,0.043180,-0.007116,0.035966,0.056484,0.997730,-1.433206,1.027765,0.955572
39,0.325000,-0.052215,-0.004841,-0.212099,-0.975840,-1.483012,1.209974,0.045296,0.058022,0.007498,0.155694,-0.986071,-1.371759,0.917651,0.043180,-0.007180,0.036771,0.056473,0.997701,-1.433027,1.026594,0.955632
40,0.333333,-0.054409,-0.006592,-0.212117,-0.975706,-1.482904,1.209939,0.045430,0.057476,0.007365,0.155626,-0.986115,-1.371777,0.917593,0.043192,-0.007003,0.037251,0.056317,0.997693,-1.432823,1.025352,0.955610
41,0.341667,-0.055514,-0.007081,-0.211719,-0.975727,-1.482817,1.209811,0.045443,0.056894,0.007459,0.155478,-0.986172,-1.371814,0.917534,0.043185,-0.006907,0.037416,0.056195,0.997695,-1.432622,1.024150,0.955632
42,0.350000,-0.056286,-0.007481,-0.211593,-0.975707,-1.482801,1.209790,0.045488,0.056315,0.008074,0.154771,-0.986311,-1.371821,0.917382,0.043115,-0.006729,0.038014,0.056041,0.997682,-1.432404,1.022828,0.955659
43,0.358333,-0.056866,-0.007866,-0.211620,-0.975665,-1.482757,1.209742,0.045565,0.056141,0.007846,0.154238,-0.986406,-1.371840,0.917255,0.043158,-0.006710,0.038788,0.055986,0.997655,-1.432142,1.021568,0.955679
44,0.366667,-0.057025,-0.007815,-0.211456,-0.975691,-1.482735,1.209710,0.045595,0.056242,0.007633,0.153479,-0.986521,-1.371838,0.917098,0.043211,-0.006191,0.039217,0.056286,0.997625,-1.431992,1.020121,0.955772
45,0.375000,-0.057353,-0.007913,-0.211374,-0.975689,-1.482720,1.209679,0.045627,0.056378,0.007320,0.152723,-0.986632,-1.371863,0.916937,0.043271,-0.006224,0.040319,0.056391,0.997575,-1.431745,1.018763,0.955843
46,0.383333,-0.056213,-0.006969,-0.211042,-0.975834,-1.482760,1.209696,0.045498,0.055821,0.007018,0.152182,-0.986750,-1.371905,0.916792,0.043352,-0.005826,0.040668,0.056442,0.997560,-1.431493,1.017352,0.955919
47,0.391667,-0.056354,-0.007148,-0.210967,-0.975841,-1.482732,1.209705,0.045518,0.055537,0.006862,0.151593,-0.986858,-1.371938,0.916638,0.043387,-0.005089,0.040870,0.056438,0.997556,-1.431217,1.015876,0.955865
48,0.400000,-0.056105,-0.007152,-0.210855,-0.975880,-1.482734,1.209720,0.045524,0.055137,0.006602,0.150980,-0.986976,-1.371951,0.916489,0.043449,-0.005234,0.041431,0.056500,0.997529,-1.430913,1.014500,0.955885
49,0.408333,-0.055964,-0.007230,-0.210782,-0.975903,-1.482738,1.209754,0.045521,0.054349,0.006369,0.150647,-0.987072,-1.371970,0.916377,0.043470,-0.004899,0.042058,0.056606,0.997498,-1.430598,1.013002,0.955976
50,0.416667,-0.056317,-0.007439,-0.210700,-0.975899,-1.482696,1.209786,0.045570,0.053947,0.006477,0.150233,-0.987156,-1.372008,0.916267,0.043460,-0.004500,0.042605,0.056542,0.997481,-1.430308,1.011389,0.956059
51,0.425000,-0.054123,-0.005397,-0.209395,-0.976317,-1.482418,1.209767,0.045472,0.052630,0.006302,0.150142,-0.987242,-1.372059,0.916194,0.043462,-0.004306,0.042327,0.056439,0.997499,-1.429994,1.009944,0.956024
52,0.433333,-0.051213,-0.003254,-0.207572,-0.976873,-1.482265,1.209785,0.045379,0.051651,0.006005,0.150294,-0.987273,-1.372087,0.916144,0.043478,-0.003811,0.042422,0.056881,0.997472,-1.429792,1.008242,0.956125
53,0.441667,-0.050817,-0.002964,-0.206170,-0.977191,-1.482115,1.209831,0.045416,0.050761,0.005968,0.150321,-0.987315,-1.372097,0.916114,0.043465,-0.003123,0.042632,0.056848,0.997467,-1.429489,1.006526,0.956184
54,0.450000,-0.050161,-0.002855,-0.205084,-0.977454,-1.482022,1.209942,0.045428,0.050137,0.005906,0.150022,-0.987393,-1.372124,0.916035,0.043466,-0.002594,0.042118,0.057083,0.997477,-1.429110,1.004954,0.956201
55,0.458333,-0.049647,-0.002805,-0.204408,-0.977622,-1.481906,1.210062,0.045405,0.047078,0.004720,0.150045,-0.987546,-1.372149,0.916007,0.043687,-0.002086,0.041115,0.057042,0.997523,-1.428829,1.003292,0.956061
56,0.466667,-0.049321,-0.002988,-0.203542,-0.977819,-1.481806,1.210264,0.045426,0.046589,0.004550,0.149535,-0.987648,-1.372184,0.915875,0.043718,-0.001599,0.040937,0.057044,0.997531,-1.428522,1.001528,0.956117
57,0.475000,-0.048409,-0.004152,-0.203175,-0.977936,-1.481654,1.210417,0.045537,0.045373,0.005066,0.150518,-0.987553,-1.372151,0.916030,0.043597,-0.000815,0.040308,0.057690,0.997520,-1.428275,0.999768,0.956196
58,0.483333,-0.047279,-0.005736,-0.203263,-0.977965,-1.481441,1.210556,0.045714,0.045901,0.005488,0.150629,-0.987509,-1.372088,0.916031,0.043448,-0.000707,0.039163,0.057703,0.997565,-1.428016,0.998028,0.956095
59,0.491667,-0.045363,-0.008188,-0.204311,-0.977820,-1.481187,1.210615,0.045993,0.045910,0.005122,0.149957,-0.987613,-1.372121,0.915842,0.043448,-0.000183,0.038713,0.057859,0.997574,-1.427662,0.996282,0.956050
60,0.500000,-0.043673,-0.011365,-0.206179,-0.977473,-1.480840,1.210560,0.046387,0.045656,0.004792,0.150159,-0.987596,-1.372046,0.915788,0.043440,0.001176,0.037017,0.058661,0.997591,-1.427476,0.994431,0.955994
61,0.508333,-0.041484,-0.015676,-0.208729,-0.976967,-1.480527,1.210464,0.046962,0.046345,0.005639,0.149885,-0.987601,-1.371918,0.915677,0.043323,0.000982,0.036253,0.058691,0.997617,-1.427189,0.992665,0.955851
62,0.516667,-0.039851,-0.021000,-0.212728,-0.976073,-1.480317,1.209997,0.047678,0.045906,0.005580,0.149859,-0.987625,-1.371902,0.915583,0.043269,0.002347,0.034859,0.059283,0.997630,-1.426873,0.990865,0.955862
63,0.525000,-0.038302,-0.028031,-0.213285,-0.975836,-1.479788,1.210283,0.048817,0.045443,0.005300,0.149932,-0.987637,-1.371842,0.915534,0.043311,0.003803,0.033264,0.059952,0.997640,-1.426721,0.988918,0.955848
64,0.533333,-0.035866,-0.035390,-0.214995,-0.975315,-1.479320,1.210176,0.050089,0.043642,0.005114,0.150527,-0.987629,-1.371921,0.915462,0.043456,0.006040,0.031246,0.060291,0.997673,-1.426458,0.986990,0.955679
65,0.541667,-0.027227,-0.042366,-0.217331,-0.974798,-1.479050,1.210148,0.051220,0.042404,0.005102,0.150732,-0.987652,-1.371956,0.915475,0.043500,0.007644,0.028974,0.061006,0.997688,-1.426223,0.985240,0.955647
66,0.550000,-0.028677,-0.050951,-0.218307,-0.974127,-1.478033,1.209132,0.053352,0.041630,0.005109,0.150730,-0.987685,-1.371995,0.915485,0.043503,0.009373,0.026941,0.061296,0.997712,-1.426046,0.983328,0.955549
67,0.558333,-0.025222,-0.061948,-0.219389,-0.973342,-1.476997,1.209038,0.055452,0.041154,0.005251,0.149065,-0.987957,-1.372289,0.915193,0.043615,0.011433,0.024996,0.061675,0.997718,-1.425778,0.981473,0.955416
68,0.566667,-0.020153,-0.073248,-0.222231,-0.972030,-1.475963,1.208565,0.057670,0.041715,0.005687,0.148524,-0.988012,-1.372339,0.915140,0.043506,0.013576,0.023772,0.062337,0.997680,-1.425617,0.979473,0.955435
69,0.575000,-0.017443,-0.087080,-0.224437,-0.970433,-1.474580,1.208063,0.060438,0.042170,0.006289,0.147881,-0.988086,-1.372360,0.915061,0.043432,0.014740,0.022688,0.062593,0.997672,-1.425364,0.977664,0.955405
70,0.583333,-0.025516,-0.106200,-0.230400,-0.966947,-1.472781,1.206360,0.064624,0.043019,0.007095,0.147441,-0.988109,-1.372399,0.914954,0.043352,0.018548,0.016035,0.064987,0.997585,-1.425231,0.975221,0.955070
71,0.591667,-0.034347,-0.124020,-0.228163,-0.965081,-1.470248,1.206056,0.068829,0.043065,0.007370,0.146940,-0.988180,-1.372439,0.914905,0.043306,0.020936,0.014515,0.065967,0.997497,-1.425073,0.973200,0.954938
72,0.600000,-0.034968,-0.141992,-0.229341,-0.962298,-1.468180,1.205538,0.072541,0.042501,0.007973,0.146932,-0.988201,-1.372400,0.914871,0.043278,0.023370,0.013829,0.066464,0.997419,-1.424875,0.971067,0.954902
73,0.608333,-0.035139,-0.158953,-0.231964,-0.959005,-1.465643,1.205428,0.076766,0.044300,0.010287,0.147827,-0.987967,-1.372475,0.914665,0.043141,0.025505,0.012246,0.067602,0.997311,-1.424789,0.969105,0.954826
74,0.616667,-0.035589,-0.172196,-0.235807,-0.955760,-1.462739,1.205857,0.081702,0.043849,0.011115,0.149087,-0.987789,-1.372422,0.914778,0.042974,0.028426,0.010490,0.068322,0.997203,-1.424569,0.967189,0.954677
75,0.625000,-0.032743,-0.187221,-0.237965,-0.952496,-1.459177,1.205758,0.086585,0.043413,0.011688,0.149367,-0.987759,-1.372404,0.914782,0.042873,0.030541,0.010073,0.069622,0.997055,-1.424430,0.965250,0.954708
76,0.633333,-0.025540,-0.201844,-0.242249,-0.948642,-1.455061,1.205332,0.091991,0.035460,0.011114,0.149156,-0.988115,-1.372490,0.915126,0.043315,0.032219,0.009318,0.071197,0.996898,-1.424343,0.963518,0.954670
77,0.641667,-0.016935,-0.216551,-0.244895,-0.944905,-1.450846,1.204796,0.097354,0.034035,0.011487,0.149137,-0.988164,-1.372493,0.915150,0.043282,0.030596,0.009518,0.072956,0.996820,-1.424016,0.961976,0.955480
78,0.650000,-0.018033,-0.232816,-0.240510,-0.942139,-1.445285,1.204008,0.102874,0.032537,0.011901,0.149680,-0.988127,-1.372633,0.915280,0.043159,0.032411,0.008589,0.074181,0.996681,-1.423881,0.960317,0.955619
79,0.658333,-0.014408,-0.244021,-0.240260,-0.939426,-1.440400,1.203215,0.108805,0.031624,0.012139,0.149885,-0.988123,-1.372633,0.915377,0.043126,0.035039,0.007528,0.075512,0.996501,-1.423601,0.958648,0.955572
80,0.666667,-0.013555,-0.251821,-0.239833,-0.937487,-1.435655,1.202595,0.115019,0.031269,0.012319,0.149808,-0.988144,-1.372636,0.915371,0.043084,0.036145,0.005850,0.076236,0.996417,-1.423365,0.957152,0.955597
81,0.675000,-0.005950,-0.258908,-0.244716,-0.934369,-1.430280,1.201910,0.121944,0.031066,0.012233,0.149630,-0.988178,-1.372672,0.915332,0.043115,0.037978,0.004297,0.077641,0.996249,-1.423141,0.955651,0.955962
82,0.683333,-0.001568,-0.263049,-0.248272,-0.932290,-1.425118,1.201153,0.129008,0.030926,0.011944,0.149249,-0.988244,-1.372704,0.915283,0.043147,0.039427,0.005540,0.077996,0.996158,-1.422823,0.954308,0.956471
83,0.691667,0.000289,-0.263426,-0.250388,-0.931618,-1.420118,1.200040,0.136496,0.031092,0.011734,0.148777,-0.988312,-1.372722,0.915221,0.043181,0.040388,0.004624,0.078016,0.996123,-1.422513,0.953139,0.956580
84,0.700000,0.001112,-0.264174,-0.253827,-0.930474,-1.414582,1.198744,0.144418,0.031398,0.011675,0.148290,-0.988376,-1.372744,0.915151,0.043227,0.041265,0.001555,0.076910,0.996183,-1.422289,0.952201,0.956551
85,0.708333,0.000767,-0.264029,-0.254862,-0.930233,-1.409036,1.197194,0.152401,0.031657,0.011427,0.147858,-0.988436,-1.372775,0.915090,0.043251,0.044520,0.001682,0.076817,0.996049,-1.421923,0.950818,0.957257
86,0.716667,0.000908,-0.263978,-0.255445,-0.930087,-1.403446,1.195552,0.160218,0.028980,0.008994,0.147616,-0.988579,-1.372772,0.915048,0.043515,0.046068,0.001527,0.075854,0.996053,-1.421510,0.949819,0.957706
87,0.725000,0.002238,-0.266294,-0.255299,-0.929465,-1.397602,1.193815,0.168093,0.028586,0.008558,0.147093,-0.988672,-1.372790,0.915057,0.043543,0.048407,0.001009,0.074924,0.996013,-1.421168,0.948710,0.958109
88,0.733333,0.003010,-0.268028,-0.254274,-0.929245,-1.391711,1.191812,0.176009,0.028711,0.009626,0.148480,-0.988452,-1.372829,0.915238,0.043346,0.050673,0.000909,0.073536,0.996004,-1.420733,0.947642,0.958575
89,0.741667,0.004919,-0.269245,-0.253515,-0.929093,-1.385826,1.189862,0.184074,0.029672,0.008337,0.147811,-0.988535,-1.372416,0.914878,0.043675,0.052965,-0.000376,0.072496,0.995961,-1.420339,0.946692,0.958708
90,0.750000,0.007584,-0.268841,-0.252738,-0.929403,-1.380016,1.187855,0.192139,0.029215,0.007751,0.147376,-0.988619,-1.372402,0.914914,0.043686,0.056970,-0.004273,0.071485,0.995804,-1.419906,0.945988,0.959962
91,0.758333,0.011798,-0.268339,-0.252683,-0.929520,-1.374129,1.185753,0.200311,0.031115,0.009504,0.148164,-0.988427,-1.372790,0.915250,0.043314,0.060278,-0.005768,0.069923,0.995713,-1.419272,0.945048,0.960233
92,0.766667,0.014411,-0.267720,-0.251152,-0.930076,-1.368260,1.183568,0.208408,0.031391,0.009829,0.148331,-0.988391,-1.372810,0.915288,0.043254,0.050672,0.003552,0.067341,0.996436,-1.418357,0.945385,0.960713
93,0.775000,0.018985,-0.268149,-0.250976,-0.929918,-1.362502,1.181339,0.216462,0.031345,0.010255,0.148648,-0.988340,-1.372732,0.915289,0.043237,0.056834,0.001222,0.067092,0.996126,-1.417989,0.943990,0.960971
94,0.783333,0.021575,-0.268504,-0.249544,-0.930144,-1.356730,1.179101,0.224391,0.031517,0.010826,0.148854,-0.988298,-1.372826,0.915333,0.043171,0.058835,0.005316,0.064698,0.996155,-1.417396,0.944168,0.962558
95,0.791667,0.024129,-0.268414,-0.246883,-0.930817,-1.350555,1.176845,0.232286,0.032820,0.011107,0.148822,-0.988257,-1.372805,0.915429,0.043066,0.063482,0.003795,0.064182,0.995910,-1.417089,0.943198,0.963125
96,0.800000,0.027661,-0.266828,-0.243685,-0.932017,-1.344347,1.174610,0.240157,0.034385,0.011406,0.148969,-0.988178,-1.372840,0.915443,0.042915,0.068443,0.012279,0.065028,0.995458,-1.416617,0.941828,0.965256
97,0.808333,0.029926,-0.266221,-0.241199,-0.932767,-1.338150,1.172370,0.247879,0.045355,0.013481,0.147917,-0.987867,-1.372774,0.915003,0.042247,0.070348,0.014879,0.064479,0.995325,-1.416198,0.940756,0.965630
98,0.816667,0.030969,-0.264720,-0.236549,-0.934349,-1.332004,1.170232,0.255389,0.045398,0.013685,0.148693,-0.987746,-1.372653,0.914936,0.042347,0.071740,0.016979,0.064125,0.995215,-1.415831,0.939864,0.966090
99,0.825000,0.032581,-0.264703,-0.233470,-0.935074,-1.325732,1.168049,0.262759,0.047630,0.014346,0.148710,-0.987629,-1.372601,0.914850,0.042307,0.073489,0.019230,0.063117,0.995111,-1.415295,0.939038,0.966477
100,0.833333,0.033481,-0.264395,-0.229779,-0.936043,-1.319519,1.165960,0.270034,0.049292,0.014619,0.148290,-0.987607,-1.372577,0.914825,0.042263,0.075258,0.020212,0.062423,0.995003,-1.414891,0.938143,0.966677
101,0.841667,0.034668,-0.263345,-0.225652,-0.937299,-1.313273,1.164004,0.277223,0.051135,0.014242,0.149290,-0.987368,-1.372269,0.915083,0.042180,0.077194,0.026542,0.060868,0.994802,-1.414341,0.937585,0.968128
102,0.850000,0.036060,-0.263894,-0.224371,-0.937399,-1.306648,1.162323,0.284544,0.052359,0.015349,0.150419,-0.987116,-1.372158,0.915338,0.042011,0.079631,0.027707,0.060491,0.994601,-1.414065,0.936592,0.968298
103,0.858333,0.033430,-0.263332,-0.218836,-0.938962,-1.300545,1.160495,0.291304,0.053291,0.015655,0.150566,-0.987038,-1.372123,0.915396,0.041977,0.082995,0.029226,0.059288,0.994355,-1.413570,0.935381,0.968569
104,0.866667,0.030974,-0.263577,-0.214259,-0.940032,-1.294481,1.158708,0.297907,0.053829,0.015871,0.150779,-0.986973,-1.372136,0.915466,0.041934,0.085875,0.030008,0.058552,0.994131,-1.413224,0.934375,0.968917
105,0.875000,0.033022,-0.261844,-0.211406,-0.941092,-1.288109,1.156744,0.304569,0.048255,0.015683,0.150257,-0.987344,-1.372442,0.915816,0.042244,0.086852,0.028614,0.057604,0.994143,-1.412708,0.933708,0.969292
106,0.883333,0.035750,-0.260310,-0.208194,-0.942134,-1.281929,1.154919,0.310841,0.047910,0.015547,0.150474,-0.987330,-1.372463,0.916017,0.042231,0.089243,0.028267,0.057000,0.993976,-1.412240,0.932771,0.969660
107,0.891667,0.033288,-0.265722,-0.202528,-0.941948,-1.274928,1.154018,0.317577,0.047505,0.015432,0.150860,-0.987292,-1.372428,0.916163,0.042274,0.092342,0.027898,0.056415,0.993736,-1.411765,0.931837,0.970037
108,0.900000,0.034389,-0.262008,-0.201684,-0.943129,-1.269235,1.151645,0.323407,0.046563,0.013700,0.149974,-0.987498,-1.372568,0.916484,0.042164,0.093994,0.027646,0.055208,0.993656,-1.411039,0.931208,0.970346
109,0.908333,0.035686,-0.260233,-0.198842,-0.944175,-1.263103,1.149803,0.329163,0.046402,0.012581,0.148927,-0.987679,-1.372740,0.916698,0.042116,0.096228,0.027641,0.054415,0.993486,-1.410417,0.930427,0.970513
110,0.916667,0.037780,-0.257943,-0.196417,-0.945229,-1.256874,1.147940,0.334719,0.046367,0.012234,0.149192,-0.987645,-1.372743,0.916766,0.042130,0.097845,0.027161,0.053439,0.993395,-1.409565,0.929939,0.970549
111,0.925000,0.039681,-0.255704,-0.193660,-0.946328,-1.250612,1.146008,0.340137,0.046747,0.011864,0.149463,-0.987590,-1.372739,0.916801,0.042143,0.100533,0.027292,0.052580,0.993169,-1.408759,0.929167,0.970893
112,0.933333,0.039652,-0.253256,-0.190205,-0.947687,-1.244435,1.144128,0.345310,0.046906,0.011362,0.149526,-0.987579,-1.372734,0.916848,0.042150,0.102151,0.026499,0.047977,0.993258,-1.406432,0.929231,0.972404
113,0.941667,0.042086,-0.249149,-0.187978,-0.949114,-1.238007,1.142388,0.350506,0.047268,0.011111,0.149337,-0.987594,-1.372707,0.916886,0.042154,0.102896,0.025563,0.047696,0.993219,-1.405852,0.928357,0.972730
114,0.950000,0.042251,-0.246660,-0.184199,-0.950497,-1.231678,1.140504,0.355331,0.047871,0.011016,0.149333,-0.987566,-1.372691,0.916924,0.042157,0.099019,0.026684,0.045743,0.993675,-1.404405,0.928084,0.973079
115,0.958333,0.043183,-0.243672,-0.180148,-0.952001,-1.225195,1.138771,0.360161,0.048566,0.010992,0.149334,-0.987532,-1.372669,0.916952,0.042154,0.099518,0.023712,0.044947,0.993737,-1.403563,0.927346,0.973359
116,0.966667,0.043572,-0.240958,-0.175996,-0.953450,-1.218686,1.137022,0.364860,0.049210,0.011055,0.149255,-0.987512,-1.372642,0.916977,0.042164,0.100911,0.021153,0.044164,0.993690,-1.402611,0.926516,0.973567
117,0.975000,0.042762,-0.242805,-0.169828,-0.954136,-1.212153,1.135305,0.369536,0.049663,0.011065,0.149368,-0.987472,-1.372643,0.916979,0.042133,0.102420,0.018757,0.042703,0.993647,-1.401483,0.925802,0.973535
118,0.983333,0.042680,-0.239069,-0.165899,-0.955773,-1.205740,1.133301,0.373790,0.050163,0.011138,0.149347,-0.987449,-1.372625,0.917009,0.042127,0.105460,0.016451,0.040967,0.993443,-1.400136,0.924968,0.973430
119,0.991667,0.043764,-0.235336,-0.162739,-0.957193,-1.199329,1.131394,0.377977,0.050490,0.011192,0.149416,-0.987421,-1.372620,0.917042,0.042105,0.107856,0.014979,0.039358,0.993274,-1.398856,0.924153,0.973300
120,1.000000,0.045588,-0.230581,-0.160086,-0.958711,-1.192943,1.129697,0.382016,0.050985,0.011134,0.149458,-0.987390,-1.372592,0.917063,0.042093,0.109467,0.014455,0.038542,0.993138,-1.397879,0.923149,0.973204
121,1.008333,0.047527,-0.226535,-0.157804,-0.959959,-1.186478,1.127999,0.385974,0.051204,0.011198,0.149459,-0.987378,-1.372589,0.917095,0.042087,0.106542,0.015171,0.040919,0.993350,-1.397896,0.922131,0.972446
122,1.016667,0.048593,-0.222964,-0.155376,-0.961137,-1.180039,1.126300,0.389730,0.051483,0.011088,0.149441,-0.987367,-1.372558,0.917134,0.042083,0.107949,0.014786,0.039983,0.993242,-1.397086,0.921196,0.972393
123,1.025000,0.049223,-0.219150,-0.153083,-0.962349,-1.173673,1.124657,0.393386,0.051702,0.010985,0.149423,-0.987360,-1.372535,0.917174,0.042077,0.108739,0.013748,0.040325,0.993157,-1.396808,0.920224,0.972551
124,1.033333,0.050469,-0.215266,-0.150527,-0.963564,-1.167212,1.123057,0.397030,0.051893,0.010906,0.149524,-0.987335,-1.372520,0.917217,0.042072,0.109667,0.015095,0.040493,0.993029,-1.396342,0.919283,0.972298
125,1.041667,0.050262,-0.212584,-0.148403,-0.964499,-1.160886,1.121547,0.400307,0.052242,0.010796,0.149598,-0.987307,-1.372509,0.917258,0.042080,0.110334,0.017864,0.040237,0.992919,-1.395661,0.918528,0.972007
126,1.050000,0.051282,-0.208931,-0.145739,-0.965649,-1.154597,1.119939,0.403547,0.052463,0.010696,0.149690,-0.987282,-1.372482,0.917282,0.042089,0.110895,0.019675,0.038838,0.992878,-1.394927,0.917960,0.972049
127,1.058333,0.053535,-0.204898,-0.144155,-0.966628,-1.148708,1.118432,0.406420,0.052613,0.010606,0.149720,-0.987271,-1.372465,0.917310,0.042088,0.110940,0.021765,0.038153,0.992856,-1.394390,0.917374,0.971980
128,1.066667,0.054691,-0.201114,-0.141827,-0.967702,-1.142413,1.116723,0.409440,0.052740,0.010496,0.149752,-0.987260,-1.372447,0.917322,0.042081,0.111795,0.023199,0.038011,0.992733,-1.394082,0.916531,0.972244
129,1.075000,0.056511,-0.196005,-0.139216,-0.969024,-1.136085,1.114988,0.412455,0.052829,0.010408,0.149784,-0.987252,-1.372427,0.917319,0.042085,0.112612,0.024001,0.037853,0.992628,-1.393818,0.915640,0.972500
130,1.083333,0.061074,-0.191561,-0.138252,-0.969774,-1.130036,1.113459,0.415084,0.052912,0.010339,0.149787,-0.987247,-1.372404,0.917319,0.042073,0.113281,0.023668,0.037643,0.992568,-1.393576,0.914810,0.972786
131,1.091667,0.055623,-0.193782,-0.131505,-0.970598,-1.122897,1.111544,0.418599,0.052831,0.010246,0.149629,-0.987277,-1.372400,0.917287,0.042076,0.113876,0.023120,0.037502,0.992518,-1.393296,0.914140,0.972989
132,1.100000,0.052777,-0.187244,-0.128261,-0.972473,-1.116207,1.109157,0.421349,0.053084,0.009923,0.149447,-0.987294,-1.372402,0.917214,0.042110,0.114045,0.021636,0.037613,0.992528,-1.393077,0.913499,0.973113
133,1.108333,0.051260,-0.186043,-0.123658,-0.973380,-1.109174,1.107289,0.424711,0.053112,0.009587,0.149105,-0.987347,-1.372384,0.917124,0.042156,0.114087,0.019599,0.037402,0.992573,-1.392694,0.912959,0.973127
134,1.116667,0.049996,-0.181691,-0.120377,-0.974679,-1.103304,1.105140,0.427258,0.053185,0.009155,0.148841,-0.987387,-1.372377,0.917046,0.042192,0.113636,0.017865,0.037109,0.992669,-1.392217,0.912398,0.973254
135,1.125000,0.038985,-0.185045,-0.117429,-0.974910,-1.096872,1.102882,0.429860,0.052942,0.008753,0.148631,-0.987436,-1.372363,0.916967,0.042229,0.103868,0.012241,0.028485,0.994108,-1.388821,0.913730,0.970893
136,1.133333,0.030928,-0.178330,-0.106665,-0.977683,-1.090104,1.100256,0.432985,0.052581,0.008333,0.148523,-0.987475,-1.372343,0.916896,0.042263,0.104878,0.012161,0.025609,0.994081,-1.387332,0.913132,0.971106
137,1.141667,0.031192,-0.173691,-0.099680,-0.979246,-1.084057,1.097982,0.436876,0.052187,0.007986,0.148519,-0.987499,-1.372324,0.916830,0.042277,0.108765,0.012778,0.022379,0.993733,-1.385732,0.912076,0.972077
138,1.150000,0.026403,-0.171143,-0.095000,-0.980300,-1.078533,1.095564,0.439528,0.051515,0.007657,0.148746,-0.987503,-1.372321,0.916777,0.042276,0.114341,0.013860,0.018413,0.993174,-1.383975,0.910831,0.973343
139,1.158333,0.029867,-0.165143,-0.095878,-0.981144,-1.073499,1.092862,0.442081,0.050521,0.007517,0.149024,-0.987513,-1.372337,0.916701,0.042263,0.120587,0.016058,0.013700,0.992478,-1.381862,0.909540,0.974663
140,1.166667,0.030904,-0.159518,-0.092857,-0.982332,-1.068255,1.090449,0.444646,0.049595,0.007349,0.149324,-0.987516,-1.372343,0.916627,0.042257,0.123020,0.015674,0.009100,0.992239,-1.379618,0.908821,0.975347
141,1.175000,0.030880,-0.157777,-0.087136,-0.983138,-1.062530,1.088079,0.447746,0.048779,0.007128,0.149452,-0.987539,-1.372299,0.916573,0.042249,0.124564,0.014725,0.005060,0.992089,-1.377364,0.908206,0.975937
142,1.183333,0.037547,-0.151812,-0.082729,-0.984225,-1.057791,1.085709,0.450640,0.047831,0.006925,0.149631,-0.987560,-1.372277,0.916515,0.042241,0.125311,0.012493,0.000974,0.992038,-1.375157,0.907649,0.976314
143,1.191667,0.037275,-0.147299,-0.081889,-0.984991,-1.053185,1.082849,0.453691,0.046753,0.006762,0.149748,-0.987595,-1.372256,0.916426,0.042246,0.126241,0.009941,-0.002471,0.991947,-1.373095,0.906922,0.976649
144,1.200000,0.036128,-0.143682,-0.079418,-0.985770,-1.048579,1.080016,0.456648,0.045633,0.006504,0.149888,-0.987628,-1.372241,0.916319,0.042257,0.128819,0.008607,-0.005983,0.991613,-1.371105,0.905919,0.977254
145,1.208333,0.038407,-0.142026,-0.076707,-0.986139,-1.044066,1.077092,0.459863,0.044519,0.006130,0.149927,-0.987675,-1.372195,0.916204,0.042285,0.126731,0.007492,-0.010026,0.991858,-1.368949,0.905590,0.977048
146,1.216667,0.038928,-0.139218,-0.073886,-0.986734,-1.039730,1.074074,0.462956,0.043542,0.005708,0.149939,-0.987719,-1.372155,0.916095,0.042310,0.127698,0.007726,-0.013608,0.991690,-1.366915,0.904818,0.977117
147,1.225000,0.040021,-0.137359,-0.071536,-0.987124,-1.035614,1.071045,0.466094,0.042474,0.005251,0.149946,-0.987768,-1.372115,0.915980,0.042350,0.129823,0.005916,-0.016568,0.991381,-1.365372,0.904029,0.978065
148,1.233333,0.040177,-0.136140,-0.068467,-0.987504,-1.031594,1.067954,0.469244,0.041484,0.004835,0.149998,-0.987804,-1.372079,0.915863,0.042403,0.133063,0.004447,-0.019461,0.990907,-1.363931,0.903143,0.979342
149,1.241667,0.038508,-0.134496,-0.065752,-0.987980,-1.027827,1.064916,0.472628,0.040731,0.004323,0.150115,-0.987820,-1.372027,0.915750,0.042460,0.133602,0.004202,-0.022795,0.990764,-1.362212,0.902729,0.979769
150,1.250000,0.041316,-0.133809,-0.064331,-0.988054,-1.024200,1.061798,0.475602,0.039738,0.003947,0.150170,-0.987853,-1.371976,0.915647,0.042503,0.134750,0.003978,-0.025755,0.990537,-1.360608,0.902152,0.980197
151,1.258333,0.042384,-0.132805,-0.060830,-0.988365,-1.020619,1.058568,0.478589,0.038931,0.003467,0.150274,-0.987872,-1.371926,0.915558,0.042533,0.138096,0.003297,-0.027272,0.990038,-1.359517,0.901023,0.980703
152,1.266667,0.043985,-0.132303,-0.058075,-0.988528,-1.017197,1.055259,0.481586,0.038128,0.003074,0.150408,-0.987884,-1.371860,0.915472,0.042575,0.139241,0.002698,-0.029328,0.989820,-1.358270,0.900505,0.980995
153,1.275000,0.045503,-0.130935,-0.055683,-0.988780,-1.013852,1.052177,0.484541,0.037477,0.002442,0.150502,-0.987896,-1.371794,0.915372,0.042638,0.137558,0.002932,-0.031935,0.989974,-1.356638,0.900752,0.981280
154,1.283333,0.043015,-0.131267,-0.053116,-0.988988,-1.010706,1.048968,0.487441,0.036809,0.001594,0.150725,-0.987889,-1.371716,0.915325,0.042729,0.139867,0.002425,-0.033303,0.989607,-1.355565,0.900080,0.981713
155,1.291667,0.040926,-0.131122,-0.051564,-0.989178,-1.007644,1.046066,0.490151,0.035719,0.000726,0.151072,-0.987877,-1.371644,0.915299,0.042841,0.141209,0.002414,-0.034822,0.989364,-1.354435,0.899592,0.982129
156,1.300000,0.035161,-0.132991,-0.048849,-0.989288,-1.004701,1.043133,0.492342,0.035291,0.000307,0.151703,-0.987796,-1.371596,0.915280,0.042894,0.139602,-0.000843,-0.035262,0.989579,-1.353558,0.899343,0.981500
157,1.308333,0.033666,-0.134503,-0.046294,-0.989259,-1.001611,1.040302,0.494621,0.034936,-0.000339,0.152138,-0.987742,-1.371505,0.915320,0.042958,0.140832,-0.002060,-0.035969,0.989378,-1.352621,0.898881,0.981687
158,1.316667,0.045251,-0.135858,-0.040100,-0.988882,-0.998159,1.036987,0.496168,0.034677,-0.000910,0.152657,-0.987670,-1.371421,0.915384,0.043027,0.141401,-0.002718,-0.037396,0.989242,-1.351584,0.898686,0.982091
159,1.325000,0.044810,-0.136420,-0.036645,-0.988958,-0.995095,1.034297,0.497708,0.034463,-0.001551,0.153238,-0.987587,-1.371326,0.915446,0.043090,0.139236,-0.002915,-0.038896,0.989491,-1.350146,0.898625,0.980896
160,1.333333,0.044713,-0.135727,-0.032503,-0.989203,-0.992225,1.031518,0.498736,0.034363,-0.002138,0.153857,-0.987493,-1.371233,0.915529,0.043145,0.138412,-0.005354,-0.039415,0.989576,-1.349317,0.898583,0.980938
161,1.341667,0.043254,-0.134635,-0.030324,-0.989486,-0.989070,1.029013,0.499469,0.034245,-0.002585,0.154375,-0.987415,-1.371156,0.915631,0.043195,0.140459,-0.006648,-0.040052,0.989254,-1.348472,0.898023,0.981108
162,1.350000,0.047277,-0.132527,-0.030967,-0.989567,-0.985407,1.027462,0.500659,0.034558,-0.003102,0.155121,-0.987286,-1.371054,0.915724,0.043211,0.140027,-0.007039,-0.041894,0.989236,-1.347156,0.898024,0.980863
163,1.358333,0.042545,-0.130235,-0.029050,-0.990144,-0.982421,1.025270,0.500462,0.034944,-0.003641,0.155725,-0.987176,-1.370953,0.915820,0.043221,0.140953,-0.008031,-0.042808,0.989058,-1.346202,0.897827,0.981148
164,1.366667,0.042956,-0.126339,-0.026774,-0.990695,-0.979274,1.023388,0.500374,0.035132,-0.004009,0.156265,-0.987082,-1.370870,0.915921,0.043246,0.140870,-0.009100,-0.044050,0.989006,-1.345156,0.897785,0.981234
165,1.375000,0.040968,-0.127345,-0.022390,-0.990759,-0.976053,1.021298,0.499367,0.035286,-0.004288,0.156863,-0.986980,-1.370801,0.916016,0.043248,0.143591,-0.009417,-0.045409,0.988550,-1.344123,0.897335,0.981721
166,1.383333,0.043124,-0.128483,-0.018589,-0.990599,-0.972701,1.019562,0.498492,0.035679,-0.004637,0.157309,-0.986894,-1.370729,0.916108,0.043261,0.143196,-0.010200,-0.046723,0.988538,-1.342945,0.897185,0.981152
167,1.391667,0.036591,-0.132497,-0.013154,-0.990420,-0.969861,1.017729,0.496455,0.035839,-0.004918,0.157642,-0.986834,-1.370658,0.916180,0.043274,0.143492,-0.010644,-0.048337,0.988413,-1.341833,0.897247,0.981433
168,1.400000,0.035002,-0.134856,-0.009682,-0.990200,-0.966695,1.016114,0.494403,0.036151,-0.005254,0.157956,-0.986770,-1.370590,0.916248,0.043271,0.143456,-0.010503,-0.050178,0.988328,-1.340575,0.897413,0.981736
169,1.408333,0.034660,-0.135614,-0.007861,-0.990124,-0.963602,1.014451,0.491730,0.036492,-0.005682,0.158286,-0.986703,-1.370527,0.916314,0.043296,0.143353,-0.011626,-0.051238,0.988276,-1.339508,0.897167,0.981189
170,1.416667,0.035850,-0.137805,-0.005838,-0.989793,-0.960505,1.013126,0.488847,0.036797,-0.005802,0.158713,-0.986622,-1.370473,0.916398,0.043282,0.143480,-0.011647,-0.052832,0.988173,-1.338342,0.897083,0.981170
171,1.425000,0.037539,-0.139259,-0.004224,-0.989535,-0.957473,1.011806,0.485569,0.037017,-0.006034,0.159262,-0.986524,-1.370455,0.916441,0.043279,0.144029,-0.010837,-0.054655,0.988004,-1.337092,0.896953,0.981315
172,1.433333,0.038717,-0.141540,-0.002477,-0.989172,-0.954479,1.010598,0.481876,0.037269,-0.006302,0.159613,-0.986456,-1.370407,0.916505,0.043297,0.143537,-0.010111,-0.056219,0.987995,-1.335826,0.896915,0.981127
173,1.441667,0.040450,-0.143026,-0.001207,-0.988891,-0.951456,1.009504,0.477688,0.037535,-0.006610,0.159884,-0.986400,-1.370362,0.916576,0.043298,0.144305,-0.010584,-0.057073,0.987829,-1.334820,0.896486,0.980865
174,1.450000,0.043259,-0.144102,-0.000488,-0.988617,-0.948452,1.008573,0.473433,0.037787,-0.006963,0.160163,-0.986343,-1.370321,0.916643,0.043303,0.144340,-0.009814,-0.058305,0.987760,-1.333725,0.896206,0.980694
175,1.458333,0.049919,-0.147014,-0.000778,-0.987874,-0.944644,1.008130,0.469336,0.038016,-0.007226,0.160379,-0.986297,-1.370284,0.916707,0.043313,0.143404,-0.009827,-0.059104,0.987849,-1.332756,0.896011,0.980307
176,1.466667,0.051356,-0.148804,0.000413,-0.987532,-0.941695,1.007553,0.464433,0.038319,-0.007464,0.160596,-0.986248,-1.370264,0.916773,0.043322,0.141635,-0.010086,-0.060444,0.988020,-1.331581,0.896122,0.979854
177,1.475000,0.052955,-0.150395,0.001833,-0.987205,-0.938839,1.006868,0.459150,0.038574,-0.007752,0.160811,-0.986201,-1.370242,0.916834,0.043324,0.141118,-0.009704,-0.061683,0.988022,-1.330529,0.895929,0.979614
178,1.483333,0.054266,-0.150839,0.003190,-0.987063,-0.936027,1.006277,0.453674,0.038809,-0.007932,0.160995,-0.986160,-1.370218,0.916894,0.043327,0.141459,-0.009386,-0.062136,0.987948,-1.329739,0.895352,0.979265
179,1.491667,0.058904,-0.151629,0.004721,-0.986669,-0.933146,1.005980,0.448334,0.039144,-0.008113,0.161144,-0.986121,-1.370195,0.916951,0.043328,0.140295,-0.009233,-0.062815,0.988072,-1.328826,0.895167,0.978820
180,1.500000,0.072459,-0.157694,0.011319,-0.984761,-0.929863,1.004613,0.441803,0.039629,-0.008214,0.161282,-0.986078,-1.370185,0.917024,0.043327,0.138109,-0.010287,-0.063787,0.988307,-1.327740,0.895294,0.978085
181,1.508333,0.069253,-0.161537,0.013034,-0.984347,-0.926991,1.004651,0.435647,0.040023,-0.008346,0.161498,-0.986026,-1.370161,0.917102,0.043317,0.138425,-0.009547,-0.064760,0.988207,-1.326800,0.894956,0.978046
182,1.516667,0.068987,-0.164169,0.015333,-0.983898,-0.924336,1.004701,0.429408,0.040636,-0.008563,0.161564,-0.985988,-1.370113,0.917185,0.043307,0.137538,-0.008324,-0.065840,0.988271,-1.325739,0.894802,0.977787
183,1.525000,0.073241,-0.165925,0.016361,-0.983279,-0.921602,1.004961,0.423239,0.041179,-0.008754,0.161670,-0.985946,-1.370090,0.917281,0.043294,0.135832,-0.009602,-0.065565,0.988513,-1.324954,0.894565,0.976915
184,1.533333,0.075416,-0.165862,0.017808,-0.983100,-0.919168,1.004935,0.416741,0.041634,-0.008719,0.161806,-0.985905,-1.370070,0.917378,0.043280,0.135917,-0.008262,-0.066298,0.988465,-1.323943,0.894233,0.976728
185,1.541667,0.068874,-0.167247,0.021639,-0.983268,-0.917340,1.004824,0.409736,0.042094,-0.008852,0.161974,-0.985857,-1.370059,0.917457,0.043282,0.134959,-0.006688,-0.067370,0.988536,-1.322803,0.894138,0.976467
186,1.550000,0.064854,-0.163909,0.021141,-0.984114,-0.915501,1.005706,0.403395,0.042521,-0.008863,0.162081,-0.985821,-1.370056,0.917526,0.043286,0.134334,-0.008325,-0.066736,0.988651,-1.322118,0.893708,0.975809
187,1.558333,0.070083,-0.167234,0.024358,-0.983122,-0.913241,1.005889,0.395283,0.042914,-0.009012,0.162236,-0.985777,-1.370036,0.917589,0.043283,0.132820,-0.007711,-0.066881,0.988851,-1.321180,0.893511,0.975259
188,1.566667,0.070450,-0.167799,0.025655,-0.982966,-0.911008,1.006524,0.388034,0.043279,-0.009247,0.162391,-0.985734,-1.370006,0.917671,0.043283,0.130581,-0.007405,-0.067286,0.989124,-1.320096,0.893517,0.974391
189,1.575000,0.069185,-0.168191,0.026903,-0.982955,-0.908698,1.007248,0.380709,0.043837,-0.009359,0.162533,-0.985685,-1.369985,0.917771,0.043294,0.129390,-0.007009,-0.067122,0.989295,-1.319176,0.893276,0.973790
190,1.583333,0.072162,-0.169121,0.026453,-0.982594,-0.905311,1.007943,0.373719,0.044317,-0.009629,0.162829,-0.985612,-1.369947,0.917871,0.043302,0.129558,-0.006913,-0.067244,0.989265,-1.318369,0.892931,0.973744
191,1.591667,0.070068,-0.170001,0.027398,-0.982568,-0.902987,1.008865,0.366167,0.044764,-0.009758,0.163074,-0.985550,-1.369923,0.917982,0.043306,0.128403,-0.006758,-0.067605,0.989392,-1.317332,0.892797,0.973236
192,1.600000,0.067662,-0.171260,0.029084,-0.982469,-0.900927,1.009634,0.358509,0.045206,-0.009984,0.163380,-0.985476,-1.369897,0.918093,0.043302,0.126845,-0.006511,-0.067490,0.989603,-1.316413,0.892632,0.972661
193,1.608333,0.065696,-0.170426,0.027547,-0.982792,-0.898679,1.010828,0.351072,0.045440,-0.010118,0.163600,-0.985428,-1.369884,0.918200,0.043301,0.126079,-0.005842,-0.067928,0.989675,-1.315413,0.892412,0.972194
194,1.616667,0.064937,-0.164284,0.024760,-0.983962,-0.896865,1.011971,0.343177,0.045622,-0.010212,0.163757,-0.985392,-1.369879,0.918274,0.043299,0.123986,-0.005787,-0.068160,0.989923,-1.314361,0.892340,0.971408
195,1.625000,0.059074,-0.163433,0.024557,-0.984478,-0.894604,1.013645,0.335824,0.045667,-0.010366,0.163861,-0.985371,-1.369869,0.918329,0.043301,0.123266,-0.005570,-0.068048,0.990022,-1.313439,0.892143,0.971035
196,1.633333,0.053618,-0.163200,0.025204,-0.984813,-0.892554,1.015189,0.328093,0.045718,-0.010527,0.163943,-0.985354,-1.369856,0.918374,0.043299,0.122435,-0.005074,-0.069069,0.990057,-1.312224,0.892140,0.970715
197,1.641667,0.047655,-0.161936,0.025613,-0.985317,-0.890792,1.016583,0.320191,0.045923,-0.010629,0.164024,-0.985330,-1.369857,0.918409,0.043310,0.122222,-0.004104,-0.069402,0.990065,-1.311136,0.891905,0.970342
198,1.650000,0.043713,-0.161691,0.025423,-0.985545,-0.889287,1.018124,0.312245,0.046039,-0.010760,0.164103,-0.985310,-1.369846,0.918440,0.043314,0.119695,-0.002996,-0.069472,0.990372,-1.310051,0.891918,0.969580
199,1.658333,0.043016,-0.160583,0.022373,-0.985831,-0.887750,1.019694,0.303995,0.046154,-0.010880,0.164161,-0.985293,-1.369838,0.918479,0.043319,0.118635,-0.002756,-0.070093,0.990457,-1.308829,0.891925,0.969068
200,1.666667,0.042147,-0.161394,0.019914,-0.985789,-0.885935,1.021285,0.296055,0.046433,-0.010986,0.164205,-0.985272,-1.369828,0.918510,0.043331,0.117727,-0.002406,-0.070251,0.990555,-1.307776,0.891847,0.968714
201,1.675000,0.040666,-0.160298,0.016974,-0.986085,-0.884061,1.022701,0.288094,0.046733,-0.011113,0.164304,-0.985239,-1.369818,0.918536,0.043313,0.116653,-0.001596,-0.070811,0.990644,-1.306540,0.891762,0.968238
202,1.683333,0.050969,-0.160666,0.015973,-0.985563,-0.881561,1.023470,0.279381,0.046962,-0.011257,0.164417,-0.985208,-1.369811,0.918565,0.043313,0.114272,-0.000978,-0.070469,0.990947,-1.305432,0.891801,0.967391
203,1.691667,0.048682,-0.160967,0.014522,-0.985651,-0.878937,1.024632,0.272515,0.047086,-0.011211,0.164473,-0.985193,-1.369813,0.918604,0.043300,0.113180,-0.000364,-0.071107,0.991027,-1.304174,0.891819,0.966854
204,1.700000,0.047632,-0.157585,0.010874,-0.986296,-0.877107,1.026002,0.264899,0.047284,-0.011144,0.164546,-0.985173,-1.369818,0.918641,0.043294,0.113259,0.000704,-0.071486,0.990990,-1.303027,0.891664,0.966702
205,1.708333,0.045776,-0.155143,0.006921,-0.986807,-0.875391,1.027357,0.257431,0.047606,-0.011182,0.164783,-0.985117,-1.369809,0.918665,0.043281,0.111801,0.001840,-0.071442,0.991158,-1.301872,0.891608,0.966070
206,1.716667,0.049724,-0.149040,0.002331,-0.987577,-0.873788,1.028541,0.249938,0.047756,-0.011191,0.164936,-0.985084,-1.369798,0.918681,0.043280,0.108963,0.002705,-0.072543,0.991392,-1.300472,0.891744,0.965018
207,1.725000,0.048246,-0.143838,-0.002703,-0.988421,-0.872556,1.029703,0.242638,0.047703,-0.011225,0.165107,-0.985058,-1.369789,0.918679,0.043277,0.107481,0.002819,-0.072527,0.991554,-1.299478,0.891599,0.964435
208,1.733333,0.048991,-0.140979,-0.006930,-0.988775,-0.871183,1.030837,0.235316,0.047542,-0.011265,0.165302,-0.985032,-1.369771,0.918666,0.043296,0.106811,0.002998,-0.073418,0.991561,-1.298285,0.891416,0.964160
209,1.741667,0.050483,-0.141083,-0.011203,-0.988646,-0.869681,1.031951,0.227738,0.047199,-0.011463,0.165573,-0.985001,-1.369738,0.918642,0.043315,0.105555,0.003433,-0.074239,0.991633,-1.297180,0.891234,0.963707
210,1.750000,0.050374,-0.137002,-0.013501,-0.989197,-0.868530,1.032689,0.220809,0.046781,-0.011189,0.165908,-0.984967,-1.369738,0.918621,0.043328,0.103934,0.003951,-0.074965,0.991747,-1.296075,0.891059,0.963137
211,1.758333,0.049387,-0.132116,-0.015277,-0.989885,-0.867116,1.033405,0.214262,0.046247,-0.011410,0.166324,-0.984920,-1.369690,0.918573,0.043349,0.101243,0.004119,-0.075931,0.991951,-1.294886,0.891044,0.962469
212,1.766667,0.050406,-0.126933,-0.016727,-0.990489,-0.865933,1.033921,0.207960,0.043458,-0.010652,0.167649,-0.984831,-1.369678,0.918678,0.043241,0.099430,0.004337,-0.076902,0.992059,-1.293833,0.890900,0.962123
213,1.775000,0.049975,-0.122945,-0.017407,-0.991002,-0.864761,1.034307,0.201823,0.042350,-0.010862,0.168040,-0.984810,-1.369636,0.918615,0.043273,0.098021,0.005462,-0.078059,0.992103,-1.292702,0.890720,0.961823
214,1.783333,0.049006,-0.119702,-0.017640,-0.991443,-0.863711,1.034444,0.195834,0.041113,-0.011187,0.168402,-0.984797,-1.369585,0.918529,0.043314,0.096126,0.005511,-0.079616,0.992165,-1.291441,0.890573,0.961357
215,1.791667,0.045565,-0.118702,-0.017627,-0.991727,-0.862924,1.034345,0.189775,0.039628,-0.011629,0.168729,-0.984797,-1.369541,0.918436,0.043363,0.093923,0.005923,-0.080961,0.992264,-1.290320,0.890369,0.960948
216,1.800000,0.040619,-0.116361,-0.016745,-0.992235,-0.862140,1.034099,0.184236,0.037937,-0.012053,0.168953,-0.984820,-1.369485,0.918334,0.043427,0.091762,0.006112,-0.082541,0.992335,-1.289064,0.890258,0.960492
217,1.808333,0.045331,-0.111609,-0.014558,-0.992611,-0.860857,1.033695,0.178908,0.036295,-0.012629,0.169202,-0.984832,-1.369433,0.918217,0.043503,0.090927,0.006790,-0.083860,0.992297,-1.287807,0.890021,0.960417
218,1.816667,0.046843,-0.109360,-0.012150,-0.992824,-0.860007,1.033062,0.173457,0.034878,-0.013135,0.169372,-0.984847,-1.369404,0.918096,0.043586,0.089270,0.008252,-0.084864,0.992351,-1.286664,0.889879,0.960256
219,1.825000,0.048051,-0.106468,-0.009465,-0.993109,-0.859269,1.032272,0.168221,0.032967,-0.013841,0.169582,-0.984867,-1.369321,0.917944,0.043643,0.086355,0.008395,-0.085580,0.992546,-1.285521,0.889828,0.959736
220,1.833333,0.049044,-0.103855,-0.007664,-0.993353,-0.858709,1.031350,0.163045,0.031235,-0.014750,0.169951,-0.984847,-1.369272,0.917788,0.043730,0.085634,0.009774,-0.086629,0.992505,-1.284284,0.889570,0.959708
221,1.841667,0.045787,-0.104864,-0.005631,-0.993416,-0.858347,1.030506,0.158154,0.029794,-0.015454,0.170276,-0.984825,-1.369234,0.917669,0.043819,0.083314,0.010611,-0.087440,0.992623,-1.283121,0.889522,0.959348
222,1.850000,0.042498,-0.101695,-0.002362,-0.993905,-0.858197,1.029491,0.153669,0.028711,-0.016353,0.170371,-0.984826,-1.369168,0.917557,0.043929,0.082264,0.010571,-0.088631,0.992605,-1.281864,0.889432,0.959311
223,1.858333,0.039407,-0.098806,0.001262,-0.994325,-0.858352,1.028381,0.149462,0.028088,-0.017369,0.170400,-0.984821,-1.369112,0.917438,0.044057,0.080573,0.011626,-0.088989,0.992700,-1.280683,0.889267,0.958978
224,1.866667,0.039016,-0.096158,0.004823,-0.994590,-0.858294,1.027437,0.145598,0.027695,-0.018437,0.170251,-0.984839,-1.369071,0.917308,0.044190,0.080101,0.013152,-0.089932,0.992634,-1.279415,0.889094,0.958955
225,1.875000,0.038274,-0.095135,0.008623,-0.994691,-0.858556,1.026533,0.141593,0.027423,-0.019332,0.170103,-0.984855,-1.369051,0.917185,0.044319,0.078601,0.014305,-0.090430,0.992693,-1.278203,0.889016,0.958689
226,1.883333,0.038182,-0.095517,0.013042,-0.994610,-0.858989,1.025606,0.137382,0.027171,-0.020451,0.170095,-0.984841,-1.369033,0.917085,0.044422,0.077935,0.015653,-0.090845,0.992687,-1.276988,0.888851,0.958495
227,1.891667,0.037765,-0.096090,0.017013,-0.994510,-0.859492,1.024786,0.133419,0.026542,-0.020717,0.169892,-0.984887,-1.369063,0.917057,0.044575,0.077690,0.015730,-0.091402,0.992654,-1.275746,0.888790,0.958474
228,1.900000,0.036666,-0.096969,0.021203,-0.994386,-0.860244,1.024040,0.129424,0.025714,-0.021330,0.169919,-0.984892,-1.369042,0.916982,0.044644,0.076658,0.017342,-0.091118,0.992734,-1.274575,0.888684,0.958187
229,1.908333,0.034299,-0.094992,0.026040,-0.994546,-0.861225,1.023008,0.125736,0.024905,-0.021860,0.170016,-0.984884,-1.369020,0.916927,0.044702,0.075547,0.017091,-0.091146,0.992821,-1.273359,0.888820,0.958070
230,1.916667,0.034868,-0.095668,0.028656,-0.994390,-0.862141,1.022377,0.121993,0.021512,-0.021211,0.171279,-0.984759,-1.369046,0.917070,0.044551,0.074383,0.017676,-0.091021,0.992910,-1.272160,0.888813,0.957692
231,1.925000,0.034782,-0.095136,0.030720,-0.994382,-0.863373,1.021801,0.118275,0.020194,-0.021605,0.171494,-0.984741,-1.369008,0.917033,0.044574,0.096598,0.022185,-0.088957,0.991092,-1.272065,0.886769,0.962764
232,1.933333,0.035900,-0.093093,0.032198,-0.994489,-0.864855,1.021219,0.114806,0.019253,-0.022340,0.171683,-0.984711,-1.369003,0.917012,0.044598,0.094054,0.021936,-0.089002,0.991338,-1.270907,0.886926,0.962144
233,1.941667,0.038281,-0.092521,0.031955,-0.994461,-0.866754,1.020867,0.111312,0.018392,-0.022638,0.171861,-0.984689,-1.369006,0.917029,0.044625,0.093662,0.023296,-0.089564,0.991294,-1.269591,0.887034,0.962049
234,1.950000,0.047290,-0.090716,0.030729,-0.994279,-0.868577,1.020452,0.107741,0.017889,-0.023110,0.172045,-0.984655,-1.369006,0.917034,0.044662,0.091965,0.024209,-0.090126,0.991380,-1.268361,0.887126,0.961629
235,1.958333,0.052858,-0.088140,0.027059,-0.994337,-0.869129,1.019960,0.105130,0.017583,-0.023359,0.172091,-0.984647,-1.368986,0.917067,0.044684,0.091573,0.025853,-0.090568,0.991334,-1.266980,0.887173,0.961362
236,1.966667,0.062638,-0.085573,0.020959,-0.994140,-0.871043,1.020051,0.102184,0.017443,-0.023649,0.172056,-0.984649,-1.368992,0.917068,0.044727,0.089324,0.026214,-0.091100,0.991481,-1.265655,0.887293,0.960549
237,1.975000,0.067532,-0.085312,0.015395,-0.993944,-0.873125,1.019849,0.099153,0.016885,-0.023906,0.172111,-0.984643,-1.369007,0.917028,0.044730,0.088398,0.027588,-0.091727,0.991469,-1.264240,0.887470,0.960211
238,1.983333,0.071288,-0.085572,0.010007,-0.993728,-0.875468,1.019496,0.095968,0.015688,-0.023782,0.171985,-0.984688,-1.369058,0.917055,0.044767,0.087627,0.028580,-0.092329,0.991454,-1.262925,0.887477,0.959756
239,1.991667,0.067196,-0.090885,0.005378,-0.993577,-0.877983,1.018818,0.092551,0.015169,-0.024076,0.172048,-0.984678,-1.369073,0.917015,0.044769,0.086611,0.029650,-0.092936,0.991455,-1.261529,0.887686,0.959418
240,2.000000,0.066105,-0.093305,-0.000205,-0.993441,-0.880848,1.018754,0.089293,0.014720,-0.024353,0.172078,-0.984672,-1.369085,0.916971,0.044783,0.085223,0.030235,-0.093478,0.991506,-1.260218,0.887809,0.958903
241,2.008333,0.077117,-0.092351,-0.004577,-0.992725,-0.883061,1.018505,0.086208,0.014220,-0.024457,0.172135,-0.984667,-1.369100,0.916935,0.044793,0.084000,0.030798,-0.094106,0.991534,-1.258914,0.887839,0.958426
242,2.016667,0.081050,-0.096571,-0.008227,-0.991987,-0.885635,1.018259,0.082699,0.013565,-0.024604,0.172348,-0.984635,-1.369144,0.916867,0.044790,0.083609,0.032035,-0.094767,0.991465,-1.257549,0.887961,0.958220
243,2.025000,0.081644,-0.100990,-0.010841,-0.991473,-0.888398,1.018093,0.079365,0.013001,-0.024293,0.172586,-0.984609,-1.369151,0.916850,0.044785,0.081730,0.032934,-0.095667,0.991506,-1.256150,0.888129,0.957575
244,2.033333,0.078487,-0.102867,-0.011310,-0.991529,-0.891462,1.017663,0.076472,0.012788,-0.024334,0.172726,-0.984586,-1.369143,0.916828,0.044816,0.081238,0.033918,-0.096572,0.991425,-1.254806,0.888297,0.957376
245,2.041667,0.075511,-0.101683,-0.011903,-0.991876,-0.894458,1.017392,0.073890,0.012497,-0.024434,0.172852,-0.984565,-1.369136,0.916821,0.044820,0.078717,0.034061,-0.097634,0.991520,-1.253432,0.888512,0.956662
246,2.050000,0.070871,-0.097204,-0.010504,-0.992682,-0.896961,1.017052,0.071996,0.012097,-0.024429,0.173081,-0.984530,-1.369120,0.916825,0.044807,0.085360,0.038669,-0.097400,0.990824,-1.252342,0.887917,0.957792
247,2.058333,0.060964,-0.091266,-0.007746,-0.993929,-0.899427,1.016804,0.070138,0.011866,-0.024527,0.173359,-0.984482,-1.369093,0.916832,0.044803,0.084095,0.039552,-0.098689,0.990770,-1.250932,0.888194,0.957313
248,2.066667,0.049171,-0.083945,-0.004777,-0.995245,-0.901539,1.016836,0.068586,0.011721,-0.024480,0.173677,-0.984429,-1.369066,0.916846,0.044820,0.083199,0.040577,-0.099880,0.990684,-1.249564,0.888494,0.956947
249,2.075000,0.032198,-0.079473,-0.000282,-0.996317,-0.903340,1.016597,0.066846,0.011492,-0.024492,0.174094,-0.984357,-1.369041,0.916876,0.044827,0.082080,0.042127,-0.101201,0.990579,-1.248063,0.888913,0.956536
250,2.083333,0.020288,-0.075482,0.002405,-0.996938,-0.904775,1.016561,0.065368,0.011250,-0.024586,0.174524,-0.984282,-1.369006,0.916890,0.044838,0.080001,0.042878,-0.102545,0.990579,-1.246564,0.889354,0.955832
251,2.091667,0.014803,-0.069404,0.005137,-0.997466,-0.905841,1.016606,0.064430,0.011140,-0.024742,0.175006,-0.984193,-1.368984,0.916916,0.044847,0.079177,0.044107,-0.103719,0.990469,-1.245085,0.889789,0.955526
252,2.100000,0.013478,-0.064695,0.005018,-0.997802,-0.905917,1.016739,0.063581,0.010983,-0.024648,0.175484,-0.984112,-1.368962,0.916961,0.044869,0.077758,0.044532,-0.104801,0.990448,-1.243601,0.890295,0.954924
253,2.108333,0.012443,-0.061010,0.004836,-0.998048,-0.905728,1.016878,0.062550,0.010816,-0.024572,0.176043,-0.984016,-1.368942,0.917016,0.044868,0.076903,0.045662,-0.105699,0.990368,-1.242099,0.890769,0.954514
254,2.116667,0.009943,-0.058949,0.005278,-0.998198,-0.905280,1.016768,0.061555,0.010839,-0.024255,0.176640,-0.983917,-1.368932,0.917085,0.044876,0.075087,0.045839,-0.106642,0.990398,-1.240560,0.891364,0.953797
255,2.125000,0.009165,-0.055739,0.006502,-0.998382,-0.904686,1.016638,0.060655,0.011080,-0.024137,0.177153,-0.983825,-1.368895,0.917199,0.044849,0.073431,0.047316,-0.107615,0.990348,-1.239062,0.891898,0.953384
256,2.133333,0.008395,-0.051018,0.007494,-0.998634,-0.904104,1.016517,0.059765,0.011274,-0.023733,0.177751,-0.983725,-1.368863,0.917330,0.044792,0.071900,0.047662,-0.108439,0.990353,-1.237603,0.892414,0.952668
257,2.141667,0.007225,-0.047338,0.008611,-0.998816,-0.903470,1.016224,0.059096,0.012108,-0.023456,0.178739,-0.983543,-1.368794,0.917428,0.044679,0.071493,0.048696,-0.108868,0.990285,-1.236086,0.892866,0.952087
258,2.150000,0.008826,-0.042918,0.009593,-0.998994,-0.903113,1.015967,0.058414,0.013120,-0.022799,0.179591,-0.983390,-1.368780,0.917595,0.044575,0.070777,0.048936,-0.109372,0.990270,-1.234694,0.893281,0.951433
259,2.158333,0.010809,-0.038242,0.010241,-0.999158,-0.903167,1.015789,0.057595,0.014348,-0.022630,0.180388,-0.983230,-1.368760,0.917745,0.044548,0.066186,0.040162,-0.106172,0.991329,-1.232849,0.893924,0.950823
260,2.166667,0.013279,-0.032274,0.011721,-0.999322,-0.904095,1.015596,0.056440,0.016086,-0.022677,0.180920,-0.983105,-1.368699,0.917844,0.044551,0.066126,0.041150,-0.105962,0.991315,-1.231441,0.894179,0.950270
261,2.175000,0.014783,-0.028565,0.011653,-0.999415,-0.904518,1.015487,0.055582,0.017761,-0.022369,0.181095,-0.983051,-1.368667,0.917916,0.044538,0.065621,0.041767,-0.106275,0.991289,-1.229792,0.894571,0.949605
262,2.183333,0.015041,-0.023654,0.011784,-0.999538,-0.904816,1.015690,0.054659,0.019365,-0.022035,0.181264,-0.982997,-1.368670,0.917997,0.044487,0.065744,0.042017,-0.105914,0.991310,-1.228340,0.894875,0.949109
263,2.191667,0.015355,-0.020918,0.012356,-0.999587,-0.905156,1.015581,0.054103,0.020669,-0.021242,0.181445,-0.982955,-1.368679,0.918043,0.044410,0.065742,0.042652,-0.106220,0.991250,-1.226658,0.895388,0.948483
264,2.200000,0.014122,-0.018322,0.013306,-0.999644,-0.905265,1.015625,0.053554,0.021924,-0.020655,0.181600,-0.982911,-1.368703,0.918096,0.044335,0.065329,0.043023,-0.106638,0.991216,-1.224974,0.895873,0.947823
265,2.208333,0.012984,-0.015684,0.014030,-0.999694,-0.905273,1.015739,0.052987,0.023022,-0.019870,0.181793,-0.982866,-1.368747,0.918170,0.044232,0.065956,0.043919,-0.106645,0.991135,-1.223402,0.896359,0.947409
266,2.216667,0.011901,-0.013343,0.014094,-0.999741,-0.905249,1.015885,0.052432,0.023833,-0.018805,0.181969,-0.982836,-1.368800,0.918259,0.044108,0.065973,0.044903,-0.106679,0.991086,-1.221888,0.896918,0.946886
267,2.225000,0.010122,-0.010568,0.014762,-0.999784,-0.905299,1.015839,0.052055,0.024592,-0.017868,0.182183,-0.982795,-1.368841,0.918335,0.043987,0.066749,0.045847,-0.106643,0.990994,-1.220439,0.897543,0.946517
268,2.233333,0.008394,-0.008766,0.015091,-0.999813,-0.905347,1.015790,0.051715,0.024888,-0.016982,0.182513,-0.982742,-1.368891,0.918432,0.043846,0.067710,0.047353,-0.106596,0.990863,-1.219091,0.897939,0.946260
269,2.241667,0.004572,-0.006332,0.015368,-0.999851,-0.905311,1.015811,0.051257,0.024195,-0.015664,0.183474,-0.982602,-1.368934,0.918633,0.043611,0.068050,0.048318,-0.107168,0.990732,-1.217639,0.898619,0.945801
270,2.250000,0.003328,-0.005274,0.015043,-0.999867,-0.905494,1.015637,0.050938,0.023666,-0.014253,0.184148,-0.982510,-1.368999,0.918755,0.043404,0.068294,0.049540,-0.107823,0.990584,-1.216364,0.899233,0.945414
271,2.258333,0.000806,-0.003803,0.014639,-0.999885,-0.905581,1.015509,0.050550,0.022435,-0.012117,0.185402,-0.982332,-1.369004,0.919047,0.043092,0.068847,0.050747,-0.107261,0.990545,-1.215229,0.899818,0.945302
272,2.266667,-0.001536,-0.002688,0.014125,-0.999896,-0.905592,1.015313,0.050209,0.022290,-0.011205,0.185573,-0.982314,-1.369048,0.919101,0.042971,0.068722,0.051655,-0.108001,0.990427,-1.214044,0.900494,0.944885
273,2.275000,-0.003644,-0.001192,0.013989,-0.999895,-0.905652,1.015117,0.049847,0.022795,-0.010430,0.185790,-0.982270,-1.369094,0.919134,0.042922,0.067679,0.052628,-0.109073,0.990330,-1.212823,0.901148,0.944357
274,2.283333,-0.005694,0.000341,0.013503,-0.999893,-0.905675,1.014905,0.049493,0.023300,-0.010095,0.185965,-0.982228,-1.369143,0.919145,0.042895,0.067064,0.054090,-0.109764,0.990216,-1.211574,0.901778,0.943992
275,2.291667,-0.007657,0.001675,0.012925,-0.999886,-0.905727,1.014700,0.049161,0.024111,-0.009927,0.186212,-0.982163,-1.369225,0.919167,0.042895,0.067340,0.055643,-0.110495,0.990030,-1.210552,0.902273,0.943799
276,2.300000,-0.009633,0.002797,0.012348,-0.999873,-0.905725,1.014470,0.048885,0.024806,-0.010531,0.185914,-0.982196,-1.369249,0.919059,0.042960,0.067341,0.056869,-0.111323,0.989868,-1.209469,0.902890,0.943673
277,2.308333,-0.012060,0.003820,0.011932,-0.999849,-0.905742,1.014174,0.048649,0.025758,-0.011045,0.185765,-0.982195,-1.369288,0.918977,0.043044,0.067572,0.058144,-0.112353,0.989662,-1.208183,0.903474,0.943513
278,2.316667,-0.009753,0.007845,0.010744,-0.999864,-0.905837,1.014004,0.048248,0.026321,-0.011444,0.185607,-0.982205,-1.369328,0.918920,0.043103,0.067007,0.058892,-0.114011,0.989466,-1.206954,0.904123,0.943379
279,2.325000,-0.011766,0.009418,0.010283,-0.999834,-0.905801,1.013718,0.047891,0.027005,-0.011910,0.185634,-0.982176,-1.369371,0.918907,0.043179,0.067189,0.060067,-0.115695,0.989188,-1.205575,0.904614,0.943177
280,2.333333,-0.012020,0.012107,0.009427,-0.999810,-0.905814,1.013449,0.047342,0.027230,-0.011950,0.185694,-0.982158,-1.369402,0.918905,0.043187,0.068261,0.061799,-0.117223,0.988828,-1.204258,0.905030,0.943310
281,2.341667,-0.012443,0.013677,0.009255,-0.999786,-0.905775,1.013285,0.047060,0.027514,-0.011439,0.185720,-0.982151,-1.369413,0.918912,0.043187,0.068886,0.062888,-0.118990,0.988505,-1.202944,0.905386,0.943287
282,2.350000,-0.013042,0.014894,0.009298,-0.999761,-0.905754,1.013193,0.046739,0.028094,-0.010742,0.185933,-0.982102,-1.369411,0.918918,0.043195,0.069470,0.063979,-0.120596,0.988199,-1.201498,0.905747,0.943239
283,2.358333,-0.013200,0.015802,0.009426,-0.999744,-0.905736,1.013130,0.046483,0.027994,-0.010203,0.186150,-0.982069,-1.369373,0.918995,0.043162,0.070085,0.065527,-0.122453,0.987826,-1.200010,0.906055,0.943142
284,2.366667,-0.013344,0.016584,0.009620,-0.999727,-0.905707,1.013076,0.046249,0.028003,-0.010359,0.186014,-0.982093,-1.369366,0.918983,0.043188,0.070781,0.066349,-0.124201,0.987503,-1.198640,0.906291,0.943147
285,2.375000,-0.013997,0.016798,0.009664,-0.999714,-0.905636,1.013001,0.046119,0.029226,-0.011403,0.186692,-0.981918,-1.369371,0.919073,0.043310,0.071534,0.066728,-0.126144,0.987177,-1.197240,0.906561,0.943127
286,2.383333,-0.015101,0.016830,0.009680,-0.999697,-0.905536,1.012919,0.046028,0.029734,-0.011348,0.187011,-0.981842,-1.369356,0.919125,0.043307,0.072322,0.067025,-0.128237,0.986830,-1.195574,0.906873,0.943042
287,2.391667,-0.015001,0.017274,0.010448,-0.999684,-0.905549,1.012944,0.046026,0.030020,-0.011400,0.187272,-0.981783,-1.369336,0.919164,0.043314,0.073276,0.067023,-0.130596,0.986450,-1.193969,0.907163,0.943040
288,2.400000,-0.017489,0.014344,0.011085,-0.999683,-0.905243,1.012978,0.046688,0.030385,-0.011490,0.187419,-0.981743,-1.369313,0.919181,0.043345,0.073950,0.066776,-0.132930,0.986104,-1.192322,0.907429,0.943061
289,2.408333,-0.019458,0.013832,0.011241,-0.999652,-0.905106,1.012951,0.046784,0.030558,-0.011628,0.187535,-0.981714,-1.369296,0.919207,0.043367,0.075261,0.068139,-0.135278,0.985593,-1.190504,0.907666,0.943323
290,2.416667,-0.021342,0.013420,0.011253,-0.999619,-0.905068,1.012966,0.046800,0.030749,-0.011639,0.187628,-0.981690,-1.369282,0.919224,0.043399,0.075509,0.068845,-0.137357,0.985237,-1.188767,0.907985,0.943275
291,2.425000,-0.024000,0.013019,0.011325,-0.999563,-0.905040,1.012944,0.046916,0.030900,-0.011797,0.187688,-0.981672,-1.369264,0.919217,0.043436,0.075794,0.070954,-0.139402,0.984778,-1.186984,0.908289,0.943276
292,2.433333,-0.026456,0.012713,0.011431,-0.999504,-0.905011,1.012918,0.046970,0.031045,-0.011887,0.187746,-0.981655,-1.369253,0.919209,0.043461,0.075025,0.073243,-0.141563,0.984361,-1.185164,0.908689,0.943137
293,2.441667,-0.028383,0.012479,0.011475,-0.999453,-0.904968,1.012905,0.047018,0.030901,-0.012025,0.187863,-0.981635,-1.369221,0.919210,0.043473,0.074894,0.074827,-0.143223,0.984012,-1.183395,0.909033,0.942932
294,2.450000,-0.029744,0.012380,0.011516,-0.999415,-0.904923,1.012892,0.047066,0.031034,-0.012172,0.187942,-0.981614,-1.369198,0.919208,0.043502,0.074312,0.076421,-0.145053,0.983665,-1.181763,0.909386,0.942687
295,2.458333,-0.030687,0.012336,0.011605,-0.999386,-0.904892,1.012863,0.047086,0.031124,-0.012376,0.188040,-0.981590,-1.369168,0.919216,0.043528,0.073963,0.078657,-0.146835,0.983251,-1.180074,0.909831,0.942741
296,2.466667,-0.031741,0.012240,0.011609,-0.999354,-0.904863,1.012813,0.047075,0.031002,-0.012595,0.188121,-0.981576,-1.369138,0.919232,0.043547,0.074889,0.077646,-0.147508,0.983160,-1.178725,0.909887,0.942395
297,2.475000,-0.032664,0.012259,0.011512,-0.999325,-0.904857,1.012746,0.046999,0.031083,-0.012692,0.188248,-0.981548,-1.369121,0.919234,0.043569,0.075339,0.079879,-0.148949,0.982730,-1.177203,0.910256,0.942564
298,2.483333,-0.033449,0.012304,0.011470,-0.999299,-0.904826,1.012663,0.046931,0.030886,-0.012828,0.188333,-0.981536,-1.369101,0.919234,0.043598,0.075693,0.081468,-0.150067,0.982402,-1.175825,0.910574,0.942688
299,2.491667,-0.034420,0.012315,0.011447,-0.999266,-0.904795,1.012557,0.046851,0.030920,-0.012952,0.188475,-0.981506,-1.369080,0.919223,0.043624,0.076339,0.081173,-0.150576,0.982298,-1.174540,0.910673,0.942270
300,2.500000,-0.035366,0.012265,0.011388,-0.999234,-0.904782,1.012429,0.046750,0.030656,-0.013095,0.188565,-0.981495,-1.369070,0.919226,0.043636,0.076865,0.083651,-0.151812,0.981859,-1.173174,0.911043,0.942625
301,2.508333,-0.036350,0.012191,0.011330,-0.999201,-0.904736,1.012300,0.046668,0.030494,-0.013236,0.188638,-0.981484,-1.369066,0.919217,0.043657,0.078636,0.083150,-0.152102,0.981717,-1.172070,0.911093,0.942632
302,2.516667,-0.037409,0.011957,0.011223,-0.999166,-0.904673,1.012177,0.046626,0.030099,-0.013496,0.188714,-0.981478,-1.369056,0.919190,0.043677,0.079187,0.085418,-0.153075,0.981326,-1.170666,0.911470,0.942901
303,2.525000,-0.038576,0.011746,0.011147,-0.999124,-0.904626,1.012047,0.046594,0.029825,-0.013514,0.188789,-0.981472,-1.369048,0.919167,0.043714,0.079767,0.087810,-0.153806,0.980954,-1.169380,0.911603,0.943029
304,2.533333,-0.039732,0.011493,0.011102,-0.999083,-0.904569,1.011922,0.046590,0.029298,-0.013723,0.188899,-0.981463,-1.369043,0.919145,0.043728,0.079968,0.087005,-0.154071,0.980968,-1.168082,0.911612,0.942451
305,2.541667,-0.040993,0.011108,0.011030,-0.999037,-0.904524,1.011804,0.046593,0.028859,-0.013796,0.189017,-0.981453,-1.369044,0.919118,0.043770,0.079666,0.089879,-0.155014,0.980585,-1.166590,0.911921,0.942594
306,2.550000,-0.042328,0.010719,0.011005,-0.998986,-0.904482,1.011689,0.046623,0.028272,-0.013903,0.189095,-0.981453,-1.369045,0.919071,0.043808,0.079802,0.094451,-0.155856,0.980010,-1.165139,0.912048,0.942372
307,2.558333,-0.043633,0.010511,0.011016,-0.998932,-0.904440,1.011589,0.046646,0.027784,-0.014074,0.189210,-0.981443,-1.369038,0.919033,0.043847,0.093200,0.091395,-0.153171,0.979541,-1.165025,0.911084,0.945055
308,2.566667,-0.044795,0.010203,0.011063,-0.998883,-0.904406,1.011502,0.046684,0.027301,-0.014155,0.189319,-0.981434,-1.369039,0.918997,0.043879,0.093305,0.098928,-0.154138,0.978647,-1.163268,0.911259,0.946110
309,2.575000,-0.045864,0.009862,0.011078,-0.998838,-0.904394,1.011433,0.046731,0.026745,-0.014365,0.189462,-0.981419,-1.369032,0.918952,0.043925,0.093933,0.098401,-0.154692,0.978552,-1.161823,0.911345,0.945905
310,2.583333,-0.046302,0.009903,0.011285,-0.998815,-0.904369,1.011396,0.046850,0.026178,-0.014473,0.189589,-0.981408,-1.369035,0.918912,0.043968,0.094026,0.100389,-0.155635,0.978192,-1.160257,0.911566,0.946221
311,2.591667,-0.045839,0.010246,0.011450,-0.998831,-0.904428,1.011468,0.046831,0.025510,-0.014651,0.189734,-0.981395,-1.369025,0.918866,0.044007,0.094220,0.100630,-0.156776,0.977966,-1.158630,0.911731,0.946042
312,2.600000,-0.046436,0.010145,0.011385,-0.998805,-0.904453,1.011446,0.046746,0.023839,-0.013974,0.189649,-0.981463,-1.368989,0.918810,0.043980,0.074655,0.073379,-0.155859,0.982217,-1.159203,0.913029,0.940565
313,2.608333,-0.047398,0.009853,0.011412,-0.998762,-0.904410,1.011348,0.046741,0.023067,-0.013825,0.189794,-0.981456,-1.368978,0.918734,0.044023,0.073499,0.072050,-0.155426,0.982471,-1.158301,0.913340,0.940544
314,2.616667,-0.048089,0.009648,0.011448,-0.998731,-0.904372,1.011267,0.046757,0.022330,-0.013794,0.189916,-0.981450,-1.368955,0.918673,0.044081,0.075078,0.071182,-0.154063,0.982630,-1.157398,0.913415,0.940831
315,2.625000,-0.048657,0.009436,0.011435,-0.998706,-0.904340,1.011191,0.046753,0.021574,-0.013653,0.190128,-0.981427,-1.368934,0.918605,0.044155,0.079508,0.068942,-0.151985,0.982764,-1.156879,0.913656,0.942202
316,2.633333,-0.049198,0.009296,0.011415,-0.998681,-0.904325,1.011135,0.046739,0.020806,-0.013714,0.190382,-0.981394,-1.368906,0.918542,0.044206,0.074586,0.062075,-0.150485,0.983838,-1.156348,0.914189,0.940599
317,2.641667,-0.049583,0.009084,0.011394,-0.998664,-0.904301,1.011078,0.046765,0.019943,-0.013602,0.190715,-0.981349,-1.368878,0.918493,0.044272,0.071787,0.059989,-0.148903,0.984417,-1.155698,0.914473,0.939515
318,2.650000,-0.050320,0.008885,0.011373,-0.998629,-0.904287,1.011006,0.046752,0.018732,-0.013618,0.191068,-0.981304,-1.368834,0.918429,0.044327,0.074280,0.071617,-0.148405,0.983529,-1.154087,0.914492,0.939981
319,2.658333,-0.051315,0.008624,0.011334,-0.998581,-0.904280,1.010914,0.046734,0.017613,-0.013576,0.191500,-0.981241,-1.368806,0.918377,0.044384,0.073673,0.077151,-0.147941,0.983226,-1.152928,0.914658,0.939776
320,2.666667,-0.052526,0.008411,0.011222,-0.998521,-0.904260,1.010813,0.046720,0.016353,-0.013809,0.191813,-0.981198,-1.368752,0.918310,0.044480,0.073475,0.082295,-0.148301,0.982769,-1.151343,0.915032,0.939471
321,2.675000,-0.053695,0.008156,0.011140,-0.998462,-0.904251,1.010717,0.046713,0.015094,-0.014047,0.192248,-0.981130,-1.368666,0.918294,0.044559,0.072784,0.082366,-0.147434,0.982945,-1.150492,0.915234,0.939022
322,2.683333,-0.055044,0.007882,0.011062,-0.998392,-0.904216,1.010592,0.046726,0.013400,-0.014771,0.192682,-0.981059,-1.368591,0.918165,0.044622,0.071326,0.079223,-0.145987,0.983526,-1.149679,0.915522,0.938336
323,2.691667,-0.054161,0.007855,0.011600,-0.998434,-0.904113,1.010351,0.046628,0.012400,-0.015806,0.193741,-0.980847,-1.368550,0.918157,0.044657,0.066366,0.073913,-0.145131,0.984413,-1.149130,0.915905,0.936731
324,2.700000,-0.055659,0.007385,0.011758,-0.998353,-0.904023,1.010109,0.046601,0.011252,-0.016595,0.194802,-0.980638,-1.368479,0.918081,0.044825,0.032362,0.073028,-0.144552,0.986268,-1.147934,0.917806,0.929435
325,2.708333,-0.058751,0.005801,0.011573,-0.998189,-0.903936,1.010179,0.047024,0.006240,-0.017009,0.194948,-0.980646,-1.368455,0.918104,0.045252,0.025358,0.071184,-0.142908,0.986847,-1.147377,0.918114,0.927725
326,2.716667,-0.060634,0.005067,0.011527,-0.998081,-0.903839,1.010077,0.047162,0.003584,-0.018501,0.195585,-0.980506,-1.368344,0.917965,0.045474,0.021700,0.078121,-0.138215,0.987078,-1.147094,0.918197,0.927723
327,2.725000,-0.062321,0.004378,0.011477,-0.997981,-0.903768,1.009912,0.047215,0.001161,-0.019812,0.196314,-0.980340,-1.368222,0.917862,0.045757,0.019973,0.082020,-0.135880,0.987122,-1.147066,0.918652,0.927078
328,2.733333,-0.063827,0.003922,0.011359,-0.997889,-0.903706,1.009747,0.047249,-0.001084,-0.020130,0.198062,-0.979982,-1.368099,0.917946,0.045974,0.010457,0.080497,-0.136478,0.987312,-1.145502,0.919164,0.924339
329,2.741667,-0.062728,0.005525,0.011065,-0.997954,-0.903730,1.009292,0.046702,-0.002367,-0.021164,0.199206,-0.979726,-1.367966,0.917907,0.046236,0.009384,0.081491,-0.137052,0.987162,-1.143900,0.919179,0.924170
330,2.750000,-0.063326,0.005686,0.010812,-0.997918,-0.903680,1.009143,0.046673,-0.004187,-0.023675,0.199013,-0.979702,-1.367813,0.917702,0.046533,0.008225,0.082683,-0.137520,0.987008,-1.142115,0.918794,0.923797
331,2.758333,-0.063346,0.005972,0.010473,-0.997919,-0.903618,1.009020,0.046623,-0.006288,-0.024570,0.200313,-0.979404,-1.367590,0.917463,0.046902,0.007016,0.085178,-0.138581,0.986656,-1.140411,0.919149,0.924102
332,2.766667,-0.063092,0.006123,0.010165,-0.997937,-0.903567,1.008932,0.046582,-0.009954,-0.025531,0.201799,-0.979044,-1.367393,0.917264,0.047232,0.004871,0.083981,-0.138614,0.986767,-1.139048,0.920082,0.924363
333,2.775000,-0.062783,0.006552,0.009826,-0.997957,-0.903525,1.008886,0.046556,-0.012881,-0.027121,0.202603,-0.978801,-1.367160,0.917025,0.047575,0.002759,0.084992,-0.138755,0.986669,-1.137711,0.920761,0.925025
334,2.783333,-0.062545,0.007301,0.009326,-0.997972,-0.903540,1.008887,0.046501,-0.015251,-0.028507,0.203434,-0.978555,-1.366939,0.916842,0.047939,-0.013518,0.083905,-0.136687,0.986962,-1.136837,0.921969,0.921669
335,2.791667,-0.064644,0.005550,0.008672,-0.997855,-0.903561,1.009140,0.046773,-0.017474,-0.030642,0.203318,-0.978477,-1.366649,0.916579,0.048377,-0.022266,0.084043,-0.125901,0.988226,-1.138880,0.923735,0.920779
336,2.800000,-0.065860,0.004686,0.008466,-0.997782,-0.903575,1.009297,0.046876,-0.020613,-0.033788,0.202633,-0.978455,-1.366365,0.915946,0.048861,-0.021949,0.083863,-0.125869,0.988252,-1.137353,0.924244,0.921077
337,2.808333,-0.063521,0.006256,0.008207,-0.997927,-0.903609,1.009232,0.046512,-0.023711,-0.032453,0.205074,-0.977921,-1.366167,0.916045,0.049074,-0.021835,0.083773,-0.126895,0.988131,-1.135763,0.924404,0.921677
338,2.816667,-0.063456,0.006102,0.008033,-0.997934,-0.903647,1.009327,0.046445,-0.028519,-0.033380,0.207515,-0.977246,-1.365939,0.916174,0.049268,-0.022863,0.086530,-0.125669,0.988027,-1.134503,0.925228,0.921882
339,2.825000,-0.062929,0.006011,0.008003,-0.997968,-0.903640,1.009416,0.046425,-0.030548,-0.035111,0.207973,-0.977027,-1.365682,0.915991,0.049563,-0.022819,0.086579,-0.126049,0.987975,-1.133111,0.925582,0.922289
340,2.833333,-0.061631,0.006077,0.007995,-0.998049,-0.903621,1.009492,0.046416,-0.033099,-0.035680,0.208822,-0.976742,-1.365495,0.915812,0.049848,-0.022544,0.087175,-0.126223,0.987907,-1.131492,0.926204,0.922481
341,2.841667,-0.060435,0.006124,0.008114,-0.998120,-0.903571,1.009537,0.046429,-0.035258,-0.036571,0.209174,-0.976558,-1.365325,0.915567,0.050172,-0.022114,0.088212,-0.126174,0.987831,-1.130204,0.926799,0.922854
342,2.850000,-0.058994,0.006668,0.008116,-0.998203,-0.903538,1.009563,0.046382,-0.037000,-0.038103,0.209324,-0.976403,-1.365178,0.915400,0.050472,-0.023695,0.090306,-0.125666,0.987670,-1.128579,0.927716,0.923218
343,2.858333,-0.057923,0.007017,0.008076,-0.998264,-0.903537,1.009571,0.046277,-0.039298,-0.038484,0.210365,-0.976075,-1.365053,0.915334,0.050723,-0.017906,0.086112,-0.126383,0.988075,-1.126956,0.927688,0.924901
344,2.866667,-0.056559,0.007528,0.008206,-0.998337,-0.903611,1.009610,0.046197,-0.041382,-0.040626,0.210989,-0.975767,-1.364901,0.915277,0.051137,-0.021372,0.089689,-0.127249,0.987576,-1.125180,0.928915,0.924160
345,2.875000,-0.055734,0.006754,0.008357,-0.998388,-0.903596,1.009650,0.046219,-0.042634,-0.041864,0.211523,-0.975545,-1.364701,0.915166,0.051525,-0.021073,0.091430,-0.127710,0.987363,-1.123444,0.929623,0.924684
346,2.883333,-0.054769,0.005637,0.008615,-0.998446,-0.903523,1.009724,0.046361,-0.043773,-0.043109,0.212045,-0.975327,-1.364508,0.915005,0.051879,-0.017399,0.089800,-0.127758,0.987578,-1.122159,0.929804,0.926038
347,2.891667,-0.054216,0.004069,0.008799,-0.998482,-0.903446,1.009787,0.046555,-0.044401,-0.044472,0.212303,-0.975181,-1.364307,0.914760,0.052340,-0.021717,0.095052,-0.127248,0.987067,-1.120779,0.931401,0.925303
348,2.900000,-0.054243,0.003200,0.009043,-0.998482,-0.903412,1.009837,0.046676,-0.045786,-0.045966,0.213021,-0.974891,-1.364105,0.914560,0.052680,-0.018750,0.091855,-0.129429,0.987147,-1.118535,0.931632,0.926101
349,2.908333,-0.054257,0.002801,0.009293,-0.998480,-0.903366,1.009869,0.046811,-0.048309,-0.046654,0.214216,-0.974475,-1.363888,0.914426,0.052919,-0.019274,0.090727,-0.130907,0.987046,-1.116184,0.932162,0.926965
350,2.916667,-0.054661,0.002431,0.009497,-0.998457,-0.903350,1.009909,0.046909,-0.050170,-0.048037,0.214929,-0.974157,-1.363677,0.914230,0.053246,-0.020435,0.095696,-0.129694,0.986714,-1.115423,0.933325,0.926356
351,2.925000,-0.055263,0.002062,0.009609,-0.998423,-0.903354,1.009958,0.046963,-0.052469,-0.049316,0.215843,-0.973770,-1.363434,0.914089,0.053541,-0.021677,0.097921,-0.129214,0.986532,-1.114158,0.934260,0.926568
352,2.933333,-0.055784,0.001577,0.009621,-0.998395,-0.903359,1.010005,0.046995,-0.054286,-0.050265,0.216909,-0.973384,-1.363210,0.913967,0.053823,-0.021405,0.099295,-0.129694,0.986338,-1.113057,0.935281,0.926755
353,2.941667,-0.056101,0.001259,0.009639,-0.998378,-0.903362,1.010047,0.047013,-0.056167,-0.051304,0.217711,-0.973044,-1.362995,0.913850,0.054142,-0.022319,0.102557,-0.129329,0.986031,-1.111658,0.936086,0.926773
354,2.950000,-0.056338,0.001033,0.009611,-0.998365,-0.903358,1.010072,0.047026,-0.055912,-0.053564,0.218241,-0.972818,-1.362899,0.913477,0.054709,-0.021179,0.103292,-0.128976,0.986026,-1.110441,0.936436,0.927374
355,2.958333,-0.056409,0.000853,0.009547,-0.998362,-0.903357,1.010098,0.047009,-0.057538,-0.055014,0.218749,-0.972529,-1.362746,0.913420,0.055004,-0.021789,0.104306,-0.129504,0.985837,-1.108763,0.937258,0.927302
356,2.966667,-0.056228,0.000719,0.009488,-0.998373,-0.903343,1.010121,0.046992,-0.059056,-0.056451,0.219267,-0.972239,-1.362580,0.913393,0.055261,-0.022134,0.105351,-0.130016,0.985650,-1.107269,0.938069,0.927528
357,2.975000,-0.055816,0.000527,0.009414,-0.998397,-0.903346,1.010146,0.046955,-0.060532,-0.057506,0.219628,-0.972004,-1.362437,0.913399,0.055469,-0.022666,0.106076,-0.130505,0.985496,-1.105570,0.938854,0.927776
358,2.983333,-0.055045,0.000419,0.009349,-0.998440,-0.903349,1.010187,0.046922,-0.062136,-0.058767,0.219607,-0.971833,-1.362379,0.913400,0.055634,-0.024208,0.108836,-0.131986,0.984961,-1.103800,0.940034,0.927281
359,2.991667,-0.054173,0.000250,0.009315,-0.998488,-0.903336,1.010242,0.046902,-0.063411,-0.060398,0.219998,-0.971562,-1.362301,0.913488,0.055812,-0.021226,0.105364,-0.132890,0.985286,-1.102061,0.939887,0.928458
360,3.000000,-0.053172,0.000162,0.009330,-0.998542,-0.903310,1.010299,0.046901,-0.064337,-0.062025,0.219372,-0.971540,-1.362324,0.913534,0.055972,-0.020838,0.105823,-0.133927,0.985105,-1.100379,0.940577,0.928665
361,3.008333,-0.052201,0.000171,0.009378,-0.998593,-0.903296,1.010364,0.046881,-0.062002,-0.065924,0.218311,-0.971674,-1.362455,0.913216,0.056544,-0.020692,0.105806,-0.134814,0.984988,-1.098693,0.941135,0.928958
362,3.016667,-0.051095,0.000046,0.009346,-0.998650,-0.903293,1.010446,0.046869,-0.062591,-0.067678,0.217300,-0.971742,-1.362574,0.913251,0.056721,-0.021370,0.107190,-0.136092,0.984649,-1.096907,0.942413,0.928830
363,3.025000,-0.050252,0.000023,0.009299,-0.998693,-0.903288,1.010512,0.046853,-0.062486,-0.069757,0.216487,-0.971783,-1.362660,0.913295,0.056959,-0.020157,0.106390,-0.137800,0.984523,-1.095110,0.942731,0.929040
364,3.033333,-0.050359,0.000626,0.009338,-0.998687,-0.903335,1.010516,0.046829,-0.062789,-0.071506,0.215650,-0.971823,-1.362764,0.913378,0.057155,-0.020240,0.107668,-0.137706,0.984396,-1.093493,0.943669,0.929132
365,3.041667,-0.048995,0.000145,0.009410,-0.998755,-0.903311,1.010593,0.046839,-0.063278,-0.073227,0.214600,-0.971895,-1.362872,0.913379,0.057312,-0.019372,0.107368,-0.138619,0.984318,-1.091758,0.944169,0.929342
366,3.050000,-0.048771,0.000722,0.009378,-0.998766,-0.903372,1.010663,0.046793,-0.063820,-0.074937,0.213716,-0.971924,-1.362967,0.913374,0.057495,-0.019011,0.108554,-0.139405,0.984084,-1.090080,0.944859,0.929455
367,3.058333,-0.048009,0.000884,0.009386,-0.998802,-0.903402,1.010751,0.046801,-0.064649,-0.076720,0.212978,-0.971893,-1.363036,0.913419,0.057718,-0.018448,0.109104,-0.139974,0.983953,-1.088459,0.945488,0.929449
368,3.066667,-0.047302,0.000984,0.009449,-0.998836,-0.903438,1.010840,0.046781,-0.065232,-0.078875,0.212384,-0.971811,-1.363055,0.913453,0.057974,-0.018515,0.110471,-0.140031,0.983791,-1.086852,0.946352,0.929453
369,3.075000,-0.046648,0.000978,0.009567,-0.998865,-0.903451,1.010899,0.046775,-0.065405,-0.080316,0.211751,-0.971820,-1.363049,0.913419,0.058184,-0.017322,0.110519,-0.141153,0.983647,-1.085066,0.946870,0.929696
370,3.083333,-0.046221,0.001098,0.009661,-0.998884,-0.903476,1.010947,0.046758,-0.065945,-0.081887,0.211208,-0.971770,-1.363032,0.913363,0.058455,-0.016989,0.111507,-0.141277,0.983524,-1.083327,0.947567,0.929695
371,3.091667,-0.045810,0.001170,0.009772,-0.998902,-0.903494,1.010996,0.046748,-0.066485,-0.083498,0.210651,-0.971717,-1.362984,0.913324,0.058746,-0.016074,0.111544,-0.140867,0.983594,-1.081782,0.948171,0.930061
372,3.100000,-0.045397,0.001222,0.009849,-0.998920,-0.903518,1.011034,0.046732,-0.066263,-0.087138,0.209659,-0.971627,-1.362852,0.913210,0.059273,-0.015636,0.112017,-0.140877,0.983545,-1.079969,0.948782,0.930070
373,3.108333,-0.044971,0.001325,0.009982,-0.998938,-0.903533,1.011065,0.046709,-0.067484,-0.090065,0.209123,-0.971392,-1.362750,0.913078,0.059678,-0.015581,0.112176,-0.140804,0.983539,-1.078315,0.949414,0.930289
374,3.116667,-0.044564,0.001374,0.010051,-0.998955,-0.903549,1.011096,0.046685,-0.069273,-0.092951,0.208510,-0.971126,-1.362657,0.912917,0.060026,-0.015459,0.112678,-0.140740,0.983492,-1.076491,0.950053,0.930393
375,3.125000,-0.044156,0.001464,0.010196,-0.998972,-0.903573,1.011120,0.046667,-0.071632,-0.095160,0.207953,-0.970860,-1.362584,0.912748,0.060319,-0.016622,0.113195,-0.141217,0.983346,-1.074460,0.950658,0.930425
376,3.133333,-0.043737,0.001590,0.010380,-0.998988,-0.903605,1.011141,0.046636,-0.073257,-0.097782,0.207444,-0.970587,-1.362463,0.912559,0.060688,-0.016434,0.114013,-0.140684,0.983331,-1.072869,0.951390,0.930739
377,3.141667,-0.043471,0.001660,0.010477,-0.998998,-0.903622,1.011152,0.046602,-0.075059,-0.100795,0.206996,-0.970237,-1.362319,0.912337,0.061063,-0.017460,0.115699,-0.140200,0.983185,-1.070974,0.952009,0.930768
378,3.150000,-0.043280,0.001705,0.010550,-0.999006,-0.903639,1.011150,0.046571,-0.077176,-0.103380,0.206661,-0.969870,-1.362179,0.912126,0.061408,-0.015351,0.114164,-0.140854,0.983306,-1.069723,0.952379,0.931299
379,3.158333,-0.043157,0.001778,0.010585,-0.999011,-0.903657,1.011129,0.046531,-0.078247,-0.106702,0.206231,-0.969516,-1.361972,0.911906,0.061890,-0.016771,0.114223,-0.140414,0.983339,-1.067608,0.952901,0.931437
380,3.166667,-0.043234,0.001897,0.010660,-0.999006,-0.903664,1.011121,0.046488,-0.079789,-0.110317,0.205730,-0.969092,-1.361769,0.911654,0.062341,-0.017404,0.114588,-0.140258,0.983308,-1.065708,0.953418,0.931647
381,3.175000,-0.043222,0.001953,0.010674,-0.999007,-0.903674,1.011103,0.046445,-0.081402,-0.113155,0.205304,-0.968721,-1.361593,0.911436,0.062746,-0.018060,0.115287,-0.140361,0.983200,-1.063752,0.954001,0.931867
382,3.183333,-0.043250,0.002046,0.010759,-0.999004,-0.903706,1.011086,0.046404,-0.082384,-0.116253,0.204881,-0.968360,-1.361366,0.911219,0.063240,-0.018165,0.116724,-0.140014,0.983078,-1.061953,0.954484,0.932145
383,3.191667,-0.043240,0.002136,0.010803,-0.999004,-0.903728,1.011075,0.046357,-0.083449,-0.119493,0.204359,-0.967985,-1.361138,0.910999,0.063755,-0.017435,0.116264,-0.140037,0.983142,-1.060426,0.954929,0.932484
384,3.200000,-0.043401,0.002332,0.010878,-0.998996,-0.903759,1.011045,0.046306,-0.084945,-0.122125,0.204005,-0.967601,-1.360960,0.910802,0.064200,-0.018925,0.117682,-0.139191,0.983066,-1.058602,0.955570,0.932451
385,3.208333,-0.043507,0.002329,0.010901,-0.998991,-0.903768,1.011018,0.046272,-0.085436,-0.125985,0.203479,-0.967174,-1.360701,0.910566,0.064793,-0.020162,0.117614,-0.139944,0.982943,-1.056519,0.955848,0.932444
386,3.216667,-0.043687,0.002324,0.010953,-0.998983,-0.903769,1.010983,0.046241,-0.094705,-0.133861,0.205018,-0.964925,-1.360337,0.910162,0.065737,-0.020156,0.118011,-0.139464,0.982963,-1.054813,0.955690,0.932767
387,3.225000,-0.043848,0.002339,0.010988,-0.998975,-0.903768,1.010951,0.046218,-0.096766,-0.139369,0.204668,-0.964014,-1.360028,0.909893,0.066583,-0.020008,0.116909,-0.139667,0.983069,-1.052766,0.956615,0.933053
388,3.233333,-0.043590,0.001852,0.011120,-0.998986,-0.903748,1.010929,0.046160,-0.102711,-0.142858,0.206274,-0.962545,-1.359035,0.909708,0.067798,-0.020498,0.117109,-0.139310,0.983086,-1.050603,0.957054,0.933200
389,3.241667,-0.043747,0.001816,0.011208,-0.998978,-0.903752,1.010900,0.046130,-0.100291,-0.146851,0.205795,-0.962302,-1.358503,0.909337,0.068417,-0.021567,0.117786,-0.139340,0.982978,-1.048388,0.956718,0.933213
390,3.250000,-0.043716,0.001724,0.011260,-0.998979,-0.903747,1.010888,0.046112,-0.101021,-0.152073,0.205539,-0.961469,-1.358142,0.909008,0.068869,-0.022835,0.117442,-0.138926,0.983049,-1.046074,0.957197,0.933406
391,3.258333,-0.043662,0.001720,0.011333,-0.998981,-0.903757,1.010874,0.046082,-0.101267,-0.156428,0.204677,-0.960928,-1.357866,0.908786,0.069214,-0.022795,0.119226,-0.137839,0.982988,-1.044439,0.957661,0.933621
392,3.266667,-0.043688,0.001716,0.011397,-0.998979,-0.903763,1.010857,0.046055,-0.099960,-0.160267,0.203278,-0.960729,-1.357478,0.908464,0.069893,-0.023973,0.119803,-0.137145,0.982987,-1.042140,0.958140,0.933789
393,3.275000,-0.043683,0.001651,0.011414,-0.998979,-0.903771,1.010853,0.046022,-0.099032,-0.163735,0.201977,-0.960515,-1.357025,0.908121,0.070504,-0.025097,0.119850,-0.136988,0.982975,-1.039855,0.958391,0.933669
394,3.283333,-0.043632,0.001608,0.011475,-0.998980,-0.903780,1.010846,0.045998,-0.100011,-0.168305,0.201252,-0.959775,-1.356667,0.907942,0.071293,-0.026114,0.120606,-0.137102,0.982840,-1.037836,0.958506,0.933485
395,3.291667,-0.043619,0.001597,0.011493,-0.998981,-0.903792,1.010839,0.045971,-0.099294,-0.172490,0.200165,-0.959334,-1.356188,0.907601,0.071938,-0.025678,0.120822,-0.136596,0.982896,-1.035716,0.958912,0.933894
396,3.300000,-0.043586,0.001548,0.011384,-0.998984,-0.903810,1.010823,0.045935,-0.100402,-0.176963,0.199536,-0.958535,-1.355738,0.907303,0.072470,-0.025792,0.120858,-0.136203,0.982943,-1.033498,0.959338,0.934153
397,3.308333,-0.043561,0.001489,0.011351,-0.998985,-0.903811,1.010820,0.045914,-0.100726,-0.182342,0.198634,-0.957680,-1.355262,0.906996,0.073040,-0.026196,0.120355,-0.135519,0.983089,-1.031221,0.959661,0.934333
398,3.316667,-0.043622,0.001418,0.011542,-0.998980,-0.903821,1.010841,0.045897,-0.100711,-0.186513,0.198000,-0.957009,-1.354695,0.906688,0.073788,-0.025459,0.119957,-0.134192,0.983339,-1.029342,0.960073,0.934987
399,3.325000,-0.043563,0.001423,0.011558,-0.998983,-0.903847,1.010850,0.045853,-0.101279,-0.191336,0.197442,-0.956112,-1.354225,0.906438,0.074346,-0.025571,0.120041,-0.133601,0.983406,-1.026905,0.960448,0.935240
400,3.333333,-0.043575,0.001312,0.011484,-0.998983,-0.903839,1.010851,0.045840,-0.100201,-0.196335,0.196680,-0.955369,-1.353712,0.906165,0.075099,-0.026526,0.119853,-0.132686,0.983527,-1.024715,0.960806,0.935286
401,3.341667,-0.043518,0.001134,0.011354,-0.998987,-0.903823,1.010846,0.045834,-0.101018,-0.200821,0.196465,-0.954394,-1.353132,0.905885,0.075676,-0.026465,0.119507,-0.131485,0.983732,-1.022431,0.961320,0.935624
402,3.350000,-0.043525,0.000979,0.011236,-0.998989,-0.903815,1.010837,0.045822,-0.100656,-0.205632,0.195686,-0.953567,-1.352539,0.905586,0.076347,-0.026248,0.119653,-0.130007,0.983917,-1.020342,0.961741,0.936048
403,3.358333,-0.043456,0.000784,0.011069,-0.998994,-0.903800,1.010835,0.045825,-0.099949,-0.210913,0.194850,-0.952659,-1.351951,0.905307,0.077087,-0.027218,0.119104,-0.129340,0.984045,-1.017738,0.961998,0.936063
404,3.366667,-0.043336,0.000611,0.010910,-0.999001,-0.903774,1.010837,0.045833,-0.100152,-0.215841,0.193798,-0.951748,-1.351312,0.904973,0.077703,-0.027931,0.118467,-0.128020,0.984275,-1.015298,0.962305,0.936184
405,3.375000,-0.043047,-0.000747,0.010617,-0.999016,-0.903535,1.010806,0.046081,-0.100613,-0.221120,0.192779,-0.950694,-1.350643,0.904625,0.078316,-0.028942,0.117034,-0.128477,0.984357,-1.012161,0.962427,0.936018
406,3.383333,-0.043669,-0.000837,0.010467,-0.998991,-0.903538,1.010763,0.046048,-0.100912,-0.226359,0.191759,-0.949635,-1.349919,0.904280,0.078863,-0.027495,0.116691,-0.126194,0.984735,-1.010257,0.962698,0.936810
407,3.391667,-0.043918,-0.001095,0.010319,-0.998981,-0.903511,1.010748,0.046068,-0.100272,-0.232190,0.190693,-0.948509,-1.349149,0.903921,0.079506,-0.029617,0.115795,-0.125115,0.984917,-1.007484,0.963083,0.936453
408,3.400000,-0.043897,-0.001391,0.010136,-0.998984,-0.903472,1.010763,0.046120,-0.097936,-0.238648,0.188840,-0.947520,-1.348673,0.903827,0.080012,-0.029435,0.114925,-0.123590,0.985216,-1.005243,0.963186,0.936826
409,3.408333,-0.043924,-0.001772,0.009972,-0.998984,-0.903447,1.010756,0.046150,-0.092324,-0.246532,0.186141,-0.946599,-1.348317,0.903840,0.080669,-0.030586,0.114006,-0.122435,0.985432,-1.002542,0.963375,0.936877
410,3.416667,-0.044009,-0.002163,0.009704,-0.998982,-0.903401,1.010748,0.046197,-0.100871,-0.249009,0.189557,-0.944398,-1.346738,0.903290,0.081482,-0.032061,0.113247,-0.120955,0.985656,-0.999836,0.963581,0.936853
411,3.425000,-0.043746,-0.001751,0.009553,-0.998995,-0.903504,1.010787,0.046079,-0.099430,-0.254915,0.189289,-0.943028,-1.345765,0.903010,0.082298,-0.031144,0.112803,-0.118476,0.986037,-0.997760,0.964010,0.937461
412,3.433333,-0.043743,-0.001885,0.009395,-0.998997,-0.903499,1.010753,0.046060,-0.097077,-0.261670,0.186814,-0.941916,-1.345278,0.902943,0.082633,-0.032431,0.111932,-0.117206,0.986247,-0.995042,0.964081,0.937480
413,3.441667,-0.043727,-0.002183,0.009187,-0.998999,-0.903449,1.010691,0.046074,-0.100223,-0.266505,0.188604,-0.939872,-1.343904,0.902505,0.083629,-0.029714,0.111448,-0.114873,0.986661,-0.993262,0.964228,0.938551
414,3.450000,-0.043751,-0.002471,0.008993,-0.998999,-0.903397,1.010607,0.046080,-0.099476,-0.272492,0.188260,-0.938302,-1.342851,0.902343,0.084434,-0.034228,0.109212,-0.114569,0.986800,-0.989816,0.964292,0.937635
415,3.458333,-0.043838,-0.002615,0.008667,-0.998998,-0.903352,1.010523,0.046087,-0.096255,-0.279481,0.188329,-0.936567,-1.341596,0.902073,0.085511,-0.033423,0.108540,-0.112949,0.987089,-0.987371,0.964575,0.938114
416,3.466667,-0.043449,-0.002786,0.008014,-0.999020,-0.903340,1.010487,0.046077,-0.094120,-0.287261,0.184836,-0.935125,-1.341051,0.902126,0.085825,-0.033249,0.108413,-0.110837,0.987348,-0.985044,0.964970,0.938654
417,3.475000,-0.042999,-0.002954,0.006933,-0.999047,-0.903356,1.010501,0.046076,-0.097909,-0.290933,0.187503,-0.933067,-1.339511,0.901651,0.086856,-0.033701,0.107367,-0.108677,0.987687,-0.982501,0.965225,0.938973
418,3.483333,-0.042989,-0.003175,0.006148,-0.999052,-0.903346,1.010406,0.046086,-0.091217,-0.300661,0.185611,-0.931038,-1.338540,0.901701,0.087899,-0.033616,0.106015,-0.106602,0.988062,-0.980066,0.965581,0.939314
419,3.491667,-0.043021,-0.003452,0.005253,-0.999054,-0.903330,1.010278,0.046098,-0.088966,-0.308925,0.182635,-0.929137,-1.337736,0.901782,0.088585,-0.033347,0.105554,-0.104105,0.988387,-0.977708,0.966078,0.939842
420,3.500000,-0.042977,-0.003901,0.004125,-0.999060,-0.903315,1.010110,0.046133,-0.094930,-0.312112,0.187482,-0.926512,-1.335596,0.900743,0.089674,-0.032279,0.103178,-0.101610,0.988933,-0.975163,0.966541,0.940377
421,3.508333,-0.042890,-0.004435,0.002764,-0.999066,-0.903301,1.009872,0.046179,-0.088795,-0.321090,0.183887,-0.924772,-1.334525,0.900660,0.090684,-0.033180,0.102047,-0.099312,0.989254,-0.972573,0.966984,0.940557
422,3.516667,-0.043049,-0.005701,0.000934,-0.999056,-0.903166,1.009523,0.046363,-0.089888,-0.328613,0.185826,-0.921630,-1.332808,0.900014,0.091907,-0.033722,0.101140,-0.097057,0.989552,-0.970070,0.967584,0.940917
423,3.525000,-0.043336,-0.006312,-0.000957,-0.999040,-0.903148,1.009144,0.046421,-0.087151,-0.336388,0.184589,-0.919334,-1.331802,0.900141,0.092977,-0.034259,0.101137,-0.094706,0.989762,-0.967683,0.968203,0.941342
424,3.533333,-0.043278,-0.006343,-0.002785,-0.999039,-0.903237,1.008796,0.046367,-0.085411,-0.345757,0.182243,-0.916485,-1.330776,0.900241,0.094174,-0.034694,0.101139,-0.092834,0.989924,-0.965259,0.968787,0.941677
425,3.541667,-0.043390,-0.006423,-0.004418,-0.999028,-0.903259,1.008410,0.046365,-0.085759,-0.354712,0.181498,-0.913172,-1.329356,0.899951,0.095191,-0.034925,0.101548,-0.091024,0.990042,-0.962862,0.969391,0.942188
426,3.550000,-0.043670,-0.006741,-0.005944,-0.999006,-0.903252,1.008025,0.046348,-0.089249,-0.364386,0.182146,-0.908890,-1.327427,0.899363,0.096800,-0.035302,0.100595,-0.089505,0.990264,-0.960372,0.969783,0.942482
427,3.558333,-0.044094,-0.007020,-0.007281,-0.998976,-0.903253,1.007690,0.046279,-0.093136,-0.373079,0.182121,-0.904969,-1.325633,0.898890,0.098231,-0.035802,0.098928,-0.088066,0.990543,-0.957984,0.970236,0.942815
428,3.566667,-0.044570,-0.006696,-0.008017,-0.998952,-0.903256,1.007449,0.046212,-0.097803,-0.382009,0.182332,-0.900699,-1.323645,0.898369,0.099742,-0.035866,0.098171,-0.086881,0.990721,-0.955651,0.970698,0.943306
429,3.575000,-0.044332,-0.006116,-0.008211,-0.998964,-0.903274,1.007425,0.046114,-0.100183,-0.392844,0.181296,-0.895974,-1.322219,0.898222,0.101291,-0.036165,0.096443,-0.085701,0.990982,-0.953332,0.971165,0.943623
430,3.583333,-0.043024,-0.005381,-0.008222,-0.999026,-0.903337,1.007532,0.046011,-0.105960,-0.405056,0.181330,-0.889844,-1.320487,0.897853,0.103063,-0.036050,0.094562,-0.084762,0.991249,-0.951158,0.971558,0.943918
431,3.591667,-0.042067,-0.004722,-0.007998,-0.999072,-0.903385,1.007625,0.045907,-0.109678,-0.416964,0.180879,-0.883966,-1.318143,0.897339,0.105319,-0.030099,0.088118,-0.082760,0.992210,-0.949651,0.972297,0.946235
432,3.600000,-0.040937,-0.004135,-0.007659,-0.999124,-0.903435,1.007733,0.045825,-0.108099,-0.428644,0.179778,-0.878783,-1.315417,0.896740,0.108104,-0.029398,0.086226,-0.081948,0.992464,-0.947663,0.972754,0.946761
433,3.608333,-0.040110,-0.003740,-0.007325,-0.999161,-0.903486,1.007844,0.045747,-0.103606,-0.438416,0.179534,-0.874543,-1.312011,0.895856,0.111562,-0.029417,0.084372,-0.081344,0.992673,-0.945580,0.973125,0.946986
434,3.616667,-0.039616,-0.003581,-0.007020,-0.999184,-0.903429,1.007869,0.045751,-0.104321,-0.445599,0.182617,-0.870178,-1.308597,0.895464,0.114731,-0.028970,0.081559,-0.080754,0.992969,-0.943646,0.973584,0.947441
435,3.625000,-0.039069,-0.003218,-0.006551,-0.999210,-0.903504,1.008014,0.045661,-0.106107,-0.454429,0.184163,-0.865055,-1.304863,0.894823,0.118096,-0.029033,0.079136,-0.080477,0.993186,-0.941782,0.974048,0.947844
436,3.633333,-0.038809,-0.002895,-0.006137,-0.999224,-0.903574,1.008090,0.045617,-0.110992,-0.461955,0.188934,-0.859408,-1.299780,0.893443,0.122487,-0.029361,0.076668,-0.080067,0.993403,-0.939837,0.974606,0.948206
437,3.641667,-0.038432,-0.002558,-0.005683,-0.999242,-0.903634,1.008162,0.045557,-0.104810,-0.475985,0.185315,-0.853295,-1.294456,0.892472,0.127178,-0.030340,0.073463,-0.079720,0.993644,-0.938046,0.974992,0.948392
438,3.650000,-0.038194,-0.002280,-0.005261,-0.999254,-0.903699,1.008235,0.045512,-0.102442,-0.487868,0.181803,-0.847607,-1.290056,0.892342,0.130914,-0.032017,0.071201,-0.080570,0.993687,-0.936080,0.975354,0.948324
439,3.658333,-0.037898,-0.002088,-0.004835,-0.999268,-0.903758,1.008333,0.045466,-0.093037,-0.501626,0.177257,-0.841603,-1.284566,0.891763,0.135718,-0.033228,0.069098,-0.080265,0.993820,-0.934553,0.975769,0.948618
440,3.666667,-0.037333,-0.001956,-0.004468,-0.999291,-0.903798,1.008424,0.045455,-0.088986,-0.513530,0.178701,-0.834527,-1.278406,0.890654,0.140629,-0.033285,0.065858,-0.080349,0.994032,-0.933155,0.976193,0.949270
441,3.675000,-0.036715,-0.001875,-0.004076,-0.999316,-0.903825,1.008505,0.045436,-0.087705,-0.527534,0.183702,-0.824785,-1.271617,0.889248,0.146063,-0.028687,0.058431,-0.082844,0.994434,-0.930944,0.976418,0.951073
442,3.683333,-0.036066,-0.001800,-0.003696,-0.999341,-0.903851,1.008622,0.045429,-0.084393,-0.531047,0.192160,-0.820939,-1.265263,0.887947,0.150921,-0.025384,0.052625,-0.081660,0.994946,-0.930037,0.977015,0.952771
443,3.691667,-0.035123,-0.001822,-0.003324,-0.999376,-0.903870,1.008722,0.045427,-0.078822,-0.533667,0.201280,-0.817602,-1.258007,0.886565,0.156644,-0.026798,0.049120,-0.082778,0.994996,-0.928479,0.977426,0.953313
444,3.700000,-0.033997,-0.001806,-0.003026,-0.999416,-0.903881,1.008832,0.045433,-0.073355,-0.532801,0.208290,-0.816920,-1.249699,0.884878,0.162675,-0.027297,0.045514,-0.083042,0.995132,-0.927295,0.977559,0.953894
445,3.708333,-0.032690,-0.001873,-0.002680,-0.999460,-0.903887,1.008966,0.045427,-0.068200,-0.531073,0.214819,-0.816801,-1.240911,0.883308,0.168783,-0.027812,0.043010,-0.083648,0.995178,-0.926079,0.977779,0.954441
446,3.716667,-0.031267,-0.002008,-0.002411,-0.999506,-0.903882,1.009113,0.045433,-0.066541,-0.531398,0.220413,-0.815234,-1.231702,0.881841,0.175245,-0.030038,0.042272,-0.082224,0.995264,-0.925412,0.978193,0.954588
447,3.725000,-0.031740,-0.006089,-0.001744,-0.999476,-0.903701,1.009500,0.045958,-0.063544,-0.529076,0.222185,-0.816502,-1.222362,0.880352,0.181315,-0.032272,0.040675,-0.081715,0.995302,-0.924645,0.978284,0.954832
448,3.733333,-0.031606,-0.007109,-0.001090,-0.999475,-0.903758,1.009799,0.046076,-0.062237,-0.530630,0.223334,-0.815280,-1.212673,0.878973,0.187542,-0.034606,0.038625,-0.080931,0.995370,-0.923937,0.978643,0.955023
449,3.741667,-0.031240,-0.008229,-0.000749,-0.999478,-0.903768,1.010002,0.046219,-0.062687,-0.530874,0.223679,-0.814991,-1.203034,0.877968,0.193955,-0.035760,0.035805,-0.079724,0.995532,-0.923517,0.978705,0.955574
450,3.750000,-0.030136,-0.008341,-0.000733,-0.999511,-0.903813,1.010025,0.046250,-0.065193,-0.530210,0.223725,-0.815215,-1.192738,0.876615,0.200253,-0.037366,0.033248,-0.078510,0.995658,-0.923083,0.978987,0.955959
451,3.758333,-0.028894,-0.008045,-0.000608,-0.999550,-0.903826,1.010111,0.046227,-0.064142,-0.531123,0.221788,-0.815233,-1.182283,0.875458,0.206488,-0.039039,0.030114,-0.077010,0.995811,-0.922523,0.979381,0.956398
452,3.766667,-0.027861,-0.006856,-0.000502,-0.999588,-0.903931,1.010109,0.046093,-0.065799,-0.531189,0.219502,-0.815676,-1.171599,0.874306,0.212714,-0.039834,0.027054,-0.075738,0.995964,-0.921990,0.979684,0.957077
453,3.775000,-0.025412,-0.006263,-0.000837,-0.999657,-0.903873,1.010043,0.046075,-0.065559,-0.532135,0.215952,-0.816027,-1.160749,0.873208,0.218888,-0.041654,0.024358,-0.075003,0.996015,-0.921295,0.979769,0.957552
454,3.783333,-0.021643,-0.003088,-0.001231,-0.999760,-0.903836,1.009892,0.045698,-0.063966,-0.532225,0.211949,-0.817143,-1.149689,0.872023,0.224947,-0.043084,0.021147,-0.074224,0.996086,-0.920597,0.979833,0.958044
455,3.791667,-0.020973,-0.001862,-0.001305,-0.999777,-0.903785,1.009800,0.045567,-0.063522,-0.532857,0.208086,-0.817758,-1.138513,0.870913,0.230838,-0.044505,0.018488,-0.073406,0.996137,-0.920015,0.979894,0.958516
456,3.800000,-0.018859,-0.000822,-0.001554,-0.999821,-0.903777,1.009716,0.045458,-0.062043,-0.530405,0.204604,-0.820340,-1.126959,0.869553,0.236733,-0.045356,0.015616,-0.072349,0.996225,-0.919435,0.980168,0.959161
457,3.808333,-0.018299,0.000386,-0.001294,-0.999832,-0.903823,1.009691,0.045261,-0.061084,-0.527828,0.201562,-0.822824,-1.115425,0.868401,0.242476,-0.046864,0.011885,-0.071384,0.996276,-0.918604,0.980432,0.959583
458,3.816667,-0.017516,-0.000470,-0.001607,-0.999845,-0.903655,1.009627,0.045355,-0.060243,-0.524725,0.199601,-0.825345,-1.103704,0.867081,0.248154,-0.049319,0.007738,-0.069879,0.996306,-0.917692,0.980449,0.960287
459,3.825000,-0.018015,-0.000968,-0.001682,-0.999836,-0.903656,1.009612,0.045344,-0.057843,-0.521203,0.197106,-0.828342,-1.091932,0.865839,0.253680,-0.050550,0.003532,-0.068566,0.996359,-0.917353,0.980678,0.961259
460,3.833333,-0.020317,-0.001117,-0.001472,-0.999792,-0.903709,1.009619,0.045286,-0.056052,-0.517283,0.195349,-0.831333,-1.080040,0.864502,0.259144,-0.053058,0.003044,-0.068509,0.996234,-0.917167,0.980429,0.961179
461,3.841667,-0.021155,-0.001816,-0.001609,-0.999773,-0.903701,1.009558,0.045367,-0.053682,-0.513678,0.193313,-0.834196,-1.068210,0.863182,0.264445,-0.054151,0.000184,-0.067663,0.996238,-0.916567,0.980426,0.961643
462,3.850000,-0.023143,-0.002093,-0.001746,-0.999729,-0.903711,1.009499,0.045388,-0.051620,-0.510025,0.191598,-0.836959,-1.056312,0.861776,0.269618,-0.056114,-0.002974,-0.066795,0.996183,-0.915885,0.980461,0.962154
463,3.858333,-0.025646,-0.002411,-0.001882,-0.999666,-0.903694,1.009378,0.045440,-0.050879,-0.506437,0.189914,-0.839563,-1.044610,0.860359,0.274521,-0.058756,-0.005949,-0.066722,0.996022,-0.915192,0.980297,0.962416
464,3.866667,-0.029190,-0.002468,-0.001897,-0.999569,-0.903780,1.009302,0.045362,-0.049860,-0.502267,0.187959,-0.842563,-1.032863,0.858942,0.279174,-0.060799,-0.009338,-0.065537,0.995953,-0.914500,0.980254,0.962912
465,3.875000,-0.031464,-0.001901,-0.002172,-0.999501,-0.903907,1.009124,0.045299,-0.048838,-0.498799,0.185218,-0.845286,-1.021129,0.857490,0.283571,-0.063042,-0.012704,-0.064274,0.995858,-0.913847,0.980248,0.963518
466,3.883333,-0.034436,-0.001289,-0.001982,-0.999404,-0.904006,1.008895,0.045305,-0.048037,-0.495146,0.182560,-0.848054,-1.009330,0.855923,0.287801,-0.063340,-0.016573,-0.063520,0.995831,-0.913123,0.980384,0.963964
467,3.891667,-0.037183,-0.000706,-0.001944,-0.999306,-0.904072,1.008664,0.045301,-0.048364,-0.490474,0.179558,-0.851384,-0.997596,0.854329,0.291704,-0.063668,-0.020657,-0.061723,0.995846,-0.912286,0.980630,0.964758
468,3.900000,-0.039163,-0.000425,-0.002181,-0.999230,-0.904123,1.008503,0.045245,-0.049803,-0.485555,0.178532,-0.854331,-0.985617,0.852643,0.295464,-0.064181,-0.023732,-0.060515,0.995819,-0.911570,0.980733,0.965345
469,3.908333,-0.040740,-0.000001,-0.002488,-0.999167,-0.904134,1.008346,0.045211,-0.050936,-0.477915,0.177218,-0.858834,-0.973519,0.850878,0.298989,-0.066186,-0.025955,-0.059955,0.995666,-0.910794,0.980681,0.965742
470,3.916667,-0.042096,0.000390,-0.002583,-0.999110,-0.904172,1.008196,0.045165,-0.052676,-0.472283,0.175785,-0.862133,-0.961237,0.849116,0.302346,-0.067334,-0.028094,-0.058837,0.995598,-0.910128,0.980632,0.966054
471,3.925000,-0.043115,0.000815,-0.002694,-0.999066,-0.904202,1.008043,0.045121,-0.051452,-0.463801,0.172738,-0.867412,-0.949224,0.847277,0.305294,-0.068652,-0.030864,-0.057642,0.995496,-0.909466,0.980633,0.966414
472,3.933333,-0.044082,0.001056,-0.002842,-0.999023,-0.904190,1.007914,0.045077,-0.056578,-0.454433,0.173668,-0.871854,-0.936385,0.845428,0.308394,-0.070254,-0.032310,-0.056640,0.995396,-0.908847,0.980432,0.966724
473,3.941667,-0.044732,0.000747,-0.003023,-0.998994,-0.904235,1.007832,0.044962,-0.047265,-0.440169,0.167010,-0.880980,-0.924875,0.843723,0.310454,-0.072166,-0.033967,-0.055478,0.995269,-0.908274,0.980372,0.967094
474,3.950000,-0.045121,0.000892,-0.003152,-0.998976,-0.904190,1.007747,0.044964,-0.036531,-0.427186,0.162840,-0.888628,-0.912674,0.841981,0.312412,-0.076238,-0.036549,-0.054244,0.994942,-0.907786,0.980483,0.967818
475,3.958333,-0.045214,0.001177,-0.003188,-0.998972,-0.904221,1.007725,0.044941,-0.028995,-0.416687,0.160353,-0.894325,-0.900357,0.840174,0.314156,-0.078960,-0.038269,-0.053565,0.994702,-0.907221,0.980392,0.968068
476,3.966667,-0.045518,0.001428,-0.003252,-0.998957,-0.904238,1.007693,0.044935,-0.024644,-0.407056,0.159755,-0.898987,-0.887899,0.838324,0.315808,-0.080529,-0.039933,-0.052266,0.994580,-0.906643,0.980321,0.968405
477,3.975000,-0.045901,0.001871,-0.003190,-0.998939,-0.904243,1.007627,0.044948,-0.020861,-0.397654,0.160283,-0.903187,-0.875545,0.836467,0.317175,-0.081356,-0.041887,-0.050786,0.994509,-0.906076,0.980195,0.968624
478,3.983333,-0.046499,0.002242,-0.003234,-0.998911,-0.904261,1.007570,0.044953,-0.018335,-0.389780,0.161310,-0.906485,-0.863132,0.834624,0.318462,-0.082796,-0.042501,-0.049662,0.994421,-0.905545,0.979953,0.968647
479,3.991667,-0.046950,0.002338,-0.003299,-0.998889,-0.904283,1.007520,0.044947,-0.012954,-0.380370,0.159772,-0.910837,-0.851225,0.832699,0.319214,-0.079831,-0.044839,-0.047798,0.994652,-0.905033,0.980013,0.968957
480,4.000000,-0.047921,0.002728,-0.003380,-0.998842,-0.904311,1.007426,0.044932,-0.010476,-0.365621,0.159737,-0.916895,-0.839253,0.830726,0.319641,-0.076792,-0.045981,-0.043953,0.995016,-0.904039,0.980720,0.969224
481,4.008333,-0.048591,0.002848,-0.003486,-0.998809,-0.904311,1.007377,0.044931,-0.007713,-0.353404,0.160166,-0.921625,-0.827230,0.828862,0.320114,-0.077714,-0.047268,-0.043135,0.994920,-0.903666,0.981052,0.969624
482,4.016667,-0.049099,0.002939,-0.003612,-0.998783,-0.904317,1.007340,0.044942,-0.005572,-0.338822,0.161185,-0.926924,-0.815281,0.827089,0.320201,-0.077989,-0.049113,-0.040823,0.994907,-0.903086,0.981338,0.969940
483,4.025000,-0.049545,0.003025,-0.003711,-0.998760,-0.904329,1.007324,0.044938,-0.005048,-0.326236,0.163594,-0.931011,-0.803333,0.825453,0.320338,-0.079682,-0.051204,-0.038710,0.994752,-0.902486,0.981510,0.970187
484,4.033333,-0.049773,0.003067,-0.003830,-0.998749,-0.904347,1.007303,0.044952,-0.002348,-0.318621,0.165551,-0.933310,-0.790915,0.823958,0.320661,-0.082151,-0.053778,-0.036478,0.994499,-0.901857,0.981600,0.970542
485,4.041667,-0.050035,0.003104,-0.003923,-0.998735,-0.904365,1.007298,0.044959,-0.003969,-0.309240,0.167974,-0.936024,-0.778955,0.822640,0.320764,-0.089143,-0.059151,-0.033631,0.993692,-0.901253,0.982198,0.971799
486,4.050000,-0.050166,0.003142,-0.004006,-0.998728,-0.904366,1.007295,0.044969,-0.003040,-0.294390,0.168256,-0.940753,-0.767368,0.821227,0.320075,-0.073773,-0.053696,-0.032184,0.995308,-0.900123,0.981700,0.969621
487,4.058333,-0.050306,0.003059,-0.004075,-0.998721,-0.904374,1.007286,0.044972,-0.002528,-0.281510,0.168079,-0.944720,-0.755839,0.819845,0.319556,-0.074155,-0.055094,-0.030636,0.995252,-0.899692,0.981669,0.969950
488,4.066667,-0.050913,0.003216,-0.004090,-0.998690,-0.904380,1.007231,0.044952,-0.002074,-0.273587,0.169234,-0.946840,-0.744082,0.818567,0.319101,-0.074985,-0.056705,-0.028876,0.995152,-0.898992,0.981856,0.970175
489,4.075000,-0.050547,0.003084,-0.004114,-0.998708,-0.904374,1.007260,0.044992,-0.015287,-0.269816,0.175255,-0.946706,-0.731709,0.817223,0.319394,-0.075625,-0.057799,-0.027463,0.995081,-0.898397,0.982020,0.970351
490,4.083333,-0.050361,0.002977,-0.004115,-0.998718,-0.904371,1.007277,0.045009,-0.014451,-0.259743,0.173818,-0.949796,-0.720723,0.815997,0.318310,-0.073502,-0.069719,-0.020812,0.994637,-0.897867,0.984203,0.973732
491,4.091667,-0.050544,0.002994,-0.004171,-0.998709,-0.904366,1.007261,0.045013,-0.015903,-0.250801,0.172915,-0.952337,-0.709471,0.814929,0.317235,-0.075392,-0.073582,-0.018894,0.994256,-0.897242,0.984476,0.974555
492,4.100000,-0.050850,0.002992,-0.004196,-0.998693,-0.904366,1.007230,0.044998,-0.015099,-0.241908,0.170742,-0.955039,-0.698570,0.813890,0.315854,-0.075791,-0.075080,-0.017452,0.994140,-0.896638,0.984596,0.974806
493,4.108333,-0.050975,0.003011,-0.004238,-0.998686,-0.904370,1.007202,0.045003,-0.009160,-0.234763,0.170046,-0.957020,-0.688209,0.813183,0.314869,-0.072885,-0.067294,-0.017740,0.994909,-0.895957,0.983979,0.972646
494,4.116667,-0.051080,0.003026,-0.004313,-0.998681,-0.904371,1.007189,0.044998,-0.009752,-0.225539,0.167160,-0.959737,-0.677586,0.812273,0.313118,-0.073833,-0.065401,-0.017053,0.994978,-0.895322,0.983818,0.971915
495,4.125000,-0.051081,0.003022,-0.004391,-0.998680,-0.904381,1.007186,0.044986,-0.008861,-0.216313,0.163371,-0.962518,-0.667125,0.811532,0.311106,-0.074844,-0.065777,-0.016068,0.994894,-0.894699,0.984029,0.971804
496,4.133333,-0.050987,0.003028,-0.004447,-0.998685,-0.904388,1.007188,0.044978,-0.007713,-0.209182,0.161425,-0.964430,-0.656693,0.810958,0.309167,-0.073092,-0.068774,-0.013755,0.994856,-0.894193,0.984460,0.972608
497,4.141667,-0.050825,0.003005,-0.004436,-0.998693,-0.904394,1.007195,0.044971,-0.006052,-0.201626,0.159493,-0.966371,-0.646482,0.810399,0.307056,-0.074833,-0.070254,-0.012488,0.994640,-0.893445,0.984574,0.972610
498,4.150000,-0.050413,0.002924,-0.004449,-0.998714,-0.904391,1.007192,0.044989,-0.007017,-0.192171,0.153048,-0.969328,-0.636340,0.809767,0.304618,-0.075416,-0.070559,-0.011320,0.994588,-0.892651,0.984615,0.972432
499,4.158333,-0.050544,0.002875,-0.004535,-0.998707,-0.904377,1.007215,0.044966,-0.006621,-0.182683,0.146800,-0.972128,-0.626537,0.809198,0.301792,-0.075365,-0.071064,-0.010225,0.994568,-0.891755,0.984776,0.972156
500,4.166667,-0.050375,0.002851,-0.004524,-0.998716,-0.904382,1.007212,0.044958,-0.006463,-0.175654,0.143555,-0.973908,-0.616790,0.808827,0.299029,-0.074485,-0.071896,-0.009457,0.994582,-0.891111,0.984801,0.972000
501,4.175000,-0.050389,0.002828,-0.004572,-0.998715,-0.904375,1.007213,0.044951,-0.005138,-0.169611,0.140533,-0.975426,-0.607260,0.808478,0.296069,-0.073684,-0.071916,-0.008225,0.994651,-0.890425,0.984864,0.971874
502,4.183333,-0.049908,0.002576,-0.004847,-0.998739,-0.904355,1.007279,0.044939,-0.004310,-0.162579,0.137808,-0.977015,-0.597947,0.808088,0.292759,-0.073372,-0.070937,-0.007505,0.994750,-0.889618,0.984845,0.971382
503,4.191667,-0.049855,0.002544,-0.004904,-0.998741,-0.904351,1.007282,0.044932,-0.002828,-0.157135,0.136376,-0.978112,-0.588828,0.807682,0.289283,-0.073721,-0.070841,-0.006394,0.994739,-0.888419,0.984623,0.970716
504,4.200000,-0.050195,0.002355,-0.005068,-0.998724,-0.904350,1.007277,0.044865,-0.001840,-0.150691,0.134520,-0.979384,-0.579825,0.807381,0.285350,-0.072307,-0.070740,-0.004950,0.994858,-0.887629,0.984738,0.970559
505,4.208333,-0.050288,0.002347,-0.005189,-0.998719,-0.904338,1.007269,0.044852,-0.003448,-0.143919,0.133515,-0.980535,-0.570971,0.807022,0.281072,-0.070542,-0.070772,-0.003398,0.994989,-0.886477,0.984879,0.969989
506,4.216667,-0.050468,0.002407,-0.005081,-0.998710,-0.904378,1.007219,0.044834,-0.003346,-0.137551,0.131753,-0.981687,-0.562387,0.806549,0.276451,-0.070265,-0.070295,-0.002448,0.995045,-0.885514,0.984786,0.969603
507,4.225000,-0.050356,0.002578,-0.004863,-0.998716,-0.904404,1.007182,0.044834,-0.001464,-0.131938,0.129148,-0.982808,-0.554080,0.806026,0.271422,-0.069824,-0.069857,-0.001062,0.995110,-0.884449,0.984753,0.969166
508,4.233333,-0.050119,0.002599,-0.005098,-0.998727,-0.904382,1.007207,0.044823,0.012271,-0.127123,0.125996,-0.983776,-0.546559,0.804831,0.265401,-0.076008,-0.073049,-0.002621,0.994424,-0.883953,0.983796,0.969515
509,4.241667,-0.049633,0.002714,-0.005132,-0.998751,-0.904401,1.007236,0.044835,0.014963,-0.121533,0.125040,-0.984566,-0.538572,0.804266,0.259826,-0.074527,-0.072528,-0.001384,0.994577,-0.882783,0.983835,0.969073
510,4.250000,-0.049706,0.002763,-0.005094,-0.998747,-0.904416,1.007213,0.044800,0.014347,-0.120529,0.125031,-0.984700,-0.530682,0.804125,0.254561,-0.073068,-0.071183,-0.000299,0.994783,-0.881488,0.983858,0.968532
511,4.258333,-0.049706,0.002731,-0.005282,-0.998746,-0.904423,1.007235,0.044792,0.015915,-0.117085,0.123479,-0.985287,-0.523291,0.803687,0.249205,-0.072327,-0.070720,0.000843,0.994870,-0.880316,0.983685,0.968317
512,4.266667,-0.049626,0.002797,-0.005361,-0.998750,-0.904427,1.007244,0.044778,0.009241,-0.119319,0.123443,-0.985109,-0.515616,0.803679,0.244104,-0.071101,-0.069662,0.001729,0.995032,-0.879043,0.983690,0.967881
513,4.275000,-0.049519,0.002814,-0.005427,-0.998755,-0.904443,1.007249,0.044773,0.007421,-0.118136,0.122961,-0.985327,-0.508629,0.803518,0.238723,-0.069974,-0.069010,0.002454,0.995156,-0.877796,0.983605,0.967513
514,4.283333,-0.049594,0.002886,-0.005631,-0.998749,-0.904451,1.007267,0.044777,0.008432,-0.119115,0.124913,-0.984955,-0.502106,0.803466,0.233861,-0.069286,-0.069116,0.003120,0.995195,-0.876603,0.983595,0.967119
515,4.291667,-0.049084,0.002856,-0.005452,-0.998776,-0.904493,1.007284,0.044800,0.006793,-0.118117,0.123168,-0.985308,-0.495919,0.803392,0.227700,-0.068715,-0.068478,0.004287,0.995274,-0.875339,0.983600,0.966900
516,4.300000,-0.048783,0.002916,-0.005427,-0.998790,-0.904517,1.007313,0.044821,0.005496,-0.119305,0.124184,-0.985045,-0.490000,0.803446,0.222537,-0.069394,-0.069297,0.005127,0.995166,-0.874053,0.983713,0.966824
517,4.308333,-0.048703,0.002969,-0.005439,-0.998794,-0.904534,1.007325,0.044824,0.002237,-0.120309,0.125694,-0.984745,-0.484426,0.803515,0.217477,-0.069528,-0.068799,0.006397,0.995184,-0.872762,0.983663,0.966617
518,4.316667,-0.048700,0.002984,-0.005516,-0.998794,-0.904546,1.007341,0.044829,0.000595,-0.120435,0.128590,-0.984358,-0.479260,0.803631,0.212803,-0.068619,-0.068134,0.007491,0.995285,-0.871389,0.983708,0.966287
519,4.325000,-0.048633,0.002932,-0.005569,-0.998797,-0.904557,1.007354,0.044823,-0.001452,-0.119360,0.128009,-0.984563,-0.474239,0.803628,0.207363,-0.066986,-0.067080,0.008578,0.995460,-0.870086,0.983666,0.965870
520,4.333333,-0.049440,0.002986,-0.005324,-0.998758,-0.904584,1.007275,0.044819,-0.000852,-0.119442,0.128781,-0.984453,-0.469511,0.803510,0.202395,-0.070729,-0.069712,0.007938,0.995025,-0.869152,0.983500,0.966317
521,4.341667,-0.049479,0.002950,-0.005255,-0.998757,-0.904599,1.007269,0.044821,-0.000027,-0.118830,0.129399,-0.984447,-0.464954,0.803682,0.197325,-0.069197,-0.068803,0.008613,0.995190,-0.867833,0.983505,0.965945
522,4.350000,-0.049389,0.002881,-0.005222,-0.998762,-0.904608,1.007298,0.044823,-0.007303,-0.116989,0.129064,-0.984684,-0.460359,0.803715,0.192677,-0.066796,-0.067787,0.008188,0.995428,-0.866779,0.983726,0.965523
523,4.358333,-0.049294,0.002857,-0.005198,-0.998767,-0.904598,1.007306,0.044829,-0.003920,-0.117522,0.128754,-0.984681,-0.456238,0.803551,0.187753,-0.066398,-0.066695,0.008788,0.995523,-0.865304,0.983807,0.965047
524,4.366667,-0.049336,0.002884,-0.005207,-0.998765,-0.904611,1.007324,0.044824,-0.004966,-0.116531,0.130060,-0.984622,-0.452436,0.803527,0.183431,-0.066066,-0.065857,0.009762,0.995592,-0.863761,0.983782,0.964689
525,4.375000,-0.049038,0.002789,-0.005274,-0.998779,-0.904609,1.007361,0.044821,-0.023169,-0.111203,0.127616,-0.985298,-0.448065,0.803651,0.178809,-0.065480,-0.064502,0.010667,0.995710,-0.862148,0.983749,0.964337
526,4.383333,-0.048515,0.002793,-0.005319,-0.998804,-0.904617,1.007421,0.044831,-0.020814,-0.109154,0.127489,-0.985596,-0.444601,0.803693,0.174557,-0.064393,-0.063427,0.010798,0.995848,-0.860609,0.983782,0.963870
527,4.391667,-0.048518,0.002796,-0.005208,-0.998805,-0.904635,1.007413,0.044826,-0.020666,-0.107170,0.126871,-0.985896,-0.441320,0.803683,0.170688,-0.063465,-0.062012,0.011181,0.995993,-0.859111,0.983756,0.963494
528,4.400000,-0.048396,0.002746,-0.005117,-0.998811,-0.904650,1.007433,0.044809,-0.015787,-0.106137,0.126295,-0.986172,-0.438444,0.803694,0.166912,-0.062239,-0.060776,0.011162,0.996147,-0.857539,0.983826,0.963007
529,4.408333,-0.047842,0.002535,-0.005048,-0.998839,-0.904647,1.007469,0.044821,-0.010778,-0.104286,0.125101,-0.986589,-0.435725,0.803683,0.163641,-0.060792,-0.059355,0.011464,0.996318,-0.856042,0.983740,0.962592
530,4.416667,-0.047420,0.002367,-0.005008,-0.998860,-0.904643,1.007506,0.044819,-0.005205,-0.100400,0.123161,-0.987281,-0.433234,0.803654,0.160592,-0.059329,-0.058208,0.011088,0.996478,-0.854453,0.983828,0.962100
531,4.425000,-0.046945,0.002291,-0.004946,-0.998883,-0.904638,1.007555,0.044824,0.002119,-0.095411,0.120027,-0.988173,-0.430833,0.803657,0.157889,-0.057876,-0.057188,0.010948,0.996624,-0.852939,0.983855,0.961690
532,4.433333,-0.046583,0.002158,-0.004941,-0.998900,-0.904637,1.007576,0.044829,0.008660,-0.089503,0.116235,-0.989143,-0.428608,0.803661,0.155359,-0.056081,-0.057134,0.010606,0.996734,-0.851357,0.983872,0.961113
533,4.441667,-0.046289,0.001977,-0.004938,-0.998914,-0.904630,1.007601,0.044820,0.010049,-0.081910,0.111537,-0.990328,-0.426703,0.803501,0.152745,-0.051432,-0.054902,0.012811,0.997084,-0.849349,0.984503,0.960226
534,4.450000,-0.045909,0.001833,-0.004909,-0.998932,-0.904639,1.007640,0.044810,0.028998,-0.081756,0.107144,-0.990452,-0.425121,0.803259,0.149634,-0.049255,-0.053533,0.012783,0.997269,-0.847777,0.984569,0.959637
535,4.458333,-0.045384,0.001587,-0.004970,-0.998956,-0.904624,1.007703,0.044809,0.032773,-0.077526,0.103797,-0.991031,-0.423406,0.803153,0.147005,-0.047963,-0.052699,0.012250,0.997383,-0.846448,0.984568,0.959282
536,4.466667,-0.044385,0.001375,-0.005138,-0.999000,-0.904601,1.007833,0.044786,0.036047,-0.073601,0.100232,-0.991583,-0.421942,0.803062,0.144360,-0.046908,-0.051986,0.012457,0.997468,-0.844988,0.984587,0.958952
537,4.475000,-0.043217,0.001225,-0.005277,-0.999051,-0.904598,1.007946,0.044794,0.039200,-0.071430,0.097632,-0.991882,-0.420724,0.802924,0.141572,-0.045761,-0.051029,0.012349,0.997572,-0.843642,0.984672,0.958592
538,4.483333,-0.042440,0.001192,-0.005348,-0.999084,-0.904621,1.008034,0.044793,0.039833,-0.070143,0.095950,-0.992112,-0.419761,0.802871,0.138967,-0.044884,-0.049990,0.012695,0.997660,-0.842147,0.984709,0.958236
539,4.491667,-0.041625,0.000925,-0.005582,-0.999117,-0.904647,1.008126,0.044788,0.039793,-0.068141,0.093716,-0.992467,-0.418948,0.802725,0.136068,-0.044003,-0.048914,0.012923,0.997750,-0.840839,0.984675,0.957975
540,4.500000,-0.040909,0.000676,-0.005824,-0.999146,-0.904671,1.008216,0.044754,0.039807,-0.068791,0.092860,-0.992502,-0.418270,0.802635,0.133298,-0.042173,-0.048005,0.013146,0.997870,-0.839377,0.984846,0.957511
541,4.508333,-0.040366,0.000488,-0.005926,-0.999167,-0.904672,1.008253,0.044761,0.025538,-0.066343,0.093370,-0.993090,-0.417548,0.802774,0.131251,-0.041572,-0.047355,0.013338,0.997924,-0.838018,0.984879,0.957245
542,4.516667,-0.039959,0.000381,-0.005909,-0.999184,-0.904665,1.008295,0.044758,0.024331,-0.067020,0.093321,-0.993080,-0.417223,0.802709,0.128437,-0.040538,-0.046669,0.013725,0.997993,-0.836590,0.984962,0.956924
543,4.525000,-0.039722,0.000360,-0.005806,-0.999194,-0.904687,1.008301,0.044761,0.032713,-0.070569,0.092394,-0.992680,-0.417224,0.802407,0.124965,-0.038602,-0.045920,0.013818,0.998103,-0.835291,0.985124,0.956530
544,4.533333,-0.039500,0.000396,-0.005698,-0.999203,-0.904705,1.008314,0.044771,0.032952,-0.072076,0.092398,-0.992563,-0.417164,0.802185,0.122014,-0.037990,-0.045299,0.014307,0.998148,-0.833748,0.985175,0.956200
545,4.541667,-0.039259,0.000284,-0.005584,-0.999213,-0.904730,1.008325,0.044761,0.029358,-0.073683,0.093225,-0.992481,-0.417213,0.801902,0.119194,-0.037321,-0.044385,0.014527,0.998211,-0.832481,0.985201,0.955949
546,4.550000,-0.038953,0.000208,-0.005479,-0.999226,-0.904748,1.008358,0.044767,0.025107,-0.076389,0.094802,-0.992243,-0.417466,0.801655,0.116709,-0.036217,-0.043432,0.014855,0.998289,-0.830971,0.985252,0.955520
547,4.558333,-0.038500,0.000015,-0.005398,-0.999244,-0.904748,1.008396,0.044774,0.013450,-0.078380,0.098323,-0.991972,-0.417660,0.801686,0.114320,-0.035119,-0.042190,0.015267,0.998376,-0.829638,0.985176,0.955254
548,4.566667,-0.038156,-0.000173,-0.005403,-0.999257,-0.904732,1.008425,0.044796,0.020543,-0.083472,0.098510,-0.991416,-0.418444,0.801173,0.110978,-0.034277,-0.041234,0.015593,0.998440,-0.828205,0.985103,0.954934
549,4.575000,-0.037683,-0.000411,-0.005377,-0.999275,-0.904727,1.008465,0.044809,0.016526,-0.088670,0.101592,-0.990729,-0.419317,0.800970,0.108505,-0.032975,-0.040117,0.015991,0.998523,-0.826813,0.985091,0.954577
550,4.583333,-0.037213,-0.000629,-0.005464,-0.999292,-0.904716,1.008525,0.044827,0.002702,-0.089304,0.103809,-0.990576,-0.419857,0.800742,0.106090,-0.031962,-0.039353,0.016337,0.998580,-0.825280,0.985099,0.954225
551,4.591667,-0.036662,-0.000775,-0.005464,-0.999313,-0.904717,1.008572,0.044856,0.000735,-0.092799,0.105537,-0.990076,-0.420771,0.800548,0.102995,-0.031062,-0.038245,0.016992,0.998641,-0.824009,0.984871,0.954063
552,4.600000,-0.036255,-0.000933,-0.005486,-0.999327,-0.904724,1.008620,0.044872,-0.002460,-0.096809,0.106899,-0.989543,-0.421901,0.800238,0.100018,-0.029929,-0.037673,0.017620,0.998686,-0.822438,0.984846,0.953687
553,4.608333,-0.035855,-0.001112,-0.005511,-0.999341,-0.904720,1.008646,0.044894,-0.003708,-0.101847,0.107915,-0.988923,-0.423238,0.799976,0.097031,-0.028852,-0.037049,0.018133,0.998732,-0.821054,0.984709,0.953426
554,4.616667,-0.035205,-0.001394,-0.005758,-0.999363,-0.904688,1.008714,0.044929,-0.007929,-0.105888,0.108315,-0.988429,-0.424765,0.799680,0.094169,-0.027759,-0.036647,0.018819,0.998765,-0.819540,0.984543,0.953138
555,4.625000,-0.034800,-0.001619,-0.005955,-0.999375,-0.904678,1.008775,0.044940,-0.011128,-0.109967,0.107902,-0.987998,-0.426501,0.799464,0.091186,-0.026642,-0.036704,0.019594,0.998779,-0.818077,0.984314,0.952712
556,4.633333,-0.034824,-0.001793,-0.005909,-0.999374,-0.904707,1.008758,0.044950,-0.012779,-0.115352,0.107194,-0.987441,-0.428503,0.799312,0.088214,-0.025773,-0.036077,0.020468,0.998807,-0.816636,0.984021,0.952458
557,4.641667,-0.034415,-0.002068,-0.006102,-0.999387,-0.904670,1.008810,0.044990,-0.013899,-0.120612,0.105202,-0.987012,-0.430739,0.799304,0.085319,-0.024599,-0.035180,0.021193,0.998853,-0.814966,0.983831,0.952078
558,4.650000,-0.033890,-0.002346,-0.006264,-0.999403,-0.904645,1.008870,0.045011,-0.015454,-0.124407,0.102249,-0.986828,-0.433142,0.799346,0.082356,-0.023625,-0.034505,0.021789,0.998888,-0.813470,0.983599,0.951762
559,4.658333,-0.033295,-0.002614,-0.006367,-0.999422,-0.904636,1.008920,0.045046,-0.013105,-0.130216,0.098648,-0.986479,-0.435894,0.799604,0.079388,-0.022559,-0.033628,0.022891,0.998918,-0.811904,0.983208,0.951494
560,4.666667,-0.032728,-0.002769,-0.006417,-0.999440,-0.904640,1.008976,0.045082,-0.014601,-0.132303,0.094559,-0.986581,-0.438825,0.799849,0.076485,-0.021433,-0.032873,0.023370,0.998956,-0.810389,0.982897,0.951144
561,4.675000,-0.032003,-0.003024,-0.006541,-0.999462,-0.904636,1.009050,0.045113,-0.016631,-0.131996,0.091346,-0.986892,-0.441871,0.799969,0.073810,-0.019782,-0.032134,0.024413,0.998990,-0.808745,0.982519,0.950816
562,4.683333,-0.031211,-0.003293,-0.006693,-0.999485,-0.904621,1.009127,0.045152,-0.018325,-0.126329,0.090132,-0.987715,-0.444990,0.800078,0.071812,-0.018759,-0.031663,0.025305,0.999002,-0.806958,0.982191,0.950461
563,4.691667,-0.030451,-0.003613,-0.006853,-0.999506,-0.904604,1.009194,0.045201,-0.019604,-0.118682,0.088575,-0.988780,-0.447803,0.800334,0.070130,-0.017124,-0.031376,0.026091,0.999020,-0.805417,0.981694,0.949997
564,4.700000,-0.029769,-0.003959,-0.007056,-0.999524,-0.904573,1.009254,0.045259,-0.019210,-0.113142,0.087089,-0.989568,-0.450509,0.800641,0.068481,-0.015631,-0.030921,0.027231,0.999029,-0.803739,0.981120,0.949575
565,4.708333,-0.029073,-0.004329,-0.007237,-0.999542,-0.904538,1.009309,0.045297,-0.015385,-0.107248,0.084466,-0.990518,-0.453002,0.800688,0.066520,-0.013979,-0.030379,0.028239,0.999042,-0.801871,0.980699,0.949173
566,4.716667,-0.028311,-0.004666,-0.007370,-0.999561,-0.904511,1.009381,0.045343,-0.014937,-0.099391,0.081530,-0.991590,-0.455234,0.800594,0.064475,-0.012612,-0.029916,0.029193,0.999046,-0.800354,0.980048,0.948928
567,4.725000,-0.027557,-0.004875,-0.007477,-0.999580,-0.904495,1.009450,0.045392,-0.011290,-0.093386,0.078829,-0.992440,-0.456774,0.800188,0.062856,-0.016977,-0.036496,0.032587,0.998658,-0.796617,0.979465,0.948809
568,4.733333,-0.026708,-0.005142,-0.007534,-0.999602,-0.904472,1.009522,0.045445,-0.007276,-0.088944,0.076643,-0.993057,-0.457601,0.799349,0.061932,-0.013410,-0.035081,0.032934,0.998752,-0.794760,0.978758,0.948394
569,4.741667,-0.025952,-0.005413,-0.007574,-0.999620,-0.904437,1.009597,0.045494,-0.006453,-0.084503,0.072366,-0.993771,-0.457780,0.798769,0.060915,-0.010454,-0.033890,0.033182,0.998820,-0.792794,0.977981,0.948068
570,4.750000,-0.025335,-0.005599,-0.007548,-0.999635,-0.904407,1.009656,0.045544,-0.003541,-0.079603,0.067255,-0.994549,-0.457390,0.798044,0.059852,-0.007891,-0.032220,0.033421,0.998891,-0.791173,0.976835,0.947822
571,4.758333,-0.024714,-0.005867,-0.007593,-0.999649,-0.904373,1.009711,0.045593,0.001820,-0.075266,0.063700,-0.995125,-0.456806,0.797367,0.058937,-0.005920,-0.031710,0.033508,0.998918,-0.789397,0.975790,0.947402
572,4.766667,-0.023984,-0.006280,-0.007680,-0.999663,-0.904343,1.009786,0.045643,0.004104,-0.070264,0.060698,-0.995672,-0.456279,0.796839,0.057833,-0.004145,-0.031313,0.034046,0.998921,-0.787332,0.974909,0.947061
573,4.775000,-0.023280,-0.006783,-0.007899,-0.999675,-0.904306,1.009863,0.045682,0.005666,-0.064583,0.058112,-0.996203,-0.455977,0.796311,0.056663,-0.002004,-0.030884,0.034414,0.998928,-0.785297,0.973961,0.946794
574,4.783333,-0.023369,-0.008877,-0.007847,-0.999657,-0.904246,1.009983,0.045926,0.008038,-0.060811,0.056339,-0.996526,-0.456026,0.795877,0.055766,0.002672,-0.029793,0.034931,0.998942,-0.783583,0.972616,0.946793
575,4.791667,-0.023477,-0.008521,-0.007691,-0.999658,-0.904343,1.010004,0.046013,0.008304,-0.057237,0.054916,-0.996815,-0.456290,0.795477,0.055028,0.004488,-0.029832,0.035516,0.998914,-0.781630,0.971706,0.946337
576,4.800000,-0.024001,-0.008192,-0.007794,-0.999648,-0.904321,1.009994,0.046114,0.009044,-0.053588,0.053585,-0.997083,-0.456779,0.795134,0.054251,0.007482,-0.028969,0.037699,0.998841,-0.779691,0.970913,0.946317
577,4.808333,-0.024471,-0.008376,-0.007971,-0.999634,-0.904301,1.010008,0.046186,0.008616,-0.048581,0.051917,-0.997432,-0.457249,0.794736,0.053384,0.009464,-0.028729,0.038970,0.998783,-0.777883,0.970090,0.946022
578,4.816667,-0.024706,-0.008635,-0.008367,-0.999622,-0.904293,1.010044,0.046231,0.008293,-0.043820,0.049744,-0.997766,-0.457666,0.794371,0.052822,0.012406,-0.028383,0.041596,0.998654,-0.776198,0.969453,0.945928
579,4.825000,-0.025064,-0.008815,-0.008648,-0.999610,-0.904289,1.010066,0.046274,0.008840,-0.038421,0.047870,-0.998075,-0.457853,0.794104,0.051998,0.016590,-0.025330,0.045535,0.998504,-0.775218,0.967750,0.945997
580,4.833333,-0.025594,-0.008839,-0.008943,-0.999593,-0.904287,1.010051,0.046309,0.010093,-0.033711,0.047041,-0.998273,-0.457852,0.794034,0.051171,0.014571,-0.025658,0.044427,0.998577,-0.773675,0.966620,0.945035
581,4.841667,-0.026200,-0.008831,-0.009214,-0.999575,-0.904287,1.010021,0.046314,0.010650,-0.030702,0.046648,-0.998383,-0.457930,0.794051,0.050564,0.010106,-0.027442,0.048511,0.998394,-0.772745,0.965538,0.945911
582,4.850000,-0.026816,-0.008760,-0.009502,-0.999557,-0.904278,1.009981,0.046314,0.012201,-0.028579,0.047152,-0.998404,-0.458043,0.794182,0.050030,0.010749,-0.026103,0.051082,0.998295,-0.771534,0.964282,0.945669
583,4.858333,-0.027442,-0.008491,-0.009719,-0.999540,-0.904289,1.009921,0.046309,0.014081,-0.025286,0.048035,-0.998426,-0.458170,0.794359,0.049358,0.010890,-0.025261,0.053468,0.998191,-0.770147,0.963135,0.945429
584,4.866667,-0.028098,-0.008306,-0.010052,-0.999520,-0.904284,1.009858,0.046300,0.015494,-0.023014,0.049159,-0.998406,-0.458402,0.794501,0.049000,0.012000,-0.022993,0.054030,0.998202,-0.769145,0.962210,0.944701
585,4.875000,-0.028728,-0.008023,-0.010294,-0.999502,-0.904290,1.009788,0.046273,0.015770,-0.019433,0.050676,-0.998402,-0.458515,0.794757,0.048299,0.013475,-0.021575,0.054090,0.998212,-0.768499,0.961463,0.944285
586,4.883333,-0.029447,-0.007851,-0.010576,-0.999480,-0.904287,1.009721,0.046242,0.015727,-0.014995,0.052100,-0.998405,-0.458580,0.795032,0.047667,0.013058,-0.020478,0.054057,0.998242,-0.767874,0.961309,0.943915
587,4.891667,-0.030253,-0.007395,-0.010866,-0.999456,-0.904314,1.009659,0.046194,0.015516,-0.012550,0.054170,-0.998332,-0.458653,0.795393,0.047199,0.013712,-0.020211,0.055124,0.998181,-0.767084,0.960530,0.943212
588,4.900000,-0.031142,-0.007080,-0.011184,-0.999427,-0.904334,1.009592,0.046159,0.015222,-0.010032,0.056237,-0.998251,-0.458617,0.795637,0.046744,0.014733,-0.016594,0.056324,0.998166,-0.766293,0.959504,0.942966
589,4.908333,-0.032093,-0.006751,-0.011486,-0.999396,-0.904362,1.009537,0.046104,0.018933,-0.006478,0.057332,-0.998155,-0.458574,0.795727,0.046360,0.015603,-0.014040,0.058065,0.998092,-0.765532,0.958498,0.942959
590,4.916667,-0.033212,-0.006325,-0.011823,-0.999358,-0.904396,1.009466,0.046036,0.020099,-0.006212,0.059525,-0.998005,-0.458633,0.796121,0.046033,0.013494,-0.020798,0.061705,0.997786,-0.762771,0.957704,0.943314
591,4.925000,-0.034019,-0.006631,-0.012508,-0.999321,-0.904323,1.009466,0.045930,0.021232,-0.004995,0.061115,-0.997892,-0.458732,0.796452,0.045530,0.013674,-0.020617,0.062485,0.997739,-0.761594,0.956688,0.943035
592,4.933333,-0.035094,-0.006329,-0.013036,-0.999279,-0.904340,1.009418,0.045862,0.023556,-0.001950,0.061601,-0.997821,-0.458746,0.796676,0.045099,0.014412,-0.019289,0.063231,0.997708,-0.760364,0.955602,0.942600
593,4.941667,-0.036418,-0.005780,-0.013389,-0.999230,-0.904393,1.009328,0.045793,0.025813,0.001238,0.061558,-0.997769,-0.458823,0.796891,0.044701,0.013345,-0.017617,0.063133,0.997760,-0.758796,0.954172,0.941933
594,4.950000,-0.037647,-0.005293,-0.013653,-0.999184,-0.904448,1.009234,0.045753,0.026557,0.003658,0.061602,-0.997741,-0.458901,0.797013,0.044276,0.014362,-0.016826,0.063747,0.997721,-0.757479,0.953120,0.941320
595,4.958333,-0.038795,-0.004845,-0.013935,-0.999138,-0.904503,1.009134,0.045705,0.026859,0.005192,0.062061,-0.997697,-0.458965,0.797131,0.043824,0.015839,-0.015645,0.064482,0.997671,-0.756119,0.952024,0.941029
596,4.966667,-0.039936,-0.004526,-0.014274,-0.999090,-0.904542,1.009045,0.045662,0.027779,0.006784,0.062302,-0.997648,-0.458947,0.797207,0.043504,0.016575,-0.013947,0.064955,0.997653,-0.754895,0.950941,0.940812
597,4.975000,-0.041199,-0.004116,-0.014542,-0.999037,-0.904596,1.008952,0.045612,0.029410,0.007390,0.062764,-0.997568,-0.458848,0.797297,0.043381,0.017301,-0.012511,0.065583,0.997619,-0.753736,0.949843,0.940470
598,4.983333,-0.042233,-0.003839,-0.014816,-0.998991,-0.904629,1.008870,0.045577,0.030884,0.007930,0.062825,-0.997515,-0.458719,0.797304,0.043343,0.017437,-0.010567,0.065726,0.997629,-0.752812,0.948821,0.940171
599,4.991667,-0.043146,-0.003658,-0.015007,-0.998949,-0.904653,1.008811,0.045547,0.031451,0.008219,0.062792,-0.997497,-0.458609,0.797308,0.043321,0.016441,-0.010027,0.066311,0.997613,-0.751658,0.947809,0.939746
600,5.000000,-0.043727,-0.003520,-0.015163,-0.998922,-0.904678,1.008753,0.045544,0.032064,0.008733,0.062882,-0.997468,-0.458518,0.797287,0.043304,0.015864,-0.009266,0.066600,0.997611,-0.750900,0.946936,0.939586
601,5.008333,-0.044165,-0.003539,-0.015284,-0.998901,-0.904666,1.008708,0.045556,0.032114,0.009068,0.062933,-0.997460,-0.458487,0.797290,0.043307,0.014516,-0.008992,0.067054,0.997603,-0.749883,0.946055,0.939244
602,5.016667,-0.044552,-0.003576,-0.015403,-0.998882,-0.904658,1.008680,0.045564,0.031902,0.009392,0.062986,-0.997460,-0.458457,0.797259,0.043293,0.013483,-0.008777,0.066896,0.997630,-0.749175,0.945260,0.939065
603,5.025000,-0.044788,-0.003649,-0.015525,-0.998869,-0.904638,1.008659,0.045580,0.031215,0.009427,0.063047,-0.997478,-0.458460,0.797233,0.043285,0.011780,-0.008381,0.066611,0.997674,-0.748216,0.944383,0.938722
604,5.033333,-0.045085,-0.003722,-0.015556,-0.998855,-0.904625,1.008628,0.045611,0.030435,0.009479,0.063143,-0.997495,-0.458438,0.797165,0.043275,0.011052,-0.007143,0.066544,0.997697,-0.747505,0.943448,0.938698
605,5.041667,-0.045240,-0.003758,-0.015618,-0.998847,-0.904612,1.008612,0.045622,0.029881,0.009607,0.063225,-0.997506,-0.458414,0.797063,0.043287,0.009625,-0.008306,0.066079,0.997733,-0.746973,0.942800,0.938922
606,5.050000,-0.045358,-0.003816,-0.015664,-0.998841,-0.904604,1.008604,0.045637,0.028721,0.009822,0.063516,-0.997519,-0.458369,0.796902,0.043310,0.008492,-0.009014,0.065700,0.997763,-0.746323,0.942062,0.939044
607,5.058333,-0.045520,-0.003867,-0.015676,-0.998833,-0.904598,1.008599,0.045639,0.027969,0.009903,0.063597,-0.997535,-0.458362,0.796814,0.043296,0.007441,-0.009013,0.065511,0.997783,-0.745571,0.941188,0.939111
608,5.066667,-0.045755,-0.003893,-0.015691,-0.998822,-0.904597,1.008583,0.045650,0.027329,0.009877,0.063691,-0.997546,-0.458342,0.796755,0.043272,0.006759,-0.009632,0.064366,0.997857,-0.745063,0.940454,0.938963
609,5.075000,-0.045989,-0.003872,-0.015687,-0.998811,-0.904605,1.008560,0.045660,0.026551,0.009974,0.063952,-0.997550,-0.458287,0.796636,0.043287,0.007384,-0.009616,0.063752,0.997892,-0.744564,0.939705,0.939001
610,5.083333,-0.046355,-0.003872,-0.015727,-0.998794,-0.904602,1.008537,0.045656,0.025708,0.010203,0.064215,-0.997553,-0.458256,0.796549,0.043301,0.006056,-0.009431,0.063465,0.997921,-0.743710,0.938826,0.939161
611,5.091667,-0.046902,-0.003768,-0.015735,-0.998769,-0.904615,1.008498,0.045645,0.025323,0.010330,0.064449,-0.997546,-0.458222,0.796494,0.043322,0.005800,-0.010186,0.062734,0.997962,-0.743082,0.938133,0.939081
612,5.100000,-0.047477,-0.003640,-0.015769,-0.998741,-0.904636,1.008455,0.045637,0.025215,0.010496,0.064620,-0.997536,-0.458200,0.796466,0.043313,0.005796,-0.009800,0.062225,0.997997,-0.742415,0.937240,0.939175
613,5.108333,-0.048258,-0.003314,-0.015921,-0.998703,-0.904721,1.008466,0.045671,0.025121,0.010574,0.064820,-0.997525,-0.458184,0.796459,0.043295,0.006391,-0.009966,0.061638,0.998028,-0.741847,0.936419,0.939156
614,5.116667,-0.048750,-0.003235,-0.015984,-0.998678,-0.904737,1.008421,0.045653,0.025266,0.010804,0.064983,-0.997508,-0.458168,0.796467,0.043277,0.008092,-0.007671,0.061512,0.998044,-0.741231,0.935346,0.939336
615,5.125000,-0.049321,-0.003125,-0.016002,-0.998650,-0.904767,1.008371,0.045649,0.025703,0.011009,0.065124,-0.997485,-0.458156,0.796488,0.043260,0.009796,-0.007755,0.061183,0.998048,-0.740654,0.934692,0.939439
616,5.133333,-0.050018,-0.002912,-0.015816,-0.998619,-0.904829,1.008280,0.045624,0.026099,0.011250,0.065349,-0.997458,-0.458145,0.796542,0.043229,0.010200,-0.007326,0.060716,0.998076,-0.739787,0.933862,0.939420
617,5.141667,-0.050573,-0.002705,-0.015735,-0.998593,-0.904860,1.008216,0.045605,0.026822,0.011453,0.065551,-0.997423,-0.458145,0.796616,0.043198,0.010953,-0.006808,0.060241,0.998101,-0.739262,0.933121,0.939363
618,5.150000,-0.050880,-0.002572,-0.015715,-0.998578,-0.904896,1.008178,0.045586,0.027782,0.011736,0.065705,-0.997383,-0.458140,0.796709,0.043176,0.011703,-0.005525,0.060042,0.998112,-0.738609,0.932306,0.939174
619,5.158333,-0.051184,-0.002404,-0.015680,-0.998563,-0.904926,1.008145,0.045563,0.028838,0.011964,0.065904,-0.997337,-0.458134,0.796809,0.043149,0.011305,-0.004499,0.059890,0.998131,-0.737986,0.931394,0.938916
620,5.166667,-0.051096,-0.002445,-0.015520,-0.998570,-0.904906,1.008181,0.045528,0.031372,0.012497,0.065801,-0.997261,-0.458136,0.796859,0.043152,0.011274,-0.003232,0.059898,0.998136,-0.737427,0.930521,0.938761
621,5.175000,-0.051422,-0.002202,-0.015501,-0.998554,-0.904949,1.008150,0.045471,0.033455,0.012726,0.065993,-0.997178,-0.458098,0.796985,0.043234,0.011534,-0.002742,0.059754,0.998143,-0.737120,0.929841,0.938681
622,5.183333,-0.051530,-0.002021,-0.015423,-0.998550,-0.904980,1.008117,0.045428,0.034484,0.012909,0.066141,-0.997131,-0.458098,0.797096,0.043227,0.012561,-0.002550,0.060304,0.998098,-0.736720,0.929290,0.938677
623,5.191667,-0.051726,-0.001770,-0.015385,-0.998541,-0.905018,1.008071,0.045360,0.035475,0.012967,0.066332,-0.997082,-0.458092,0.797182,0.043239,0.012836,-0.002245,0.060608,0.998077,-0.736485,0.928695,0.938710
624,5.200000,-0.051786,-0.001867,-0.015254,-0.998540,-0.905077,1.008020,0.045281,0.034619,0.011863,0.066115,-0.997141,-0.458073,0.797170,0.043449,0.012532,-0.000996,0.060991,0.998059,-0.736103,0.927803,0.938537
625,5.208333,-0.051932,-0.001838,-0.015251,-0.998533,-0.905138,1.007973,0.045204,0.034445,0.011619,0.066463,-0.997127,-0.458065,0.797266,0.043514,0.012243,-0.000419,0.061201,0.998050,-0.735845,0.927180,0.938454
626,5.216667,-0.052199,-0.001746,-0.015220,-0.998519,-0.905182,1.007920,0.045141,0.033946,0.011265,0.067006,-0.997111,-0.458045,0.797364,0.043589,0.010006,0.000899,0.060663,0.998108,-0.735795,0.926325,0.938603
627,5.225000,-0.052604,-0.001557,-0.015197,-0.998499,-0.905224,1.007857,0.045090,0.035713,0.011682,0.066780,-0.997060,-0.458034,0.797272,0.043514,0.008317,0.002039,0.060447,0.998135,-0.735439,0.925599,0.938235
628,5.233333,-0.053090,-0.001316,-0.015121,-0.998474,-0.905275,1.007798,0.045044,0.036152,0.011862,0.067241,-0.997011,-0.458015,0.797285,0.043506,0.007606,0.003442,0.060153,0.998154,-0.735202,0.924938,0.937964
629,5.241667,-0.053545,-0.001101,-0.015056,-0.998451,-0.905318,1.007743,0.045001,0.036119,0.011891,0.067694,-0.996981,-0.458005,0.797257,0.043511,0.006340,0.003385,0.059965,0.998175,-0.734951,0.924347,0.937812
630,5.250000,-0.054020,-0.000919,-0.015004,-0.998427,-0.905357,1.007685,0.044966,0.035818,0.011788,0.067967,-0.996975,-0.457969,0.797163,0.043601,0.004878,0.003537,0.059760,0.998195,-0.734513,0.923719,0.937755
631,5.258333,-0.054401,-0.000840,-0.014962,-0.998407,-0.905391,1.007623,0.044931,0.035162,0.011600,0.068418,-0.996969,-0.457937,0.797044,0.043701,0.005434,0.004861,0.059780,0.998185,-0.734024,0.923063,0.937540
632,5.266667,-0.054902,-0.000715,-0.014885,-0.998381,-0.905440,1.007570,0.044903,0.034467,0.011524,0.069064,-0.996950,-0.457903,0.796888,0.043833,0.004948,0.005151,0.059726,0.998189,-0.733550,0.922335,0.937402
633,5.275000,-0.055109,-0.000519,-0.014896,-0.998369,-0.905500,1.007554,0.044863,0.033179,0.011183,0.069911,-0.996939,-0.457862,0.796678,0.044027,0.004525,0.006306,0.059527,0.998197,-0.733088,0.921616,0.937454
634,5.283333,-0.055414,-0.000287,-0.014750,-0.998355,-0.905548,1.007502,0.044836,0.032383,0.010956,0.071365,-0.996864,-0.457826,0.796331,0.044175,0.002742,0.007257,0.059468,0.998200,-0.732412,0.920916,0.936530
635,5.291667,-0.055678,-0.000138,-0.014635,-0.998342,-0.905597,1.007445,0.044819,0.031656,0.011029,0.073894,-0.996703,-0.457923,0.795827,0.044274,0.002363,0.008076,0.058809,0.998234,-0.731677,0.920219,0.936396
636,5.300000,-0.055827,0.000076,-0.014448,-0.998336,-0.905655,1.007380,0.044806,0.031316,0.011507,0.076142,-0.996539,-0.458136,0.795259,0.044366,0.002027,0.006567,0.058319,0.998274,-0.731129,0.919723,0.936181
637,5.308333,-0.056799,0.000146,-0.014341,-0.998283,-0.905760,1.007341,0.044901,0.031305,0.011985,0.078828,-0.996325,-0.458354,0.794624,0.044463,0.001566,0.006091,0.057928,0.998301,-0.730465,0.919093,0.936037
638,5.316667,-0.057092,0.000227,-0.014217,-0.998268,-0.905807,1.007285,0.044902,0.031910,0.012989,0.082551,-0.995991,-0.458583,0.793770,0.044535,0.001852,0.006617,0.057841,0.998302,-0.729820,0.918499,0.936186
639,5.325000,-0.057152,0.000335,-0.014090,-0.998266,-0.905859,1.007251,0.044890,0.032145,0.013387,0.085945,-0.995691,-0.458869,0.792968,0.044735,0.003389,0.007947,0.057953,0.998282,-0.729106,0.917741,0.936163
640,5.333333,-0.057246,0.000357,-0.014013,-0.998262,-0.905898,1.007222,0.044883,0.031547,0.014035,0.090068,-0.995337,-0.459150,0.792082,0.044921,0.003162,0.007819,0.057516,0.998309,-0.728191,0.917221,0.936017
641,5.341667,-0.057367,0.000422,-0.013934,-0.998256,-0.905947,1.007204,0.044863,0.031527,0.015192,0.094289,-0.994930,-0.459424,0.791389,0.045180,0.003020,0.006908,0.057570,0.998313,-0.727450,0.916545,0.936096
642,5.350000,-0.057347,0.000368,-0.013882,-0.998258,-0.905980,1.007179,0.044862,0.031324,0.016252,0.097431,-0.994617,-0.459684,0.790802,0.045403,0.008582,0.009774,0.060364,0.998092,-0.727476,0.916398,0.936460
643,5.358333,-0.057453,0.000423,-0.013817,-0.998253,-0.906022,1.007162,0.044841,0.029392,0.016455,0.099900,-0.994427,-0.459974,0.790121,0.045698,0.008554,0.009374,0.059866,0.998126,-0.726523,0.915834,0.936508
644,5.366667,-0.057450,0.000468,-0.013732,-0.998254,-0.906046,1.007135,0.044815,0.029704,0.016354,0.102675,-0.994137,-0.460159,0.789536,0.045911,0.011092,0.008032,0.059692,0.998123,-0.725568,0.915379,0.936449
645,5.375000,-0.057512,0.000470,-0.013666,-0.998251,-0.906085,1.007120,0.044795,0.030786,0.015880,0.104970,-0.993872,-0.460328,0.789066,0.046171,0.012337,0.006844,0.059364,0.998137,-0.724649,0.914724,0.936611
646,5.383333,-0.057477,0.000437,-0.013650,-0.998253,-0.906109,1.007104,0.044771,0.030398,0.015703,0.107012,-0.993669,-0.460506,0.788689,0.046266,0.009882,0.006996,0.057742,0.998258,-0.723060,0.913956,0.935717
647,5.391667,-0.057486,0.000426,-0.013558,-0.998254,-0.906132,1.007087,0.044750,0.029901,0.016114,0.108254,-0.993543,-0.460637,0.788388,0.046315,0.008653,0.007821,0.056824,0.998316,-0.721815,0.913164,0.935099
648,5.400000,-0.057427,0.000273,-0.013447,-0.998259,-0.906136,1.007064,0.044730,0.029292,0.015982,0.109084,-0.993472,-0.460702,0.788139,0.046311,0.004581,0.005634,0.055733,0.998419,-0.720440,0.912382,0.935432
649,5.408333,-0.057422,0.000071,-0.013343,-0.998261,-0.906132,1.007061,0.044726,0.029008,0.015507,0.109478,-0.993445,-0.460709,0.787956,0.046257,0.004879,0.006013,0.055219,0.998444,-0.718830,0.911616,0.934519
650,5.416667,-0.057274,-0.000203,-0.013167,-0.998272,-0.906121,1.007053,0.044726,0.028349,0.014803,0.109277,-0.993497,-0.460710,0.787881,0.046140,0.004760,0.005137,0.054028,0.998515,-0.717258,0.910890,0.934168
651,5.425000,-0.056645,-0.000380,-0.012822,-0.998312,-0.906139,1.007088,0.044713,0.028487,0.013612,0.108844,-0.993557,-0.460698,0.787890,0.046013,0.006641,0.005615,0.053284,0.998542,-0.715860,0.910107,0.934021
652,5.433333,-0.056353,-0.000650,-0.012544,-0.998332,-0.906119,1.007114,0.044695,0.028316,0.012054,0.108188,-0.993654,-0.460661,0.787994,0.045772,0.006143,0.004280,0.052406,0.998598,-0.714280,0.909386,0.933789
653,5.441667,-0.056121,-0.001010,-0.012283,-0.998348,-0.906076,1.007154,0.044699,0.029386,0.010616,0.107541,-0.993710,-0.460629,0.788087,0.045355,0.006047,0.003809,0.051389,0.998653,-0.712521,0.908493,0.933362
654,5.450000,-0.055844,-0.001457,-0.012088,-0.998365,-0.906014,1.007210,0.044688,0.029730,0.008618,0.107205,-0.993755,-0.460552,0.788211,0.044963,0.005210,0.002089,0.050607,0.998703,-0.710584,0.907845,0.933218
655,5.458333,-0.055309,-0.002129,-0.011903,-0.998396,-0.905950,1.007269,0.044750,0.032019,0.008315,0.106345,-0.993779,-0.460426,0.788276,0.044588,0.004859,0.002238,0.050028,0.998734,-0.708823,0.906806,0.933046
656,5.466667,-0.054817,-0.002933,-0.011736,-0.998423,-0.905898,1.007344,0.044830,0.033559,0.007157,0.106185,-0.993754,-0.460223,0.788396,0.044372,0.004712,0.002134,0.049011,0.998785,-0.706862,0.905723,0.932573
657,5.475000,-0.054344,-0.003905,-0.011517,-0.998448,-0.905836,1.007423,0.044968,0.036073,0.006309,0.105857,-0.993707,-0.460085,0.788532,0.044155,0.004181,0.000836,0.048567,0.998811,-0.704910,0.904857,0.932648
658,5.483333,-0.054021,-0.005074,-0.011416,-0.998462,-0.905762,1.007506,0.045139,0.037871,0.006022,0.105584,-0.993671,-0.459950,0.788679,0.043976,0.003639,-0.000034,0.048299,0.998826,-0.702875,0.903887,0.932200
659,5.491667,-0.053814,-0.006549,-0.011403,-0.998464,-0.905688,1.007602,0.045369,0.038816,0.005343,0.105286,-0.993670,-0.459847,0.788787,0.043855,0.004184,-0.000127,0.047980,0.998840,-0.700765,0.903002,0.931662
660,5.500000,-0.053797,-0.008261,-0.011478,-0.998452,-0.905639,1.007699,0.045630,0.040290,0.005021,0.105197,-0.993622,-0.459724,0.788876,0.043752,0.005134,0.000500,0.048169,0.998826,-0.698698,0.902028,0.931688
661,5.508333,-0.058876,-0.009153,-0.012798,-0.998141,-0.905812,1.007987,0.046309,0.041081,0.004431,0.105404,-0.993571,-0.459635,0.788979,0.043688,0.006182,-0.000964,0.049246,0.998767,-0.696518,0.901275,0.931675
662,5.516667,-0.058591,-0.011509,-0.012710,-0.998135,-0.905835,1.008090,0.046635,0.041742,0.003934,0.105613,-0.993523,-0.459554,0.789063,0.043639,0.005495,-0.001811,0.048825,0.998791,-0.694214,0.900166,0.931422
663,5.525000,-0.058164,-0.014122,-0.012842,-0.998125,-0.905849,1.008170,0.047005,0.042162,0.003686,0.105781,-0.993488,-0.459484,0.789120,0.043557,0.005999,-0.002677,0.049587,0.998748,-0.691952,0.899371,0.931563
664,5.533333,-0.057381,-0.017038,-0.013331,-0.998118,-0.905834,1.008242,0.047417,0.041744,0.003824,0.105702,-0.993514,-0.459398,0.789203,0.043480,0.005820,-0.002623,0.050371,0.998710,-0.689568,0.898391,0.931435
665,5.541667,-0.056137,-0.020015,-0.013759,-0.998128,-0.905797,1.008236,0.047884,0.041619,0.003939,0.105615,-0.993528,-0.459299,0.789264,0.043442,0.005796,-0.004031,0.050729,0.998688,-0.687042,0.897441,0.931278
666,5.550000,-0.054983,-0.022872,-0.013815,-0.998130,-0.905668,1.008202,0.048374,0.042828,0.004757,0.105770,-0.993457,-0.459241,0.789325,0.043375,0.005774,-0.004523,0.051425,0.998650,-0.684628,0.896351,0.931398
667,5.558333,-0.052507,-0.025996,-0.014730,-0.998174,-0.905644,1.008185,0.048816,0.042956,0.004733,0.106079,-0.993418,-0.459189,0.789347,0.043315,0.006339,-0.004670,0.052450,0.998593,-0.682065,0.895302,0.931593
668,5.566667,-0.050149,-0.029102,-0.015593,-0.998196,-0.905545,1.008148,0.049268,0.042999,0.004738,0.106380,-0.993384,-0.459129,0.789344,0.043246,0.006780,-0.004588,0.052922,0.998565,-0.679584,0.894341,0.931671
669,5.575000,-0.048062,-0.031876,-0.016047,-0.998207,-0.905450,1.008047,0.049823,0.043087,0.004847,0.106593,-0.993357,-0.459065,0.789347,0.043190,0.007162,-0.005050,0.053978,0.998504,-0.677035,0.893265,0.932168
670,5.583333,-0.045672,-0.035347,-0.016787,-0.998190,-0.905268,1.007986,0.050378,0.044254,0.005685,0.106651,-0.993295,-0.458999,0.789316,0.043058,0.007853,-0.005288,0.054920,0.998446,-0.674423,0.892112,0.932565
671,5.591667,-0.043075,-0.038726,-0.017548,-0.998167,-0.905063,1.007967,0.050925,0.044268,0.005996,0.106852,-0.993271,-0.458959,0.789349,0.043001,0.007370,-0.005525,0.055336,0.998425,-0.671701,0.890821,0.932849
672,5.600000,-0.039392,-0.041973,-0.018669,-0.998167,-0.904945,1.007712,0.051347,0.045175,0.005656,0.107344,-0.993179,-0.458956,0.789280,0.042942,0.007193,-0.005086,0.055984,0.998393,-0.669109,0.889539,0.933182
673,5.608333,-0.036362,-0.045379,-0.019292,-0.998121,-0.904716,1.007749,0.051975,0.045824,0.005322,0.107521,-0.993132,-0.458964,0.789245,0.042872,0.008043,-0.004444,0.056792,0.998344,-0.666564,0.888383,0.933617
674,5.616667,-0.033723,-0.049328,-0.020000,-0.998013,-0.904471,1.007840,0.052720,0.046061,0.005430,0.107513,-0.993121,-0.458998,0.789221,0.042791,0.007956,-0.004132,0.057494,0.998306,-0.663893,0.886896,0.934270
675,5.625000,-0.029219,-0.052320,-0.020604,-0.997990,-0.904271,1.007911,0.053336,0.045822,0.005456,0.107619,-0.993121,-0.459003,0.789236,0.042721,0.008097,-0.003491,0.058008,0.998277,-0.661111,0.885572,0.934717
676,5.633333,-0.026709,-0.056214,-0.021198,-0.997836,-0.903952,1.008125,0.054086,0.045490,0.005573,0.107922,-0.993102,-0.458993,0.789243,0.042648,0.007963,-0.003052,0.058491,0.998251,-0.658461,0.884128,0.935434
677,5.641667,-0.025713,-0.061609,-0.021264,-0.997543,-0.903647,1.008374,0.055137,0.045465,0.005682,0.108077,-0.993086,-0.458997,0.789238,0.042584,0.008059,-0.001893,0.058912,0.998229,-0.655660,0.882560,0.936031
678,5.650000,-0.023783,-0.066486,-0.021190,-0.997279,-0.903272,1.008601,0.056114,0.045141,0.005770,0.108280,-0.993078,-0.459007,0.789249,0.042518,0.008884,-0.001211,0.059560,0.998185,-0.652963,0.881070,0.936723
679,5.658333,-0.021805,-0.071757,-0.021127,-0.996960,-0.902881,1.008859,0.057138,0.044157,0.006620,0.108267,-0.993119,-0.458972,0.789283,0.042490,0.009710,-0.001643,0.059967,0.998152,-0.650081,0.879530,0.937532
680,5.666667,-0.020203,-0.077034,-0.020905,-0.996605,-0.902434,1.009117,0.058186,0.043158,0.007611,0.108205,-0.993162,-0.458914,0.789285,0.042478,0.010383,-0.000638,0.060411,0.998119,-0.647303,0.878124,0.938138
681,5.675000,-0.016347,-0.081770,-0.020956,-0.996297,-0.901992,1.009180,0.058982,0.042469,0.008239,0.108331,-0.993173,-0.458881,0.789270,0.042453,0.010768,-0.000593,0.060412,0.998115,-0.644408,0.876637,0.938818
682,5.683333,-0.012597,-0.087534,-0.020404,-0.995873,-0.901600,1.009300,0.059870,0.042245,0.008526,0.108418,-0.993171,-0.458879,0.789236,0.042405,0.010745,-0.000026,0.060512,0.998110,-0.641588,0.874988,0.939613
683,5.691667,-0.010473,-0.093137,-0.020049,-0.995396,-0.901081,1.009501,0.060962,0.042105,0.008556,0.108398,-0.993179,-0.458907,0.789184,0.042353,0.010131,0.001266,0.060454,0.998119,-0.638487,0.873287,0.940034
684,5.700000,-0.008659,-0.099044,-0.019705,-0.994850,-0.900533,1.009705,0.062068,0.041848,0.008383,0.108380,-0.993193,-0.458961,0.789117,0.042294,0.010360,0.002221,0.060603,0.998106,-0.635544,0.871728,0.940530
685,5.708333,-0.007785,-0.105595,-0.019170,-0.994194,-0.899872,1.009885,0.063296,0.042196,0.007498,0.108227,-0.993202,-0.459074,0.789039,0.042205,0.010640,0.002351,0.060401,0.998115,-0.632644,0.870120,0.941228
686,5.716667,-0.005439,-0.111378,-0.017382,-0.993611,-0.898611,1.010031,0.064499,0.042350,0.006972,0.108356,-0.993185,-0.459151,0.788990,0.042118,0.010558,0.002891,0.060253,0.998123,-0.629702,0.868451,0.941871
687,5.725000,-0.005600,-0.117656,-0.017599,-0.992883,-0.897847,1.010321,0.065921,0.041939,0.007043,0.108502,-0.993186,-0.459152,0.788942,0.042080,0.010596,0.003700,0.060166,0.998125,-0.626622,0.866805,0.942360
688,5.733333,-0.004503,-0.124620,-0.018036,-0.992030,-0.897146,1.010549,0.067295,0.041577,0.007325,0.108535,-0.993196,-0.459138,0.788905,0.042037,0.011099,0.004567,0.060058,0.998123,-0.623519,0.865169,0.942870
689,5.741667,-0.004900,-0.130766,-0.018127,-0.991235,-0.896403,1.010730,0.068807,0.041927,0.007622,0.108315,-0.993203,-0.459157,0.788878,0.041980,0.011164,0.004863,0.059914,0.998129,-0.620476,0.863464,0.943558
690,5.750000,-0.003597,-0.138952,-0.018031,-0.990128,-0.895736,1.010650,0.070216,0.042021,0.007834,0.108232,-0.993206,-0.459162,0.788843,0.041919,0.010282,0.006774,0.060343,0.998102,-0.617644,0.861638,0.944046
691,5.758333,-0.000944,-0.147718,-0.018362,-0.988859,-0.894737,1.010743,0.071539,0.041682,0.007857,0.108277,-0.993215,-0.459170,0.788808,0.041897,0.011755,0.006836,0.060730,0.998062,-0.614760,0.859917,0.945027
692,5.766667,0.000826,-0.155842,-0.018614,-0.987606,-0.893829,1.010658,0.072994,0.041303,0.007950,0.108240,-0.993235,-0.459159,0.788781,0.041869,0.012641,0.006342,0.060366,0.998076,-0.611606,0.858248,0.945846
693,5.775000,0.003184,-0.164929,-0.018990,-0.986118,-0.892751,1.010623,0.074495,0.041092,0.008100,0.108222,-0.993244,-0.459155,0.788758,0.041830,0.012782,0.006751,0.060006,0.998093,-0.608515,0.856416,0.946605
694,5.783333,0.005525,-0.174446,-0.019788,-0.984452,-0.891616,1.010555,0.076132,0.040761,0.008120,0.108328,-0.993246,-0.459147,0.788758,0.041804,0.014232,0.006688,0.060160,0.998065,-0.605549,0.854713,0.947507
695,5.791667,0.007318,-0.184353,-0.020739,-0.982614,-0.890320,1.010505,0.077785,0.040517,0.008135,0.108442,-0.993244,-0.459127,0.788752,0.041731,0.014923,0.006800,0.060038,0.998061,-0.602504,0.853034,0.948248
696,5.800000,0.009779,-0.194758,-0.021946,-0.980557,-0.888888,1.010473,0.079515,0.040164,0.008285,0.108841,-0.993213,-0.459109,0.788799,0.041667,0.016133,0.006881,0.059911,0.998050,-0.599559,0.851077,0.949203
697,5.808333,0.012318,-0.206092,-0.023299,-0.978178,-0.887393,1.010407,0.081394,0.039926,0.008441,0.109295,-0.993171,-0.459090,0.788840,0.041565,0.017659,0.006569,0.059719,0.998037,-0.596462,0.849409,0.950057
698,5.816667,0.014885,-0.217734,-0.025117,-0.975571,-0.885629,1.010245,0.083431,0.040093,0.008515,0.108841,-0.993214,-0.459114,0.788860,0.041661,0.019688,0.005953,0.059453,0.998019,-0.593532,0.847705,0.951130
699,5.825000,0.025913,-0.228560,-0.029087,-0.972750,-0.884936,1.010727,0.085089,0.039949,0.008528,0.108808,-0.993223,-0.459087,0.788868,0.041648,0.021343,0.005313,0.059378,0.997993,-0.590613,0.846057,0.952096
700,5.833333,0.029929,-0.241513,-0.032021,-0.969407,-0.882919,1.010539,0.087444,0.040005,0.008539,0.108771,-0.993225,-0.459072,0.788882,0.041618,0.023895,0.004432,0.059241,0.997948,-0.587710,0.844261,0.953269
701,5.841667,0.032736,-0.255562,-0.035103,-0.965600,-0.880802,1.010406,0.089880,0.039880,0.008528,0.108741,-0.993233,-0.459057,0.788891,0.041599,0.026233,0.003867,0.059380,0.997883,-0.584859,0.842489,0.954277
702,5.850000,0.036492,-0.270106,-0.038475,-0.961369,-0.878419,1.010178,0.092682,0.039886,0.008588,0.108686,-0.993239,-0.459045,0.788886,0.041582,0.027909,0.002986,0.059517,0.997833,-0.582110,0.840793,0.955035
703,5.858333,0.040137,-0.284153,-0.041838,-0.957024,-0.875789,1.009932,0.095750,0.040007,0.008642,0.108595,-0.993243,-0.459037,0.788884,0.041564,0.030086,0.002093,0.059507,0.997772,-0.579346,0.839081,0.955986
704,5.866667,0.043986,-0.298379,-0.044941,-0.952374,-0.872987,1.009584,0.099222,0.039957,0.008683,0.108520,-0.993253,-0.459027,0.788897,0.041549,0.032120,0.002156,0.060243,0.997665,-0.576783,0.837222,0.956928
705,5.875000,0.046501,-0.311912,-0.048753,-0.947719,-0.869962,1.009351,0.103253,0.039982,0.008684,0.108439,-0.993261,-0.459016,0.788914,0.041531,0.034046,0.002016,0.060680,0.997574,-0.574221,0.835468,0.957681
706,5.883333,0.048695,-0.327782,-0.052279,-0.942048,-0.866886,1.008912,0.107340,0.040055,0.008696,0.108362,-0.993266,-0.459008,0.788942,0.041518,0.036227,0.002117,0.061489,0.997448,-0.571690,0.833750,0.958437
707,5.891667,0.049701,-0.342282,-0.055258,-0.936653,-0.863358,1.008299,0.111820,0.040437,0.008735,0.108244,-0.993263,-0.459008,0.788977,0.041496,0.037610,0.001724,0.062019,0.997365,-0.569290,0.832051,0.959099
708,5.900000,0.052405,-0.356176,-0.059777,-0.931031,-0.859707,1.007896,0.116473,0.040786,0.008838,0.108153,-0.993258,-0.459002,0.789008,0.041465,0.039658,0.001476,0.063253,0.997208,-0.567147,0.830243,0.959953
709,5.908333,0.051823,-0.370056,-0.062134,-0.925479,-0.855076,1.007808,0.121729,0.041157,0.008887,0.108088,-0.993249,-0.458999,0.789064,0.041469,0.041228,0.000353,0.064201,0.997085,-0.564890,0.828639,0.960656
710,5.916667,0.048003,-0.384857,-0.065043,-0.919429,-0.849847,1.007400,0.127107,0.041929,0.009063,0.107919,-0.993234,-0.458994,0.789097,0.041415,0.041483,-0.001237,0.065189,0.997010,-0.562538,0.826931,0.960903
711,5.925000,0.044093,-0.402692,-0.068839,-0.911678,-0.844431,1.007394,0.132990,0.042633,0.009150,0.107848,-0.993211,-0.458979,0.789148,0.041392,0.042763,-0.002223,0.066377,0.996875,-0.560333,0.825234,0.961413
712,5.933333,0.041078,-0.421843,-0.069823,-0.903043,-0.838260,1.006499,0.138186,0.043252,0.009177,0.107710,-0.993199,-0.458946,0.789208,0.041377,0.044373,-0.002665,0.068096,0.996688,-0.557966,0.823656,0.961716
713,5.941667,0.040577,-0.434856,-0.072221,-0.896682,-0.832004,1.005647,0.143313,0.044014,0.009215,0.107592,-0.993178,-0.458947,0.789246,0.041367,0.044193,-0.005027,0.068791,0.996639,-0.555939,0.822077,0.961885
714,5.950000,0.040230,-0.446403,-0.075312,-0.890749,-0.825515,1.005046,0.148929,0.044565,0.009235,0.107583,-0.993154,-0.458945,0.789299,0.041365,0.045145,-0.005921,0.069844,0.996518,-0.553735,0.820492,0.962130
715,5.958333,0.040217,-0.453706,-0.080870,-0.886563,-0.818306,1.004564,0.154895,0.045030,0.008906,0.107172,-0.993180,-0.458965,0.789275,0.041428,0.045531,-0.007604,0.070350,0.996454,-0.551530,0.819034,0.962100
716,5.966667,0.037728,-0.460339,-0.087085,-0.882656,-0.810375,1.004037,0.160791,0.046029,0.008912,0.107079,-0.993145,-0.458961,0.789332,0.041448,0.046491,-0.009414,0.071140,0.996338,-0.549406,0.817668,0.962127
717,5.975000,0.036521,-0.470795,-0.101441,-0.875630,-0.803983,1.003981,0.166329,0.047254,0.008949,0.106971,-0.993098,-0.458971,0.789384,0.041442,0.048465,-0.010354,0.071943,0.996177,-0.547231,0.816189,0.962379
718,5.983333,0.048490,-0.470929,-0.121649,-0.872397,-0.796715,1.004054,0.171987,0.048167,0.009108,0.106946,-0.993056,-0.458986,0.789453,0.041439,0.049036,-0.011472,0.072098,0.996125,-0.545159,0.814830,0.962287
719,5.991667,0.050692,-0.468673,-0.137393,-0.871148,-0.788284,1.004338,0.178359,0.048760,0.009326,0.106967,-0.993022,-0.459006,0.789537,0.041415,0.054416,-0.012731,0.073990,0.995692,-0.543563,0.813496,0.963446
720,6.000000,0.052785,-0.464820,-0.150903,-0.870853,-0.779098,1.004419,0.184751,0.049392,0.009578,0.106977,-0.992988,-0.459020,0.789618,0.041394,0.056046,-0.015198,0.074524,0.995527,-0.541821,0.812553,0.963759
721,6.008333,0.046875,-0.460830,-0.158561,-0.871950,-0.769039,1.004569,0.191212,0.049954,0.009736,0.106938,-0.992962,-0.459045,0.789688,0.041384,0.055329,-0.015502,0.074329,0.995577,-0.540036,0.811136,0.963508
722,6.016667,0.051720,-0.461408,-0.160529,-0.871010,-0.758128,1.004112,0.197944,0.050534,0.009868,0.106971,-0.992928,-0.459057,0.789767,0.041387,0.056013,-0.014840,0.074602,0.995529,-0.538233,0.809906,0.963392
723,6.025000,0.032494,-0.458822,-0.151085,-0.874986,-0.745996,1.003418,0.205088,0.051000,0.009712,0.106671,-0.992938,-0.459083,0.789801,0.041426,0.055620,-0.017093,0.073769,0.995576,-0.536157,0.808663,0.962742
724,6.033333,0.033288,-0.460668,-0.147993,-0.874514,-0.735961,1.002497,0.211158,0.051528,0.009397,0.106489,-0.992933,-0.459090,0.789837,0.041499,0.056743,-0.017075,0.073099,0.995563,-0.534441,0.807483,0.962768
725,6.041667,0.030664,-0.456617,-0.146316,-0.877014,-0.725795,1.001030,0.217544,0.051879,0.009438,0.106470,-0.992917,-0.459109,0.789890,0.041508,0.053441,-0.015930,0.071799,0.995859,-0.532585,0.806080,0.961512
726,6.050000,0.029732,-0.456412,-0.142377,-0.877800,-0.715479,0.999573,0.223645,0.051944,0.009392,0.106552,-0.992905,-0.459126,0.789938,0.041521,0.055661,-0.015144,0.069550,0.995909,-0.529672,0.804523,0.961175
727,6.058333,0.031736,-0.456240,-0.139391,-0.878299,-0.705016,0.997852,0.229610,0.052098,0.009407,0.106573,-0.992895,-0.459136,0.789977,0.041542,0.054588,-0.017655,0.067831,0.996046,-0.527963,0.803380,0.960786
728,6.066667,0.014496,-0.446030,-0.124844,-0.886150,-0.692556,0.995635,0.236402,0.052065,0.009311,0.106550,-0.992900,-0.459150,0.790014,0.041568,0.053813,-0.018294,0.066790,0.996147,-0.526237,0.802203,0.960435
729,6.075000,0.007717,-0.445613,-0.113710,-0.887941,-0.680899,0.993414,0.242527,0.052429,0.010001,0.106453,-0.992884,-0.459144,0.790014,0.041608,0.047537,-0.016099,0.065729,0.996575,-0.524217,0.801317,0.959321
730,6.083333,0.010813,-0.444315,-0.107245,-0.889363,-0.669927,0.991991,0.248658,0.052609,0.009714,0.106661,-0.992855,-0.459149,0.790032,0.041637,0.048426,-0.016923,0.064569,0.996594,-0.522528,0.800385,0.959386
731,6.091667,0.018389,-0.442822,-0.103546,-0.890421,-0.658326,0.990134,0.254396,0.052239,0.009475,0.106662,-0.992877,-0.459144,0.790075,0.041645,0.047109,-0.016011,0.064821,0.996656,-0.520717,0.799956,0.959113
732,6.100000,0.022679,-0.438480,-0.098848,-0.893000,-0.647125,0.988156,0.259953,0.051614,0.009479,0.106535,-0.992923,-0.459211,0.790157,0.041605,0.048491,-0.017357,0.063460,0.996655,-0.519431,0.798963,0.959274
733,6.108333,0.024771,-0.434718,-0.094342,-0.895269,-0.636094,0.986593,0.265573,0.051772,0.009832,0.106909,-0.992871,-0.459132,0.790191,0.041529,0.049219,-0.018310,0.063300,0.996612,-0.517773,0.798067,0.959379
734,6.116667,0.028086,-0.431447,-0.090422,-0.897156,-0.624994,0.985354,0.271154,0.052302,0.009589,0.106838,-0.992854,-0.459147,0.790216,0.041498,0.050858,-0.019110,0.061760,0.996611,-0.516392,0.797233,0.959721
735,6.125000,0.030396,-0.427740,-0.087239,-0.899169,-0.614154,0.984212,0.276636,0.051247,0.009613,0.106949,-0.992896,-0.459114,0.790218,0.041559,0.051263,-0.019848,0.060598,0.996647,-0.514775,0.796366,0.959838
736,6.133333,0.032067,-0.424368,-0.083395,-0.901071,-0.603451,0.983044,0.281895,0.051508,0.009680,0.106848,-0.992893,-0.459120,0.790176,0.041558,0.053673,-0.021300,0.058256,0.996630,-0.513358,0.795514,0.960045
737,6.141667,0.032430,-0.418733,-0.082706,-0.903754,-0.592794,0.981411,0.286381,0.051032,0.009494,0.107124,-0.992890,-0.459125,0.790170,0.041534,0.055452,-0.022786,0.056593,0.996596,-0.511898,0.794651,0.960176
738,6.150000,0.034162,-0.414450,-0.079774,-0.905925,-0.582389,0.980330,0.291122,0.050926,0.010616,0.107936,-0.992796,-0.458898,0.790193,0.041690,0.057054,-0.023839,0.054570,0.996594,-0.510440,0.793840,0.960359
739,6.158333,0.037751,-0.404013,-0.073319,-0.911028,-0.570554,0.978570,0.296370,0.049330,0.011186,0.108049,-0.992858,-0.458824,0.790239,0.041675,0.057464,-0.024996,0.052706,0.996642,-0.509071,0.792950,0.960377
740,6.166667,0.037371,-0.399206,-0.069805,-0.913436,-0.559776,0.977856,0.301044,0.048269,0.011660,0.107537,-0.992960,-0.458841,0.790241,0.041601,0.059752,-0.023414,0.049779,0.996696,-0.507452,0.792216,0.961088
741,6.175000,0.037078,-0.394871,-0.068153,-0.915455,-0.548984,0.977378,0.305559,0.047082,0.012204,0.107354,-0.993030,-0.458830,0.790212,0.041619,0.057939,-0.025112,0.046468,0.996922,-0.505400,0.791393,0.960533
742,6.183333,0.034978,-0.391298,-0.066233,-0.917211,-0.538284,0.976945,0.309856,0.046327,0.012012,0.107393,-0.993064,-0.458774,0.790111,0.041670,0.058228,-0.026559,0.044219,0.996970,-0.503931,0.790607,0.960621
743,6.191667,0.034638,-0.386978,-0.065765,-0.919088,-0.527551,0.976678,0.313994,0.045030,0.011478,0.107568,-0.993111,-0.458760,0.789920,0.041731,0.062798,-0.028112,0.041531,0.996765,-0.502502,0.789615,0.961351
744,6.200000,0.032240,-0.382909,-0.063795,-0.921017,-0.517069,0.976248,0.317779,0.044082,0.010499,0.107672,-0.993153,-0.458828,0.789657,0.041731,0.063700,-0.030046,0.039514,0.996734,-0.501039,0.788605,0.961505
745,6.208333,0.029755,-0.378264,-0.061966,-0.923142,-0.506531,0.975908,0.321391,0.042914,0.009827,0.107764,-0.993201,-0.458904,0.789403,0.041728,0.066814,-0.030866,0.036951,0.996603,-0.499795,0.787712,0.962211
746,6.216667,0.025521,-0.374286,-0.058995,-0.925083,-0.496089,0.975899,0.324832,0.040648,0.009794,0.107967,-0.993275,-0.458911,0.789177,0.041764,0.061999,-0.030999,0.036614,0.996923,-0.498351,0.787138,0.961657
747,6.225000,0.026282,-0.368517,-0.058823,-0.927386,-0.485351,0.975270,0.328004,0.038176,0.009811,0.108067,-0.993362,-0.458908,0.788902,0.041826,0.068931,-0.035748,0.035209,0.996359,-0.496950,0.786765,0.963488
748,6.233333,0.025628,-0.363808,-0.057124,-0.929367,-0.474820,0.974922,0.331033,0.034811,0.009036,0.108118,-0.993487,-0.458844,0.788617,0.041857,0.069887,-0.034820,0.032978,0.996401,-0.495598,0.785708,0.964339
749,6.241667,0.023571,-0.358594,-0.055601,-0.931538,-0.464309,0.974611,0.333927,0.031825,0.008533,0.108469,-0.993554,-0.458764,0.788320,0.041837,0.069584,-0.037648,0.031159,0.996378,-0.494210,0.784834,0.964472
750,6.250000,0.021993,-0.354660,-0.052882,-0.933239,-0.453431,0.973879,0.336604,0.028323,0.007172,0.108113,-0.993709,-0.458724,0.787887,0.041949,0.048999,-0.034586,0.032928,0.997657,-0.493242,0.783418,0.959507
751,6.258333,0.018535,-0.349446,-0.049810,-0.935448,-0.443073,0.973599,0.339302,0.027473,0.006084,0.107657,-0.993790,-0.458710,0.787313,0.041949,0.047454,-0.035403,0.031355,0.997753,-0.491897,0.782814,0.959518
752,6.266667,0.019232,-0.343361,-0.049712,-0.937690,-0.432623,0.972734,0.341671,0.023529,0.004889,0.108311,-0.993827,-0.458671,0.787156,0.041863,0.048815,-0.037184,0.029241,0.997687,-0.490478,0.781904,0.959960
753,6.275000,0.019309,-0.336462,-0.047883,-0.940281,-0.422245,0.971769,0.343859,0.020562,0.004195,0.108714,-0.993852,-0.458699,0.786929,0.041703,0.049917,-0.039011,0.026844,0.997630,-0.489126,0.781178,0.960378
754,6.283333,0.025063,-0.327972,-0.048710,-0.943098,-0.412912,0.970505,0.345226,0.017807,0.003474,0.109228,-0.993851,-0.458659,0.786705,0.041737,0.049626,-0.039973,0.024963,0.997655,-0.487874,0.780488,0.960622
755,6.291667,0.026446,-0.321053,-0.047318,-0.945509,-0.402749,0.969775,0.347106,0.012839,0.002157,0.109855,-0.993862,-0.458587,0.786482,0.041772,0.049146,-0.041400,0.022670,0.997676,-0.486515,0.779920,0.960708
756,6.300000,0.026072,-0.314958,-0.044909,-0.947684,-0.392600,0.968947,0.348987,0.009145,0.001269,0.110250,-0.993861,-0.458566,0.786259,0.041902,0.049054,-0.042721,0.020889,0.997663,-0.485531,0.779354,0.960827
757,6.308333,0.027317,-0.308211,-0.043251,-0.949942,-0.382508,0.967900,0.350644,0.005148,0.000399,0.110936,-0.993814,-0.458468,0.786008,0.042060,0.049079,-0.043478,0.018393,0.997679,-0.484034,0.778818,0.961083
758,6.316667,0.028017,-0.301400,-0.040211,-0.952237,-0.372719,0.966762,0.352156,0.004285,0.000647,0.110832,-0.993830,-0.458482,0.785668,0.041992,0.049413,-0.045237,0.016327,0.997620,-0.482886,0.778318,0.961368
759,6.325000,0.029506,-0.295932,-0.037725,-0.954008,-0.362875,0.965718,0.353491,-0.001293,0.000033,0.112637,-0.993635,-0.458301,0.785563,0.042287,0.049920,-0.046312,0.013447,0.997588,-0.481353,0.777952,0.961735
760,6.333333,0.029890,-0.291049,-0.034588,-0.955615,-0.353233,0.964413,0.354799,-0.004623,-0.000094,0.113672,-0.993508,-0.458151,0.785269,0.042437,0.049737,-0.047236,0.011249,0.997581,-0.480112,0.777680,0.961875
761,6.341667,0.030110,-0.285503,-0.030934,-0.957405,-0.343693,0.963171,0.356072,-0.008033,-0.000350,0.114409,-0.993401,-0.458042,0.784938,0.042587,0.050049,-0.048525,0.009431,0.997523,-0.479121,0.777408,0.962062
762,6.350000,0.032272,-0.279977,-0.028410,-0.959044,-0.334144,0.961786,0.357350,-0.016086,-0.002392,0.116532,-0.993054,-0.457816,0.784872,0.042849,0.051030,-0.049923,0.007123,0.997423,-0.477735,0.777129,0.962315
763,6.358333,0.033294,-0.274454,-0.024727,-0.960706,-0.324751,0.960208,0.358560,-0.019524,-0.002346,0.117453,-0.992884,-0.457699,0.784609,0.043017,0.050112,-0.050240,0.005583,0.997464,-0.476643,0.777004,0.962325
764,6.366667,0.031313,-0.270007,-0.020323,-0.962135,-0.315339,0.958863,0.360053,-0.022015,-0.001783,0.118536,-0.992704,-0.457580,0.784393,0.043137,0.049430,-0.050449,0.003747,0.997496,-0.475478,0.777081,0.962383
765,6.375000,0.029593,-0.266882,-0.015890,-0.963144,-0.306187,0.957877,0.361399,-0.024222,-0.001449,0.119613,-0.992524,-0.457402,0.784079,0.043340,0.048304,-0.051241,0.001901,0.997516,-0.474132,0.777221,0.962331
766,6.383333,0.032197,-0.262324,-0.012309,-0.964364,-0.297446,0.956337,0.362345,-0.025069,-0.001117,0.119992,-0.992458,-0.457292,0.783724,0.043483,0.048252,-0.052864,0.000594,0.997435,-0.473127,0.777261,0.962409
767,6.391667,0.034358,-0.257593,-0.008844,-0.965602,-0.289216,0.954719,0.363020,-0.027282,-0.001228,0.120675,-0.992316,-0.457225,0.783508,0.043690,0.049777,-0.056658,-0.001710,0.997151,-0.471818,0.777219,0.963087
768,6.400000,0.037020,-0.253485,-0.005495,-0.966615,-0.281004,0.952969,0.363624,-0.029409,-0.001055,0.121679,-0.992133,-0.457132,0.783350,0.043876,0.049451,-0.058557,-0.003665,0.997052,-0.470367,0.777364,0.963423
769,6.408333,0.040322,-0.249346,-0.001975,-0.967573,-0.272965,0.951253,0.364097,-0.031756,-0.000731,0.122977,-0.991901,-0.456993,0.783244,0.044047,0.049147,-0.059507,-0.004465,0.997007,-0.469341,0.777546,0.963431
770,6.416667,0.043440,-0.246081,0.001262,-0.968275,-0.265247,0.949525,0.364364,-0.034632,-0.001473,0.123974,-0.991680,-0.456872,0.783128,0.044254,0.048987,-0.061601,-0.005596,0.996882,-0.468220,0.777742,0.963667
771,6.425000,0.047150,-0.243487,0.002961,-0.968753,-0.257526,0.947951,0.364642,-0.036943,-0.001566,0.125213,-0.991441,-0.456732,0.783020,0.044441,0.048962,-0.062456,-0.006486,0.996825,-0.466952,0.777981,0.963708
772,6.433333,0.052114,-0.242408,0.005954,-0.968756,-0.250024,0.946413,0.364914,-0.038776,-0.002769,0.125836,-0.991289,-0.456677,0.783005,0.044533,0.048442,-0.063383,-0.007292,0.996786,-0.465828,0.778344,0.963730
773,6.441667,0.056494,-0.241371,0.008700,-0.968748,-0.242829,0.944943,0.364853,-0.041515,-0.003019,0.126649,-0.991074,-0.456553,0.782852,0.044770,0.064172,-0.077888,-0.009426,0.994850,-0.465058,0.778293,0.967467
774,6.450000,0.059476,-0.241145,0.014223,-0.968560,-0.236100,0.943921,0.364614,-0.045278,-0.005485,0.127016,-0.990852,-0.456395,0.782746,0.044845,0.064417,-0.079249,-0.009906,0.994722,-0.464097,0.778535,0.967697
775,6.458333,0.064364,-0.240567,0.016888,-0.968349,-0.229296,0.942651,0.364369,-0.048014,-0.006102,0.127828,-0.990615,-0.456305,0.782717,0.045061,0.065821,-0.081046,-0.010508,0.994479,-0.462929,0.778700,0.967998
776,6.466667,0.069916,-0.239863,0.018013,-0.968118,-0.222633,0.941422,0.364075,-0.048887,-0.005972,0.128090,-0.990539,-0.456311,0.782611,0.045101,0.065447,-0.081981,-0.010920,0.994423,-0.461955,0.778986,0.968089
777,6.475000,0.076965,-0.238868,0.018960,-0.967812,-0.216110,0.940360,0.363706,-0.050650,-0.006430,0.128462,-0.990399,-0.456285,0.782597,0.045232,0.065598,-0.082790,-0.011508,0.994339,-0.460954,0.779334,0.968371
778,6.483333,0.082306,-0.238217,0.020233,-0.967507,-0.209865,0.939465,0.363195,-0.051656,-0.006570,0.128699,-0.990316,-0.456267,0.782549,0.045287,0.066009,-0.082519,-0.012091,0.994327,-0.460023,0.779700,0.968787
779,6.491667,0.086916,-0.237161,0.022051,-0.967323,-0.203682,0.938521,0.362629,-0.052732,-0.006682,0.128922,-0.990229,-0.456261,0.782495,0.045343,0.066928,-0.082161,-0.013119,0.994283,-0.458890,0.780112,0.969184
780,6.500000,0.090100,-0.236853,0.023669,-0.967069,-0.197842,0.937579,0.361857,-0.053552,-0.006746,0.129081,-0.990164,-0.456273,0.782446,0.045376,0.067740,-0.086296,-0.013301,0.993875,-0.458098,0.780392,0.969330
781,6.508333,0.093062,-0.235554,0.025016,-0.967072,-0.192156,0.936791,0.360944,-0.054071,-0.006643,0.129134,-0.990130,-0.456270,0.782358,0.045471,0.068119,-0.086560,-0.013789,0.993819,-0.457222,0.780752,0.969598
782,6.516667,0.095042,-0.234999,0.027058,-0.966959,-0.186674,0.936255,0.359951,-0.054850,-0.006915,0.128976,-0.990106,-0.456259,0.782236,0.045519,0.069044,-0.087068,-0.014265,0.993705,-0.456383,0.781038,0.969875
783,6.525000,0.096864,-0.233096,0.029464,-0.967169,-0.181132,0.935832,0.359150,-0.054549,-0.006807,0.128728,-0.990155,-0.456321,0.782167,0.045553,0.070351,-0.088946,-0.014714,0.993440,-0.455496,0.781331,0.970092
784,6.533333,0.098881,-0.231554,0.030701,-0.967297,-0.175824,0.935561,0.358188,-0.054888,-0.006807,0.128557,-0.990159,-0.456380,0.782188,0.045505,0.070182,-0.088561,-0.014837,0.993484,-0.454700,0.781744,0.970190
785,6.541667,0.099930,-0.229501,0.033244,-0.967594,-0.170598,0.935447,0.357073,-0.055102,-0.006944,0.128216,-0.990190,-0.456437,0.782181,0.045472,0.070548,-0.088337,-0.015087,0.993475,-0.453909,0.782124,0.970269
786,6.550000,0.100923,-0.226435,0.035418,-0.968136,-0.165504,0.935240,0.355913,-0.055073,-0.007010,0.127992,-0.990220,-0.456489,0.782183,0.045433,0.070950,-0.088259,-0.015218,0.993451,-0.453230,0.782327,0.970304
787,6.558333,0.101197,-0.223989,0.037127,-0.968612,-0.160642,0.935049,0.354555,-0.054703,-0.006792,0.127863,-0.990259,-0.456527,0.782203,0.045388,0.070366,-0.088376,-0.015507,0.993478,-0.452468,0.782550,0.970097
788,6.566667,0.100427,-0.221008,0.038553,-0.969321,-0.155851,0.935004,0.353262,-0.054793,-0.007030,0.127724,-0.990270,-0.456562,0.782242,0.045311,0.070111,-0.087958,-0.015511,0.993533,-0.451668,0.782872,0.970001
789,6.575000,0.100459,-0.217740,0.040020,-0.969998,-0.151178,0.935160,0.351741,-0.055170,-0.007373,0.127653,-0.990256,-0.456655,0.782510,0.045128,0.072548,-0.089017,-0.015530,0.993263,-0.451066,0.782958,0.970044
790,6.583333,0.100033,-0.215096,0.040640,-0.970606,-0.146557,0.935273,0.350361,-0.053155,-0.006264,0.127587,-0.990382,-0.456685,0.782614,0.045015,0.073160,-0.088772,-0.015433,0.993242,-0.450500,0.783134,0.969891
791,6.591667,0.100145,-0.211749,0.040169,-0.971349,-0.142125,0.935523,0.348788,-0.051851,-0.006169,0.127496,-0.990464,-0.456715,0.782702,0.044914,0.073238,-0.088073,-0.015501,0.993297,-0.449840,0.783436,0.969701
792,6.600000,0.099993,-0.208433,0.039492,-0.972110,-0.137778,0.935898,0.347136,-0.050758,-0.006100,0.127637,-0.990502,-0.456692,0.782750,0.044869,0.073277,-0.087506,-0.015285,0.993348,-0.449312,0.783658,0.969507
793,6.608333,0.099943,-0.205426,0.038061,-0.972812,-0.133528,0.936541,0.345403,-0.049072,-0.005909,0.127550,-0.990600,-0.456677,0.782733,0.044794,0.072566,-0.087511,-0.015130,0.993402,-0.448692,0.783856,0.969169
794,6.616667,0.100344,-0.202289,0.035920,-0.973509,-0.129615,0.937140,0.343614,-0.047244,-0.005010,0.127507,-0.990699,-0.456697,0.782790,0.044725,0.074089,-0.088119,-0.014782,0.993241,-0.448202,0.784023,0.969050
795,6.625000,0.103532,-0.197675,0.032427,-0.974246,-0.125674,0.938123,0.341923,-0.045994,-0.004485,0.127521,-0.990759,-0.456735,0.782930,0.044586,0.074656,-0.088040,-0.014806,0.993205,-0.447668,0.784253,0.968738
796,6.633333,0.104479,-0.193549,0.029803,-0.975056,-0.122050,0.939014,0.339921,-0.043032,-0.003257,0.127548,-0.990893,-0.456839,0.783152,0.044352,0.074386,-0.087533,-0.014599,0.993273,-0.447262,0.784470,0.968388
797,6.641667,0.104394,-0.190865,0.027403,-0.975665,-0.118427,0.939912,0.337908,-0.042363,-0.003031,0.127791,-0.990891,-0.456855,0.783294,0.044212,0.074312,-0.086208,-0.014327,0.993399,-0.446793,0.784779,0.967988
798,6.650000,0.098205,-0.190635,0.027473,-0.976350,-0.114702,0.940496,0.335553,-0.041491,-0.002673,0.127872,-0.990919,-0.456851,0.783349,0.044154,0.073488,-0.086334,-0.013856,0.993456,-0.446364,0.784955,0.967604
799,6.658333,0.098052,-0.188200,0.025153,-0.976900,-0.111213,0.941354,0.333240,-0.040747,-0.003105,0.127402,-0.991009,-0.456933,0.783393,0.044064,0.073071,-0.086498,-0.014041,0.993470,-0.445775,0.785275,0.967131
800,6.666667,0.096704,-0.185309,0.023585,-0.977626,-0.107797,0.942327,0.331010,-0.040592,-0.003425,0.127100,-0.991053,-0.456964,0.783460,0.043983,0.072724,-0.087322,-0.013971,0.993424,-0.445392,0.785307,0.966773
801,6.675000,0.095265,-0.182929,0.021490,-0.978264,-0.104584,0.943331,0.328733,-0.040529,-0.003496,0.126956,-0.991074,-0.456979,0.783508,0.043912,0.070747,-0.083788,-0.012725,0.993888,-0.445105,0.785810,0.966114
802,6.683333,0.094107,-0.181080,0.019357,-0.978764,-0.101428,0.944418,0.326357,-0.041313,-0.003849,0.127505,-0.990970,-0.456859,0.783365,0.044040,0.071352,-0.084070,-0.012471,0.993824,-0.444673,0.785941,0.965783
803,6.691667,0.094311,-0.178065,0.017472,-0.979333,-0.098372,0.945592,0.324009,-0.041317,-0.003035,0.127874,-0.990925,-0.456828,0.783377,0.044041,0.071777,-0.085055,-0.012934,0.993703,-0.444165,0.785966,0.965764
804,6.700000,0.093278,-0.175987,0.014650,-0.979854,-0.095540,0.946751,0.321542,-0.040764,-0.002794,0.128023,-0.990929,-0.456804,0.783389,0.044026,0.070715,-0.086054,-0.013180,0.993690,-0.443775,0.786129,0.965617
805,6.708333,0.094919,-0.172935,0.012675,-0.980267,-0.092627,0.948043,0.319248,-0.040619,-0.002797,0.127996,-0.990939,-0.456791,0.783373,0.044033,0.068898,-0.085368,-0.012421,0.993887,-0.443402,0.786420,0.965217
806,6.716667,0.093880,-0.170585,0.009895,-0.980811,-0.089978,0.949325,0.316852,-0.040275,-0.002796,0.127970,-0.990956,-0.456819,0.783406,0.043990,0.070423,-0.081325,-0.013425,0.994106,-0.442358,0.786869,0.966221
807,6.725000,0.094677,-0.168281,0.006803,-0.981158,-0.087567,0.950681,0.314324,-0.039673,-0.002626,0.127941,-0.990985,-0.456907,0.783464,0.043903,0.069868,-0.081098,-0.013240,0.994166,-0.441876,0.787081,0.966097
808,6.733333,0.095220,-0.164549,0.003437,-0.981756,-0.085246,0.951960,0.311814,-0.039129,-0.002637,0.127884,-0.991013,-0.456942,0.783522,0.043840,0.069392,-0.080420,-0.013138,0.994256,-0.441246,0.787394,0.965864
809,6.741667,0.092317,-0.164493,0.002044,-0.982046,-0.082560,0.953079,0.309494,-0.038666,-0.002580,0.127914,-0.991028,-0.456954,0.783570,0.043806,0.068929,-0.081248,-0.012612,0.994228,-0.440701,0.787499,0.965586
810,6.750000,0.092219,-0.162511,-0.000680,-0.982388,-0.080294,0.954379,0.307055,-0.038305,-0.002557,0.127926,-0.991040,-0.456950,0.783608,0.043797,0.069154,-0.081238,-0.012784,0.994211,-0.440064,0.787650,0.965632
811,6.758333,0.090640,-0.160278,-0.003618,-0.982895,-0.078097,0.955635,0.304594,-0.037766,-0.002290,0.128191,-0.991028,-0.456912,0.783664,0.043792,0.069354,-0.081170,-0.012669,0.994204,-0.439512,0.787745,0.965542
812,6.766667,0.089757,-0.158530,-0.006735,-0.983243,-0.075981,0.956926,0.302057,-0.037168,-0.002232,0.128264,-0.991041,-0.456913,0.783718,0.043766,0.069458,-0.080729,-0.012858,0.994230,-0.438868,0.787818,0.965386
813,6.775000,0.088950,-0.157710,-0.009667,-0.983424,-0.073946,0.958347,0.299516,-0.036412,-0.002327,0.128130,-0.991086,-0.456966,0.783765,0.043720,0.069515,-0.081722,-0.012930,0.994144,-0.438266,0.787764,0.965119
814,6.783333,0.088608,-0.156176,-0.012588,-0.983666,-0.071921,0.959749,0.297036,-0.035551,-0.002212,0.128045,-0.991129,-0.456997,0.783832,0.043663,0.070580,-0.082536,-0.013045,0.994000,-0.437632,0.787809,0.965171
815,6.791667,0.088718,-0.154624,-0.015726,-0.983856,-0.070012,0.961138,0.294548,-0.034933,-0.002067,0.128045,-0.991151,-0.457016,0.783895,0.043615,0.070574,-0.082533,-0.012832,0.994003,-0.437003,0.787892,0.964814
816,6.800000,0.088240,-0.153087,-0.018542,-0.984091,-0.068155,0.962531,0.292139,-0.033981,-0.002167,0.127918,-0.991200,-0.457015,0.783893,0.043622,0.070722,-0.082445,-0.012741,0.994002,-0.436470,0.787964,0.964600
817,6.808333,0.086971,-0.151905,-0.021120,-0.984335,-0.066428,0.963851,0.289708,-0.032999,-0.001915,0.127854,-0.991242,-0.457029,0.783908,0.043614,0.071378,-0.082734,-0.013079,0.993926,-0.435758,0.788094,0.964560
818,6.816667,0.085832,-0.151414,-0.023786,-0.984450,-0.064714,0.965248,0.287347,-0.032184,-0.001874,0.127734,-0.991284,-0.457056,0.783918,0.043590,0.071178,-0.081728,-0.012975,0.994025,-0.435113,0.788294,0.964409
819,6.825000,0.085046,-0.150048,-0.026421,-0.984660,-0.063089,0.966601,0.284986,-0.031162,-0.001699,0.127676,-0.991325,-0.457072,0.783936,0.043575,0.070521,-0.081399,-0.012840,0.994101,-0.434492,0.788487,0.964062
820,6.833333,0.083625,-0.148770,-0.028635,-0.984914,-0.061550,0.967854,0.282613,-0.032349,-0.003026,0.127540,-0.991301,-0.457080,0.784046,0.043587,0.054941,-0.071448,-0.011507,0.995864,-0.433656,0.788716,0.959862
821,6.841667,0.082670,-0.147516,-0.030817,-0.985117,-0.060012,0.969132,0.280313,-0.032072,-0.003099,0.127508,-0.991314,-0.457105,0.784099,0.043561,0.055048,-0.071214,-0.011755,0.995872,-0.433095,0.788841,0.959687
822,6.850000,0.080618,-0.146398,-0.032997,-0.985383,-0.058522,0.970361,0.277948,-0.031781,-0.003115,0.127495,-0.991325,-0.457131,0.784156,0.043505,0.055039,-0.070803,-0.012204,0.995896,-0.432436,0.788999,0.959519
823,6.858333,0.079154,-0.145509,-0.034723,-0.985574,-0.057012,0.971559,0.275656,-0.031171,-0.002844,0.127612,-0.991330,-0.457146,0.784200,0.043461,0.055629,-0.071414,-0.012819,0.995812,-0.431722,0.789054,0.959417
824,6.866667,0.078219,-0.144671,-0.035800,-0.985733,-0.055574,0.972830,0.273397,-0.030776,-0.002693,0.127654,-0.991338,-0.457175,0.784247,0.043404,0.054952,-0.070653,-0.013383,0.995896,-0.431004,0.789298,0.959184
825,6.875000,0.077571,-0.144068,-0.037462,-0.985811,-0.054243,0.973833,0.271070,-0.030648,-0.002537,0.127801,-0.991323,-0.457183,0.784294,0.043358,0.054547,-0.070306,-0.013889,0.995936,-0.430353,0.789467,0.958972
826,6.883333,0.075725,-0.143700,-0.038697,-0.985961,-0.052870,0.974847,0.268778,-0.030739,-0.002266,0.127997,-0.991295,-0.457197,0.784344,0.043304,0.054915,-0.070975,-0.014657,0.995858,-0.429681,0.789468,0.958881
827,6.891667,0.074480,-0.142767,-0.039276,-0.986168,-0.051458,0.975866,0.266455,-0.031094,-0.001790,0.128377,-0.991236,-0.457178,0.784436,0.043241,0.054668,-0.071626,-0.014871,0.995821,-0.429099,0.789608,0.958595
828,6.900000,0.072462,-0.142423,-0.039753,-0.986349,-0.049983,0.976928,0.264220,-0.030963,-0.001604,0.128597,-0.991212,-0.457194,0.784487,0.043185,0.053806,-0.071637,-0.015586,0.995856,-0.428303,0.789780,0.958287
829,6.908333,0.071031,-0.141808,-0.040364,-0.986517,-0.048630,0.977686,0.261697,-0.030925,-0.001575,0.128626,-0.991210,-0.457202,0.784517,0.043155,0.054049,-0.072288,-0.015997,0.995790,-0.427727,0.789847,0.958160
830,6.916667,0.069890,-0.141056,-0.040863,-0.986686,-0.047151,0.978520,0.259331,-0.030710,-0.001602,0.128608,-0.991219,-0.457208,0.784545,0.043114,0.056934,-0.074880,-0.017319,0.995415,-0.427278,0.789794,0.958443
831,6.925000,0.069369,-0.139876,-0.040808,-0.986893,-0.045597,0.979338,0.256990,-0.030493,-0.001662,0.128562,-0.991231,-0.457211,0.784569,0.043080,0.057696,-0.076646,-0.018537,0.995215,-0.426963,0.789987,0.958654
832,6.933333,0.068564,-0.139859,-0.040834,-0.986950,-0.043999,0.980062,0.254580,-0.030198,-0.001645,0.128598,-0.991236,-0.457204,0.784602,0.043057,0.054309,-0.074473,-0.017941,0.995582,-0.425775,0.790127,0.958005
833,6.941667,0.066307,-0.140636,-0.040270,-0.987017,-0.042336,0.980871,0.252360,-0.029729,-0.001472,0.128785,-0.991226,-0.457194,0.784616,0.043033,0.053393,-0.074482,-0.018145,0.995627,-0.425040,0.790345,0.957797
834,6.950000,0.065724,-0.139637,-0.040124,-0.987204,-0.040616,0.981582,0.250012,-0.029348,-0.001512,0.128823,-0.991232,-0.457184,0.784666,0.042994,0.052436,-0.073059,-0.017362,0.995797,-0.424704,0.790693,0.957604
835,6.958333,0.066572,-0.137504,-0.040349,-0.987438,-0.039000,0.982038,0.247297,-0.029104,-0.001141,0.129212,-0.991189,-0.457102,0.784741,0.042964,0.051924,-0.072352,-0.016992,0.995882,-0.424129,0.790860,0.957562
836,6.966667,0.065936,-0.136860,-0.040064,-0.987581,-0.037157,0.982602,0.244920,-0.028329,-0.001492,0.128964,-0.991243,-0.457137,0.784773,0.042903,0.051330,-0.073767,-0.019012,0.995772,-0.422774,0.790916,0.957280
837,6.975000,0.065958,-0.135470,-0.039868,-0.987779,-0.035299,0.983139,0.242544,-0.027586,-0.001313,0.128790,-0.991287,-0.457200,0.784890,0.042817,0.051184,-0.073953,-0.019246,0.995761,-0.422057,0.791099,0.957171
838,6.983333,0.065983,-0.133479,-0.039574,-0.988061,-0.033360,0.983576,0.240164,-0.025272,-0.001277,0.128428,-0.991396,-0.457251,0.784888,0.042729,0.050257,-0.073686,-0.018929,0.995835,-0.421319,0.791263,0.956929
839,6.991667,0.065213,-0.132519,-0.039217,-0.988255,-0.031414,0.984013,0.237817,-0.023517,-0.000901,0.128169,-0.991473,-0.457264,0.784941,0.042688,0.048170,-0.071892,-0.018832,0.996071,-0.420489,0.791554,0.956547
840,7.000000,0.064847,-0.130874,-0.038934,-0.988510,-0.029387,0.984427,0.235496,-0.022575,-0.000739,0.127943,-0.991524,-0.457266,0.785015,0.042669,0.047688,-0.071761,-0.018559,0.996108,-0.419833,0.791644,0.956356
841,7.008333,0.062878,-0.129687,-0.038399,-0.988814,-0.027238,0.984940,0.233417,-0.021771,-0.000785,0.127658,-0.991579,-0.457329,0.785121,0.042599,0.047237,-0.071438,-0.018236,0.996159,-0.419185,0.791761,0.956009
842,7.016667,0.064001,-0.127532,-0.038592,-0.989015,-0.025207,0.985223,0.230900,-0.020807,-0.000756,0.127394,-0.991634,-0.457379,0.785244,0.042500,0.047303,-0.072301,-0.018144,0.996095,-0.418408,0.791794,0.955679
843,7.025000,0.062682,-0.125183,-0.038330,-0.989409,-0.023028,0.985503,0.228551,-0.019394,-0.000606,0.127224,-0.991684,-0.457429,0.785402,0.042420,0.045344,-0.071158,-0.017796,0.996275,-0.417512,0.791928,0.955394
844,7.033333,0.062805,-0.122959,-0.038298,-0.989682,-0.020811,0.985789,0.226325,-0.017229,0.000209,0.127276,-0.991718,-0.457469,0.785583,0.042345,0.043808,-0.070136,-0.017105,0.996428,-0.416818,0.792016,0.955053
845,7.041667,0.061996,-0.120787,-0.037810,-0.990019,-0.018535,0.986045,0.224068,-0.013864,0.001407,0.127466,-0.991745,-0.457524,0.785813,0.042283,0.045073,-0.071981,-0.016802,0.996246,-0.416194,0.791888,0.954897
846,7.050000,0.061719,-0.118076,-0.037704,-0.990367,-0.016150,0.986223,0.221842,-0.010911,0.001157,0.127517,-0.991776,-0.457606,0.786111,0.042113,0.045442,-0.073442,-0.016745,0.996123,-0.415505,0.791787,0.954545
847,7.058333,0.059533,-0.116117,-0.037360,-0.990746,-0.013863,0.986394,0.219470,-0.010431,0.000990,0.128599,-0.991641,-0.457536,0.786623,0.042101,0.043154,-0.071191,-0.016139,0.996398,-0.414864,0.791971,0.953940
848,7.066667,0.059069,-0.112953,-0.037308,-0.991141,-0.011458,0.986512,0.217278,-0.006578,0.002229,0.128934,-0.991629,-0.457547,0.786965,0.042049,0.039716,-0.068768,-0.015715,0.996718,-0.414074,0.792342,0.953093
849,7.075000,0.059540,-0.109720,-0.037144,-0.991482,-0.008944,0.986655,0.215196,-0.002972,0.003593,0.129099,-0.991621,-0.457557,0.787338,0.041974,0.036787,-0.067675,-0.016031,0.996900,-0.412945,0.792649,0.951850
850,7.083333,0.059752,-0.105843,-0.037668,-0.991871,-0.006512,0.986638,0.212961,0.000498,0.004352,0.129480,-0.991572,-0.457440,0.787663,0.041882,0.038167,-0.070219,-0.015518,0.996680,-0.412327,0.792340,0.951629
851,7.091667,0.059005,-0.102938,-0.037508,-0.992227,-0.003961,0.986623,0.210764,0.007535,0.005369,0.127711,-0.991768,-0.457760,0.787809,0.041543,0.039679,-0.071547,-0.016482,0.996511,-0.411648,0.792037,0.951462
852,7.100000,0.059042,-0.100372,-0.037436,-0.992491,-0.001392,0.986601,0.208581,0.010266,0.005352,0.127379,-0.991787,-0.457857,0.788144,0.041424,0.037487,-0.069999,-0.014592,0.996736,-0.411435,0.791974,0.951106
853,7.108333,0.059117,-0.096811,-0.037673,-0.992831,0.001103,0.986454,0.206320,0.013454,0.005603,0.127394,-0.991745,-0.457884,0.788324,0.041406,0.035802,-0.068285,-0.012756,0.996942,-0.410748,0.791936,0.950202
854,7.116667,0.058296,-0.093829,-0.037638,-0.993167,0.003699,0.986302,0.204229,0.015428,0.005571,0.127315,-0.991727,-0.457895,0.788476,0.041405,0.032220,-0.066677,-0.010726,0.997197,-0.409995,0.791972,0.949178
855,7.125000,0.056115,-0.091629,-0.036926,-0.993525,0.006246,0.986128,0.202042,0.016116,0.005632,0.127393,-0.991706,-0.457894,0.788631,0.041336,0.064944,-0.084289,-0.010410,0.994268,-0.410275,0.791157,0.954329
856,7.133333,0.055973,-0.088461,-0.037159,-0.993811,0.008826,0.985819,0.199929,0.016660,0.005648,0.127274,-0.991712,-0.457894,0.788727,0.041279,0.087512,-0.098093,-0.010428,0.991267,-0.410028,0.789250,0.956909
857,7.141667,0.056014,-0.084914,-0.037109,-0.994120,0.011404,0.985502,0.197875,0.018100,0.005799,0.126995,-0.991721,-0.457900,0.788719,0.041254,0.091522,-0.094883,-0.008637,0.991235,-0.408791,0.788640,0.956828
858,7.150000,0.056659,-0.081573,-0.036994,-0.994368,0.013927,0.985074,0.195803,0.018255,0.005995,0.126922,-0.991727,-0.457909,0.788759,0.041188,0.091106,-0.097405,-0.007826,0.991035,-0.407718,0.788537,0.956115
859,7.158333,0.057299,-0.078674,-0.037368,-0.994551,0.016409,0.984595,0.193722,0.018354,0.005982,0.126680,-0.991756,-0.457915,0.788759,0.041160,0.090256,-0.099114,-0.005931,0.990957,-0.407032,0.788595,0.956052
860,7.166667,0.058349,-0.075292,-0.037788,-0.994735,0.018842,0.984010,0.191684,0.018622,0.006186,0.126624,-0.991757,-0.457917,0.788738,0.041154,0.089322,-0.099838,-0.004494,0.990976,-0.406168,0.788514,0.955755
861,7.175000,0.061365,-0.072732,-0.038260,-0.994726,0.021230,0.983361,0.189655,0.018565,0.006120,0.126582,-0.991764,-0.457898,0.788716,0.041161,0.088341,-0.099479,-0.002888,0.991106,-0.405554,0.788278,0.955418
862,7.183333,0.061350,-0.069556,-0.038058,-0.994962,0.023613,0.982832,0.187566,0.018428,0.006043,0.126530,-0.991773,-0.457896,0.788699,0.041148,0.085897,-0.101648,0.002771,0.991101,-0.406770,0.789365,0.956050
863,7.191667,0.061583,-0.065766,-0.037977,-0.995209,0.025932,0.982256,0.185579,0.018199,0.005999,0.126398,-0.991795,-0.457883,0.788654,0.041164,0.085019,-0.100981,0.001894,0.991247,-0.404429,0.789321,0.955581
864,7.200000,0.064644,-0.063689,-0.038050,-0.995147,0.028116,0.981520,0.183672,0.017167,0.005835,0.126444,-0.991808,-0.457860,0.788629,0.041131,0.085106,-0.103757,0.004772,0.990943,-0.404380,0.789740,0.956098
865,7.208333,0.067190,-0.060306,-0.038142,-0.995185,0.030246,0.980789,0.181855,0.015795,0.005597,0.126534,-0.991821,-0.457830,0.788596,0.041142,0.083062,-0.098422,0.004534,0.991662,-0.403961,0.788635,0.955162
866,7.216667,0.068256,-0.058534,-0.037753,-0.995233,0.032255,0.980083,0.180015,0.014968,0.005320,0.126454,-0.991845,-0.457806,0.788503,0.041165,0.081531,-0.096938,0.005246,0.991932,-0.404563,0.788569,0.956507
867,7.225000,0.071060,-0.055613,-0.037947,-0.995197,0.034133,0.979242,0.178136,0.014087,0.005112,0.126410,-0.991865,-0.457776,0.788415,0.041180,0.080562,-0.095610,0.006107,0.992135,-0.404108,0.788148,0.956374
868,7.233333,0.071655,-0.053219,-0.037231,-0.995313,0.036070,0.978622,0.176286,0.011746,0.004327,0.126581,-0.991877,-0.457722,0.788396,0.041245,0.079152,-0.091948,0.006742,0.992590,-0.403568,0.787701,0.956317
869,7.241667,0.072540,-0.050645,-0.036532,-0.995409,0.037932,0.978011,0.174410,0.010180,0.003881,0.126620,-0.991892,-0.457696,0.788309,0.041274,0.076546,-0.095105,0.004096,0.992512,-0.400189,0.787660,0.954676
870,7.250000,0.073681,-0.048575,-0.035776,-0.995456,0.039698,0.977446,0.172677,0.008951,0.003546,0.126481,-0.991922,-0.457687,0.788186,0.041323,0.074532,-0.094698,0.003660,0.992705,-0.399027,0.787571,0.954273
871,7.258333,0.074971,-0.046004,-0.034974,-0.995510,0.041265,0.976777,0.170901,0.007410,0.003027,0.126562,-0.991926,-0.457661,0.788086,0.041357,0.072792,-0.093062,0.004650,0.992985,-0.398267,0.787822,0.954645
872,7.266667,0.075958,-0.044440,-0.034050,-0.995538,0.042831,0.976223,0.169123,0.006209,0.002608,0.126486,-0.991946,-0.457641,0.787987,0.041378,0.075049,-0.092884,0.005148,0.992831,-0.397744,0.787818,0.955204
873,7.275000,0.075466,-0.044058,-0.033360,-0.995616,0.044263,0.975731,0.167566,0.005587,0.001741,0.126595,-0.991937,-0.457646,0.787880,0.041400,0.075445,-0.092924,0.005168,0.992797,-0.396880,0.787716,0.955301
874,7.283333,0.077122,-0.042300,-0.032421,-0.995596,0.045609,0.975255,0.165936,0.005013,0.001312,0.126627,-0.991937,-0.457649,0.787790,0.041421,0.074507,-0.093004,0.004361,0.992865,-0.395715,0.787494,0.954993
875,7.291667,0.078190,-0.041533,-0.031059,-0.995589,0.046835,0.974843,0.164140,0.004614,0.001171,0.126573,-0.991946,-0.457643,0.787733,0.041453,0.073942,-0.091715,0.003496,0.993030,-0.394961,0.787281,0.955031
876,7.300000,0.076638,-0.040046,-0.030161,-0.995798,0.048006,0.974493,0.162525,0.004299,0.000966,0.126586,-0.991946,-0.457637,0.787717,0.041453,0.071166,-0.092746,0.001329,0.993142,-0.393204,0.787010,0.953921
877,7.308333,0.078131,-0.039133,-0.028873,-0.995756,0.049083,0.974165,0.160882,0.004436,0.000908,0.126620,-0.991941,-0.457628,0.787730,0.041443,0.070054,-0.091430,0.001097,0.993344,-0.392418,0.786986,0.953799
878,7.316667,0.077627,-0.037277,-0.027833,-0.995897,0.050114,0.973922,0.159340,0.004888,0.000875,0.126683,-0.991931,-0.457621,0.787768,0.041437,0.069916,-0.090733,0.000654,0.993418,-0.391721,0.786956,0.953740
879,7.325000,0.077223,-0.037410,-0.026682,-0.995954,0.051032,0.973712,0.157665,0.005455,0.000962,0.126706,-0.991925,-0.457624,0.787816,0.041418,0.070286,-0.091339,-0.000129,0.993336,-0.390984,0.786999,0.953686
880,7.333333,0.076412,-0.037069,-0.025618,-0.996058,0.051856,0.973569,0.155899,0.006239,0.001125,0.126755,-0.991914,-0.457622,0.787882,0.041388,0.070765,-0.091251,-0.000793,0.993310,-0.390236,0.786989,0.953702
881,7.341667,0.074906,-0.036172,-0.024232,-0.996240,0.052757,0.973456,0.154164,0.006966,0.001781,0.126706,-0.991914,-0.457616,0.787972,0.041385,0.070433,-0.090251,-0.001441,0.993424,-0.389440,0.786985,0.953509
882,7.350000,0.073330,-0.035100,-0.022888,-0.996427,0.053604,0.973386,0.152435,0.007653,0.002353,0.126597,-0.991922,-0.457618,0.788063,0.041364,0.069872,-0.090073,-0.002156,0.993479,-0.388534,0.786985,0.953176
883,7.358333,0.071668,-0.034816,-0.021660,-0.996585,0.054408,0.973261,0.150725,0.008297,0.002480,0.126572,-0.991920,-0.457628,0.788137,0.041337,0.068584,-0.088422,-0.003231,0.993714,-0.387586,0.786974,0.952543
884,7.366667,0.070715,-0.035483,-0.020496,-0.996655,0.055177,0.973137,0.148845,0.010376,0.002617,0.126371,-0.991925,-0.457646,0.788138,0.041390,0.068065,-0.087786,-0.003993,0.993803,-0.386826,0.787034,0.952219
885,7.375000,0.067153,-0.035115,-0.019557,-0.996933,0.055954,0.973029,0.147168,0.012232,0.002604,0.126190,-0.991927,-0.457658,0.788129,0.041439,0.067045,-0.087481,-0.004996,0.993895,-0.385888,0.787085,0.951598
886,7.383333,0.066152,-0.035400,-0.018392,-0.997012,0.056648,0.972842,0.145174,0.012800,0.002659,0.126281,-0.991908,-0.457663,0.788168,0.041415,0.065754,-0.088954,-0.006056,0.993845,-0.385014,0.787244,0.951288
887,7.391667,0.062225,-0.035906,-0.017695,-0.997259,0.057390,0.972717,0.143546,0.013164,0.002656,0.126318,-0.991899,-0.457665,0.788187,0.041400,0.065060,-0.088585,-0.006694,0.993919,-0.384144,0.787299,0.950915
888,7.400000,0.062691,-0.036359,-0.017118,-0.997224,0.058037,0.972449,0.141552,0.013219,0.002571,0.126294,-0.991901,-0.457656,0.788192,0.041380,0.063518,-0.088482,-0.007582,0.994022,-0.383141,0.787352,0.950432
889,7.408333,0.059426,-0.036761,-0.016862,-0.997413,0.058667,0.972215,0.139881,0.013129,0.002441,0.126330,-0.991899,-0.457645,0.788184,0.041378,0.061862,-0.087923,-0.008163,0.994171,-0.382268,0.787480,0.950062
890,7.416667,0.059858,-0.036991,-0.016435,-0.997386,0.059157,0.971840,0.137976,0.012896,0.002257,0.126427,-0.991890,-0.457623,0.788184,0.041383,0.060906,-0.087205,-0.009000,0.994286,-0.381235,0.787536,0.949623
891,7.425000,0.058037,-0.037915,-0.016307,-0.997461,0.059604,0.971449,0.136231,0.012847,0.002020,0.126422,-0.991891,-0.457601,0.788166,0.041415,0.059547,-0.086663,-0.009537,0.994411,-0.380240,0.787608,0.949212
892,7.433333,0.059107,-0.037791,-0.016336,-0.997402,0.059937,0.971011,0.134399,0.012695,0.001737,0.126455,-0.991890,-0.457581,0.788153,0.041406,0.058634,-0.086440,-0.010088,0.994479,-0.379166,0.787715,0.948743
893,7.441667,0.058749,-0.038238,-0.016067,-0.997411,0.060129,0.970519,0.132588,0.012439,0.001394,0.126554,-0.991881,-0.457560,0.788159,0.041404,0.057561,-0.086842,-0.010350,0.994504,-0.378152,0.787798,0.948271
894,7.450000,0.060179,-0.038325,-0.016259,-0.997319,0.060258,0.969976,0.130804,0.012579,0.001204,0.126574,-0.991877,-0.457532,0.788157,0.041427,0.056792,-0.085520,-0.010702,0.994659,-0.377061,0.787837,0.947728
895,7.458333,0.059639,-0.039414,-0.016486,-0.997305,0.060222,0.969329,0.128907,0.012618,0.000919,0.126633,-0.991869,-0.457496,0.788162,0.041437,0.055901,-0.084813,-0.010583,0.994771,-0.375979,0.787901,0.947338
896,7.466667,0.062588,-0.039380,-0.016866,-0.997120,0.060139,0.968730,0.126949,0.012899,0.000774,0.126696,-0.991857,-0.457476,0.788177,0.041443,0.054680,-0.085054,-0.010257,0.994822,-0.375024,0.787968,0.946925
897,7.475000,0.062045,-0.041143,-0.017336,-0.997074,0.059836,0.968089,0.124928,0.013041,0.000623,0.126792,-0.991843,-0.457452,0.788199,0.041442,0.053342,-0.083398,-0.009890,0.995039,-0.373937,0.787983,0.946663
898,7.483333,0.065658,-0.041086,-0.018284,-0.996828,0.059506,0.967412,0.122795,0.013233,0.000494,0.126833,-0.991836,-0.457438,0.788218,0.041434,0.052207,-0.082043,-0.009326,0.995217,-0.372914,0.788053,0.946420
899,7.491667,0.065513,-0.043769,-0.019132,-0.996708,0.059041,0.966801,0.120532,0.013833,0.000459,0.126908,-0.991818,-0.457416,0.788252,0.041411,0.050971,-0.081346,-0.008515,0.995345,-0.371933,0.788161,0.946193
900,7.500000,0.068783,-0.045254,-0.020597,-0.996392,0.058542,0.966184,0.118271,0.014471,0.000503,0.126957,-0.991803,-0.457402,0.788286,0.041382,0.048867,-0.080897,-0.008035,0.995491,-0.371043,0.788336,0.946087
901,7.508333,0.070022,-0.048666,-0.022442,-0.996105,0.057893,0.965705,0.115869,0.014910,0.000530,0.127120,-0.991775,-0.457401,0.788338,0.041359,0.046826,-0.079919,-0.006579,0.995679,-0.370493,0.788531,0.946221
902,7.516667,0.072884,-0.050911,-0.024044,-0.995750,0.057215,0.965406,0.113387,0.015418,0.000589,0.127142,-0.991764,-0.457407,0.788391,0.041337,0.045292,-0.079216,-0.004960,0.995816,-0.370227,0.788518,0.946233
903,7.525000,0.075481,-0.054528,-0.026170,-0.995311,0.056230,0.965050,0.110819,0.015675,0.000531,0.126551,-0.991836,-0.457492,0.788370,0.041399,0.044570,-0.074902,-0.004448,0.996185,-0.369634,0.788526,0.945896
904,7.533333,0.076801,-0.057630,-0.028793,-0.994963,0.055170,0.964843,0.108214,0.016830,0.000835,0.126531,-0.991820,-0.457511,0.788398,0.041376,0.043511,-0.070538,-0.003823,0.996552,-0.368676,0.788722,0.945848
905,7.541667,0.078446,-0.062289,-0.031385,-0.994475,0.054081,0.964730,0.105575,0.018210,0.001162,0.126455,-0.991805,-0.457529,0.788413,0.041350,0.042231,-0.066344,-0.004000,0.996895,-0.367529,0.788800,0.945301
906,7.550000,0.077931,-0.067333,-0.033906,-0.994104,0.052782,0.964729,0.102730,0.019316,0.001431,0.126490,-0.991779,-0.457560,0.788464,0.041297,0.040975,-0.064175,-0.004201,0.997088,-0.366358,0.788951,0.944904
907,7.558333,0.078086,-0.073215,-0.036981,-0.993567,0.051371,0.964769,0.099821,0.020398,0.001676,0.126528,-0.991752,-0.457597,0.788522,0.041238,0.039105,-0.062565,-0.004420,0.997265,-0.365195,0.789099,0.944375
908,7.566667,0.079317,-0.078363,-0.039558,-0.992977,0.049632,0.964917,0.096849,0.021489,0.001756,0.126663,-0.991711,-0.457631,0.788600,0.041169,0.036984,-0.061640,-0.005052,0.997400,-0.364062,0.789226,0.943622
909,7.575000,0.079523,-0.085065,-0.042202,-0.992300,0.047699,0.965046,0.093818,0.022816,0.002025,0.127009,-0.991637,-0.457600,0.788655,0.041119,0.034605,-0.061552,-0.005710,0.997487,-0.362845,0.789362,0.943042
910,7.583333,0.078531,-0.091742,-0.043811,-0.991714,0.045456,0.965313,0.090684,0.023592,0.002093,0.127295,-0.991582,-0.457663,0.788761,0.041068,0.031949,-0.061612,-0.006477,0.997568,-0.361722,0.789524,0.942361
911,7.591667,0.077137,-0.098057,-0.043720,-0.991223,0.042755,0.965356,0.087407,0.024098,0.002028,0.127575,-0.991534,-0.457725,0.788907,0.040993,0.029384,-0.061355,-0.007535,0.997655,-0.360556,0.789631,0.941408
912,7.600000,0.078541,-0.102888,-0.043123,-0.990649,0.039874,0.965307,0.084289,0.024587,0.001672,0.127762,-0.991499,-0.457755,0.789057,0.040940,0.027647,-0.060693,-0.008649,0.997736,-0.359413,0.789745,0.940489
913,7.608333,0.081692,-0.102271,-0.041009,-0.990548,0.036694,0.965136,0.081278,0.024912,0.001763,0.128518,-0.991393,-0.457750,0.789179,0.040880,0.024642,-0.059155,-0.010099,0.997894,-0.358129,0.789878,0.939522
914,7.616667,0.082306,-0.102097,-0.038975,-0.990597,0.033371,0.964934,0.078347,0.025130,0.001925,0.128959,-0.991330,-0.457746,0.789302,0.040835,0.022744,-0.057255,-0.011284,0.998037,-0.356924,0.789969,0.938541
915,7.625000,0.078779,-0.095110,-0.034713,-0.991737,0.030225,0.964698,0.075788,0.025931,0.002138,0.129434,-0.991247,-0.457732,0.789382,0.040861,0.019632,-0.053915,-0.012660,0.998272,-0.355634,0.790178,0.937734
916,7.633333,0.073663,-0.084554,-0.027906,-0.993300,0.027496,0.964514,0.073604,0.026143,0.002750,0.130045,-0.991160,-0.457725,0.789476,0.040844,0.016870,-0.051403,-0.013502,0.998444,-0.354567,0.790355,0.936890
917,7.641667,0.064731,-0.076733,-0.021041,-0.994726,0.025510,0.964674,0.071803,0.026378,0.002443,0.130409,-0.991106,-0.457737,0.789556,0.040872,0.014227,-0.049814,-0.014358,0.998554,-0.353438,0.790467,0.935928
918,7.650000,0.056408,-0.069299,-0.014479,-0.995895,0.024312,0.965023,0.070101,0.026373,0.002435,0.130704,-0.991068,-0.457741,0.789631,0.040857,0.012344,-0.048190,-0.014998,0.998649,-0.352300,0.790406,0.934691
919,7.658333,0.052288,-0.061405,-0.009109,-0.996701,0.023516,0.965491,0.068308,0.026356,0.002356,0.131094,-0.991017,-0.457720,0.789665,0.040824,0.009410,-0.046676,-0.015505,0.998746,-0.351267,0.790554,0.933733
920,7.666667,0.051349,-0.056599,-0.006688,-0.997053,0.023312,0.966016,0.066717,0.027275,0.002116,0.131530,-0.990935,-0.457704,0.789628,0.040781,0.007234,-0.045789,-0.015780,0.998800,-0.350155,0.790582,0.932485
921,7.675000,0.051632,-0.053550,-0.005640,-0.997214,0.023443,0.966733,0.065205,0.027575,0.001975,0.131944,-0.990872,-0.457727,0.789641,0.040702,0.004931,-0.044956,-0.015633,0.998855,-0.349046,0.790784,0.931426
922,7.683333,0.050551,-0.049966,-0.004569,-0.997460,0.023735,0.967615,0.063712,0.028483,0.001877,0.132162,-0.990817,-0.457733,0.789631,0.040706,0.002033,-0.044043,-0.015576,0.998906,-0.347890,0.791098,0.930488
923,7.691667,0.046482,-0.045845,-0.002837,-0.997863,0.024161,0.968442,0.062428,0.028624,0.002057,0.132444,-0.990775,-0.457719,0.789668,0.040666,0.001010,-0.044028,-0.014878,0.998919,-0.346814,0.791366,0.929409
924,7.700000,0.040177,-0.041780,0.000069,-0.998319,0.024484,0.968920,0.061106,0.029367,0.002135,0.132743,-0.990713,-0.457707,0.789703,0.040648,-0.000455,-0.044378,-0.014077,0.998916,-0.345734,0.791685,0.928500
925,7.708333,0.035411,-0.036719,0.002949,-0.998694,0.024454,0.968836,0.059930,0.030397,0.002004,0.133047,-0.990641,-0.457649,0.789746,0.040593,-0.001231,-0.044659,-0.013345,0.998912,-0.344555,0.791989,0.927605
926,7.716667,0.032702,-0.030370,0.003766,-0.998997,0.024103,0.968621,0.058885,0.031080,0.001986,0.133318,-0.990584,-0.457660,0.789803,0.040570,-0.002532,-0.044955,-0.012357,0.998909,-0.343396,0.792377,0.926812
927,7.725000,0.031124,-0.024370,0.002493,-0.999215,0.023513,0.968233,0.057794,0.032848,0.002003,0.133977,-0.990438,-0.457551,0.789900,0.040474,-0.002626,-0.044768,-0.011250,0.998931,-0.342235,0.792646,0.925975
928,7.733333,0.028828,-0.019653,0.000439,-0.999391,0.022928,0.967683,0.056743,0.033556,0.001885,0.134279,-0.990373,-0.457522,0.789981,0.040429,-0.004668,-0.045036,-0.010362,0.998921,-0.340943,0.793004,0.925122
929,7.741667,0.026410,-0.014291,-0.001086,-0.999548,0.022332,0.967032,0.055724,0.034115,0.001910,0.134503,-0.990324,-0.457511,0.790022,0.040420,-0.005673,-0.045011,-0.009044,0.998930,-0.339785,0.793339,0.924381
930,7.750000,0.018666,-0.011630,-0.003190,-0.999753,0.021884,0.966478,0.054866,0.035699,0.002292,0.134328,-0.990291,-0.457545,0.789963,0.040361,-0.006284,-0.044665,-0.007786,0.998952,-0.338556,0.793735,0.923655
931,7.758333,0.015686,-0.005965,-0.005734,-0.999843,0.022014,0.965910,0.054218,0.036153,0.002309,0.134440,-0.990259,-0.457549,0.789982,0.040328,-0.007563,-0.044833,-0.006529,0.998945,-0.337358,0.794109,0.923018
932,7.766667,0.013451,-0.001262,-0.008113,-0.999876,0.022243,0.965339,0.053550,0.036388,0.002304,0.134527,-0.990239,-0.457540,0.790009,0.040310,-0.008891,-0.044308,-0.005204,0.998965,-0.336154,0.794481,0.922451
933,7.775000,0.012169,0.002780,-0.010396,-0.999868,0.022399,0.964773,0.052765,0.036522,0.002215,0.134594,-0.990225,-0.457533,0.790030,0.040305,-0.010079,-0.043537,-0.003997,0.998993,-0.334904,0.794915,0.921934
934,7.783333,0.010708,0.006600,-0.012906,-0.999838,0.022548,0.964176,0.052064,0.036733,0.002098,0.134601,-0.990217,-0.457521,0.790031,0.040313,-0.011292,-0.042960,-0.003124,0.999008,-0.333702,0.795383,0.921507
935,7.791667,0.007288,0.008809,-0.014928,-0.999823,0.022664,0.963657,0.051376,0.036892,0.002127,0.134667,-0.990202,-0.457517,0.790030,0.040312,-0.011936,-0.042541,-0.002114,0.999021,-0.332525,0.795835,0.921053
936,7.800000,0.003951,0.009888,-0.016515,-0.999807,0.022742,0.963287,0.050957,0.035769,0.002004,0.134391,-0.990281,-0.457576,0.789994,0.040441,-0.012845,-0.041983,-0.001536,0.999035,-0.331438,0.796329,0.920670
937,7.808333,0.000398,0.012828,-0.017171,-0.999770,0.022793,0.962884,0.050827,0.037000,0.001978,0.134744,-0.990187,-0.457523,0.790022,0.040357,-0.013695,-0.041199,-0.001135,0.999057,-0.330229,0.796849,0.920322
938,7.816667,-0.002874,0.014488,-0.017665,-0.999735,0.022873,0.962522,0.050783,0.036185,0.001901,0.134530,-0.990247,-0.457573,0.789980,0.040435,-0.014718,-0.041179,-0.000675,0.999043,-0.329181,0.797329,0.919998
939,7.825000,-0.006101,0.015041,-0.018517,-0.999697,0.022794,0.962365,0.050615,0.036085,0.001836,0.134670,-0.990232,-0.457563,0.789983,0.040454,-0.014635,-0.040286,-0.000635,0.999081,-0.328033,0.797870,0.919813
940,7.833333,-0.012025,0.014958,-0.019330,-0.999629,0.022781,0.962191,0.050402,0.035889,0.001804,0.134894,-0.990208,-0.457551,0.790013,0.040465,-0.014556,-0.039526,-0.000744,0.999112,-0.326935,0.798414,0.919511
941,7.841667,-0.020358,0.016354,-0.020625,-0.999446,0.022706,0.962130,0.050432,0.035505,0.001565,0.135095,-0.990195,-0.457541,0.790054,0.040465,-0.015194,-0.039186,-0.000678,0.999116,-0.325913,0.798968,0.919402
942,7.850000,-0.022591,0.017383,-0.021518,-0.999362,0.022608,0.962155,0.050224,0.035261,0.001456,0.135378,-0.990165,-0.457531,0.790106,0.040467,-0.017573,-0.038973,-0.001155,0.999085,-0.324738,0.799530,0.919053
943,7.858333,-0.024482,0.017832,-0.021717,-0.999305,0.022670,0.962041,0.050134,0.035054,0.001261,0.135584,-0.990145,-0.457514,0.790154,0.040477,-0.018906,-0.038705,-0.001390,0.999071,-0.323742,0.800098,0.918830
944,7.866667,-0.026116,0.018580,-0.021957,-0.999245,0.022769,0.961941,0.050126,0.034948,0.001183,0.135831,-0.990115,-0.457510,0.790197,0.040494,-0.017672,-0.037920,-0.001859,0.999123,-0.322735,0.800640,0.918809
945,7.875000,-0.027188,0.019753,-0.022186,-0.999189,0.022871,0.961871,0.050099,0.034977,0.001114,0.136060,-0.990082,-0.457504,0.790230,0.040499,-0.018102,-0.037285,-0.002567,0.999138,-0.321686,0.801131,0.918688
946,7.883333,-0.028084,0.019911,-0.022234,-0.999160,0.022943,0.961801,0.050001,0.035085,0.001077,0.136251,-0.990052,-0.457508,0.790267,0.040512,-0.018248,-0.036350,-0.002831,0.999169,-0.320677,0.801757,0.918854
947,7.891667,-0.028432,0.020060,-0.022239,-0.999147,0.023005,0.961777,0.049924,0.035467,0.001076,0.136480,-0.990007,-0.457521,0.790310,0.040521,-0.019073,-0.035632,-0.003581,0.999177,-0.319583,0.802345,0.918737
948,7.900000,-0.028404,0.020384,-0.022361,-0.999139,0.023060,0.961784,0.049905,0.035861,0.001053,0.136640,-0.989971,-0.457542,0.790358,0.040530,-0.018377,-0.034651,-0.004236,0.999222,-0.318526,0.802890,0.918611
949,7.908333,-0.028221,0.020544,-0.022484,-0.999138,0.023079,0.961819,0.049930,0.036193,0.001306,0.136808,-0.989935,-0.457546,0.790417,0.040547,-0.016495,-0.032856,-0.004871,0.999312,-0.317485,0.803425,0.918588
950,7.916667,-0.027958,0.020676,-0.022585,-0.999140,0.023064,0.961892,0.049954,0.036607,0.001530,0.137027,-0.989890,-0.457554,0.790471,0.040579,-0.015300,-0.031446,-0.005598,0.999373,-0.316327,0.803989,0.918297
951,7.925000,-0.027083,0.021287,-0.022723,-0.999148,0.023039,0.961975,0.049923,0.036969,0.001347,0.137187,-0.989854,-0.457593,0.790575,0.040572,-0.015189,-0.030487,-0.006212,0.999400,-0.315215,0.804587,0.918308
952,7.933333,-0.026315,0.021428,-0.022797,-0.999164,0.023018,0.962090,0.049955,0.037593,0.001302,0.137190,-0.989830,-0.457626,0.790694,0.040562,-0.014680,-0.029256,-0.007037,0.999439,-0.314127,0.805203,0.918276
953,7.941667,-0.025056,0.021601,-0.022840,-0.999192,0.023002,0.962235,0.049984,0.038410,0.001286,0.137300,-0.989784,-0.457656,0.790777,0.040570,-0.014969,-0.028669,-0.007403,0.999450,-0.313154,0.805838,0.918349
954,7.950000,-0.024023,0.021554,-0.022840,-0.999218,0.022952,0.962357,0.050008,0.039046,0.001268,0.137501,-0.989731,-0.457702,0.790857,0.040572,-0.013360,-0.027150,-0.007889,0.999511,-0.312081,0.806440,0.918355
955,7.958333,-0.023042,0.021459,-0.022823,-0.999244,0.022903,0.962484,0.050036,0.039579,0.001409,0.137699,-0.989682,-0.457744,0.790918,0.040570,-0.012918,-0.025964,-0.008258,0.999545,-0.311098,0.807126,0.918489
956,7.966667,-0.022301,0.021552,-0.022794,-0.999259,0.022844,0.962593,0.050070,0.039820,0.001487,0.137787,-0.989660,-0.457782,0.790957,0.040571,-0.014615,-0.023428,-0.008950,0.999579,-0.309715,0.807688,0.917801
957,7.975000,-0.021420,0.021597,-0.022864,-0.999276,0.022814,0.962704,0.050130,0.040010,0.001522,0.137845,-0.989644,-0.457808,0.790980,0.040579,-0.014301,-0.021832,-0.009339,0.999616,-0.308551,0.808301,0.917606
958,7.983333,-0.021155,0.020810,-0.022538,-0.999305,0.022841,0.962890,0.050325,0.040242,0.001571,0.137889,-0.989629,-0.457819,0.790995,0.040579,-0.014534,-0.020709,-0.009397,0.999636,-0.307415,0.808946,0.917481
959,7.991667,-0.020290,0.020483,-0.022537,-0.999330,0.022878,0.963027,0.050443,0.040366,0.001737,0.137996,-0.989608,-0.457841,0.790987,0.040584,-0.014635,-0.020042,-0.009280,0.999649,-0.306302,0.809646,0.917360
960,8.000000,-0.019726,0.019898,-0.022660,-0.999351,0.022894,0.963081,0.050476,0.040520,0.001750,0.138067,-0.989592,-0.457850,0.790994,0.040586,-0.014069,-0.018717,-0.009233,0.999683,-0.305089,0.810227,0.917143
961,8.008333,-0.019675,0.019856,-0.022782,-0.999350,0.022922,0.963114,0.050480,0.040646,0.001721,0.138091,-0.989584,-0.457851,0.790998,0.040576,-0.014763,-0.018181,-0.009054,0.999685,-0.303893,0.810961,0.916999
962,8.016667,-0.019817,0.019883,-0.022959,-0.999342,0.022956,0.963133,0.050485,0.040991,0.001807,0.138179,-0.989557,-0.457860,0.791001,0.040573,-0.014470,-0.017324,-0.008623,0.999708,-0.302695,0.811594,0.916766
963,8.025000,-0.020629,0.020408,-0.022979,-0.999315,0.022998,0.963143,0.050424,0.041194,0.001820,0.138237,-0.989541,-0.457865,0.791000,0.040574,-0.014712,-0.016205,-0.008231,0.999727,-0.301595,0.812255,0.916535
964,8.033333,-0.021372,0.019889,-0.023016,-0.999309,0.023064,0.963113,0.050360,0.041459,0.001921,0.138307,-0.989519,-0.457886,0.791012,0.040582,-0.014260,-0.015570,-0.008016,0.999745,-0.300139,0.812906,0.916354
965,8.041667,-0.021421,0.019196,-0.023251,-0.999316,0.023170,0.963112,0.050343,0.041658,0.001995,0.138372,-0.989502,-0.457902,0.791019,0.040582,-0.015219,-0.014722,-0.007560,0.999747,-0.298832,0.813548,0.916079
966,8.050000,-0.021988,0.019012,-0.023517,-0.999301,0.023266,0.963100,0.050330,0.041978,0.001964,0.138403,-0.989484,-0.457904,0.791029,0.040589,-0.015637,-0.013684,-0.007284,0.999758,-0.297492,0.814134,0.915799
967,8.058333,-0.022948,0.019095,-0.023742,-0.999272,0.023376,0.963059,0.050310,0.042284,0.001944,0.138466,-0.989462,-0.457905,0.791043,0.040588,-0.015160,-0.013187,-0.006990,0.999774,-0.296167,0.814790,0.915543
968,8.066667,-0.024437,0.019130,-0.024034,-0.999229,0.023480,0.963004,0.050283,0.042636,0.001986,0.138526,-0.989439,-0.457900,0.791070,0.040586,-0.015801,-0.012266,-0.006651,0.999778,-0.294782,0.815445,0.915399
969,8.075000,-0.025494,0.018915,-0.024337,-0.999200,0.023618,0.962957,0.050243,0.042850,0.001790,0.138535,-0.989429,-0.457899,0.791099,0.040580,-0.015940,-0.011717,-0.006506,0.999783,-0.293290,0.815995,0.915072
970,8.083333,-0.026278,0.018450,-0.024530,-0.999183,0.023776,0.962878,0.050202,0.043229,0.001824,0.138635,-0.989398,-0.457891,0.791125,0.040583,-0.015809,-0.010380,-0.006542,0.999800,-0.291779,0.816568,0.914816
971,8.091667,-0.026739,0.017918,-0.024562,-0.999180,0.023917,0.962795,0.050193,0.043520,0.001692,0.138661,-0.989382,-0.457891,0.791153,0.040585,-0.015606,-0.009764,-0.006296,0.999811,-0.290379,0.817218,0.914675
972,8.100000,-0.028442,0.017853,-0.024569,-0.999134,0.024002,0.962657,0.050201,0.043748,0.001579,0.138783,-0.989355,-0.457898,0.791184,0.040587,-0.014564,-0.008702,-0.006435,0.999835,-0.288886,0.817833,0.914505
973,8.108333,-0.029190,0.017282,-0.024490,-0.999124,0.024058,0.962583,0.050151,0.043875,0.001539,0.138837,-0.989342,-0.457901,0.791194,0.040598,-0.015164,-0.008096,-0.006363,0.999832,-0.287388,0.818407,0.914419
974,8.116667,-0.029652,0.016729,-0.024457,-0.999121,0.024104,0.962523,0.050114,0.043944,0.000979,0.138775,-0.989348,-0.457891,0.791243,0.040582,-0.015291,-0.004988,-0.006348,0.999851,-0.285945,0.819280,0.915067
975,8.125000,-0.029873,0.016468,-0.024480,-0.999118,0.024156,0.962458,0.050109,0.044203,0.000639,0.138855,-0.989326,-0.457874,0.791277,0.040577,-0.013024,-0.004147,-0.006662,0.999884,-0.284677,0.819820,0.914894
976,8.133333,-0.030433,0.016076,-0.024437,-0.999109,0.024215,0.962418,0.050119,0.044238,0.000495,0.138899,-0.989318,-0.457874,0.791287,0.040593,-0.013267,-0.002481,-0.006728,0.999886,-0.283040,0.820354,0.914731
977,8.141667,-0.030724,0.017630,-0.024033,-0.999083,0.024331,0.962273,0.050484,0.044296,0.000465,0.139074,-0.989291,-0.457872,0.791312,0.040593,-0.013198,-0.000734,-0.007003,0.999888,-0.281443,0.820965,0.914628
978,8.150000,-0.032923,0.016553,-0.023855,-0.999036,0.024293,0.962206,0.050360,0.044330,0.000175,0.139126,-0.989282,-0.457860,0.791338,0.040598,-0.012803,-0.000274,-0.007287,0.999892,-0.279844,0.821476,0.914262
979,8.158333,-0.029555,0.021165,-0.025214,-0.999021,0.024405,0.961889,0.049912,0.044348,0.000508,0.139332,-0.989252,-0.457884,0.791342,0.040621,-0.012479,-0.000428,-0.007225,0.999896,-0.278258,0.822149,0.914186
980,8.166667,-0.030404,0.021303,-0.025498,-0.998985,0.024481,0.961825,0.049913,0.044451,0.000377,0.139429,-0.989234,-0.457877,0.791355,0.040631,-0.011727,0.000141,-0.007648,0.999902,-0.276599,0.822708,0.913817
981,8.175000,-0.031363,0.021470,-0.025967,-0.998940,0.024547,0.961795,0.049922,0.044503,0.000325,0.139558,-0.989213,-0.457881,0.791362,0.040650,-0.009924,0.001297,-0.008050,0.999918,-0.274883,0.823331,0.913463
982,8.183333,-0.032443,0.021509,-0.026784,-0.998883,0.024630,0.961806,0.049977,0.044638,0.000262,0.139638,-0.989196,-0.457887,0.791373,0.040660,-0.010205,0.000893,-0.008058,0.999915,-0.273176,0.824049,0.913418
983,8.191667,-0.033840,0.021543,-0.027894,-0.998806,0.024736,0.961825,0.050065,0.044640,0.000039,0.139673,-0.989191,-0.457895,0.791384,0.040665,-0.010034,0.001741,-0.008431,0.999913,-0.271404,0.824704,0.913125
984,8.200000,-0.034699,0.020039,-0.029853,-0.998751,0.024818,0.962065,0.049912,0.044622,-0.000061,0.139747,-0.989181,-0.457917,0.791390,0.040679,-0.007791,0.003446,-0.008883,0.999924,-0.269573,0.825372,0.912745
985,8.208333,-0.035940,0.019859,-0.031988,-0.998645,0.024880,0.962285,0.049885,0.044533,-0.000119,0.139886,-0.989166,-0.457939,0.791395,0.040693,-0.010421,0.002661,-0.009021,0.999901,-0.267913,0.826235,0.912640
986,8.216667,-0.037369,0.021904,-0.033777,-0.998490,0.024967,0.962355,0.050243,0.044542,-0.000249,0.139943,-0.989157,-0.457957,0.791404,0.040707,-0.011022,0.003549,-0.009125,0.999891,-0.266017,0.827015,0.912458
987,8.225000,-0.038675,0.023347,-0.036491,-0.998312,0.024995,0.962677,0.050416,0.044568,-0.000169,0.140082,-0.989136,-0.457972,0.791397,0.040737,-0.009282,0.004467,-0.009551,0.999901,-0.264187,0.827666,0.912060
988,8.233333,-0.037810,0.024230,-0.038888,-0.998234,0.025112,0.963022,0.050466,0.044606,-0.000195,0.140123,-0.989129,-0.457986,0.791391,0.040776,-0.007355,0.005966,-0.009706,0.999908,-0.262264,0.828488,0.911923
989,8.241667,-0.036912,0.024746,-0.041180,-0.998163,0.025145,0.963387,0.050490,0.044596,-0.000135,0.140268,-0.989109,-0.458002,0.791386,0.040814,-0.006386,0.007080,-0.009934,0.999905,-0.260360,0.829223,0.911682
990,8.250000,-0.036523,0.025486,-0.043567,-0.998057,0.025138,0.963715,0.050555,0.044890,-0.000463,0.140263,-0.989096,-0.458000,0.791362,0.040878,-0.004524,0.008771,-0.010129,0.999900,-0.258372,0.830042,0.911582
991,8.258333,-0.036779,0.026745,-0.045691,-0.997920,0.025003,0.964011,0.050605,0.044926,-0.000660,0.140191,-0.989105,-0.457997,0.791339,0.040938,-0.003865,0.009796,-0.010376,0.999891,-0.256460,0.830936,0.911480
992,8.266667,-0.038859,0.027813,-0.048360,-0.997686,0.024811,0.964385,0.050755,0.045002,-0.000995,0.140112,-0.989112,-0.457995,0.791316,0.040992,-0.003335,0.010980,-0.010616,0.999878,-0.254437,0.831798,0.911326
993,8.275000,-0.040183,0.028676,-0.050682,-0.997494,0.024580,0.964727,0.050849,0.044892,-0.001348,0.139931,-0.989142,-0.457992,0.791287,0.041059,-0.002624,0.012360,-0.011060,0.999859,-0.252364,0.832690,0.911239
994,8.283333,-0.040189,0.028749,-0.052197,-0.997414,0.024471,0.964972,0.050814,0.044815,-0.001896,0.139741,-0.989172,-0.457985,0.791260,0.041144,-0.002010,0.014966,-0.011494,0.999820,-0.250085,0.833346,0.910823
995,8.291667,-0.040376,0.028452,-0.053300,-0.997356,0.024406,0.965154,0.050751,0.044986,-0.002971,0.139763,-0.989158,-0.458023,0.791245,0.041230,-0.001057,0.016145,-0.011745,0.999800,-0.247958,0.834260,0.910774
996,8.300000,-0.040755,0.028078,-0.053902,-0.997319,0.024399,0.965231,0.050688,0.044466,-0.003872,0.139772,-0.989177,-0.458047,0.791243,0.041339,-0.002045,0.014165,-0.011629,0.999830,-0.246258,0.835410,0.910913
997,8.308333,-0.041990,0.027685,-0.053868,-0.997281,0.024410,0.965194,0.050648,0.043722,-0.005010,0.139860,-0.989193,-0.458080,0.791270,0.041488,-0.001022,0.014961,-0.011893,0.999817,-0.244136,0.836284,0.910799
998,8.316667,-0.043877,0.027576,-0.053619,-0.997216,0.024447,0.965078,0.050669,0.043024,-0.006411,0.140268,-0.989158,-0.458109,0.791361,0.041666,-0.000254,0.015781,-0.012244,0.999801,-0.241943,0.837220,0.910631
999,8.325000,-0.045020,0.027602,-0.053310,-0.997181,0.024514,0.964999,0.050687,0.041741,-0.008133,0.141226,-0.989064,-0.458051,0.791435,0.041918,-0.000082,0.016797,-0.012628,0.999779,-0.239728,0.838250,0.910619
1000,8.333333,-0.045888,0.027114,-0.053129,-0.997164,0.024561,0.964956,0.050643,0.042285,-0.009408,0.141739,-0.988956,-0.458029,0.791504,0.042052,-0.000107,0.017227,-0.013011,0.999767,-0.237527,0.839317,0.910699
1001,8.341667,-0.036534,0.026034,-0.050230,-0.997730,0.025092,0.964744,0.050059,0.041035,-0.010673,0.142875,-0.988832,-0.457927,0.791664,0.042328,0.000316,0.018105,-0.013272,0.999748,-0.235316,0.840361,0.910709
1002,8.350000,-0.035595,0.025054,-0.049849,-0.997808,0.025171,0.964740,0.049896,0.039559,-0.012302,0.143796,-0.988740,-0.457789,0.791796,0.042610,0.000244,0.018927,-0.013674,0.999727,-0.233058,0.841319,0.910550
1003,8.358333,-0.035549,0.024238,-0.049587,-0.997843,0.025252,0.964713,0.049809,0.037836,-0.014203,0.144806,-0.988634,-0.457690,0.791996,0.042956,0.000277,0.019671,-0.013915,0.999710,-0.230800,0.842454,0.910693
1004,8.366667,-0.035723,0.023571,-0.049153,-0.997874,0.025310,0.964661,0.049710,0.036656,-0.016453,0.145628,-0.988523,-0.457590,0.792133,0.043327,0.000278,0.020286,-0.014310,0.999692,-0.228521,0.843624,0.910874
1005,8.375000,-0.035823,0.022727,-0.048815,-0.997906,0.025385,0.964626,0.049596,0.034625,-0.018473,0.145459,-0.988586,-0.457481,0.792122,0.043758,-0.000359,0.021168,-0.014636,0.999669,-0.226191,0.844724,0.911008
1006,8.383333,-0.035405,0.022036,-0.048472,-0.997954,0.025474,0.964609,0.049525,0.033611,-0.020981,0.146080,-0.988479,-0.457371,0.792194,0.044169,-0.000242,0.021999,-0.014990,0.999646,-0.223909,0.845833,0.911111
1007,8.391667,-0.034481,0.021299,-0.048271,-0.998012,0.025568,0.964569,0.049488,0.032311,-0.024193,0.146590,-0.988374,-0.457210,0.792237,0.044666,-0.004129,0.023895,-0.015058,0.999593,-0.221560,0.846826,0.910953
1008,8.400000,-0.034018,0.020751,-0.047969,-0.998054,0.025640,0.964572,0.049432,0.032020,-0.027053,0.147195,-0.988219,-0.457019,0.792255,0.045105,-0.007443,0.026014,-0.014483,0.999529,-0.219206,0.847981,0.910615
1009,8.408333,-0.033426,0.020429,-0.047748,-0.998091,0.025694,0.964573,0.049394,0.030309,-0.030424,0.147647,-0.988107,-0.456847,0.792316,0.045668,-0.003419,0.028034,-0.015277,0.999484,-0.216446,0.849154,0.911757
1010,8.416667,-0.032697,0.020267,-0.047607,-0.998125,0.025730,0.964580,0.049373,0.028680,-0.034068,0.147712,-0.988027,-0.456699,0.792300,0.046268,-0.004330,0.027828,-0.015283,0.999487,-0.214190,0.850487,0.912216
1011,8.425000,-0.031956,0.020124,-0.047443,-0.998160,0.025760,0.964607,0.049364,0.026826,-0.037403,0.147618,-0.987973,-0.456516,0.792228,0.046867,-0.004043,0.026804,-0.015251,0.999516,-0.211870,0.851647,0.912723
1012,8.433333,-0.032686,0.019711,-0.047557,-0.998139,0.025753,0.964672,0.049449,0.025034,-0.042038,0.147771,-0.987811,-0.456352,0.792232,0.047614,-0.003160,0.026624,-0.015372,0.999522,-0.209503,0.852816,0.913396
1013,8.441667,-0.031554,0.019595,-0.047392,-0.998186,0.025768,0.964726,0.049460,0.022729,-0.046460,0.148289,-0.987591,-0.456060,0.792255,0.048386,-0.003743,0.027606,-0.015405,0.999493,-0.206887,0.854028,0.913997
1014,8.450000,-0.030346,0.019662,-0.047270,-0.998228,0.025769,0.964779,0.049489,0.020478,-0.050492,0.148316,-0.987438,-0.455842,0.792186,0.049183,-0.003344,0.028809,-0.015411,0.999461,-0.204313,0.855182,0.914613
1015,8.458333,-0.029097,0.019768,-0.047113,-0.998270,0.025755,0.964847,0.049524,0.018598,-0.054485,0.148001,-0.987310,-0.455656,0.792057,0.049988,-0.003499,0.029474,-0.015546,0.999439,-0.201777,0.856374,0.915284
1016,8.466667,-0.028115,0.020159,-0.046856,-0.998302,0.025731,0.964910,0.049565,0.016921,-0.058675,0.147472,-0.987179,-0.455431,0.791866,0.050817,-0.004235,0.034037,-0.015696,0.999288,-0.199007,0.857234,0.915675
1017,8.475000,-0.026689,0.020540,-0.046662,-0.998343,0.025712,0.964968,0.049648,0.014780,-0.062452,0.146612,-0.987110,-0.455114,0.791633,0.051578,-0.003583,0.037217,-0.015948,0.999174,-0.196140,0.858097,0.916072
1018,8.483333,-0.024995,0.021303,-0.046478,-0.998379,0.025645,0.965047,0.049772,0.012293,-0.066374,0.145890,-0.986995,-0.454797,0.791384,0.052402,-0.003194,0.035975,-0.015617,0.999226,-0.193824,0.859387,0.917067
1019,8.491667,-0.023381,0.022061,-0.046150,-0.998417,0.025589,0.965120,0.049895,0.009980,-0.070431,0.145080,-0.986859,-0.454513,0.791113,0.053227,-0.001584,0.033779,-0.015073,0.999314,-0.191494,0.860586,0.918145
1020,8.500000,-0.021947,0.021589,-0.046349,-0.998451,0.025468,0.965302,0.049895,0.007635,-0.074945,0.144614,-0.986616,-0.454205,0.790822,0.054153,-0.002933,0.037459,-0.015065,0.999180,-0.188575,0.861559,0.918699
1021,8.508333,-0.020152,0.021803,-0.046154,-0.998493,0.025391,0.965429,0.049968,0.006403,-0.080212,0.144270,-0.986261,-0.453878,0.790601,0.055113,0.006921,0.030674,-0.015138,0.999391,-0.186431,0.862626,0.921389
1022,8.516667,-0.018457,0.022444,-0.045904,-0.998523,0.025333,0.965547,0.050095,0.005337,-0.085305,0.142849,-0.986047,-0.453589,0.790255,0.055974,0.008659,0.030408,-0.015547,0.999379,-0.183483,0.863248,0.922526
1023,8.525000,-0.016680,0.023199,-0.045751,-0.998544,0.025272,0.965674,0.050221,0.004038,-0.090180,0.141262,-0.985848,-0.453245,0.789858,0.056866,0.008376,0.032275,-0.014988,0.999332,-0.180833,0.864245,0.923176
1024,8.533333,-0.015022,0.023775,-0.045609,-0.998564,0.025194,0.965798,0.050343,0.002918,-0.095211,0.139400,-0.985644,-0.452919,0.789448,0.057781,0.008259,0.032808,-0.014474,0.999323,-0.178155,0.865259,0.924124
1025,8.541667,-0.013728,0.025557,-0.044918,-0.998569,0.025197,0.965783,0.050624,0.000854,-0.101135,0.138444,-0.985193,-0.452426,0.789079,0.058757,0.008105,0.033521,-0.013823,0.999310,-0.175443,0.866347,0.925050
1026,8.550000,-0.012796,0.025636,-0.044543,-0.998597,0.025098,0.965931,0.050724,-0.001269,-0.107540,0.137265,-0.984679,-0.451959,0.788726,0.059741,0.008375,0.035955,-0.013253,0.999231,-0.172754,0.867219,0.925441
1027,8.558333,-0.012908,0.025962,-0.043833,-0.998618,0.025091,0.966056,0.050970,-0.001822,-0.114053,0.136188,-0.984094,-0.451457,0.788396,0.060920,0.005891,0.038920,-0.012054,0.999152,-0.169950,0.868005,0.925711
1028,8.566667,-0.012106,0.025900,-0.043393,-0.998649,0.025042,0.966199,0.051108,-0.003326,-0.121194,0.135289,-0.983361,-0.450873,0.788037,0.062087,0.006211,0.039324,-0.011563,0.999140,-0.167031,0.868882,0.926453
1029,8.575000,-0.010519,0.026777,-0.043778,-0.998627,0.025010,0.966167,0.051103,-0.007349,-0.127815,0.135137,-0.982521,-0.450398,0.787754,0.062874,0.006119,0.039478,-0.010632,0.999145,-0.164091,0.869902,0.927391
1030,8.583333,-0.011002,0.027046,-0.044590,-0.998579,0.024840,0.966260,0.051012,-0.008016,-0.135704,0.133730,-0.981650,-0.449822,0.787272,0.064124,0.006212,0.040152,-0.009748,0.999127,-0.161050,0.870776,0.928271
1031,8.591667,-0.012890,0.027417,-0.045812,-0.998491,0.024640,0.966375,0.051097,-0.009042,-0.144675,0.132701,-0.980499,-0.449159,0.786831,0.065376,0.005755,0.039970,-0.008878,0.999145,-0.157930,0.871723,0.929119
1032,8.600000,-0.012319,0.027515,-0.045693,-0.998501,0.024670,0.966364,0.051066,-0.011183,-0.154073,0.131069,-0.979264,-0.448419,0.786324,0.066512,0.005871,0.040557,-0.007833,0.999129,-0.154764,0.872741,0.930103
1033,8.608333,-0.011057,0.027316,-0.045640,-0.998523,0.024699,0.966320,0.050940,-0.014460,-0.162959,0.129419,-0.978001,-0.447541,0.785828,0.067852,0.006024,0.041479,-0.006784,0.999098,-0.151472,0.873703,0.931021
1034,8.616667,-0.010707,0.026214,-0.045359,-0.998569,0.024743,0.966266,0.050851,-0.017579,-0.172035,0.126830,-0.976734,-0.446590,0.785198,0.068975,0.005684,0.040514,-0.005867,0.999146,-0.148309,0.874612,0.931769
1035,8.625000,-0.009974,0.025513,-0.045025,-0.998610,0.024791,0.966207,0.050663,-0.020173,-0.181408,0.124334,-0.975308,-0.445566,0.784585,0.070203,0.005351,0.038902,-0.004973,0.999216,-0.145166,0.875507,0.932434
1036,8.633333,-0.009727,0.024628,-0.044739,-0.998648,0.024838,0.966139,0.050487,-0.021515,-0.191502,0.121692,-0.973681,-0.444510,0.784021,0.071601,0.005121,0.037707,-0.004079,0.999267,-0.141985,0.876444,0.933136
1037,8.641667,-0.010246,0.023707,-0.044342,-0.998683,0.024924,0.966078,0.050338,-0.023928,-0.201573,0.118921,-0.971933,-0.443270,0.783499,0.072833,0.004137,0.036293,-0.003136,0.999328,-0.138807,0.877403,0.933985
1038,8.650000,-0.010763,0.021877,-0.044586,-0.998708,0.025009,0.966140,0.050108,-0.025029,-0.212693,0.116659,-0.969807,-0.441894,0.783054,0.074311,0.003600,0.035106,-0.002278,0.999375,-0.135586,0.878390,0.934722
1039,8.658333,-0.011940,0.020569,-0.044421,-0.998730,0.025063,0.966063,0.049927,-0.024627,-0.224729,0.114528,-0.967354,-0.440408,0.782744,0.075896,0.003162,0.033499,-0.001452,0.999433,-0.132345,0.879345,0.935421
1040,8.666667,-0.014228,0.018908,-0.044282,-0.998739,0.025077,0.965928,0.049641,-0.024031,-0.236674,0.112470,-0.964758,-0.438775,0.782494,0.077568,0.002764,0.032032,-0.000697,0.999483,-0.129041,0.880320,0.936010
1041,8.675000,-0.017516,0.018046,-0.043461,-0.998739,0.025234,0.965864,0.049757,-0.022970,-0.250707,0.111262,-0.961374,-0.436966,0.782357,0.079469,0.001749,0.030641,0.000183,0.999529,-0.125777,0.881313,0.936655
1042,8.683333,-0.019438,0.017602,-0.043189,-0.998723,0.025309,0.965723,0.049486,-0.020215,-0.263700,0.109574,-0.958148,-0.435106,0.782227,0.081327,0.002788,0.029984,0.000923,0.999546,-0.122425,0.882302,0.937211
1043,8.691667,-0.021963,0.017500,-0.042730,-0.998692,0.025375,0.965476,0.049223,-0.017677,-0.275142,0.107739,-0.955184,-0.433257,0.781873,0.083172,0.001855,0.028292,0.001889,0.999596,-0.119116,0.883313,0.937817
1044,8.700000,-0.024361,0.017138,-0.042345,-0.998659,0.025389,0.965264,0.048951,-0.018716,-0.288681,0.106887,-0.951256,-0.431375,0.781572,0.084948,0.001342,0.026487,0.002805,0.999644,-0.115670,0.884370,0.938386
1045,8.708333,-0.026460,0.016476,-0.041952,-0.998633,0.025375,0.965048,0.048687,-0.021361,-0.305148,0.106968,-0.946037,-0.429282,0.781303,0.086967,-0.000638,0.026283,0.004189,0.999646,-0.112370,0.885537,0.939494
1046,8.716667,-0.029422,0.015282,-0.041383,-0.998593,0.025474,0.964780,0.048452,-0.027300,-0.319692,0.106728,-0.941096,-0.427274,0.780941,0.088658,-0.001431,0.024756,0.005315,0.999678,-0.109080,0.886612,0.940248
1047,8.725000,-0.030491,0.014902,-0.041320,-0.998569,0.025504,0.964686,0.048337,-0.029317,-0.334865,0.106417,-0.935778,-0.425120,0.780530,0.090690,-0.002131,0.024431,0.006446,0.999678,-0.105892,0.887704,0.941097
1048,8.733333,-0.031210,0.014823,-0.041274,-0.998550,0.025524,0.964637,0.048239,-0.032157,-0.349834,0.107046,-0.930120,-0.422620,0.780119,0.092956,-0.002356,0.023978,0.007470,0.999682,-0.102746,0.888755,0.941889
1049,8.741667,-0.031790,0.014764,-0.041237,-0.998534,0.025554,0.964604,0.048162,-0.036566,-0.364376,0.108531,-0.924183,-0.419668,0.779557,0.095646,-0.002088,0.024551,0.008440,0.999661,-0.099633,0.889691,0.942608
1050,8.750000,-0.031223,0.015054,-0.041356,-0.998543,0.025589,0.964484,0.048008,-0.041699,-0.379440,0.109224,-0.917800,-0.416808,0.779062,0.098293,-0.002334,0.023713,0.009394,0.999672,-0.096665,0.890646,0.943165
1051,8.758333,-0.031393,0.015320,-0.041591,-0.998524,0.025622,0.964390,0.047940,-0.047701,-0.393765,0.109739,-0.911389,-0.413799,0.778596,0.101163,-0.002857,0.022208,0.010083,0.999698,-0.093827,0.891757,0.943795
1052,8.766667,-0.031887,0.015343,-0.041667,-0.998505,0.025637,0.964343,0.047882,-0.048700,-0.408570,0.108962,-0.904890,-0.410145,0.777887,0.104952,0.002533,0.013891,0.010700,0.999843,-0.090874,0.893065,0.946577
1053,8.775000,-0.032568,0.015294,-0.041586,-0.998487,0.025672,0.964314,0.047824,-0.051549,-0.424035,0.109231,-0.897555,-0.406402,0.777224,0.108622,0.001635,0.012865,0.011289,0.999852,-0.088356,0.894014,0.947538
1054,8.783333,-0.033476,0.015244,-0.041466,-0.998463,0.025699,0.964262,0.047755,-0.049967,-0.438887,0.108591,-0.890556,-0.401750,0.776416,0.112774,0.000887,0.012803,0.011710,0.999849,-0.085899,0.895047,0.948343
1055,8.791667,-0.034644,0.015158,-0.041449,-0.998425,0.025751,0.964194,0.047719,-0.050621,-0.454456,0.108426,-0.882695,-0.396859,0.775675,0.116866,0.000464,0.012316,0.012139,0.999850,-0.083401,0.896050,0.949169
1056,8.800000,-0.036038,0.015169,-0.041561,-0.998371,0.025776,0.964126,0.047665,-0.046748,-0.469912,0.106450,-0.875023,-0.391603,0.775107,0.120802,0.000606,0.010522,0.012334,0.999868,-0.081001,0.897091,0.949971
1057,8.808333,-0.037816,0.015141,-0.041780,-0.998296,0.025804,0.964032,0.047607,-0.041642,-0.486404,0.104430,-0.866471,-0.386290,0.774638,0.124736,0.001058,0.010331,0.012458,0.999869,-0.078678,0.898005,0.950615
1058,8.816667,-0.039949,0.015290,-0.041873,-0.998207,0.025800,0.963937,0.047521,-0.040825,-0.500562,0.102008,-0.858700,-0.380217,0.774108,0.128373,0.000511,0.008930,0.012759,0.999879,-0.076508,0.899016,0.951292
1059,8.825000,-0.041397,0.015571,-0.042192,-0.998130,0.025635,0.963949,0.047396,-0.038591,-0.513476,0.099417,-0.851451,-0.373489,0.773466,0.132405,0.000525,0.006871,0.012481,0.999898,-0.074413,0.900025,0.951802
1060,8.833333,-0.044208,0.015625,-0.042237,-0.998007,0.025724,0.963730,0.047340,-0.031667,-0.526654,0.095810,-0.844069,-0.366060,0.772936,0.137078,-0.000955,0.005818,0.012304,0.999907,-0.072543,0.901034,0.952536
1061,8.841667,-0.046379,0.016078,-0.041736,-0.997922,0.025851,0.963441,0.047242,-0.030125,-0.538202,0.095269,-0.836872,-0.358337,0.772345,0.141505,-0.001133,0.003567,0.011928,0.999922,-0.070755,0.902042,0.953652
1062,8.850000,-0.048631,0.016360,-0.041657,-0.997814,0.025890,0.963124,0.047271,-0.028278,-0.549677,0.095849,-0.829378,-0.350192,0.771705,0.146130,-0.001987,0.002348,0.012043,0.999923,-0.068845,0.902883,0.954200
1063,8.858333,-0.051367,0.016751,-0.041078,-0.997694,0.025863,0.962929,0.047263,-0.027112,-0.557276,0.099209,-0.823933,-0.341351,0.770919,0.150718,-0.002049,0.000329,0.012488,0.999920,-0.066927,0.903691,0.954829
1064,8.866667,-0.053075,0.016739,-0.040695,-0.997621,0.025866,0.962755,0.047253,-0.024067,-0.562826,0.099726,-0.820184,-0.331831,0.770566,0.155025,-0.002868,-0.000763,0.012877,0.999913,-0.065230,0.904610,0.955348
1065,8.875000,-0.053727,0.016656,-0.040574,-0.997592,0.025836,0.962533,0.047306,-0.020677,-0.563279,0.102452,-0.819630,-0.321574,0.770075,0.159597,-0.003524,-0.001998,0.013569,0.999900,-0.063523,0.905361,0.955777
1066,8.883333,-0.054470,0.016781,-0.040244,-0.997563,0.025855,0.962429,0.047333,-0.016192,-0.562429,0.104724,-0.820027,-0.310836,0.769636,0.164438,-0.004210,-0.003112,0.014189,0.999886,-0.061900,0.906112,0.956343
1067,8.891667,-0.054892,0.016974,-0.039992,-0.997547,0.025884,0.962355,0.047358,-0.012469,-0.557026,0.108263,-0.823314,-0.299263,0.769067,0.169969,-0.005227,-0.004414,0.014714,0.999868,-0.060395,0.906937,0.956834
1068,8.900000,-0.055411,0.016963,-0.039844,-0.997524,0.025874,0.962288,0.047376,-0.007038,-0.548406,0.110198,-0.828889,-0.287839,0.768554,0.175246,-0.005989,-0.005679,0.015210,0.999850,-0.058894,0.907675,0.957425
1069,8.908333,-0.055954,0.017287,-0.039540,-0.997500,0.025831,0.962224,0.047367,-0.005059,-0.537532,0.113429,-0.835564,-0.276377,0.768340,0.180705,-0.007050,-0.006899,0.015540,0.999831,-0.057574,0.908446,0.957914
1070,8.916667,-0.056594,0.016844,-0.037995,-0.997532,0.025842,0.962270,0.047514,-0.000346,-0.530939,0.115201,-0.839543,-0.264310,0.768011,0.186634,-0.007617,-0.008835,0.015975,0.999804,-0.056238,0.909157,0.958507
1071,8.925000,-0.057219,0.017098,-0.037624,-0.997506,0.025815,0.962208,0.047529,0.004884,-0.528165,0.113093,-0.841563,-0.252414,0.767899,0.192196,-0.008793,-0.009862,0.016249,0.999781,-0.055017,0.909860,0.958876
1072,8.933333,-0.057769,0.018908,-0.037971,-0.997428,0.025762,0.962125,0.047423,0.005768,-0.521012,0.113395,-0.845964,-0.240068,0.767873,0.198103,-0.010083,-0.011614,0.016559,0.999745,-0.053885,0.910604,0.959475
1073,8.941667,-0.057850,0.017760,-0.037226,-0.997473,0.025739,0.962194,0.047590,0.010766,-0.515418,0.113264,-0.849352,-0.227931,0.768056,0.203706,-0.010694,-0.012584,0.016776,0.999723,-0.052692,0.911093,0.959998
1074,8.950000,-0.058167,0.018206,-0.037045,-0.997453,0.025696,0.962150,0.047617,0.015444,-0.504252,0.110451,-0.856325,-0.215370,0.768481,0.209264,-0.011875,-0.013527,0.016942,0.999695,-0.051625,0.911629,0.960560
1075,8.958333,-0.058422,0.018863,-0.036982,-0.997428,0.025656,0.962088,0.047649,0.019924,-0.496888,0.106388,-0.861038,-0.202516,0.768957,0.215116,-0.013282,-0.014894,0.017271,0.999652,-0.050577,0.912251,0.961215
1076,8.966667,-0.058853,0.019158,-0.036826,-0.997403,0.025604,0.962069,0.047681,0.027737,-0.490732,0.102330,-0.864836,-0.190283,0.769353,0.220677,-0.014836,-0.016141,0.017376,0.999609,-0.049521,0.912772,0.961860
1077,8.975000,-0.059571,0.019908,-0.036451,-0.997360,0.025773,0.961949,0.047874,0.033983,-0.482427,0.099588,-0.869593,-0.178451,0.770005,0.226120,-0.016488,-0.017194,0.017650,0.999560,-0.048537,0.913345,0.962437
1078,8.983333,-0.060067,0.020596,-0.036552,-0.997312,0.025816,0.961937,0.047962,0.036170,-0.475239,0.097420,-0.873699,-0.166557,0.770750,0.231587,-0.018063,-0.018660,0.018018,0.999500,-0.047487,0.913908,0.963086
1079,8.991667,-0.059481,0.022689,-0.037889,-0.997252,0.025708,0.961875,0.047772,0.038505,-0.466139,0.093670,-0.878896,-0.154327,0.771451,0.236878,-0.020360,-0.019755,0.018514,0.999426,-0.046514,0.914536,0.963715
1080,9.000000,-0.062395,0.023468,-0.037267,-0.997079,0.025474,0.961535,0.047691,0.039964,-0.456119,0.092513,-0.884195,-0.142189,0.772078,0.242347,-0.022152,-0.021081,0.019277,0.999346,-0.045416,0.915055,0.964407
1081,9.008333,-0.064657,0.024543,-0.037432,-0.996903,0.025333,0.961479,0.047725,0.043550,-0.447523,0.090024,-0.888663,-0.130305,0.772849,0.247480,-0.023674,-0.022425,0.019880,0.999270,-0.044428,0.915550,0.965086
1082,9.016667,-0.064768,0.025702,-0.037463,-0.996866,0.025260,0.961468,0.047764,0.049272,-0.442647,0.087738,-0.891032,-0.118282,0.773577,0.252715,-0.025509,-0.023995,0.020621,0.999174,-0.043398,0.916069,0.965869
1083,9.025000,-0.065027,0.026278,-0.037327,-0.996839,0.025251,0.961429,0.047834,0.051245,-0.440944,0.086987,-0.891838,-0.105940,0.774481,0.258129,-0.027458,-0.025304,0.021600,0.999069,-0.042383,0.916572,0.966616
1084,9.033333,-0.065106,0.027033,-0.037349,-0.996813,0.025108,0.961457,0.047825,0.053758,-0.438292,0.086492,-0.893045,-0.093697,0.775446,0.263430,-0.029164,-0.026763,0.022514,0.998963,-0.041378,0.917189,0.967320
1085,9.041667,-0.065318,0.027563,-0.037198,-0.996790,0.025199,0.961411,0.047983,0.054092,-0.437990,0.087197,-0.893104,-0.081273,0.776556,0.268857,-0.031590,-0.027348,0.023353,0.998854,-0.040347,0.917607,0.967952
1086,9.050000,-0.065612,0.028213,-0.037300,-0.996749,0.025141,0.961449,0.048043,0.054050,-0.434651,0.086253,-0.894828,-0.068988,0.777619,0.273901,-0.033433,-0.028696,0.024225,0.998735,-0.039330,0.918053,0.968690
1087,9.058333,-0.065519,0.029065,-0.037423,-0.996726,0.025114,0.961450,0.048112,0.051505,-0.429169,0.084354,-0.897800,-0.056489,0.778754,0.278850,-0.035151,-0.030415,0.025313,0.998598,-0.038302,0.918558,0.969613
1088,9.066667,-0.065549,0.029972,-0.037446,-0.996696,0.025026,0.961464,0.048098,0.050610,-0.424164,0.083049,-0.900348,-0.044245,0.779974,0.283523,-0.036982,-0.032302,0.026054,0.998454,-0.037301,0.918921,0.970528
1089,9.075000,-0.066320,0.030733,-0.037373,-0.996625,0.025007,0.961411,0.048125,0.050564,-0.417724,0.081860,-0.903465,-0.031972,0.781114,0.288074,-0.039104,-0.034887,0.026806,0.998266,-0.036239,0.919311,0.971397
1090,9.083333,-0.066808,0.031511,-0.037188,-0.996575,0.024956,0.961347,0.048124,0.048087,-0.410112,0.080398,-0.907211,-0.019493,0.782245,0.292548,-0.041650,-0.036984,0.027578,0.998067,-0.035224,0.919705,0.972343
1091,9.091667,-0.067269,0.032398,-0.037242,-0.996513,0.024904,0.961317,0.048164,0.049973,-0.404869,0.078991,-0.909584,-0.007131,0.783442,0.296624,-0.043066,-0.040147,0.028358,0.997862,-0.034164,0.920117,0.973312
1092,9.100000,-0.067506,0.033357,-0.037509,-0.996455,0.024841,0.961341,0.048231,0.049569,-0.398952,0.077735,-0.912326,0.005428,0.784526,0.300810,-0.045339,-0.041882,0.029111,0.997669,-0.033256,0.920520,0.974258
1093,9.108333,-0.067963,0.033508,-0.037146,-0.996433,0.024789,0.961257,0.048265,0.050964,-0.391006,0.076025,-0.915826,0.018040,0.785714,0.304774,-0.047596,-0.044196,0.029971,0.997438,-0.032300,0.921003,0.975329
1094,9.116667,-0.068026,0.033758,-0.036769,-0.996434,0.024735,0.961201,0.048286,0.049894,-0.383727,0.074908,-0.919050,0.030537,0.786682,0.308538,-0.050169,-0.045704,0.030869,0.997217,-0.031399,0.921546,0.976139
1095,9.125000,-0.067709,0.033997,-0.036598,-0.996454,0.024683,0.961200,0.048303,0.051834,-0.374277,0.074588,-0.922858,0.043201,0.787750,0.312270,-0.054420,-0.048962,0.031834,0.996809,-0.030269,0.922055,0.976984
1096,9.133333,-0.067617,0.034137,-0.036542,-0.996457,0.024647,0.961199,0.048301,0.050974,-0.363400,0.075009,-0.927209,0.055195,0.788862,0.315185,-0.058561,-0.048790,0.032797,0.996551,-0.029426,0.922582,0.977304
1097,9.141667,-0.067363,0.034184,-0.036556,-0.996472,0.024605,0.961219,0.048302,0.052719,-0.355193,0.074792,-0.930304,0.067766,0.789872,0.318640,-0.056593,-0.053744,0.034556,0.996351,-0.028276,0.922989,0.978774
1098,9.150000,-0.067104,0.034221,-0.036679,-0.996484,0.024577,0.961247,0.048305,0.052504,-0.347275,0.074853,-0.933296,0.080192,0.790923,0.321863,-0.058971,-0.056824,0.036036,0.995989,-0.027125,0.923457,0.979473
1099,9.158333,-0.067005,0.033889,-0.036972,-0.996491,0.024637,0.961305,0.048310,0.055068,-0.340975,0.074392,-0.935505,0.092683,0.791861,0.325068,-0.062991,-0.061550,0.038810,0.995358,-0.025037,0.924083,0.980192
1100,9.166667,-0.065721,0.034320,-0.036851,-0.996567,0.024613,0.961296,0.048300,0.055793,-0.334123,0.073877,-0.937972,0.105241,0.792854,0.328289,-0.065567,-0.059283,0.040752,0.995252,-0.023310,0.924820,0.979007
1101,9.175000,-0.065896,0.033926,-0.037023,-0.996562,0.024590,0.961310,0.048241,0.056253,-0.327690,0.072475,-0.940320,0.117680,0.793713,0.331504,-0.069243,-0.059544,0.041973,0.994936,-0.022108,0.925488,0.979058
1102,9.183333,-0.065745,0.033451,-0.037195,-0.996582,0.024580,0.961348,0.048220,0.057411,-0.320354,0.071804,-0.942827,0.130051,0.794792,0.334667,-0.068517,-0.058858,0.042423,0.995008,-0.020958,0.925922,0.980103
1103,9.191667,-0.065239,0.032807,-0.037488,-0.996625,0.024583,0.961397,0.048192,0.058315,-0.314189,0.071036,-0.944901,0.142086,0.795846,0.337499,-0.064323,-0.058645,0.042218,0.995310,-0.019867,0.926266,0.981242
1104,9.200000,-0.064857,0.031928,-0.037732,-0.996670,0.024615,0.961449,0.048163,0.060628,-0.305725,0.068971,-0.947681,0.154235,0.796954,0.340537,-0.069888,-0.058399,0.042239,0.994948,-0.018535,0.927011,0.981232
1105,9.208333,-0.064167,0.030839,-0.038137,-0.996733,0.024630,0.961547,0.048094,0.061832,-0.299707,0.068098,-0.949587,0.165887,0.798090,0.343069,-0.075987,-0.058431,0.042235,0.994499,-0.017162,0.927468,0.980579
1106,9.216667,-0.063354,0.029120,-0.038553,-0.996821,0.024671,0.961640,0.048034,0.059168,-0.287981,0.065880,-0.953533,0.177593,0.799390,0.345784,-0.080838,-0.061320,0.042983,0.993910,-0.015760,0.927844,0.980332
1107,9.225000,-0.061674,0.026676,-0.038471,-0.996998,0.024728,0.961769,0.047975,0.065651,-0.284110,0.064350,-0.954374,0.188966,0.800453,0.348567,-0.073334,-0.061308,0.040264,0.994607,-0.014334,0.927469,0.981799
1108,9.233333,-0.060904,0.024127,-0.039309,-0.997077,0.024789,0.961921,0.047800,0.062611,-0.274971,0.063145,-0.957332,0.200502,0.801929,0.351542,-0.073997,-0.064674,0.040395,0.994339,-0.013047,0.927672,0.982452
1109,9.241667,-0.058535,0.021918,-0.039304,-0.997271,0.024825,0.961974,0.047554,0.066308,-0.270751,0.063304,-0.958274,0.211497,0.803332,0.354407,-0.075080,-0.066058,0.040627,0.994157,-0.011884,0.928025,0.982855
1110,9.250000,-0.055240,0.019760,-0.039486,-0.997496,0.024890,0.962032,0.047569,0.069784,-0.261474,0.060077,-0.960808,0.222867,0.804898,0.357203,-0.075388,-0.065568,0.040771,0.994161,-0.010714,0.928188,0.982880
1111,9.258333,-0.055351,0.018375,-0.039936,-0.997499,0.024999,0.962224,0.047335,0.069261,-0.254563,0.058681,-0.962786,0.233570,0.806356,0.359864,-0.076207,-0.064685,0.041284,0.994135,-0.009588,0.928480,0.982836
1112,9.266667,-0.054589,0.017190,-0.040577,-0.997536,0.025051,0.962371,0.047249,0.069189,-0.246630,0.058939,-0.964838,0.243841,0.807715,0.362264,-0.077613,-0.062408,0.041710,0.994154,-0.008375,0.928766,0.982407
1113,9.275000,-0.053436,0.016219,-0.041445,-0.997579,0.025095,0.962541,0.047187,0.067122,-0.231331,0.058511,-0.968792,0.254040,0.809477,0.364046,-0.077833,-0.063980,0.042405,0.994007,-0.007275,0.929014,0.982892
1114,9.283333,-0.052794,0.015047,-0.042047,-0.997606,0.025186,0.962828,0.047067,0.067904,-0.224332,0.058570,-0.970378,0.264007,0.810983,0.366401,-0.077516,-0.065458,0.043142,0.993904,-0.006017,0.929185,0.983130
1115,9.291667,-0.052949,0.013743,-0.042432,-0.997601,0.025182,0.963073,0.047053,0.068163,-0.217290,0.058068,-0.971991,0.273808,0.812495,0.368484,-0.076818,-0.070863,0.044158,0.993543,-0.004803,0.929388,0.984012
1116,9.300000,-0.052375,0.013438,-0.042399,-0.997636,0.025200,0.963140,0.047034,0.067386,-0.210171,0.058342,-0.973593,0.283338,0.813994,0.370550,-0.076436,-0.074062,0.045058,0.993299,-0.003422,0.929683,0.984458
1117,9.308333,-0.052316,0.016163,-0.041078,-0.997654,0.024768,0.962946,0.047154,0.067108,-0.203431,0.057841,-0.975073,0.292629,0.815505,0.372505,-0.073249,-0.062307,0.044250,0.994381,-0.002065,0.929530,0.982199
1118,9.316667,-0.051723,0.018840,-0.041086,-0.997638,0.024455,0.962952,0.046896,0.066147,-0.198341,0.058395,-0.976153,0.301695,0.816882,0.374274,-0.073025,-0.064152,0.045065,0.994244,-0.000549,0.929797,0.982196
1119,9.325000,-0.050327,0.020046,-0.040614,-0.997705,0.024546,0.962837,0.046898,0.065847,-0.191775,0.057437,-0.977542,0.310511,0.818371,0.376040,-0.073625,-0.065166,0.045869,0.994097,0.000888,0.930156,0.982201
1120,9.333333,-0.050590,0.019431,-0.040603,-0.997705,0.024630,0.962838,0.046953,0.064869,-0.186434,0.056891,-0.978672,0.319127,0.819768,0.377481,-0.074225,-0.066740,0.046556,0.993916,0.002429,0.930480,0.982183
1121,9.341667,-0.051979,0.018426,-0.040689,-0.997649,0.024715,0.962870,0.047037,0.065060,-0.182230,0.055797,-0.979513,0.327547,0.821275,0.378779,-0.074693,-0.066561,0.047326,0.993857,0.003929,0.930871,0.981761
1122,9.350000,-0.053224,0.018187,-0.041035,-0.997573,0.024693,0.962844,0.047067,0.063351,-0.176224,0.054193,-0.980813,0.335908,0.822875,0.379836,-0.075631,-0.067768,0.047889,0.993677,0.005488,0.931212,0.981687
1123,9.358333,-0.053161,0.017763,-0.041111,-0.997581,0.024729,0.962840,0.047048,0.067943,-0.170983,0.051334,-0.981587,0.343916,0.824116,0.380495,-0.075603,-0.069791,0.048681,0.993501,0.007001,0.931573,0.981802
1124,9.366667,-0.053115,0.017196,-0.041031,-0.997597,0.024804,0.962838,0.047051,0.061753,-0.165132,0.049201,-0.983106,0.351974,0.825557,0.381239,-0.076081,-0.070928,0.049172,0.993359,0.008625,0.931936,0.981560
1125,9.375000,-0.053133,0.017012,-0.041122,-0.997595,0.024815,0.962835,0.047036,0.065094,-0.160897,0.047063,-0.983697,0.359676,0.826792,0.381520,-0.076653,-0.072558,0.049803,0.993166,0.010155,0.932259,0.981538
1126,9.383333,-0.053283,0.017018,-0.041247,-0.997582,0.024798,0.962831,0.047029,0.075785,-0.159990,0.046175,-0.983121,0.367058,0.827949,0.381494,-0.076469,-0.074725,0.050276,0.992996,0.011742,0.932569,0.981645
1127,9.391667,-0.053277,0.016968,-0.041252,-0.997583,0.024802,0.962821,0.047030,0.075641,-0.156797,0.045735,-0.983667,0.374447,0.829123,0.381422,-0.076833,-0.075685,0.050767,0.992870,0.013320,0.932877,0.981427
1128,9.400000,-0.053256,0.016826,-0.041288,-0.997585,0.024820,0.962820,0.047022,0.076266,-0.153435,0.044531,-0.984204,0.381730,0.830324,0.381310,-0.076487,-0.077870,0.051172,0.992707,0.014830,0.933137,0.981632
1129,9.408333,-0.053263,0.016417,-0.041307,-0.997591,0.024846,0.962818,0.047020,0.076038,-0.149257,0.042616,-0.984949,0.388866,0.831463,0.381057,-0.076804,-0.077478,0.051629,0.992690,0.016507,0.933458,0.981052
1130,9.416667,-0.053229,0.016142,-0.041383,-0.997594,0.024873,0.962823,0.047017,0.073787,-0.142642,0.039801,-0.986217,0.395874,0.832384,0.380249,-0.076681,-0.078704,0.052122,0.992577,0.018084,0.933727,0.980978
1131,9.425000,-0.053340,0.015866,-0.041457,-0.997589,0.024893,0.962823,0.046998,0.072517,-0.137111,0.036817,-0.987211,0.402721,0.833469,0.379210,-0.075775,-0.080202,0.052691,0.992497,0.019731,0.933978,0.980927
1132,9.433333,-0.053383,0.015667,-0.041490,-0.997589,0.024916,0.962807,0.046992,0.071614,-0.134797,0.034837,-0.987668,0.409442,0.834572,0.378159,-0.076348,-0.080310,0.053188,0.992417,0.021347,0.934301,0.980545
1133,9.441667,-0.053478,0.015391,-0.041567,-0.997585,0.024934,0.962785,0.046980,0.071020,-0.133190,0.032524,-0.988007,0.415996,0.835544,0.376872,-0.075113,-0.081139,0.053801,0.992411,0.023024,0.934614,0.980177
1134,9.450000,-0.053802,0.015090,-0.041618,-0.997570,0.024959,0.962757,0.046968,0.066726,-0.131861,0.030349,-0.988554,0.422450,0.836930,0.375406,-0.075045,-0.081254,0.054201,0.992385,0.024648,0.934883,0.979779
1135,9.458333,-0.054086,0.014845,-0.041712,-0.997554,0.024976,0.962742,0.046946,0.068574,-0.130325,0.027400,-0.988718,0.428765,0.837877,0.373278,-0.074854,-0.081945,0.054597,0.992321,0.026179,0.935176,0.979525
1136,9.466667,-0.054788,0.014621,-0.041692,-0.997520,0.025021,0.962683,0.046998,0.065356,-0.127396,0.024156,-0.989402,0.434975,0.838814,0.370664,-0.073851,-0.083527,0.055048,0.992239,0.027817,0.935453,0.979473
1137,9.475000,-0.055186,0.014653,-0.041626,-0.997500,0.025058,0.962636,0.047039,0.062646,-0.126629,0.021798,-0.989730,0.441004,0.839746,0.368183,-0.074075,-0.082910,0.055366,0.992257,0.029394,0.935813,0.978898
1138,9.483333,-0.055168,0.014508,-0.041734,-0.997499,0.025077,0.962634,0.047001,0.061282,-0.126936,0.019415,-0.989826,0.446899,0.840659,0.365511,-0.073186,-0.083388,0.055701,0.992264,0.031019,0.936099,0.978600
1139,9.491667,-0.055364,0.014254,-0.041724,-0.997492,0.025106,0.962610,0.047002,0.056853,-0.125735,0.017216,-0.990284,0.452708,0.841591,0.362364,-0.072902,-0.083444,0.055873,0.992270,0.032552,0.936364,0.978335
1140,9.500000,-0.055502,0.014052,-0.041772,-0.997486,0.025129,0.962602,0.047014,0.055331,-0.126468,0.015610,-0.990303,0.458410,0.842488,0.359214,-0.072992,-0.083003,0.056195,0.992283,0.034119,0.936690,0.977883
1141,9.508333,-0.055762,0.013657,-0.041777,-0.997476,0.025164,0.962576,0.047009,0.052870,-0.126036,0.013497,-0.990524,0.463947,0.843233,0.355710,-0.071297,-0.083678,0.056724,0.992319,0.035766,0.937019,0.977652
1142,9.516667,-0.055848,0.013324,-0.041819,-0.997474,0.025199,0.962564,0.046996,0.050010,-0.125573,0.012021,-0.990750,0.469437,0.843838,0.352038,-0.070884,-0.085583,0.056973,0.992172,0.037239,0.937446,0.977895
1143,9.525000,-0.055899,0.013048,-0.041865,-0.997473,0.025213,0.962564,0.046983,0.047934,-0.123106,0.010352,-0.991181,0.474817,0.844273,0.347874,-0.069256,-0.094017,0.060862,0.991292,0.039658,0.937746,0.976786
1144,9.533333,-0.055868,0.012803,-0.041908,-0.997476,0.025232,0.962563,0.046996,0.029843,-0.120069,0.010013,-0.992266,0.480254,0.845156,0.344370,-0.068864,-0.090613,0.060312,0.991670,0.040627,0.937974,0.976996
1145,9.541667,-0.055784,0.012551,-0.042013,-0.997480,0.025262,0.962576,0.046989,0.027957,-0.118745,0.008634,-0.992494,0.485315,0.845462,0.339996,-0.068116,-0.087843,0.060547,0.991957,0.042064,0.938344,0.976448
1146,9.550000,-0.055739,0.012252,-0.042048,-0.997484,0.025290,0.962588,0.047002,0.026950,-0.117333,0.007669,-0.992697,0.490244,0.845731,0.335638,-0.066108,-0.086994,0.060830,0.992150,0.043632,0.938659,0.975999
1147,9.558333,-0.055775,0.011992,-0.042082,-0.997484,0.025325,0.962594,0.046992,0.026112,-0.116543,0.006753,-0.992819,0.495029,0.845931,0.330946,-0.065850,-0.084744,0.060859,0.992360,0.045027,0.938925,0.975419
1148,9.566667,-0.055747,0.011885,-0.042125,-0.997485,0.025344,0.962591,0.047003,0.026335,-0.116102,0.006277,-0.992868,0.499759,0.846147,0.326325,-0.065750,-0.082353,0.060973,0.992561,0.046280,0.939198,0.975039
1149,9.575000,-0.055748,0.011782,-0.042135,-0.997486,0.025353,0.962577,0.046995,0.026323,-0.117025,0.005986,-0.992762,0.504166,0.846243,0.321306,-0.064903,-0.080958,0.061053,0.992727,0.047678,0.939533,0.974798
1150,9.583333,-0.055700,0.011550,-0.042221,-0.997488,0.025381,0.962578,0.046996,0.024877,-0.115413,0.004928,-0.992994,0.508551,0.846301,0.316394,-0.065044,-0.079113,0.061262,0.992853,0.048808,0.939833,0.974689
1151,9.591667,-0.055695,0.011368,-0.042240,-0.997489,0.025414,0.962577,0.046995,0.023318,-0.114014,0.003704,-0.993199,0.512752,0.846293,0.311355,-0.064377,-0.078281,0.061689,0.992936,0.050082,0.940042,0.974549
1152,9.600000,-0.055593,0.011092,-0.042359,-0.997493,0.025453,0.962583,0.047009,0.041916,-0.119863,0.003349,-0.991900,0.516250,0.845900,0.305885,-0.063797,-0.076329,0.062188,0.993094,0.051395,0.940287,0.974195
1153,9.608333,-0.055649,0.010783,-0.042456,-0.997489,0.025501,0.962597,0.047007,0.032660,-0.119875,-0.001067,-0.992251,0.520387,0.845595,0.300443,-0.062728,-0.075696,0.062725,0.993177,0.052844,0.940558,0.973849
1154,9.616667,-0.055935,0.010251,-0.042561,-0.997474,0.025527,0.962605,0.047022,0.030753,-0.117872,-0.002140,-0.992550,0.524006,0.845644,0.295204,-0.061808,-0.074980,0.063585,0.993235,0.054293,0.940921,0.973423
1155,9.625000,-0.056012,0.010036,-0.042688,-0.997467,0.025557,0.962606,0.047007,0.028566,-0.117069,-0.002640,-0.992710,0.527418,0.845622,0.290013,-0.060431,-0.075024,0.064378,0.993265,0.055735,0.941225,0.973055
1156,9.633333,-0.055806,0.010004,-0.042857,-0.997471,0.025575,0.962595,0.046994,0.026596,-0.115339,-0.002714,-0.992966,0.530640,0.845543,0.284717,-0.059406,-0.074588,0.065234,0.993304,0.057140,0.941526,0.972534
1157,9.641667,-0.055710,0.009989,-0.043136,-0.997465,0.025580,0.962523,0.046924,0.023340,-0.116075,-0.003052,-0.992962,0.533719,0.845328,0.279614,-0.059804,-0.077990,0.066011,0.992967,0.058003,0.941706,0.972985
1158,9.650000,-0.055376,0.010295,-0.043602,-0.997460,0.025492,0.962416,0.046773,0.023503,-0.117060,-0.002334,-0.992844,0.536548,0.845024,0.274467,-0.062820,-0.094280,0.068600,0.991191,0.059178,0.942625,0.975811
1159,9.658333,-0.055680,0.009821,-0.043695,-0.997444,0.025525,0.962400,0.046757,0.026490,-0.121271,-0.001313,-0.992265,0.539286,0.844504,0.269326,-0.064069,-0.101749,0.071055,0.990199,0.060747,0.943699,0.976727
1160,9.666667,-0.055988,0.009670,-0.043802,-0.997423,0.025535,0.962385,0.046749,0.021342,-0.121168,0.002124,-0.992400,0.541452,0.844215,0.263505,-0.064209,-0.098360,0.071607,0.990492,0.062324,0.943859,0.975694
1161,9.675000,-0.056028,0.009596,-0.043902,-0.997417,0.025539,0.962366,0.046755,0.021002,-0.120391,0.003317,-0.992499,0.543577,0.843970,0.258283,-0.070519,-0.095937,0.068993,0.990486,0.062374,0.943213,0.976384
1162,9.683333,-0.056241,0.009341,-0.044062,-0.997401,0.025550,0.962355,0.046748,0.010815,-0.114846,0.003001,-0.993320,0.545500,0.844085,0.253178,-0.068953,-0.096584,0.069541,0.990495,0.063533,0.943358,0.976292
1163,9.691667,-0.056292,0.009265,-0.044195,-0.997393,0.025550,0.962340,0.046757,-0.004679,-0.110355,0.004846,-0.993869,0.547630,0.844339,0.248933,-0.067269,-0.095813,0.070213,0.990639,0.064769,0.943536,0.975906
1164,9.700000,-0.056390,0.009042,-0.044320,-0.997384,0.025572,0.962334,0.046758,0.005657,-0.107717,0.009736,-0.994118,0.548926,0.844791,0.243428,-0.065934,-0.095704,0.070765,0.990700,0.065824,0.943740,0.975849
1165,9.708333,-0.057413,0.008388,-0.044126,-0.997340,0.025664,0.962440,0.046979,0.005259,-0.107988,0.011699,-0.994070,0.550324,0.844410,0.238587,-0.063859,-0.095341,0.071527,0.990816,0.067063,0.943856,0.975540
1166,9.716667,-0.056478,0.008664,-0.044277,-0.997384,0.025668,0.962398,0.046872,0.005275,-0.108687,0.013874,-0.993965,0.551506,0.844198,0.233411,-0.062961,-0.094958,0.072122,0.990867,0.068214,0.943980,0.975297
1167,9.725000,-0.057338,0.008203,-0.044327,-0.997337,0.025685,0.962421,0.046967,0.002341,-0.109938,0.016722,-0.993795,0.552400,0.843787,0.228356,-0.061086,-0.096161,0.074106,0.990722,0.070041,0.943947,0.975019
1168,9.733333,-0.057260,0.008065,-0.044386,-0.997340,0.025704,0.962423,0.046979,0.000956,-0.109707,0.019112,-0.993780,0.553138,0.843473,0.223492,-0.060893,-0.094034,0.074621,0.990899,0.071270,0.944103,0.974554
1169,9.741667,-0.057330,0.008052,-0.044551,-0.997328,0.025698,0.962416,0.046978,-0.004611,-0.108653,0.021958,-0.993827,0.553673,0.843149,0.218384,-0.059320,-0.094043,0.075452,0.990931,0.072432,0.944191,0.974260
1170,9.750000,-0.057292,0.008020,-0.044703,-0.997324,0.025687,0.962412,0.046974,-0.006186,-0.108427,0.024490,-0.993783,0.553871,0.842802,0.213624,-0.059159,-0.091938,0.075923,0.991102,0.073732,0.944407,0.973659
1171,9.758333,-0.057151,0.007933,-0.044832,-0.997327,0.025671,0.962431,0.046976,-0.009743,-0.108072,0.026521,-0.993742,0.553907,0.842415,0.208887,-0.056722,-0.091747,0.076705,0.991202,0.075107,0.944462,0.973143
1172,9.766667,-0.056157,0.008375,-0.045173,-0.997364,0.025601,0.962394,0.046817,-0.013088,-0.108042,0.027472,-0.993681,0.553719,0.841950,0.204323,-0.054475,-0.091155,0.077295,0.991337,0.076361,0.944537,0.972756
1173,9.775000,-0.055756,0.008405,-0.045467,-0.997373,0.025528,0.962397,0.046747,-0.013836,-0.108544,0.027358,-0.993619,0.553376,0.841523,0.199818,-0.053343,-0.089338,0.077782,0.991526,0.077531,0.944618,0.972387
1174,9.783333,-0.055482,0.008368,-0.045651,-0.997380,0.025504,0.962447,0.046749,-0.010662,-0.110571,0.025670,-0.993479,0.552915,0.841161,0.195413,-0.053309,-0.087520,0.078134,0.991662,0.078807,0.944647,0.971893
1175,9.791667,-0.055565,0.008002,-0.045808,-0.997372,0.025507,0.962526,0.046788,-0.010265,-0.111661,0.022862,-0.993430,0.552406,0.840717,0.190890,-0.051807,-0.086293,0.078535,0.991817,0.080006,0.944731,0.971612
1176,9.800000,-0.054988,0.008207,-0.045734,-0.997405,0.025467,0.962560,0.046810,-0.005382,-0.111639,0.017311,-0.993584,0.551991,0.840328,0.186354,-0.049832,-0.084992,0.079411,0.991961,0.081251,0.944925,0.971116
1177,9.808333,-0.054709,0.008289,-0.045783,-0.997418,0.025447,0.962582,0.046824,-0.003916,-0.111328,0.010516,-0.993720,0.551506,0.839973,0.181938,-0.048974,-0.083319,0.079732,0.992120,0.082587,0.944936,0.970447
1178,9.816667,-0.054623,0.008316,-0.045833,-0.997420,0.025434,0.962599,0.046820,0.000163,-0.111439,0.003091,-0.993767,0.551000,0.839754,0.177747,-0.046946,-0.082341,0.080315,0.992253,0.083670,0.945038,0.970207
1179,9.825000,-0.054460,0.008319,-0.045924,-0.997425,0.025425,0.962610,0.046814,-0.000595,-0.112052,-0.005229,-0.993688,0.550366,0.839623,0.173383,-0.046994,-0.081059,0.080770,0.992319,0.084915,0.945090,0.969740
1180,9.833333,-0.054391,0.008306,-0.046041,-0.997423,0.025398,0.962602,0.046798,0.004708,-0.115400,-0.014094,-0.993208,0.549656,0.839512,0.169498,-0.045823,-0.079504,0.081128,0.992471,0.086005,0.945190,0.969363
1181,9.841667,-0.055633,0.007596,-0.045676,-0.997377,0.025495,0.962703,0.047034,0.007384,-0.118056,-0.022447,-0.992726,0.548805,0.839293,0.165361,-0.044268,-0.079216,0.081395,0.992542,0.087288,0.945289,0.968807
1182,9.850000,-0.055418,0.007536,-0.045530,-0.997396,0.025534,0.962735,0.047040,0.012624,-0.120950,-0.031494,-0.992079,0.547909,0.839231,0.161313,-0.043832,-0.077572,0.081592,0.992675,0.088517,0.945352,0.968309
1183,9.858333,-0.054987,0.007782,-0.045636,-0.997413,0.025534,0.962701,0.046960,0.019078,-0.124645,-0.040542,-0.991189,0.546825,0.839135,0.157024,-0.042441,-0.076107,0.081785,0.992833,0.089821,0.945453,0.968003
1184,9.866667,-0.055421,0.007511,-0.045567,-0.997395,0.025531,0.962744,0.047029,0.024519,-0.126527,-0.049216,-0.990438,0.545728,0.839028,0.152960,-0.040689,-0.074485,0.082016,0.993010,0.091240,0.945429,0.967227
1185,9.875000,-0.055406,0.007492,-0.045546,-0.997396,0.025510,0.962764,0.047017,0.025680,-0.130257,-0.056962,-0.989510,0.544641,0.838682,0.149243,-0.039411,-0.074043,0.082177,0.993082,0.092594,0.945496,0.966925
1186,9.883333,-0.055242,0.007507,-0.045495,-0.997408,0.025486,0.962771,0.047011,0.027531,-0.135282,-0.063590,-0.988381,0.543509,0.838318,0.145550,-0.039280,-0.072886,0.082005,0.993187,0.093898,0.945418,0.966312
1187,9.891667,-0.055217,0.007581,-0.045485,-0.997409,0.025459,0.962775,0.047007,0.027645,-0.140277,-0.069162,-0.987307,0.542298,0.837832,0.141933,-0.037306,-0.071461,0.081986,0.993368,0.095173,0.945414,0.965847
1188,9.900000,-0.055095,0.007635,-0.045449,-0.997417,0.025416,0.962781,0.046993,0.028171,-0.144543,-0.073551,-0.986359,0.541033,0.837311,0.138169,-0.036792,-0.069363,0.081957,0.993538,0.096434,0.945276,0.965404
1189,9.908333,-0.055004,0.007652,-0.045432,-0.997423,0.025370,0.962787,0.046982,0.030581,-0.148692,-0.076131,-0.985474,0.539729,0.836702,0.134293,-0.036281,-0.067380,0.081809,0.993706,0.097766,0.945168,0.964874
1190,9.916667,-0.054896,0.007647,-0.045452,-0.997428,0.025350,0.962797,0.046980,0.027816,-0.154016,-0.077273,-0.984649,0.538507,0.835885,0.130712,-0.034535,-0.067631,0.082360,0.993705,0.099108,0.945303,0.964884
1191,9.925000,-0.054997,0.007657,-0.045470,-0.997421,0.025334,0.962809,0.046970,0.027733,-0.158706,-0.076948,-0.983932,0.537142,0.835057,0.127137,-0.034426,-0.064900,0.082162,0.993908,0.100388,0.945184,0.964558
1192,9.933333,-0.054831,0.007654,-0.045464,-0.997431,0.025326,0.962814,0.046971,0.026990,-0.159995,-0.075623,-0.983847,0.535872,0.834203,0.123243,-0.032966,-0.063674,0.082403,0.994016,0.101773,0.945183,0.964242
1193,9.941667,-0.054792,0.007564,-0.045473,-0.997433,0.025322,0.962827,0.046976,0.025988,-0.166676,-0.071558,-0.983068,0.534449,0.833153,0.119824,-0.032039,-0.061266,0.082476,0.994192,0.103093,0.945076,0.963406
1194,9.950000,-0.054774,0.007488,-0.045488,-0.997434,0.025320,0.962828,0.046963,0.024995,-0.170068,-0.067093,-0.982828,0.533057,0.832128,0.116141,-0.028530,-0.061115,0.083002,0.994264,0.104563,0.945049,0.962946
1195,9.958333,-0.054888,0.007417,-0.045281,-0.997438,0.025310,0.962808,0.046965,0.022364,-0.170132,-0.062016,-0.983214,0.531708,0.831064,0.112518,-0.027180,-0.058729,0.082985,0.994447,0.105935,0.944807,0.962207
1196,9.966667,-0.054791,0.007609,-0.045006,-0.997454,0.025296,0.962769,0.046954,0.019523,-0.171941,-0.056049,-0.983318,0.530324,0.829895,0.109099,-0.026252,-0.057183,0.083386,0.994529,0.107341,0.944763,0.961861
1197,9.975000,-0.054947,0.008046,-0.044677,-0.997457,0.025262,0.962691,0.046932,0.016972,-0.172690,-0.049543,-0.983583,0.528847,0.828697,0.105789,-0.025484,-0.055057,0.083522,0.994657,0.108819,0.944614,0.961332
1198,9.983333,-0.055640,0.008591,-0.044344,-0.997429,0.025182,0.962592,0.046849,0.014496,-0.170507,-0.043115,-0.984306,0.527419,0.827535,0.102215,-0.023786,-0.053205,0.083791,0.994778,0.110247,0.944560,0.960581
1199,9.991667,-0.053942,0.008682,-0.044332,-0.997522,0.025193,0.962643,0.047040,0.010934,-0.170499,-0.037140,-0.984597,0.525680,0.826187,0.099050,-0.023426,-0.051734,0.083769,0.994866,0.111654,0.944365,0.959815
1200,10.000000,-0.054178,0.008638,-0.044321,-0.997510,0.025170,0.962619,0.047017,0.007925,-0.169580,-0.030865,-0.985001,0.523944,0.824923,0.095789,-0.021363,-0.050359,0.084039,0.994960,0.113215,0.944321,0.959275
1201,10.008333,-0.054452,0.008810,-0.044416,-0.997489,0.025147,0.962610,0.047007,0.008536,-0.168858,-0.025513,-0.985273,0.521958,0.823576,0.092663,-0.019312,-0.049973,0.084376,0.994993,0.114707,0.944296,0.958919
1202,10.016667,-0.054925,0.008647,-0.044893,-0.997443,0.025125,0.962645,0.046968,0.008119,-0.166128,-0.020717,-0.985853,0.519971,0.822264,0.089208,-0.018497,-0.046979,0.084467,0.995146,0.116191,0.944063,0.958130
1203,10.025000,-0.055205,0.008380,-0.045358,-0.997409,0.025107,0.962673,0.046929,0.012771,-0.161522,-0.018259,-0.986618,0.517815,0.821103,0.085729,-0.019315,-0.045795,0.084627,0.995173,0.117966,0.943933,0.957446
1204,10.033333,-0.055522,0.007933,-0.045846,-0.997373,0.025094,0.962709,0.046884,0.007226,-0.154404,-0.017375,-0.987829,0.515647,0.819980,0.083062,-0.019213,-0.045537,0.085261,0.995132,0.119801,0.943855,0.957272
1205,10.041667,-0.055694,0.007858,-0.046128,-0.997351,0.025058,0.962725,0.046858,0.001217,-0.146215,-0.017319,-0.989101,0.513441,0.819083,0.080394,-0.021075,-0.043847,0.085100,0.995184,0.121673,0.943546,0.956709
1206,10.050000,-0.055864,0.007926,-0.046276,-0.997334,0.025019,0.962729,0.046865,0.002284,-0.138816,-0.019496,-0.990124,0.511194,0.818363,0.077829,-0.020061,-0.044182,0.085544,0.995152,0.123573,0.943503,0.956361
1207,10.058333,-0.055916,0.008042,-0.046427,-0.997323,0.024973,0.962747,0.046862,0.002703,-0.130332,-0.022188,-0.991218,0.509110,0.817799,0.075195,-0.019356,-0.043956,0.085509,0.995179,0.125674,0.943229,0.955261
1208,10.066667,-0.055786,0.008161,-0.046690,-0.997317,0.024919,0.962766,0.046861,-0.006486,-0.120522,-0.023991,-0.992400,0.506907,0.817151,0.072182,-0.019054,-0.042380,0.085556,0.995249,0.127595,0.942875,0.954222
1209,10.075000,-0.056138,0.008354,-0.046950,-0.997284,0.024856,0.962784,0.046818,-0.009435,-0.112413,-0.024912,-0.993305,0.504710,0.816502,0.069471,-0.017325,-0.040140,0.085857,0.995348,0.129452,0.942622,0.953407
1210,10.083333,-0.056186,0.008434,-0.047255,-0.997266,0.024811,0.962803,0.046820,-0.011422,-0.103304,-0.024471,-0.994283,0.502834,0.815792,0.067422,-0.015247,-0.038401,0.086292,0.995413,0.131293,0.942368,0.952482
1211,10.091667,-0.056168,0.008453,-0.047631,-0.997249,0.024803,0.962847,0.046818,-0.016448,-0.094233,-0.024858,-0.995104,0.501664,0.815074,0.065700,-0.013804,-0.035588,0.086695,0.995503,0.133033,0.942082,0.951575
1212,10.100000,-0.056253,0.008487,-0.047970,-0.997227,0.024749,0.962875,0.046789,-0.025701,-0.084371,-0.026027,-0.995763,0.501100,0.814408,0.063579,-0.011429,-0.034503,0.087328,0.995516,0.134950,0.941945,0.950734
1213,10.108333,-0.056327,0.008866,-0.048255,-0.997206,0.024722,0.962900,0.046798,-0.026990,-0.077527,-0.027273,-0.996252,0.500921,0.813711,0.062006,-0.010286,-0.031832,0.087890,0.995568,0.136684,0.941680,0.949943
1214,10.116667,-0.056173,0.009138,-0.048528,-0.997199,0.024670,0.962911,0.046779,-0.026869,-0.071514,-0.029279,-0.996648,0.501253,0.812720,0.060587,-0.007730,-0.030291,0.088660,0.995571,0.138603,0.941524,0.948977
1215,10.125000,-0.054911,0.009117,-0.048531,-0.997269,0.024715,0.962962,0.046689,-0.026172,-0.065971,-0.030831,-0.997002,0.501815,0.811789,0.059360,-0.005603,-0.027922,0.089301,0.995598,0.140295,0.941243,0.948027
1216,10.133333,-0.054452,0.009036,-0.048567,-0.997294,0.024726,0.962996,0.046640,-0.021874,-0.060949,-0.032540,-0.997371,0.502358,0.811012,0.058088,-0.003693,-0.025358,0.089705,0.995639,0.142105,0.940979,0.947059
1217,10.141667,-0.054221,0.009196,-0.048604,-0.997303,0.024703,0.962981,0.046636,-0.018725,-0.057205,-0.033912,-0.997611,0.502645,0.810680,0.057351,-0.001151,-0.021001,0.090261,0.995696,0.143483,0.940587,0.946363
1218,10.150000,-0.054405,0.009340,-0.048863,-0.997279,0.024667,0.962993,0.046624,-0.017535,-0.052230,-0.034878,-0.997872,0.502459,0.810430,0.056459,-0.000308,-0.020253,0.090016,0.995734,0.145576,0.940292,0.945193
1219,10.158333,-0.054229,0.009511,-0.048917,-0.997284,0.024642,0.962969,0.046638,-0.017688,-0.046786,-0.035605,-0.998114,0.502034,0.810226,0.055678,0.001037,-0.019400,0.089860,0.995765,0.147384,0.940014,0.944424
1220,10.166667,-0.054400,0.009685,-0.049095,-0.997265,0.024622,0.962968,0.046634,-0.018099,-0.041959,-0.036010,-0.998306,0.501549,0.810082,0.054927,0.003162,-0.017903,0.089299,0.995839,0.149166,0.939690,0.943582
1221,10.175000,-0.054676,0.009903,-0.049240,-0.997240,0.024604,0.962962,0.046638,-0.017258,-0.038453,-0.035692,-0.998474,0.501096,0.810151,0.054259,0.004782,-0.016508,0.088730,0.995907,0.150799,0.939323,0.943008
1222,10.183333,-0.055182,0.010050,-0.049436,-0.997201,0.024570,0.962940,0.046687,-0.017070,-0.034535,-0.034911,-0.998648,0.500876,0.810294,0.053510,0.006180,-0.015004,0.087811,0.996005,0.152471,0.938926,0.942222
1223,10.191667,-0.055680,0.010250,-0.049668,-0.997160,0.024529,0.962919,0.046720,-0.018301,-0.029506,-0.033759,-0.998827,0.500768,0.810536,0.052627,0.007246,-0.013178,0.086382,0.996149,0.154144,0.938299,0.941547
1224,10.200000,-0.055754,0.010383,-0.049824,-0.997147,0.024500,0.962906,0.046739,-0.018431,-0.025163,-0.032184,-0.998995,0.500679,0.810844,0.051893,0.008362,-0.010926,0.084969,0.996289,0.155686,0.937822,0.940859
1225,10.208333,-0.056357,0.010831,-0.050123,-0.997093,0.024425,0.962867,0.046821,-0.020639,-0.020209,-0.029932,-0.999134,0.500614,0.811210,0.051276,0.009278,-0.009279,0.083529,0.996419,0.157395,0.937180,0.940256
1226,10.216667,-0.056314,0.011147,-0.050266,-0.997085,0.024422,0.962861,0.046852,-0.021910,-0.015585,-0.027350,-0.999264,0.500550,0.811622,0.050488,0.010150,-0.008148,0.082329,0.996520,0.159020,0.936629,0.939862
1227,10.225000,-0.056940,0.011000,-0.050385,-0.997045,0.024453,0.962846,0.046879,-0.020627,-0.013262,-0.024760,-0.999393,0.500526,0.812095,0.050070,0.010840,-0.007665,0.081627,0.996575,0.160729,0.936158,0.939676
1228,10.233333,-0.056896,0.011116,-0.050504,-0.997040,0.024461,0.962828,0.046937,-0.017674,-0.012193,-0.022165,-0.999524,0.500588,0.812603,0.049719,0.010869,-0.006530,0.080958,0.996637,0.162350,0.935456,0.939389
1229,10.241667,-0.056910,0.011386,-0.050547,-0.997034,0.024453,0.962821,0.046968,-0.015183,-0.011638,-0.019349,-0.999630,0.500708,0.813185,0.049514,0.011247,-0.006087,0.080917,0.996639,0.164124,0.934840,0.939232
1230,10.250000,-0.056959,0.011409,-0.050565,-0.997030,0.024450,0.962828,0.046974,-0.015102,-0.006546,-0.015369,-0.999746,0.500671,0.813947,0.048859,0.011365,-0.005086,0.081034,0.996634,0.165812,0.934226,0.938981
1231,10.258333,-0.057159,0.011551,-0.050521,-0.997019,0.024441,0.962807,0.046988,-0.012530,-0.005572,-0.013023,-0.999821,0.500735,0.814446,0.048770,0.011191,-0.004276,0.081553,0.996597,0.167725,0.933614,0.938673
1232,10.266667,-0.057416,0.011877,-0.050335,-0.997010,0.024428,0.962770,0.047030,-0.010349,-0.004147,-0.011264,-0.999874,0.500775,0.814879,0.048490,0.011232,-0.003560,0.082374,0.996532,0.169495,0.933062,0.938446
1233,10.275000,-0.057708,0.012034,-0.050336,-0.996991,0.024416,0.962732,0.047050,-0.007380,-0.002929,-0.010123,-0.999917,0.500770,0.815187,0.048197,0.010685,-0.002980,0.083391,0.996455,0.171278,0.932558,0.938297
1234,10.283333,-0.057974,0.012082,-0.050336,-0.996975,0.024418,0.962718,0.047072,-0.006456,-0.001624,-0.009753,-0.999930,0.500720,0.815377,0.047997,0.010587,-0.002712,0.084828,0.996336,0.173068,0.932069,0.938129
1235,10.291667,-0.058593,0.011941,-0.050484,-0.996933,0.024431,0.962722,0.047046,-0.005161,-0.000184,-0.009772,-0.999939,0.500692,0.815490,0.047704,0.009738,-0.002408,0.086179,0.996229,0.174984,0.931542,0.937874
1236,10.300000,-0.058878,0.011903,-0.050485,-0.996917,0.024438,0.962714,0.047061,-0.003187,0.000633,-0.009812,-0.999947,0.500640,0.815553,0.047532,0.009132,-0.002218,0.087541,0.996117,0.176841,0.931042,0.937648
1237,10.308333,-0.058942,0.011970,-0.050468,-0.996913,0.024449,0.962700,0.047073,-0.001476,0.000979,-0.010186,-0.999947,0.500540,0.815529,0.047361,0.008606,-0.002035,0.089156,0.995978,0.178872,0.930570,0.937429
1238,10.316667,-0.058538,0.012994,-0.050260,-0.996935,0.024434,0.962716,0.047013,-0.000260,0.001583,-0.010641,-0.999942,0.500445,0.815472,0.047168,0.007084,-0.000898,0.090847,0.995839,0.180716,0.930419,0.937303
1239,10.325000,-0.058244,0.013294,-0.049953,-0.996963,0.024483,0.962760,0.046999,-0.000196,0.002913,-0.010699,-0.999938,0.500341,0.815489,0.046867,0.006345,-0.000739,0.092654,0.995678,0.182732,0.929848,0.937038
1240,10.333333,-0.058283,0.013116,-0.050083,-0.996957,0.024514,0.962751,0.047043,0.000293,0.003486,-0.010911,-0.999934,0.500328,0.815506,0.046710,0.007114,-0.000594,0.094617,0.995488,0.184549,0.929599,0.936842
1241,10.341667,-0.058677,0.012396,-0.050575,-0.996918,0.024558,0.962773,0.047091,0.001339,0.003752,-0.011052,-0.999931,0.500358,0.815565,0.046675,0.006620,-0.000081,0.096617,0.995300,0.186653,0.929039,0.936513
1242,10.350000,-0.058540,0.010944,-0.051604,-0.996890,0.024636,0.962914,0.046991,0.002624,0.004066,-0.011155,-0.999926,0.500371,0.815635,0.046652,0.009005,0.003233,0.101276,0.994812,0.188019,0.928275,0.936956
1243,10.358333,-0.058664,0.010353,-0.051941,-0.996872,0.024645,0.962929,0.046962,0.003705,0.004131,-0.010966,-0.999925,0.500413,0.815751,0.046668,0.009538,0.003230,0.103116,0.994618,0.189789,0.927871,0.936778
1244,10.366667,-0.058040,0.010535,-0.052146,-0.996896,0.024568,0.962966,0.046870,0.005044,0.004373,-0.010662,-0.999921,0.500454,0.815850,0.046660,0.009541,0.002198,0.104498,0.994477,0.191187,0.927502,0.936426
1245,10.375000,-0.057564,0.011711,-0.052203,-0.996907,0.024497,0.962967,0.046751,0.006030,0.004478,-0.010336,-0.999918,0.500496,0.815927,0.046653,0.009286,0.003366,0.106729,0.994239,0.193070,0.927074,0.936423
1246,10.383333,-0.057626,0.011865,-0.052263,-0.996899,0.024474,0.962942,0.046724,0.006713,0.004680,-0.010128,-0.999915,0.500543,0.815983,0.046629,0.008763,0.004043,0.108108,0.994092,0.194662,0.926634,0.936277
1247,10.391667,-0.057889,0.011543,-0.052434,-0.996878,0.024477,0.962907,0.046741,0.007608,0.004784,-0.009602,-0.999914,0.500559,0.816133,0.046607,0.008162,0.004034,0.109338,0.993963,0.196316,0.926209,0.936185
1248,10.400000,-0.058238,0.011232,-0.052589,-0.996853,0.024492,0.962886,0.046760,0.008169,0.005062,-0.009409,-0.999910,0.500575,0.816208,0.046583,0.007193,0.004361,0.110185,0.993876,0.197917,0.925736,0.935931
1249,10.408333,-0.058335,0.010988,-0.052735,-0.996843,0.024497,0.962867,0.046756,0.008728,0.005441,-0.009113,-0.999906,0.500564,0.816283,0.046579,0.006591,0.004747,0.111282,0.993756,0.199413,0.925248,0.935726
1250,10.416667,-0.058494,0.010653,-0.052932,-0.996827,0.024494,0.962852,0.046755,0.009392,0.005734,-0.008885,-0.999900,0.500566,0.816354,0.046576,0.005421,0.004511,0.112078,0.993674,0.200988,0.924769,0.935471
1251,10.425000,-0.058559,0.010388,-0.053090,-0.996817,0.024493,0.962844,0.046746,0.010144,0.005979,-0.008550,-0.999894,0.500564,0.816439,0.046564,0.005506,0.004006,0.112986,0.993573,0.202506,0.924341,0.935474
1252,10.433333,-0.058779,0.010152,-0.053256,-0.996798,0.024489,0.962835,0.046742,0.011230,0.006229,-0.008224,-0.999884,0.500579,0.816533,0.046525,0.005366,0.003500,0.113661,0.993499,0.204246,0.923876,0.935324
1253,10.441667,-0.058969,0.009885,-0.053416,-0.996781,0.024471,0.962812,0.046742,0.012393,0.006519,-0.007921,-0.999871,0.500637,0.816635,0.046464,0.005043,0.003489,0.114318,0.993425,0.205716,0.923358,0.935055
1254,10.450000,-0.059123,0.009775,-0.053549,-0.996766,0.024450,0.962787,0.046741,0.014046,0.006810,-0.007400,-0.999851,0.500622,0.816779,0.046470,0.005209,0.003367,0.114653,0.993386,0.207384,0.922809,0.934980
1255,10.458333,-0.059374,0.009548,-0.053700,-0.996745,0.024444,0.962756,0.046747,0.015392,0.007141,-0.007136,-0.999831,0.500665,0.816908,0.046422,0.004919,0.003302,0.115229,0.993321,0.208995,0.922278,0.934755
1256,10.466667,-0.059656,0.009193,-0.053839,-0.996724,0.024454,0.962730,0.046757,0.017255,0.007533,-0.007361,-0.999796,0.500705,0.816951,0.046375,0.006364,0.002321,0.114209,0.993434,0.210144,0.922142,0.934244
1257,10.475000,-0.059826,0.008937,-0.053897,-0.996713,0.024445,0.962740,0.046764,0.019083,0.007906,-0.007093,-0.999762,0.500709,0.817097,0.046348,0.006574,0.002391,0.114582,0.993389,0.211652,0.921693,0.934120
1258,10.483333,-0.060050,0.008713,-0.054006,-0.996695,0.024448,0.962717,0.046757,0.021062,0.008409,-0.006646,-0.999721,0.500712,0.817259,0.046313,0.007106,0.002570,0.114900,0.993348,0.213228,0.921177,0.934024
1259,10.491667,-0.059298,0.009753,-0.054025,-0.996730,0.024372,0.962717,0.046681,0.022444,0.008763,-0.005644,-0.999694,0.500662,0.817536,0.046279,0.007222,0.002326,0.115045,0.993331,0.214852,0.920681,0.933717
1260,10.500000,-0.059403,0.009474,-0.054036,-0.996725,0.024368,0.962704,0.046681,0.024096,0.009487,-0.005375,-0.999650,0.500668,0.817678,0.046218,0.007636,0.002446,0.115286,0.993300,0.216466,0.920156,0.933518
1261,10.508333,-0.059434,0.009051,-0.054036,-0.996728,0.024373,0.962701,0.046664,0.025524,0.009915,-0.005874,-0.999608,0.500753,0.817697,0.046170,0.007002,0.003285,0.115386,0.993291,0.218055,0.919570,0.933174
1262,10.516667,-0.059464,0.008681,-0.054047,-0.996728,0.024383,0.962704,0.046666,0.027070,0.010286,-0.005781,-0.999564,0.500801,0.817783,0.046181,0.007597,0.003781,0.115560,0.993264,0.219658,0.919085,0.932840
1263,10.525000,-0.059620,0.008198,-0.054116,-0.996720,0.024414,0.962716,0.046676,0.028470,0.010959,-0.005557,-0.999519,0.500752,0.817878,0.046144,0.007017,0.004163,0.115590,0.993264,0.221279,0.918484,0.932616
1264,10.533333,-0.059457,0.007895,-0.054170,-0.996729,0.024429,0.962725,0.046671,0.029632,0.011168,-0.005407,-0.999484,0.500736,0.817998,0.046122,0.006716,0.004909,0.115871,0.993230,0.222826,0.917947,0.932330
1265,10.541667,-0.059392,0.007431,-0.054212,-0.996734,0.024459,0.962734,0.046689,0.030624,0.011308,-0.005218,-0.999453,0.500709,0.818112,0.046098,0.006916,0.005025,0.116011,0.993211,0.224529,0.917480,0.932088
1266,10.550000,-0.059510,0.006940,-0.054315,-0.996725,0.024502,0.962745,0.046710,0.031517,0.011353,-0.005122,-0.999426,0.500673,0.818219,0.046074,0.006743,0.005730,0.116173,0.993190,0.226098,0.916928,0.931840
1267,10.558333,-0.059757,0.006267,-0.054347,-0.996713,0.024528,0.962750,0.046756,0.032427,0.011441,-0.005051,-0.999396,0.500670,0.818308,0.046062,0.006595,0.006267,0.116522,0.993146,0.227797,0.916403,0.931616
1268,10.566667,-0.059698,0.005536,-0.054551,-0.996709,0.024566,0.962754,0.046807,0.033271,0.011587,-0.005011,-0.999367,0.500664,0.818394,0.046039,0.006590,0.006531,0.116960,0.993093,0.229500,0.915972,0.931474
1269,10.575000,-0.059425,0.004789,-0.054811,-0.996715,0.024612,0.962759,0.046856,0.034312,0.011805,-0.004976,-0.999329,0.500631,0.818489,0.046021,0.007126,0.006565,0.117332,0.993046,0.231367,0.915469,0.931405
1270,10.583333,-0.058943,0.003841,-0.055078,-0.996733,0.024658,0.962771,0.046937,0.035279,0.011836,-0.004672,-0.999297,0.500628,0.818622,0.045996,0.006970,0.007154,0.117770,0.992991,0.233098,0.914942,0.931295
1271,10.591667,-0.058220,0.002602,-0.055375,-0.996763,0.024703,0.962794,0.047066,0.036606,0.011914,-0.004648,-0.999248,0.500622,0.818721,0.045980,0.007051,0.007554,0.118516,0.992898,0.234925,0.914457,0.931186
1272,10.600000,-0.057563,0.001194,-0.055714,-0.996785,0.024780,0.962783,0.047205,0.037813,0.011859,-0.004959,-0.999202,0.500585,0.818765,0.045950,0.006868,0.007487,0.119126,0.992827,0.236802,0.913921,0.931167
1273,10.608333,-0.056815,-0.000463,-0.056233,-0.996800,0.024898,0.962777,0.047361,0.038735,0.011579,-0.005074,-0.999170,0.500545,0.818871,0.045933,0.006881,0.007241,0.119797,0.992748,0.238659,0.913429,0.931170
1274,10.616667,-0.055833,-0.002081,-0.056860,-0.996818,0.024979,0.962775,0.047523,0.040226,0.011893,-0.005061,-0.999107,0.500527,0.818987,0.045924,0.006505,0.007125,0.120319,0.992688,0.240654,0.912783,0.931084
1275,10.625000,-0.054454,-0.003729,-0.057668,-0.996843,0.025066,0.962758,0.047731,0.041238,0.012398,-0.005022,-0.999060,0.500549,0.819156,0.045939,0.006712,0.006498,0.121092,0.992597,0.242734,0.912188,0.931151
1276,10.633333,-0.052528,-0.005640,-0.058558,-0.996885,0.025175,0.962688,0.047998,0.042131,0.012943,-0.005014,-0.999016,0.500531,0.819264,0.045922,0.006363,0.006380,0.121772,0.992517,0.244728,0.911571,0.931166
1277,10.641667,-0.050598,-0.007728,-0.059562,-0.996912,0.025305,0.962626,0.048308,0.042741,0.013305,-0.005024,-0.998985,0.500508,0.819357,0.045905,0.006539,0.006092,0.122585,0.992418,0.246640,0.910933,0.931457
1278,10.650000,-0.047315,-0.009966,-0.060437,-0.997000,0.025431,0.962500,0.048680,0.043276,0.013552,-0.005091,-0.998958,0.500499,0.819422,0.045900,0.006746,0.005981,0.123124,0.992350,0.248682,0.910292,0.931518
1279,10.658333,-0.045323,-0.012568,-0.061463,-0.997001,0.025563,0.962415,0.049054,0.043758,0.013641,-0.005155,-0.998936,0.500498,0.819473,0.045905,0.006480,0.005731,0.123534,0.992303,0.250877,0.909562,0.931634
1280,10.666667,-0.043260,-0.014771,-0.062135,-0.997020,0.025688,0.962413,0.049425,0.044267,0.013765,-0.005221,-0.998911,0.500513,0.819515,0.045902,0.006928,0.005293,0.124111,0.992230,0.252997,0.908772,0.931850
1281,10.675000,-0.042202,-0.017110,-0.062849,-0.996984,0.025830,0.962466,0.049849,0.044488,0.013755,-0.005233,-0.998902,0.500522,0.819563,0.045903,0.006280,0.005422,0.124335,0.992206,0.255323,0.907813,0.931899
1282,10.683333,-0.040688,-0.020202,-0.063348,-0.996957,0.025977,0.962447,0.050339,0.044842,0.013912,-0.005305,-0.998883,0.500523,0.819592,0.045897,0.006238,0.005157,0.124772,0.992152,0.257320,0.907139,0.932359
1283,10.691667,-0.037869,-0.023620,-0.063473,-0.996985,0.026049,0.962422,0.050888,0.045030,0.014071,-0.005313,-0.998872,0.500525,0.819624,0.045895,0.006088,0.004927,0.125044,0.992120,0.259491,0.906369,0.932840
1284,10.700000,-0.036758,-0.027628,-0.062628,-0.996977,0.026202,0.962166,0.051140,0.045156,0.014233,-0.005372,-0.998864,0.500543,0.819645,0.045895,0.005642,0.005442,0.125121,0.992111,0.261853,0.905328,0.932968
1285,10.708333,-0.034508,-0.031042,-0.062764,-0.996948,0.026315,0.962219,0.051788,0.045227,0.014329,-0.005385,-0.998860,0.500544,0.819661,0.045878,0.005864,0.005317,0.125534,0.992058,0.263987,0.904473,0.933582
1286,10.716667,-0.029778,-0.032318,-0.063245,-0.997030,0.026430,0.962521,0.052717,0.044982,0.014267,-0.005377,-0.998872,0.500555,0.819659,0.045874,0.005583,0.005817,0.125373,0.992077,0.266353,0.903417,0.933937
1287,10.725000,-0.029184,-0.035955,-0.062625,-0.996962,0.026810,0.962474,0.053446,0.044821,0.014255,-0.005400,-0.998879,0.500565,0.819658,0.045876,0.007262,0.005425,0.125566,0.992044,0.268734,0.902515,0.934592
1288,10.733333,-0.027109,-0.038742,-0.061704,-0.996974,0.026733,0.962682,0.054159,0.044522,0.014029,-0.005312,-0.998896,0.500567,0.819653,0.045880,0.007243,0.006147,0.125591,0.992037,0.271004,0.901591,0.935064
1289,10.741667,-0.024184,-0.042251,-0.061280,-0.996933,0.026892,0.962839,0.054913,0.044395,0.013950,-0.005308,-0.998903,0.500568,0.819630,0.045873,0.006341,0.007020,0.125246,0.992081,0.273470,0.900466,0.935409
1290,10.750000,-0.019713,-0.047062,-0.062546,-0.996737,0.027036,0.963283,0.055490,0.044130,0.013895,-0.005339,-0.998915,0.500566,0.819604,0.045857,0.007998,0.006839,0.125342,0.992058,0.275934,0.899611,0.936297
1291,10.758333,-0.018068,-0.051548,-0.062877,-0.996526,0.027253,0.963600,0.056188,0.043709,0.013836,-0.005309,-0.998934,0.500563,0.819573,0.045855,0.007268,0.007693,0.124974,0.992104,0.278319,0.898647,0.936776
1292,10.766667,-0.014623,-0.055335,-0.062005,-0.996434,0.027460,0.963651,0.056945,0.043323,0.013801,-0.005378,-0.998951,0.500563,0.819532,0.045837,0.008728,0.007793,0.124886,0.992102,0.280843,0.897685,0.937526
1293,10.775000,-0.010591,-0.059435,-0.061272,-0.996294,0.027681,0.963800,0.057806,0.042651,0.013567,-0.005343,-0.998984,0.500574,0.819511,0.045809,0.009091,0.007902,0.124606,0.992133,0.283434,0.896684,0.938240
1294,10.783333,-0.007827,-0.063365,-0.060862,-0.996102,0.027929,0.964058,0.058690,0.042337,0.013742,-0.005338,-0.998995,0.500580,0.819486,0.045807,0.008183,0.009124,0.124091,0.992195,0.286105,0.895564,0.938536
1295,10.791667,-0.006449,-0.067576,-0.060107,-0.995881,0.028290,0.964303,0.059632,0.041827,0.013606,-0.005358,-0.999018,0.500587,0.819459,0.045807,0.008478,0.009542,0.123818,0.992223,0.288705,0.894568,0.939317
1296,10.800000,-0.004001,-0.071938,-0.059366,-0.995633,0.028630,0.964477,0.060520,0.041316,0.013524,-0.005335,-0.999040,0.500582,0.819445,0.045786,0.007046,0.010872,0.123205,0.992297,0.291346,0.893400,0.939727
1297,10.808333,-0.001613,-0.077448,-0.058315,-0.995288,0.028992,0.964729,0.061345,0.040808,0.013534,-0.005317,-0.999061,0.500600,0.819437,0.045773,0.008194,0.010518,0.122997,0.992317,0.294053,0.892439,0.940623
1298,10.816667,0.000229,-0.082102,-0.058252,-0.994920,0.029394,0.965016,0.062292,0.040330,0.013712,-0.005251,-0.999079,0.500586,0.819423,0.045733,0.007589,0.011506,0.122494,0.992374,0.296792,0.891238,0.941207
1299,10.825000,0.002446,-0.087261,-0.057793,-0.994505,0.029758,0.965288,0.063243,0.039738,0.013604,-0.005246,-0.999104,0.500598,0.819403,0.045716,0.007546,0.011300,0.122051,0.992431,0.299607,0.890227,0.941929
1300,10.833333,0.003576,-0.092581,-0.056898,-0.994072,0.030169,0.965623,0.064336,0.039440,0.013341,-0.005375,-0.999118,0.500576,0.819333,0.045688,0.007547,0.011968,0.121636,0.992474,0.302356,0.889071,0.942672
1301,10.841667,0.004913,-0.097969,-0.056012,-0.993600,0.030501,0.965995,0.065346,0.038838,0.013307,-0.005460,-0.999142,0.500575,0.819297,0.045646,0.007461,0.012059,0.121239,0.992522,0.305261,0.887915,0.943370
1302,10.850000,0.007072,-0.101255,-0.056379,-0.993237,0.031308,0.966445,0.066687,0.038334,0.013385,-0.005614,-0.999160,0.500597,0.819258,0.045600,0.007181,0.012348,0.120776,0.992577,0.308120,0.886770,0.944046
1303,10.858333,0.007823,-0.107745,-0.055087,-0.992620,0.031878,0.966748,0.067679,0.038213,0.013243,-0.005608,-0.999166,0.500585,0.819261,0.045648,0.007376,0.012575,0.120312,0.992629,0.311022,0.885538,0.944818
1304,10.866667,0.009129,-0.115384,-0.054069,-0.991806,0.032340,0.967070,0.068689,0.037631,0.013136,-0.005609,-0.999190,0.500591,0.819250,0.045642,0.007870,0.012499,0.119938,0.992671,0.314003,0.884382,0.945513
1305,10.875000,0.010784,-0.120222,-0.054434,-0.991195,0.033232,0.967646,0.070108,0.036961,0.013152,-0.005765,-0.999214,0.500617,0.819202,0.045563,0.006992,0.013382,0.119571,0.992711,0.316859,0.883187,0.946126
1306,10.883333,0.012174,-0.126113,-0.054063,-0.990467,0.033947,0.968041,0.071311,0.037545,0.013089,-0.006100,-0.999191,0.500590,0.819175,0.045698,0.007090,0.013650,0.118972,0.992778,0.320051,0.881911,0.946771
1307,10.891667,0.012871,-0.131559,-0.053996,-0.989753,0.034698,0.968501,0.072635,0.037217,0.013085,-0.006252,-0.999202,0.500584,0.819152,0.045690,0.008007,0.013337,0.118807,0.992796,0.323129,0.880726,0.947609
1308,10.900000,0.014124,-0.137874,-0.053951,-0.988878,0.035480,0.968857,0.073930,0.036764,0.013040,-0.006338,-0.999219,0.500588,0.819116,0.045670,0.008687,0.013099,0.118446,0.992836,0.326240,0.879529,0.948398
1309,10.908333,0.016808,-0.145410,-0.053379,-0.987788,0.036299,0.969074,0.075079,0.036492,0.013119,-0.006487,-0.999227,0.500582,0.819084,0.045658,0.008435,0.013512,0.118154,0.992868,0.329277,0.878301,0.949084
1310,10.916667,0.019505,-0.152576,-0.052996,-0.986677,0.037093,0.969326,0.076246,0.036103,0.013193,-0.006581,-0.999239,0.500569,0.819057,0.045627,0.009769,0.013326,0.118237,0.992848,0.332466,0.876978,0.949957
1311,10.925000,0.021347,-0.160478,-0.052571,-0.985407,0.037995,0.969579,0.077482,0.035701,0.013213,-0.006709,-0.999253,0.500566,0.819035,0.045598,0.009304,0.013439,0.117880,0.992893,0.335626,0.875645,0.950443
1312,10.933333,0.023263,-0.168640,-0.052204,-0.984019,0.038933,0.969788,0.078756,0.035292,0.013244,-0.006803,-0.999266,0.500562,0.819010,0.045577,0.009229,0.013211,0.117723,0.992916,0.338808,0.874353,0.951039
1313,10.941667,0.025044,-0.176517,-0.052334,-0.982586,0.040029,0.970035,0.080105,0.035038,0.013344,-0.007007,-0.999272,0.500557,0.818972,0.045552,0.009324,0.013188,0.117735,0.992914,0.342025,0.873061,0.951693
1314,10.950000,0.026811,-0.184782,-0.052565,-0.981007,0.041098,0.970295,0.081460,0.034595,0.013450,-0.007127,-0.999286,0.500546,0.818964,0.045523,0.009248,0.013015,0.117553,0.992938,0.345270,0.871784,0.952271
1315,10.958333,0.027872,-0.192928,-0.052858,-0.979392,0.042254,0.970642,0.082864,0.034157,0.013504,-0.007373,-0.999298,0.500559,0.818924,0.045494,0.009422,0.012311,0.116931,0.993019,0.348615,0.870540,0.952885
1316,10.966667,0.030371,-0.204656,-0.052351,-0.976961,0.043349,0.970618,0.083886,0.033886,0.013538,-0.007473,-0.999306,0.500533,0.818904,0.045484,0.009780,0.012548,0.116546,0.993058,0.351780,0.869263,0.953625
1317,10.975000,0.032334,-0.213016,-0.053139,-0.975067,0.044712,0.970900,0.085256,0.033167,0.013519,-0.007317,-0.999332,0.500555,0.818933,0.045429,0.010119,0.012150,0.115892,0.993136,0.355154,0.868051,0.954373
1318,10.983333,0.034143,-0.221361,-0.053768,-0.973110,0.046041,0.971110,0.086716,0.032900,0.013618,-0.007399,-0.999339,0.500552,0.818913,0.045400,0.011283,0.011959,0.115334,0.993191,0.358506,0.866870,0.955107
1319,10.991667,0.035987,-0.228660,-0.055203,-0.971273,0.047504,0.971434,0.088366,0.032291,0.013712,-0.007488,-0.999356,0.500546,0.818892,0.045378,0.012709,0.011140,0.114501,0.993279,0.361953,0.865748,0.955953
1320,11.000000,0.035413,-0.238800,-0.055488,-0.968835,0.049062,0.971965,0.089677,0.031851,0.013795,-0.007623,-0.999368,0.500523,0.818859,0.045352,0.013845,0.010839,0.113737,0.993355,0.365201,0.864553,0.956796
1321,11.008333,0.036862,-0.248046,-0.056603,-0.966391,0.050332,0.972047,0.091187,0.031375,0.013855,-0.007750,-0.999382,0.500511,0.818828,0.045320,0.015448,0.010626,0.113159,0.993400,0.368633,0.863479,0.957520
1322,11.016667,0.038687,-0.257959,-0.058115,-0.963630,0.051967,0.972297,0.092713,0.030833,0.013837,-0.007893,-0.999398,0.500509,0.818795,0.045279,0.016391,0.010586,0.112416,0.993470,0.372009,0.862371,0.958170
1323,11.025000,0.049799,-0.276356,-0.059853,-0.957896,0.053153,0.971799,0.093271,0.030200,0.013448,-0.008021,-0.999421,0.500514,0.818753,0.045271,0.017055,0.010277,0.111519,0.993563,0.375278,0.861169,0.958891
1324,11.033333,0.050186,-0.285609,-0.062384,-0.954996,0.054808,0.971851,0.095030,0.029521,0.013417,-0.008117,-0.999441,0.500500,0.818720,0.045252,0.018812,0.009663,0.110865,0.993611,0.378486,0.860116,0.959644
1325,11.041667,0.050543,-0.296948,-0.065010,-0.951337,0.056538,0.971954,0.096644,0.028773,0.013373,-0.008272,-0.999462,0.500496,0.818668,0.045211,0.020140,0.009688,0.110227,0.993655,0.381761,0.858894,0.960261
1326,11.050000,0.053036,-0.308064,-0.067394,-0.947492,0.058569,0.971923,0.098409,0.028038,0.013457,-0.008438,-0.999481,0.500485,0.818610,0.045187,0.021788,0.009509,0.109991,0.993648,0.384841,0.857784,0.961009
1327,11.058333,0.054432,-0.318403,-0.068933,-0.943878,0.060608,0.971793,0.100523,0.027453,0.013542,-0.008956,-0.999491,0.500450,0.818489,0.045185,0.023429,0.009025,0.109743,0.993643,0.387957,0.856681,0.961730
1328,11.066667,0.055205,-0.328661,-0.070936,-0.940161,0.062764,0.971735,0.102853,0.026386,0.013489,-0.009170,-0.999519,0.500428,0.818418,0.045171,0.024760,0.008357,0.109739,0.993617,0.390985,0.855592,0.962309
1329,11.075000,0.038145,-0.334057,-0.070014,-0.939175,0.065680,0.972797,0.106675,0.026351,0.013475,-0.009545,-0.999516,0.500418,0.818369,0.045204,0.026906,0.007977,0.109947,0.993541,0.394031,0.854535,0.962992
1330,11.083333,0.037934,-0.335767,-0.072570,-0.938379,0.068131,0.972877,0.110421,0.025416,0.013610,-0.009724,-0.999537,0.500408,0.818322,0.045171,0.028277,0.007403,0.110260,0.993473,0.396858,0.853404,0.963571
1331,11.091667,0.039900,-0.346624,-0.075029,-0.934147,0.070449,0.972553,0.113490,0.024522,0.013658,-0.009910,-0.999557,0.500392,0.818275,0.045145,0.029825,0.006781,0.110726,0.993380,0.399665,0.852465,0.964183
1332,11.100000,0.041297,-0.357568,-0.077561,-0.929744,0.073101,0.972229,0.116766,0.023947,0.013713,-0.010170,-0.999567,0.500369,0.818233,0.045131,0.031049,0.006000,0.111237,0.993291,0.402407,0.851416,0.964679
1333,11.108333,0.043838,-0.368506,-0.080765,-0.925072,0.076244,0.972155,0.120007,0.022772,0.013831,-0.010162,-0.999593,0.500351,0.818235,0.045081,0.033433,0.005020,0.112071,0.993125,0.405241,0.850318,0.965321
1334,11.116667,0.046466,-0.380325,-0.084166,-0.919842,0.079484,0.971762,0.123364,0.022226,0.013912,-0.010368,-0.999602,0.500331,0.818206,0.045062,0.034350,0.004665,0.113076,0.992982,0.407842,0.849351,0.965711
1335,11.125000,0.048429,-0.400671,-0.086241,-0.910868,0.082886,0.971053,0.126034,0.021681,0.014035,-0.010575,-0.999610,0.500310,0.818185,0.045042,0.036337,0.003534,0.114384,0.992766,0.410366,0.848331,0.966219
1336,11.133333,0.050879,-0.404109,-0.090484,-0.908801,0.087202,0.970743,0.130315,0.021029,0.014210,-0.010796,-0.999620,0.500288,0.818178,0.045043,0.037248,0.003107,0.115830,0.992566,0.412852,0.847358,0.966502
1337,11.141667,0.054389,-0.414062,-0.093944,-0.903753,0.091790,0.970163,0.134006,0.020715,0.014335,-0.011008,-0.999622,0.500270,0.818159,0.045043,0.038033,0.002387,0.116849,0.992418,0.415148,0.846367,0.966792
1338,11.150000,0.054838,-0.424041,-0.098014,-0.898652,0.096375,0.969820,0.137835,0.020269,0.014470,-0.011213,-0.999627,0.500250,0.818145,0.045029,0.039161,0.001549,0.118180,0.992218,0.417475,0.845475,0.967032
1339,11.158333,0.055685,-0.434471,-0.100002,-0.893383,0.101077,0.969136,0.141792,0.019918,0.014598,-0.011481,-0.999629,0.500217,0.818131,0.045015,0.040376,0.000717,0.119689,0.991990,0.419638,0.844524,0.967331
1340,11.166667,0.055165,-0.446116,-0.100295,-0.887625,0.106247,0.968411,0.145669,0.019543,0.014685,-0.011714,-0.999633,0.500194,0.818102,0.044996,0.041444,-0.000221,0.121147,0.991769,0.421856,0.843647,0.967470
1341,11.175000,0.055988,-0.455911,-0.102174,-0.882367,0.112545,0.967985,0.149633,0.019243,0.014774,-0.011899,-0.999635,0.500181,0.818077,0.044977,0.042022,-0.001312,0.122562,0.991570,0.423928,0.842906,0.967515
1342,11.183333,0.056383,-0.461933,-0.103693,-0.879026,0.119360,0.967608,0.153738,0.018835,0.014895,-0.012024,-0.999639,0.500152,0.818065,0.044944,0.042702,-0.001903,0.124106,0.991348,0.426007,0.842049,0.967549
1343,11.191667,0.055107,-0.468849,-0.105680,-0.875201,0.127258,0.967313,0.157997,0.018676,0.014955,-0.012171,-0.999640,0.500136,0.818051,0.044918,0.044059,-0.002675,0.125894,0.991061,0.427873,0.841280,0.967810
1344,11.200000,0.054033,-0.466952,-0.110761,-0.875653,0.134945,0.966930,0.162429,0.018544,0.014998,-0.012333,-0.999640,0.500115,0.818038,0.044900,0.044849,-0.003731,0.126844,0.990901,0.429892,0.840537,0.967797
1345,11.208333,0.050948,-0.467112,-0.117647,-0.874854,0.143208,0.966708,0.166837,0.018218,0.015061,-0.012399,-0.999644,0.500110,0.818017,0.044885,0.045231,-0.004506,0.127727,0.990767,0.431829,0.839880,0.967763
1346,11.216667,0.047081,-0.467438,-0.126756,-0.873624,0.152174,0.966689,0.171236,0.017797,0.015029,-0.012547,-0.999650,0.500096,0.817994,0.044857,0.046161,-0.005464,0.128830,0.990577,0.433635,0.839221,0.967790
1347,11.225000,0.049733,-0.458899,-0.137583,-0.876362,0.161981,0.966688,0.176190,0.017602,0.014893,-0.012713,-0.999653,0.500094,0.817942,0.044867,0.047702,-0.006730,0.129820,0.990367,0.435383,0.838521,0.967978
1348,11.233333,0.055095,-0.454140,-0.152465,-0.876057,0.170707,0.967540,0.180589,0.017232,0.014820,-0.012827,-0.999659,0.500087,0.817928,0.044856,0.048119,-0.007652,0.130361,0.990269,0.437242,0.837910,0.967751
1349,11.241667,0.055850,-0.450889,-0.159549,-0.876427,0.179670,0.966942,0.184833,0.016980,0.014824,-0.012918,-0.999663,0.500082,0.817905,0.044847,0.049914,-0.009349,0.131261,0.990046,0.438861,0.837381,0.968031
1350,11.250000,0.058111,-0.445297,-0.167421,-0.877670,0.189871,0.966624,0.189090,0.016716,0.014909,-0.012975,-0.999665,0.500064,0.817878,0.044798,0.054051,-0.009254,0.130321,0.989954,0.440900,0.837383,0.969092
1351,11.258333,0.060377,-0.441684,-0.173812,-0.878100,0.199624,0.966851,0.193433,0.016838,0.014752,-0.012974,-0.999665,0.500086,0.817899,0.044820,0.052753,-0.009099,0.129071,0.990189,0.442247,0.836659,0.969123
1352,11.266667,0.063046,-0.438632,-0.177376,-0.878729,0.209707,0.966845,0.197701,0.017066,0.014712,-0.012976,-0.999662,0.500080,0.817912,0.044813,0.053952,-0.010683,0.129540,0.990048,0.443897,0.836218,0.969230
1353,11.275000,0.068368,-0.433443,-0.178316,-0.880713,0.220068,0.966455,0.202159,0.017387,0.014631,-0.012953,-0.999658,0.500082,0.817943,0.044805,0.055468,-0.012236,0.129843,0.989906,0.445486,0.835558,0.969220
1354,11.283333,0.068838,-0.431589,-0.177519,-0.881748,0.230172,0.966383,0.206164,0.017896,0.014581,-0.012930,-0.999650,0.500080,0.817988,0.044785,0.057199,-0.013754,0.130037,0.989762,0.447167,0.835087,0.969350
1355,11.291667,0.069197,-0.429925,-0.175406,-0.882955,0.240557,0.966336,0.209888,0.018602,0.014580,-0.012894,-0.999638,0.500087,0.818022,0.044770,0.059956,-0.018206,0.129897,0.989546,0.448499,0.834798,0.970089
1356,11.300000,0.069187,-0.428722,-0.172147,-0.884181,0.250949,0.966386,0.213836,0.019150,0.014539,-0.012843,-0.999628,0.500091,0.818068,0.044754,0.062120,-0.019747,0.130323,0.989327,0.450175,0.834749,0.970334
1357,11.308333,0.071864,-0.425954,-0.168532,-0.886000,0.261564,0.966362,0.217630,0.019781,0.014267,-0.012885,-0.999620,0.500101,0.818108,0.044737,0.063570,-0.020762,0.130450,0.989197,0.451732,0.834466,0.970501
1358,11.316667,0.076022,-0.422730,-0.165665,-0.887736,0.272092,0.966251,0.221328,0.020379,0.014272,-0.012699,-0.999610,0.500112,0.818172,0.044708,0.065735,-0.022350,0.130116,0.989065,0.453381,0.833892,0.970848
1359,11.325000,0.069335,-0.425828,-0.159769,-0.887884,0.282355,0.965907,0.224448,0.020973,0.014300,-0.012611,-0.999598,0.500116,0.818231,0.044684,0.068943,-0.025285,0.130117,0.988776,0.454803,0.833385,0.971480
1360,11.333333,0.072868,-0.421933,-0.158201,-0.889739,0.293084,0.966071,0.228062,0.021354,0.014278,-0.012572,-0.999591,0.500115,0.818272,0.044670,0.070170,-0.026168,0.130528,0.988612,0.456122,0.833081,0.971597
1361,11.341667,0.075518,-0.419522,-0.156968,-0.890875,0.303625,0.966462,0.231521,0.021908,0.014245,-0.012607,-0.999579,0.500131,0.818245,0.044697,0.073577,-0.028705,0.130429,0.988307,0.457505,0.832221,0.972156
1362,11.350000,0.085417,-0.411609,-0.157425,-0.893588,0.314930,0.967155,0.235375,0.022437,0.013747,-0.012750,-0.999572,0.499998,0.818254,0.044616,0.078895,-0.033319,0.130520,0.987740,0.458872,0.831297,0.972886
1363,11.358333,0.090548,-0.406278,-0.157655,-0.895480,0.325465,0.967917,0.238735,0.024041,0.014214,-0.012977,-0.999526,0.500035,0.818116,0.044605,0.077445,-0.033326,0.130246,0.987891,0.460316,0.831301,0.972503
1364,11.366667,0.090827,-0.402643,-0.155510,-0.897466,0.335743,0.968379,0.241992,0.025255,0.014007,-0.013268,-0.999495,0.499948,0.818066,0.044504,0.080058,-0.035526,0.130171,0.987615,0.461606,0.830784,0.972889
1365,11.375000,0.093279,-0.400256,-0.154833,-0.898399,0.346052,0.969273,0.245112,0.026832,0.014862,-0.013123,-0.999443,0.500014,0.817973,0.044489,0.079031,-0.043202,0.127045,0.987799,0.463414,0.831419,0.972186
1366,11.383333,0.094040,-0.393828,-0.155631,-0.901019,0.356913,0.970713,0.247843,0.026854,0.014607,-0.013122,-0.999447,0.499923,0.818014,0.044443,0.080180,-0.044218,0.126577,0.987722,0.464821,0.831150,0.972315
1367,11.391667,0.096779,-0.388962,-0.156091,-0.902761,0.367396,0.971981,0.250720,0.022794,0.013960,-0.012223,-0.999568,0.500111,0.818375,0.044646,0.079940,-0.044220,0.126017,0.987813,0.466282,0.831120,0.972081
1368,11.400000,0.096767,-0.385494,-0.155440,-0.904361,0.377753,0.973459,0.253442,0.022199,0.013807,-0.012158,-0.999584,0.500024,0.818429,0.044641,0.081724,-0.046965,0.125418,0.987616,0.467595,0.830841,0.972258
1369,11.408333,0.097575,-0.382147,-0.155026,-0.905765,0.388462,0.975665,0.255757,0.022283,0.014146,-0.011939,-0.999580,0.500024,0.818465,0.044605,0.081829,-0.046957,0.124589,0.987713,0.468996,0.830758,0.972131
1370,11.416667,0.087714,-0.382262,-0.150477,-0.907490,0.399065,0.977699,0.258644,0.022292,0.014072,-0.011858,-0.999582,0.500012,0.818475,0.044587,0.083069,-0.048633,0.123588,0.987654,0.470257,0.830569,0.972287
1371,11.425000,0.085973,-0.378631,-0.150302,-0.909206,0.409580,0.979645,0.260877,0.023399,0.014091,-0.011876,-0.999556,0.500066,0.818401,0.044605,0.081410,-0.047630,0.122877,0.987930,0.471695,0.830734,0.971782
1372,11.433333,0.083025,-0.375159,-0.149410,-0.911065,0.420037,0.981692,0.262931,0.023153,0.014431,-0.011817,-0.999558,0.500144,0.818415,0.044632,0.083326,-0.047703,0.121801,0.987900,0.472903,0.830517,0.972176
1373,11.441667,0.080376,-0.371312,-0.149122,-0.912924,0.430539,0.983793,0.264835,0.022575,0.013881,-0.011763,-0.999580,0.500019,0.818477,0.044567,0.085382,-0.047237,0.120969,0.987849,0.474104,0.830356,0.972618
1374,11.450000,0.079088,-0.365563,-0.148460,-0.915461,0.440872,0.985969,0.266630,0.024750,0.014823,-0.011781,-0.999514,0.500007,0.818481,0.044470,0.086362,-0.046326,0.119997,0.987925,0.475457,0.830186,0.972471
1375,11.458333,0.075073,-0.361143,-0.147674,-0.917678,0.451237,0.988277,0.268301,0.024763,0.014702,-0.011732,-0.999516,0.500037,0.818479,0.044472,0.091751,-0.048253,0.117302,0.987671,0.477052,0.829346,0.973346
1376,11.466667,0.074962,-0.355332,-0.148292,-0.919853,0.461762,0.990438,0.270057,0.024358,0.014284,-0.011647,-0.999533,0.499963,0.818523,0.044431,0.092275,-0.047951,0.116286,0.987757,0.478086,0.829252,0.973760
1377,11.475000,0.072775,-0.350010,-0.148295,-0.922066,0.472212,0.992860,0.271669,0.024510,0.014196,-0.011666,-0.999531,0.499932,0.818548,0.044424,0.087662,-0.041957,0.115675,0.988521,0.479363,0.829447,0.972793
1378,11.483333,0.071507,-0.344378,-0.149397,-0.924106,0.482695,0.995333,0.273183,0.024750,0.014209,-0.011496,-0.999527,0.499932,0.818589,0.044394,0.083351,-0.036690,0.114646,0.989223,0.480778,0.829665,0.971804
1379,11.491667,0.067390,-0.339105,-0.148641,-0.926484,0.493021,0.997733,0.274537,0.025127,0.014222,-0.011286,-0.999519,0.499982,0.818607,0.044389,0.064797,-0.031799,0.115908,0.990634,0.481938,0.831091,0.967370
1380,11.500000,0.063053,-0.333905,-0.148413,-0.928712,0.503313,1.000278,0.275706,0.026028,0.014383,-0.011141,-0.999496,0.500026,0.818601,0.044375,0.070171,-0.036700,0.113398,0.990389,0.483816,0.831752,0.968254
1381,11.508333,0.061166,-0.328071,-0.147832,-0.931007,0.513524,1.002753,0.276796,0.027068,0.014490,-0.010964,-0.999469,0.500064,0.818614,0.044334,0.068464,-0.037951,0.111895,0.990632,0.485656,0.832417,0.968412
1382,11.516667,0.058602,-0.320829,-0.146263,-0.933939,0.523796,1.005185,0.277855,0.031086,0.015816,-0.010843,-0.999333,0.500192,0.818483,0.044153,0.066786,-0.035966,0.110802,0.990944,0.486944,0.833238,0.968505
1383,11.525000,0.053682,-0.313181,-0.143920,-0.937189,0.533911,1.007568,0.278688,0.032069,0.015670,-0.010822,-0.999304,0.500177,0.818551,0.044143,0.070836,-0.035701,0.110845,0.990667,0.487830,0.833817,0.969781
1384,11.533333,0.053474,-0.307875,-0.145128,-0.938771,0.544197,1.010092,0.279525,0.034212,0.016244,-0.010410,-0.999228,0.500285,0.818609,0.044192,0.064472,-0.039019,0.108046,0.991286,0.489513,0.832929,0.967366
1385,11.541667,0.061669,-0.293373,-0.146401,-0.942707,0.554810,1.011853,0.280136,0.036669,0.016013,-0.009822,-0.999151,0.500502,0.818742,0.044161,0.058620,-0.036525,0.106764,0.991883,0.490750,0.832607,0.965639
1386,11.550000,0.064176,-0.281966,-0.147160,-0.945897,0.564998,1.014113,0.280640,0.038256,0.015759,-0.009988,-0.999094,0.500439,0.818914,0.044171,0.057426,-0.035866,0.106447,0.992011,0.491913,0.832753,0.965187
1387,11.558333,0.079893,-0.266948,-0.151189,-0.948418,0.575847,1.017159,0.282342,0.039935,0.015658,-0.009862,-0.999031,0.500403,0.819110,0.044176,0.056974,-0.036943,0.106389,0.992003,0.493014,0.832967,0.965162
1388,11.566667,0.076743,-0.259170,-0.147815,-0.951364,0.585993,1.018860,0.282745,0.041803,0.015813,-0.009686,-0.998954,0.500340,0.819366,0.044136,0.058106,-0.037412,0.105892,0.991973,0.494120,0.833145,0.965169
1389,11.575000,0.071289,-0.253096,-0.145857,-0.953722,0.595770,1.021526,0.283090,0.042862,0.015492,-0.009210,-0.998918,0.500346,0.819633,0.044162,0.058111,-0.038763,0.105684,0.991943,0.495182,0.833407,0.965034
1390,11.583333,0.069828,-0.245172,-0.145048,-0.956021,0.605583,1.024069,0.283458,0.044574,0.015353,-0.009246,-0.998845,0.500285,0.819896,0.044176,0.058962,-0.038718,0.105326,0.991933,0.496388,0.833628,0.965055
1391,11.591667,0.064732,-0.239107,-0.142829,-0.958247,0.615906,1.027051,0.284387,0.044054,0.014107,-0.009635,-0.998883,0.500071,0.820174,0.044126,0.060466,-0.039634,0.104739,0.991868,0.497551,0.833786,0.965006
1392,11.600000,0.062275,-0.229791,-0.139279,-0.961207,0.626032,1.028980,0.284885,0.045672,0.013407,-0.009549,-0.998821,0.500242,0.820257,0.044266,0.062713,-0.039891,0.104360,0.991758,0.498775,0.834045,0.965265
1393,11.608333,0.063835,-0.219714,-0.136387,-0.963872,0.635358,1.031850,0.284923,0.048453,0.013986,-0.009698,-0.998680,0.500188,0.820423,0.044169,0.064332,-0.040290,0.104183,0.991657,0.500015,0.834313,0.965465
1394,11.616667,0.061354,-0.214723,-0.136316,-0.965167,0.644357,1.034480,0.284730,0.049993,0.013946,-0.009812,-0.998604,0.500169,0.820622,0.044181,0.053079,-0.034613,0.104030,0.992553,0.501605,0.834901,0.962858
1395,11.625000,0.058708,-0.207671,-0.132803,-0.967362,0.654279,1.036370,0.285029,0.050237,0.013891,-0.010156,-0.998589,0.500060,0.820826,0.044307,0.054660,-0.035392,0.103925,0.992451,0.502916,0.835125,0.963062
1396,11.633333,0.054226,-0.198287,-0.126795,-0.970394,0.664044,1.037200,0.285068,0.051387,0.014135,-0.010429,-0.998524,0.500014,0.821008,0.044371,0.054624,-0.035259,0.104338,0.992415,0.504074,0.835534,0.962949
1397,11.641667,0.048670,-0.198335,-0.126581,-0.970707,0.673177,1.039592,0.285092,0.052477,0.014575,-0.011226,-0.998453,0.499820,0.821265,0.044429,0.055679,-0.035780,0.104381,0.992333,0.505257,0.835768,0.963122
1398,11.650000,0.048460,-0.193689,-0.126337,-0.971687,0.682499,1.041466,0.284962,0.054156,0.014208,-0.010782,-0.998373,0.500056,0.821461,0.044499,0.054899,-0.036362,0.105283,0.992260,0.506309,0.836111,0.962821
1399,11.658333,0.048346,-0.188571,-0.124339,-0.972956,0.691399,1.043577,0.284723,0.062945,0.017339,-0.010971,-0.997806,0.500485,0.821273,0.044180,0.057102,-0.037442,0.104852,0.992141,0.507663,0.836199,0.963214
1400,11.666667,0.050310,-0.177793,-0.118284,-0.975637,0.700594,1.045527,0.284342,0.066718,0.017980,-0.011313,-0.997546,0.500561,0.821418,0.044184,0.057773,-0.037379,0.104615,0.992129,0.508963,0.836493,0.963451
1401,11.675000,0.051701,-0.173331,-0.119540,-0.976214,0.709471,1.047381,0.284037,0.068186,0.018180,-0.011767,-0.997438,0.500522,0.821525,0.044236,0.057916,-0.037653,0.104553,0.992117,0.510286,0.836570,0.963253
1402,11.683333,0.048306,-0.170691,-0.116824,-0.977181,0.717961,1.049317,0.283492,0.061481,0.014948,-0.011986,-0.997924,0.500184,0.822078,0.044771,0.058288,-0.038433,0.104524,0.992069,0.511517,0.836790,0.963350
1403,11.691667,0.044282,-0.166876,-0.113406,-0.978433,0.726254,1.050972,0.282839,0.062185,0.014949,-0.013030,-0.997868,0.500083,0.822257,0.044788,0.057897,-0.038444,0.104761,0.992066,0.512696,0.836998,0.963163
1404,11.700000,0.035404,-0.158730,-0.107512,-0.980812,0.733437,1.053131,0.281107,0.062982,0.015052,-0.012583,-0.997822,0.500195,0.822311,0.044836,0.058999,-0.039577,0.104289,0.992006,0.514036,0.836954,0.963353
1405,11.708333,0.034489,-0.156005,-0.106711,-0.981369,0.741262,1.054780,0.280181,0.063969,0.015232,-0.012744,-0.997754,0.500209,0.822385,0.044875,0.059550,-0.040074,0.103834,0.992001,0.515356,0.837009,0.963407
1406,11.716667,0.031647,-0.154717,-0.105475,-0.981802,0.749025,1.055949,0.279264,0.064084,0.015268,-0.013511,-0.997736,0.500123,0.822487,0.044873,0.059530,-0.039930,0.103689,0.992023,0.516553,0.837136,0.963374
1407,11.725000,0.027498,-0.154495,-0.104532,-0.982063,0.756177,1.057217,0.277916,0.064724,0.015264,-0.013154,-0.997700,0.500232,0.822500,0.044887,0.059780,-0.040202,0.103199,0.992049,0.517908,0.837224,0.963375
1408,11.733333,0.031062,-0.152763,-0.102414,-0.982451,0.763214,1.059600,0.276599,0.064895,0.015128,-0.013307,-0.997689,0.500261,0.822518,0.044907,0.059315,-0.039948,0.102968,0.992111,0.519168,0.837304,0.963102
1409,11.741667,0.031662,-0.152472,-0.100772,-0.982647,0.769985,1.061180,0.274920,0.065015,0.015068,-0.013393,-0.997681,0.500289,0.822519,0.044920,0.059680,-0.041180,0.102767,0.992059,0.520400,0.837345,0.963171
1410,11.750000,0.037710,-0.149903,-0.100044,-0.982903,0.776748,1.062297,0.273143,0.064847,0.015169,-0.013741,-0.997685,0.500261,0.822536,0.044951,0.059189,-0.040805,0.102330,0.992149,0.521686,0.837509,0.963042
1411,11.758333,0.038317,-0.148329,-0.098156,-0.983309,0.783060,1.063107,0.270969,0.064912,0.015195,-0.013681,-0.997681,0.500280,0.822525,0.044971,0.059777,-0.040743,0.101435,0.992208,0.523088,0.837394,0.962975
1412,11.766667,0.041695,-0.146658,-0.096057,-0.983629,0.789063,1.064108,0.268695,0.064380,0.015428,-0.013514,-0.997715,0.500241,0.822490,0.045027,0.059293,-0.041184,0.101150,0.992248,0.524254,0.837440,0.962821
1413,11.775000,0.046726,-0.145034,-0.094851,-0.983761,0.795014,1.065080,0.266465,0.064081,0.015176,-0.013669,-0.997736,0.500230,0.822506,0.045028,0.059938,-0.040726,0.100173,0.992328,0.525724,0.837422,0.962759
1414,11.783333,0.050160,-0.144837,-0.093805,-0.983721,0.800778,1.065981,0.264235,0.064155,0.015086,-0.013766,-0.997731,0.500232,0.822524,0.045031,0.059569,-0.040591,0.099482,0.992425,0.527089,0.837437,0.962494
1415,11.791667,0.053023,-0.144558,-0.092530,-0.983733,0.806275,1.066945,0.261766,0.064682,0.015247,-0.013857,-0.997693,0.500249,0.822517,0.045043,0.061077,-0.040772,0.098283,0.992445,0.528433,0.837419,0.962899
1416,11.800000,0.049712,-0.147915,-0.091077,-0.983542,0.811702,1.068432,0.259684,0.064963,0.015311,-0.013888,-0.997674,0.500261,0.822510,0.045055,0.058974,-0.039234,0.098215,0.992641,0.529723,0.837724,0.962320
1417,11.808333,0.045846,-0.152500,-0.089162,-0.983205,0.816817,1.069526,0.257042,0.065082,0.015168,-0.013867,-0.997668,0.500262,0.822520,0.045061,0.059995,-0.039551,0.097116,0.992676,0.531183,0.837632,0.962447
1418,11.816667,0.046992,-0.155427,-0.087358,-0.982854,0.822029,1.070686,0.254714,0.065115,0.015140,-0.013782,-0.997668,0.500251,0.822524,0.045054,0.059966,-0.039516,0.096337,0.992755,0.532500,0.837750,0.962399
1419,11.825000,0.049365,-0.156667,-0.085789,-0.982680,0.826961,1.071567,0.252061,0.065144,0.015026,-0.013758,-0.997668,0.500246,0.822530,0.045049,0.059934,-0.038525,0.095430,0.992883,0.533916,0.837836,0.962291
1420,11.833333,0.050836,-0.158018,-0.084589,-0.982492,0.831613,1.072330,0.249173,0.065114,0.015037,-0.013707,-0.997670,0.500238,0.822530,0.045039,0.058150,-0.038299,0.095477,0.992994,0.535209,0.838059,0.961810
1421,11.841667,0.057300,-0.156501,-0.084482,-0.982388,0.836126,1.072900,0.246079,0.065203,0.015143,-0.013740,-0.997663,0.500236,0.822517,0.045031,0.059841,-0.038012,0.094150,0.993031,0.536655,0.838028,0.962085
1422,11.850000,0.060272,-0.155524,-0.083928,-0.982413,0.840523,1.073528,0.243035,0.065213,0.015223,-0.013776,-0.997660,0.500239,0.822501,0.045027,0.059375,-0.037211,0.093528,0.993148,0.538089,0.838081,0.961871
1423,11.858333,0.063434,-0.153278,-0.083784,-0.982579,0.844669,1.074025,0.239792,0.064658,0.014958,-0.013468,-0.997705,0.500206,0.822472,0.045001,0.058935,-0.037206,0.093056,0.993219,0.539425,0.838033,0.961602
1424,11.866667,0.065878,-0.151264,-0.084053,-0.982708,0.848654,1.074497,0.236462,0.064474,0.014974,-0.013368,-0.997717,0.500191,0.822443,0.044978,0.056295,-0.035342,0.093189,0.993427,0.540700,0.838471,0.960933
1425,11.875000,0.069223,-0.149041,-0.084878,-0.982746,0.852470,1.075072,0.233186,0.064349,0.014999,-0.013396,-0.997725,0.500188,0.822418,0.044971,0.057151,-0.035559,0.092165,0.993466,0.542153,0.838224,0.960856
1426,11.883333,0.072373,-0.147286,-0.085712,-0.982712,0.856058,1.075802,0.229897,0.064294,0.015055,-0.013386,-0.997728,0.500196,0.822380,0.044968,0.057031,-0.036015,0.091801,0.993490,0.543491,0.838293,0.960683
1427,11.891667,0.073581,-0.145272,-0.086785,-0.982828,0.859412,1.076489,0.226629,0.064185,0.015018,-0.013387,-0.997735,0.500195,0.822357,0.044965,0.055145,-0.034733,0.091632,0.993658,0.544793,0.838539,0.960169
1428,11.900000,0.075164,-0.143980,-0.088109,-0.982780,0.862728,1.077214,0.223317,0.064024,0.015000,-0.013378,-0.997746,0.500195,0.822327,0.044955,0.054766,-0.034899,0.091353,0.993699,0.546100,0.838622,0.959956
1429,11.908333,0.076366,-0.143304,-0.089745,-0.982638,0.865905,1.077998,0.219939,0.064042,0.014999,-0.013384,-0.997745,0.500201,0.822313,0.044948,0.054238,-0.034180,0.091023,0.993783,0.547468,0.838656,0.959524
1430,11.916667,0.076136,-0.141809,-0.092016,-0.982663,0.868815,1.078872,0.216612,0.063977,0.015012,-0.013359,-0.997749,0.500209,0.822274,0.044944,0.054927,-0.033296,0.089925,0.993875,0.548994,0.838740,0.959561
1431,11.925000,0.077422,-0.141719,-0.094105,-0.982378,0.871660,1.079714,0.213211,0.063948,0.014988,-0.013359,-0.997751,0.500212,0.822251,0.044937,0.053297,-0.033085,0.090098,0.993955,0.550258,0.838860,0.958999
1432,11.933333,0.077728,-0.141739,-0.095965,-0.982171,0.874412,1.080548,0.209722,0.063822,0.014840,-0.013315,-0.997762,0.500214,0.822230,0.044939,0.052039,-0.032596,0.090355,0.994015,0.551542,0.839101,0.958456
1433,11.941667,0.076431,-0.141728,-0.098465,-0.982027,0.876972,1.081345,0.206149,0.063578,0.014702,-0.013267,-0.997780,0.500225,0.822237,0.044943,0.052148,-0.032290,0.089767,0.994072,0.553024,0.839239,0.958409
1434,11.950000,0.075746,-0.141668,-0.101211,-0.981809,0.879486,1.082125,0.202520,0.063841,0.014639,-0.013209,-0.997765,0.500223,0.822195,0.044926,0.035404,-0.020445,0.091262,0.994987,0.554300,0.839447,0.954047
1435,11.958333,0.075067,-0.141551,-0.103178,-0.981673,0.881932,1.082943,0.198899,0.063611,0.014531,-0.013143,-0.997782,0.500230,0.822181,0.044916,0.034221,-0.018616,0.091280,0.995063,0.555706,0.839777,0.953511
1436,11.966667,0.074470,-0.141244,-0.105813,-0.981483,0.884274,1.083669,0.195177,0.063240,0.014478,-0.013014,-0.997809,0.500239,0.822215,0.044910,0.034571,-0.019218,0.091089,0.995057,0.557125,0.839846,0.953410
1437,11.975000,0.080921,-0.139928,-0.109595,-0.980745,0.886335,1.084329,0.191109,0.063097,0.014497,-0.012828,-0.997820,0.500235,0.822210,0.044877,0.034415,-0.018911,0.091031,0.995074,0.558490,0.840074,0.953131
1438,11.983333,0.085072,-0.139086,-0.113457,-0.980074,0.888346,1.084978,0.187178,0.062979,0.014544,-0.012741,-0.997828,0.500235,0.822197,0.044851,0.034808,-0.019545,0.090558,0.995091,0.560021,0.840155,0.953136
1439,11.991667,0.086452,-0.138005,-0.116625,-0.979734,0.890326,1.085615,0.183299,0.062818,0.014422,-0.012693,-0.997840,0.500239,0.822174,0.044845,0.034776,-0.019755,0.090818,0.995064,0.561318,0.840391,0.952830
1440,12.000000,0.085754,-0.137965,-0.119650,-0.979437,0.892195,1.086294,0.179452,0.062697,0.014419,-0.012561,-0.997849,0.500228,0.822159,0.044833,0.035311,-0.020484,0.090177,0.995089,0.562901,0.840435,0.952856
1441,12.008333,0.085583,-0.137119,-0.123013,-0.979154,0.893943,1.087120,0.175737,0.062500,0.014369,-0.012429,-0.997864,0.500217,0.822134,0.044809,0.033032,-0.018348,0.090676,0.995163,0.564329,0.840977,0.952064
1442,12.016667,0.082796,-0.137760,-0.126013,-0.978922,0.895592,1.087808,0.171823,0.062165,0.014291,-0.012398,-0.997887,0.500221,0.822117,0.044805,0.034080,-0.019678,0.090312,0.995136,0.565825,0.840958,0.952167
1443,12.025000,0.081618,-0.137879,-0.129125,-0.978598,0.897057,1.088634,0.168039,0.062038,0.014231,-0.012347,-0.997896,0.500219,0.822086,0.044787,0.034028,-0.018669,0.089763,0.995207,0.567462,0.841165,0.951858
1444,12.033333,0.079762,-0.138549,-0.131237,-0.978376,0.898435,1.089452,0.164168,0.061799,0.014155,-0.012337,-0.997912,0.500228,0.822050,0.044786,0.032602,-0.017969,0.090037,0.995242,0.568901,0.841363,0.951300
1445,12.041667,0.078987,-0.139134,-0.134038,-0.977976,0.899663,1.090228,0.160217,0.061566,0.014086,-0.012319,-0.997928,0.500223,0.822020,0.044778,0.030899,-0.016574,0.090093,0.995316,0.570470,0.841732,0.950685
1446,12.050000,0.078612,-0.139497,-0.136745,-0.977580,0.900757,1.090891,0.156328,0.061312,0.013955,-0.012315,-0.997945,0.500230,0.821990,0.044775,0.034180,-0.019236,0.089206,0.995241,0.572203,0.841683,0.951333
1447,12.058333,0.078267,-0.139980,-0.138370,-0.977310,0.901713,1.091506,0.152333,0.061254,0.013846,-0.012323,-0.997950,0.500238,0.821969,0.044781,0.032681,-0.018175,0.089507,0.995284,0.573696,0.841965,0.950661
1448,12.066667,0.078576,-0.139173,-0.139784,-0.977199,0.902606,1.092161,0.148377,0.060996,0.013680,-0.012351,-0.997968,0.500246,0.821948,0.044785,0.031735,-0.017610,0.089356,0.995338,0.575389,0.842084,0.950171
1449,12.075000,0.078344,-0.139989,-0.141514,-0.976852,0.903363,1.092704,0.144332,0.060775,0.013453,-0.012396,-0.997984,0.500248,0.821894,0.044793,0.030327,-0.017252,0.090001,0.995330,0.576868,0.842360,0.949656
1450,12.083333,0.080852,-0.138254,-0.142632,-0.976732,0.904038,1.093106,0.140426,0.060444,0.013156,-0.012586,-0.998006,0.500285,0.821833,0.044815,0.030620,-0.017365,0.089876,0.995331,0.578626,0.842566,0.949304
1451,12.091667,0.081624,-0.137465,-0.143013,-0.976723,0.904556,1.093479,0.136601,0.060264,0.012956,-0.012755,-0.998017,0.500322,0.821797,0.044841,0.032699,-0.019786,0.089680,0.995237,0.580225,0.842536,0.949766
1452,12.100000,0.082444,-0.136045,-0.142749,-0.976892,0.904848,1.093819,0.132797,0.060030,0.012831,-0.012904,-0.998031,0.500381,0.821775,0.044857,0.029617,-0.018571,0.090598,0.995274,0.581836,0.842912,0.948913
1453,12.108333,0.081932,-0.135978,-0.142327,-0.977006,0.905079,1.093998,0.128826,0.060078,0.012677,-0.013290,-0.998025,0.500396,0.821687,0.044887,0.029155,-0.018777,0.090585,0.995285,0.583578,0.843173,0.948804
1454,12.116667,0.082368,-0.134789,-0.141951,-0.977189,0.905188,1.094170,0.124998,0.059835,0.012413,-0.013489,-0.998040,0.500421,0.821635,0.044920,0.028426,-0.018105,0.091407,0.995243,0.585244,0.843495,0.948146
1455,12.125000,0.081785,-0.135213,-0.141054,-0.977309,0.905019,1.094439,0.121132,0.059789,0.012255,-0.013702,-0.998042,0.500430,0.821564,0.044932,0.026241,-0.018402,0.092285,0.995217,0.586832,0.843994,0.947815
1456,12.133333,0.081690,-0.135830,-0.140294,-0.977341,0.904676,1.094548,0.117352,0.059632,0.012191,-0.013949,-0.998049,0.500441,0.821501,0.044930,0.023837,-0.016411,0.093574,0.995192,0.588543,0.844428,0.946746
1457,12.141667,0.081313,-0.137250,-0.139041,-0.977353,0.904037,1.094739,0.113499,0.059404,0.012139,-0.014125,-0.998060,0.500452,0.821449,0.044932,0.022429,-0.015428,0.094668,0.995137,0.590230,0.844812,0.946101
1458,12.150000,0.080822,-0.139601,-0.137892,-0.977223,0.903196,1.094675,0.109665,0.059208,0.012038,-0.014296,-0.998071,0.500452,0.821402,0.044922,0.022696,-0.016120,0.094977,0.995090,0.592067,0.845064,0.946003
1459,12.158333,0.079375,-0.142220,-0.136083,-0.977218,0.901951,1.094689,0.105843,0.058855,0.011833,-0.014441,-0.998092,0.500451,0.821366,0.044939,0.018924,-0.013909,0.097087,0.994999,0.593619,0.845697,0.944947
1460,12.166667,0.078522,-0.147158,-0.135324,-0.976661,0.900325,1.094526,0.101967,0.058563,0.011654,-0.014539,-0.998110,0.500444,0.821345,0.044931,0.018051,-0.013392,0.098299,0.994903,0.595250,0.846207,0.944548
1461,12.175000,0.088409,-0.141806,-0.134293,-0.976750,0.898525,1.094065,0.098410,0.058379,0.011496,-0.014682,-0.998120,0.500441,0.821301,0.044937,0.016433,-0.011344,0.099114,0.994876,0.597270,0.846805,0.944001
1462,12.183333,0.092913,-0.135008,-0.134254,-0.977300,0.896203,1.093706,0.095092,0.058034,0.011265,-0.014798,-0.998141,0.500440,0.821260,0.044938,0.014172,-0.010335,0.100829,0.994749,0.598778,0.847417,0.943298
1463,12.191667,0.093378,-0.128175,-0.135590,-0.977991,0.893809,1.093241,0.091914,0.057631,0.011039,-0.014952,-0.998165,0.500424,0.821213,0.044929,0.013638,-0.010097,0.101368,0.994704,0.600779,0.847783,0.943042
1464,12.200000,0.090015,-0.121113,-0.135848,-0.979170,0.891322,1.092538,0.088963,0.057302,0.010869,-0.015045,-0.998184,0.500425,0.821155,0.044934,0.014195,-0.010032,0.103121,0.994517,0.602559,0.848257,0.942509
1465,12.208333,0.083354,-0.114889,-0.136721,-0.980388,0.888816,1.091769,0.086176,0.056347,0.010539,-0.015137,-0.998241,0.500395,0.821121,0.044951,0.012919,-0.008803,0.103875,0.994467,0.604552,0.848729,0.942077
1466,12.216667,0.074092,-0.108872,-0.136747,-0.981813,0.886340,1.090977,0.083850,0.055620,0.009925,-0.015204,-0.998287,0.500353,0.821061,0.044971,0.012490,-0.009079,0.105095,0.994342,0.606267,0.849275,0.941887
1467,12.225000,0.065974,-0.103165,-0.137102,-0.982959,0.884102,1.090150,0.081530,0.055128,0.009675,-0.015299,-0.998315,0.500353,0.820984,0.044976,0.011068,-0.007141,0.105967,0.994282,0.608089,0.849873,0.941165
1468,12.233333,0.059971,-0.096943,-0.139332,-0.983663,0.882149,1.089397,0.079432,0.053888,0.008985,-0.015376,-0.998388,0.500296,0.820954,0.044948,0.009005,-0.006488,0.107570,0.994136,0.609675,0.850631,0.940689
1469,12.241667,0.054966,-0.088322,-0.142139,-0.984365,0.880681,1.088812,0.077441,0.053269,0.008746,-0.015366,-0.998424,0.500293,0.820875,0.044962,0.008238,-0.004817,0.107901,0.994116,0.611506,0.851232,0.940105
1470,12.250000,0.050418,-0.080971,-0.143292,-0.985073,0.879807,1.088225,0.075461,0.052635,0.008547,-0.015344,-0.998459,0.500295,0.820794,0.044965,0.007867,-0.004879,0.108299,0.994075,0.613327,0.851858,0.939929
1471,12.258333,0.058178,-0.073861,-0.145038,-0.984949,0.879709,1.087474,0.073339,0.051908,0.008014,-0.015220,-0.998504,0.500298,0.820712,0.044987,0.007237,-0.003837,0.109146,0.993992,0.614755,0.852456,0.939706
1472,12.266667,0.054175,-0.069030,-0.145518,-0.985457,0.880023,1.087299,0.071684,0.051438,0.007688,-0.015243,-0.998530,0.500302,0.820624,0.045024,0.009942,-0.006297,0.109349,0.993934,0.616284,0.852972,0.940764
1473,12.275000,0.051970,-0.063860,-0.144658,-0.986050,0.880510,1.086944,0.070274,0.051025,0.007219,-0.015258,-0.998555,0.500315,0.820544,0.045068,0.007994,-0.003158,0.110453,0.993844,0.617575,0.853690,0.939855
1474,12.283333,0.049806,-0.059896,-0.144789,-0.986391,0.881215,1.086566,0.069095,0.050735,0.006805,-0.015273,-0.998572,0.500328,0.820475,0.045122,0.035635,-0.014723,0.109089,0.993284,0.618801,0.853942,0.944806
1475,12.291667,0.047373,-0.055582,-0.145379,-0.986677,0.881510,1.086328,0.068087,0.050548,0.006259,-0.015201,-0.998586,0.500331,0.820425,0.045173,0.043783,-0.015373,0.110584,0.992783,0.619665,0.854470,0.946094
1476,12.300000,0.043682,-0.051725,-0.146434,-0.986901,0.881588,1.085990,0.067248,0.050328,0.005660,-0.015062,-0.998603,0.500338,0.820389,0.045232,0.045728,-0.014740,0.111243,0.992631,0.620880,0.855217,0.945889
1477,12.308333,0.041087,-0.047750,-0.147262,-0.987090,0.881373,1.085747,0.066441,0.050299,0.005118,-0.014905,-0.998610,0.500342,0.820373,0.045304,0.047731,-0.012751,0.110986,0.992593,0.622244,0.856315,0.946510
1478,12.316667,0.039567,-0.043520,-0.147436,-0.987321,0.881090,1.085384,0.065710,0.050101,0.004456,-0.014720,-0.998626,0.500337,0.820372,0.045382,0.051534,-0.015672,0.109616,0.992514,0.624323,0.856975,0.946738
1479,12.325000,0.037445,-0.039610,-0.146316,-0.987735,0.880846,1.084950,0.065010,0.049812,0.004112,-0.014439,-0.998646,0.500319,0.820417,0.045470,0.053763,-0.017010,0.109111,0.992429,0.625830,0.857819,0.947305
1480,12.333333,0.034303,-0.036521,-0.145500,-0.988089,0.880699,1.084546,0.064236,0.049088,0.003644,-0.013846,-0.998692,0.500293,0.820480,0.045497,0.052070,-0.015064,0.109353,0.992524,0.627173,0.858997,0.946835
1481,12.341667,0.031883,-0.032870,-0.144295,-0.988475,0.880435,1.084285,0.063414,0.047988,0.003178,-0.012967,-0.998759,0.500241,0.820590,0.045500,0.051151,-0.015608,0.109425,0.992555,0.628383,0.860102,0.946563
1482,12.350000,0.028566,-0.029537,-0.143220,-0.988838,0.880279,1.084048,0.062740,0.047488,0.002627,-0.012434,-0.998791,0.500212,0.820659,0.045539,0.049527,-0.014028,0.109715,0.992629,0.629665,0.861177,0.946100
1483,12.358333,0.026070,-0.025550,-0.142977,-0.989053,0.880126,1.083878,0.062029,0.047561,0.001808,-0.011861,-0.998796,0.500192,0.820726,0.045633,0.048445,-0.015344,0.109972,0.992635,0.630861,0.862219,0.945883
1484,12.366667,0.023293,-0.022690,-0.143519,-0.989113,0.879999,1.083796,0.061384,0.046855,0.001254,-0.011090,-0.998839,0.500136,0.820837,0.045642,0.047254,-0.014956,0.110546,0.992634,0.632032,0.863275,0.945478
1485,12.375000,0.022186,-0.019775,-0.143304,-0.989232,0.879678,1.083672,0.060757,0.046659,0.000499,-0.010350,-0.998857,0.500096,0.820918,0.045700,0.045967,-0.014322,0.110833,0.992672,0.633302,0.864217,0.945299
1486,12.383333,0.011785,-0.020791,-0.146331,-0.988947,0.879527,1.083256,0.060332,0.046479,-0.000124,-0.009707,-0.998872,0.500067,0.821019,0.045748,0.045568,-0.014121,0.110923,0.992683,0.634438,0.865104,0.944888
1487,12.391667,0.009263,-0.017765,-0.147776,-0.988818,0.879369,1.083060,0.059648,0.046045,-0.000453,-0.008810,-0.998901,0.500022,0.821139,0.045738,0.043959,-0.013823,0.111266,0.992722,0.635530,0.866083,0.944586
1488,12.400000,0.007177,-0.014984,-0.148508,-0.988772,0.879141,1.082968,0.059088,0.046072,-0.000732,-0.008115,-0.998905,0.499994,0.821219,0.045768,0.043374,-0.011760,0.111417,0.992757,0.636814,0.866894,0.944159
1489,12.408333,0.007169,-0.009878,-0.147783,-0.988945,0.878983,1.083065,0.058414,0.046812,-0.001073,-0.007635,-0.998874,0.499984,0.821256,0.045834,0.042826,-0.011152,0.111389,0.992791,0.638058,0.867781,0.943977
1490,12.416667,0.003674,-0.006877,-0.148025,-0.988953,0.878762,1.082967,0.057838,0.047026,-0.001056,-0.007088,-0.998868,0.499950,0.821312,0.045827,0.042739,-0.009773,0.110943,0.992859,0.639305,0.868670,0.943657
1491,12.425000,0.001488,-0.004978,-0.148010,-0.988972,0.878550,1.082973,0.057392,0.047051,-0.000985,-0.006599,-0.998870,0.499911,0.821376,0.045790,0.042093,-0.008416,0.110570,0.992941,0.640399,0.869617,0.943468
1492,12.433333,0.000406,-0.001714,-0.146747,-0.989173,0.878383,1.083028,0.056734,0.046749,-0.000903,-0.006141,-0.998887,0.499884,0.821474,0.045755,0.043846,-0.008378,0.109911,0.992939,0.641857,0.870605,0.943292
1493,12.441667,-0.002245,0.001218,-0.146033,-0.989277,0.878249,1.082974,0.056110,0.047366,-0.001024,-0.005845,-0.998860,0.499847,0.821504,0.045741,0.042170,-0.007335,0.108946,0.993126,0.642906,0.871637,0.942734
1494,12.450000,-0.004315,0.003768,-0.145669,-0.989317,0.878163,1.082935,0.055639,0.047699,-0.000759,-0.005458,-0.998847,0.499812,0.821560,0.045690,0.041224,-0.007093,0.108183,0.993251,0.643911,0.872706,0.942250
1495,12.458333,-0.006617,0.006693,-0.145726,-0.989280,0.878011,1.082805,0.055110,0.048213,-0.000363,-0.004992,-0.998825,0.499779,0.821615,0.045635,0.041005,-0.006816,0.106899,0.993401,0.644898,0.873690,0.942089
1496,12.466667,-0.006765,0.009768,-0.145724,-0.989254,0.878087,1.082664,0.054552,0.048398,0.000327,-0.004363,-0.998819,0.499741,0.821718,0.045523,0.038225,-0.004619,0.106455,0.993572,0.646043,0.874865,0.941156
1497,12.475000,-0.007762,0.012573,-0.145480,-0.989251,0.877717,1.082586,0.054160,0.049009,0.000686,-0.003945,-0.998790,0.499690,0.821775,0.045470,0.037155,-0.004900,0.106327,0.993625,0.647212,0.875789,0.940436
1498,12.483333,-0.011439,0.013954,-0.145800,-0.989150,0.877122,1.082323,0.053762,0.049408,0.001258,-0.003695,-0.998771,0.499643,0.821802,0.045396,0.037275,-0.004544,0.105817,0.993676,0.648548,0.876800,0.939829
1499,12.491667,-0.014344,0.014288,-0.146655,-0.988981,0.877202,1.082167,0.053514,0.049869,0.001794,-0.003410,-0.998748,0.499594,0.821821,0.045312,0.037278,-0.004195,0.105514,0.993710,0.649726,0.877737,0.939378
1500,12.500000,-0.018225,0.013998,-0.148112,-0.988704,0.877751,1.081974,0.053238,0.050145,0.002290,-0.003150,-0.998734,0.499538,0.821833,0.045250,0.036090,-0.003605,0.105368,0.993772,0.650964,0.878915,0.938428
1501,12.508333,-0.021478,0.013597,-0.149229,-0.988476,0.878618,1.081861,0.053145,0.050395,0.002893,-0.003018,-0.998721,0.499489,0.821830,0.045181,0.035643,-0.003744,0.105136,0.993812,0.651997,0.880104,0.937942
1502,12.516667,-0.024919,0.012558,-0.149950,-0.988300,0.879506,1.081775,0.053103,0.050526,0.003275,-0.002808,-0.998713,0.499426,0.821845,0.045129,0.035454,-0.003261,0.105272,0.993806,0.653099,0.881210,0.937474
1503,12.525000,-0.028372,0.012126,-0.150128,-0.988185,0.880055,1.081668,0.053041,0.051499,0.004259,-0.002359,-0.998661,0.499474,0.821747,0.045189,0.035855,-0.005062,0.105362,0.993775,0.653957,0.882419,0.937194
1504,12.533333,-0.030094,0.012137,-0.150067,-0.988143,0.880276,1.081566,0.053127,0.052110,0.004875,-0.002011,-0.998627,0.499490,0.821726,0.045211,0.035713,-0.003040,0.105994,0.993721,0.654870,0.883501,0.936844
1505,12.541667,-0.032038,0.012008,-0.150002,-0.988094,0.880234,1.081502,0.053206,0.052559,0.005049,-0.001840,-0.998603,0.499463,0.821777,0.045200,0.037360,-0.002273,0.106264,0.993633,0.655995,0.884412,0.936819
1506,12.550000,-0.033512,0.011478,-0.150226,-0.988017,0.880153,1.081494,0.053285,0.053249,0.005288,-0.001815,-0.998566,0.499459,0.821820,0.045190,0.039049,-0.002996,0.106966,0.993491,0.656843,0.885484,0.936951
1507,12.558333,-0.034610,0.011014,-0.150463,-0.987948,0.880133,1.081521,0.053323,0.054043,0.005266,-0.001726,-0.998523,0.499465,0.821866,0.045215,0.039061,-0.002795,0.107324,0.993453,0.657611,0.886521,0.937271
1508,12.566667,-0.035230,0.010648,-0.150419,-0.987937,0.880194,1.081555,0.053351,0.054135,0.004349,-0.001598,-0.998523,0.499332,0.822019,0.045138,0.042435,-0.003488,0.107521,0.993291,0.658590,0.887418,0.937796
1509,12.575000,-0.035203,0.010464,-0.150207,-0.987972,0.880321,1.081581,0.053406,0.054618,0.004513,-0.001499,-0.998496,0.499297,0.822092,0.045129,0.041131,-0.001858,0.108652,0.993227,0.659217,0.888528,0.937731
1510,12.583333,-0.035142,0.010539,-0.149888,-0.988022,0.880377,1.081620,0.053411,0.055654,0.005334,-0.001325,-0.998435,0.499374,0.822066,0.045166,0.043867,-0.003251,0.108956,0.993073,0.660234,0.889358,0.938166
1511,12.591667,-0.034928,0.010684,-0.149719,-0.988054,0.880397,1.081665,0.053402,0.056361,0.005920,-0.001260,-0.998392,0.499421,0.822052,0.045199,0.042599,-0.000503,0.109604,0.993062,0.660901,0.890455,0.938110
1512,12.600000,-0.034726,0.010729,-0.149758,-0.988054,0.880377,1.081719,0.053373,0.056628,0.006222,-0.001149,-0.998375,0.499391,0.822091,0.045171,0.043210,0.000709,0.110102,0.992980,0.661541,0.891349,0.938129
1513,12.608333,-0.034617,0.010757,-0.149868,-0.988041,0.880364,1.081748,0.053323,0.056207,0.005890,-0.000789,-0.998401,0.499227,0.822202,0.045032,0.043331,0.000705,0.110315,0.992951,0.662176,0.892246,0.938110
1514,12.616667,-0.034489,0.010829,-0.149963,-0.988031,0.880386,1.081774,0.053290,0.056972,0.007022,-0.000818,-0.998351,0.499253,0.822175,0.045051,0.043722,0.002243,0.110064,0.992960,0.662654,0.892997,0.938005
1515,12.625000,-0.034656,0.010959,-0.149959,-0.988024,0.880440,1.081774,0.053245,0.055929,0.006939,-0.000334,-0.998411,0.499097,0.822257,0.044904,0.045146,0.002634,0.109560,0.992951,0.663259,0.893545,0.937584
1516,12.633333,-0.035013,0.011050,-0.150020,-0.988001,0.880507,1.081760,0.053204,0.056655,0.008037,-0.000457,-0.998361,0.499125,0.822217,0.044916,0.044079,0.006234,0.109446,0.992995,0.664082,0.894268,0.936961
1517,12.641667,-0.035529,0.010964,-0.150196,-0.987957,0.880574,1.081747,0.053157,0.056811,0.008583,-0.000456,-0.998348,0.499086,0.822197,0.044887,0.045124,0.005656,0.108714,0.993032,0.664489,0.894884,0.936608
1518,12.650000,-0.036368,0.010825,-0.150383,-0.987899,0.880649,1.081717,0.053104,0.056944,0.008987,-0.000417,-0.998337,0.499035,0.822193,0.044853,0.045982,0.005555,0.107979,0.993074,0.665084,0.895475,0.936162
1519,12.658333,-0.037355,0.010502,-0.150590,-0.987834,0.880700,1.081669,0.053058,0.057064,0.009394,-0.000359,-0.998326,0.498968,0.822204,0.044812,0.044555,0.008112,0.107178,0.993208,0.665650,0.896275,0.935447
1520,12.666667,-0.038434,0.010255,-0.150707,-0.987778,0.880757,1.081603,0.053003,0.057230,0.009762,-0.000316,-0.998313,0.498910,0.822208,0.044777,0.045456,0.007931,0.106281,0.993265,0.666275,0.896758,0.935256
1521,12.675000,-0.039422,0.009373,-0.151302,-0.987657,0.880986,1.081517,0.052946,0.057458,0.010000,-0.000170,-0.998298,0.498842,0.822219,0.044734,0.045600,0.008676,0.105927,0.993290,0.666727,0.897376,0.934956
1522,12.683333,-0.040360,0.009160,-0.151367,-0.987611,0.881016,1.081436,0.052922,0.057459,0.010224,-0.000111,-0.998295,0.498776,0.822228,0.044704,0.046594,0.009592,0.104743,0.993361,0.667539,0.897932,0.934917
1523,12.691667,-0.041394,0.008910,-0.151451,-0.987558,0.881060,1.081347,0.052880,0.057664,0.010283,-0.000149,-0.998283,0.498692,0.822222,0.044642,0.046295,0.009947,0.104027,0.993447,0.668192,0.898644,0.934738
1524,12.700000,-0.042199,0.008710,-0.151508,-0.987516,0.881082,1.081271,0.052844,0.057553,0.010437,-0.000105,-0.998288,0.498648,0.822219,0.044620,0.046303,0.011253,0.104048,0.993430,0.668808,0.899340,0.934456
1525,12.708333,-0.042920,0.008521,-0.151539,-0.987482,0.881092,1.081197,0.052809,0.057423,0.010649,-0.000101,-0.998293,0.498613,0.822222,0.044605,0.045567,0.011211,0.103827,0.993488,0.669346,0.900103,0.934338
1526,12.716667,-0.043371,0.009119,-0.151201,-0.987509,0.880811,1.081138,0.052780,0.057348,0.010727,-0.000069,-0.998297,0.498587,0.822211,0.044583,0.047227,0.011633,0.103670,0.993422,0.670106,0.900637,0.934441
1527,12.725000,-0.043636,0.008501,-0.151570,-0.987446,0.881090,1.081093,0.052767,0.057116,0.010752,-0.000096,-0.998310,0.498554,0.822197,0.044571,0.046730,0.012968,0.103755,0.993420,0.670761,0.901392,0.934127
1528,12.733333,-0.043746,0.009017,-0.151180,-0.987497,0.880799,1.081082,0.052739,0.056892,0.010790,-0.000141,-0.998322,0.498546,0.822174,0.044571,0.047158,0.013150,0.103886,0.993384,0.671472,0.901946,0.934171
1529,12.741667,-0.043655,0.008984,-0.151232,-0.987493,0.880767,1.081071,0.052732,0.056765,0.010765,-0.000193,-0.998329,0.498542,0.822148,0.044582,0.046896,0.014293,0.104271,0.993340,0.672068,0.902604,0.933984
1530,12.750000,-0.043501,0.008981,-0.151321,-0.987486,0.880743,1.081077,0.052726,0.056643,0.010539,-0.000232,-0.998339,0.498545,0.822118,0.044592,0.048031,0.013387,0.104078,0.993318,0.672897,0.903068,0.933898
1531,12.758333,-0.043121,0.008910,-0.151419,-0.987489,0.880715,1.081103,0.052718,0.056493,0.010354,-0.000334,-0.998349,0.498562,0.822084,0.044627,0.048213,0.014169,0.104329,0.993273,0.673662,0.903567,0.933563
1532,12.766667,-0.042766,0.008884,-0.151476,-0.987495,0.880685,1.081127,0.052717,0.056184,0.009923,-0.000211,-0.998371,0.498562,0.822064,0.044646,0.048275,0.014572,0.104433,0.993253,0.674322,0.904053,0.933699
1533,12.775000,-0.042375,0.008834,-0.151518,-0.987506,0.880659,1.081153,0.052729,0.056004,0.009661,-0.000322,-0.998384,0.498603,0.822022,0.044670,0.046926,0.016360,0.104493,0.993283,0.674997,0.904669,0.933333
1534,12.783333,-0.042214,0.008725,-0.151577,-0.987505,0.880630,1.081172,0.052736,0.056221,0.009416,-0.000421,-0.998374,0.498681,0.821950,0.044761,0.047049,0.015651,0.104416,0.993297,0.675569,0.905166,0.933363
1535,12.791667,-0.041987,0.008625,-0.151658,-0.987503,0.880611,1.081189,0.052746,0.056478,0.008742,-0.000538,-0.998365,0.498750,0.821891,0.044853,0.047780,0.016285,0.104270,0.993267,0.676408,0.905461,0.933267
1536,12.800000,-0.041828,0.008493,-0.151628,-0.987516,0.880597,1.081209,0.052771,0.055964,0.007326,-0.000578,-0.998406,0.498712,0.821877,0.044884,0.048382,0.015419,0.104279,0.993251,0.677259,0.905772,0.933047
1537,12.808333,-0.041824,0.008474,-0.151621,-0.987517,0.880616,1.081213,0.052788,0.055795,0.006500,-0.000660,-0.998421,0.498767,0.821825,0.044982,0.046712,0.015121,0.103632,0.993403,0.677906,0.906390,0.933040
1538,12.816667,-0.041811,0.008323,-0.151604,-0.987522,0.880644,1.081220,0.052805,0.055630,0.005479,-0.000688,-0.998436,0.498798,0.821791,0.045059,0.046206,0.016455,0.103447,0.993425,0.678761,0.906900,0.932660
1539,12.825000,-0.041888,0.008180,-0.151605,-0.987519,0.880683,1.081217,0.052817,0.055194,0.004706,-0.000723,-0.998464,0.498834,0.821740,0.045153,0.046139,0.016845,0.103108,0.993457,0.679500,0.907399,0.932676
1540,12.833333,-0.042010,0.008015,-0.151588,-0.987518,0.880722,1.081193,0.052827,0.054720,0.003918,-0.000780,-0.998494,0.498864,0.821691,0.045260,0.044680,0.014788,0.102117,0.993658,0.680287,0.908118,0.932774
1541,12.841667,-0.042261,0.007939,-0.151598,-0.987507,0.880744,1.081164,0.052840,0.053931,0.003024,-0.000606,-0.998540,0.498882,0.821661,0.045374,0.045875,0.016296,0.101273,0.993667,0.681403,0.908586,0.932911
1542,12.850000,-0.042561,0.007894,-0.151572,-0.987498,0.880758,1.081138,0.052833,0.052677,0.001936,-0.000282,-0.998610,0.498875,0.821667,0.045483,0.045435,0.016521,0.100567,0.993755,0.682413,0.909253,0.932662
1543,12.858333,-0.042681,0.007798,-0.151581,-0.987492,0.880783,1.081113,0.052844,0.052243,0.001373,0.000172,-0.998633,0.498921,0.821643,0.045653,0.044952,0.016232,0.099900,0.993849,0.683301,0.910035,0.932831
1544,12.866667,-0.042999,0.007736,-0.151549,-0.987484,0.880802,1.081074,0.052829,0.051342,0.000133,0.000616,-0.998681,0.498921,0.821618,0.045831,0.045051,0.015972,0.098762,0.993962,0.684444,0.910708,0.932946
1545,12.875000,-0.042875,0.009019,-0.152038,-0.987403,0.880839,1.080956,0.052672,0.050882,-0.001038,0.001012,-0.998704,0.498917,0.821597,0.045972,0.044544,0.016795,0.097860,0.994061,0.685529,0.911548,0.933021
1546,12.883333,-0.042918,0.008988,-0.151945,-0.987416,0.880865,1.080926,0.052654,0.048554,-0.002490,0.001880,-0.998816,0.498945,0.821843,0.046204,0.045080,0.018343,0.097176,0.994077,0.686736,0.912155,0.933665
1547,12.891667,-0.043274,0.008604,-0.151980,-0.987398,0.880880,1.080871,0.052663,0.047442,-0.004012,0.002522,-0.998863,0.498957,0.821920,0.046416,0.046791,0.017315,0.096122,0.994118,0.687842,0.912758,0.934337
1548,12.900000,-0.043565,0.008211,-0.151756,-0.987423,0.880892,1.080851,0.052668,0.045860,-0.005833,0.003026,-0.998926,0.498959,0.821998,0.046644,0.045654,0.019040,0.095362,0.994213,0.689097,0.913610,0.934452
1549,12.908333,-0.043757,0.007830,-0.151526,-0.987453,0.880914,1.080833,0.052702,0.044654,-0.007702,0.003639,-0.998966,0.498999,0.822064,0.046915,0.046491,0.017929,0.094466,0.994280,0.690332,0.914421,0.935140
1550,12.916667,-0.043933,0.007340,-0.151284,-0.987486,0.880932,1.080832,0.052738,0.043765,-0.009455,0.004189,-0.998988,0.499047,0.822119,0.047180,0.043225,0.020195,0.093916,0.994436,0.691597,0.915560,0.934694
1551,12.925000,-0.044294,0.006918,-0.151092,-0.987503,0.880968,1.080821,0.052771,0.042957,-0.011508,0.004728,-0.999000,0.499103,0.822158,0.047469,0.041993,0.021567,0.093315,0.994517,0.692984,0.916524,0.934653
1552,12.933333,-0.044451,0.006507,-0.150930,-0.987523,0.881035,1.080805,0.052839,0.042111,-0.013643,0.005056,-0.999007,0.499190,0.822154,0.047768,0.040750,0.020022,0.092413,0.994685,0.694169,0.917658,0.934873
1553,12.941667,-0.044879,0.006110,-0.150824,-0.987523,0.881101,1.080795,0.052861,0.041245,-0.016073,0.005234,-0.999006,0.499305,0.822123,0.048097,0.042103,0.019127,0.091606,0.994721,0.695589,0.918441,0.935482
1554,12.950000,-0.045063,0.005812,-0.150802,-0.987519,0.881156,1.080775,0.052886,0.040379,-0.018236,0.005205,-0.999004,0.499453,0.821999,0.048480,0.039939,0.020633,0.091144,0.994823,0.696877,0.919548,0.935355
1555,12.958333,-0.045232,0.007048,-0.151337,-0.987422,0.881241,1.080676,0.052719,0.039027,-0.021021,0.004996,-0.999005,0.499617,0.821853,0.048871,0.039682,0.018534,0.090399,0.994942,0.698297,0.920699,0.935768
1556,12.966667,-0.045308,0.006943,-0.151333,-0.987420,0.881305,1.080652,0.052731,0.038025,-0.023783,0.005087,-0.998981,0.499743,0.821801,0.049259,0.040061,0.020149,0.089859,0.994945,0.699883,0.921628,0.935974
1557,12.975000,-0.045279,0.006886,-0.151248,-0.987434,0.881326,1.080642,0.052723,0.036611,-0.026593,0.005161,-0.998962,0.499880,0.821740,0.049669,0.038569,0.020578,0.089539,0.995024,0.701209,0.922846,0.936424
1558,12.983333,-0.045244,0.006881,-0.151225,-0.987440,0.881342,1.080618,0.052716,0.034398,-0.029399,0.005050,-0.998963,0.500055,0.821672,0.050146,0.038565,0.021176,0.088670,0.995089,0.702735,0.923840,0.937095
1559,12.991667,-0.045093,0.006872,-0.151287,-0.987437,0.881351,1.080601,0.052711,0.032591,-0.032680,0.004927,-0.998922,0.500231,0.821593,0.050624,0.038727,0.020263,0.088054,0.995156,0.704316,0.924959,0.937865
1560,13.000000,-0.045087,0.006871,-0.151316,-0.987433,0.881349,1.080588,0.052683,0.037059,-0.035031,0.003254,-0.998694,0.500446,0.821099,0.050679,0.033922,0.024458,0.087363,0.995298,0.705521,0.926373,0.938381
1561,13.008333,-0.045022,0.006839,-0.151301,-0.987438,0.881373,1.080562,0.052675,0.036442,-0.037784,0.002296,-0.998619,0.500634,0.820795,0.051190,0.034946,0.024065,0.087202,0.995287,0.707156,0.927432,0.939255
1562,13.016667,-0.045021,0.006765,-0.151318,-0.987436,0.881390,1.080557,0.052663,0.034255,-0.040601,0.001633,-0.998587,0.500833,0.820604,0.051681,0.036823,0.023775,0.087191,0.995227,0.708979,0.928514,0.940246
1563,13.025000,-0.045056,0.006689,-0.151259,-0.987444,0.881401,1.080544,0.052642,0.031943,-0.043633,0.001648,-0.998536,0.501001,0.820526,0.052217,0.036646,0.034743,0.085079,0.995094,0.710958,0.930373,0.942094
1564,13.033333,-0.045033,0.006635,-0.151203,-0.987454,0.881412,1.080533,0.052628,0.030022,-0.046430,0.001848,-0.998469,0.501168,0.820486,0.052745,0.036719,0.037863,0.085569,0.994935,0.713167,0.931649,0.942158
1565,13.041667,-0.044924,0.006553,-0.151171,-0.987465,0.881409,1.080543,0.052619,0.028487,-0.049544,0.001925,-0.998364,0.501362,0.820400,0.053317,0.036572,0.036663,0.085123,0.995024,0.714924,0.933121,0.943134
1566,13.050000,-0.044753,0.006530,-0.151124,-0.987480,0.881409,1.080549,0.052610,0.026519,-0.053260,0.002174,-0.998226,0.501514,0.820361,0.053860,0.038134,0.039414,0.085582,0.994821,0.716790,0.934271,0.944264
1567,13.058333,-0.044428,0.006550,-0.151084,-0.987500,0.881401,1.080570,0.052603,0.024976,-0.056630,0.002378,-0.998080,0.501713,0.820319,0.054415,0.036161,0.043079,0.085471,0.994752,0.718831,0.935932,0.944664
1568,13.066667,-0.044233,0.006657,-0.151030,-0.987517,0.881388,1.080587,0.052580,0.023171,-0.061245,0.003043,-0.997849,0.501929,0.820319,0.055132,0.034798,0.043469,0.085197,0.994807,0.720679,0.937546,0.945284
1569,13.075000,-0.043829,0.006769,-0.150966,-0.987544,0.881375,1.080617,0.052565,0.021494,-0.065091,0.003339,-0.997642,0.502139,0.820313,0.055781,0.035640,0.040503,0.085088,0.994912,0.722537,0.939006,0.946113
1570,13.083333,-0.043475,0.006991,-0.150875,-0.987572,0.881354,1.080640,0.052539,0.017095,-0.069289,0.003318,-0.997445,0.502391,0.820293,0.056553,0.033929,0.045186,0.084811,0.994794,0.724651,0.940688,0.946790
1571,13.091667,-0.043007,0.007141,-0.150806,-0.987602,0.881319,1.080674,0.052517,0.015426,-0.073583,0.003474,-0.997164,0.502666,0.820245,0.057203,0.033637,0.042809,0.084650,0.994922,0.726586,0.942322,0.947175
1572,13.100000,-0.042631,0.007016,-0.150818,-0.987617,0.881280,1.080704,0.052527,0.013407,-0.078466,0.003782,-0.996819,0.502946,0.820230,0.057885,0.033335,0.041989,0.084556,0.994975,0.728535,0.943953,0.947804
1573,13.108333,-0.042051,0.006965,-0.150589,-0.987677,0.881263,1.080759,0.052554,0.011869,-0.083204,0.003936,-0.996454,0.503248,0.820194,0.058559,0.034982,0.046392,0.085033,0.994683,0.730873,0.945403,0.948631
1574,13.116667,-0.041365,0.006917,-0.150400,-0.987735,0.881119,1.080826,0.052536,0.010921,-0.088477,0.004312,-0.996009,0.503564,0.820250,0.059402,0.034354,0.044240,0.084882,0.994815,0.732888,0.947216,0.949209
1575,13.125000,-0.040472,0.006710,-0.150151,-0.987812,0.881321,1.080912,0.052551,0.009651,-0.092490,0.003857,-0.995660,0.503905,0.820114,0.060000,0.033893,0.044305,0.084756,0.994839,0.735043,0.948915,0.949785
1576,13.133333,-0.040001,0.006813,-0.150093,-0.987839,0.881294,1.080950,0.052542,0.008047,-0.097655,0.003883,-0.995180,0.504259,0.820058,0.060684,0.034248,0.044459,0.084978,0.994801,0.737115,0.950646,0.950700
1577,13.141667,-0.039556,0.006837,-0.150047,-0.987864,0.881280,1.080995,0.052543,0.007180,-0.102452,0.003656,-0.994705,0.504665,0.819954,0.061439,0.032241,0.043540,0.084944,0.994912,0.739362,0.952674,0.950719
1578,13.150000,-0.039196,0.006871,-0.150003,-0.987884,0.881268,1.081041,0.052529,0.006202,-0.107252,0.003631,-0.994206,0.505089,0.819917,0.062211,0.030623,0.043675,0.085358,0.994922,0.741493,0.954571,0.951115
1579,13.158333,-0.038811,0.006871,-0.149930,-0.987911,0.881249,1.081089,0.052518,0.006811,-0.110641,0.002598,-0.993834,0.505530,0.819746,0.062902,0.032173,0.043061,0.085774,0.994864,0.743775,0.956133,0.951975
1580,13.166667,-0.038244,0.007096,-0.149724,-0.987962,0.881236,1.081110,0.052523,0.005376,-0.116164,0.002618,-0.993212,0.506039,0.819720,0.063778,0.032272,0.041641,0.085923,0.994908,0.746186,0.957956,0.952346
1581,13.175000,-0.037915,0.007192,-0.149665,-0.987983,0.881202,1.081130,0.052498,-0.001088,-0.126613,0.005459,-0.991937,0.506778,0.820179,0.065093,0.030104,0.043781,0.086664,0.994820,0.748473,0.959938,0.952720
1582,13.183333,-0.037427,0.007281,-0.149662,-0.988002,0.881176,1.081163,0.052485,0.003037,-0.128452,0.002608,-0.991708,0.507121,0.819724,0.065536,0.030811,0.041726,0.087483,0.994815,0.750840,0.961702,0.953104
1583,13.191667,-0.036885,0.007468,-0.149701,-0.988015,0.881135,1.081203,0.052471,0.001173,-0.137192,0.003897,-0.990536,0.507739,0.819888,0.066719,0.025131,0.025771,0.089117,0.995371,0.752156,0.963823,0.952263
1584,13.200000,-0.036027,0.007700,-0.149598,-0.988060,0.881074,1.081267,0.052454,-0.003203,-0.144726,0.004933,-0.989454,0.508516,0.820116,0.067885,0.023944,0.025908,0.090182,0.995300,0.754263,0.965811,0.952822
1585,13.208333,-0.035268,0.007978,-0.149493,-0.988101,0.880983,1.081403,0.052408,-0.003050,-0.151977,0.004912,-0.988367,0.509127,0.820151,0.068879,0.024263,0.023571,0.091096,0.995268,0.756502,0.967610,0.953390
1586,13.216667,-0.034329,0.008061,-0.149602,-0.988117,0.880894,1.081501,0.052350,-0.002317,-0.160003,0.004886,-0.987102,0.509841,0.820255,0.069986,0.024926,0.023198,0.092442,0.995136,0.759038,0.969422,0.953661
1587,13.225000,-0.033406,0.008220,-0.149661,-0.988139,0.880826,1.081581,0.052307,-0.000241,-0.167332,0.004584,-0.985890,0.510579,0.820382,0.071219,0.024123,0.022343,0.093160,0.995108,0.761352,0.971303,0.954225
1588,13.233333,-0.032392,0.008369,-0.149539,-0.988190,0.880784,1.081643,0.052302,0.000417,-0.175754,0.004263,-0.984425,0.511335,0.820457,0.072301,0.023205,0.022504,0.094648,0.994986,0.763729,0.973164,0.954413
1589,13.241667,-0.031290,0.008566,-0.149394,-0.988245,0.880731,1.081709,0.052279,0.001733,-0.183069,0.003519,-0.983092,0.512182,0.820508,0.073454,0.021701,0.023736,0.096620,0.994802,0.765978,0.975091,0.954578
1590,13.250000,-0.030057,0.008815,-0.149230,-0.988306,0.880667,1.081779,0.052270,0.001554,-0.190438,0.002727,-0.981694,0.513074,0.820586,0.074452,0.022217,0.021635,0.097692,0.994733,0.768326,0.976812,0.955317
1591,13.258333,-0.028571,0.009397,-0.148936,-0.988389,0.880605,1.081873,0.052228,0.002959,-0.198437,0.002250,-0.980107,0.514012,0.820718,0.075665,0.022029,0.023161,0.099071,0.994567,0.770829,0.978564,0.955333
1592,13.266667,-0.027773,0.009571,-0.148789,-0.988432,0.880635,1.081933,0.052242,0.003760,-0.206524,0.002035,-0.978432,0.515012,0.820888,0.076864,0.020609,0.022947,0.100237,0.994485,0.773003,0.980340,0.956019
1593,13.275000,-0.026668,0.009644,-0.148594,-0.988492,0.880612,1.082005,0.052243,0.002870,-0.215741,0.002044,-0.976444,0.516062,0.821116,0.078022,0.020077,0.022719,0.101312,0.994393,0.775399,0.982064,0.956450
1594,13.283333,-0.025622,0.009903,-0.148581,-0.988519,0.880547,1.082095,0.052255,0.003155,-0.223517,0.001485,-0.974694,0.517242,0.821322,0.079274,0.019807,0.020945,0.102678,0.994297,0.777465,0.983723,0.957168
1595,13.291667,-0.022100,0.016371,-0.147638,-0.988659,0.880186,1.082221,0.051560,0.003554,-0.232261,0.001560,-0.972646,0.518515,0.821671,0.080715,0.020569,0.019702,0.103482,0.994224,0.779720,0.985303,0.957766
1596,13.300000,-0.020527,0.017092,-0.147500,-0.988701,0.880078,1.082268,0.051460,0.004691,-0.238937,0.000253,-0.971024,0.519760,0.821828,0.081863,0.020715,0.018587,0.104704,0.994114,0.781952,0.986956,0.958158
1597,13.308333,-0.019195,0.017997,-0.147353,-0.988734,0.879990,1.082286,0.051302,0.003234,-0.250623,0.002319,-0.968077,0.521402,0.822428,0.083825,0.021533,0.015584,0.105121,0.994104,0.784099,0.988569,0.958994
1598,13.316667,-0.018155,0.018653,-0.147182,-0.988767,0.879911,1.082294,0.051191,0.005405,-0.263072,0.003506,-0.964755,0.522902,0.822824,0.085530,0.021888,0.016225,0.106556,0.993933,0.786233,0.990131,0.959251
1599,13.325000,-0.017175,0.019434,-0.146905,-0.988811,0.879858,1.082250,0.051037,0.005463,-0.276383,0.005399,-0.961017,0.524595,0.823305,0.087439,0.020573,0.017188,0.107478,0.993846,0.788321,0.991698,0.959287
1600,13.333333,-0.016417,0.020220,-0.146646,-0.988846,0.879759,1.082223,0.050919,0.001572,-0.292191,0.008575,-0.956320,0.526310,0.823899,0.089178,0.021540,0.014995,0.108124,0.993791,0.790344,0.993210,0.959954
1601,13.341667,-0.015970,0.020715,-0.146485,-0.988867,0.879727,1.082202,0.050849,-0.002260,-0.305514,0.011844,-0.952111,0.528422,0.824575,0.091354,0.019890,0.014578,0.108994,0.993737,0.792256,0.994898,0.959990
1602,13.350000,-0.016318,0.020054,-0.146436,-0.988882,0.879782,1.082155,0.050911,-0.007200,-0.317808,0.015216,-0.948006,0.530828,0.825300,0.093751,0.020302,0.013162,0.109309,0.993713,0.794227,0.996324,0.960458
1603,13.358333,-0.020157,0.014066,-0.147412,-0.988770,0.880038,1.082003,0.051597,-0.008697,-0.330888,0.018155,-0.943456,0.533311,0.825969,0.096615,0.019570,0.012223,0.110257,0.993635,0.795910,0.997856,0.960865
1604,13.366667,-0.020952,0.013681,-0.147396,-0.988761,0.880059,1.081977,0.051619,-0.007343,-0.342924,0.020175,-0.939118,0.536178,0.826580,0.100155,0.019151,0.012498,0.110788,0.993581,0.797651,0.999250,0.960751
1605,13.375000,-0.021974,0.013031,-0.147276,-0.988765,0.880090,1.081963,0.051702,-0.002619,-0.356141,0.021730,-0.934176,0.539122,0.827215,0.103913,0.019760,0.010995,0.111004,0.993563,0.799413,1.000515,0.960962
1606,13.383333,-0.023366,0.012517,-0.147183,-0.988754,0.880128,1.081922,0.051779,-0.000889,-0.367707,0.022661,-0.929665,0.542378,0.827880,0.107566,0.018880,0.015981,0.111909,0.993411,0.801626,1.001786,0.961183
1607,13.391667,-0.024815,0.011815,-0.147071,-0.988744,0.880172,1.081883,0.051866,0.001707,-0.375872,0.022035,-0.926408,0.546052,0.828550,0.111169,0.019357,0.014472,0.111949,0.993420,0.803203,1.003071,0.961443
1608,13.400000,-0.026146,0.011247,-0.146837,-0.988751,0.880207,1.081846,0.051950,0.005363,-0.374012,0.018070,-0.927232,0.550098,0.829110,0.114811,0.018693,0.012161,0.111822,0.993478,0.804588,1.004420,0.961704
1609,13.408333,-0.027250,0.010968,-0.146677,-0.988748,0.880236,1.081820,0.051976,0.014447,-0.382898,0.017012,-0.923521,0.554347,0.829872,0.118650,0.018507,0.010122,0.111848,0.993501,0.806015,1.005715,0.961951
1610,13.416667,-0.028095,0.010795,-0.146571,-0.988742,0.880240,1.081787,0.051993,0.013213,-0.415588,0.028978,-0.908995,0.559496,0.831694,0.123875,0.018341,0.009484,0.111877,0.993508,0.807581,1.007000,0.961774
1611,13.425000,-0.028896,0.010779,-0.146589,-0.988717,0.880265,1.081744,0.051972,0.015418,-0.424978,0.030189,-0.904569,0.564785,0.832676,0.127884,0.018387,0.007890,0.112096,0.993496,0.808859,1.008150,0.961958
1612,13.433333,-0.029416,0.010773,-0.146731,-0.988680,0.880279,1.081689,0.051938,0.016009,-0.430707,0.030527,-0.901833,0.570868,0.833856,0.132125,0.018679,0.007658,0.111809,0.993525,0.810382,1.009058,0.961935
1613,13.441667,-0.030172,0.010895,-0.146859,-0.988637,0.880287,1.081620,0.051885,0.012696,-0.438347,0.033526,-0.898090,0.577387,0.834904,0.136157,0.018324,0.008018,0.112092,0.993496,0.811805,1.010019,0.961810
1614,13.450000,-0.030956,0.011096,-0.147065,-0.988580,0.880300,1.081538,0.051816,0.014986,-0.442784,0.036632,-0.895755,0.584625,0.835941,0.139996,0.017938,0.006559,0.112237,0.993498,0.813171,1.011122,0.961878
1615,13.458333,-0.031956,0.011394,-0.147290,-0.988511,0.880330,1.081428,0.051750,0.019536,-0.443798,0.040391,-0.895003,0.592696,0.837220,0.143571,0.017855,0.006420,0.112597,0.993460,0.814552,1.011936,0.961921
1616,13.466667,-0.033477,0.011708,-0.147378,-0.988444,0.880331,1.081312,0.051684,0.028491,-0.442696,0.043726,-0.895152,0.601101,0.838621,0.146525,0.017481,0.005513,0.113153,0.993409,0.816016,1.013061,0.961796
1617,13.475000,-0.034988,0.011954,-0.147717,-0.988338,0.880378,1.081105,0.051678,0.034321,-0.436091,0.048205,-0.897955,0.610248,0.839804,0.148516,0.016843,0.004652,0.113609,0.993372,0.817329,1.013887,0.961922
1618,13.483333,-0.037055,0.012168,-0.147763,-0.988254,0.880411,1.080897,0.051661,0.042452,-0.427928,0.051415,-0.901350,0.619923,0.840990,0.150192,0.015951,0.003424,0.114201,0.993324,0.818582,1.014906,0.961937
1619,13.491667,-0.039418,0.012493,-0.147410,-0.988211,0.880428,1.080702,0.051628,0.045719,-0.419300,0.054947,-0.905029,0.630490,0.842277,0.151628,0.015445,0.002669,0.115090,0.993231,0.819921,1.015872,0.961885
1620,13.500000,-0.040642,0.012722,-0.147994,-0.988071,0.880540,1.080357,0.051690,0.053771,-0.407422,0.054829,-0.910005,0.641305,0.843680,0.152393,0.014433,0.002062,0.115553,0.993194,0.821267,1.016776,0.961914
1621,13.508333,-0.039503,0.016068,-0.145308,-0.988467,0.880463,1.080375,0.051466,0.058289,-0.396746,0.055675,-0.914383,0.652761,0.845141,0.153020,0.013690,0.000927,0.116052,0.993148,0.822658,1.017654,0.961910
1622,13.516667,-0.041228,0.016767,-0.144968,-0.988435,0.880477,1.080177,0.051476,0.062885,-0.386839,0.053763,-0.918428,0.664359,0.846990,0.153106,0.012446,-0.000546,0.116454,0.993118,0.823958,1.018602,0.962047
1623,13.525000,-0.042671,0.017274,-0.144198,-0.988478,0.879924,1.080615,0.050756,0.066014,-0.376202,0.052685,-0.922680,0.676655,0.848770,0.152538,0.012168,-0.001669,0.117126,0.993041,0.825267,1.019391,0.962271
1624,13.533333,-0.041868,0.017729,-0.145302,-0.988342,0.880052,1.080369,0.050893,0.066465,-0.363121,0.049405,-0.928054,0.689182,0.850782,0.151630,0.010632,-0.002859,0.117339,0.993031,0.826619,1.020449,0.962272
1625,13.541667,-0.042623,0.018653,-0.145209,-0.988307,0.880100,1.080226,0.050920,0.066137,-0.353263,0.047920,-0.931952,0.701848,0.852849,0.150187,0.009793,-0.003977,0.117520,0.993014,0.827746,1.020986,0.962672
1626,13.550000,-0.045790,0.019845,-0.143762,-0.988353,0.880693,1.079583,0.051453,0.065674,-0.343551,0.047543,-0.935628,0.714966,0.854726,0.148292,0.009534,-0.004965,0.117470,0.993018,0.829258,1.021906,0.962642
1627,13.558333,-0.046445,0.019999,-0.143731,-0.988324,0.880714,1.079489,0.051500,0.071643,-0.332420,0.040869,-0.939518,0.729262,0.856484,0.146550,0.008556,-0.006023,0.117664,0.992998,0.830478,1.022756,0.962888
1628,13.566667,-0.047453,0.020684,-0.143383,-0.988313,0.880730,1.079426,0.051556,0.076601,-0.321165,0.039424,-0.943096,0.741409,0.859353,0.143007,0.008532,-0.006564,0.117784,0.992981,0.831646,1.023395,0.963109
1629,13.575000,-0.048358,0.021126,-0.142895,-0.988330,0.880764,1.079360,0.051601,0.074719,-0.301489,0.040986,-0.949654,0.755084,0.861543,0.140230,0.007783,-0.007596,0.117171,0.993052,0.833079,1.024095,0.963180
1630,13.583333,-0.048918,0.020752,-0.142807,-0.988323,0.880750,1.079326,0.051636,0.076128,-0.292253,0.038034,-0.952547,0.769467,0.863425,0.137715,0.007174,-0.008257,0.117471,0.993016,0.834243,1.024874,0.963439
1631,13.591667,-0.049587,0.020762,-0.142380,-0.988351,0.880747,1.079272,0.051687,0.075391,-0.279470,0.038989,-0.956396,0.783907,0.865638,0.134628,0.006713,-0.009242,0.117464,0.993011,0.835500,1.025752,0.963487
1632,13.600000,-0.050390,0.020692,-0.142274,-0.988327,0.880764,1.079216,0.051741,0.076097,-0.266060,0.037714,-0.960208,0.798247,0.867825,0.131475,0.006899,-0.009884,0.117149,0.993041,0.836943,1.026205,0.963707
1633,13.608333,-0.056079,0.020629,-0.139891,-0.988362,0.880356,1.079362,0.051396,0.077975,-0.247343,0.035088,-0.965148,0.812919,0.870119,0.127690,0.006385,-0.010491,0.117464,0.993001,0.838077,1.027042,0.963837
1634,13.616667,-0.061967,0.019110,-0.138149,-0.988286,0.879977,1.079486,0.051060,0.066560,-0.235151,0.037327,-0.968958,0.828840,0.872770,0.125265,0.006457,-0.011727,0.117733,0.992955,0.839409,1.027798,0.963912
1635,13.625000,-0.064824,0.018834,-0.137477,-0.988202,0.879865,1.079501,0.050907,0.069916,-0.222258,0.036205,-0.971804,0.843757,0.875376,0.121775,0.005467,-0.011983,0.117938,0.992934,0.840622,1.028735,0.963836
1636,13.633333,-0.065864,0.018706,-0.137299,-0.988160,0.879831,1.079496,0.050859,0.070060,-0.208271,0.034490,-0.974949,0.858940,0.877924,0.118450,0.005582,-0.013231,0.118075,0.992901,0.841966,1.029300,0.963986
1637,13.641667,-0.066019,0.018540,-0.136440,-0.988272,0.879787,1.079468,0.050838,0.069953,-0.194508,0.032578,-0.977861,0.874250,0.880509,0.115174,0.006165,-0.014612,0.118348,0.992846,0.843348,1.029844,0.964096
1638,13.650000,-0.055207,0.020261,-0.140309,-0.988360,0.880510,1.079199,0.051633,0.072842,-0.178545,0.029618,-0.980785,0.889489,0.883138,0.111501,0.005295,-0.014722,0.119132,0.992755,0.844587,1.030695,0.964059
1639,13.658333,-0.057628,0.017416,-0.143388,-0.987834,0.880845,1.078758,0.052085,0.076452,-0.163035,0.026639,-0.983293,0.904724,0.885917,0.107994,0.005567,-0.016482,0.119502,0.992682,0.845912,1.031346,0.964127
1640,13.666667,-0.056865,0.018551,-0.144381,-0.987713,0.881104,1.078511,0.052192,0.079511,-0.148757,0.023120,-0.985401,0.919978,0.888708,0.104587,0.004929,-0.016949,0.120356,0.992574,0.847188,1.032196,0.964051
1641,13.675000,-0.056426,0.017102,-0.142871,-0.987984,0.880764,1.078811,0.052222,0.078375,-0.137924,0.022857,-0.987072,0.935248,0.892020,0.101468,0.005787,-0.018184,0.121031,0.992465,0.848553,1.032629,0.964235
1642,13.683333,-0.056416,0.017676,-0.142989,-0.987957,0.880783,1.078884,0.052172,0.083278,-0.121686,0.017164,-0.988920,0.950197,0.894895,0.097976,0.005179,-0.019070,0.121783,0.992360,0.849913,1.033536,0.964073
1643,13.691667,-0.052874,0.016529,-0.143491,-0.988100,0.880054,1.078867,0.051787,0.069380,-0.119076,0.017101,-0.990310,0.964999,0.899089,0.096955,0.005482,-0.020277,0.122962,0.992189,0.851314,1.034243,0.964115
1644,13.700000,-0.050758,0.017612,-0.144104,-0.988103,0.880162,1.079013,0.051912,0.071106,-0.106283,0.013648,-0.991696,0.980021,0.902437,0.094143,0.005644,-0.020574,0.123423,0.992125,0.852763,1.034771,0.964095
1645,13.708333,-0.051178,0.017189,-0.143998,-0.988104,0.880154,1.078967,0.051792,0.067860,-0.096951,0.010453,-0.992918,0.994741,0.905928,0.092124,0.004812,-0.021373,0.124901,0.991927,0.854110,1.035841,0.963832
1646,13.716667,-0.049876,0.017311,-0.143887,-0.988185,0.880176,1.078990,0.051840,0.067988,-0.076977,0.002310,-0.994709,1.009823,0.908619,0.088676,0.005147,-0.021867,0.125901,0.991788,0.855574,1.036384,0.963810
1647,13.725000,-0.049856,0.016392,-0.144140,-0.988165,0.879974,1.079016,0.051745,0.064231,-0.067397,-0.001056,-0.995656,1.024324,0.912188,0.087084,0.005376,-0.022197,0.127119,0.991625,0.857030,1.037198,0.963696
1648,13.733333,-0.054692,0.018642,-0.145339,-0.987693,0.880391,1.079448,0.051396,0.062673,-0.055739,-0.005341,-0.996462,1.038624,0.915549,0.085398,0.004948,-0.022693,0.128382,0.991453,0.858552,1.037965,0.963530
1649,13.741667,-0.052690,0.019148,-0.145551,-0.987761,0.880293,1.079444,0.051206,0.060994,-0.044609,-0.009270,-0.997098,1.052644,0.918958,0.084092,0.005247,-0.023077,0.129649,0.991278,0.860063,1.038717,0.963372
1650,13.750000,-0.051163,0.019247,-0.145849,-0.987796,0.880296,1.079620,0.051173,0.059516,-0.033186,-0.013416,-0.997585,1.066462,0.922298,0.082945,0.004881,-0.023085,0.131038,0.991096,0.861483,1.039522,0.963175
1651,13.758333,-0.052983,0.018916,-0.146576,-0.987598,0.880367,1.079579,0.051184,0.058233,-0.022579,-0.017328,-0.997897,1.079938,0.925709,0.082100,0.005310,-0.024260,0.132642,0.990853,0.863145,1.040299,0.963199
1652,13.766667,-0.056249,0.017789,-0.145796,-0.987554,0.880591,1.079188,0.051558,0.055449,-0.012090,-0.021252,-0.998162,1.093171,0.929169,0.081429,0.004859,-0.022459,0.135047,0.990573,0.864559,1.040810,0.962807
1653,13.775000,-0.058681,0.014667,-0.145032,-0.987576,0.880754,1.079491,0.052019,0.052529,-0.001231,-0.025898,-0.998283,1.106063,0.932547,0.080885,0.005436,-0.022734,0.136690,0.990338,0.866173,1.041529,0.962831
1654,13.783333,-0.058124,0.014456,-0.145008,-0.987616,0.880768,1.079566,0.052048,0.049786,0.007929,-0.029957,-0.998279,1.118593,0.935950,0.080566,0.005323,-0.022385,0.138597,0.990081,0.867751,1.042312,0.962647
1655,13.791667,-0.058103,0.013375,-0.145990,-0.987488,0.880669,1.079514,0.052089,0.047384,0.017264,-0.034501,-0.998131,1.130847,0.939331,0.080245,0.006535,-0.022089,0.140119,0.989867,0.869337,1.042843,0.962732
1656,13.800000,-0.054561,0.013101,-0.148531,-0.987315,0.880549,1.079952,0.051764,0.045752,0.026567,-0.038942,-0.997840,1.142767,0.942516,0.080001,0.005520,-0.022231,0.141526,0.989669,0.870947,1.043916,0.962278
1657,13.808333,-0.052077,0.013994,-0.149434,-0.987300,0.880390,1.080303,0.051408,0.043811,0.034354,-0.042779,-0.997532,1.154301,0.945715,0.079860,0.006802,-0.022058,0.143126,0.989435,0.872656,1.044561,0.962230
1658,13.816667,-0.050877,0.014464,-0.149952,-0.987278,0.880360,1.080343,0.051178,0.041032,0.041750,-0.046643,-0.997195,1.165485,0.948875,0.079730,0.007340,-0.021370,0.144721,0.989215,0.874102,1.045315,0.961969
1659,13.825000,-0.049155,0.015328,-0.149978,-0.987348,0.880328,1.080346,0.050931,0.037718,0.046714,-0.049424,-0.996972,1.176152,0.952023,0.079841,0.008110,-0.020883,0.145663,0.989081,0.875774,1.046297,0.961346
1660,13.833333,-0.049944,0.016005,-0.150416,-0.987231,0.880317,1.080229,0.050604,0.033929,0.053435,-0.053033,-0.996585,1.186565,0.954960,0.079759,0.009159,-0.019120,0.146960,0.988915,0.877129,1.046989,0.960845
1661,13.841667,-0.051302,0.015694,-0.150517,-0.987151,0.880306,1.080110,0.050481,0.030971,0.057351,-0.054429,-0.996388,1.196416,0.957957,0.079994,0.009021,-0.019729,0.149044,0.988593,0.878829,1.048086,0.960821
1662,13.850000,-0.052117,0.016033,-0.150988,-0.987031,0.880221,1.080009,0.050418,0.025687,0.061920,-0.056375,-0.996157,1.205975,0.960859,0.080314,0.010190,-0.018444,0.150834,0.988335,0.880394,1.048720,0.960645
1663,13.858333,-0.052135,0.015903,-0.150607,-0.987090,0.880213,1.079755,0.050507,0.020110,0.062613,-0.056934,-0.996210,1.214931,0.963841,0.080894,0.010056,-0.018491,0.152120,0.988138,0.882139,1.049812,0.960037
1664,13.866667,-0.053083,0.015866,-0.150264,-0.987092,0.880310,1.079563,0.050563,0.013213,0.067222,-0.058812,-0.995916,1.223705,0.966556,0.081269,0.010355,-0.018850,0.153660,0.987890,0.884072,1.050609,0.959789
1665,13.875000,-0.053824,0.016077,-0.149438,-0.987174,0.880423,1.079265,0.050716,0.006207,0.069979,-0.059603,-0.995747,1.231971,0.969230,0.081753,0.011976,-0.017780,0.155357,0.987626,0.885757,1.051344,0.959464
1666,13.883333,-0.053892,0.016558,-0.149091,-0.987215,0.880484,1.079181,0.050896,-0.000013,0.073958,-0.060473,-0.995426,1.239853,0.971699,0.082289,0.012283,-0.017587,0.157155,0.987341,0.887644,1.051979,0.959160
1667,13.891667,-0.054343,0.017432,-0.149537,-0.987108,0.880460,1.079240,0.051122,-0.005116,0.077922,-0.060878,-0.995086,1.247349,0.973923,0.082725,0.013273,-0.018291,0.158852,0.987044,0.889649,1.052774,0.958992
1668,13.900000,-0.054322,0.017114,-0.149616,-0.987103,0.880405,1.079322,0.051245,-0.008972,0.082018,-0.061801,-0.994672,1.254362,0.975948,0.083365,0.014267,-0.017356,0.160589,0.986766,0.891486,1.053560,0.958385
1669,13.908333,-0.051486,0.019796,-0.148210,-0.987416,0.880232,1.079528,0.050895,-0.013386,0.087202,-0.063540,-0.994072,1.260994,0.977839,0.083985,0.015021,-0.017353,0.162376,0.986462,0.893384,1.054232,0.957898
1670,13.916667,-0.052343,0.017818,-0.148834,-0.987315,0.880228,1.079538,0.050923,-0.016266,0.092377,-0.065290,-0.993448,1.267175,0.979534,0.084590,0.015573,-0.017175,0.163832,0.986216,0.895490,1.054817,0.957499
1671,13.925000,-0.052347,0.017108,-0.148978,-0.987306,0.880175,1.079511,0.050935,-0.018906,0.098035,-0.067289,-0.992725,1.272970,0.981175,0.085169,0.017506,-0.016959,0.165199,0.985959,0.897466,1.055675,0.957069
1672,13.933333,-0.051680,0.016527,-0.149056,-0.987339,0.880108,1.079506,0.050875,-0.020675,0.102370,-0.069298,-0.992114,1.278237,0.982680,0.085824,0.017758,-0.016665,0.167393,0.985589,0.899236,1.056427,0.956675
1673,13.941667,-0.050864,0.015721,-0.149079,-0.987391,0.880053,1.079506,0.050708,-0.023321,0.109466,-0.071962,-0.991108,1.283147,0.984152,0.086409,0.018151,-0.016821,0.169122,0.985285,0.901251,1.057314,0.956087
1674,13.950000,-0.049252,0.015416,-0.148876,-0.987508,0.879988,1.079509,0.050492,-0.025191,0.114539,-0.073760,-0.990356,1.287484,0.985563,0.086773,0.019071,-0.019266,0.170002,0.985071,0.903681,1.058505,0.955492
1675,13.958333,-0.047637,0.015651,-0.148580,-0.987628,0.879965,1.079491,0.050205,-0.027693,0.119543,-0.076120,-0.989519,1.291312,0.986912,0.087036,0.020191,-0.019011,0.171880,0.984728,0.905659,1.059119,0.955038
1676,13.966667,-0.048193,0.013435,-0.149337,-0.987520,0.879944,1.079323,0.050133,-0.029402,0.123038,-0.078431,-0.988861,1.294765,0.988191,0.086895,0.020907,-0.019193,0.173774,0.984377,0.907731,1.059782,0.954663
1677,13.975000,-0.047917,0.012653,-0.149704,-0.987488,0.879884,1.079237,0.049932,-0.028218,0.124847,-0.079973,-0.988545,1.297526,0.989345,0.086745,0.022249,-0.019457,0.175612,0.984016,0.909663,1.060315,0.954374
1678,13.983333,-0.046992,0.012424,-0.149846,-0.987514,0.879889,1.079219,0.049755,-0.028211,0.126500,-0.081849,-0.988182,1.299816,0.990419,0.086662,0.022947,-0.019524,0.177188,0.983716,0.911813,1.060794,0.954009
1679,13.991667,-0.049422,0.011638,-0.149904,-0.987396,0.879985,1.079302,0.049885,-0.029644,0.127455,-0.084404,-0.987802,1.301786,0.991400,0.086152,0.023565,-0.018931,0.179108,0.983365,0.913773,1.061361,0.953507
1680,14.000000,-0.050081,0.011198,-0.150254,-0.987315,0.880000,1.079289,0.049850,-0.031181,0.128323,-0.087099,-0.987408,1.303300,0.992198,0.085302,0.024559,-0.018811,0.180503,0.983088,0.915867,1.061799,0.953072
1681,14.008333,-0.050480,0.010943,-0.150501,-0.987260,0.880022,1.079297,0.049862,-0.032016,0.128631,-0.089412,-0.987135,1.304289,0.992882,0.084361,0.025934,-0.018817,0.183162,0.982561,0.917526,1.062101,0.953010
1682,14.016667,-0.050714,0.010711,-0.150781,-0.987207,0.880041,1.079331,0.049919,-0.033802,0.128211,-0.091664,-0.986923,1.304824,0.993456,0.083281,0.026515,-0.018664,0.184752,0.982250,0.919670,1.062400,0.952573
1683,14.025000,-0.052771,0.012566,-0.151797,-0.986922,0.880187,1.079593,0.050279,-0.033997,0.128849,-0.093507,-0.986660,1.305018,0.993847,0.082046,0.026986,-0.017917,0.186309,0.981957,0.921760,1.062745,0.952165
1684,14.033333,-0.050977,0.012753,-0.152915,-0.986841,0.880132,1.079930,0.050304,-0.033829,0.128505,-0.094605,-0.986606,1.304862,0.994067,0.080546,0.027794,-0.016968,0.187590,0.981707,0.923810,1.062957,0.951649
1685,14.041667,-0.050136,0.013667,-0.152495,-0.986937,0.880241,1.080016,0.050294,-0.033629,0.126348,-0.094537,-0.986898,1.304304,0.994322,0.079050,0.028155,-0.016769,0.188898,0.981450,0.926102,1.063280,0.951146
1686,14.050000,-0.050192,0.013230,-0.152642,-0.986918,0.880260,1.080034,0.050339,-0.031776,0.123211,-0.092828,-0.987518,1.303680,0.994517,0.077664,0.029486,-0.016051,0.190070,0.981196,0.928280,1.063439,0.950671
1687,14.058333,-0.050708,0.011475,-0.153324,-0.986807,0.880178,1.080005,0.050462,-0.028375,0.121444,-0.091474,-0.987967,1.303370,0.994659,0.076203,0.030304,-0.016468,0.191136,0.980958,0.930658,1.063717,0.950266
1688,14.066667,-0.050681,0.011110,-0.153467,-0.986791,0.880172,1.080031,0.050488,-0.022759,0.119365,-0.088319,-0.988653,1.303532,0.995136,0.074986,0.031428,-0.014260,0.192884,0.980614,0.932701,1.064020,0.949742
1689,14.075000,-0.050596,0.010935,-0.153621,-0.986773,0.880187,1.080055,0.050496,-0.018525,0.116350,-0.087588,-0.989165,1.304498,0.995653,0.074469,0.032784,-0.013039,0.195353,0.980098,0.934546,1.063843,0.949595
1690,14.083333,-0.051055,0.010644,-0.153739,-0.986734,0.880196,1.080014,0.050450,-0.015556,0.113693,-0.087380,-0.989544,1.305640,0.996457,0.073994,0.033944,-0.012281,0.197394,0.979659,0.936595,1.063753,0.949305
1691,14.091667,-0.050692,0.010413,-0.153922,-0.986727,0.880222,1.080040,0.050494,-0.015367,0.113533,-0.090195,-0.989312,1.306855,0.997384,0.073530,0.034133,-0.011746,0.198812,0.979373,0.938736,1.063897,0.948999
1692,14.100000,-0.050492,0.010138,-0.154131,-0.986707,0.880252,1.080039,0.050509,-0.017535,0.111439,-0.090987,-0.989442,1.307962,0.997921,0.073578,0.034730,-0.011551,0.199985,0.979115,0.940784,1.064111,0.948834
1693,14.108333,-0.050313,0.009822,-0.154297,-0.986694,0.880278,1.080054,0.050537,-0.016552,0.109299,-0.092533,-0.989554,1.308584,0.998618,0.073149,0.034857,-0.011543,0.201258,0.978850,0.942828,1.064249,0.948703
1694,14.116667,-0.050174,0.009507,-0.154351,-0.986696,0.880300,1.080037,0.050558,-0.010755,0.107416,-0.094090,-0.989694,1.308908,0.998997,0.072049,0.034596,-0.010957,0.202410,0.978628,0.944783,1.064371,0.948555
1695,14.125000,-0.050121,0.009130,-0.154429,-0.986690,0.880333,1.080031,0.050567,-0.010445,0.103841,-0.095914,-0.989903,1.308994,0.999447,0.071076,0.034014,-0.011198,0.203294,0.978463,0.946775,1.064509,0.948525
1696,14.133333,-0.050454,0.007493,-0.155105,-0.986580,0.880714,1.080077,0.050604,-0.010273,0.099480,-0.097164,-0.990231,1.308977,0.999834,0.070099,0.033983,-0.010943,0.204167,0.978285,0.948618,1.064616,0.948504
1697,14.141667,-0.050645,0.006987,-0.155210,-0.986558,0.880753,1.080065,0.050624,-0.009672,0.095000,-0.098049,-0.990590,1.309037,1.000172,0.069247,0.033511,-0.010941,0.204757,0.978178,0.950489,1.064584,0.948571
1698,14.150000,-0.050847,0.006553,-0.155296,-0.986537,0.880780,1.080047,0.050649,-0.007953,0.091204,-0.099627,-0.990804,1.309308,1.000513,0.068460,0.033479,-0.010756,0.205374,0.978052,0.952235,1.064541,0.948667
1699,14.158333,-0.050959,0.005968,-0.155432,-0.986513,0.880806,1.080025,0.050675,-0.006506,0.088172,-0.101467,-0.990903,1.309746,1.000838,0.067645,0.032859,-0.010575,0.205822,0.977980,0.954042,1.064432,0.948821
1700,14.166667,-0.051251,0.005630,-0.155550,-0.986481,0.880822,1.080010,0.050700,-0.005657,0.084742,-0.102435,-0.991107,1.310182,1.001029,0.066800,0.032836,-0.011400,0.205739,0.977989,0.955907,1.064586,0.949088
1701,14.175000,-0.052157,0.006748,-0.154195,-0.986640,0.880627,1.079713,0.050832,-0.006438,0.081601,-0.102466,-0.991363,1.310594,1.000999,0.066171,0.032355,-0.011449,0.206035,0.977943,0.957667,1.064531,0.949270
1702,14.183333,-0.052517,0.006689,-0.154161,-0.986626,0.880647,1.079675,0.050865,-0.007228,0.078375,-0.101961,-0.991670,1.310979,1.000820,0.065596,0.031753,-0.011482,0.206630,0.977836,0.959342,1.064307,0.949496
1703,14.191667,-0.052657,0.006586,-0.154171,-0.986618,0.880649,1.079638,0.050868,-0.007550,0.074734,-0.100732,-0.992074,1.311346,1.000490,0.064924,0.031335,-0.010394,0.207294,0.977722,0.960868,1.063992,0.949673
1704,14.200000,-0.052831,0.006442,-0.154292,-0.986591,0.880659,1.079616,0.050883,-0.007743,0.071358,-0.099265,-0.992469,1.311715,1.000126,0.064267,0.031123,-0.009597,0.208157,0.977553,0.962387,1.063759,0.949779
1705,14.208333,-0.053025,0.006245,-0.154430,-0.986560,0.880667,1.079586,0.050890,-0.009668,0.068285,-0.097754,-0.992818,1.312171,0.999743,0.063716,0.030621,-0.008919,0.208743,0.977450,0.964122,1.063594,0.949734
1706,14.216667,-0.053038,0.006171,-0.154553,-0.986541,0.880672,1.079576,0.050899,-0.010781,0.064797,-0.096546,-0.993159,1.312559,0.999378,0.063130,0.030018,-0.008077,0.209374,0.977341,0.965630,1.063444,0.949650
1707,14.225000,-0.053152,0.006119,-0.154648,-0.986520,0.880670,1.079570,0.050920,-0.010634,0.061498,-0.094515,-0.993565,1.312937,0.998946,0.062432,0.029703,-0.007552,0.209782,0.977268,0.967223,1.063273,0.949632
1708,14.233333,-0.053185,0.006039,-0.154781,-0.986498,0.880672,1.079568,0.050946,-0.010800,0.058329,-0.092898,-0.993907,1.313285,0.998613,0.061832,0.029812,-0.006751,0.210401,0.977137,0.968848,1.063042,0.949647
1709,14.241667,-0.051861,0.003914,-0.153027,-0.986853,0.880646,1.079231,0.050668,-0.011414,0.054537,-0.091828,-0.994215,1.313641,0.998365,0.061203,0.029808,-0.006332,0.210731,0.977069,0.970496,1.062848,0.949586
1710,14.250000,-0.051840,0.003874,-0.153140,-0.986836,0.880641,1.079211,0.050669,-0.011407,0.051043,-0.090630,-0.994510,1.314014,0.998143,0.060550,0.029584,-0.005962,0.211225,0.976971,0.972083,1.062616,0.949496
1711,14.258333,-0.052160,0.004154,-0.153440,-0.986772,0.880634,1.079218,0.050713,-0.010684,0.047593,-0.089843,-0.994761,1.314389,0.998006,0.059913,0.029338,-0.005547,0.211792,0.976859,0.973606,1.062410,0.949270
1712,14.266667,-0.052486,0.004118,-0.153611,-0.986728,0.880646,1.079188,0.050726,-0.010738,0.043903,-0.089648,-0.994948,1.314696,0.997973,0.059325,0.032117,-0.004184,0.211048,0.976939,0.975433,1.062835,0.949017
1713,14.275000,-0.052919,0.004012,-0.153775,-0.986680,0.880681,1.079144,0.050754,-0.009473,0.040606,-0.089359,-0.995126,1.315042,0.997970,0.058754,0.031525,-0.004609,0.210813,0.977007,0.977025,1.062760,0.949084
1714,14.283333,-0.053236,0.003911,-0.154090,-0.986614,0.880703,1.079126,0.050772,-0.007726,0.036865,-0.089130,-0.995308,1.315342,0.998064,0.058185,0.031538,-0.005147,0.211524,0.976850,0.978519,1.062410,0.948972
1715,14.291667,-0.053482,0.003942,-0.154538,-0.986530,0.880700,1.079151,0.050794,-0.005796,0.033545,-0.088967,-0.995453,1.315592,0.998229,0.057609,0.031575,-0.004874,0.212731,0.976588,0.979746,1.061824,0.949051
1716,14.300000,-0.054088,0.003962,-0.154937,-0.986435,0.880732,1.079132,0.050845,-0.003221,0.030705,-0.089075,-0.995546,1.315830,0.998431,0.057048,0.031580,-0.005394,0.211910,0.976764,0.981527,1.061945,0.948723
1717,14.308333,-0.054486,0.004057,-0.155234,-0.986366,0.880717,1.079139,0.050897,-0.001321,0.028542,-0.089627,-0.995566,1.316005,0.998667,0.056654,0.031635,-0.006220,0.211970,0.976744,0.983080,1.061761,0.948766
1718,14.316667,-0.055110,0.004164,-0.155472,-0.986293,0.880726,1.079132,0.050937,0.000734,0.026945,-0.089981,-0.995579,1.316131,0.998902,0.056312,0.031609,-0.006196,0.212251,0.976684,0.984561,1.061495,0.948569
1719,14.325000,-0.055610,0.004284,-0.155638,-0.986238,0.880751,1.079112,0.050976,0.002671,0.025490,-0.090123,-0.995601,1.316243,0.999092,0.055992,0.029624,-0.008552,0.213698,0.976413,0.985558,1.060623,0.948211
1720,14.333333,-0.056093,0.004323,-0.155779,-0.986189,0.880764,1.079088,0.050999,0.004328,0.024014,-0.090008,-0.995642,1.316355,0.999240,0.055706,0.026775,-0.006930,0.214895,0.976245,0.986502,1.059878,0.947582
1721,14.341667,-0.057327,0.004041,-0.155698,-0.986132,0.880815,1.079065,0.051108,0.006247,0.022993,-0.089687,-0.995685,1.316484,0.999324,0.055417,0.025221,-0.006963,0.215032,0.976257,0.987909,1.059436,0.947322
1722,14.350000,-0.057719,0.003920,-0.155772,-0.986098,0.880813,1.079036,0.051123,0.008048,0.022062,-0.089122,-0.995744,1.316607,0.999357,0.055127,0.027163,-0.005343,0.214453,0.976342,0.989453,1.059169,0.947742
1723,14.358333,-0.057857,0.003785,-0.155796,-0.986086,0.880805,1.079007,0.051134,0.009700,0.021234,-0.088642,-0.995790,1.316751,0.999358,0.054859,0.028488,-0.004448,0.213357,0.976549,0.990927,1.059600,0.947560
1724,14.366667,-0.056845,0.003850,-0.156050,-0.986105,0.880755,1.078967,0.051048,0.010885,0.020448,-0.088193,-0.995834,1.316859,0.999370,0.054632,0.027868,-0.003180,0.213011,0.976647,0.992507,1.059586,0.947420
1725,14.375000,-0.057951,0.003578,-0.155917,-0.986062,0.880771,1.078967,0.051118,0.011746,0.019508,-0.087732,-0.995884,1.316929,0.999395,0.054426,0.028119,-0.003502,0.212916,0.976660,0.993865,1.059432,0.947407
1726,14.383333,-0.057859,0.003519,-0.156014,-0.986053,0.880759,1.078937,0.051119,0.012696,0.018936,-0.087351,-0.995917,1.316992,0.999436,0.054235,0.027836,-0.003702,0.212713,0.976711,0.995188,1.059345,0.947393
1727,14.391667,-0.057818,0.003513,-0.156109,-0.986040,0.880741,1.078935,0.051115,0.013596,0.018368,-0.087059,-0.995941,1.317043,0.999480,0.054081,0.027949,-0.003666,0.212966,0.976653,0.996431,1.059251,0.947242
1728,14.400000,-0.057669,0.003525,-0.156244,-0.986027,0.880723,1.078942,0.051110,0.014601,0.017971,-0.086702,-0.995965,1.317087,0.999528,0.053919,0.027975,-0.004711,0.213270,0.976581,0.997515,1.059160,0.947432
1729,14.408333,-0.056482,0.003708,-0.156515,-0.986052,0.880658,1.078938,0.051018,0.015400,0.017606,-0.086438,-0.995983,1.317117,0.999577,0.053796,0.028455,-0.004612,0.213494,0.976519,0.998761,1.058954,0.947646
1730,14.416667,-0.056245,0.003730,-0.156677,-0.986040,0.880630,1.078950,0.051009,0.015957,0.017310,-0.086265,-0.995994,1.317162,0.999602,0.053691,0.027287,-0.004732,0.213998,0.976442,0.999810,1.058578,0.947747
1731,14.425000,-0.056004,0.003788,-0.156802,-0.986034,0.880624,1.078970,0.050999,0.016662,0.017060,-0.086125,-0.995999,1.317199,0.999630,0.053598,0.026248,-0.004991,0.214721,0.976310,1.000896,1.058213,0.947739
1732,14.433333,-0.055950,0.003800,-0.156936,-0.986015,0.880606,1.078983,0.050988,0.017000,0.016905,-0.085990,-0.996008,1.317237,0.999648,0.053506,0.024229,-0.004603,0.215300,0.976237,1.001982,1.058009,0.947408
1733,14.441667,-0.055918,0.003794,-0.157079,-0.985994,0.880607,1.078978,0.050999,0.017402,0.016670,-0.085779,-0.996023,1.317261,0.999675,0.053418,0.023813,-0.004597,0.215328,0.976241,1.003228,1.057793,0.947107
1734,14.450000,-0.055834,0.003822,-0.157201,-0.985980,0.880598,1.078992,0.050994,0.017892,0.016476,-0.085583,-0.996034,1.317277,0.999725,0.053319,0.023107,-0.004524,0.215683,0.976180,1.004309,1.057661,0.946922
1735,14.458333,-0.055930,0.003834,-0.157237,-0.985968,0.880591,1.078987,0.050997,0.018529,0.016296,-0.085505,-0.996032,1.317303,0.999779,0.053240,0.019435,-0.006046,0.215368,0.976321,1.005587,1.057468,0.946419
1736,14.466667,-0.055978,0.003908,-0.157279,-0.985959,0.880570,1.078986,0.050993,0.019226,0.016236,-0.085345,-0.996034,1.317303,0.999852,0.053150,0.018720,-0.005795,0.215567,0.976292,1.006572,1.057203,0.946407
1737,14.475000,-0.056092,0.003892,-0.157371,-0.985938,0.880563,1.078982,0.051007,0.019924,0.015997,-0.085172,-0.996039,1.317287,0.999927,0.053078,0.017980,-0.005410,0.215718,0.976275,1.007545,1.057054,0.946343
1738,14.483333,-0.056288,0.003833,-0.157461,-0.985912,0.880552,1.078973,0.051009,0.020699,0.015851,-0.085051,-0.996036,1.317272,1.000008,0.053002,0.017346,-0.004737,0.215790,0.976274,1.008713,1.056998,0.946151
1739,14.491667,-0.056376,0.003786,-0.157474,-0.985905,0.880546,1.078952,0.051022,0.021642,0.015799,-0.084915,-0.996028,1.317258,1.000088,0.052919,0.017474,-0.004340,0.216126,0.976199,1.009603,1.056937,0.946237
1740,14.500000,-0.056487,0.003844,-0.157534,-0.985889,0.880532,1.078933,0.051023,0.022406,0.015720,-0.084833,-0.996019,1.317243,1.000174,0.052851,0.017772,-0.003834,0.216191,0.976182,1.010580,1.056816,0.946296
1741,14.508333,-0.056535,0.003794,-0.157593,-0.985877,0.880526,1.078914,0.051030,0.023124,0.015792,-0.084731,-0.996010,1.317221,1.000266,0.052803,0.018568,-0.003371,0.216643,0.976068,1.011436,1.056756,0.946573
1742,14.516667,-0.056593,0.003815,-0.157583,-0.985875,0.880509,1.078901,0.051033,0.023622,0.015777,-0.084702,-0.996001,1.317189,1.000349,0.052761,0.019164,-0.002208,0.216851,0.976014,1.012321,1.056801,0.946648
1743,14.525000,-0.056519,0.003829,-0.157668,-0.985866,0.880497,1.078891,0.051031,0.024232,0.015772,-0.084688,-0.995988,1.317172,1.000423,0.052731,0.020082,-0.001407,0.217418,0.975871,1.012962,1.056754,0.947001
1744,14.533333,-0.056566,0.003864,-0.157722,-0.985855,0.880478,1.078882,0.051019,0.024709,0.015737,-0.084604,-0.995984,1.317147,1.000491,0.052704,0.020602,-0.000303,0.217754,0.975786,1.013802,1.056807,0.946941
1745,14.541667,-0.056601,0.003810,-0.157786,-0.985843,0.880464,1.078870,0.051020,0.025333,0.015669,-0.084537,-0.995975,1.317134,1.000544,0.052683,0.016828,-0.000281,0.218478,0.975697,1.014490,1.056484,0.946661
1746,14.550000,-0.056535,0.003804,-0.157846,-0.985837,0.880456,1.078864,0.051017,0.029091,0.014809,-0.083566,-0.995967,1.317126,1.000405,0.052555,0.016504,-0.000066,0.218621,0.975670,1.015315,1.056400,0.946548
1747,14.558333,-0.056477,0.003832,-0.157877,-0.985835,0.880437,1.078856,0.051013,0.029576,0.014820,-0.083496,-0.995959,1.317120,1.000447,0.052545,0.015926,-0.000787,0.218734,0.975654,1.016201,1.056436,0.946439
1748,14.566667,-0.056360,0.003848,-0.157941,-0.985831,0.880409,1.078852,0.051004,0.029901,0.014810,-0.083404,-0.995957,1.317114,1.000500,0.052533,0.015640,-0.000737,0.219183,0.975558,1.016891,1.056301,0.946424
1749,14.575000,-0.056313,0.003882,-0.157965,-0.985830,0.880392,1.078847,0.051003,0.030482,0.014811,-0.083347,-0.995944,1.317107,1.000546,0.052528,0.015638,-0.000924,0.219099,0.975577,1.017771,1.056265,0.946342
1750,14.583333,-0.053917,0.005619,-0.158695,-0.985838,0.880210,1.078771,0.050603,0.030821,0.014857,-0.083361,-0.995932,1.317077,1.000592,0.052523,0.015645,-0.000912,0.219430,0.975502,1.018461,1.056257,0.946381
1751,14.591667,-0.053749,0.005374,-0.158807,-0.985831,0.880246,1.078792,0.050565,0.031358,0.014929,-0.083323,-0.995917,1.317053,1.000633,0.052522,0.016378,-0.000314,0.219823,0.975402,1.019218,1.056224,0.946387
1752,14.600000,-0.054153,0.005455,-0.158686,-0.985828,0.880181,1.078734,0.050454,0.031725,0.014953,-0.083342,-0.995904,1.317024,1.000678,0.052522,0.016814,0.000662,0.220338,0.975279,1.019770,1.056139,0.946531
1753,14.608333,-0.054623,0.005618,-0.158717,-0.985796,0.880124,1.078658,0.050345,0.032058,0.015008,-0.083218,-0.995903,1.316993,1.000725,0.052544,0.016966,0.001220,0.220806,0.975169,1.020264,1.056051,0.946708
1754,14.616667,-0.054898,0.005815,-0.158761,-0.985772,0.880062,1.078591,0.050257,0.032451,0.015008,-0.083119,-0.995898,1.316966,1.000776,0.052541,0.016997,0.001227,0.220605,0.975214,1.021118,1.056149,0.946562
1755,14.625000,-0.055092,0.005904,-0.158895,-0.985740,0.880043,1.078518,0.050187,0.033069,0.015087,-0.083081,-0.995880,1.316953,1.000822,0.052553,0.013448,0.001058,0.220935,0.975195,1.021996,1.055978,0.945826
1756,14.633333,-0.055020,0.005970,-0.158856,-0.985750,0.880006,1.078505,0.050149,0.033633,0.015151,-0.082967,-0.995869,1.316926,1.000868,0.052556,0.013291,0.001213,0.220727,0.975244,1.022792,1.055845,0.945729
1757,14.641667,-0.054732,0.005897,-0.158798,-0.985775,0.879967,1.078509,0.050174,0.034174,0.015215,-0.082914,-0.995854,1.316875,1.000932,0.052574,0.012937,0.001008,0.220859,0.975219,1.023472,1.055808,0.945596
1758,14.650000,-0.054078,0.005755,-0.158658,-0.985835,0.879918,1.078546,0.050224,0.034793,0.015306,-0.082873,-0.995835,1.316822,1.000991,0.052576,0.012801,0.002040,0.220960,0.975197,1.024282,1.055607,0.945316
1759,14.658333,-0.053785,0.005723,-0.158671,-0.985849,0.879905,1.078551,0.050250,0.035597,0.015488,-0.082853,-0.995806,1.316774,1.001073,0.052588,0.011753,0.001567,0.220733,0.975262,1.025060,1.055767,0.944896
1760,14.666667,-0.053405,0.005715,-0.158694,-0.985866,0.879885,1.078564,0.050277,0.036418,0.015639,-0.082881,-0.995771,1.316747,1.001143,0.052593,0.011186,0.002358,0.220588,0.975300,1.025833,1.055556,0.944667
1761,14.675000,-0.053307,0.005740,-0.158643,-0.985879,0.879866,1.078581,0.050291,0.037164,0.015860,-0.082853,-0.995742,1.316715,1.001227,0.052618,0.010628,0.001609,0.219838,0.975477,1.026780,1.055490,0.944485
1762,14.683333,-0.053206,0.005710,-0.158652,-0.985883,0.879845,1.078572,0.050307,0.037843,0.016117,-0.082831,-0.995714,1.316655,1.001316,0.052657,0.010355,0.002479,0.219742,0.975500,1.027573,1.055258,0.944347
1763,14.691667,-0.053119,0.005854,-0.158629,-0.985891,0.879813,1.078556,0.050304,0.038587,0.016327,-0.082858,-0.995680,1.316599,1.001410,0.052692,0.010016,0.002556,0.219076,0.975653,1.028505,1.055145,0.944172
1764,14.700000,-0.053199,0.005897,-0.158582,-0.985894,0.879773,1.078528,0.050294,0.039214,0.016547,-0.083007,-0.995640,1.316549,1.001504,0.052724,0.010037,0.003395,0.219109,0.975643,1.029259,1.054926,0.944122
1765,14.708333,-0.053157,0.005960,-0.158588,-0.985895,0.879724,1.078487,0.050276,0.039898,0.016632,-0.083113,-0.995602,1.316498,1.001602,0.052758,0.009945,0.003269,0.218124,0.975865,1.030320,1.054949,0.943838
1766,14.716667,-0.053258,0.005999,-0.158553,-0.985895,0.879700,1.078446,0.050249,0.040501,0.016745,-0.083222,-0.995567,1.316442,1.001713,0.052788,0.009900,0.004373,0.217612,0.975975,1.031263,1.054733,0.943716
1767,14.725000,-0.053300,0.006056,-0.158472,-0.985905,0.879670,1.078408,0.050217,0.041057,0.016788,-0.083280,-0.995539,1.316377,1.001824,0.052816,0.009805,0.004529,0.216437,0.976237,1.032401,1.054777,0.943424
1768,14.733333,-0.053364,0.006056,-0.158390,-0.985915,0.879633,1.078369,0.050184,0.041531,0.016911,-0.083425,-0.995505,1.316312,1.001922,0.052854,0.010064,0.005212,0.216082,0.976310,1.033305,1.054719,0.943215
1769,14.741667,-0.053283,0.005966,-0.158452,-0.985910,0.879605,1.078350,0.050149,0.042130,0.017151,-0.083618,-0.995459,1.316264,1.002010,0.052895,0.009997,0.006624,0.215673,0.976392,1.034274,1.054555,0.943047
1770,14.750000,-0.053891,0.005404,-0.158747,-0.985833,0.879584,1.078249,0.050188,0.042783,0.017329,-0.083810,-0.995412,1.316221,1.002087,0.052940,0.011153,0.006720,0.214097,0.976726,1.035641,1.054568,0.942912
1771,14.758333,-0.053829,0.005323,-0.158688,-0.985846,0.879559,1.078222,0.050173,0.043318,0.017521,-0.083953,-0.995374,1.316175,1.002161,0.052986,0.011900,0.007107,0.213040,0.976945,1.036830,1.054535,0.942761
1772,14.766667,-0.053884,0.005302,-0.158565,-0.985863,0.879539,1.078208,0.050152,0.043854,0.017670,-0.084092,-0.995336,1.316117,1.002230,0.053018,0.011637,0.008384,0.212478,0.977061,1.038011,1.054350,0.942479
1773,14.775000,-0.053794,0.005304,-0.158446,-0.985887,0.879516,1.078196,0.050138,0.044399,0.017809,-0.084185,-0.995301,1.316064,1.002288,0.053045,0.011703,0.009484,0.211923,0.977170,1.039260,1.054186,0.942301
1774,14.783333,-0.053914,0.005241,-0.158402,-0.985888,0.879502,1.078193,0.050119,0.044757,0.017948,-0.084260,-0.995276,1.316017,1.002347,0.053067,0.011071,0.011079,0.211835,0.977180,1.040382,1.054017,0.941986
1775,14.791667,-0.052234,0.005871,-0.159090,-0.985864,0.879456,1.078049,0.049848,0.045047,0.017985,-0.084268,-0.995262,1.315963,1.002397,0.053088,0.009968,0.011083,0.211145,0.977341,1.041796,1.054068,0.941492
1776,14.800000,-0.052518,0.005711,-0.158885,-0.985883,0.879463,1.078022,0.049840,0.045538,0.018079,-0.084310,-0.995234,1.315916,1.002435,0.053114,0.009508,0.010820,0.210453,0.977498,1.043298,1.053934,0.941156
1777,14.808333,-0.052896,0.005515,-0.158667,-0.985899,0.879460,1.078006,0.049851,0.045525,0.018051,-0.084350,-0.995232,1.315845,1.002463,0.053142,0.009278,0.010887,0.209622,0.977678,1.044979,1.053824,0.940765
1778,14.816667,-0.053489,0.005107,-0.158449,-0.985904,0.879441,1.078029,0.049866,0.045711,0.018044,-0.084359,-0.995223,1.315774,1.002484,0.053175,0.008897,0.011659,0.209541,0.977690,1.046455,1.053507,0.940558
1779,14.825000,-0.053561,0.004797,-0.158270,-0.985931,0.879441,1.078033,0.049929,0.045897,0.018059,-0.084315,-0.995218,1.315701,1.002498,0.053189,0.008490,0.011714,0.209273,0.977750,1.048137,1.053266,0.940337
1780,14.833333,-0.053781,0.004475,-0.157999,-0.985963,0.879402,1.078068,0.049922,0.046133,0.017995,-0.084269,-0.995212,1.315640,1.002504,0.053193,0.008051,0.011677,0.209121,0.977787,1.049891,1.053186,0.939977
1781,14.841667,-0.053838,0.004093,-0.157735,-0.986004,0.879395,1.078102,0.049953,0.046226,0.017832,-0.084197,-0.995217,1.315591,1.002518,0.053199,0.007388,0.011511,0.208884,0.977845,1.051732,1.053016,0.939642
1782,14.850000,-0.053040,0.004047,-0.156808,-0.986196,0.879402,1.078205,0.049992,0.046378,0.017705,-0.084171,-0.995214,1.315571,1.002542,0.053203,0.007045,0.011858,0.208606,0.977903,1.053745,1.052779,0.939375
1783,14.858333,-0.053136,0.003767,-0.156525,-0.986237,0.879392,1.078247,0.050033,0.046420,0.017497,-0.084118,-0.995220,1.315557,1.002579,0.053198,0.006739,0.012044,0.208339,0.977959,1.055796,1.052502,0.939140
1784,14.866667,-0.052893,0.003455,-0.156041,-0.986327,0.879383,1.078342,0.050067,0.046469,0.017261,-0.084084,-0.995225,1.315559,1.002617,0.053194,0.006570,0.012484,0.208465,0.977928,1.057837,1.052237,0.938985
1785,14.875000,-0.052645,0.003020,-0.155299,-0.986459,0.879441,1.078509,0.050090,0.046663,0.017016,-0.084027,-0.995225,1.315575,1.002652,0.053192,0.006482,0.011997,0.208425,0.977943,1.060022,1.051939,0.938850
1786,14.883333,-0.052139,0.002737,-0.154115,-0.986673,0.879474,1.078739,0.050130,0.046935,0.016796,-0.083925,-0.995224,1.315595,1.002696,0.053185,0.005951,0.011772,0.208265,0.977984,1.062394,1.051634,0.938742
1787,14.891667,-0.052525,0.002203,-0.153679,-0.986721,0.879737,1.078804,0.050141,0.046985,0.016524,-0.083882,-0.995230,1.315618,1.002763,0.053182,0.005840,0.011976,0.208333,0.977967,1.064665,1.051332,0.938565
1788,14.900000,-0.053587,0.001685,-0.153132,-0.986750,0.879976,1.078780,0.050207,0.047250,0.016365,-0.083816,-0.995226,1.315634,1.002823,0.053153,0.005450,0.011490,0.208274,0.977988,1.067149,1.051046,0.938451
1789,14.908333,-0.054883,0.000588,-0.155190,-0.986359,0.879855,1.078608,0.050307,0.047423,0.016123,-0.083752,-0.995227,1.315649,1.002871,0.053133,0.005051,0.011428,0.208555,0.977931,1.069621,1.050685,0.938399
1790,14.916667,-0.054812,-0.000419,-0.154926,-0.986404,0.879868,1.078672,0.050429,0.047686,0.015923,-0.083786,-0.995215,1.315676,1.002910,0.053102,0.004584,0.010313,0.208449,0.977968,1.072333,1.050412,0.938178
1791,14.925000,-0.054756,-0.001578,-0.154643,-0.986451,0.879865,1.078786,0.050549,0.047632,0.015635,-0.083764,-0.995224,1.315704,1.002936,0.053056,0.003772,0.010467,0.208705,0.977915,1.074859,1.050148,0.937951
1792,14.933333,-0.053910,-0.002888,-0.154363,-0.986538,0.879865,1.078849,0.050706,0.047847,0.015440,-0.083762,-0.995217,1.315765,1.002954,0.053013,0.003508,0.010543,0.208878,0.977879,1.077533,1.049697,0.937981
1793,14.941667,-0.052981,-0.004495,-0.153836,-0.986665,0.879856,1.078912,0.050913,0.048051,0.015184,-0.083699,-0.995216,1.315832,1.002976,0.052951,0.003033,0.009731,0.208942,0.977875,1.080359,1.049304,0.937940
1794,14.950000,-0.049755,-0.008253,-0.151419,-0.987182,0.879984,1.078614,0.050860,0.048326,0.014967,-0.083607,-0.995214,1.315897,1.003006,0.052877,0.002616,0.009803,0.209452,0.977766,1.083008,1.048873,0.937863
1795,14.958333,-0.048226,-0.010364,-0.151115,-0.987285,0.879922,1.078612,0.051140,0.048484,0.014671,-0.083523,-0.995218,1.315945,1.003053,0.052805,0.002319,0.009562,0.209872,0.977679,1.085808,1.048406,0.937808
1796,14.966667,-0.046817,-0.012495,-0.150939,-0.987355,0.879883,1.078639,0.051445,0.048787,0.014519,-0.083606,-0.995198,1.316016,1.003115,0.052738,0.001826,0.008842,0.210007,0.977658,1.088811,1.048013,0.937685
1797,14.975000,-0.045456,-0.015414,-0.152046,-0.987207,0.879594,1.078540,0.051845,0.049088,0.014459,-0.083602,-0.995184,1.316071,1.003176,0.052647,0.001473,0.008674,0.210192,0.977621,1.091830,1.047541,0.937636
1798,14.983333,-0.043755,-0.017922,-0.151025,-0.987399,0.879988,1.078656,0.052234,0.049466,0.014437,-0.083588,-0.995167,1.316136,1.003239,0.052549,0.001018,0.008278,0.210880,0.977476,1.094758,1.047058,0.937647
1799,14.991667,-0.041607,-0.020921,-0.151157,-0.987412,0.880101,1.078658,0.052692,0.049908,0.014580,-0.083573,-0.995144,1.316227,1.003294,0.052434,0.000947,0.008647,0.211645,0.977308,1.097718,1.046489,0.937849
1800,15.000000,-0.039557,-0.024920,-0.153103,-0.987104,0.879916,1.078522,0.053261,0.050597,0.014703,-0.083629,-0.995103,1.316344,1.003352,0.052322,0.000453,0.008697,0.212350,0.977155,1.100838,1.045927,0.937904
1801,15.008333,-0.037036,-0.028157,-0.153574,-0.987041,0.880042,1.078461,0.053799,0.051531,0.014827,-0.083621,-0.995054,1.316480,1.003400,0.052225,0.000470,0.008168,0.212630,0.977098,1.104095,1.045284,0.938162
1802,15.016667,-0.034519,-0.031622,-0.154613,-0.986865,0.880158,1.078474,0.054464,0.052536,0.014949,-0.083516,-0.995008,1.316622,1.003444,0.052124,0.000082,0.007772,0.213052,0.977010,1.107383,1.044742,0.938412
1803,15.025000,-0.031393,-0.035050,-0.155357,-0.986737,0.880370,1.078441,0.055092,0.053436,0.015101,-0.083317,-0.994975,1.316755,1.003475,0.052018,-0.000219,0.008008,0.213637,0.976880,1.110679,1.044188,0.938682
1804,15.033333,-0.031164,-0.043724,-0.153655,-0.986665,0.880722,1.078926,0.056333,0.054084,0.015242,-0.083159,-0.994951,1.316851,1.003514,0.051922,-0.000210,0.007722,0.214112,0.976779,1.114036,1.043673,0.939089
1805,15.041667,-0.029030,-0.048342,-0.154125,-0.986441,0.880971,1.079032,0.057205,0.054556,0.015307,-0.082983,-0.994939,1.316944,1.003541,0.051833,-0.000238,0.007319,0.214557,0.976684,1.117446,1.042949,0.939565
1806,15.050000,-0.026231,-0.053419,-0.154425,-0.986211,0.881293,1.079116,0.058177,0.054750,0.015442,-0.082865,-0.994936,1.317024,1.003541,0.051741,-0.000590,0.007346,0.215082,0.976568,1.120880,1.042428,0.940066
1807,15.058333,-0.022704,-0.058430,-0.155431,-0.985856,0.881617,1.079183,0.059213,0.054887,0.015599,-0.082761,-0.994934,1.317099,1.003514,0.051664,-0.000859,0.006840,0.215291,0.976526,1.124405,1.041848,0.940623
1808,15.066667,-0.020565,-0.065401,-0.155451,-0.985462,0.882133,1.079361,0.060358,0.054665,0.015635,-0.082559,-0.994963,1.317158,1.003478,0.051589,-0.000675,0.006172,0.215793,0.976419,1.127845,1.041164,0.941368
1809,15.075000,-0.018264,-0.071449,-0.155875,-0.985020,0.882578,1.079550,0.061541,0.054498,0.015685,-0.082461,-0.994980,1.317222,1.003415,0.051535,-0.000783,0.005246,0.215722,0.976440,1.131557,1.040505,0.942111
1810,15.083333,-0.014898,-0.077789,-0.156799,-0.984450,0.883146,1.079715,0.062827,0.054115,0.015630,-0.082367,-0.995009,1.317267,1.003342,0.051474,-0.000759,0.004633,0.215776,0.976432,1.135122,1.039799,0.942885
1811,15.091667,-0.011454,-0.084720,-0.157471,-0.983816,0.883762,1.079904,0.064177,0.053564,0.015627,-0.082297,-0.995045,1.317303,1.003267,0.051422,-0.000805,0.003704,0.216191,0.976344,1.138695,1.039137,0.943705
1812,15.100000,-0.009068,-0.091802,-0.158209,-0.983087,0.884461,1.080224,0.065631,0.053169,0.015559,-0.082118,-0.995082,1.317344,1.003180,0.051361,-0.001172,0.002738,0.216110,0.976365,1.142359,1.038498,0.944502
1813,15.108333,-0.005948,-0.098731,-0.159283,-0.982266,0.885173,1.080493,0.067160,0.052680,0.015616,-0.081924,-0.995123,1.317400,1.003092,0.051307,-0.000836,0.002120,0.215669,0.976464,1.146278,1.037715,0.945492
1814,15.116667,-0.004258,-0.106247,-0.159883,-0.981392,0.885906,1.080775,0.068808,0.052141,0.015533,-0.081836,-0.995160,1.317450,1.003001,0.051256,-0.001107,0.001086,0.215589,0.976483,1.149929,1.037147,0.946376
1815,15.125000,-0.002903,-0.114525,-0.160827,-0.980311,0.886762,1.081025,0.070547,0.051566,0.015551,-0.081727,-0.995198,1.317499,1.002905,0.051213,-0.000441,-0.000271,0.215250,0.976559,1.153686,1.036368,0.947414
1816,15.133333,-0.000632,-0.122372,-0.161626,-0.979235,0.887641,1.081334,0.072324,0.050969,0.015461,-0.081684,-0.995234,1.317541,1.002809,0.051168,-0.000148,-0.001253,0.215067,0.976598,1.157496,1.035563,0.948531
1817,15.141667,0.000612,-0.131192,-0.162399,-0.977965,0.888707,1.081685,0.074185,0.050296,0.015436,-0.081654,-0.995271,1.317577,1.002704,0.051124,0.001245,-0.003396,0.214141,0.976796,1.161439,1.034818,0.949754
1818,15.150000,0.001087,-0.140447,-0.162977,-0.976582,0.889856,1.082091,0.076125,0.049532,0.015452,-0.081725,-0.995303,1.317603,1.002600,0.051083,0.001923,-0.004244,0.213658,0.976897,1.165175,1.033978,0.950893
1819,15.158333,0.003272,-0.149394,-0.164414,-0.975007,0.891145,1.082464,0.078179,0.048543,0.015461,-0.081829,-0.995344,1.317609,1.002505,0.051040,0.002286,-0.004976,0.213585,0.976909,1.168826,1.033209,0.951973
1820,15.166667,0.005331,-0.157772,-0.166039,-0.973402,0.892354,1.082861,0.080365,0.047798,0.015532,-0.081970,-0.995367,1.317617,1.002401,0.051006,0.003137,-0.005941,0.212906,0.977050,1.172576,1.032365,0.953106
1821,15.175000,0.010140,-0.168962,-0.166667,-0.971376,0.893845,1.083007,0.082306,0.047109,0.015487,-0.082065,-0.995393,1.317616,1.002308,0.050973,0.003897,-0.007175,0.212394,0.977150,1.176249,1.031486,0.954244
1822,15.183333,0.016948,-0.180728,-0.167847,-0.968957,0.895432,1.083097,0.084280,0.046409,0.015563,-0.082229,-0.995411,1.317615,1.002236,0.050937,0.004627,-0.008108,0.211807,0.977267,1.179930,1.030543,0.955344
1823,15.191667,0.022556,-0.195669,-0.167426,-0.966009,0.897209,1.083066,0.086199,0.047019,0.015780,-0.081993,-0.995398,1.317555,1.002297,0.050926,0.005879,-0.009478,0.211272,0.977364,1.183639,1.029582,0.956544
1824,15.200000,0.026872,-0.208511,-0.168855,-0.962959,0.899247,1.083147,0.088489,0.046588,0.015943,-0.082162,-0.995402,1.317559,1.002252,0.050894,0.006933,-0.010907,0.210932,0.977415,1.187276,1.028757,0.957615
1825,15.208333,0.029916,-0.221653,-0.170242,-0.959684,0.901440,1.083311,0.090993,0.045989,0.015983,-0.082264,-0.995421,1.317561,1.002215,0.050867,0.007920,-0.011952,0.210634,0.977460,1.190738,1.027902,0.958592
1826,15.216667,0.036147,-0.235796,-0.173230,-0.955555,0.903952,1.083228,0.093614,0.044233,0.015439,-0.082438,-0.995494,1.317632,1.002064,0.051039,0.009529,-0.012983,0.210426,0.977477,1.194219,1.026988,0.959616
1827,15.225000,0.037139,-0.249066,-0.174914,-0.951836,0.906674,1.083334,0.096583,0.044206,0.015642,-0.082873,-0.995456,1.317646,1.001929,0.050995,0.010720,-0.014361,0.210361,0.977460,1.197547,1.026120,0.960570
1828,15.233333,0.038308,-0.262853,-0.176629,-0.947757,0.909511,1.083571,0.099810,0.044279,0.015958,-0.083217,-0.995419,1.317672,1.001801,0.050926,0.012079,-0.015250,0.210596,0.977380,1.200757,1.025226,0.961427
1829,15.241667,0.043432,-0.276072,-0.179988,-0.943134,0.912718,1.083770,0.103361,0.044534,0.016487,-0.083652,-0.995363,1.317706,1.001627,0.050823,0.013671,-0.016240,0.211040,0.977247,1.203858,1.024285,0.962272
1830,15.250000,0.048238,-0.288921,-0.182081,-0.938640,0.916068,1.083904,0.107299,0.043846,0.017193,-0.084245,-0.995332,1.317723,1.001476,0.050739,0.014973,-0.017086,0.211709,0.977069,1.206916,1.023466,0.963041
1831,15.258333,0.052816,-0.302031,-0.185149,-0.933653,0.919626,1.083981,0.111730,0.043002,0.017488,-0.084778,-0.995318,1.317730,1.001325,0.050708,0.017109,-0.017329,0.212867,0.976778,1.209801,1.022376,0.963873
1832,15.266667,0.059618,-0.314885,-0.187935,-0.928425,0.923089,1.083886,0.116167,0.041771,0.017489,-0.085181,-0.995336,1.317743,1.001186,0.050708,0.018388,-0.016985,0.214267,0.976454,1.212574,1.021387,0.964555
1833,15.275000,0.064201,-0.328220,-0.190730,-0.922915,0.927383,1.084051,0.121017,0.040162,0.017162,-0.085464,-0.995384,1.317769,1.001079,0.050725,0.023880,-0.014841,0.214845,0.976243,1.215536,1.021099,0.965727
1834,15.283333,0.067383,-0.340442,-0.193323,-0.917706,0.931640,1.084252,0.125850,0.038292,0.016497,-0.085865,-0.995434,1.317883,1.000859,0.050694,0.023739,-0.019622,0.213457,0.976467,1.218321,1.021136,0.966045
1835,15.291667,0.070307,-0.351474,-0.197310,-0.912465,0.936555,1.084521,0.130810,0.036342,0.015807,-0.086004,-0.995506,1.317935,1.000719,0.050707,0.024148,-0.020756,0.215560,0.975971,1.220813,1.020232,0.966263
1836,15.300000,0.074074,-0.359622,-0.202104,-0.907931,0.942086,1.085153,0.135693,0.034484,0.015067,-0.086050,-0.995580,1.317990,1.000599,0.050728,0.021967,-0.024727,0.216184,0.975792,1.223746,1.019260,0.967091
1837,15.308333,0.075427,-0.366201,-0.208033,-0.903842,0.948148,1.085998,0.140211,0.032365,0.014239,-0.086157,-0.995654,1.318049,1.000475,0.050740,0.022870,-0.025480,0.217465,0.975467,1.226214,1.018553,0.967408
1838,15.316667,0.075426,-0.373315,-0.212647,-0.899849,0.954762,1.086774,0.144109,0.030474,0.013404,-0.086259,-0.995716,1.318106,1.000359,0.050765,0.023154,-0.026372,0.218381,0.975232,1.228702,1.018021,0.967595
1839,15.325000,0.076407,-0.377724,-0.218070,-0.896623,0.962216,1.087795,0.147704,0.028786,0.012722,-0.086421,-0.995762,1.318156,1.000240,0.050791,0.024654,-0.026224,0.219439,0.974962,1.231004,1.017538,0.968014
1840,15.333333,0.071566,-0.383611,-0.221367,-0.893710,0.970085,1.088790,0.150534,0.027364,0.012176,-0.086580,-0.995795,1.318199,1.000129,0.050812,0.025448,-0.027172,0.220692,0.974633,1.233295,1.017079,0.968259
1841,15.341667,0.063819,-0.387485,-0.226228,-0.891405,0.978279,1.090232,0.152754,0.025960,0.011563,-0.086687,-0.995830,1.318236,1.000019,0.050805,0.025924,-0.029719,0.221033,0.974469,1.235613,1.016785,0.968173
1842,15.350000,0.065288,-0.382350,-0.235916,-0.891005,0.987459,1.092525,0.154680,0.024838,0.010950,-0.086779,-0.995858,1.318262,0.999902,0.050803,0.026213,-0.030735,0.221395,0.974347,1.238106,1.016477,0.968319
1843,15.358333,0.058468,-0.375674,-0.249873,-0.890514,0.996346,1.095659,0.156350,0.023768,0.010521,-0.086950,-0.995874,1.318295,0.999774,0.050787,0.027950,-0.031813,0.221935,0.974142,1.240206,1.016071,0.968891
1844,15.366667,0.057407,-0.367291,-0.261598,-0.890712,1.006230,1.099187,0.157535,0.022957,0.010065,-0.087048,-0.995889,1.318325,0.999663,0.050779,0.028849,-0.033637,0.221315,0.974195,1.242455,1.015818,0.968845
1845,15.375000,0.054780,-0.359103,-0.269183,-0.891956,1.016465,1.102623,0.158294,0.022282,0.009629,-0.087086,-0.995905,1.318352,0.999575,0.050779,0.029317,-0.034392,0.221314,0.974155,1.244846,1.015823,0.968975
1846,15.383333,0.044778,-0.344722,-0.277337,-0.895682,1.027088,1.107044,0.159864,0.021753,0.009302,-0.087130,-0.995916,1.318378,0.999495,0.050785,0.030822,-0.034235,0.220705,0.974252,1.246916,1.015451,0.969483
1847,15.391667,0.044265,-0.339351,-0.281566,-0.896438,1.038126,1.110887,0.159245,0.021080,0.008887,-0.087153,-0.995932,1.318397,0.999420,0.050777,0.032273,-0.035333,0.220733,0.974160,1.249034,1.015529,0.969580
1848,15.400000,0.039093,-0.334864,-0.283216,-0.897846,1.049517,1.114704,0.158105,0.020534,0.008652,-0.087271,-0.995935,1.318421,0.999338,0.050792,0.034789,-0.036761,0.219515,0.974295,1.250950,1.015117,0.970134
1849,15.408333,0.046225,-0.323201,-0.287470,-0.900425,1.062258,1.118415,0.157842,0.019899,0.008449,-0.087384,-0.995940,1.318440,0.999267,0.050808,0.036056,-0.037294,0.219683,0.974191,1.253066,1.015395,0.970460
1850,15.416667,0.044738,-0.312869,-0.283272,-0.905466,1.074132,1.122848,0.156228,0.019305,0.008406,-0.087540,-0.995939,1.318448,0.999198,0.050827,0.038366,-0.038545,0.218850,0.974242,1.255027,1.015190,0.970803
1851,15.425000,0.041785,-0.308014,-0.282283,-0.907578,1.087040,1.127154,0.154228,0.018629,0.008171,-0.087620,-0.995946,1.318456,0.999118,0.050851,0.038963,-0.039074,0.218201,0.974343,1.257087,1.015190,0.970915
1852,15.433333,0.039519,-0.300267,-0.282571,-0.910182,1.099601,1.131385,0.151744,0.017917,0.007972,-0.087732,-0.995951,1.318459,0.999041,0.050881,0.039661,-0.039658,0.218207,0.974289,1.259084,1.015462,0.970953
1853,15.441667,0.042222,-0.285045,-0.281488,-0.915277,1.112691,1.136209,0.148474,0.017209,0.007731,-0.087806,-0.995959,1.318457,0.998982,0.050910,0.040990,-0.040465,0.217909,0.974268,1.261212,1.015592,0.971014
1854,15.450000,0.046692,-0.268775,-0.280975,-0.920126,1.125897,1.140898,0.145176,0.016731,0.007668,-0.087938,-0.995956,1.318454,0.998925,0.050938,0.041748,-0.040756,0.217917,0.974222,1.263180,1.015777,0.971063
1855,15.458333,0.049609,-0.254604,-0.281967,-0.923694,1.138530,1.145872,0.140976,0.016008,0.007347,-0.087927,-0.995971,1.318454,0.998883,0.050964,0.043152,-0.040465,0.218349,0.974076,1.264997,1.015972,0.971325
1856,15.466667,0.048406,-0.239136,-0.282112,-0.927838,1.151897,1.151099,0.137062,0.015574,0.007228,-0.087952,-0.995977,1.318462,0.998840,0.050983,0.044084,-0.041104,0.218692,0.973931,1.266959,1.016402,0.971336
1857,15.475000,0.035417,-0.221869,-0.274401,-0.934999,1.166344,1.157018,0.132541,0.015003,0.006833,-0.087931,-0.995990,1.318470,0.998806,0.051011,0.045967,-0.039200,0.218669,0.973927,1.268881,1.016338,0.971558
1858,15.483333,0.037141,-0.206712,-0.276097,-0.937903,1.180081,1.163124,0.128819,0.014642,0.006758,-0.087861,-0.996002,1.318456,0.998797,0.051014,0.048495,-0.039553,0.219569,0.973588,1.270824,1.016950,0.970994
1859,15.491667,0.034613,-0.191639,-0.276653,-0.941031,1.193537,1.169059,0.124879,0.014522,0.007903,-0.087467,-0.996030,1.318527,0.998870,0.050857,0.047234,-0.041362,0.219476,0.973596,1.272334,1.017467,0.970771
1860,15.500000,0.027300,-0.177659,-0.278412,-0.943493,1.206803,1.176047,0.121149,0.014206,0.005101,-0.088738,-0.995941,1.318429,0.998673,0.051162,0.046102,-0.039427,0.220181,0.973571,1.274107,1.018126,0.970077
1861,15.508333,0.025711,-0.163203,-0.278937,-0.945990,1.220729,1.181739,0.117903,0.014068,0.005123,-0.088635,-0.995952,1.318412,0.998693,0.051147,0.047366,-0.039436,0.220758,0.973379,1.275858,1.018621,0.969543
1862,15.516667,0.019394,-0.149398,-0.279180,-0.948347,1.234256,1.188152,0.114396,0.014033,0.005169,-0.088503,-0.995964,1.318392,0.998727,0.051114,0.047854,-0.042227,0.220308,0.973340,1.277748,1.018318,0.970833
1863,15.525000,0.017404,-0.137825,-0.280550,-0.949733,1.247983,1.194679,0.111322,0.013979,0.004915,-0.088255,-0.995988,1.318423,0.998820,0.051087,0.048666,-0.041256,0.220928,0.973201,1.279338,1.018747,0.970937
1864,15.533333,0.019436,-0.124804,-0.283042,-0.950754,1.261895,1.201097,0.108571,0.014061,0.004674,-0.088141,-0.995998,1.318442,0.998851,0.051065,0.048786,-0.041864,0.221119,0.973126,1.281019,1.019177,0.970567
1865,15.541667,0.026364,-0.109537,-0.285553,-0.951717,1.275940,1.207322,0.106278,0.014794,0.004950,-0.087964,-0.996002,1.318425,0.998889,0.051070,0.048730,-0.041381,0.222137,0.972917,1.282543,1.019664,0.970463
1866,15.550000,0.024344,-0.097490,-0.286416,-0.952821,1.289352,1.213957,0.103725,0.015498,0.006065,-0.087031,-0.996067,1.318468,0.999119,0.050908,0.048703,-0.042732,0.222433,0.972793,1.284091,1.020213,0.970061
1867,15.558333,0.018734,-0.084446,-0.285628,-0.954429,1.302428,1.220511,0.101154,0.016436,0.007166,-0.086535,-0.996087,1.318535,0.999267,0.050782,0.048649,-0.043240,0.223298,0.972575,1.285609,1.020839,0.969781
1868,15.566667,0.016581,-0.072737,-0.286859,-0.955064,1.315511,1.227038,0.098969,0.017849,0.008246,-0.087325,-0.995986,1.318574,0.999167,0.050836,0.048925,-0.044134,0.223749,0.972417,1.287096,1.021355,0.969688
1869,15.575000,0.011711,-0.060736,-0.286896,-0.955963,1.328098,1.233568,0.096705,0.019397,0.008893,-0.087346,-0.995950,1.318594,0.999078,0.050913,0.048822,-0.043444,0.224092,0.972374,1.288619,1.021885,0.969513
1870,15.583333,0.010893,-0.050126,-0.287597,-0.956377,1.340539,1.239899,0.094855,0.019613,0.008885,-0.087242,-0.995954,1.318608,0.999099,0.050917,0.049204,-0.045115,0.224998,0.972070,1.290150,1.022518,0.969355
1871,15.591667,0.005480,-0.040143,-0.287593,-0.956895,1.352697,1.246255,0.093273,0.020110,0.008962,-0.087220,-0.995946,1.318610,0.999121,0.050904,0.048808,-0.046668,0.224948,0.972028,1.291570,1.023073,0.969141
1872,15.600000,0.005837,-0.029931,-0.288120,-0.957109,1.364643,1.252210,0.091776,0.020486,0.009238,-0.087291,-0.995929,1.318627,0.999157,0.050881,0.047902,-0.046285,0.225599,0.971940,1.293258,1.023770,0.968835
1873,15.608333,0.003291,-0.020545,-0.287348,-0.957600,1.376059,1.258274,0.090297,0.022107,0.010324,-0.087163,-0.995895,1.318594,0.999151,0.050793,0.047234,-0.047459,0.225793,0.971872,1.294765,1.024398,0.968576
1874,15.616667,0.000974,-0.012623,-0.286321,-0.958050,1.387224,1.264031,0.088982,0.023394,0.010981,-0.086565,-0.995911,1.318662,0.999261,0.050687,0.046826,-0.048622,0.225740,0.971846,1.296277,1.025013,0.968176
1875,15.625000,0.001584,-0.006055,-0.284545,-0.958642,1.398116,1.269606,0.087753,0.023953,0.011527,-0.086381,-0.995908,1.318624,0.999302,0.050678,0.045213,-0.049405,0.225929,0.971839,1.297996,1.025643,0.967768
1876,15.633333,0.002181,-0.000454,-0.282432,-0.959285,1.408546,1.275142,0.086739,0.024750,0.011813,-0.086211,-0.995899,1.318574,0.999411,0.050626,0.044800,-0.049817,0.225944,0.971834,1.299261,1.026225,0.967510
1877,15.641667,0.004512,0.003609,-0.282052,-0.959382,1.418459,1.280756,0.085550,0.026190,0.012171,-0.085863,-0.995888,1.318539,0.999523,0.050610,0.043338,-0.049388,0.226144,0.971875,1.300887,1.026789,0.967330
1878,15.650000,0.003502,0.007552,-0.278982,-0.960260,1.428269,1.285755,0.084741,0.025197,0.011571,-0.085374,-0.995963,1.318177,0.999993,0.050363,0.043074,-0.050412,0.225631,0.971954,1.302384,1.027367,0.966797
1879,15.658333,0.004882,0.012429,-0.275015,-0.961347,1.437793,1.290366,0.083896,0.028676,0.013155,-0.085011,-0.995880,1.318151,1.000103,0.050479,0.041763,-0.049562,0.225587,0.972065,1.303958,1.027873,0.966362
1880,15.666667,0.004162,0.016533,-0.270980,-0.962434,1.446963,1.294757,0.083370,0.030077,0.013909,-0.084207,-0.995897,1.318155,1.000307,0.050425,0.041164,-0.048725,0.224952,0.972280,1.305540,1.028307,0.965922
1881,15.675000,0.006622,0.019638,-0.267543,-0.963323,1.455801,1.298929,0.082694,0.031429,0.014587,-0.083456,-0.995909,1.318116,1.000480,0.050395,0.040678,-0.050706,0.224385,0.972330,1.306998,1.029012,0.965140
1882,15.683333,0.007209,0.022830,-0.264147,-0.964185,1.464240,1.302828,0.082053,0.033063,0.015037,-0.082667,-0.995915,1.317998,1.000801,0.050338,0.040389,-0.050347,0.223433,0.972580,1.308704,1.029354,0.964630
1883,15.691667,0.007506,0.025731,-0.260358,-0.965140,1.472216,1.306639,0.081365,0.034705,0.015579,-0.082304,-0.995881,1.317971,1.000986,0.050282,0.039945,-0.051548,0.222495,0.972750,1.310104,1.029931,0.964177
1884,15.700000,0.006771,0.028989,-0.256804,-0.966005,1.479916,1.310138,0.080908,0.036511,0.016372,-0.082578,-0.995781,1.317889,1.001010,0.050239,0.038681,-0.051480,0.221726,0.972980,1.311880,1.030533,0.963466
1885,15.708333,0.007061,0.030964,-0.253874,-0.966716,1.487190,1.313401,0.080260,0.038040,0.016669,-0.081747,-0.995788,1.317845,1.001224,0.050161,0.037639,-0.050901,0.221051,0.973206,1.313331,1.031147,0.963196
1886,15.716667,0.014068,0.029319,-0.255737,-0.966199,1.494172,1.316135,0.080078,0.039846,0.016789,-0.081085,-0.995769,1.317805,1.001396,0.050117,0.036729,-0.050013,0.220697,0.973367,1.315237,1.031710,0.962412
1887,15.725000,0.023125,0.028222,-0.255516,-0.966116,1.500399,1.318804,0.079025,0.041246,0.017310,-0.080487,-0.995752,1.317734,1.001495,0.050073,0.037154,-0.048035,0.220156,0.973572,1.317280,1.032434,0.961326
1888,15.733333,0.029874,0.028503,-0.254465,-0.966200,1.506041,1.321529,0.077971,0.043101,0.017574,-0.079824,-0.995722,1.317662,1.001584,0.050019,0.035253,-0.050442,0.218833,0.973820,1.318079,1.033325,0.961234
1889,15.741667,0.034842,0.026382,-0.253397,-0.966375,1.511430,1.323752,0.077180,0.044441,0.018072,-0.079260,-0.995699,1.317622,1.001701,0.049980,0.030763,-0.052342,0.216818,0.974322,1.319700,1.034045,0.960887
1890,15.750000,0.039363,0.023886,-0.251238,-0.966830,1.516148,1.325825,0.076198,0.046001,0.018759,-0.078699,-0.995660,1.317578,1.001836,0.049937,0.031430,-0.056061,0.215059,0.974484,1.321161,1.034874,0.959970
1891,15.758333,0.047636,0.024381,-0.248519,-0.967148,1.520270,1.327885,0.075702,0.047503,0.019295,-0.078173,-0.995621,1.317534,1.001954,0.049901,0.030927,-0.057807,0.213966,0.974639,1.322709,1.035689,0.959255
1892,15.766667,0.050190,0.017946,-0.245785,-0.967858,1.523986,1.329325,0.074671,0.049159,0.019818,-0.077750,-0.995563,1.317490,1.002055,0.049866,0.030816,-0.059560,0.213477,0.974644,1.323952,1.036474,0.958739
1893,15.775000,0.053390,0.010454,-0.242504,-0.968624,1.527159,1.330505,0.073632,0.050565,0.020135,-0.077377,-0.995515,1.317436,1.002165,0.049817,0.028964,-0.059428,0.213051,0.974802,1.326052,1.037586,0.958012
1894,15.783333,0.053446,0.000492,-0.240350,-0.969214,1.529412,1.331179,0.071979,0.051896,0.020545,-0.077043,-0.995464,1.317384,1.002276,0.049786,0.027235,-0.059076,0.212741,0.974941,1.328020,1.038571,0.957336
1895,15.791667,0.052566,-0.014796,-0.238031,-0.969721,1.530606,1.330366,0.068147,0.052914,0.020765,-0.076763,-0.995428,1.317335,1.002355,0.049755,0.026256,-0.058358,0.212674,0.975026,1.329781,1.039457,0.956818
1896,15.800000,0.046626,-0.023476,-0.235471,-0.970478,1.530352,1.330297,0.065732,0.053808,0.020908,-0.076618,-0.995388,1.317291,1.002421,0.049727,0.024330,-0.059053,0.212600,0.975050,1.331496,1.040314,0.956329
1897,15.808333,0.033184,-0.015601,-0.226657,-0.973284,1.530510,1.329385,0.065643,0.054712,0.021054,-0.076498,-0.995345,1.317270,1.002490,0.049705,0.024375,-0.061103,0.213801,0.974660,1.332956,1.041125,0.955923
1898,15.816667,0.026806,-0.006956,-0.221269,-0.974819,1.529612,1.329030,0.065018,0.055546,0.021063,-0.076382,-0.995308,1.317254,1.002551,0.049680,0.021721,-0.057945,0.213752,0.974926,1.334956,1.042317,0.955328
1899,15.825000,0.022899,-0.004014,-0.221523,-0.974878,1.528144,1.328630,0.063784,0.056343,0.021110,-0.076217,-0.995274,1.317246,1.002591,0.049673,0.021125,-0.060229,0.215411,0.974435,1.336700,1.043163,0.954722
1900,15.833333,0.020592,0.000047,-0.220694,-0.975126,1.526093,1.328335,0.062598,0.056959,0.021122,-0.076052,-0.995252,1.317230,1.002642,0.049653,0.017773,-0.057193,0.215202,0.974731,1.338591,1.044334,0.954255
1901,15.841667,0.015841,0.002133,-0.220444,-0.975269,1.524619,1.327759,0.061491,0.057762,0.021198,-0.075819,-0.995221,1.317218,1.002685,0.049639,0.016468,-0.056912,0.218469,0.974044,1.340920,1.045111,0.954168
1902,15.850000,0.009639,0.004572,-0.217848,-0.975924,1.523309,1.327332,0.060284,0.058536,0.021260,-0.075594,-0.995192,1.317227,1.002740,0.049625,0.014962,-0.056702,0.219106,0.973937,1.342747,1.046135,0.953543
1903,15.858333,0.006949,0.010064,-0.215668,-0.976390,1.522865,1.327083,0.059805,0.059426,0.021406,-0.075410,-0.995150,1.317230,1.002797,0.049612,0.014217,-0.056406,0.219459,0.973886,1.344562,1.047128,0.953266
1904,15.866667,0.005830,0.014112,-0.214322,-0.976644,1.522906,1.327271,0.059381,0.060082,0.021543,-0.075246,-0.995120,1.317233,1.002837,0.049594,0.014743,-0.058009,0.220352,0.973582,1.346524,1.048267,0.951953
1905,15.875000,0.004061,0.016946,-0.213366,-0.976817,1.523425,1.327640,0.059109,0.060783,0.021628,-0.075055,-0.995090,1.317231,1.002878,0.049579,0.013593,-0.055598,0.220352,0.973740,1.348381,1.049320,0.951790
1906,15.883333,0.003664,0.017085,-0.213636,-0.976757,1.524042,1.328174,0.058739,0.061431,0.021546,-0.074816,-0.995070,1.317230,1.002917,0.049567,0.013604,-0.055253,0.220846,0.973647,1.350113,1.050425,0.951314
1907,15.891667,0.005065,0.015463,-0.215067,-0.976464,1.524882,1.328716,0.058409,0.062107,0.021473,-0.074611,-0.995045,1.317219,1.002962,0.049551,0.011616,-0.055705,0.221438,0.973513,1.351420,1.051710,0.950821
1908,15.900000,0.003518,0.015397,-0.215432,-0.976391,1.525666,1.328997,0.058187,0.062806,0.021516,-0.074454,-0.995012,1.317211,1.003005,0.049540,0.011532,-0.055425,0.221760,0.973456,1.353067,1.052761,0.950361
1909,15.908333,-0.001872,0.015788,-0.216281,-0.976202,1.525973,1.328704,0.058055,0.063386,0.021407,-0.074292,-0.994990,1.317215,1.003052,0.049537,0.011801,-0.055899,0.222386,0.973283,1.354697,1.053894,0.949854
1910,15.916667,-0.007937,0.016262,-0.217052,-0.975992,1.526045,1.328219,0.058009,0.064018,0.021317,-0.074165,-0.994961,1.317201,1.003084,0.049530,0.011717,-0.054793,0.222920,0.973225,1.356280,1.054966,0.949528
1911,15.925000,-0.012216,0.016682,-0.218415,-0.975637,1.526029,1.327875,0.057926,0.064387,0.021270,-0.073907,-0.994957,1.317189,1.003156,0.049515,0.012311,-0.055177,0.223668,0.973025,1.357777,1.056118,0.949249
1912,15.933333,-0.015657,0.015538,-0.219944,-0.975263,1.526223,1.327801,0.057874,0.065005,0.021140,-0.073772,-0.994930,1.317208,1.003196,0.049529,0.012716,-0.052240,0.224994,0.972876,1.359431,1.057086,0.948924
1913,15.941667,-0.021528,0.014904,-0.221301,-0.974854,1.526502,1.327786,0.057535,0.065614,0.020986,-0.073617,-0.994905,1.317217,1.003245,0.049546,0.011640,-0.049131,0.226114,0.972791,1.360736,1.058253,0.949348
1914,15.950000,-0.022110,0.013336,-0.222444,-0.974604,1.527043,1.327602,0.057667,0.066195,0.020846,-0.073516,-0.994876,1.317224,1.003292,0.049570,0.013759,-0.050657,0.227122,0.972451,1.361793,1.059312,0.949144
1915,15.958333,-0.023928,0.013145,-0.222438,-0.974565,1.527358,1.327508,0.057651,0.066682,0.020728,-0.073512,-0.994847,1.317219,1.003305,0.049590,0.014501,-0.049885,0.227740,0.972335,1.363137,1.060454,0.948753
1916,15.966667,-0.025366,0.013002,-0.222566,-0.974501,1.527519,1.327448,0.057656,0.067175,0.020558,-0.073414,-0.994824,1.317227,1.003353,0.049610,0.014718,-0.049181,0.229119,0.972044,1.364171,1.061478,0.948816
1917,15.975000,-0.026615,0.012935,-0.223066,-0.974354,1.527535,1.327436,0.057613,0.067583,0.020454,-0.073415,-0.994799,1.317246,1.003389,0.049638,0.016287,-0.049854,0.230181,0.971734,1.365314,1.062521,0.948550
1918,15.983333,-0.027454,0.012869,-0.223824,-0.974158,1.527497,1.327434,0.057536,0.068014,0.020319,-0.073321,-0.994779,1.317256,1.003422,0.049660,0.017656,-0.049388,0.230957,0.971549,1.366114,1.063602,0.948219
1919,15.991667,-0.027951,0.013133,-0.224080,-0.974081,1.527471,1.327421,0.057446,0.068356,0.020206,-0.073293,-0.994760,1.317258,1.003448,0.049677,0.018849,-0.046074,0.231781,0.971493,1.367126,1.064578,0.948212
1920,16.000000,-0.028338,0.013055,-0.223985,-0.974093,1.527495,1.327419,0.057404,0.068504,0.020170,-0.073369,-0.994745,1.317263,1.003452,0.049703,0.023679,-0.043266,0.232790,0.971276,1.368562,1.065808,0.947622
1921,16.008333,-0.028089,0.013066,-0.223967,-0.974104,1.527503,1.327473,0.057406,0.068549,0.020015,-0.073340,-0.994747,1.317253,1.003448,0.049715,0.024932,-0.043317,0.233186,0.971147,1.368982,1.066850,0.947648
1922,16.016667,-0.027529,0.013065,-0.224067,-0.974097,1.527499,1.327561,0.057424,0.068600,0.020050,-0.073367,-0.994741,1.317244,1.003440,0.049732,0.024558,-0.045270,0.234064,0.970856,1.369699,1.067881,0.947184
1923,16.025000,-0.027153,0.012715,-0.224114,-0.974102,1.527537,1.327647,0.057448,0.068541,0.019967,-0.073374,-0.994746,1.317236,1.003433,0.049745,0.025355,-0.044888,0.234673,0.970706,1.370416,1.068750,0.947310
1924,16.033333,-0.027207,0.012397,-0.224045,-0.974120,1.527573,1.327693,0.057452,0.068570,0.019812,-0.073390,-0.994746,1.317244,1.003418,0.049766,0.022886,-0.045278,0.233523,0.971027,1.371044,1.069103,0.948834
1925,16.041667,-0.027633,0.012314,-0.224021,-0.974115,1.527614,1.327673,0.057443,0.068429,0.019710,-0.073439,-0.994754,1.317234,1.003404,0.049785,0.022006,-0.043500,0.234269,0.970949,1.371949,1.069933,0.948614
1926,16.050000,-0.028291,0.012213,-0.224194,-0.974057,1.527617,1.327647,0.057405,0.068311,0.019560,-0.073425,-0.994766,1.317239,1.003387,0.049797,0.021535,-0.042532,0.234666,0.970906,1.372793,1.070451,0.948674
1927,16.058333,-0.029129,0.012147,-0.224408,-0.973984,1.527644,1.327614,0.057370,0.068351,0.019389,-0.073413,-0.994768,1.317237,1.003391,0.049806,0.021194,-0.041283,0.234816,0.970931,1.373291,1.071128,0.948713
1928,16.066667,-0.030107,0.011807,-0.224541,-0.973928,1.527720,1.327587,0.057383,0.068317,0.019335,-0.073362,-0.994775,1.317232,1.003399,0.049822,0.020702,-0.040092,0.235270,0.970882,1.374422,1.071800,0.948416
1929,16.075000,-0.031013,0.011457,-0.224667,-0.973875,1.527828,1.327536,0.057381,0.068259,0.019137,-0.073343,-0.994784,1.317243,1.003398,0.049839,0.016687,-0.037878,0.233726,0.971421,1.374884,1.072898,0.948850
1930,16.083333,-0.031954,0.011135,-0.224757,-0.973827,1.527939,1.327488,0.057379,0.068249,0.018970,-0.073303,-0.994791,1.317241,1.003408,0.049849,0.015946,-0.038953,0.233336,0.971485,1.375741,1.073687,0.948561
1931,16.091667,-0.033053,0.010916,-0.224864,-0.973768,1.528016,1.327438,0.057353,0.068270,0.019069,-0.073399,-0.994780,1.317227,1.003419,0.049850,0.015918,-0.038700,0.233274,0.971510,1.376348,1.074415,0.948503
1932,16.100000,-0.034049,0.010763,-0.225102,-0.973681,1.528066,1.327372,0.057325,0.068195,0.018954,-0.073450,-0.994784,1.317232,1.003424,0.049871,0.016685,-0.038123,0.232735,0.971650,1.376899,1.075240,0.948501
1933,16.108333,-0.034968,0.010734,-0.225215,-0.973622,1.528104,1.327313,0.057277,0.068317,0.018865,-0.073404,-0.994781,1.317235,1.003439,0.049878,0.016972,-0.037485,0.232398,0.971750,1.377471,1.076116,0.948417
1934,16.116667,-0.035837,0.010664,-0.225234,-0.973587,1.528159,1.327267,0.057251,0.068316,0.018728,-0.073415,-0.994783,1.317239,1.003458,0.049885,0.016691,-0.036896,0.231991,0.971875,1.377894,1.076902,0.948665
1935,16.125000,-0.036442,0.010518,-0.225279,-0.973556,1.528206,1.327230,0.057222,0.068491,0.018732,-0.073327,-0.994777,1.317234,1.003483,0.049883,0.017333,-0.035835,0.231354,0.972055,1.378339,1.077633,0.948921
1936,16.133333,-0.037053,0.010391,-0.225278,-0.973534,1.528241,1.327201,0.057191,0.068591,0.018592,-0.073323,-0.994773,1.317240,1.003497,0.049899,0.018001,-0.034391,0.231529,0.972053,1.378785,1.078467,0.948940
1937,16.141667,-0.037568,0.010350,-0.225335,-0.973502,1.528270,1.327164,0.057170,0.068705,0.018596,-0.073308,-0.994766,1.317240,1.003514,0.049904,0.019341,-0.033796,0.231160,0.972136,1.379130,1.079179,0.949111
1938,16.150000,-0.037959,0.010420,-0.225336,-0.973486,1.528287,1.327134,0.057135,0.068913,0.018595,-0.073283,-0.994754,1.317236,1.003535,0.049903,0.019468,-0.033170,0.230833,0.972233,1.379483,1.079989,0.949414
1939,16.158333,-0.038247,0.010404,-0.225370,-0.973467,1.528289,1.327123,0.057100,0.069114,0.018666,-0.073235,-0.994742,1.317227,1.003544,0.049909,0.019137,-0.031629,0.230724,0.972317,1.380061,1.080853,0.949445
1940,16.166667,-0.038390,0.010335,-0.225435,-0.973447,1.528297,1.327106,0.057095,0.069241,0.018683,-0.073196,-0.994736,1.317212,1.003555,0.049905,0.019802,-0.032573,0.230909,0.972228,1.380420,1.081420,0.949423
1941,16.175000,-0.038528,0.010380,-0.225456,-0.973436,1.528300,1.327095,0.057071,0.069417,0.018743,-0.073227,-0.994720,1.317213,1.003557,0.049910,0.020628,-0.033222,0.231292,0.972098,1.380770,1.081962,0.949366
1942,16.183333,-0.038540,0.010443,-0.225422,-0.973443,1.528305,1.327094,0.057060,0.069546,0.018761,-0.073218,-0.994711,1.317194,1.003569,0.049899,0.020876,-0.032863,0.231678,0.972013,1.381151,1.082530,0.949392
1943,16.191667,-0.038647,0.010442,-0.225431,-0.973436,1.528305,1.327096,0.057037,0.069731,0.018812,-0.073224,-0.994697,1.317189,1.003570,0.049903,0.019958,-0.030273,0.232159,0.972002,1.381490,1.083179,0.949533
1944,16.200000,-0.038614,0.010397,-0.225468,-0.973430,1.528301,1.327096,0.057031,0.069924,0.018876,-0.073215,-0.994683,1.317182,1.003571,0.049900,0.020305,-0.029873,0.232666,0.971886,1.381732,1.083644,0.949551
1945,16.208333,-0.038601,0.010426,-0.225526,-0.973416,1.528299,1.327096,0.057028,0.070026,0.018961,-0.073225,-0.994673,1.317163,1.003573,0.049888,0.020400,-0.029084,0.233295,0.971757,1.382113,1.084165,0.949453
1946,16.216667,-0.038618,0.010489,-0.225529,-0.973414,1.528294,1.327100,0.057027,0.070143,0.019066,-0.073273,-0.994659,1.317141,1.003565,0.049882,0.020172,-0.028077,0.233542,0.971732,1.382489,1.084725,0.949334
1947,16.225000,-0.038638,0.010501,-0.225561,-0.973406,1.528290,1.327108,0.057027,0.070205,0.019118,-0.073325,-0.994650,1.317126,1.003559,0.049878,0.020803,-0.028505,0.234459,0.971485,1.382478,1.085110,0.949275
1948,16.233333,-0.038808,0.010557,-0.225525,-0.973407,1.528280,1.327115,0.057008,0.070203,0.019211,-0.073340,-0.994648,1.317099,1.003557,0.049860,0.020097,-0.027513,0.234996,0.971399,1.382618,1.085518,0.949380
1949,16.241667,-0.038780,0.010587,-0.225582,-0.973394,1.528284,1.327119,0.057014,0.070306,0.019393,-0.073373,-0.994634,1.317075,1.003556,0.049847,0.020350,-0.026558,0.235745,0.971239,1.382794,1.085856,0.949405
1950,16.250000,-0.038787,0.010597,-0.225613,-0.973387,1.528276,1.327124,0.057018,0.070264,0.019536,-0.073497,-0.994625,1.317047,1.003538,0.049839,0.020611,-0.025946,0.236561,0.971052,1.382888,1.086207,0.949292
1951,16.258333,-0.038695,0.010673,-0.225714,-0.973366,1.528263,1.327125,0.057011,0.070215,0.019596,-0.073532,-0.994625,1.317015,1.003538,0.049821,0.020414,-0.026282,0.237141,0.970905,1.382874,1.086545,0.949227
1952,16.266667,-0.038681,0.010761,-0.225713,-0.973366,1.528260,1.327136,0.057008,0.070188,0.019794,-0.073567,-0.994620,1.316976,1.003527,0.049811,0.019819,-0.025206,0.237627,0.970827,1.382876,1.086872,0.949304
1953,16.275000,-0.038634,0.010821,-0.225766,-0.973355,1.528258,1.327138,0.057012,0.070051,0.019984,-0.073640,-0.994621,1.316932,1.003528,0.049800,0.019211,-0.025201,0.237824,0.970791,1.382879,1.087181,0.949305
1954,16.283333,-0.038570,0.010887,-0.225853,-0.973337,1.528247,1.327142,0.057011,0.069981,0.020182,-0.073768,-0.994612,1.316887,1.003521,0.049798,0.019741,-0.024006,0.238636,0.970612,1.382867,1.087390,0.949284
1955,16.291667,-0.038583,0.010952,-0.225880,-0.973329,1.528243,1.327146,0.057007,0.069809,0.020465,-0.073832,-0.994614,1.316844,1.003511,0.049787,0.019779,-0.023700,0.239022,0.970523,1.382829,1.087592,0.949288
1956,16.300000,-0.038500,0.011044,-0.225865,-0.973335,1.528234,1.327155,0.057001,0.069796,0.020689,-0.073939,-0.994602,1.316790,1.003514,0.049776,0.019969,-0.023887,0.239549,0.970385,1.382685,1.087764,0.949264
1957,16.308333,-0.038476,0.011128,-0.225910,-0.973325,1.528231,1.327159,0.057000,0.069737,0.020941,-0.074048,-0.994593,1.316744,1.003503,0.049772,0.019989,-0.023646,0.239786,0.970332,1.382688,1.087982,0.949181
1958,16.316667,-0.038374,0.011153,-0.225999,-0.973307,1.528229,1.327162,0.056998,0.069217,0.021138,-0.074327,-0.994604,1.316698,1.003467,0.049798,0.019796,-0.023109,0.240340,0.970212,1.382478,1.088170,0.949173
1959,16.325000,-0.038504,0.011243,-0.226046,-0.973290,1.528226,1.327176,0.056985,0.069154,0.021349,-0.074420,-0.994597,1.316647,1.003472,0.049789,0.019842,-0.022911,0.240607,0.970149,1.382378,1.088303,0.949136
1960,16.333333,-0.038603,0.011281,-0.226097,-0.973274,1.528224,1.327182,0.056971,0.069086,0.021569,-0.074436,-0.994596,1.316589,1.003487,0.049782,0.019968,-0.022687,0.240764,0.970113,1.382389,1.088459,0.949055
1961,16.341667,-0.038487,0.011286,-0.226143,-0.973268,1.528224,1.327186,0.056978,0.069253,0.021722,-0.074449,-0.994580,1.316557,1.003505,0.049773,0.020137,-0.022281,0.240964,0.970069,1.382335,1.088562,0.948951
1962,16.350000,-0.038641,0.011424,-0.226151,-0.973258,1.528225,1.327192,0.056960,0.069553,0.021929,-0.074481,-0.994552,1.316539,1.003528,0.049775,0.019939,-0.022262,0.241021,0.970060,1.382383,1.088756,0.948791
1963,16.358333,-0.038565,0.011415,-0.226221,-0.973245,1.528228,1.327192,0.056957,0.069961,0.021886,-0.074364,-0.994533,1.316540,1.003545,0.049770,0.019721,-0.021423,0.241239,0.970029,1.382331,1.088893,0.948700
1964,16.366667,-0.038591,0.011469,-0.226259,-0.973235,1.528224,1.327195,0.056950,0.070198,0.021980,-0.074411,-0.994511,1.316516,1.003557,0.049766,0.019534,-0.021251,0.241479,0.969977,1.382220,1.089044,0.948641
1965,16.375000,-0.038595,0.011476,-0.226340,-0.973216,1.528231,1.327199,0.056944,0.070519,0.022056,-0.074365,-0.994490,1.316495,1.003574,0.049750,0.019517,-0.021521,0.241645,0.969930,1.382120,1.089116,0.948595
1966,16.383333,-0.038545,0.011500,-0.226368,-0.973211,1.528238,1.327194,0.056944,0.070774,0.022170,-0.074395,-0.994467,1.316469,1.003582,0.049746,0.019255,-0.021675,0.241948,0.969856,1.381975,1.089236,0.948534
1967,16.391667,-0.038743,0.011559,-0.226373,-0.973201,1.528239,1.327205,0.056933,0.071125,0.022305,-0.074419,-0.994437,1.316440,1.003595,0.049736,0.019415,-0.021785,0.242243,0.969777,1.381906,1.089295,0.948485
1968,16.400000,-0.038696,0.011589,-0.226453,-0.973184,1.528242,1.327208,0.056940,0.071408,0.022423,-0.074390,-0.994417,1.316419,1.003591,0.049722,0.019303,-0.021633,0.242750,0.969656,1.381760,1.089376,0.948484
1969,16.408333,-0.038715,0.011564,-0.226483,-0.973177,1.528251,1.327205,0.056947,0.071703,0.022448,-0.074370,-0.994396,1.316399,1.003599,0.049704,0.019932,-0.022318,0.243239,0.969505,1.381640,1.089403,0.948383
1970,16.416667,-0.038739,0.011564,-0.226539,-0.973163,1.528253,1.327210,0.056942,0.071883,0.022600,-0.074400,-0.994378,1.316377,1.003606,0.049694,0.019841,-0.022619,0.243528,0.969427,1.381634,1.089529,0.948314
1971,16.425000,-0.038711,0.011614,-0.226586,-0.973152,1.528256,1.327212,0.056946,0.072104,0.022683,-0.074441,-0.994357,1.316352,1.003612,0.049686,0.020005,-0.022248,0.244078,0.969294,1.381510,1.089562,0.948414
1972,16.433333,-0.038762,0.011620,-0.226599,-0.973147,1.528262,1.327215,0.056941,0.072301,0.022729,-0.074468,-0.994339,1.316347,1.003614,0.049670,0.019329,-0.021676,0.244522,0.969209,1.381455,1.089711,0.948538
1973,16.441667,-0.038705,0.011704,-0.226583,-0.973152,1.528256,1.327219,0.056944,0.072535,0.022873,-0.074483,-0.994318,1.316330,1.003628,0.049661,0.020030,-0.022108,0.245193,0.969015,1.381484,1.089773,0.948356
1974,16.450000,-0.038773,0.011746,-0.226649,-0.973134,1.528263,1.327228,0.056946,0.072640,0.022815,-0.074504,-0.994310,1.316324,1.003630,0.049663,0.020306,-0.022563,0.245716,0.968867,1.381461,1.089805,0.948311
1975,16.458333,-0.038759,0.011766,-0.226677,-0.973127,1.528263,1.327232,0.056947,0.072771,0.022893,-0.074507,-0.994298,1.316304,1.003638,0.049656,0.020387,-0.022781,0.246186,0.968741,1.381456,1.089856,0.948309
1976,16.466667,-0.038736,0.011861,-0.226665,-0.973130,1.528257,1.327242,0.056942,0.072658,0.022819,-0.074560,-0.994304,1.316302,1.003639,0.049651,0.020499,-0.022862,0.246927,0.968547,1.381349,1.089904,0.948286
1977,16.475000,-0.038658,0.011845,-0.226700,-0.973125,1.528260,1.327240,0.056946,0.072811,0.022933,-0.074556,-0.994291,1.316297,1.003639,0.049643,0.020577,-0.023159,0.247477,0.968398,1.381369,1.089899,0.948243
1978,16.483333,-0.038699,0.011882,-0.226748,-0.973112,1.528259,1.327248,0.056946,0.072819,0.022945,-0.074599,-0.994287,1.316293,1.003647,0.049645,0.020418,-0.022371,0.248124,0.968255,1.381264,1.089902,0.948352
1979,16.491667,-0.038580,0.011947,-0.226766,-0.973111,1.528254,1.327253,0.056945,0.072779,0.022916,-0.074644,-0.994287,1.316285,1.003647,0.049645,0.020678,-0.022293,0.248648,0.968116,1.381246,1.089884,0.948339
1980,16.500000,-0.038618,0.011982,-0.226775,-0.973107,1.528250,1.327255,0.056945,0.072767,0.022988,-0.074644,-0.994286,1.316282,1.003648,0.049649,0.020499,-0.022242,0.249254,0.967966,1.381197,1.089939,0.948249
1981,16.508333,-0.038577,0.012020,-0.226817,-0.973099,1.528261,1.327256,0.056957,0.072802,0.023005,-0.074645,-0.994283,1.316278,1.003646,0.049651,0.020449,-0.022451,0.249665,0.967856,1.381163,1.089927,0.948224
1982,16.516667,-0.038597,0.011979,-0.226844,-0.973092,1.528257,1.327255,0.056960,0.072626,0.022963,-0.074627,-0.994298,1.316268,1.003643,0.049643,0.020423,-0.022696,0.250129,0.967731,1.381031,1.089896,0.948238
1983,16.525000,-0.038642,0.012036,-0.226840,-0.973091,1.528257,1.327262,0.056964,0.072631,0.022975,-0.074648,-0.994296,1.316267,1.003638,0.049648,0.020179,-0.022851,0.250450,0.967650,1.380995,1.089910,0.948218
1984,16.533333,-0.038622,0.012062,-0.226871,-0.973084,1.528257,1.327260,0.056971,0.072616,0.023043,-0.074687,-0.994293,1.316263,1.003639,0.049647,0.020221,-0.023364,0.251092,0.967470,1.380959,1.089790,0.948116
1985,16.541667,-0.038567,0.012103,-0.226909,-0.973077,1.528252,1.327261,0.056975,0.072622,0.023068,-0.074779,-0.994285,1.316259,1.003642,0.049645,0.020017,-0.022950,0.251429,0.967397,1.380883,1.089757,0.948162
1986,16.550000,-0.038646,0.012093,-0.226893,-0.973077,1.528251,1.327267,0.056977,0.072523,0.023153,-0.074755,-0.994292,1.316241,1.003637,0.049638,0.020324,-0.022996,0.251880,0.967272,1.380768,1.089677,0.948161
1987,16.558333,-0.038596,0.012099,-0.226915,-0.973074,1.528257,1.327268,0.056986,0.072555,0.023163,-0.074795,-0.994286,1.316236,1.003640,0.049636,0.020413,-0.022967,0.252134,0.967205,1.380725,1.089629,0.948147
1988,16.566667,-0.038550,0.012158,-0.226930,-0.973072,1.528254,1.327271,0.056994,0.072549,0.023211,-0.074791,-0.994286,1.316225,1.003640,0.049631,0.020323,-0.023034,0.252379,0.967141,1.380646,1.089595,0.948142
1989,16.575000,-0.038588,0.012205,-0.226920,-0.973072,1.528247,1.327274,0.056986,0.072481,0.023251,-0.074809,-0.994288,1.316210,1.003638,0.049624,0.020821,-0.023276,0.252620,0.967061,1.380564,1.089442,0.948236
1990,16.583333,-0.038550,0.012217,-0.226981,-0.973059,1.528244,1.327282,0.056991,0.072601,0.023295,-0.074852,-0.994276,1.316204,1.003637,0.049626,0.020301,-0.022827,0.252910,0.967007,1.380504,1.089507,0.948180
1991,16.591667,-0.038695,0.012247,-0.226932,-0.973064,1.528238,1.327288,0.056987,0.072496,0.023371,-0.074870,-0.994280,1.316184,1.003639,0.049621,0.020554,-0.022943,0.253153,0.966936,1.380464,1.089425,0.948160
1992,16.600000,-0.038631,0.012260,-0.226942,-0.973065,1.528235,1.327285,0.056993,0.072486,0.023377,-0.074945,-0.994275,1.316183,1.003631,0.049623,0.020587,-0.023041,0.253280,0.966899,1.380442,1.089378,0.948133
1993,16.608333,-0.038498,0.012307,-0.226974,-0.973062,1.528239,1.327284,0.057001,0.072536,0.023396,-0.074922,-0.994273,1.316178,1.003631,0.049621,0.020870,-0.023265,0.253419,0.966852,1.380394,1.089300,0.948100
1994,16.616667,-0.038537,0.012338,-0.226950,-0.973065,1.528234,1.327291,0.057003,0.072591,0.023417,-0.074950,-0.994266,1.316175,1.003632,0.049618,0.020913,-0.023365,0.253582,0.966806,1.380361,1.089225,0.948088
1995,16.625000,-0.038622,0.012393,-0.226981,-0.973054,1.528227,1.327294,0.056999,0.072520,0.023417,-0.074975,-0.994269,1.316161,1.003641,0.049612,0.021038,-0.023503,0.253633,0.966786,1.380343,1.089162,0.948053
1996,16.633333,-0.038563,0.012436,-0.226967,-0.973059,1.528231,1.327291,0.057004,0.072531,0.023490,-0.074984,-0.994266,1.316159,1.003640,0.049616,0.021185,-0.023752,0.253723,0.966753,1.380323,1.089093,0.948005
1997,16.641667,-0.038628,0.012495,-0.226967,-0.973056,1.528227,1.327298,0.057002,0.072500,0.023425,-0.074948,-0.994272,1.316147,1.003640,0.049613,0.021243,-0.023748,0.253779,0.966737,1.380315,1.089033,0.947985
1998,16.650000,-0.038522,0.012491,-0.227017,-0.973048,1.528235,1.327293,0.057015,0.072508,0.023522,-0.074962,-0.994269,1.316141,1.003633,0.049608,0.021397,-0.024005,0.253895,0.966697,1.380304,1.088961,0.947933
1999,16.658333,-0.038585,0.012468,-0.227061,-0.973036,1.528233,1.327299,0.057012,0.072426,0.023472,-0.074956,-0.994276,1.316134,1.003633,0.049607,0.021087,-0.023457,0.253879,0.966722,1.380319,1.088900,0.947973
2000,16.666667,-0.038517,0.012488,-0.227075,-0.973035,1.528234,1.327306,0.057020,0.072502,0.023598,-0.074959,-0.994268,1.316126,1.003631,0.049612,0.021226,-0.023260,0.254063,0.966675,1.380377,1.088862,0.947848
2001,16.675000,-0.038375,0.012522,-0.227156,-0.973022,1.528232,1.327313,0.057024,0.072505,0.023580,-0.075039,-0.994262,1.316124,1.003644,0.049604,0.020973,-0.022592,0.254319,0.966629,1.380343,1.088781,0.947908
2002,16.683333,-0.038236,0.012573,-0.227179,-0.973021,1.528224,1.327325,0.057032,0.072513,0.023529,-0.075002,-0.994265,1.316122,1.003645,0.049598,0.021118,-0.022860,0.254505,0.966571,1.380360,1.088684,0.947847
2003,16.691667,-0.038274,0.012744,-0.227194,-0.973014,1.528208,1.327349,0.057013,0.072454,0.023505,-0.075024,-0.994268,1.316112,1.003642,0.049598,0.021240,-0.022859,0.254795,0.966492,1.380355,1.088582,0.947808
2004,16.700000,-0.038016,0.012779,-0.227250,-0.973010,1.528202,1.327370,0.057021,0.072576,0.023598,-0.075098,-0.994252,1.316121,1.003651,0.049601,0.021109,-0.022881,0.254983,0.966444,1.380363,1.088488,0.947820
2005,16.708333,-0.037836,0.012835,-0.227290,-0.973007,1.528189,1.327393,0.057013,0.072530,0.023581,-0.075082,-0.994257,1.316118,1.003657,0.049593,0.021509,-0.023431,0.255206,0.966363,1.380375,1.088306,0.947835
2006,16.716667,-0.037611,0.012980,-0.227389,-0.972991,1.528174,1.327420,0.057007,0.072512,0.023588,-0.075076,-0.994258,1.316119,1.003653,0.049592,0.021326,-0.023017,0.255567,0.966282,1.380328,1.088194,0.947899
2007,16.725000,-0.037444,0.013015,-0.227459,-0.972980,1.528160,1.327448,0.057003,0.072514,0.023516,-0.075060,-0.994261,1.316116,1.003651,0.049588,0.021417,-0.023072,0.255835,0.966208,1.380343,1.088085,0.947882
2008,16.733333,-0.037353,0.013126,-0.227512,-0.972970,1.528152,1.327476,0.056998,0.072529,0.023514,-0.075071,-0.994259,1.316119,1.003655,0.049580,0.021128,-0.023459,0.256425,0.966048,1.380293,1.087927,0.947844
2009,16.741667,-0.037193,0.013216,-0.227509,-0.972976,1.528139,1.327509,0.056987,0.072478,0.023517,-0.075108,-0.994260,1.316123,1.003652,0.049578,0.021507,-0.024077,0.256722,0.965946,1.380181,1.087689,0.947897
2010,16.750000,-0.037046,0.013306,-0.227616,-0.972955,1.528116,1.327532,0.056974,0.072489,0.023547,-0.075109,-0.994258,1.316120,1.003653,0.049582,0.021160,-0.024253,0.257212,0.965819,1.380138,1.087595,0.947823
2011,16.758333,-0.036894,0.013338,-0.227708,-0.972939,1.528105,1.327552,0.056977,0.072468,0.023551,-0.075168,-0.994255,1.316126,1.003650,0.049575,0.021299,-0.024562,0.257499,0.965731,1.380176,1.087458,0.947759
