Format Version,1.25,Take Name,stairs_003,Take Notes,,Capture Frame Rate,120.000000,Export Frame Rate,120.000000,Capture Start Time,2025-10-30 09.56.34.734 PM,Capture Start Frame,601391,Total Frames in Take,701,Total Exported Frames,701,Rotation Type,Quaternion,Length Units,Meters,Coordinate Space,Global

,Type,Rigid Body,Rigid Body,Rigid Body,Rigid Body,Rigid Body,Rigid Body,Rigid Body,Rigid Body,Rigid Body,Rigid Body,Rigid Body,Rigid Body,Rigid Body,Rigid Body,Rigid Body,Rigid Body,Rigid Body,Rigid Body,Rigid Body,Rigid Body,Rigid Body
,Name,RFoot,RFoot,RFoot,RFoot,RFoot,RFoot,RFoot,LFoot,LFoot,LFoot,LFoot,LFoot,LFoot,LFoot,Waist,Waist,Waist,Waist,Waist,Waist,Waist
,ID,83078AC3B5F211F034C857AE43D8E8B6,83078AC3B5F211F034C857AE43D8E8B6,83078AC3B5F211F034C857AE43D8E8B6,83078AC3B5F211F034C857AE43D8E8B6,83078AC3B5F211F034C857AE43D8E8B6,83078AC3B5F211F034C857AE43D8E8B6,83078AC3B5F211F034C857AE43D8E8B6,9231711FB5F311F034C857AE43D8E8B6,9231711FB5F311F034C857AE43D8E8B6,9231711FB5F311F034C857AE43D8E8B6,9231711FB5F311F034C857AE43D8E8B6,9231711FB5F311F034C857AE43D8E8B6,9231711FB5F311F034C857AE43D8E8B6,9231711FB5F311F034C857AE43D8E8B6,3693159B5F511F034C857AE43D8E8B6,3693159B5F511F034C857AE43D8E8B6,3693159B5F511F034C857AE43D8E8B6,3693159B5F511F034C857AE43D8E8B6,3693159B5F511F034C857AE43D8E8B6,3693159B5F511F034C857AE43D8E8B6,3693159B5F511F034C857AE43D8E8B6
,Parent,,,,,,,,,,,,,,,,,,,,,
,,Rotation,Rotation,Rotation,Rotation,Position,Position,Position,Rotation,Rotation,Rotation,Rotation,Position,Position,Position,Rotation,Rotation,Rotation,Rotation,Position,Position,Position
Frame,Time (Seconds),X,Y,Z,W,X,Y,Z,X,Y,Z,W,X,Y,Z,X,Y,Z,W,X,Y,Z
0,0.000000,0.027605,0.007834,0.695117,0.718323,1.006130,-0.773516,0.024628,-0.014614,-0.028476,0.462710,0.885932,1.280279,-0.808701,0.021575,-0.011532,0.004825,0.620303,0.784263,1.189660,-0.820313,0.931098
1,0.008333,0.027354,0.007596,0.695212,0.718244,1.006087,-0.773503,0.024607,-0.014063,-0.028179,0.462857,0.885873,1.280318,-0.808703,0.021577,-0.012372,0.005149,0.619423,0.784943,1.190589,-0.820718,0.931143
2,0.016667,0.027001,0.007575,0.695216,0.718254,1.005970,-0.773476,0.024614,-0.014160,-0.027953,0.462970,0.885820,1.280355,-0.808730,0.021601,-0.012888,0.005249,0.619095,0.785193,1.191430,-0.821091,0.931220
3,0.025000,0.026674,0.007654,0.695147,0.718332,1.005897,-0.773467,0.024635,-0.013931,-0.027853,0.463088,0.885765,1.280386,-0.808740,0.021607,-0.012492,0.004766,0.619015,0.785265,1.192134,-0.821745,0.931234
4,0.033333,0.026579,0.007471,0.695143,0.718341,1.005877,-0.773429,0.024608,-0.013820,-0.027707,0.463218,0.885704,1.280448,-0.808796,0.021615,-0.013187,0.004715,0.618415,0.785727,1.193264,-0.822022,0.931354
5,0.041667,0.026234,0.007207,0.695177,0.718324,1.005850,-0.773383,0.024593,-0.013632,-0.027471,0.463314,0.885664,1.280462,-0.808788,0.021652,-0.013562,0.005179,0.618072,0.785988,1.194206,-0.822406,0.931460
6,0.050000,0.025789,0.006999,0.695167,0.718351,1.005807,-0.773322,0.024590,-0.013201,-0.027291,0.463468,0.885595,1.280521,-0.808815,0.021647,-0.013294,0.005575,0.617866,0.786151,1.195137,-0.822983,0.931466
7,0.058333,0.025586,0.006462,0.695051,0.718476,1.005776,-0.773245,0.024559,-0.013087,-0.027043,0.463606,0.885532,1.280575,-0.808850,0.021678,-0.013902,0.005501,0.617481,0.786443,1.196325,-0.823241,0.931556
8,0.066667,0.025115,0.006029,0.694883,0.718659,1.005736,-0.773168,0.024565,-0.011243,-0.027372,0.461825,0.886477,1.280353,-0.808898,0.021420,-0.013068,0.005108,0.617605,0.786363,1.197261,-0.823964,0.931475
9,0.075000,0.024398,0.005959,0.694882,0.718685,1.005700,-0.773083,0.024623,-0.010382,-0.027118,0.461695,0.886563,1.280353,-0.808893,0.021444,-0.013165,0.005358,0.617303,0.786597,1.198628,-0.824274,0.931524
10,0.083333,0.023716,0.006190,0.694968,0.718622,1.005684,-0.772970,0.024709,-0.009340,-0.026808,0.461782,0.886539,1.280357,-0.808927,0.021422,-0.013059,0.005226,0.617395,0.786527,1.199653,-0.824759,0.931610
11,0.091667,0.022954,0.006519,0.695145,0.718474,1.005672,-0.772843,0.024792,-0.008280,-0.026433,0.462134,0.886377,1.280373,-0.808936,0.021414,-0.012582,0.005030,0.617537,0.786425,1.200978,-0.825198,0.931628
12,0.100000,0.021895,0.007356,0.695469,0.718184,1.005678,-0.772702,0.024967,-0.008112,-0.025820,0.462754,0.886074,1.280463,-0.808953,0.021519,-0.011218,0.004748,0.617694,0.786324,1.202100,-0.825775,0.931556
13,0.108333,0.020715,0.008565,0.695897,0.717791,1.005694,-0.772555,0.025153,-0.008759,-0.025178,0.463461,0.885716,1.280582,-0.808980,0.021665,-0.010931,0.004556,0.617769,0.786270,1.203359,-0.826178,0.931481
14,0.116667,0.019194,0.009509,0.696306,0.717426,1.005728,-0.772397,0.025392,-0.009372,-0.024676,0.464200,0.885337,1.280702,-0.809013,0.021791,-0.010528,0.004103,0.618219,0.785925,1.204604,-0.826602,0.931489
15,0.125000,0.017191,0.011090,0.696814,0.716960,1.005759,-0.772182,0.025783,-0.009781,-0.024209,0.465004,0.884924,1.280802,-0.809090,0.021874,-0.008813,0.004110,0.618817,0.785475,1.205935,-0.827050,0.931336
16,0.133333,0.014703,0.012442,0.697453,0.716371,1.005854,-0.771945,0.026248,-0.009589,-0.023889,0.465772,0.884530,1.280900,-0.809173,0.021944,-0.008261,0.003007,0.619107,0.785257,1.207098,-0.827632,0.931167
17,0.141667,0.011734,0.014041,0.698114,0.715753,1.006006,-0.771703,0.026825,-0.009739,-0.023598,0.466592,0.884104,1.280943,-0.809324,0.021996,-0.006697,0.003581,0.619478,0.784977,1.208319,-0.828041,0.931011
18,0.150000,0.008065,0.016575,0.698629,0.715247,1.006179,-0.771407,0.027643,-0.009012,-0.023316,0.467295,0.883748,1.281011,-0.809448,0.021987,-0.005082,0.003485,0.620315,0.784329,1.209628,-0.828688,0.931024
19,0.158333,0.003592,0.018942,0.699148,0.714717,1.006425,-0.771127,0.028580,-0.008207,-0.023357,0.467690,0.883546,1.281050,-0.809526,0.021945,-0.004760,0.004085,0.620945,0.783829,1.210790,-0.829198,0.931029
20,0.166667,-0.001426,0.023185,0.699519,0.714236,1.006725,-0.770831,0.029762,-0.007390,-0.023301,0.468155,0.883308,1.281080,-0.809643,0.021934,-0.001942,0.007413,0.621231,0.783590,1.211870,-0.830066,0.931080
21,0.175000,-0.007462,0.027821,0.700022,0.713540,1.007099,-0.770455,0.031144,-0.006399,-0.023154,0.468600,0.883084,1.281088,-0.809743,0.021927,-0.001538,0.011764,0.622391,0.782617,1.212771,-0.830972,0.931784
22,0.183333,-0.014725,0.033512,0.700844,0.712374,1.007523,-0.769904,0.032878,-0.006672,-0.022981,0.469277,0.882727,1.281141,-0.809837,0.021966,-0.004267,0.015279,0.623165,0.781930,1.213891,-0.831720,0.932444
23,0.191667,-0.021879,0.040290,0.701589,0.711105,1.007860,-0.769203,0.034844,-0.006205,-0.023043,0.469677,0.882516,1.281135,-0.809913,0.021980,-0.000562,0.015349,0.623659,0.781546,1.214886,-0.832666,0.932441
24,0.200000,-0.032142,0.047178,0.702324,0.709565,1.008385,-0.768532,0.036963,-0.005961,-0.022954,0.470097,0.882296,1.281122,-0.809975,0.021992,-0.001196,0.017711,0.624378,0.780921,1.215984,-0.833434,0.933095
25,0.208333,-0.041974,0.056387,0.702690,0.708015,1.008964,-0.767715,0.039307,-0.005740,-0.023029,0.470398,0.882135,1.281119,-0.810009,0.021997,0.003402,0.016563,0.624813,0.780592,1.217180,-0.834508,0.932974
26,0.216667,-0.054886,0.063885,0.703918,0.705270,1.009997,-0.766807,0.042192,-0.005742,-0.022829,0.470854,0.881897,1.281121,-0.810090,0.022037,0.002714,0.018874,0.625463,0.780021,1.218324,-0.835458,0.933706
27,0.225000,-0.067935,0.073628,0.704027,0.703071,1.010896,-0.765732,0.045481,-0.005469,-0.022883,0.471189,0.881719,1.281118,-0.810075,0.022043,0.003656,0.021100,0.625699,0.779771,1.219121,-0.836639,0.934402
28,0.233333,-0.080206,0.089822,0.705228,0.698679,1.011692,-0.764314,0.049033,-0.005108,-0.022659,0.471636,0.881487,1.281142,-0.810068,0.022039,0.007586,0.018761,0.626489,0.779167,1.220541,-0.837521,0.934451
29,0.241667,-0.095081,0.101000,0.706263,0.694227,1.012887,-0.762590,0.053264,-0.005661,-0.022985,0.471387,0.881608,1.281106,-0.810176,0.022103,0.010905,0.018630,0.626509,0.779115,1.221580,-0.838580,0.934657
30,0.250000,-0.107209,0.106630,0.706918,0.690943,1.014433,-0.760957,0.057883,-0.005521,-0.022400,0.471602,0.881509,1.281107,-0.810182,0.022095,0.015178,0.019648,0.627133,0.778516,1.222502,-0.839843,0.934893
31,0.258333,-0.114025,0.112683,0.709133,0.686609,1.015963,-0.759070,0.063174,-0.005280,-0.022824,0.471615,0.881493,1.281174,-0.810234,0.022230,0.015254,0.023156,0.627645,0.778006,1.223433,-0.840984,0.935768
32,0.266667,-0.130660,0.112820,0.713713,0.678832,1.018138,-0.756742,0.069942,-0.008885,-0.014596,0.473614,0.880567,1.281476,-0.810481,0.022994,0.018537,0.022966,0.628222,0.777474,1.224759,-0.841914,0.935963
33,0.275000,-0.144666,0.120335,0.715532,0.672759,1.020620,-0.755072,0.076442,-0.008780,-0.013920,0.473916,0.880416,1.281547,-0.810506,0.023011,0.024598,0.018816,0.628519,0.777178,1.225249,-0.842633,0.936193
34,0.283333,-0.148663,0.130920,0.716572,0.668793,1.023198,-0.753401,0.082879,-0.008676,-0.013281,0.474283,0.880230,1.281617,-0.810544,0.023058,0.031572,0.017312,0.628684,0.776827,1.226088,-0.843356,0.936130
35,0.291667,-0.153120,0.137354,0.718972,0.663903,1.025600,-0.751765,0.090182,-0.008727,-0.012733,0.474634,0.880048,1.281682,-0.810579,0.023088,0.028060,0.022112,0.629784,0.775948,1.226705,-0.844177,0.937567
36,0.300000,-0.157628,0.135434,0.723994,0.657757,1.028507,-0.750610,0.098241,-0.008723,-0.012478,0.474900,0.879908,1.281746,-0.810621,0.023138,0.028091,0.022528,0.629572,0.776107,1.228043,-0.844687,0.937401
37,0.308333,-0.152624,0.142511,0.727749,0.653282,1.030319,-0.749535,0.106193,-0.008760,-0.012666,0.475480,0.879592,1.281796,-0.810742,0.023350,0.035512,0.018605,0.628331,0.776913,1.229647,-0.845306,0.936132
38,0.316667,-0.154366,0.150153,0.735459,0.642436,1.032795,-0.748537,0.114952,-0.011235,-0.000471,0.474508,0.880179,1.281488,-0.811224,0.023924,0.033715,0.015153,0.626413,0.778614,1.230690,-0.844828,0.935218
39,0.325000,-0.159287,0.148087,0.743260,0.632663,1.035054,-0.747542,0.124388,-0.017600,0.000639,0.477195,0.878621,1.281578,-0.811611,0.023822,0.032423,0.016772,0.626039,0.778937,1.231395,-0.845138,0.935683
40,0.333333,-0.163647,0.152249,0.750849,0.621503,1.037601,-0.746658,0.133270,-0.017849,0.008504,0.477407,0.878460,1.281465,-0.811452,0.024276,0.034565,0.015379,0.625295,0.779471,1.231973,-0.845373,0.935757
41,0.341667,-0.165253,0.159404,0.757070,0.611659,1.039954,-0.746245,0.142331,-0.019675,0.002942,0.478658,0.877776,1.281547,-0.811492,0.023596,0.033335,0.017766,0.625154,0.779587,1.232531,-0.845496,0.936511
42,0.350000,-0.162234,0.157219,0.758691,0.611024,1.043499,-0.745525,0.152358,-0.022536,0.002852,0.480568,0.876664,1.281803,-0.812094,0.023460,0.031982,0.020102,0.624170,0.780375,1.233113,-0.845485,0.936848
43,0.358333,-0.162231,0.163003,0.762035,0.605322,1.046687,-0.745116,0.161888,-0.018723,-0.004969,0.478704,0.877762,1.281882,-0.811952,0.022603,0.035419,0.017056,0.623902,0.780513,1.233753,-0.845665,0.936424
44,0.366667,-0.161669,0.166238,0.764594,0.601352,1.050128,-0.744675,0.171563,-0.005726,-0.011938,0.471084,0.881989,1.281518,-0.810494,0.022255,0.043915,0.006468,0.620246,0.783150,1.234047,-0.844811,0.935171
45,0.375000,-0.162612,0.161342,0.764964,0.601960,1.054093,-0.744175,0.181476,-0.001023,-0.015528,0.469926,0.882569,1.281790,-0.810455,0.022296,0.045512,0.006448,0.619565,0.783599,1.234689,-0.844941,0.935196
46,0.383333,-0.161878,0.158862,0.766608,0.600725,1.057969,-0.743627,0.191210,0.005549,-0.018131,0.468129,0.883457,1.281997,-0.810275,0.022662,0.045002,0.006582,0.618781,0.784246,1.235195,-0.844563,0.935068
47,0.391667,-0.162878,0.158512,0.768183,0.598532,1.061838,-0.742973,0.200845,0.014682,-0.018932,0.467159,0.883849,1.282427,-0.810516,0.022471,0.047860,0.018082,0.621662,0.781613,1.235816,-0.846200,0.939151
48,0.400000,-0.162922,0.158914,0.770087,0.595961,1.065701,-0.742159,0.210348,0.017217,-0.020248,0.465056,0.884882,1.282404,-0.810370,0.022424,0.054736,0.008073,0.617603,0.784542,1.236257,-0.844529,0.937422
49,0.408333,-0.161699,0.171520,0.773306,0.588585,1.069107,-0.741293,0.219265,0.027625,-0.012148,0.458534,0.888165,1.281461,-0.810309,0.022692,0.052700,0.009344,0.618312,0.784108,1.236180,-0.843899,0.936991
50,0.416667,-0.162131,0.165245,0.774038,0.589299,1.073577,-0.739871,0.228388,0.022367,-0.010188,0.460667,0.887233,1.281703,-0.810518,0.022874,0.047116,0.008750,0.621105,0.782261,1.235666,-0.844283,0.936484
51,0.425000,-0.162115,0.163954,0.774452,0.589119,1.077596,-0.738731,0.237005,0.009683,-0.010763,0.467626,0.883808,1.281683,-0.810748,0.022168,0.056818,0.011904,0.618014,0.784021,1.237098,-0.843578,0.938545
52,0.433333,-0.162303,0.164501,0.771024,0.593396,1.082258,-0.737201,0.245480,0.005385,-0.007297,0.468841,0.883236,1.281230,-0.810956,0.021571,0.057659,0.013571,0.617622,0.784241,1.237533,-0.843362,0.939365
53,0.441667,-0.163480,0.161338,0.770444,0.594694,1.086592,-0.735316,0.253503,0.006581,-0.006606,0.468212,0.883567,1.281328,-0.810835,0.021699,0.051319,0.015734,0.619923,0.782824,1.237154,-0.843786,0.939707
54,0.450000,-0.163935,0.155034,0.769531,0.597421,1.090909,-0.733510,0.260973,0.005172,-0.005087,0.469052,0.883141,1.281419,-0.810898,0.021726,0.045003,0.003738,0.615043,0.787200,1.238046,-0.841682,0.936555
55,0.458333,-0.167097,0.151214,0.767164,0.600559,1.094897,-0.730909,0.268407,0.005217,-0.005763,0.468967,0.883181,1.281479,-0.810864,0.021851,0.046583,0.004851,0.613578,0.788244,1.238520,-0.841214,0.936843
56,0.466667,-0.168173,0.148543,0.766731,0.601478,1.099091,-0.728529,0.275338,0.005129,-0.005641,0.469139,0.883092,1.281533,-0.810844,0.021909,0.048139,0.003620,0.613307,0.788368,1.238995,-0.841249,0.936794
57,0.475000,-0.167281,0.149786,0.764319,0.604481,1.102911,-0.725938,0.281600,0.004999,-0.005418,0.469259,0.883030,1.281574,-0.810856,0.021928,0.052504,0.004408,0.612277,0.788886,1.239316,-0.841034,0.936889
58,0.483333,-0.168821,0.143509,0.761794,0.608749,1.106681,-0.722528,0.287723,0.005173,-0.005238,0.469209,0.883056,1.281588,-0.810852,0.021936,0.053840,0.006325,0.611265,0.789567,1.239643,-0.840629,0.937263
59,0.491667,-0.169833,0.139725,0.759277,0.612480,1.110513,-0.718914,0.293278,0.005524,-0.005012,0.469093,0.883117,1.281584,-0.810849,0.021937,0.053098,0.006212,0.610477,0.790228,1.239962,-0.840134,0.937498
60,0.500000,-0.171789,0.131063,0.757378,0.616190,1.114220,-0.714898,0.298368,0.005811,-0.004860,0.469029,0.883150,1.281603,-0.810872,0.021915,0.051760,0.008143,0.609760,0.790853,1.240292,-0.839599,0.938074
61,0.508333,-0.170033,0.129129,0.754201,0.620963,1.117642,-0.710923,0.303019,0.006402,-0.004443,0.468981,0.883174,1.281610,-0.810922,0.021868,0.052703,0.008562,0.609061,0.791324,1.240524,-0.839208,0.938260
62,0.516667,-0.172533,0.121901,0.749010,0.627978,1.121587,-0.704768,0.307872,0.006934,-0.004391,0.468809,0.883261,1.281607,-0.810925,0.021852,0.054236,0.007394,0.608802,0.791432,1.240716,-0.838906,0.938104
63,0.525000,-0.172283,0.117822,0.745745,0.632693,1.125007,-0.699856,0.311617,0.007365,-0.004180,0.468790,0.883269,1.281629,-0.810962,0.021852,0.054772,0.007180,0.608134,0.791910,1.240920,-0.838457,0.938235
64,0.533333,-0.172146,0.111632,0.742949,0.637127,1.128303,-0.694728,0.314802,0.007637,-0.004096,0.468701,0.883315,1.281641,-0.810973,0.021832,0.066308,0.010155,0.605937,0.792679,1.241466,-0.837924,0.939999
65,0.541667,-0.170848,0.104257,0.740775,0.641244,1.131515,-0.689447,0.317325,0.008022,-0.003919,0.468695,0.883315,1.281665,-0.810990,0.021846,0.064566,0.009703,0.606288,0.792561,1.241694,-0.837554,0.940078
66,0.550000,-0.169629,0.098361,0.737882,0.645818,1.134575,-0.683680,0.319581,0.008133,-0.003604,0.468712,0.883306,1.281677,-0.811013,0.021831,0.068255,0.013018,0.605663,0.792681,1.241944,-0.837009,0.940667
67,0.558333,-0.168388,0.091728,0.735268,0.650087,1.137431,-0.677675,0.321332,0.008685,-0.002320,0.468183,0.883586,1.281745,-0.811006,0.021782,0.059634,0.008823,0.607030,0.792389,1.241886,-0.836598,0.939088
68,0.566667,-0.167016,0.085583,0.732888,0.653955,1.140250,-0.671257,0.322785,0.009148,-0.001318,0.467749,0.883813,1.281860,-0.811024,0.021748,0.060508,0.008568,0.606857,0.792458,1.241997,-0.836224,0.939318
69,0.575000,-0.161739,0.077701,0.732047,0.657198,1.142860,-0.664934,0.323423,0.008251,-0.003361,0.468714,0.883305,1.281718,-0.811044,0.021870,0.067963,0.011268,0.605801,0.792628,1.242498,-0.835918,0.940980
70,0.583333,-0.161984,0.070831,0.729640,0.660583,1.145188,-0.657985,0.324091,0.008320,-0.003320,0.468761,0.883280,1.281729,-0.811059,0.021864,0.069438,0.010066,0.605862,0.792470,1.242603,-0.835470,0.940897
71,0.591667,-0.159045,0.064659,0.727599,0.664172,1.147391,-0.650851,0.324265,0.008207,-0.003441,0.468738,0.883292,1.281739,-0.811064,0.021878,0.068926,0.009029,0.605889,0.792507,1.242729,-0.835019,0.941079
72,0.600000,-0.152345,0.059958,0.726533,0.667343,1.149522,-0.643638,0.323861,0.008159,-0.003453,0.468717,0.883304,1.281738,-0.811075,0.021865,0.063570,0.009076,0.606320,0.792624,1.242679,-0.834497,0.939979
73,0.608333,-0.149097,0.053327,0.726168,0.669034,1.151652,-0.636094,0.323391,0.008133,-0.003388,0.468682,0.883323,1.281725,-0.811076,0.021859,0.064334,0.009532,0.605867,0.792903,1.242797,-0.834110,0.940021
74,0.616667,-0.139628,0.049630,0.725769,0.671789,1.153196,-0.628494,0.321861,0.007978,-0.003474,0.468628,0.883353,1.281721,-0.811082,0.021851,0.071463,0.013226,0.604706,0.793126,1.243322,-0.833769,0.941634
75,0.625000,-0.141104,0.039777,0.724963,0.673006,1.155197,-0.620378,0.321327,0.007901,-0.003569,0.468562,0.883388,1.281705,-0.811073,0.021830,0.071373,0.013188,0.604701,0.793138,1.243411,-0.833269,0.941827
76,0.633333,-0.136945,0.032109,0.724485,0.674786,1.156889,-0.612346,0.319767,0.007822,-0.003648,0.468474,0.883435,1.281691,-0.811067,0.021814,0.072345,0.012287,0.604332,0.793346,1.243524,-0.832788,0.941716
77,0.641667,-0.130024,0.027461,0.723801,0.677091,1.158394,-0.604287,0.317802,0.007800,-0.003578,0.468414,0.883467,1.281677,-0.811067,0.021810,0.062975,0.010382,0.605310,0.793427,1.243358,-0.832259,0.940563
78,0.650000,-0.124729,0.019570,0.722978,0.679237,1.159612,-0.596120,0.315633,0.007742,-0.003599,0.468370,0.883491,1.281667,-0.811067,0.021793,0.062306,0.009552,0.604920,0.793788,1.243555,-0.831792,0.940406
79,0.658333,-0.121496,0.012283,0.721470,0.681593,1.160767,-0.587545,0.313692,0.007726,-0.003649,0.468295,0.883531,1.281656,-0.811060,0.021789,0.061704,0.008271,0.604610,0.794085,1.243628,-0.831297,0.940122
80,0.666667,-0.115277,0.005316,0.721534,0.682695,1.161923,-0.579228,0.311332,0.007671,-0.003662,0.468238,0.883561,1.281667,-0.811068,0.021768,0.062774,0.007207,0.604201,0.794323,1.243697,-0.830780,0.939794
81,0.675000,-0.110557,-0.000874,0.720941,0.684121,1.162875,-0.570788,0.309084,0.007628,-0.003641,0.468202,0.883581,1.281660,-0.811079,0.021760,0.067137,0.008273,0.603178,0.794733,1.243936,-0.830133,0.939720
82,0.683333,-0.107659,-0.010138,0.718200,0.687383,1.164994,-0.562571,0.306678,0.007689,-0.003700,0.468227,0.883567,1.281666,-0.811078,0.021758,0.074072,0.010970,0.602256,0.794784,1.244541,-0.829738,0.941182
83,0.691667,-0.103228,-0.017321,0.718600,0.687501,1.165904,-0.554308,0.304308,0.007666,-0.003706,0.468180,0.883592,1.281677,-0.811093,0.021751,0.073729,0.009167,0.602445,0.794695,1.244685,-0.829132,0.940779
84,0.700000,-0.099800,-0.023891,0.718964,0.687430,1.166631,-0.546190,0.301951,0.007606,-0.003632,0.468243,0.883560,1.281685,-0.811102,0.021737,0.073134,0.009714,0.602274,0.794873,1.244825,-0.828444,0.940955
85,0.708333,-0.096449,-0.029463,0.719700,0.686921,1.167160,-0.538211,0.299616,0.007672,-0.003525,0.468210,0.883577,1.281694,-0.811120,0.021725,0.061802,0.009868,0.603471,0.794925,1.244536,-0.827703,0.940105
86,0.716667,-0.089647,-0.034646,0.720709,0.686543,1.167588,-0.530662,0.296948,0.007675,-0.003417,0.468243,0.883560,1.281705,-0.811131,0.021724,0.062367,0.009287,0.602896,0.795324,1.244557,-0.826958,0.939827
87,0.725000,-0.084259,-0.039559,0.721501,0.686128,1.167996,-0.523344,0.294338,0.008273,-0.002221,0.467562,0.883919,1.281761,-0.811098,0.021650,0.062033,0.010483,0.602499,0.795636,1.244643,-0.826222,0.939951
88,0.733333,-0.078298,-0.041744,0.723159,0.684959,1.168113,-0.516159,0.291967,0.007653,-0.003521,0.468175,0.883595,1.281723,-0.811156,0.021711,0.065106,0.008591,0.601985,0.795803,1.244896,-0.825506,0.939439
89,0.741667,-0.074790,-0.045274,0.724056,0.684178,1.168309,-0.509354,0.289448,0.007631,-0.003302,0.468225,0.883570,1.281727,-0.811179,0.021692,0.062378,0.010093,0.602075,0.795935,1.245092,-0.824746,0.939705
90,0.750000,-0.069162,-0.051094,0.725055,0.683301,1.168562,-0.503128,0.286845,0.007672,-0.003362,0.468147,0.883611,1.281726,-0.811185,0.021702,0.061373,0.009816,0.601576,0.796394,1.245140,-0.823853,0.939533
91,0.758333,-0.065301,-0.061345,0.726111,0.681715,1.168652,-0.497105,0.284251,0.008151,-0.002239,0.467444,0.883982,1.281776,-0.811141,0.021626,0.061193,0.008055,0.601372,0.796582,1.245194,-0.823105,0.939194
92,0.766667,-0.061239,-0.057681,0.727787,0.680624,1.168887,-0.491480,0.281669,0.007530,-0.003346,0.468072,0.883652,1.281726,-0.811206,0.021682,0.061736,0.006263,0.601076,0.796779,1.245247,-0.822223,0.938789
93,0.775000,-0.058348,-0.057478,0.727993,0.680675,1.169005,-0.486388,0.279053,0.007398,-0.003339,0.468063,0.883658,1.281715,-0.811227,0.021661,0.064095,0.008646,0.600348,0.797119,1.245605,-0.821249,0.939067
94,0.783333,-0.056513,-0.060309,0.726940,0.681709,1.169356,-0.481676,0.276472,0.007400,-0.003631,0.468011,0.883684,1.281709,-0.811225,0.021666,0.071486,0.010433,0.599555,0.797067,1.246048,-0.820296,0.940268
95,0.791667,-0.052176,-0.066112,0.728077,0.680302,1.168943,-0.476432,0.274111,0.007156,-0.003631,0.468004,0.883690,1.281706,-0.811221,0.021667,0.071324,0.010665,0.599325,0.797251,1.246095,-0.819383,0.940451
96,0.800000,-0.043974,-0.067280,0.730629,0.678027,1.167546,-0.472020,0.270705,0.007166,-0.003616,0.467883,0.883754,1.281684,-0.811220,0.021643,0.070303,0.009363,0.599303,0.797374,1.246080,-0.818278,0.940138
97,0.808333,-0.036089,-0.069703,0.727472,0.681633,1.167607,-0.468345,0.267379,0.007050,-0.003778,0.467851,0.883771,1.281690,-0.811225,0.021634,0.060545,0.008785,0.600192,0.797513,1.245682,-0.817157,0.938883
98,0.816667,-0.033075,-0.068365,0.726847,0.682587,1.167467,-0.464696,0.264805,0.006976,-0.003790,0.467769,0.883815,1.281672,-0.811226,0.021630,0.060909,0.013070,0.599603,0.797870,1.246028,-0.815875,0.939407
99,0.825000,-0.029556,-0.068048,0.728043,0.681506,1.166953,-0.461351,0.262253,0.006846,-0.003770,0.467724,0.883840,1.281667,-0.811224,0.021620,0.071208,0.011594,0.598482,0.797881,1.246427,-0.815106,0.939981
100,0.833333,-0.035627,-0.066577,0.728351,0.681031,1.166944,-0.457872,0.260828,0.006627,-0.003823,0.467695,0.883857,1.281676,-0.811228,0.021614,0.069885,0.013077,0.597922,0.798395,1.246419,-0.813815,0.940179
101,0.841667,-0.037213,-0.062610,0.724310,0.685616,1.167193,-0.455040,0.258310,0.006584,-0.003920,0.467616,0.883899,1.281665,-0.811221,0.021604,0.071445,0.011684,0.597863,0.798322,1.246402,-0.812668,0.940019
102,0.850000,-0.038220,-0.059093,0.722963,0.687293,1.166905,-0.452590,0.255651,0.006317,-0.003815,0.467576,0.883922,1.281665,-0.811229,0.021594,0.061455,0.014064,0.598395,0.798717,1.246214,-0.811188,0.939090
103,0.858333,-0.039217,-0.057873,0.724531,0.685687,1.165898,-0.450429,0.252970,0.006263,-0.003916,0.467431,0.883999,1.281657,-0.811216,0.021586,0.059345,0.011761,0.598863,0.798563,1.246138,-0.809972,0.938591
104,0.866667,-0.042476,-0.055242,0.721561,0.688835,1.165924,-0.448778,0.249950,0.006129,-0.003874,0.467438,0.883996,1.281667,-0.811225,0.021570,0.057944,0.011715,0.598654,0.798823,1.246204,-0.808862,0.938454
105,0.875000,-0.045924,-0.051505,0.719747,0.690798,1.165705,-0.447264,0.247224,0.006070,-0.003746,0.467355,0.884041,1.281671,-0.811219,0.021563,0.056441,0.011727,0.598492,0.799052,1.246137,-0.807558,0.938351
106,0.883333,-0.049879,-0.050444,0.717658,0.692773,1.165413,-0.445955,0.244554,0.006125,-0.003764,0.467196,0.884125,1.281657,-0.811204,0.021551,0.055595,0.009981,0.598174,0.799373,1.246248,-0.806324,0.937764
107,0.891667,-0.053393,-0.049525,0.714686,0.695644,1.164981,-0.444983,0.241905,0.005939,-0.003858,0.467240,0.884102,1.281667,-0.811229,0.021540,0.056028,0.010278,0.597499,0.799844,1.246527,-0.804972,0.937586
108,0.900000,-0.056710,-0.046850,0.712960,0.697335,1.164567,-0.444279,0.239004,0.005848,-0.003791,0.467115,0.884169,1.281661,-0.811229,0.021516,0.065972,0.014387,0.595498,0.800514,1.246942,-0.803539,0.938923
109,0.908333,-0.058811,-0.045009,0.709269,0.701037,1.164708,-0.443961,0.236076,0.005743,-0.003826,0.467068,0.884195,1.281671,-0.811223,0.021517,0.064224,0.012241,0.595723,0.800524,1.247004,-0.802189,0.938459
110,0.916667,-0.063202,-0.043809,0.708019,0.701994,1.164194,-0.443376,0.233570,0.005499,-0.003967,0.467020,0.884221,1.281681,-0.811228,0.021509,0.063581,0.011988,0.595319,0.800880,1.247058,-0.800858,0.938465
111,0.925000,-0.068400,-0.046760,0.707004,0.702340,1.163913,-0.443177,0.231159,0.006761,-0.001450,0.466128,0.884690,1.281632,-0.811091,0.021289,0.054495,0.012911,0.595546,0.801366,1.246666,-0.799059,0.937258
112,0.933333,-0.076392,-0.043465,0.700705,0.708017,1.164275,-0.443326,0.228436,0.007203,-0.001273,0.465649,0.884940,1.281703,-0.811088,0.021250,0.052652,0.013596,0.595707,0.801359,1.246799,-0.797586,0.937237
113,0.941667,-0.081978,-0.047097,0.701733,0.706140,1.163914,-0.443484,0.225108,0.008787,-0.004074,0.465877,0.884796,1.281923,-0.811059,0.021671,0.062716,0.013853,0.593513,0.802258,1.247234,-0.796133,0.937734
114,0.950000,-0.081214,-0.040538,0.706653,0.701714,1.162558,-0.443554,0.221774,0.007330,-0.006110,0.467330,0.884032,1.282184,-0.811298,0.022002,0.060870,0.015297,0.593194,0.802609,1.247260,-0.794438,0.937933
115,0.958333,-0.083639,-0.030939,0.702707,0.705869,1.163054,-0.443943,0.218714,0.005041,-0.002734,0.466578,0.884461,1.281623,-0.811172,0.021316,0.062132,0.017479,0.592713,0.802823,1.247292,-0.792870,0.938125
116,0.966667,-0.089564,-0.028875,0.701059,0.706867,1.162600,-0.444477,0.215642,0.000381,-0.006248,0.469594,0.882861,1.281740,-0.811668,0.021478,0.051600,0.014572,0.594319,0.802440,1.246833,-0.791182,0.936704
117,0.975000,-0.091328,-0.027422,0.700408,0.707345,1.162282,-0.445107,0.212602,0.000253,-0.006687,0.469664,0.882820,1.281666,-0.811604,0.021532,0.059590,0.019093,0.591649,0.803764,1.247185,-0.789291,0.937660
118,0.983333,-0.079775,-0.025880,0.699902,0.709298,1.162101,-0.445787,0.210070,-0.000070,-0.006699,0.469581,0.882864,1.281682,-0.811620,0.021520,0.056852,0.021121,0.591259,0.804198,1.247267,-0.787521,0.937893
119,0.991667,-0.066421,-0.028751,0.697098,0.713314,1.162980,-0.446840,0.208112,-0.000872,-0.006731,0.469228,0.883051,1.281804,-0.811707,0.021489,0.058193,0.017572,0.591228,0.804210,1.247141,-0.786046,0.937011
120,1.000000,-0.056119,-0.030946,0.695574,0.715591,1.162538,-0.447469,0.206521,0.001584,-0.003890,0.467195,0.884144,1.281679,-0.811412,0.021312,0.047714,0.014179,0.592886,0.803747,1.246602,-0.784792,0.935691
121,1.008333,-0.050803,-0.029483,0.695205,0.716407,1.162192,-0.447682,0.205799,0.005256,-0.002423,0.464985,0.885300,1.281647,-0.811067,0.021196,0.046554,0.013207,0.592716,0.803957,1.246499,-0.782978,0.934985
122,1.016667,-0.049320,-0.032498,0.695363,0.716228,1.161705,-0.447842,0.205004,0.003063,-0.003423,0.465958,0.884795,1.281578,-0.811137,0.021238,0.045675,0.015538,0.592829,0.803882,1.246486,-0.781226,0.935057
123,1.025000,-0.042394,-0.028865,0.695859,0.716345,1.161805,-0.448093,0.203847,0.001987,-0.003431,0.466534,0.884494,1.281567,-0.811307,0.021201,0.045261,0.017823,0.592913,0.803796,1.246366,-0.779330,0.935098
124,1.033333,-0.036120,-0.027898,0.696905,0.715710,1.162181,-0.448549,0.202851,0.002472,-0.003510,0.466108,0.884718,1.281542,-0.811265,0.021150,0.044139,0.015909,0.593089,0.803769,1.246043,-0.777556,0.934295
125,1.041667,-0.029746,-0.024543,0.697521,0.715526,1.162883,-0.448851,0.202272,0.002710,-0.003700,0.465698,0.884932,1.281536,-0.811164,0.021182,0.041348,0.019148,0.593193,0.803770,1.246015,-0.775747,0.934612
126,1.050000,-0.023985,-0.020899,0.697688,0.715695,1.163753,-0.449010,0.201925,0.002624,-0.003853,0.465624,0.884970,1.281532,-0.811163,0.021153,0.042943,0.020011,0.593130,0.803712,1.245873,-0.774022,0.934150
127,1.058333,-0.019555,-0.018827,0.698083,0.715502,1.164582,-0.449004,0.201582,0.003469,-0.003442,0.465009,0.885292,1.281524,-0.811081,0.021115,0.040048,0.020250,0.593417,0.803643,1.245743,-0.772224,0.933800
128,1.066667,-0.017482,-0.016698,0.698986,0.714727,1.165239,-0.448889,0.201482,0.005564,-0.003419,0.464484,0.885558,1.281476,-0.811026,0.021068,0.040159,0.020564,0.593771,0.803368,1.245442,-0.770696,0.933857
129,1.075000,-0.016775,-0.014611,0.699674,0.714115,1.165717,-0.448603,0.201633,0.003360,-0.004585,0.464972,0.885307,1.281442,-0.811131,0.021069,0.041742,0.024305,0.593636,0.803283,1.245210,-0.768864,0.934362
130,1.083333,-0.016457,-0.012677,0.700599,0.713253,1.165942,-0.448238,0.201689,0.003422,-0.004793,0.464901,0.885343,1.281392,-0.811206,0.020987,0.043224,0.021800,0.593999,0.803008,1.244902,-0.767365,0.933897
131,1.091667,-0.017028,-0.012352,0.700989,0.712862,1.165990,-0.447849,0.201846,0.004422,-0.004953,0.464126,0.885745,1.281311,-0.811094,0.020916,0.042829,0.021815,0.594454,0.802692,1.244713,-0.765744,0.933811
132,1.100000,-0.017782,-0.011646,0.701436,0.712416,1.165929,-0.447484,0.202058,0.004885,-0.005152,0.463658,0.885986,1.281234,-0.811070,0.020838,0.043137,0.021737,0.594367,0.802742,1.244550,-0.763989,0.933541
133,1.108333,-0.018080,-0.011620,0.701607,0.712240,1.165880,-0.447229,0.202145,0.005051,-0.005529,0.463218,0.886213,1.281164,-0.811049,0.020783,0.039981,0.021851,0.594729,0.802634,1.244426,-0.762182,0.933234
134,1.116667,-0.018173,-0.011721,0.701718,0.712126,1.165839,-0.447049,0.202178,0.004984,-0.005864,0.462822,0.886418,1.281086,-0.811021,0.020713,0.039890,0.022090,0.594333,0.802925,1.244233,-0.760333,0.933054
135,1.125000,-0.018354,-0.011605,0.701779,0.712064,1.165797,-0.446993,0.202205,0.004684,-0.006324,0.462493,0.886588,1.281033,-0.810992,0.020669,0.042069,0.021424,0.594254,0.802890,1.243872,-0.758624,0.932966
136,1.133333,-0.018095,-0.011328,0.701966,0.711891,1.165759,-0.447010,0.202187,0.003805,-0.006471,0.462266,0.886710,1.280979,-0.811009,0.020636,0.040592,0.018724,0.594185,0.803085,1.243629,-0.756700,0.932296
137,1.141667,-0.017612,-0.011500,0.702299,0.711572,1.165694,-0.447105,0.202064,0.002739,-0.007117,0.462076,0.886808,1.280939,-0.811013,0.020618,0.040887,0.021008,0.593432,0.803571,1.243474,-0.754549,0.932701
138,1.150000,-0.016914,-0.010893,0.702942,0.710962,1.165593,-0.447265,0.201877,0.001820,-0.007036,0.461836,0.886936,1.280881,-0.811009,0.020575,0.039325,0.019708,0.593283,0.803791,1.243271,-0.752499,0.932106
139,1.158333,-0.015847,-0.011214,0.702937,0.710987,1.165513,-0.447404,0.201647,0.000696,-0.007629,0.461638,0.887035,1.280836,-0.811008,0.020570,0.039249,0.022731,0.592262,0.804468,1.243042,-0.750238,0.932553
140,1.166667,-0.015481,-0.011631,0.702941,0.710984,1.165441,-0.447476,0.201515,-0.000364,-0.007902,0.461437,0.887138,1.280803,-0.811019,0.020552,0.037121,0.019276,0.592165,0.804730,1.242567,-0.748199,0.931659
141,1.175000,-0.014142,-0.010739,0.702782,0.711184,1.165470,-0.447584,0.201391,-0.001345,-0.008230,0.461270,0.887221,1.280782,-0.811032,0.020539,0.040962,0.023277,0.589544,0.806361,1.242690,-0.746047,0.931865
142,1.183333,-0.011922,-0.009103,0.702575,0.711452,1.165565,-0.447772,0.201200,0.004475,-0.009852,0.457386,0.889203,1.280121,-0.810661,0.019846,0.038090,0.022586,0.589350,0.806663,1.242262,-0.743554,0.931434
143,1.191667,-0.011176,-0.009454,0.702495,0.711538,1.165636,-0.447863,0.201055,0.004880,-0.010077,0.456830,0.889484,1.280026,-0.810671,0.019721,0.036315,0.024619,0.588558,0.807264,1.241799,-0.741001,0.931171
144,1.200000,-0.010743,-0.009915,0.702270,0.711761,1.165686,-0.447913,0.200919,0.005722,-0.009701,0.456237,0.889787,1.279913,-0.810689,0.019543,0.032716,0.022641,0.588666,0.807397,1.241460,-0.738637,0.930316
145,1.208333,-0.010261,-0.010577,0.702182,0.711845,1.165750,-0.447962,0.200722,0.005187,-0.010467,0.456026,0.889890,1.279898,-0.810733,0.019538,0.037458,0.024628,0.587583,0.807921,1.240897,-0.736137,0.930548
146,1.216667,-0.009955,-0.010430,0.702107,0.711925,1.165780,-0.447954,0.200631,0.004478,-0.011395,0.456146,0.889821,1.279937,-0.810793,0.019595,0.035740,0.030065,0.587334,0.807996,1.240752,-0.733348,0.931530
147,1.225000,-0.009894,-0.010173,0.702193,0.711845,1.165774,-0.447903,0.200570,0.000976,-0.012164,0.457197,0.889282,1.280105,-0.811005,0.019786,0.037466,0.028722,0.586888,0.808291,1.240220,-0.730716,0.931107
148,1.233333,-0.009682,-0.009887,0.702274,0.711772,1.165801,-0.447867,0.200496,-0.000846,-0.011573,0.457863,0.888947,1.280203,-0.811076,0.019914,0.032525,0.025858,0.589363,0.806799,1.239212,-0.728516,0.929170
149,1.241667,-0.009105,-0.009464,0.702300,0.711760,1.165850,-0.447834,0.200400,-0.002610,-0.011001,0.458446,0.888651,1.280299,-0.811069,0.020033,0.023809,0.023058,0.587786,0.808337,1.239679,-0.725377,0.927205
150,1.250000,-0.008293,-0.008950,0.702484,0.711595,1.165912,-0.447790,0.200276,-0.004676,-0.009751,0.458629,0.888562,1.280282,-0.811019,0.020057,0.021007,0.027695,0.587112,0.808759,1.239400,-0.722286,0.927298
151,1.258333,-0.007525,-0.008965,0.702590,0.711498,1.165983,-0.447773,0.200077,-0.011900,-0.009729,0.460532,0.887510,1.280679,-0.811109,0.020545,0.020479,0.023452,0.588459,0.807927,1.238975,-0.719698,0.926392
152,1.266667,-0.006776,-0.009058,0.702646,0.711450,1.166063,-0.447712,0.199894,-0.012805,-0.009569,0.460543,0.887493,1.280663,-0.811083,0.020550,0.020131,0.025344,0.588345,0.807962,1.238608,-0.716681,0.926221
153,1.275000,-0.005739,-0.008794,0.702650,0.711458,1.166144,-0.447651,0.199698,-0.013523,-0.009779,0.460464,0.887522,1.280637,-0.811060,0.020523,0.020093,0.026452,0.588607,0.807737,1.238168,-0.713645,0.926190
154,1.283333,-0.004907,-0.008544,0.702601,0.711516,1.166214,-0.447590,0.199498,-0.014127,-0.010062,0.460148,0.887673,1.280570,-0.811032,0.020450,0.019902,0.025245,0.589193,0.807353,1.237746,-0.710629,0.925604
155,1.291667,-0.004081,-0.008376,0.702457,0.711666,1.166262,-0.447520,0.199290,-0.009175,-0.011576,0.456576,0.889562,1.279856,-0.810701,0.019722,0.018945,0.029204,0.588969,0.807405,1.237450,-0.707193,0.925988
156,1.300000,-0.003636,-0.008173,0.702454,0.711673,1.166272,-0.447470,0.199074,-0.009707,-0.012389,0.456111,0.889784,1.279789,-0.810569,0.019654,0.017466,0.027878,0.590187,0.806596,1.237025,-0.704161,0.925697
157,1.308333,-0.003185,-0.007821,0.702295,0.711836,1.166254,-0.447447,0.198861,-0.010810,-0.012416,0.456172,0.889739,1.279781,-0.810537,0.019734,0.020230,0.029417,0.589900,0.806686,1.236579,-0.700755,0.925582
158,1.316667,-0.002400,-0.008112,0.702022,0.712105,1.166263,-0.447497,0.198537,-0.011329,-0.012895,0.455984,0.889822,1.279745,-0.810406,0.019783,0.019976,0.028938,0.590752,0.806086,1.236164,-0.697373,0.925629
159,1.325000,-0.001913,-0.008259,0.701785,0.712338,1.166260,-0.447533,0.198278,-0.011307,-0.013112,0.455433,0.890102,1.279645,-0.810264,0.019799,0.020876,0.031552,0.590135,0.806418,1.235599,-0.693706,0.925827
160,1.333333,-0.001201,-0.008552,0.701509,0.712608,1.166270,-0.447583,0.197940,-0.010912,-0.013176,0.454695,0.890483,1.279516,-0.810101,0.019817,0.021708,0.032825,0.590900,0.805785,1.235163,-0.690015,0.926423
161,1.341667,-0.000474,-0.007765,0.701361,0.712764,1.166252,-0.447623,0.197680,-0.010247,-0.013216,0.454450,0.890615,1.279482,-0.809994,0.019930,0.022600,0.033723,0.591087,0.805586,1.234684,-0.686459,0.926459
162,1.350000,0.000010,-0.007970,0.701122,0.712997,1.166219,-0.447645,0.197386,-0.009795,-0.012714,0.454155,0.890778,1.279417,-0.809921,0.020058,0.020011,0.032459,0.592019,0.805021,1.233956,-0.682589,0.926943
163,1.358333,0.000128,-0.008303,0.700954,0.713158,1.166184,-0.447670,0.197154,-0.009040,-0.011938,0.453500,0.891130,1.279325,-0.809777,0.020280,0.022611,0.035129,0.591384,0.805307,1.233546,-0.678770,0.927720
164,1.366667,0.000057,-0.008216,0.700762,0.713348,1.166117,-0.447648,0.197010,-0.008662,-0.011604,0.453485,0.891146,1.279433,-0.809611,0.020763,0.021913,0.035076,0.592090,0.804810,1.232929,-0.674756,0.928384
165,1.375000,0.000074,-0.008674,0.700535,0.713565,1.166079,-0.447662,0.196822,-0.009072,-0.010419,0.453889,0.890951,1.279637,-0.809405,0.021396,0.021317,0.034258,0.592627,0.804466,1.232357,-0.670819,0.929198
166,1.383333,0.000011,-0.008977,0.700433,0.713662,1.166086,-0.447680,0.196693,-0.011742,-0.006805,0.454458,0.890665,1.279957,-0.809224,0.022219,0.023715,0.034523,0.592816,0.804248,1.231776,-0.666698,0.930254
167,1.391667,0.000518,-0.008693,0.700267,0.713827,1.166108,-0.447709,0.196515,-0.013764,-0.001474,0.454967,0.890401,1.280254,-0.808978,0.023273,0.026667,0.038544,0.592596,0.804135,1.231536,-0.662611,0.932124
168,1.400000,0.001448,-0.008468,0.700221,0.713875,1.166129,-0.447725,0.196278,-0.015526,0.004594,0.454418,0.890641,1.280369,-0.808716,0.024385,0.024545,0.039192,0.592895,0.803951,1.230898,-0.658717,0.933896
169,1.408333,0.001067,-0.008662,0.700341,0.713755,1.166270,-0.447713,0.196185,-0.017865,0.012231,0.453049,0.891223,1.280527,-0.808355,0.025635,0.027975,0.038537,0.593037,0.803766,1.230261,-0.655035,0.935601
170,1.416667,0.000954,-0.008007,0.700505,0.713602,1.166438,-0.447692,0.196155,-0.019142,0.021169,0.451164,0.891985,1.280681,-0.807851,0.027091,0.029159,0.038296,0.593299,0.803542,1.229900,-0.650905,0.937896
171,1.425000,-0.000482,-0.008283,0.701131,0.712984,1.166600,-0.447738,0.196019,-0.021806,0.030383,0.449553,0.892471,1.280797,-0.807427,0.028589,0.027894,0.038076,0.593595,0.803379,1.229167,-0.646604,0.940536
172,1.433333,-0.000192,-0.008209,0.701150,0.712967,1.166709,-0.447723,0.195920,-0.025382,0.039866,0.449434,0.892062,1.280931,-0.807081,0.030197,0.028322,0.037812,0.593988,0.803086,1.228759,-0.642472,0.943333
173,1.441667,-0.001683,-0.009644,0.701250,0.712848,1.166824,-0.447718,0.195830,-0.028869,0.050425,0.448759,0.891762,1.281214,-0.806530,0.031955,0.030295,0.037953,0.593782,0.803159,1.228421,-0.638333,0.946993
174,1.450000,0.000148,-0.008204,0.701128,0.712988,1.166769,-0.447712,0.195655,-0.033260,0.061333,0.448241,0.891186,1.281541,-0.805868,0.033780,0.016840,0.037935,0.596887,0.801251,1.227663,-0.634878,0.948636
175,1.458333,0.000052,-0.008914,0.701211,0.712898,1.166845,-0.447704,0.195510,-0.038275,0.073756,0.446988,0.890672,1.282172,-0.804816,0.035646,0.026547,0.037226,0.594282,0.802956,1.227537,-0.630159,0.953288
176,1.466667,0.002756,-0.007152,0.700357,0.713752,1.166941,-0.447630,0.195462,-0.044435,0.085711,0.446681,0.889469,1.282752,-0.803816,0.037719,0.034610,0.042170,0.598488,0.799272,1.226549,-0.626857,0.961603
177,1.475000,0.005050,-0.006483,0.699740,0.714351,1.166886,-0.447546,0.195250,-0.051694,0.096899,0.447218,0.887657,1.283491,-0.802751,0.040032,0.049098,0.042429,0.599113,0.798031,1.225789,-0.623842,0.966744
178,1.483333,0.009270,-0.002860,0.698877,0.715176,1.166774,-0.447626,0.194890,-0.060440,0.109139,0.447114,0.885734,1.284110,-0.801381,0.042485,0.046543,0.041820,0.599210,0.798143,1.224969,-0.619603,0.970748
179,1.491667,0.012649,-0.000081,0.698662,0.715341,1.166713,-0.447524,0.194781,-0.069526,0.122061,0.447620,0.883122,1.284996,-0.799888,0.045040,0.042754,0.041963,0.599912,0.797820,1.224395,-0.615413,0.974402
180,1.500000,0.016259,0.001731,0.697843,0.716064,1.166594,-0.447539,0.194491,-0.080565,0.135021,0.447875,0.880163,1.285896,-0.798100,0.047754,0.040869,0.041486,0.600809,0.797269,1.223699,-0.611412,0.978467
181,1.508333,0.020139,0.005867,0.696255,0.717488,1.166297,-0.447461,0.194514,-0.092492,0.147856,0.447763,0.876979,1.286894,-0.796063,0.050630,0.037163,0.041461,0.602084,0.796489,1.223007,-0.607451,0.982409
182,1.516667,0.022272,0.004179,0.695423,0.718244,1.166260,-0.447481,0.194103,-0.105546,0.162495,0.446404,0.873601,1.287949,-0.793716,0.053708,0.035837,0.039051,0.602908,0.796049,1.222341,-0.603628,0.985993
183,1.525000,0.023976,0.003049,0.695155,0.718454,1.166466,-0.447584,0.193751,-0.118891,0.176219,0.446119,0.869362,1.289180,-0.791186,0.056866,0.035314,0.036944,0.603750,0.795534,1.221562,-0.600188,0.990476
184,1.533333,0.025269,0.002756,0.694971,0.718589,1.166584,-0.447642,0.193532,-0.134730,0.187451,0.446168,0.864664,1.290448,-0.788687,0.060617,0.032610,0.036233,0.605125,0.794637,1.221007,-0.596589,0.994750
185,1.541667,0.025916,0.003695,0.694697,0.718826,1.166471,-0.447549,0.193516,-0.148502,0.201789,0.444312,0.860125,1.290976,-0.785477,0.065410,0.032323,0.034059,0.605682,0.794321,1.220343,-0.593095,0.998828
186,1.550000,0.026447,0.012332,0.690134,0.723093,1.165533,-0.447321,0.194215,-0.161977,0.216608,0.444705,0.853863,1.292069,-0.782357,0.070393,0.030827,0.032740,0.606078,0.794133,1.219554,-0.589538,1.003095
187,1.558333,0.027135,0.014470,0.688468,0.724614,1.165313,-0.447895,0.194047,-0.175237,0.233286,0.441946,0.848265,1.292625,-0.779212,0.076032,0.028166,0.031896,0.606409,0.794013,1.218788,-0.586104,1.007362
188,1.566667,0.024465,0.012508,0.691722,0.721641,1.165999,-0.447721,0.193791,-0.186500,0.247737,0.438661,0.843458,1.294053,-0.775754,0.082207,0.027168,0.029989,0.606175,0.794301,1.217866,-0.582880,1.011642
189,1.575000,0.023219,0.015006,0.692363,0.721020,1.166096,-0.447750,0.193900,-0.199141,0.268778,0.432258,0.837409,1.294987,-0.772547,0.088655,0.025817,0.028891,0.606224,0.794349,1.217009,-0.579639,1.016092
190,1.583333,0.021870,0.017082,0.693566,0.719859,1.166214,-0.447755,0.194121,-0.208747,0.292208,0.424872,0.830977,1.295714,-0.769214,0.095615,0.022621,0.027779,0.606710,0.794116,1.216172,-0.576591,1.020303
191,1.591667,0.021134,0.017565,0.694729,0.718747,1.166371,-0.447742,0.194133,-0.213008,0.310149,0.420183,0.825761,1.296123,-0.766026,0.103742,0.013478,0.027155,0.603057,0.797122,1.215824,-0.571935,1.023125
192,1.600000,0.025463,0.011986,0.696117,0.717376,1.166615,-0.447655,0.193439,-0.228287,0.315393,0.421547,0.818969,1.297544,-0.762231,0.114068,0.008893,0.024655,0.601519,0.798429,1.215142,-0.568359,1.026684
193,1.608333,0.024746,0.011710,0.696262,0.717265,1.166650,-0.447647,0.193512,-0.242808,0.322435,0.424373,0.810548,1.299924,-0.757266,0.124260,0.014926,0.020477,0.600049,0.799562,1.214432,-0.565577,1.031053
194,1.616667,0.024011,0.011287,0.696254,0.717305,1.166659,-0.447626,0.193609,-0.249389,0.312323,0.432083,0.808433,1.301128,-0.752030,0.135524,0.002384,0.026107,0.600051,0.799532,1.214299,-0.562665,1.035132
195,1.625000,0.023260,0.010729,0.696080,0.717507,1.166633,-0.447595,0.193722,-0.255617,0.312959,0.436496,0.803858,1.302502,-0.746600,0.147170,0.006277,0.021996,0.600047,0.799638,1.213516,-0.560287,1.039726
196,1.633333,0.022500,0.009878,0.695869,0.717748,1.166577,-0.447583,0.193811,-0.257034,0.309396,0.438088,0.803920,1.303431,-0.741546,0.158944,0.012044,0.015326,0.599146,0.800402,1.213000,-0.558002,1.043615
197,1.641667,0.021440,0.008780,0.695635,0.718022,1.166498,-0.447554,0.193881,-0.261593,0.306991,0.438347,0.803230,1.304325,-0.736682,0.171621,0.009478,0.013037,0.598612,0.800877,1.212487,-0.555333,1.047752
198,1.650000,0.020270,0.007651,0.695413,0.718284,1.166388,-0.447516,0.193961,-0.265772,0.309329,0.433697,0.803485,1.305077,-0.732213,0.184365,0.010011,0.010229,0.598313,0.801135,1.212155,-0.552675,1.051795
199,1.658333,0.019282,0.006566,0.695452,0.718283,1.166252,-0.447469,0.194072,-0.271563,0.307205,0.431957,0.803301,1.305881,-0.727375,0.196876,0.009524,0.006196,0.597799,0.801565,1.212240,-0.550302,1.055461
200,1.666667,0.018363,0.005813,0.695565,0.718205,1.166120,-0.447434,0.194175,-0.278216,0.302120,0.428785,0.804650,1.307001,-0.722245,0.210035,0.007490,0.003587,0.597538,0.801797,1.211773,-0.547602,1.059563
201,1.675000,0.017540,0.005382,0.695696,0.718102,1.166018,-0.447436,0.194274,-0.282143,0.294417,0.422689,0.809350,1.307964,-0.716875,0.223692,0.007423,-0.000535,0.597453,0.801869,1.211411,-0.545101,1.063700
202,1.683333,0.016656,0.005269,0.695980,0.717849,1.165900,-0.447410,0.194408,-0.286247,0.285870,0.417757,0.813523,1.308947,-0.711035,0.237514,0.007592,-0.003326,0.597367,0.801926,1.211481,-0.542635,1.067445
203,1.691667,0.015725,0.005030,0.696140,0.717716,1.165808,-0.447398,0.194502,-0.290767,0.277567,0.412978,0.817227,1.309959,-0.704869,0.251522,0.007057,-0.006124,0.597386,0.801899,1.211429,-0.539988,1.071196
204,1.700000,0.014605,0.004929,0.696301,0.717584,1.165721,-0.447394,0.194600,-0.293184,0.272664,0.408926,0.820047,1.310811,-0.698206,0.264998,0.006144,-0.009714,0.597711,0.801630,1.211078,-0.537306,1.074463
205,1.708333,0.013543,0.004844,0.696403,0.717507,1.165618,-0.447382,0.194703,-0.295955,0.268284,0.405723,0.822085,1.311597,-0.691230,0.278287,0.004692,-0.011496,0.598360,0.801131,1.211255,-0.535113,1.077559
206,1.716667,0.012527,0.004694,0.696482,0.717450,1.165531,-0.447362,0.194798,-0.294847,0.255776,0.397104,0.830634,1.312492,-0.684145,0.291951,0.004154,-0.014498,0.599084,0.800544,1.211100,-0.532975,1.080730
207,1.725000,0.011689,0.004482,0.696521,0.717427,1.165487,-0.447379,0.194847,-0.291415,0.250700,0.391249,0.836152,1.313260,-0.676544,0.304595,0.002752,-0.017505,0.600512,0.799419,1.210929,-0.530714,1.083503
208,1.733333,0.010931,0.004412,0.696603,0.717360,1.165465,-0.447385,0.194894,-0.292599,0.247809,0.389381,0.837472,1.313954,-0.668072,0.316593,0.001458,-0.020177,0.603518,0.797093,1.210271,-0.529346,1.086429
209,1.741667,0.010277,0.004317,0.696661,0.717314,1.165446,-0.447386,0.194954,-0.296778,0.239204,0.390636,0.837919,1.314819,-0.659368,0.328147,0.001446,-0.023113,0.604637,0.796165,1.209996,-0.527251,1.089145
210,1.750000,0.009691,0.004367,0.696643,0.717340,1.165448,-0.447386,0.195026,-0.297843,0.233166,0.391488,0.838845,1.315505,-0.650965,0.338867,0.000291,-0.025610,0.605498,0.795435,1.209884,-0.525175,1.091704
211,1.758333,0.009282,0.004303,0.696796,0.717196,1.165458,-0.447386,0.195099,-0.298596,0.224006,0.394100,0.839849,1.316167,-0.642067,0.348849,-0.000551,-0.028049,0.606607,0.794507,1.209628,-0.522987,1.094075
212,1.766667,0.008758,0.004013,0.696904,0.717099,1.165453,-0.447371,0.195163,-0.296980,0.217083,0.396396,0.841159,1.316975,-0.632740,0.358402,-0.002432,-0.030380,0.607313,0.793878,1.209666,-0.521084,1.096187
213,1.775000,0.002559,0.001438,0.698228,0.715869,1.165767,-0.447340,0.195521,-0.293836,0.212321,0.397630,0.842894,1.317822,-0.622573,0.367516,-0.004176,-0.032286,0.608194,0.793121,1.209399,-0.519191,1.098359
214,1.783333,0.002100,0.000812,0.698371,0.715733,1.165837,-0.447313,0.195575,-0.287141,0.209973,0.397046,0.846059,1.318607,-0.611846,0.376170,-0.007329,-0.033636,0.609317,0.792179,1.209594,-0.517536,1.100261
215,1.791667,0.001800,0.000319,0.698433,0.715674,1.165939,-0.447299,0.195624,-0.280761,0.205721,0.398281,0.848660,1.319514,-0.601007,0.384024,-0.009698,-0.035010,0.609885,0.791657,1.209784,-0.515749,1.101876
216,1.800000,0.001491,0.000176,0.698245,0.715857,1.166230,-0.447404,0.195657,-0.274632,0.201983,0.399177,0.851139,1.320598,-0.589774,0.391403,-0.011643,-0.037789,0.610256,0.791217,1.209691,-0.514024,1.103675
217,1.808333,-0.000808,-0.001409,0.698564,0.715546,1.166278,-0.447302,0.195891,-0.262682,0.205202,0.394743,0.856194,1.321574,-0.577410,0.398809,-0.013128,-0.038888,0.610782,0.790734,1.209995,-0.512355,1.105167
218,1.816667,-0.000572,-0.000988,0.698755,0.715361,1.166311,-0.447361,0.195951,-0.256097,0.200850,0.396507,0.858403,1.322898,-0.565958,0.404751,-0.014876,-0.040780,0.610848,0.790557,1.210060,-0.510559,1.106773
219,1.825000,-0.000083,-0.000199,0.698938,0.715183,1.166357,-0.447445,0.195961,-0.243563,0.198211,0.394040,0.863783,1.323898,-0.553663,0.410283,-0.016555,-0.042296,0.611084,0.790262,1.210241,-0.508827,1.108172
220,1.833333,-0.000515,-0.000807,0.698846,0.715271,1.166497,-0.447447,0.195988,-0.235493,0.192262,0.395958,0.866485,1.325305,-0.541850,0.414948,-0.017910,-0.045074,0.610925,0.790202,1.210584,-0.507187,1.109642
221,1.841667,0.001820,0.006011,0.701389,0.712751,1.166178,-0.447581,0.195932,-0.229221,0.187191,0.399825,0.867501,1.327221,-0.529689,0.419424,-0.019383,-0.045913,0.610970,0.790084,1.211015,-0.505674,1.111097
222,1.850000,0.003161,0.007618,0.701491,0.712631,1.166171,-0.447620,0.195863,-0.221128,0.179194,0.404557,0.869095,1.329036,-0.517775,0.423012,-0.020136,-0.046906,0.610355,0.790482,1.211366,-0.504081,1.111957
223,1.858333,0.005062,0.004955,0.701917,0.712224,1.166393,-0.447662,0.195403,-0.217124,0.170554,0.408705,0.869901,1.331224,-0.505906,0.426133,-0.021550,-0.055615,0.611916,0.788670,1.210127,-0.502503,1.114201
224,1.866667,0.006418,0.006301,0.701917,0.712202,1.166340,-0.447641,0.195441,-0.208697,0.160927,0.411313,0.872565,1.333245,-0.493710,0.428551,-0.022226,-0.053277,0.611865,0.788853,1.210829,-0.500689,1.114107
225,1.875000,0.007649,0.007721,0.701793,0.712299,1.166324,-0.447670,0.195354,-0.200020,0.151855,0.414803,0.874568,1.335508,-0.481423,0.430663,-0.021330,-0.059129,0.612298,0.788124,1.210510,-0.498739,1.115694
226,1.883333,0.009024,0.009276,0.701695,0.712360,1.166252,-0.447817,0.195227,-0.192259,0.145065,0.415790,0.876990,1.337842,-0.469051,0.432517,-0.014576,-0.070971,0.613868,0.786077,1.210223,-0.496113,1.119040
227,1.891667,0.009347,0.009272,0.701513,0.712535,1.166279,-0.447865,0.195188,-0.180824,0.139596,0.416893,0.879782,1.340133,-0.456614,0.433935,-0.015318,-0.068391,0.613270,0.786758,1.210923,-0.494586,1.118893
228,1.900000,0.007160,0.005999,0.701014,0.713086,1.166481,-0.447956,0.195373,-0.171023,0.140466,0.410514,0.884590,1.342440,-0.443284,0.435511,-0.014612,-0.071160,0.613485,0.786358,1.211404,-0.492793,1.119846
229,1.908333,0.007308,0.004806,0.701285,0.712828,1.166464,-0.447905,0.195319,-0.162542,0.130052,0.412942,0.886648,1.345290,-0.431265,0.435990,-0.013946,-0.075507,0.613665,0.785824,1.211233,-0.490884,1.120822
230,1.916667,0.006740,0.003363,0.701375,0.712753,1.166516,-0.447944,0.195284,-0.155766,0.121423,0.411603,0.889706,1.348240,-0.419111,0.436323,-0.014255,-0.076239,0.613427,0.785933,1.212061,-0.489361,1.121480
231,1.925000,0.007204,0.002854,0.701605,0.712524,1.166639,-0.447947,0.195236,-0.146156,0.113130,0.411090,0.892662,1.351191,-0.406979,0.436249,-0.015862,-0.077976,0.612858,0.786176,1.212161,-0.487988,1.121959
232,1.933333,0.007134,0.002544,0.701449,0.712680,1.166621,-0.448009,0.195194,-0.139146,0.104958,0.408516,0.895956,1.354289,-0.395024,0.435959,-0.014355,-0.082664,0.613225,0.785440,1.212506,-0.486190,1.122891
233,1.941667,0.008372,0.008106,0.701870,0.712210,1.166528,-0.448005,0.195233,-0.132878,0.096098,0.405781,0.899139,1.357568,-0.383379,0.435480,-0.018632,-0.079880,0.612602,0.786124,1.213209,-0.485045,1.122395
234,1.950000,0.010107,0.009737,0.701842,0.712194,1.166473,-0.448139,0.195065,-0.127194,0.087647,0.402310,0.902378,1.360798,-0.371750,0.434722,-0.018513,-0.084610,0.612936,0.785371,1.213462,-0.483329,1.123507
235,1.958333,0.009610,0.009218,0.702084,0.711970,1.166450,-0.448107,0.195122,-0.121219,0.079501,0.399049,0.905398,1.364100,-0.360762,0.433674,-0.016107,-0.089220,0.612839,0.784989,1.213893,-0.481564,1.124704
236,1.966667,0.009740,0.008905,0.702143,0.711913,1.166468,-0.448159,0.195070,-0.115369,0.071919,0.396821,0.907772,1.367330,-0.349893,0.432558,-0.016994,-0.088102,0.611970,0.785775,1.214880,-0.480427,1.124719
237,1.975000,0.009708,0.008716,0.702156,0.711903,1.166469,-0.448190,0.195038,-0.111609,0.063934,0.395218,0.909538,1.370506,-0.339419,0.431290,-0.014622,-0.092472,0.612179,0.785158,1.215212,-0.478495,1.125229
238,1.983333,0.009624,0.008368,0.702231,0.711835,1.166492,-0.448211,0.195025,-0.110793,0.059822,0.400406,0.907646,1.373604,-0.328896,0.429813,-0.014405,-0.092366,0.611773,0.785490,1.216095,-0.476818,1.125633
239,1.991667,0.009623,0.008059,0.702270,0.711800,1.166502,-0.448222,0.194993,-0.107130,0.055419,0.401702,0.907793,1.376415,-0.318998,0.428245,-0.013658,-0.094574,0.611756,0.785254,1.216574,-0.474764,1.125813
240,2.000000,0.009750,0.007977,0.702255,0.711814,1.166511,-0.448243,0.194973,-0.100068,0.051406,0.403148,0.908194,1.378973,-0.309313,0.426368,-0.014334,-0.096255,0.612025,0.784828,1.216969,-0.472706,1.125661
241,2.008333,0.009766,0.007736,0.702276,0.711796,1.166545,-0.448273,0.194946,-0.092447,0.046993,0.403813,0.908945,1.381519,-0.299854,0.424098,-0.014379,-0.096269,0.612416,0.784520,1.217674,-0.471053,1.125704
242,2.016667,0.010203,0.007859,0.702133,0.711929,1.166573,-0.448330,0.194901,-0.086690,0.043326,0.407375,0.908104,1.384024,-0.290840,0.421715,-0.011655,-0.098569,0.612547,0.784178,1.218025,-0.469131,1.125099
243,2.025000,0.010298,0.007615,0.702157,0.711907,1.166616,-0.448380,0.194846,-0.080447,0.039362,0.410872,0.907284,1.386410,-0.282187,0.419271,-0.011946,-0.097516,0.612641,0.784232,1.218786,-0.467341,1.124755
244,2.033333,0.010586,0.007578,0.702184,0.711877,1.166650,-0.448447,0.194798,-0.074191,0.037166,0.415069,0.905998,1.388511,-0.274076,0.416787,-0.012660,-0.096138,0.612768,0.784291,1.219510,-0.465426,1.124418
245,2.041667,0.010761,0.007458,0.702232,0.711828,1.166677,-0.448506,0.194743,-0.066622,0.033219,0.423968,0.902613,1.390713,-0.265863,0.414530,-0.015760,-0.092101,0.612334,0.785058,1.220525,-0.463658,1.124053
246,2.050000,0.011278,0.007475,0.702275,0.711778,1.166686,-0.448545,0.194718,-0.050895,0.026440,0.422600,0.904500,1.392037,-0.257917,0.411165,-0.016338,-0.090738,0.612093,0.785393,1.221475,-0.461751,1.123507
247,2.058333,0.011441,0.007283,0.702303,0.711749,1.166700,-0.448595,0.194674,-0.045487,0.023112,0.426729,0.902939,1.393791,-0.251164,0.408603,-0.018584,-0.090657,0.612443,0.785080,1.222161,-0.459947,1.123423
248,2.066667,0.011664,0.007388,0.702293,0.711754,1.166694,-0.448630,0.194625,-0.039903,0.020773,0.431475,0.901003,1.395377,-0.244848,0.406122,-0.019922,-0.086395,0.611961,0.785903,1.223278,-0.458073,1.121886
249,2.075000,0.011847,0.007364,0.702294,0.711750,1.166705,-0.448681,0.194575,-0.036383,0.017667,0.436559,0.898766,1.396988,-0.238931,0.403667,-0.020883,-0.085171,0.611869,0.786083,1.224147,-0.456283,1.121122
250,2.083333,0.012009,0.007321,0.702229,0.711813,1.166699,-0.448744,0.194530,-0.030796,0.016652,0.440705,0.896969,1.398348,-0.233432,0.400913,-0.018343,-0.091867,0.613670,0.783985,1.224283,-0.454426,1.122426
251,2.091667,0.012260,0.007452,0.702233,0.711803,1.166703,-0.448821,0.194479,-0.027425,0.015049,0.445522,0.894724,1.399821,-0.228398,0.398260,-0.006131,-0.101271,0.614535,0.782339,1.224466,-0.452200,1.126084
252,2.100000,0.012433,0.007542,0.702177,0.711854,1.166699,-0.448875,0.194453,-0.025618,0.017739,0.451171,0.891894,1.400998,-0.224007,0.395563,-0.005618,-0.101259,0.614634,0.782266,1.225592,-0.450342,1.125714
253,2.108333,0.012465,0.007171,0.702272,0.711763,1.166751,-0.448941,0.194392,-0.024668,0.018541,0.456443,0.889217,1.402265,-0.220043,0.392773,-0.005816,-0.099560,0.614641,0.782477,1.226583,-0.448392,1.125081
254,2.116667,0.012821,0.007364,0.702289,0.711739,1.166779,-0.448983,0.194353,-0.028653,0.006862,0.461609,0.886594,1.404497,-0.216364,0.390167,-0.007317,-0.097668,0.614892,0.782506,1.227671,-0.446466,1.124517
255,2.125000,0.012915,0.007340,0.702325,0.711701,1.166819,-0.449017,0.194324,-0.028131,0.005954,0.466509,0.884049,1.405764,-0.213307,0.387249,-0.008968,-0.096330,0.615225,0.782393,1.228712,-0.444491,1.124462
256,2.133333,0.013235,0.007356,0.702369,0.711652,1.166857,-0.449051,0.194261,-0.024512,0.010009,0.471118,0.881673,1.406957,-0.210645,0.384831,-0.006469,-0.098583,0.615876,0.781624,1.229720,-0.442357,1.124533
257,2.141667,0.013522,0.007424,0.702346,0.711669,1.166886,-0.449091,0.194200,-0.030264,0.010383,0.476337,0.878680,1.407629,-0.208279,0.381663,-0.007543,-0.097214,0.616625,0.781195,1.230501,-0.440303,1.123571
258,2.150000,0.013844,0.007619,0.702325,0.711681,1.166926,-0.449136,0.194128,-0.029906,0.022923,0.483728,0.874407,1.408161,-0.206561,0.378937,-0.008969,-0.093997,0.616548,0.781635,1.231909,-0.438265,1.123243
259,2.158333,0.013979,0.007598,0.702347,0.711657,1.166962,-0.449185,0.194065,-0.029334,0.025991,0.489349,0.871207,1.408130,-0.204878,0.375317,-0.009150,-0.093078,0.617214,0.781217,1.233009,-0.436184,1.122783
260,2.166667,0.014111,0.007640,0.702337,0.711663,1.166980,-0.449248,0.194031,-0.028811,0.029535,0.495936,0.867378,1.408174,-0.203778,0.372519,-0.008034,-0.092520,0.617818,0.780818,1.233990,-0.433950,1.122080
261,2.175000,0.014088,0.007477,0.702351,0.711652,1.166978,-0.449328,0.193991,-0.025521,0.031549,0.499739,0.865225,1.407608,-0.202997,0.369958,-0.007646,-0.089959,0.618299,0.780740,1.235326,-0.431871,1.121673
262,2.183333,0.013950,0.007407,0.702413,0.711594,1.166976,-0.449408,0.193979,-0.022022,0.026011,0.505347,0.862243,1.407880,-0.202515,0.369496,-0.010140,-0.084859,0.618646,0.781008,1.236779,-0.429937,1.121269
263,2.191667,0.013820,0.007177,0.702353,0.711658,1.166978,-0.449455,0.193945,-0.024050,0.017634,0.507202,0.861311,1.407939,-0.202718,0.368719,-0.010684,-0.081558,0.618956,0.781107,1.238315,-0.427949,1.120828
264,2.200000,0.013607,0.007108,0.702307,0.711709,1.166959,-0.449510,0.193911,-0.022140,0.016449,0.509126,0.860250,1.408482,-0.203576,0.368248,-0.010701,-0.082041,0.619470,0.780648,1.239169,-0.425273,1.120472
265,2.208333,0.012960,0.006632,0.702331,0.711702,1.166962,-0.449495,0.193932,-0.017831,0.016584,0.510318,0.859641,1.408661,-0.204303,0.367273,-0.011090,-0.079338,0.619062,0.781245,1.240754,-0.423072,1.119920
266,2.216667,0.012383,0.006513,0.702350,0.711694,1.166962,-0.449456,0.193966,-0.016556,0.020118,0.512355,0.858378,1.408629,-0.205691,0.366981,-0.012006,-0.075959,0.618816,0.781763,1.242190,-0.420920,1.119305
267,2.225000,0.011601,0.006623,0.702315,0.711741,1.166926,-0.449428,0.194032,-0.019194,0.019860,0.513113,0.857877,1.408425,-0.206870,0.367139,-0.015318,-0.071707,0.618848,0.782081,1.243677,-0.418777,1.118396
268,2.233333,0.010802,0.006296,0.702216,0.711854,1.166895,-0.449410,0.194060,-0.021613,0.015400,0.513942,0.857415,1.408210,-0.207712,0.367471,-0.019066,-0.062795,0.616379,0.784710,1.246818,-0.416526,1.116537
269,2.241667,0.010124,0.006131,0.702171,0.711910,1.166856,-0.449405,0.194090,-0.015180,0.008238,0.511578,0.859063,1.408481,-0.207824,0.367644,-0.020161,-0.059998,0.615982,0.785214,1.248446,-0.414482,1.116192
270,2.250000,0.009365,0.006110,0.702080,0.712011,1.166830,-0.449418,0.194144,-0.014908,-0.000570,0.509436,0.860379,1.408532,-0.208179,0.367861,-0.021098,-0.058182,0.615360,0.785812,1.250063,-0.412413,1.115929
271,2.258333,0.008722,0.006012,0.702008,0.712090,1.166794,-0.449423,0.194182,-0.018936,-0.013203,0.505703,0.862399,1.409274,-0.208133,0.368814,-0.029887,-0.054398,0.612850,0.787758,1.252041,-0.410724,1.114271
272,2.266667,0.007797,0.005963,0.701906,0.712202,1.166749,-0.449438,0.194251,-0.018600,-0.011265,0.504646,0.863052,1.408929,-0.207743,0.367977,-0.030831,-0.060113,0.613383,0.786891,1.253147,-0.408357,1.116087
273,2.275000,0.007069,0.005984,0.701888,0.712227,1.166703,-0.449434,0.194315,-0.019004,-0.012959,0.503499,0.863689,1.408982,-0.207143,0.367513,-0.030628,-0.058498,0.612815,0.787463,1.254647,-0.405854,1.116067
274,2.283333,0.005989,0.006001,0.701819,0.712305,1.166664,-0.449400,0.194409,-0.019678,-0.014160,0.501852,0.864614,1.409058,-0.206725,0.367097,-0.034505,-0.056454,0.612261,0.787882,1.256545,-0.403389,1.115209
275,2.291667,0.004881,0.006059,0.701846,0.712286,1.166656,-0.449327,0.194528,-0.022010,-0.015845,0.499832,0.865698,1.409131,-0.206427,0.366732,-0.040899,-0.051149,0.611035,0.788890,1.258754,-0.401308,1.114975
276,2.300000,0.004027,0.006485,0.701931,0.712204,1.166642,-0.449232,0.194642,-0.026554,-0.024793,0.500210,0.865142,1.409135,-0.205764,0.366726,-0.044468,-0.050516,0.609976,0.789557,1.260423,-0.398756,1.114375
277,2.308333,0.002890,0.006901,0.702070,0.712069,1.166640,-0.449117,0.194809,-0.025006,-0.019009,0.497678,0.866793,1.409393,-0.206168,0.366078,-0.040478,-0.060467,0.610671,0.788534,1.261390,-0.394880,1.116970
278,2.316667,0.001616,0.007248,0.702196,0.711946,1.166645,-0.449008,0.195004,-0.025197,-0.018850,0.497499,0.866894,1.409505,-0.206337,0.365814,-0.045549,-0.050780,0.609443,0.789890,1.263923,-0.392639,1.116150
279,2.325000,0.000067,0.007589,0.702435,0.711707,1.166639,-0.448933,0.195249,-0.025394,-0.018648,0.497794,0.866723,1.409643,-0.206543,0.365692,-0.046879,-0.052069,0.608516,0.790442,1.266308,-0.390098,1.117342
280,2.333333,-0.000992,0.007314,0.704165,0.709998,1.166727,-0.448759,0.195584,-0.023855,-0.017369,0.497966,0.866694,1.409849,-0.206795,0.365500,-0.047037,-0.055078,0.608021,0.790610,1.268715,-0.387164,1.120510
281,2.341667,-0.003327,0.008665,0.704030,0.710109,1.166591,-0.448584,0.196036,-0.022154,-0.014920,0.497776,0.866895,1.410081,-0.207051,0.365140,-0.046871,-0.060552,0.607673,0.790487,1.270746,-0.384134,1.122455
282,2.350000,-0.006735,0.008323,0.704802,0.709324,1.166751,-0.448563,0.196492,-0.019620,-0.011775,0.497525,0.867148,1.410323,-0.207147,0.364918,-0.052657,-0.053414,0.607111,0.791069,1.273142,-0.381434,1.121923
283,2.358333,-0.011668,0.010066,0.704601,0.709437,1.166809,-0.448400,0.197231,-0.018231,-0.009371,0.497143,0.867427,1.410568,-0.207191,0.364637,-0.052703,-0.057909,0.606853,0.790948,1.275405,-0.378166,1.123576
284,2.366667,-0.016645,0.011154,0.705186,0.708739,1.166865,-0.448212,0.198038,-0.019241,-0.016831,0.497989,0.866806,1.410594,-0.206745,0.364556,-0.056208,-0.056499,0.606479,0.791096,1.277647,-0.375151,1.124730
285,2.375000,-0.022671,0.012422,0.706659,0.707082,1.167318,-0.447925,0.198928,-0.020545,-0.016451,0.497613,0.867000,1.410688,-0.206718,0.364288,-0.062307,-0.052587,0.605715,0.791494,1.279998,-0.372320,1.125555
286,2.383333,-0.028807,0.016849,0.707156,0.706270,1.167676,-0.447605,0.200057,-0.018857,-0.010897,0.496377,0.867834,1.410890,-0.206745,0.363974,-0.069481,-0.047228,0.603674,0.792793,1.283495,-0.369822,1.126487
287,2.391667,-0.038649,0.020411,0.707379,0.705482,1.167949,-0.447195,0.201529,-0.020281,-0.011507,0.495999,0.868010,1.410910,-0.206691,0.363672,-0.070488,-0.043271,0.602250,0.794011,1.285922,-0.367184,1.128632
288,2.400000,-0.048249,0.024970,0.708053,0.704067,1.167986,-0.446462,0.203450,-0.021123,-0.012739,0.495898,0.868031,1.410903,-0.206630,0.363463,-0.074536,-0.044939,0.601882,0.793828,1.287917,-0.364423,1.130471
289,2.408333,-0.058397,0.031280,0.708664,0.702429,1.168054,-0.445600,0.205477,-0.023982,-0.014770,0.496819,0.867397,1.411077,-0.206714,0.363508,-0.076743,-0.043358,0.601177,0.794240,1.290371,-0.361686,1.132644
290,2.416667,-0.070321,0.038241,0.708331,0.701328,1.167948,-0.444680,0.207876,-0.024083,-0.014129,0.496825,0.867401,1.411194,-0.206711,0.363346,-0.077792,-0.043316,0.600199,0.794879,1.292504,-0.358841,1.135769
291,2.425000,-0.081505,0.045445,0.708830,0.699180,1.168039,-0.443804,0.210311,-0.021298,-0.014367,0.496131,0.867868,1.411234,-0.206345,0.363176,-0.077185,-0.042803,0.599810,0.795260,1.294689,-0.355859,1.139358
292,2.433333,-0.095138,0.052757,0.707962,0.697821,1.168125,-0.442622,0.213119,-0.020142,-0.013860,0.496353,0.867776,1.411290,-0.206203,0.363152,-0.076777,-0.043118,0.599655,0.795399,1.296936,-0.352967,1.143151
293,2.441667,-0.108107,0.062035,0.706188,0.696967,1.168251,-0.441463,0.216085,-0.020523,-0.013165,0.496214,0.867858,1.411435,-0.206235,0.363011,-0.074144,-0.041344,0.599082,0.796175,1.299236,-0.350087,1.147324
294,2.450000,-0.128860,0.063248,0.704672,0.694861,1.169084,-0.440258,0.220120,-0.020016,-0.013027,0.496293,0.867826,1.411501,-0.206186,0.362997,-0.070551,-0.037025,0.598277,0.797318,1.301582,-0.347191,1.152048
295,2.458333,-0.143060,0.076830,0.700869,0.694560,1.168766,-0.438742,0.223676,-0.018608,-0.013134,0.496565,0.867701,1.411494,-0.206069,0.363042,-0.069040,-0.042953,0.599181,0.796474,1.304271,-0.343636,1.155058
296,2.466667,-0.161697,0.085964,0.698003,0.692283,1.168663,-0.436806,0.227767,-0.018450,-0.012679,0.496521,0.867736,1.411519,-0.206079,0.362993,-0.068621,-0.041336,0.598934,0.796782,1.306518,-0.341107,1.159399
297,2.475000,-0.178830,0.096998,0.694673,0.689957,1.168597,-0.434713,0.231942,-0.017465,-0.012389,0.496576,0.867729,1.411536,-0.206057,0.363006,-0.065273,-0.037880,0.598646,0.797451,1.308568,-0.338475,1.163645
298,2.483333,-0.195022,0.109870,0.692180,0.686136,1.168367,-0.432229,0.236428,-0.016637,-0.011696,0.496521,0.867786,1.411553,-0.206076,0.362984,-0.063509,-0.035026,0.598474,0.797853,1.310486,-0.335849,1.168426
299,2.491667,-0.207645,0.122824,0.690288,0.682129,1.168085,-0.429379,0.241196,-0.015573,-0.011385,0.496501,0.867822,1.411548,-0.206057,0.362993,-0.061359,-0.032827,0.598359,0.798200,1.312114,-0.333312,1.173063
300,2.500000,-0.218138,0.136350,0.687713,0.678878,1.167849,-0.426340,0.246648,-0.014869,-0.010961,0.496496,0.867842,1.411544,-0.206097,0.363029,-0.057180,-0.030959,0.598339,0.798600,1.313563,-0.330641,1.178282
301,2.508333,-0.221164,0.146164,0.689746,0.673775,1.167874,-0.423222,0.252618,-0.015447,-0.010035,0.496809,0.867664,1.411589,-0.206142,0.363162,-0.056057,-0.030074,0.598006,0.798963,1.315287,-0.328183,1.182842
302,2.516667,-0.228016,0.162793,0.687128,0.670344,1.167958,-0.420106,0.259792,-0.014843,-0.009770,0.496891,0.867631,1.411573,-0.206166,0.363218,-0.053332,-0.028844,0.598025,0.799181,1.317034,-0.325622,1.187636
303,2.525000,-0.236020,0.180911,0.683651,0.666473,1.168092,-0.417515,0.267278,-0.014249,-0.009081,0.496955,0.867612,1.411586,-0.206220,0.363267,-0.051107,-0.028272,0.597691,0.799597,1.318690,-0.323245,1.192305
304,2.533333,-0.245211,0.200798,0.676545,0.664710,1.168617,-0.415654,0.275998,-0.013666,-0.008678,0.497001,0.867599,1.411595,-0.206286,0.363334,-0.049389,-0.026068,0.596267,0.800841,1.320967,-0.320850,1.196848
305,2.541667,-0.260569,0.217906,0.667179,0.662943,1.169094,-0.414118,0.285860,-0.012636,-0.008030,0.497179,0.867519,1.411602,-0.206361,0.363405,-0.049778,-0.025697,0.595826,0.801157,1.322326,-0.318689,1.200643
306,2.550000,-0.271186,0.230198,0.659475,0.662238,1.169598,-0.413030,0.296264,-0.011541,-0.007375,0.497306,0.867467,1.411606,-0.206446,0.363451,-0.046354,-0.023995,0.595865,0.801387,1.323704,-0.316480,1.205320
307,2.558333,-0.281277,0.244170,0.653722,0.658719,1.170138,-0.412141,0.307435,-0.011292,-0.005631,0.497092,0.867606,1.411605,-0.206603,0.363387,-0.044725,-0.021571,0.598224,0.799789,1.325427,-0.315903,1.209598
308,2.566667,-0.285984,0.251258,0.652001,0.655727,1.171000,-0.411935,0.318705,-0.012974,-0.011043,0.498241,0.866872,1.411519,-0.206652,0.363327,-0.041523,-0.020259,0.598785,0.799577,1.326893,-0.314080,1.214088
309,2.575000,-0.286506,0.255005,0.651445,0.654604,1.171693,-0.411276,0.330750,-0.011930,-0.011753,0.498457,0.866752,1.411579,-0.206688,0.363394,-0.037480,-0.019057,0.598897,0.799722,1.328021,-0.312196,1.218553
310,2.583333,-0.297856,0.267694,0.648545,0.647311,1.172243,-0.410632,0.343200,-0.010355,-0.013192,0.498889,0.866504,1.411630,-0.206657,0.363523,-0.033059,-0.016184,0.598993,0.799908,1.329089,-0.310196,1.223045
311,2.591667,-0.300914,0.276387,0.648887,0.641878,1.172815,-0.410242,0.355883,-0.009579,-0.013841,0.499001,0.866438,1.411748,-0.206677,0.363533,-0.028806,-0.011427,0.598206,0.800743,1.329978,-0.307692,1.227708
312,2.600000,-0.306940,0.284463,0.648444,0.635915,1.173634,-0.409486,0.368691,-0.009176,-0.013959,0.499295,0.866271,1.411876,-0.206740,0.363563,-0.025781,-0.008919,0.598139,0.800928,1.331306,-0.305701,1.231643
313,2.608333,-0.313226,0.289254,0.648809,0.630292,1.174562,-0.408578,0.381881,-0.008921,-0.013868,0.499573,0.866115,1.412008,-0.206815,0.363583,-0.027675,-0.008165,0.595834,0.802589,1.332536,-0.302831,1.233706
314,2.616667,-0.320811,0.295000,0.648778,0.623812,1.175473,-0.407392,0.395134,-0.008820,-0.014304,0.499678,0.866049,1.412105,-0.206842,0.363575,-0.021781,-0.008606,0.595987,0.802653,1.333312,-0.299968,1.237823
315,2.625000,-0.328534,0.297903,0.649719,0.617402,1.176527,-0.405890,0.408291,-0.009143,-0.014470,0.499843,0.865947,1.412241,-0.206917,0.363599,-0.017960,-0.007554,0.596026,0.802729,1.334195,-0.297840,1.242246
316,2.633333,-0.336338,0.303142,0.649114,0.611255,1.177762,-0.404046,0.421382,-0.000369,-0.007663,0.500390,0.865766,1.413137,-0.206605,0.364702,-0.016012,-0.005218,0.595772,0.802977,1.334796,-0.295589,1.245920
317,2.641667,-0.339467,0.286810,0.655766,0.610306,1.179056,-0.403493,0.433425,-0.000607,-0.006719,0.501429,0.865172,1.413300,-0.206668,0.364891,-0.012593,-0.005379,0.596144,0.802761,1.335200,-0.293107,1.249705
318,2.650000,-0.351054,0.313303,0.646613,0.600411,1.180894,-0.399207,0.447623,-0.001688,-0.005262,0.502283,0.864686,1.413489,-0.206794,0.365082,-0.008777,-0.003119,0.596287,0.802717,1.335973,-0.290945,1.253296
319,2.658333,-0.357309,0.317616,0.645165,0.595997,1.182524,-0.396268,0.460270,-0.002481,-0.004370,0.503137,0.864192,1.413632,-0.206886,0.365298,-0.005101,-0.000771,0.595769,0.803139,1.336866,-0.289081,1.256876
320,2.666667,-0.357723,0.326696,0.641146,0.595177,1.183934,-0.393685,0.472245,-0.002994,-0.003017,0.503945,0.863725,1.413730,-0.206978,0.365456,-0.003867,0.003083,0.595470,0.803362,1.337420,-0.287218,1.259215
321,2.675000,-0.368445,0.327914,0.640637,0.588478,1.185895,-0.389226,0.484773,-0.002985,-0.002235,0.504560,0.863369,1.413803,-0.207043,0.365598,0.006514,0.007964,0.597665,0.801680,1.337655,-0.285581,1.264880
322,2.683333,-0.373400,0.330802,0.638886,0.585634,1.187690,-0.385047,0.496584,-0.003080,-0.001647,0.504989,0.863119,1.413862,-0.207089,0.365707,0.010910,0.010067,0.597775,0.801527,1.338372,-0.283676,1.268439
323,2.691667,-0.378333,0.331122,0.638766,0.582409,1.189723,-0.380404,0.508079,-0.002319,-0.000767,0.505054,0.863084,1.413876,-0.207134,0.365737,0.014113,0.014936,0.597091,0.801910,1.339149,-0.281945,1.271365
324,2.700000,-0.382766,0.332412,0.638540,0.579016,1.191735,-0.375271,0.519272,-0.001747,-0.000106,0.505075,0.863074,1.413849,-0.207168,0.365733,0.019753,0.015213,0.596643,0.802120,1.339905,-0.279891,1.273575
325,2.708333,-0.384382,0.329469,0.640076,0.577930,1.193852,-0.370044,0.529898,-0.001172,0.000525,0.505013,0.863111,1.413806,-0.207202,0.365717,0.023145,0.014393,0.596330,0.802277,1.340472,-0.277900,1.275841
326,2.716667,-0.384266,0.328401,0.641543,0.576987,1.195974,-0.364358,0.540094,-0.000395,0.000847,0.504947,0.863150,1.413745,-0.207220,0.365720,0.016975,0.014595,0.596811,0.802070,1.340877,-0.275838,1.275992
327,2.725000,-0.383347,0.324404,0.643796,0.577351,1.198251,-0.358089,0.549931,0.000057,0.001373,0.504809,0.863230,1.413694,-0.207236,0.365707,0.020432,0.016162,0.596875,0.801911,1.341542,-0.273802,1.278383
328,2.733333,-0.380174,0.319339,0.646658,0.579071,1.200566,-0.351411,0.559254,0.000381,0.001892,0.504718,0.863282,1.413670,-0.207261,0.365701,0.024909,0.014738,0.596273,0.802260,1.342144,-0.271540,1.279943
329,2.741667,-0.374968,0.313919,0.649308,0.582454,1.202940,-0.344478,0.567989,0.000598,0.002491,0.504679,0.863303,1.413618,-0.207267,0.365669,0.034993,0.012539,0.595266,0.802668,1.342991,-0.268576,1.283501
330,2.750000,-0.368913,0.305910,0.652359,0.587155,1.205403,-0.336917,0.576388,0.000708,0.002802,0.504590,0.863354,1.413572,-0.207242,0.365648,0.039263,0.012580,0.594906,0.802737,1.343289,-0.267309,1.285920
331,2.758333,-0.360113,0.299859,0.653910,0.593974,1.207840,-0.329256,0.584153,0.000794,0.003170,0.504577,0.863361,1.413519,-0.207240,0.365631,0.050265,0.011331,0.595659,0.801583,1.343322,-0.265694,1.289510
332,2.766667,-0.352597,0.292124,0.656854,0.599067,1.210360,-0.321004,0.591259,0.000490,0.003284,0.504435,0.863443,1.413510,-0.207240,0.365614,0.049888,0.013760,0.595118,0.801970,1.344376,-0.263900,1.290330
333,2.775000,-0.344563,0.282639,0.659674,0.605162,1.213038,-0.312422,0.597847,0.000246,0.003176,0.504348,0.863495,1.413483,-0.207216,0.365608,0.062367,0.011344,0.596060,0.800434,1.344101,-0.261853,1.293862
334,2.783333,-0.337450,0.273641,0.662157,0.610570,1.215572,-0.303523,0.603937,0.000091,0.003449,0.504268,0.863540,1.413443,-0.207228,0.365577,0.080396,0.007788,0.595750,0.799098,1.344709,-0.260352,1.299239
335,2.791667,-0.328825,0.262806,0.664885,0.617037,1.218179,-0.294444,0.609326,-0.000209,0.003191,0.504094,0.863643,1.413428,-0.207228,0.365562,0.071538,0.017206,0.597118,0.798772,1.345140,-0.258689,1.298850
336,2.800000,-0.319445,0.254704,0.666722,0.623348,1.220659,-0.285006,0.614070,-0.000631,0.002906,0.504034,0.863679,1.413384,-0.207209,0.365534,0.067961,0.018799,0.597197,0.798989,1.345900,-0.256790,1.297800
337,2.808333,-0.303593,0.246935,0.668374,0.632559,1.222907,-0.276292,0.617680,-0.000930,0.002722,0.503925,0.863743,1.413369,-0.207225,0.365495,0.071443,0.027375,0.597119,0.798496,1.346671,-0.255672,1.299962
338,2.816667,-0.286709,0.240191,0.670868,0.640346,1.225365,-0.267140,0.620628,-0.000840,0.002298,0.503905,0.863756,1.413337,-0.207212,0.365471,0.074982,0.029602,0.597524,0.797789,1.347112,-0.254129,1.301000
339,2.825000,-0.269109,0.232329,0.672719,0.648886,1.227672,-0.257949,0.623083,-0.000801,0.002096,0.503807,0.863813,1.413339,-0.207219,0.365466,0.072325,0.032776,0.596984,0.798314,1.348150,-0.252624,1.299987
340,2.833333,-0.255217,0.229840,0.674155,0.653875,1.229736,-0.248135,0.625420,-0.000800,0.001659,0.503799,0.863819,1.413320,-0.207205,0.365438,0.076767,0.031050,0.596825,0.798087,1.348923,-0.251399,1.300717
341,2.841667,-0.244160,0.221105,0.676852,0.658309,1.232099,-0.237946,0.627125,-0.000810,0.001463,0.503744,0.863851,1.413291,-0.207202,0.365399,0.056248,0.027793,0.599730,0.797739,1.348164,-0.248770,1.294452
342,2.850000,-0.233966,0.209118,0.678990,0.663704,1.234686,-0.227716,0.628028,-0.000916,0.001171,0.503628,0.863920,1.413281,-0.207199,0.365369,0.050207,0.029181,0.601022,0.797120,1.348462,-0.247268,1.293625
343,2.858333,-0.222681,0.198911,0.681281,0.668359,1.237102,-0.217439,0.628311,-0.000977,0.000751,0.503541,0.863970,1.413267,-0.207185,0.365337,0.053720,0.036660,0.601493,0.796226,1.349118,-0.246500,1.296237
344,2.866667,-0.218790,0.189057,0.683779,0.669951,1.239403,-0.206139,0.628853,-0.001091,0.000508,0.503417,0.864043,1.413262,-0.207162,0.365320,0.051688,0.032201,0.601783,0.796335,1.349388,-0.244829,1.294899
345,2.875000,-0.230893,0.168166,0.691216,0.663799,1.241782,-0.193786,0.629662,-0.001286,0.000294,0.503271,0.864128,1.413258,-0.207144,0.365274,0.059479,0.031982,0.601995,0.795639,1.350023,-0.243634,1.296846
346,2.883333,-0.224304,0.155396,0.693030,0.667270,1.244097,-0.182577,0.628839,-0.001396,0.000275,0.503166,0.864189,1.413261,-0.207136,0.365237,0.057424,0.028921,0.602315,0.795665,1.350187,-0.241599,1.295889
347,2.891667,-0.216978,0.142288,0.694520,0.671056,1.246266,-0.171317,0.627570,-0.001372,-0.000239,0.502949,0.864315,1.413265,-0.207113,0.365218,0.060085,0.028579,0.602507,0.795335,1.350766,-0.240276,1.296485
348,2.900000,-0.208656,0.131670,0.696190,0.674125,1.248112,-0.159854,0.626004,-0.001466,-0.000575,0.502845,0.864375,1.413264,-0.207095,0.365197,0.072979,0.028308,0.601967,0.794675,1.351129,-0.239449,1.299610
349,2.908333,-0.199926,0.120355,0.698296,0.676703,1.249763,-0.148289,0.624086,-0.001620,-0.000656,0.502702,0.864458,1.413275,-0.207098,0.365174,0.072875,0.031984,0.603103,0.793683,1.351250,-0.238002,1.300308
350,2.916667,-0.193263,0.110218,0.698907,0.679728,1.251375,-0.136484,0.622068,-0.001772,-0.000627,0.502600,0.864517,1.413306,-0.207117,0.365145,0.074722,0.033461,0.602864,0.793632,1.351581,-0.236776,1.300723
351,2.925000,-0.184328,0.110876,0.697645,0.683389,1.252582,-0.124874,0.620109,-0.001687,-0.001025,0.502568,0.864535,1.413309,-0.207112,0.365135,0.078013,0.029869,0.603833,0.792722,1.351831,-0.235299,1.301294
352,2.933333,-0.177326,0.095819,0.698655,0.686480,1.254154,-0.113628,0.617233,-0.001508,-0.001111,0.502511,0.864569,1.413332,-0.207128,0.365132,0.076105,0.026807,0.603702,0.793116,1.352051,-0.233405,1.300343
353,2.941667,-0.167124,0.085539,0.700633,0.688379,1.255485,-0.102011,0.614418,-0.001451,-0.001116,0.502562,0.864540,1.413340,-0.207161,0.365119,0.075286,0.030249,0.603891,0.792927,1.352315,-0.232252,1.300311
354,2.950000,-0.158199,0.075566,0.703171,0.689068,1.257157,-0.090309,0.611481,-0.001433,-0.000985,0.502563,0.864539,1.413347,-0.207190,0.365097,0.081210,0.031597,0.604031,0.792183,1.353162,-0.231661,1.301890
355,2.958333,-0.149351,0.065127,0.706234,0.688975,1.258413,-0.078931,0.608356,-0.001471,-0.000979,0.502513,0.864568,1.413367,-0.207204,0.365081,0.074024,0.030091,0.604807,0.792353,1.353090,-0.229505,1.299962
356,2.966667,-0.139873,0.054914,0.707231,0.690829,1.260012,-0.067750,0.605246,-0.001502,-0.001232,0.502406,0.864629,1.413362,-0.207185,0.365056,0.077845,0.029306,0.605256,0.791674,1.353479,-0.228340,1.300684
357,2.975000,-0.126280,0.039387,0.716140,0.685307,1.262575,-0.056955,0.601705,-0.001514,-0.001398,0.502170,0.864766,1.413359,-0.207170,0.365011,0.081496,0.035399,0.606277,0.790275,1.353740,-0.227782,1.302444
358,2.983333,-0.114276,0.027483,0.717487,0.686585,1.264356,-0.046720,0.598545,-0.001821,-0.001632,0.502118,0.864796,1.413377,-0.207138,0.365006,0.077212,0.036569,0.607662,0.789587,1.354066,-0.226542,1.301882
359,2.991667,-0.107564,0.014015,0.720113,0.685325,1.265458,-0.036499,0.596049,-0.002276,-0.002084,0.501836,0.864957,1.413387,-0.207105,0.364939,0.080386,0.047443,0.608901,0.787735,1.354815,-0.226262,1.304273
360,3.000000,-0.102986,-0.001311,0.722565,0.683587,1.266620,-0.026829,0.593291,-0.002329,-0.002374,0.501456,0.865177,1.413388,-0.207086,0.364877,0.070479,0.036727,0.607282,0.790501,1.354421,-0.222916,1.299132
361,3.008333,-0.094953,-0.009700,0.722421,0.684834,1.268306,-0.017697,0.590258,-0.002140,-0.002869,0.501131,0.865364,1.413366,-0.207048,0.364818,0.071219,0.036863,0.608584,0.789427,1.354483,-0.221305,1.299083
362,3.016667,-0.090184,-0.016371,0.722331,0.685447,1.269746,-0.009070,0.587412,-0.002423,-0.002567,0.500812,0.865549,1.413333,-0.207100,0.364683,0.069742,0.036340,0.608799,0.789417,1.354821,-0.219736,1.298697
363,3.025000,-0.086480,-0.022291,0.722023,0.686081,1.271241,-0.001007,0.584790,-0.002356,-0.010731,0.500662,0.865573,1.413331,-0.207253,0.364627,0.072050,0.036001,0.610087,0.788230,1.355004,-0.218074,1.298796
364,3.033333,-0.084009,-0.029146,0.723606,0.684462,1.272479,0.006163,0.582287,-0.002612,-0.013278,0.501265,0.865188,1.412986,-0.207150,0.364594,0.072583,0.036442,0.610637,0.787735,1.354934,-0.216446,1.298617
365,3.041667,-0.082616,-0.034236,0.726928,0.680866,1.273131,0.012711,0.579514,-0.009327,-0.003179,0.501170,0.865293,1.412811,-0.207997,0.363848,0.085305,0.037372,0.613345,0.784305,1.354635,-0.215982,1.303658
366,3.050000,-0.082778,-0.038848,0.725220,0.682418,1.274743,0.018728,0.577217,-0.010330,-0.002657,0.500958,0.865406,1.412798,-0.208070,0.363711,0.082309,0.030868,0.614378,0.784099,1.354667,-0.213867,1.302111
367,3.058333,-0.081183,-0.041402,0.725186,0.682496,1.276215,0.023965,0.574948,-0.010815,-0.002477,0.500778,0.865505,1.412763,-0.208092,0.363656,0.086189,0.033886,0.615934,0.782335,1.354761,-0.212862,1.303742
368,3.066667,-0.080544,-0.042628,0.724997,0.682697,1.277443,0.028543,0.572797,-0.011413,-0.002688,0.500453,0.865684,1.412706,-0.208069,0.363616,0.086381,0.034705,0.616567,0.781779,1.354871,-0.211338,1.303328
369,3.075000,-0.079806,-0.042223,0.725212,0.682580,1.278538,0.032368,0.570616,-0.011560,-0.002503,0.500251,0.865799,1.412639,-0.208085,0.363591,0.081083,0.041620,0.617646,0.781157,1.354837,-0.209574,1.302120
370,3.083333,-0.079893,-0.041411,0.724964,0.682883,1.279666,0.035526,0.568247,-0.011819,-0.002212,0.499936,0.865979,1.412563,-0.208127,0.363516,0.084091,0.031102,0.617466,0.781471,1.354798,-0.207151,1.301029
371,3.091667,-0.073534,-0.031674,0.723950,0.685191,1.279667,0.038367,0.566078,-0.011934,-0.002013,0.499698,0.866115,1.412473,-0.208192,0.363436,0.077496,0.043498,0.619611,0.779862,1.355048,-0.206206,1.301830
372,3.100000,-0.070332,-0.021951,0.721825,0.688143,1.280515,0.040307,0.563309,-0.011852,-0.002450,0.499160,0.866425,1.412403,-0.208143,0.363384,0.082423,0.028626,0.618402,0.781003,1.354422,-0.203205,1.299587
373,3.108333,-0.071226,-0.019102,0.723435,0.686443,1.280868,0.041575,0.560710,-0.011515,-0.002889,0.498789,0.866642,1.412335,-0.208118,0.363363,0.080115,0.028261,0.618434,0.781231,1.354189,-0.200885,1.298603
374,3.116667,-0.064704,-0.012448,0.724228,0.686406,1.280869,0.042052,0.558101,-0.011530,-0.003330,0.498392,0.866869,1.412263,-0.208063,0.363306,0.079159,0.032352,0.620621,0.779433,1.353931,-0.199058,1.299744
375,3.125000,-0.055631,-0.006777,0.727003,0.684344,1.280471,0.042548,0.557049,-0.011655,-0.003738,0.497988,0.867098,1.412202,-0.208006,0.363253,0.077700,0.035360,0.620982,0.779162,1.353800,-0.197241,1.299518
376,3.133333,-0.050067,0.000142,0.727071,0.684735,1.280078,0.042685,0.556551,-0.011740,-0.004374,0.497700,0.867259,1.412145,-0.207966,0.363183,0.076156,0.037153,0.621342,0.778944,1.353862,-0.195397,1.299447
377,3.141667,-0.044391,0.006291,0.726589,0.685608,1.279660,0.042244,0.555712,-0.012010,-0.004911,0.497372,0.867441,1.412095,-0.207914,0.363131,0.079176,0.027922,0.620338,0.779828,1.353480,-0.192751,1.297966
378,3.150000,-0.037495,0.009606,0.727780,0.684718,1.279608,0.041450,0.554750,-0.012327,-0.005490,0.496995,0.867648,1.412079,-0.207861,0.363105,0.077648,0.034871,0.620955,0.779211,1.353586,-0.191447,1.298717
379,3.158333,-0.032297,0.012674,0.728710,0.683943,1.279844,0.040369,0.553934,-0.012633,-0.006040,0.496837,0.867731,1.412048,-0.207851,0.363095,0.084655,0.027520,0.620257,0.779331,1.353791,-0.189143,1.299086
380,3.166667,-0.028058,0.011095,0.730337,0.682420,1.280343,0.039217,0.553070,-0.013006,-0.006370,0.496699,0.867802,1.412041,-0.207858,0.363090,0.083223,0.020649,0.620452,0.779542,1.353393,-0.185836,1.297541
381,3.175000,-0.025787,0.007116,0.731627,0.681180,1.280833,0.038354,0.552417,-0.013539,-0.006593,0.496554,0.867875,1.412040,-0.207880,0.363104,0.079479,0.022770,0.620747,0.779640,1.353204,-0.183867,1.296670
382,3.183333,-0.024770,0.005705,0.731846,0.680996,1.281239,0.037795,0.551982,-0.013955,-0.006876,0.496526,0.867882,1.412038,-0.207933,0.363103,0.078155,0.022039,0.620445,0.780035,1.353140,-0.181741,1.295696
383,3.191667,-0.024243,0.002277,0.732285,0.680563,1.281610,0.037676,0.551769,-0.014347,-0.007412,0.496486,0.867895,1.412007,-0.207949,0.363151,0.073754,0.023995,0.620442,0.780408,1.353024,-0.179734,1.294384
384,3.200000,-0.023794,-0.001920,0.732619,0.680220,1.281914,0.037775,0.551431,-0.014692,-0.007828,0.496447,0.867907,1.411974,-0.207944,0.363214,0.063810,0.025677,0.620590,0.781113,1.352936,-0.177791,1.291990
385,3.208333,-0.024744,-0.005449,0.732463,0.680336,1.282106,0.038109,0.551295,-0.013189,-0.008837,0.495018,0.868738,1.411552,-0.207741,0.362950,0.054047,0.021670,0.620892,0.781730,1.352726,-0.174968,1.289104
386,3.216667,-0.025589,-0.008953,0.732484,0.680244,1.282336,0.038441,0.551108,-0.012104,-0.008034,0.494810,0.868880,1.411414,-0.207690,0.363009,0.035590,0.023625,0.619603,0.783752,1.353452,-0.172975,1.285099
387,3.225000,-0.025261,-0.011999,0.731896,0.680842,1.282728,0.038689,0.550662,-0.011379,-0.007440,0.494461,0.869093,1.411303,-0.207626,0.362997,0.035148,0.025546,0.620630,0.782899,1.352955,-0.170805,1.285152
388,3.233333,-0.024445,-0.014348,0.731901,0.680821,1.283003,0.038880,0.550278,-0.010596,-0.006728,0.493916,0.869419,1.411197,-0.207564,0.362979,0.035802,0.025487,0.620081,0.783306,1.352965,-0.168680,1.284366
389,3.241667,-0.024411,-0.013614,0.731497,0.681272,1.283097,0.039180,0.550130,-0.010134,-0.006155,0.493398,0.869723,1.411036,-0.207477,0.362960,0.034163,0.027455,0.619587,0.783704,1.352812,-0.166608,1.283657
390,3.250000,-0.023025,-0.013907,0.731372,0.681448,1.283262,0.039267,0.549726,-0.010796,-0.006363,0.492948,0.869968,1.410956,-0.207476,0.362899,0.032679,0.029126,0.620039,0.783349,1.352545,-0.164408,1.283741
391,3.258333,-0.019923,-0.014426,0.731831,0.681042,1.283424,0.039175,0.549195,-0.010907,-0.006480,0.492482,0.870230,1.410885,-0.207445,0.362909,0.032462,0.027424,0.620012,0.783440,1.352355,-0.162170,1.283280
392,3.266667,-0.016082,-0.015532,0.732474,0.680428,1.283584,0.038976,0.548555,-0.011064,-0.006248,0.492177,0.870402,1.410794,-0.207441,0.362893,0.034893,0.028202,0.619969,0.783342,1.351788,-0.159831,1.283598
393,3.275000,-0.012388,-0.016507,0.733024,0.679889,1.283716,0.038760,0.547906,-0.007839,-0.005657,0.491751,0.870682,1.410720,-0.207247,0.363011,0.034435,0.027830,0.619780,0.783525,1.351472,-0.157557,1.283599
394,3.283333,-0.009112,-0.016882,0.733331,0.679601,1.283784,0.038568,0.547275,-0.008252,-0.005138,0.491331,0.870919,1.410691,-0.207261,0.363005,0.032003,0.028146,0.619722,0.783664,1.351088,-0.155315,1.283232
395,3.291667,-0.006650,-0.017014,0.733826,0.679092,1.283859,0.038329,0.546622,-0.012024,-0.004016,0.491683,0.870682,1.410820,-0.207259,0.363278,0.030545,0.027622,0.619856,0.783634,1.350655,-0.152951,1.283129
396,3.300000,-0.003457,-0.015939,0.734290,0.678640,1.283915,0.038092,0.546056,-0.012130,-0.003537,0.491718,0.870663,1.410853,-0.207217,0.363353,0.028193,0.028177,0.620043,0.783554,1.350199,-0.150739,1.283795
397,3.308333,-0.000671,-0.014588,0.734892,0.678027,1.283971,0.037975,0.545664,-0.012094,-0.002944,0.491795,0.870622,1.410895,-0.207158,0.363471,0.029326,0.029157,0.619974,0.783532,1.349417,-0.148565,1.283998
398,3.316667,0.002799,-0.013103,0.735056,0.677874,1.284114,0.038023,0.545302,-0.012578,-0.002580,0.491823,0.870600,1.410939,-0.207080,0.363621,0.029104,0.030859,0.620317,0.783204,1.348668,-0.146458,1.284144
399,3.325000,0.005840,-0.010729,0.735187,0.677754,1.284294,0.038324,0.545069,-0.012801,-0.002390,0.491913,0.870547,1.410980,-0.206987,0.363841,0.027212,0.030894,0.620434,0.783177,1.348189,-0.143910,1.284721
400,3.333333,0.007727,-0.008775,0.735206,0.677743,1.284432,0.038742,0.544856,-0.013366,-0.001798,0.491986,0.870499,1.411065,-0.206904,0.364145,0.026530,0.030468,0.620723,0.782989,1.347413,-0.141555,1.285662
401,3.341667,0.007843,-0.009837,0.735799,0.677083,1.284295,0.039035,0.544539,-0.016287,-0.002221,0.492633,0.870082,1.411100,-0.206948,0.364360,0.026038,0.031483,0.621670,0.782213,1.346634,-0.139253,1.286461
402,3.350000,0.008760,-0.008557,0.735763,0.677128,1.284299,0.039306,0.544406,-0.010473,0.002777,0.492460,0.870267,1.411853,-0.206170,0.365427,0.018989,0.028122,0.622828,0.781623,1.345960,-0.137068,1.285924
403,3.358333,0.009594,-0.007789,0.735672,0.677225,1.284300,0.039409,0.544253,-0.011302,0.005216,0.492977,0.869953,1.412143,-0.205976,0.366243,0.018338,0.028013,0.623639,0.780995,1.345546,-0.134723,1.287026
404,3.366667,0.010304,-0.008051,0.735756,0.677121,1.284262,0.039355,0.544006,-0.015084,0.007379,0.492936,0.869904,1.412476,-0.205858,0.367266,0.017286,0.029185,0.623412,0.781157,1.345201,-0.132301,1.288635
405,3.375000,0.011387,-0.008071,0.735834,0.677018,1.284226,0.039260,0.543790,-0.016536,0.012480,0.493499,0.869500,1.412736,-0.205557,0.368216,0.028197,0.031040,0.625048,0.779459,1.344222,-0.129949,1.293263
406,3.383333,0.013056,-0.006825,0.735741,0.677103,1.284203,0.039247,0.543699,-0.017988,0.019128,0.494227,0.868936,1.412932,-0.205189,0.369187,0.029110,0.028722,0.625729,0.778968,1.343290,-0.127309,1.295425
407,3.391667,0.016034,-0.004008,0.735597,0.677218,1.284194,0.039297,0.543760,-0.017141,0.032693,0.489666,0.871128,1.411928,-0.204998,0.370830,0.034163,0.027372,0.626330,0.778328,1.342665,-0.124212,1.299447
408,3.400000,0.017529,-0.002855,0.735708,0.677066,1.284133,0.039368,0.543668,-0.020716,0.038963,0.490171,0.870509,1.412117,-0.204547,0.372184,0.030216,0.027314,0.626923,0.778016,1.342042,-0.121855,1.300727
409,3.408333,0.018621,-0.002202,0.735641,0.677112,1.284087,0.039475,0.543495,-0.022570,0.049141,0.490650,0.869677,1.411933,-0.204162,0.373884,0.027133,0.031662,0.626185,0.778558,1.341393,-0.119361,1.302255
410,3.416667,0.020070,-0.001436,0.735449,0.677281,1.284067,0.039605,0.543337,-0.026231,0.056844,0.490826,0.869006,1.412484,-0.203687,0.375472,0.020977,0.031582,0.626818,0.778243,1.340529,-0.116499,1.304392
411,3.425000,0.021525,-0.000740,0.735276,0.677425,1.284044,0.039720,0.543177,-0.028871,0.069040,0.491696,0.867545,1.413038,-0.202607,0.376993,0.017425,0.030899,0.627202,0.778049,1.340358,-0.113829,1.307646
412,3.433333,0.022663,0.000053,0.735156,0.677520,1.283975,0.039846,0.543063,-0.031888,0.077393,0.490418,0.867458,1.413582,-0.202196,0.378920,0.037396,0.025866,0.627705,0.777122,1.339064,-0.111708,1.316610
413,3.441667,0.024090,0.001245,0.734855,0.677795,1.283885,0.039961,0.542978,-0.033344,0.084047,0.488473,0.867881,1.414244,-0.201982,0.381044,0.047196,0.028175,0.628244,0.776072,1.338096,-0.108735,1.324044
414,3.450000,0.025621,0.002523,0.734485,0.678136,1.283765,0.039999,0.542890,-0.034035,0.099798,0.490348,0.865125,1.415139,-0.201306,0.382726,0.050672,0.024905,0.629283,0.775123,1.336936,-0.106090,1.327970
415,3.458333,0.026862,0.003103,0.734538,0.678028,1.283728,0.040036,0.542771,-0.036177,0.117683,0.488323,0.863934,1.415799,-0.199806,0.384916,0.058256,0.020512,0.632073,0.772444,1.335009,-0.105214,1.335211
416,3.466667,0.027870,0.003037,0.734748,0.677761,1.283746,0.040033,0.542605,-0.041402,0.127350,0.489460,0.861682,1.416448,-0.199380,0.387117,0.046732,0.023982,0.630631,0.774304,1.335459,-0.101449,1.336752
417,3.475000,0.028903,0.003611,0.734725,0.677739,1.283742,0.040072,0.542509,-0.042215,0.143755,0.484592,0.861814,1.417400,-0.197688,0.389719,0.040102,0.029698,0.631573,0.773709,1.334528,-0.099370,1.340409
418,3.483333,0.029802,0.004055,0.734648,0.677782,1.283745,0.040107,0.542398,-0.054223,0.157778,0.486558,0.857571,1.417566,-0.196446,0.391594,0.025071,0.023440,0.627204,0.778099,1.334782,-0.095375,1.339378
419,3.491667,0.030315,0.004407,0.734558,0.677854,1.283761,0.040172,0.542320,-0.060596,0.173257,0.485576,0.854708,1.418595,-0.194931,0.393974,0.022618,0.024015,0.626867,0.778428,1.334058,-0.092975,1.342853
420,3.500000,0.030636,0.005032,0.734510,0.677887,1.283809,0.040236,0.542290,-0.063268,0.188591,0.481700,0.853461,1.420031,-0.192392,0.396886,0.040179,0.018568,0.630561,0.774877,1.332050,-0.092263,1.352652
421,3.508333,0.030918,0.005391,0.734476,0.677909,1.283864,0.040276,0.542246,-0.076265,0.199260,0.485179,0.847986,1.421165,-0.191509,0.399669,0.038275,0.020922,0.630192,0.775213,1.331395,-0.090098,1.355949
422,3.516667,0.030874,0.005926,0.734530,0.677847,1.283929,0.040306,0.542238,-0.084922,0.210691,0.484993,0.844500,1.422713,-0.189734,0.403089,0.036641,0.020522,0.628579,0.776611,1.331236,-0.087195,1.360124
423,3.525000,0.030911,0.006350,0.734565,0.677804,1.283988,0.040310,0.542228,-0.093503,0.221075,0.484580,0.841169,1.424458,-0.187868,0.406740,0.030467,0.019561,0.627692,0.777619,1.330308,-0.084314,1.362920
424,3.533333,0.030592,0.006628,0.734615,0.677762,1.284064,0.040290,0.542221,-0.102372,0.232476,0.483141,0.837884,1.425750,-0.185995,0.410662,0.027820,0.019248,0.628423,0.777136,1.329502,-0.082369,1.366909
425,3.541667,0.030433,0.007080,0.734235,0.678176,1.284068,0.040273,0.542205,-0.114684,0.245616,0.482762,0.832743,1.426982,-0.184309,0.414429,0.029630,0.017028,0.628769,0.776841,1.328596,-0.081359,1.371583
426,3.550000,0.030865,0.009641,0.732365,0.680144,1.283728,0.040111,0.542229,-0.121920,0.259364,0.481392,0.828328,1.428323,-0.183231,0.419221,0.045150,0.010404,0.626877,0.777739,1.328169,-0.078818,1.377774
427,3.558333,0.029740,0.007705,0.732740,0.679815,1.283849,0.040065,0.541923,-0.135076,0.275023,0.479442,0.822345,1.429454,-0.182270,0.423258,0.044462,0.010918,0.626183,0.778331,1.327806,-0.076979,1.380943
428,3.566667,0.028000,0.003532,0.734370,0.678162,1.284274,0.040121,0.541550,-0.143913,0.297419,0.475777,0.815149,1.430443,-0.181571,0.428055,0.037412,0.007652,0.628196,0.777118,1.326670,-0.074744,1.385237
429,3.575000,0.030285,0.003327,0.733756,0.678730,1.284280,0.040254,0.541461,-0.158714,0.318221,0.475146,0.804849,1.431370,-0.181435,0.433016,0.035801,0.004785,0.628549,0.776931,1.326201,-0.072889,1.388926
430,3.583333,0.030601,0.003391,0.733606,0.678877,1.284348,0.040237,0.541452,-0.160254,0.341009,0.466446,0.800287,1.431959,-0.180875,0.438505,0.035189,0.001427,0.628941,0.776655,1.325540,-0.070931,1.392478
431,3.591667,0.028313,0.002749,0.734265,0.678267,1.284517,0.040124,0.541577,-0.186186,0.353316,0.463387,0.791060,1.433390,-0.181831,0.445126,0.030954,0.001132,0.629705,0.776217,1.324713,-0.069244,1.395511
432,3.600000,0.026811,0.005176,0.733442,0.679203,1.284630,0.040152,0.541912,-0.198894,0.363895,0.457708,0.786464,1.433902,-0.182959,0.452464,0.028158,0.002408,0.630345,0.775800,1.323962,-0.067509,1.397938
433,3.608333,0.024626,0.007465,0.734215,0.678429,1.284829,0.040122,0.542397,-0.209121,0.367145,0.451350,0.785975,1.434001,-0.184297,0.460343,0.029642,-0.005641,0.631038,0.775165,1.323346,-0.065206,1.402636
434,3.616667,0.024576,0.007681,0.734679,0.677926,1.284835,0.040019,0.542497,-0.221476,0.380747,0.443359,0.780649,1.435004,-0.184977,0.469280,0.029065,-0.008292,0.631279,0.774967,1.322707,-0.063615,1.405572
435,3.625000,0.025266,0.014188,0.739824,0.672176,1.284655,0.039964,0.542674,-0.244437,0.369231,0.443298,0.779362,1.433648,-0.186242,0.478308,0.018347,-0.002482,0.632670,0.774200,1.321841,-0.062337,1.406622
436,3.633333,0.025475,0.014351,0.739572,0.672442,1.284741,0.039904,0.542637,-0.256137,0.374699,0.439990,0.774857,1.433959,-0.186543,0.489348,0.016444,-0.004573,0.635188,0.772169,1.320818,-0.061361,1.409934
437,3.641667,0.027201,0.011049,0.738246,0.673892,1.284490,0.039875,0.542296,-0.262130,0.376077,0.436601,0.774102,1.433610,-0.187224,0.499776,0.015353,-0.004650,0.635181,0.772197,1.320715,-0.060194,1.412529
438,3.650000,0.034048,0.011082,0.737553,0.674339,1.284041,0.039832,0.541400,-0.257274,0.388871,0.430121,0.773037,1.432419,-0.187380,0.510226,0.021527,-0.013345,0.634246,0.772717,1.320601,-0.058131,1.417212
439,3.658333,0.032836,0.013275,0.736662,0.675333,1.283871,0.039978,0.541936,-0.264136,0.397603,0.422996,0.770207,1.431786,-0.187440,0.522255,0.019762,-0.013990,0.633874,0.773058,1.320365,-0.056691,1.419834
440,3.666667,0.031309,0.015235,0.737857,0.674058,1.284063,0.039802,0.542170,-0.270821,0.400779,0.421943,0.766809,1.430762,-0.187221,0.533109,0.017250,-0.015737,0.632186,0.774465,1.320643,-0.054348,1.422832
441,3.675000,0.029445,0.009209,0.738398,0.673659,1.284281,0.039498,0.541778,-0.279416,0.398574,0.422386,0.764627,1.430409,-0.186561,0.544884,0.016167,-0.016558,0.631960,0.774656,1.320461,-0.052856,1.425233
442,3.683333,0.027826,0.008119,0.738369,0.673774,1.284450,0.039349,0.541906,-0.291531,0.390266,0.422689,0.764223,1.430722,-0.185751,0.557743,0.014564,-0.017934,0.633475,0.773418,1.319664,-0.051864,1.427604
443,3.691667,0.026485,0.006271,0.737680,0.674602,1.284669,0.039278,0.542055,-0.294848,0.395551,0.419865,0.761786,1.430072,-0.184610,0.569712,0.013412,-0.018933,0.633414,0.773465,1.319600,-0.050550,1.429797
444,3.700000,0.025077,0.004326,0.736884,0.675541,1.284850,0.039215,0.542260,-0.293575,0.396879,0.419216,0.761944,1.430515,-0.183274,0.582587,0.007237,-0.015568,0.632693,0.774212,1.319467,-0.049038,1.430720
445,3.708333,0.023623,0.002599,0.736214,0.676332,1.285031,0.039145,0.542467,-0.306354,0.383955,0.417169,0.764654,1.430850,-0.180994,0.596560,0.004717,-0.016878,0.632794,0.774122,1.319276,-0.047687,1.433029
446,3.716667,0.022407,0.000284,0.735387,0.677277,1.285216,0.039070,0.542568,-0.309475,0.378648,0.416529,0.766391,1.430643,-0.178481,0.608697,0.004423,-0.019636,0.634553,0.772617,1.318694,-0.046822,1.435170
447,3.725000,0.021331,-0.001587,0.734787,0.677961,1.285371,0.038992,0.542667,-0.308344,0.372732,0.411409,0.772488,1.430694,-0.174879,0.620777,0.006717,-0.027075,0.634630,0.772312,1.318476,-0.045301,1.438707
448,3.733333,0.020279,-0.002648,0.734506,0.678294,1.285489,0.038903,0.542798,-0.314561,0.365508,0.412737,0.772725,1.430880,-0.171229,0.632962,0.004910,-0.029244,0.634045,0.772727,1.318650,-0.043489,1.440845
449,3.741667,0.024505,-0.001370,0.732819,0.679981,1.285217,0.038881,0.542601,-0.314340,0.351912,0.415110,0.777838,1.430927,-0.166989,0.644568,0.003273,-0.030716,0.634537,0.772275,1.318340,-0.042293,1.442565
450,3.750000,0.019109,-0.003124,0.734455,0.678381,1.285411,0.038797,0.542989,-0.312540,0.333841,0.417288,0.785328,1.430909,-0.162607,0.655778,0.001773,-0.032958,0.634989,0.771816,1.318049,-0.040890,1.444282
451,3.758333,0.019158,-0.002614,0.734776,0.678034,1.285353,0.038765,0.543020,-0.315646,0.322800,0.421486,0.786458,1.431313,-0.157355,0.666782,0.000480,-0.035360,0.635233,0.771510,1.317842,-0.039633,1.445856
452,3.766667,0.019033,-0.002060,0.735300,0.677472,1.285283,0.038762,0.543056,-0.313715,0.312867,0.424822,0.789445,1.431842,-0.151491,0.677704,-0.001436,-0.038025,0.635776,0.770935,1.317840,-0.038315,1.447556
453,3.775000,0.021658,0.000440,0.735130,0.677580,1.284967,0.038794,0.542696,-0.312845,0.301926,0.428500,0.792058,1.432355,-0.145001,0.687995,-0.001846,-0.040682,0.636083,0.770546,1.317724,-0.037016,1.449062
454,3.783333,0.018998,-0.001324,0.736508,0.676160,1.285059,0.038747,0.542990,-0.317171,0.291254,0.429090,0.794013,1.432560,-0.138235,0.698376,-0.004497,-0.042847,0.635743,0.770697,1.317630,-0.035933,1.450083
455,3.791667,0.019761,0.004617,0.740557,0.671687,1.284696,0.038754,0.543190,-0.314530,0.281066,0.433127,0.796538,1.433119,-0.131146,0.707564,-0.005327,-0.045219,0.636151,0.770220,1.317415,-0.034643,1.451567
456,3.800000,0.020093,0.003532,0.740746,0.671476,1.284688,0.038796,0.543143,-0.303629,0.272907,0.437955,0.800954,1.433975,-0.123963,0.716267,-0.005274,-0.048302,0.636181,0.770009,1.317267,-0.033628,1.453316
457,3.808333,0.023967,0.002589,0.740918,0.671162,1.284566,0.039296,0.542976,-0.297346,0.262844,0.442142,0.804369,1.434666,-0.116160,0.724679,0.004955,-0.058254,0.636682,0.768907,1.317552,-0.033436,1.458158
458,3.816667,0.026839,0.003980,0.741607,0.670285,1.284521,0.039438,0.542738,-0.291404,0.254645,0.444487,0.807880,1.435446,-0.108322,0.732141,0.005196,-0.061116,0.636671,0.768692,1.317412,-0.032307,1.459769
459,3.825000,0.027996,0.007383,0.742125,0.669636,1.284478,0.039400,0.542592,-0.270157,0.251091,0.444950,0.816081,1.436010,-0.099157,0.739334,0.004660,-0.063948,0.637092,0.768116,1.316968,-0.031363,1.461145
460,3.833333,0.027864,0.006941,0.741371,0.670480,1.284433,0.039283,0.542410,-0.265504,0.241573,0.446598,0.819573,1.436935,-0.090679,0.745624,0.003780,-0.065709,0.637419,0.767701,1.316744,-0.030258,1.462153
461,3.841667,0.027819,0.005547,0.739479,0.672582,1.284572,0.039126,0.542312,-0.263962,0.232111,0.447773,0.822160,1.437978,-0.082566,0.751282,0.003498,-0.068363,0.637382,0.767502,1.316454,-0.029311,1.463343
462,3.850000,0.020823,-0.000307,0.736807,0.675782,1.285206,0.038806,0.542756,-0.267276,0.221378,0.449383,0.823171,1.439044,-0.074399,0.756033,0.003629,-0.071275,0.637031,0.767527,1.316352,-0.028317,1.464755
463,3.858333,0.023253,-0.001391,0.733794,0.678972,1.285133,0.039144,0.543162,-0.268646,0.208306,0.454300,0.823438,1.440243,-0.065943,0.760274,0.003748,-0.073975,0.636807,0.767457,1.316227,-0.027247,1.465948
464,3.866667,0.021923,-0.004575,0.732917,0.679949,1.285157,0.038669,0.543138,-0.254550,0.201236,0.456295,0.828555,1.441356,-0.056168,0.764442,0.003689,-0.076231,0.636542,0.767457,1.316021,-0.026213,1.466985
465,3.875000,0.022248,-0.005114,0.732447,0.680441,1.285229,0.038680,0.543193,-0.249648,0.190955,0.458841,0.831070,1.442573,-0.046796,0.767763,0.004850,-0.080391,0.636056,0.767428,1.315959,-0.025381,1.468620
466,3.883333,0.023329,-0.003493,0.732512,0.680345,1.285249,0.038785,0.543305,-0.244992,0.183082,0.459228,0.834008,1.443688,-0.037089,0.770554,0.003549,-0.081684,0.636120,0.767246,1.315719,-0.024481,1.469143
467,3.891667,0.023928,0.000032,0.733284,0.679501,1.285411,0.038749,0.543174,-0.224251,0.182304,0.457762,0.840791,1.444851,-0.026435,0.773467,0.004547,-0.085275,0.635356,0.767483,1.315865,-0.023614,1.470511
468,3.900000,0.022252,-0.001737,0.734588,0.678146,1.285118,0.038861,0.543296,-0.217780,0.174227,0.460529,0.842692,1.446163,-0.016444,0.775383,0.002911,-0.085517,0.635846,0.767058,1.315697,-0.022734,1.470868
469,3.908333,0.021996,0.000095,0.735217,0.677475,1.285087,0.038986,0.543266,-0.211534,0.163428,0.465068,0.843953,1.447517,-0.006622,0.776453,0.004244,-0.089426,0.635189,0.767150,1.315700,-0.021816,1.472324
470,3.916667,0.023005,0.001949,0.735807,0.676797,1.285049,0.038877,0.543273,-0.203292,0.155364,0.467541,0.846133,1.448845,0.003772,0.777256,0.004296,-0.091021,0.634626,0.767429,1.315624,-0.020795,1.473152
471,3.925000,0.023564,0.002495,0.736072,0.676488,1.284995,0.038918,0.543282,-0.194107,0.149299,0.469141,0.848492,1.450255,0.014554,0.777726,0.003426,-0.092453,0.634808,0.767111,1.315563,-0.020003,1.473804
472,3.933333,0.025671,0.005914,0.734637,0.677949,1.285419,0.038847,0.542884,-0.184753,0.141401,0.471413,0.850671,1.451693,0.025383,0.777672,0.004916,-0.095617,0.634295,0.767140,1.315335,-0.018896,1.475132
473,3.941667,0.025871,0.006816,0.736440,0.675974,1.285172,0.038975,0.543156,-0.176781,0.133579,0.473551,0.852440,1.453160,0.036194,0.777360,0.003111,-0.095520,0.634825,0.766723,1.315087,-0.017845,1.475237
474,3.950000,0.024992,0.007916,0.736009,0.676464,1.285247,0.038946,0.543057,-0.166814,0.133139,0.469635,0.856674,1.454514,0.048022,0.777305,0.005756,-0.099304,0.634546,0.766457,1.314835,-0.016834,1.476774
475,3.958333,0.025954,0.008599,0.736947,0.675397,1.284980,0.039042,0.543360,-0.160679,0.119414,0.473590,0.857692,1.456015,0.058222,0.776230,0.002969,-0.096615,0.635085,0.766370,1.314852,-0.015615,1.476130
476,3.966667,0.024736,0.006557,0.737961,0.674358,1.284671,0.038966,0.543222,-0.154416,0.109488,0.473810,0.860042,1.457693,0.068884,0.774998,0.003790,-0.102195,0.634664,0.765992,1.314935,-0.015004,1.477861
477,3.975000,0.024646,0.006536,0.738190,0.674111,1.284637,0.038968,0.543173,-0.144779,0.100492,0.474050,0.862680,1.459213,0.079741,0.773602,0.004078,-0.103706,0.634942,0.765557,1.314776,-0.014064,1.478782
478,3.983333,0.024926,0.006787,0.738092,0.674206,1.284639,0.038988,0.543154,-0.136245,0.091912,0.474838,0.864592,1.460737,0.090705,0.771859,0.001998,-0.103425,0.635278,0.765324,1.314823,-0.013090,1.478716
479,3.991667,0.024983,0.006693,0.737998,0.674307,1.284639,0.039003,0.543131,-0.121272,0.088650,0.474026,0.867603,1.461986,0.102296,0.770339,0.002946,-0.105949,0.635049,0.765166,1.314871,-0.012246,1.479766
480,4.000000,0.024753,0.006653,0.736652,0.675786,1.284726,0.039011,0.543076,-0.107919,0.078575,0.478515,0.867873,1.463407,0.115087,0.769142,0.000199,-0.103300,0.635575,0.765097,1.315013,-0.011109,1.479065
481,4.008333,0.024075,0.006169,0.737273,0.675138,1.284678,0.038964,0.543073,-0.096927,0.069645,0.482141,0.867925,1.464699,0.125909,0.766889,-0.000146,-0.104855,0.636172,0.764389,1.315091,-0.010212,1.479748
482,4.016667,0.023809,0.005555,0.737903,0.674464,1.284586,0.038944,0.543084,-0.086900,0.060929,0.483400,0.868942,1.466163,0.136236,0.764741,-0.003555,-0.101065,0.636176,0.764888,1.315708,-0.009646,1.478967
483,4.025000,0.023382,0.005274,0.737686,0.674719,1.284579,0.038943,0.543058,-0.077773,0.054388,0.484434,0.869665,1.467749,0.146237,0.762312,-0.004552,-0.100707,0.636934,0.764299,1.315424,-0.008332,1.479143
484,4.033333,0.023132,0.005254,0.737542,0.674885,1.284565,0.038957,0.543062,-0.068846,0.047992,0.487790,0.868918,1.469143,0.155765,0.759733,-0.006905,-0.098771,0.637130,0.764370,1.315936,-0.007244,1.478729
485,4.041667,0.023334,0.005433,0.737426,0.675003,1.284575,0.038969,0.543084,-0.060283,0.042530,0.488939,0.869193,1.470559,0.164822,0.757049,-0.006608,-0.100563,0.637287,0.764009,1.316152,-0.006406,1.479498
486,4.050000,0.023269,0.005609,0.737477,0.674948,1.284566,0.038982,0.543100,-0.052299,0.036119,0.492093,0.868220,1.471779,0.173606,0.754427,-0.008547,-0.100028,0.637517,0.763868,1.316508,-0.005602,1.479417
487,4.058333,0.023898,0.005771,0.737654,0.674731,1.284566,0.039003,0.543135,-0.045277,0.032210,0.491974,0.868835,1.472853,0.182610,0.751749,-0.009410,-0.100341,0.637745,0.763625,1.316996,-0.004614,1.479538
488,4.066667,0.024030,0.005959,0.737736,0.674635,1.284587,0.038992,0.543115,-0.040739,0.026812,0.492707,0.868828,1.474005,0.190604,0.749250,-0.010214,-0.100828,0.637715,0.763577,1.317405,-0.003637,1.479819
489,4.075000,0.024214,0.006217,0.737814,0.674541,1.284577,0.038976,0.543099,-0.033905,0.023386,0.494499,0.868202,1.475120,0.198286,0.746420,-0.010272,-0.101844,0.638126,0.763097,1.317529,-0.002539,1.480206
490,4.083333,0.024431,0.006631,0.737875,0.674463,1.284579,0.038968,0.543117,-0.028180,0.019491,0.496102,0.867588,1.476225,0.205278,0.743650,-0.011039,-0.102430,0.638540,0.762662,1.318018,-0.001407,1.480235
491,4.091667,0.024528,0.006976,0.738039,0.674276,1.284596,0.038947,0.543109,-0.021998,0.015151,0.498241,0.866627,1.477425,0.211706,0.741016,-0.012292,-0.101772,0.638955,0.762383,1.318659,-0.000538,1.480015
492,4.100000,0.024543,0.007043,0.738176,0.674125,1.284580,0.038927,0.543086,-0.021687,0.012146,0.500118,0.865600,1.478518,0.217226,0.738237,-0.011988,-0.103335,0.639078,0.762074,1.318712,0.000598,1.480597
493,4.108333,0.024473,0.006992,0.738334,0.673955,1.284571,0.038902,0.543063,-0.022794,0.011784,0.500338,0.865450,1.479361,0.221893,0.735376,-0.012584,-0.102958,0.639355,0.761884,1.319031,0.001752,1.480474
494,4.116667,0.023855,0.007031,0.738539,0.673752,1.284550,0.038885,0.543038,-0.023331,0.011773,0.500101,0.865573,1.480358,0.226131,0.732700,-0.013158,-0.103340,0.640075,0.761217,1.319616,0.002674,1.480415
495,4.125000,0.023646,0.007128,0.738641,0.673647,1.284528,0.038848,0.543039,-0.020163,0.012610,0.501172,0.865021,1.481012,0.230369,0.730238,-0.013632,-0.102881,0.640505,0.760909,1.319890,0.003946,1.480413
496,4.133333,0.023541,0.007220,0.738583,0.673713,1.284516,0.038829,0.543044,-0.017635,0.010450,0.500254,0.865636,1.481830,0.234276,0.727444,-0.014937,-0.101421,0.640925,0.760727,1.320406,0.005045,1.480058
497,4.141667,0.023427,0.007099,0.738671,0.673621,1.284484,0.038802,0.543031,-0.014851,0.008891,0.502104,0.864634,1.482869,0.237732,0.724951,-0.015125,-0.100391,0.641527,0.760353,1.320442,0.006291,1.479928
498,4.150000,0.023351,0.006961,0.738810,0.673473,1.284442,0.038787,0.543041,-0.012043,0.007233,0.503058,0.864139,1.483746,0.240733,0.722174,-0.015927,-0.099587,0.642037,0.760011,1.320813,0.007378,1.479774
499,4.158333,0.023198,0.006994,0.738851,0.673433,1.284426,0.038760,0.543032,-0.002297,-0.000679,0.501971,0.864881,1.484481,0.243640,0.719670,-0.017218,-0.098131,0.641976,0.760224,1.321540,0.008193,1.479430
500,4.166667,0.022964,0.006983,0.738498,0.673828,1.284443,0.038750,0.543008,-0.003949,-0.008996,0.503053,0.864200,1.485561,0.245364,0.718205,-0.017275,-0.097451,0.642224,0.760101,1.321749,0.009473,1.479324
501,4.175000,0.022709,0.007034,0.738121,0.674249,1.284469,0.038756,0.543017,-0.008362,-0.016213,0.504778,0.863056,1.486513,0.246432,0.717196,-0.018088,-0.096029,0.642763,0.759807,1.322091,0.010673,1.478983
502,4.183333,0.022329,0.005718,0.737625,0.674817,1.284649,0.038638,0.542896,-0.012764,-0.022673,0.504635,0.862941,1.487342,0.246483,0.716168,-0.017593,-0.095494,0.643495,0.759267,1.322300,0.011716,1.478993
503,4.191667,0.021675,0.005243,0.737585,0.674886,1.284887,0.038416,0.542813,-0.015706,-0.027228,0.506165,0.861864,1.488016,0.246142,0.715422,-0.015475,-0.096870,0.643805,0.758875,1.321783,0.013106,1.479562
504,4.200000,0.020947,0.004784,0.737425,0.675087,1.284944,0.038328,0.542830,-0.022744,-0.030421,0.506350,0.861491,1.488443,0.245333,0.714762,-0.011484,-0.098001,0.645077,0.757720,1.320883,0.014384,1.480530
505,4.208333,0.021041,0.003361,0.739008,0.673359,1.284723,0.038397,0.543048,-0.024767,-0.034687,0.508239,0.860161,1.488437,0.244015,0.714445,-0.011471,-0.097956,0.645537,0.757334,1.321108,0.015184,1.480372
506,4.216667,0.021074,0.003284,0.738822,0.673563,1.284714,0.038350,0.543113,-0.027342,-0.037102,0.509678,0.859130,1.488039,0.242627,0.714327,-0.010842,-0.098799,0.646210,0.756660,1.320887,0.016127,1.480367
507,4.225000,0.020931,0.003177,0.738754,0.673643,1.284676,0.038305,0.543151,-0.029544,-0.040202,0.511391,0.857899,1.487354,0.241500,0.714316,-0.011038,-0.096746,0.647160,0.756110,1.320685,0.017230,1.479945
508,4.233333,0.020986,0.003375,0.738650,0.673754,1.284644,0.038290,0.543188,-0.031975,-0.044745,0.510600,0.858058,1.486918,0.240422,0.714584,-0.010663,-0.095589,0.647884,0.755643,1.320757,0.018290,1.479915
509,4.241667,0.020727,0.003175,0.738673,0.673738,1.284592,0.038301,0.543189,-0.031663,-0.046056,0.511661,0.857368,1.486147,0.239786,0.714551,-0.008999,-0.095793,0.647606,0.755876,1.321224,0.018867,1.480252
510,4.250000,0.020712,0.003242,0.738679,0.673731,1.284553,0.038339,0.543201,-0.030949,-0.046224,0.512364,0.856965,1.485472,0.239486,0.714568,-0.010036,-0.093576,0.647923,0.755869,1.321500,0.020053,1.479708
511,4.258333,0.020600,0.003515,0.738739,0.673668,1.284541,0.038364,0.543213,-0.030217,-0.045163,0.512892,0.856732,1.484845,0.239600,0.714593,-0.009462,-0.092513,0.647617,0.756270,1.322439,0.020738,1.479654
512,4.266667,0.020736,0.003685,0.738799,0.673596,1.284529,0.038406,0.543222,-0.033799,-0.044504,0.514738,0.855524,1.483756,0.240188,0.714539,-0.011115,-0.089897,0.646865,0.757206,1.323393,0.021587,1.479001
513,4.275000,0.020740,0.003597,0.738886,0.673501,1.284512,0.038433,0.543205,-0.034725,-0.042824,0.514519,0.855705,1.483119,0.240576,0.714508,-0.012910,-0.089128,0.646611,0.757485,1.323750,0.022511,1.478314
514,4.283333,0.020795,0.003694,0.738945,0.673435,1.284488,0.038460,0.543224,-0.040129,-0.041589,0.514597,0.855482,1.482699,0.241320,0.714666,-0.013924,-0.087918,0.645717,0.758371,1.324900,0.023245,1.478146
515,4.291667,0.020721,0.003731,0.739119,0.673246,1.284465,0.038458,0.543232,-0.034682,-0.041110,0.513959,0.856127,1.482216,0.241314,0.714610,-0.014923,-0.087344,0.645372,0.758712,1.325460,0.024107,1.477885
516,4.300000,0.020598,0.003969,0.739097,0.673272,1.284438,0.038441,0.543291,-0.033952,-0.040489,0.513554,0.856429,1.481910,0.241457,0.714505,-0.015965,-0.086085,0.644302,0.759743,1.326563,0.024691,1.477644
517,4.308333,0.020554,0.003751,0.739121,0.673249,1.284378,0.038378,0.543307,-0.033802,-0.040611,0.513299,0.856582,1.481674,0.241475,0.714490,-0.016531,-0.085381,0.643283,0.760673,1.327459,0.025567,1.477594
518,4.316667,0.020120,0.003420,0.739157,0.673224,1.284320,0.038292,0.543350,-0.032984,-0.040434,0.512994,0.856805,1.481519,0.241402,0.714405,-0.015720,-0.086312,0.643311,0.760562,1.328264,0.026289,1.477841
519,4.325000,0.019747,0.002757,0.739152,0.673243,1.284250,0.038207,0.543388,-0.031656,-0.039941,0.512904,0.856932,1.481438,0.241217,0.714259,-0.015231,-0.087300,0.644061,0.759824,1.328469,0.027462,1.478006
520,4.333333,0.019468,0.002580,0.739209,0.673190,1.284217,0.038134,0.543449,-0.030737,-0.039725,0.512990,0.856924,1.481467,0.240988,0.714148,-0.017450,-0.085143,0.643852,0.760198,1.329670,0.028163,1.477385
521,4.341667,0.018989,0.002678,0.739232,0.673177,1.284181,0.038107,0.543561,-0.029910,-0.038967,0.512634,0.857201,1.481635,0.240696,0.713984,-0.017072,-0.085786,0.644297,0.759757,1.330123,0.029313,1.477394
522,4.350000,0.018495,0.002513,0.739247,0.673176,1.284145,0.038093,0.543630,-0.030571,-0.038826,0.512652,0.857173,1.481849,0.240516,0.713932,-0.016843,-0.085878,0.645234,0.758956,1.330803,0.030346,1.477299
523,4.358333,0.018100,0.002053,0.739223,0.673214,1.284099,0.038078,0.543673,-0.030751,-0.038537,0.512610,0.857205,1.482090,0.240370,0.713793,-0.017148,-0.085408,0.646063,0.758297,1.331273,0.031496,1.477094
524,4.366667,0.017782,0.001869,0.739271,0.673171,1.284074,0.038054,0.543738,-0.031115,-0.038303,0.512722,0.857135,1.482310,0.240246,0.713664,-0.017020,-0.085158,0.647030,0.757503,1.331991,0.032669,1.476925
525,4.375000,0.017554,0.002053,0.739457,0.672972,1.284039,0.038034,0.543853,-0.031621,-0.038606,0.512987,0.856944,1.482485,0.240189,0.713582,-0.016996,-0.083133,0.647401,0.757411,1.333175,0.033851,1.476577
526,4.383333,0.017458,0.001990,0.739509,0.672917,1.284027,0.037993,0.543884,-0.032306,-0.039095,0.513151,0.856799,1.482663,0.240181,0.713520,-0.017139,-0.082298,0.648022,0.756969,1.334013,0.035021,1.476291
527,4.391667,0.017419,0.002109,0.739559,0.672863,1.284037,0.037971,0.543915,-0.032976,-0.039717,0.513298,0.856656,1.482829,0.240226,0.713473,-0.017424,-0.082974,0.649293,0.755798,1.334428,0.036459,1.476043
528,4.400000,0.017643,0.002286,0.739547,0.672870,1.284065,0.037969,0.543904,-0.033628,-0.040436,0.513403,0.856534,1.482983,0.240327,0.713433,-0.017723,-0.081238,0.649596,0.755719,1.335625,0.037769,1.475524
529,4.408333,0.017657,0.002279,0.739569,0.672845,1.284107,0.037963,0.543854,-0.033731,-0.041100,0.513592,0.856385,1.483122,0.240451,0.713428,-0.018356,-0.080505,0.650267,0.755205,1.336471,0.039379,1.475147
530,4.416667,0.017847,0.002271,0.739535,0.672878,1.284137,0.037992,0.543792,-0.033845,-0.041415,0.513647,0.856333,1.483230,0.240555,0.713370,-0.019731,-0.079900,0.649793,0.755643,1.337879,0.040770,1.474547
531,4.425000,0.018165,0.002525,0.739583,0.672815,1.284153,0.038039,0.543762,-0.033752,-0.041763,0.513706,0.856284,1.483302,0.240678,0.713313,-0.020545,-0.078337,0.649382,0.756138,1.339421,0.042414,1.473991
532,4.433333,0.018296,0.002534,0.739561,0.672836,1.284181,0.038066,0.543709,-0.033947,-0.042034,0.513596,0.856329,1.483349,0.240801,0.713263,-0.019860,-0.079521,0.649337,0.756071,1.340286,0.043903,1.474297
533,4.441667,0.018469,0.002646,0.739562,0.672830,1.284197,0.038058,0.543675,-0.034190,-0.042130,0.513485,0.856382,1.483366,0.240900,0.713216,-0.020331,-0.079936,0.648837,0.756444,1.341463,0.045589,1.473976
534,4.450000,0.018603,0.002746,0.739619,0.672763,1.284201,0.038054,0.543628,-0.034477,-0.042094,0.513341,0.856458,1.483377,0.240959,0.713161,-0.020710,-0.080555,0.648581,0.756587,1.342694,0.047175,1.473903
535,4.458333,0.018804,0.002914,0.739658,0.672714,1.284219,0.038041,0.543588,-0.034309,-0.041818,0.513224,0.856548,1.483380,0.241023,0.713129,-0.018349,-0.082685,0.648174,0.756767,1.343440,0.048955,1.474437
536,4.466667,0.018862,0.003132,0.739602,0.672773,1.284216,0.038038,0.543569,-0.033836,-0.041365,0.513159,0.856628,1.483368,0.241110,0.713064,-0.013752,-0.083505,0.648345,0.756629,1.344049,0.050712,1.475544
537,4.475000,0.018920,0.003224,0.739603,0.672769,1.284220,0.038054,0.543554,-0.034245,-0.040183,0.513263,0.856606,1.483446,0.241122,0.713025,-0.016349,-0.082674,0.648081,0.756895,1.345314,0.052454,1.474552
538,4.483333,0.018960,0.003313,0.739577,0.672797,1.284223,0.038073,0.543532,-0.033737,-0.039352,0.513064,0.856784,1.483489,0.241135,0.712964,-0.017852,-0.083153,0.648138,0.756759,1.345903,0.054226,1.474209
539,4.491667,0.018817,0.003364,0.739635,0.672737,1.284208,0.038097,0.543532,-0.032895,-0.038361,0.512884,0.856970,1.483522,0.241228,0.712874,-0.016743,-0.081905,0.648519,0.756594,1.346710,0.056080,1.474024
540,4.500000,0.018633,0.003239,0.739672,0.672702,1.284170,0.038113,0.543545,-0.032332,-0.037797,0.512944,0.856980,1.483577,0.241329,0.712855,-0.016934,-0.079383,0.648626,0.756767,1.347733,0.058049,1.473934
541,4.508333,0.018326,0.003344,0.739670,0.672712,1.284144,0.038124,0.543591,-0.031633,-0.037436,0.513079,0.856941,1.483667,0.241414,0.712838,-0.016398,-0.079299,0.649213,0.756284,1.348408,0.060202,1.474058
542,4.516667,0.018010,0.003218,0.739645,0.672749,1.284070,0.038142,0.543615,-0.031038,-0.036984,0.513157,0.856936,1.483740,0.241479,0.712825,-0.017728,-0.079470,0.649313,0.756150,1.349111,0.062006,1.474236
543,4.525000,0.017585,0.003042,0.739580,0.672832,1.284010,0.038139,0.543646,-0.030647,-0.036801,0.513193,0.856936,1.483805,0.241510,0.712802,-0.017245,-0.077765,0.649656,0.756044,1.350463,0.064019,1.474095
544,4.533333,0.017091,0.002727,0.739541,0.672889,1.283933,0.038152,0.543684,-0.029939,-0.036624,0.513367,0.856864,1.483873,0.241545,0.712785,-0.018830,-0.075755,0.649886,0.756013,1.351752,0.066219,1.473946
545,4.541667,0.016494,0.002311,0.739417,0.673041,1.283833,0.038169,0.543705,-0.029472,-0.036554,0.513578,0.856757,1.483928,0.241566,0.712753,-0.020009,-0.072993,0.649589,0.756509,1.353679,0.068359,1.473837
546,4.550000,0.015739,0.001764,0.739433,0.673044,1.283725,0.038196,0.543743,-0.029122,-0.036385,0.513651,0.856733,1.484018,0.241605,0.712743,-0.021120,-0.073094,0.649623,0.756439,1.355061,0.070612,1.474055
547,4.558333,0.014850,0.001344,0.739418,0.673081,1.283606,0.038217,0.543774,-0.028761,-0.036125,0.513825,0.856652,1.484108,0.241624,0.712685,-0.023143,-0.072235,0.649403,0.756652,1.356711,0.072801,1.474157
548,4.566667,0.013771,0.000651,0.739429,0.673094,1.283467,0.038262,0.543825,-0.028391,-0.035756,0.513934,0.856614,1.484205,0.241653,0.712634,-0.024560,-0.072812,0.649133,0.756784,1.358180,0.075080,1.474495
549,4.575000,0.012509,0.000054,0.739448,0.673098,1.283308,0.038312,0.543890,-0.027951,-0.035520,0.514169,0.856497,1.484304,0.241675,0.712601,-0.026473,-0.071831,0.648715,0.757171,1.359971,0.077190,1.474848
550,4.583333,0.011040,-0.000239,0.739346,0.673235,1.283130,0.038377,0.543981,-0.027490,-0.035301,0.514244,0.856476,1.484407,0.241698,0.712549,-0.026848,-0.074137,0.648467,0.757148,1.361420,0.079407,1.475727
551,4.591667,0.009727,-0.000712,0.739218,0.673395,1.282934,0.038459,0.544052,-0.026984,-0.034779,0.514450,0.856390,1.484534,0.241704,0.712507,-0.029501,-0.073563,0.648092,0.757427,1.363022,0.081776,1.476148
552,4.600000,0.008156,-0.001002,0.739138,0.673504,1.282744,0.038543,0.544130,-0.026264,-0.034196,0.514533,0.856386,1.484674,0.241692,0.712453,-0.030985,-0.074707,0.648188,0.757173,1.364498,0.084042,1.476832
553,4.608333,0.006504,-0.001014,0.739089,0.673575,1.282595,0.038631,0.544237,-0.025397,-0.033746,0.514652,0.856358,1.484832,0.241665,0.712407,-0.032917,-0.072397,0.647527,0.757881,1.366511,0.086162,1.477121
554,4.616667,0.004613,-0.000940,0.739125,0.673552,1.282449,0.038725,0.544348,-0.024407,-0.032947,0.514622,0.856436,1.485013,0.241649,0.712346,-0.035438,-0.071355,0.647487,0.757901,1.368058,0.088411,1.477619
555,4.625000,0.002347,-0.000350,0.739070,0.673625,1.282297,0.038862,0.544566,-0.023159,-0.032360,0.514610,0.856500,1.485199,0.241655,0.712248,-0.037387,-0.072450,0.647820,0.757418,1.369067,0.090662,1.478528
556,4.633333,-0.002626,-0.001459,0.738144,0.674636,1.282652,0.038895,0.545045,-0.021898,-0.031520,0.514463,0.856653,1.485407,0.241654,0.712146,-0.048446,-0.065264,0.649255,0.756215,1.370164,0.092245,1.476824
557,4.641667,-0.006902,-0.000061,0.737302,0.675528,1.282453,0.039024,0.545585,-0.021200,-0.030445,0.514265,0.856828,1.485638,0.241599,0.712038,-0.069673,-0.050519,0.652592,0.752806,1.370661,0.092589,1.472228
558,4.650000,-0.014121,0.000634,0.736507,0.676282,1.282521,0.039055,0.546361,-0.020221,-0.029628,0.513958,0.857065,1.485845,0.241561,0.711894,-0.077360,-0.049554,0.655237,0.749816,1.371191,0.094280,1.472409
559,4.658333,-0.021879,0.001251,0.735890,0.676747,1.282753,0.039098,0.547195,-0.019632,-0.029039,0.513718,0.857243,1.486045,0.241524,0.711809,-0.080242,-0.051309,0.655680,0.749008,1.372247,0.096808,1.474210
560,4.666667,-0.030269,0.004665,0.734902,0.677481,1.282721,0.039406,0.548439,-0.019337,-0.028899,0.513403,0.857443,1.486204,0.241502,0.711706,-0.081074,-0.048381,0.654993,0.749714,1.372940,0.098971,1.475514
561,4.675000,-0.040642,0.007159,0.733758,0.678156,1.282750,0.039706,0.549883,-0.019202,-0.028996,0.513144,0.857598,1.486342,0.241473,0.711622,-0.078670,-0.050381,0.655917,0.749030,1.373854,0.101220,1.477654
562,4.683333,-0.051061,0.009735,0.732621,0.678649,1.282636,0.040053,0.551536,-0.019266,-0.029168,0.512875,0.857751,1.486462,0.241459,0.711553,-0.079858,-0.046190,0.655545,0.749500,1.374527,0.103836,1.479631
563,4.691667,-0.062732,0.013515,0.731446,0.678873,1.282544,0.040600,0.553423,-0.019359,-0.029503,0.512628,0.857886,1.486562,0.241469,0.711490,-0.081088,-0.041694,0.655485,0.749684,1.375084,0.106468,1.482193
564,4.700000,-0.074579,0.017126,0.730482,0.678631,1.282243,0.041365,0.555610,-0.019483,-0.029727,0.512435,0.857990,1.486641,0.241469,0.711430,-0.078466,-0.037465,0.655964,0.749767,1.375838,0.108883,1.485395
565,4.708333,-0.088378,0.022103,0.729010,0.678413,1.281803,0.042315,0.558110,-0.019752,-0.029734,0.512149,0.858154,1.486691,0.241515,0.711333,-0.074914,-0.034009,0.655660,0.750561,1.376374,0.111080,1.488489
566,4.716667,-0.102461,0.026602,0.727923,0.677438,1.281369,0.043172,0.560602,-0.020221,-0.029669,0.511880,0.858306,1.486736,0.241571,0.711240,-0.074878,-0.029843,0.656549,0.749964,1.376917,0.113543,1.492075
567,4.725000,-0.116221,0.034144,0.725964,0.676981,1.280673,0.044195,0.563271,-0.020661,-0.029723,0.511600,0.858461,1.486772,0.241665,0.711185,-0.074596,-0.023833,0.657331,0.749522,1.377519,0.115654,1.495587
568,4.733333,-0.130167,0.041783,0.724650,0.675421,1.280056,0.045469,0.566017,-0.023849,-0.029520,0.512209,0.858022,1.486973,0.242051,0.711337,-0.074293,-0.019197,0.658385,0.748760,1.377992,0.117883,1.499548
569,4.741667,-0.142564,0.050547,0.723676,0.673361,1.279466,0.046914,0.568783,-0.024231,-0.029905,0.511997,0.858124,1.487020,0.242143,0.711303,-0.073749,-0.015006,0.659375,0.748038,1.378340,0.120157,1.503605
570,4.750000,-0.151764,0.059626,0.723686,0.670590,1.278705,0.048588,0.571639,-0.024489,-0.030172,0.511848,0.858197,1.487069,0.242238,0.711275,-0.071893,-0.012036,0.660600,0.747190,1.378726,0.122585,1.508493
571,4.758333,-0.174707,0.064350,0.723665,0.664565,1.277332,0.051056,0.575783,-0.024695,-0.030520,0.511695,0.858270,1.487117,0.242306,0.711259,-0.068443,-0.009361,0.661677,0.746600,1.379137,0.125027,1.513415
572,4.766667,-0.190854,0.076601,0.722745,0.659808,1.276320,0.053458,0.579552,-0.024827,-0.030698,0.511610,0.858310,1.487180,0.242356,0.711247,-0.065238,-0.008103,0.662601,0.746082,1.379666,0.128182,1.518411
573,4.775000,-0.202704,0.095821,0.726661,0.649379,1.274718,0.057078,0.583191,-0.022253,-0.031286,0.510665,0.858922,1.487096,0.242115,0.711074,-0.063213,-0.004649,0.663050,0.745887,1.379995,0.130694,1.523271
574,4.783333,-0.218058,0.110638,0.724138,0.644852,1.273748,0.059821,0.587357,-0.022326,-0.031263,0.510608,0.858955,1.487142,0.242150,0.711059,-0.060627,-0.001186,0.663731,0.745509,1.380310,0.133060,1.528378
575,4.791667,-0.230625,0.123224,0.720189,0.642617,1.272914,0.062500,0.591724,-0.022457,-0.031011,0.510533,0.859006,1.487187,0.242199,0.711050,-0.058120,0.001690,0.664335,0.745170,1.380619,0.135636,1.533441
576,4.800000,-0.240554,0.129684,0.716495,0.641834,1.272175,0.065107,0.596611,-0.022997,-0.031312,0.510226,0.859162,1.487185,0.242314,0.711072,-0.055146,0.005020,0.664737,0.745022,1.380982,0.138160,1.538362
577,4.808333,-0.247426,0.133160,0.713768,0.641548,1.271876,0.067317,0.602074,-0.022886,-0.031048,0.510208,0.859186,1.487193,0.242394,0.711065,-0.051757,0.008476,0.664984,0.745014,1.381368,0.140595,1.543048
578,4.816667,-0.250190,0.140800,0.710817,0.642120,1.271895,0.068245,0.608374,-0.022845,-0.030839,0.510022,0.859305,1.487200,0.242469,0.711051,-0.049866,0.010760,0.666335,0.743906,1.381600,0.142724,1.547497
579,4.825000,-0.249355,0.152846,0.709093,0.641598,1.271945,0.067670,0.615560,-0.022587,-0.030678,0.509907,0.859386,1.487198,0.242513,0.711072,-0.046872,0.013229,0.666849,0.743600,1.381939,0.145148,1.551806
580,4.833333,-0.257758,0.162320,0.708353,0.636749,1.272552,0.066761,0.623400,-0.022458,-0.030549,0.509742,0.859492,1.487179,0.242533,0.711075,-0.043704,0.015508,0.667294,0.743350,1.382325,0.147817,1.556027
581,4.841667,-0.254578,0.175024,0.707647,0.635447,1.272516,0.065038,0.631483,-0.022077,-0.030336,0.509515,0.859643,1.487162,0.242521,0.711081,-0.040012,0.017967,0.667641,0.743191,1.382733,0.150127,1.560128
582,4.850000,-0.252351,0.183280,0.708208,0.633379,1.272304,0.062762,0.640288,-0.029813,-0.027794,0.511190,0.858501,1.487238,0.242297,0.710819,-0.036826,0.018148,0.670616,0.740668,1.383376,0.151792,1.563778
583,4.858333,-0.252423,0.183133,0.717385,0.622980,1.270475,0.060116,0.650064,-0.021341,-0.030224,0.509117,0.859902,1.487246,0.242520,0.711102,-0.032375,0.019471,0.670863,0.740619,1.383859,0.154132,1.567641
584,4.866667,-0.249820,0.194830,0.717429,0.620425,1.270307,0.057224,0.659175,-0.020810,-0.030027,0.509097,0.859934,1.487303,0.242479,0.711128,-0.027470,0.020609,0.671475,0.740231,1.384233,0.155986,1.571545
585,4.875000,-0.247608,0.205381,0.720373,0.614469,1.269741,0.054530,0.668195,-0.020566,-0.029790,0.509211,0.859880,1.487368,0.242446,0.711165,-0.023688,0.023288,0.672179,0.739643,1.384815,0.158173,1.575395
586,4.883333,-0.245285,0.211961,0.727562,0.604616,1.268435,0.051242,0.678426,-0.019713,-0.029420,0.509150,0.859949,1.487357,0.242386,0.711134,-0.022089,0.024992,0.671837,0.739947,1.385381,0.160492,1.578242
587,4.891667,-0.246012,0.219841,0.728683,0.600141,1.268023,0.048418,0.687775,-0.019448,-0.029169,0.509187,0.859941,1.487360,0.242355,0.711162,-0.017911,0.026955,0.671461,0.740333,1.385979,0.162714,1.582117
588,4.900000,-0.245922,0.226105,0.732578,0.593067,1.267432,0.045567,0.697382,-0.019244,-0.029060,0.509214,0.859934,1.487331,0.242318,0.711183,-0.016085,0.029403,0.671141,0.740572,1.386596,0.164988,1.585138
589,4.908333,-0.243082,0.232774,0.735629,0.587858,1.266850,0.042644,0.706946,-0.018891,-0.028888,0.509276,0.859911,1.487292,0.242284,0.711201,-0.013868,0.032610,0.670368,0.741182,1.387194,0.167160,1.588412
590,4.916667,-0.240403,0.238454,0.737997,0.583700,1.266657,0.040404,0.716558,-0.018807,-0.028727,0.509323,0.859890,1.487260,0.242276,0.711238,-0.013117,0.029037,0.668627,0.742915,1.388204,0.170245,1.589711
591,4.925000,-0.235683,0.241917,0.741136,0.580212,1.266309,0.038365,0.726014,-0.019141,-0.028615,0.509392,0.859846,1.487235,0.242256,0.711258,-0.014876,0.033153,0.667678,0.743563,1.388752,0.172053,1.592076
592,4.933333,-0.228473,0.246434,0.744696,0.576626,1.265642,0.036750,0.735359,-0.019403,-0.028502,0.509435,0.859818,1.487236,0.242237,0.711294,-0.010079,0.036436,0.665552,0.745393,1.389675,0.175001,1.595774
593,4.941667,-0.223356,0.247154,0.746574,0.575895,1.265137,0.035821,0.744425,-0.019933,-0.028453,0.509480,0.859781,1.487243,0.242217,0.711325,0.005130,0.028716,0.660156,0.750561,1.390597,0.179423,1.602375
594,4.950000,-0.217125,0.248339,0.746451,0.577924,1.265017,0.035053,0.752706,-0.023896,-0.027776,0.510503,0.859095,1.487437,0.242470,0.711572,0.006401,0.031381,0.658436,0.751955,1.391207,0.181724,1.604765
595,4.958333,-0.211712,0.250074,0.745118,0.580896,1.265172,0.034826,0.760495,-0.024425,-0.028114,0.510581,0.859023,1.487496,0.242474,0.711621,0.010558,0.030720,0.657001,0.753190,1.391752,0.183899,1.607371
596,4.966667,-0.205262,0.253335,0.744666,0.582376,1.265161,0.035336,0.768075,-0.024851,-0.028564,0.510626,0.858969,1.487553,0.242494,0.711653,0.014662,0.029626,0.656011,0.754027,1.392346,0.186208,1.609900
597,4.975000,-0.185073,0.267487,0.737585,0.591750,1.264785,0.034604,0.774121,-0.025399,-0.029078,0.510620,0.858939,1.487594,0.242526,0.711653,0.017030,0.029943,0.655242,0.754633,1.392763,0.188407,1.612139
598,4.983333,-0.175317,0.270488,0.736753,0.594386,1.264497,0.035946,0.780584,-0.025984,-0.029707,0.510597,0.858914,1.487639,0.242532,0.711658,0.019826,0.029937,0.654735,0.755005,1.393211,0.190671,1.614282
599,4.991667,-0.164907,0.271690,0.736716,0.596858,1.264301,0.037839,0.786139,-0.026348,-0.030190,0.510616,0.858875,1.487677,0.242550,0.711634,0.015115,0.034671,0.654372,0.755226,1.393456,0.192990,1.614393
600,5.000000,-0.173055,0.254836,0.745151,0.591489,1.264502,0.042195,0.792150,-0.026698,-0.030609,0.510639,0.858835,1.487733,0.242545,0.711640,0.016080,0.036844,0.653958,0.755462,1.393959,0.195131,1.615619
601,5.008333,-0.164604,0.252668,0.745061,0.594936,1.264504,0.045044,0.796202,-0.027054,-0.030869,0.510641,0.858814,1.487772,0.242530,0.711626,0.011058,0.045006,0.653080,0.755869,1.394390,0.197964,1.616287
602,5.016667,-0.156386,0.251100,0.744806,0.598127,1.264519,0.048417,0.799483,-0.026690,-0.032075,0.510903,0.858625,1.487738,0.242439,0.711440,0.019453,0.037928,0.653291,0.755906,1.394387,0.199584,1.618420
603,5.025000,-0.148872,0.250281,0.744094,0.601266,1.264498,0.052260,0.801936,-0.026784,-0.038383,0.510543,0.858578,1.487345,0.241805,0.710315,0.027138,0.035883,0.653279,0.755780,1.394699,0.201434,1.621050
604,5.033333,-0.142785,0.247871,0.743773,0.604131,1.264407,0.056502,0.803524,-0.025382,-0.038262,0.509376,0.859318,1.487338,0.242034,0.710364,0.020635,0.044046,0.652967,0.755823,1.395238,0.204013,1.620490
605,5.041667,-0.138835,0.245362,0.743239,0.606728,1.264259,0.061175,0.804296,-0.022618,-0.031401,0.508501,0.860191,1.487405,0.242181,0.711213,0.023466,0.043181,0.652660,0.756055,1.395444,0.206129,1.621814
606,5.050000,-0.135464,0.237841,0.743416,0.610257,1.264202,0.066352,0.804255,-0.022418,-0.031217,0.508346,0.860295,1.487359,0.242202,0.711193,0.025556,0.040056,0.653071,0.755805,1.395530,0.207832,1.622834
607,5.058333,-0.131642,0.228572,0.743937,0.613990,1.264199,0.071893,0.803419,-0.022585,-0.030916,0.508530,0.860192,1.487314,0.242167,0.711180,0.026353,0.040110,0.653110,0.755741,1.395682,0.209754,1.623627
608,5.066667,-0.127240,0.220592,0.744023,0.617721,1.264037,0.077737,0.801944,-0.022647,-0.030449,0.508627,0.860150,1.487254,0.242139,0.711159,0.027075,0.040107,0.652852,0.755939,1.395902,0.211699,1.624275
609,5.075000,-0.123144,0.212515,0.744401,0.620919,1.263860,0.084122,0.800020,-0.022759,-0.030387,0.508718,0.860096,1.487203,0.242110,0.711107,0.025695,0.041456,0.653152,0.755655,1.395981,0.213497,1.624637
610,5.083333,-0.117931,0.208255,0.743288,0.624696,1.263107,0.090502,0.797718,-0.022802,-0.030275,0.508812,0.860043,1.487156,0.242058,0.711048,0.025814,0.041678,0.652988,0.755780,1.396169,0.215376,1.625223
611,5.091667,-0.113305,0.192829,0.743424,0.630317,1.263282,0.098196,0.794711,-0.022902,-0.030144,0.508910,0.859987,1.487145,0.241998,0.711006,0.026366,0.041703,0.652922,0.755816,1.396350,0.217123,1.625777
612,5.100000,-0.107160,0.184516,0.743613,0.633648,1.262850,0.105732,0.791238,-0.023080,-0.030191,0.509061,0.859891,1.487140,0.241935,0.710949,0.026813,0.042011,0.652653,0.756016,1.396583,0.218887,1.626222
613,5.108333,-0.097337,0.161518,0.745378,0.639413,1.262592,0.113994,0.787391,-0.023236,-0.030289,0.509123,0.859847,1.487147,0.241895,0.710902,0.030790,0.043107,0.654046,0.754597,1.396680,0.219668,1.627530
614,5.116667,-0.088104,0.146354,0.746974,0.642533,1.261960,0.122686,0.783644,-0.023403,-0.030577,0.509194,0.859790,1.487166,0.241873,0.710858,0.028378,0.045051,0.653805,0.754788,1.396883,0.221619,1.627126
615,5.125000,-0.089776,0.131459,0.740618,0.652797,1.262403,0.132218,0.778878,-0.025799,-0.030513,0.509890,0.859311,1.487224,0.241605,0.710594,0.028208,0.045993,0.653330,0.755148,1.397083,0.223284,1.627344
616,5.133333,-0.081525,0.121531,0.740018,0.656473,1.261793,0.141287,0.774468,-0.025497,-0.031020,0.509587,0.859482,1.487399,0.241621,0.710654,0.027442,0.047423,0.653191,0.755208,1.397274,0.224852,1.627395
617,5.141667,-0.062709,0.107909,0.735763,0.665640,1.261278,0.149395,0.769729,-0.021274,-0.031278,0.510100,0.859283,1.487446,0.241533,0.710665,0.026529,0.049683,0.652464,0.755723,1.397544,0.226355,1.627250
618,5.150000,-0.056242,0.094782,0.735728,0.668249,1.260600,0.159213,0.765461,-0.018557,-0.030128,0.514589,0.856706,1.487984,0.240696,0.711127,0.025896,0.051244,0.652011,0.756032,1.397772,0.227953,1.627266
619,5.158333,-0.051281,0.078367,0.735424,0.671104,1.259504,0.169924,0.761607,-0.021401,-0.020977,0.516557,0.855728,1.488490,0.240717,0.712093,0.030712,0.045303,0.650387,0.757629,1.398333,0.230238,1.628362
620,5.166667,-0.047337,0.075314,0.731480,0.676035,1.258609,0.178838,0.757434,-0.019994,-0.020345,0.511781,0.858642,1.488186,0.241629,0.712164,0.030942,0.045381,0.650017,0.757932,1.398547,0.231739,1.628610
621,5.175000,-0.039453,0.061375,0.727443,0.682279,1.258142,0.187226,0.752932,-0.019601,-0.021741,0.511740,0.858642,1.488212,0.241603,0.712190,0.031164,0.044980,0.649320,0.758544,1.398808,0.233371,1.628978
622,5.183333,-0.036323,0.042549,0.725744,0.685686,1.257233,0.196880,0.749745,-0.028765,-0.024048,0.516767,0.855305,1.488591,0.240358,0.711955,0.031251,0.045603,0.648364,0.759321,1.399125,0.234830,1.629020
623,5.191667,-0.030879,0.025722,0.721409,0.691342,1.256464,0.205923,0.746743,-0.021144,-0.021692,0.512008,0.858446,1.488227,0.241471,0.712139,0.032040,0.043591,0.647608,0.760051,1.399393,0.236318,1.629422
624,5.200000,-0.027512,0.014547,0.717128,0.696246,1.256349,0.215536,0.744181,-0.020985,-0.026948,0.509638,0.859711,1.487632,0.241311,0.711033,0.031903,0.041469,0.647136,0.760577,1.399567,0.237835,1.629826
625,5.208333,-0.031956,0.007540,0.708427,0.705020,1.257107,0.225213,0.742050,-0.024931,-0.028612,0.510532,0.859021,1.487729,0.241082,0.710921,0.031049,0.040335,0.646481,0.761230,1.399800,0.239306,1.629737
626,5.216667,-0.028255,0.001270,0.702387,0.711233,1.256601,0.232890,0.739946,-0.026953,-0.030703,0.510690,0.858794,1.487739,0.241067,0.710736,0.031330,0.038615,0.645724,0.761950,1.400061,0.240879,1.630053
627,5.225000,-0.029886,0.004565,0.694665,0.718698,1.255952,0.239732,0.737817,-0.033046,-0.035146,0.514495,0.856135,1.488052,0.240197,0.710298,0.035939,0.037213,0.644182,0.763121,1.400517,0.242230,1.631296
628,5.233333,-0.030794,0.003093,0.687065,0.725936,1.255388,0.245480,0.735766,-0.034887,-0.037265,0.514445,0.856003,1.488062,0.240170,0.710090,0.034392,0.036651,0.643578,0.763729,1.400718,0.243613,1.630947
629,5.241667,-0.031412,0.003112,0.685227,0.727645,1.255522,0.251949,0.734219,-0.036314,-0.039089,0.514394,0.855893,1.488033,0.240127,0.709890,0.029328,0.037549,0.643852,0.763665,1.400750,0.244631,1.629488
630,5.250000,-0.032556,0.002308,0.679642,0.732818,1.255611,0.256556,0.732157,-0.034801,-0.044375,0.512565,0.856795,1.487803,0.240333,0.709167,0.028060,0.036588,0.643424,0.764120,1.400917,0.245902,1.629273
631,5.258333,-0.031543,0.007589,0.674452,0.737606,1.255844,0.260286,0.729805,-0.037548,-0.041559,0.513365,0.856341,1.487995,0.240161,0.709659,0.027996,0.032127,0.643512,0.764249,1.400944,0.247338,1.629305
632,5.266667,-0.032184,0.011293,0.672152,0.739627,1.256555,0.262914,0.727633,-0.036757,-0.041030,0.513282,0.856450,1.488015,0.240208,0.709771,0.028303,0.034727,0.645078,0.762803,1.401924,0.247600,1.628582
633,5.275000,-0.028993,0.012467,0.674840,0.737289,1.256490,0.264918,0.726099,-0.035801,-0.038654,0.513397,0.856533,1.488050,0.240245,0.709985,0.018997,0.039556,0.646211,0.761896,1.401739,0.248795,1.628180
634,5.283333,-0.023617,0.016094,0.674191,0.738004,1.256485,0.265799,0.725328,-0.035471,-0.036658,0.513273,0.856708,1.488081,0.240287,0.710133,0.015606,0.036290,0.646854,0.761590,1.402096,0.249636,1.626692
635,5.291667,-0.022808,0.011709,0.678796,0.733880,1.256494,0.265587,0.724563,-0.032856,-0.033711,0.513090,0.857043,1.488025,0.240401,0.710455,0.015014,0.030539,0.647271,0.761500,1.402372,0.250865,1.626599
636,5.300000,-0.027106,0.008716,0.683892,0.729028,1.256665,0.264562,0.724105,-0.030037,-0.030440,0.512890,0.857389,1.487893,0.240442,0.710773,0.014259,0.027935,0.647230,0.761650,1.402838,0.252115,1.626231
637,5.308333,-0.029124,0.006815,0.688012,0.725083,1.256914,0.262943,0.723640,-0.027069,-0.027515,0.512500,0.857819,1.487729,0.240404,0.711033,0.013804,0.025456,0.647059,0.761890,1.403359,0.253417,1.625827
638,5.316667,-0.024335,0.007135,0.690269,0.723108,1.256892,0.261034,0.722940,-0.031462,-0.032537,0.513414,0.856946,1.487689,0.240203,0.710559,0.012657,0.024743,0.646033,0.762804,1.403921,0.254682,1.625339
639,5.325000,-0.021164,0.005975,0.691129,0.722397,1.256502,0.259775,0.722503,-0.030915,-0.031659,0.513515,0.856939,1.487557,0.240047,0.710679,0.018054,0.018047,0.643164,0.765303,1.404335,0.256628,1.626686
640,5.333333,-0.018522,0.004556,0.691475,0.722148,1.256082,0.259373,0.722315,-0.030926,-0.032000,0.513739,0.856792,1.487471,0.239943,0.710670,0.017432,0.015043,0.642494,0.765945,1.404863,0.258089,1.626464
641,5.341667,-0.017073,0.005754,0.692155,0.721524,1.255876,0.259701,0.722299,-0.031700,-0.033156,0.513649,0.856773,1.487449,0.240070,0.710622,0.015491,0.015775,0.640733,0.767446,1.405446,0.259403,1.625785
642,5.350000,-0.015458,0.005813,0.692789,0.720951,1.255777,0.260475,0.722078,-0.032911,-0.034407,0.513543,0.856742,1.487448,0.240345,0.710571,0.011445,0.021175,0.639009,0.768822,1.405987,0.260845,1.625772
643,5.358333,-0.013973,0.007839,0.693365,0.720409,1.255792,0.261435,0.722127,-0.034706,-0.035553,0.513486,0.856658,1.487435,0.240688,0.710505,0.008525,0.022570,0.637293,0.770244,1.406473,0.262455,1.625476
644,5.366667,-0.011174,0.007786,0.693932,0.719912,1.255728,0.261899,0.721796,-0.038550,-0.039368,0.512844,0.856712,1.487354,0.241060,0.710167,0.008154,0.015855,0.636798,0.770825,1.407240,0.263645,1.624267
645,5.375000,-0.007573,0.010446,0.693328,0.720507,1.255666,0.261736,0.721362,-0.039617,-0.040341,0.512584,0.856774,1.487248,0.241243,0.710130,0.007120,0.013450,0.636173,0.771397,1.407576,0.264895,1.624123
646,5.383333,-0.003244,0.012460,0.694077,0.719786,1.255633,0.261364,0.720815,-0.052989,-0.049813,0.513013,0.855294,1.486620,0.241167,0.708508,0.004744,0.011823,0.635395,0.772082,1.408005,0.266036,1.623368
647,5.391667,0.000844,0.013372,0.695900,0.718013,1.255769,0.261253,0.720354,-0.053321,-0.049827,0.512814,0.855392,1.486452,0.241076,0.708550,0.000441,0.009850,0.637894,0.770061,1.408555,0.265618,1.621475
648,5.400000,0.004400,0.016110,0.697342,0.716544,1.255925,0.261109,0.720040,-0.056371,-0.053373,0.511869,0.855549,1.486358,0.240920,0.708109,-0.006147,0.008059,0.636917,0.770866,1.408663,0.266966,1.620710
649,5.408333,0.006909,0.017155,0.699296,0.714593,1.256076,0.260984,0.719763,-0.056721,-0.053407,0.511669,0.855643,1.486292,0.240833,0.708180,-0.007170,0.006384,0.636369,0.771325,1.408870,0.267941,1.620860
650,5.416667,0.008699,0.017764,0.700841,0.713043,1.256197,0.260949,0.719545,-0.057038,-0.053120,0.511624,0.855667,1.486286,0.240847,0.708264,-0.008767,0.004990,0.636294,0.771381,1.409039,0.269103,1.621117
651,5.425000,0.009973,0.017956,0.701760,0.712117,1.256273,0.261076,0.719364,-0.053825,-0.049300,0.512361,0.855663,1.486259,0.241015,0.708873,-0.010310,0.004308,0.635935,0.771662,1.409118,0.270000,1.621403
652,5.433333,0.010860,0.017899,0.702261,0.711612,1.256253,0.261301,0.719206,-0.049922,-0.046838,0.512181,0.856145,1.486127,0.241285,0.709234,-0.008454,0.003828,0.636652,0.771096,1.409209,0.270592,1.622582
653,5.441667,0.011477,0.018041,0.702269,0.711590,1.256243,0.261493,0.719095,-0.047807,-0.044580,0.511893,0.856558,1.486019,0.241487,0.709499,-0.008025,0.002684,0.636010,0.771635,1.409001,0.271270,1.622868
654,5.450000,0.011912,0.017176,0.702342,0.711533,1.256213,0.261536,0.718993,-0.047003,-0.044110,0.511753,0.856711,1.485987,0.241546,0.709583,-0.008380,0.002277,0.636278,0.771411,1.408916,0.271881,1.623110
655,5.458333,0.012200,0.016796,0.702453,0.711428,1.256177,0.261439,0.718915,-0.046865,-0.044175,0.511938,0.856605,1.485950,0.241459,0.709578,-0.008205,0.001357,0.636186,0.771491,1.408577,0.272712,1.623529
656,5.466667,0.012354,0.016887,0.702687,0.711191,1.256148,0.261233,0.718866,-0.046964,-0.044366,0.512201,0.856432,1.485939,0.241289,0.709563,-0.009621,0.001239,0.637100,0.770720,1.408350,0.273411,1.623995
657,5.475000,0.012401,0.017034,0.703005,0.710872,1.256117,0.260974,0.718850,-0.047064,-0.044398,0.512454,0.856274,1.485952,0.241142,0.709571,-0.009924,0.001972,0.637478,0.770402,1.408051,0.273741,1.624273
658,5.483333,0.012362,0.016534,0.703024,0.710866,1.256055,0.260765,0.718825,-0.056254,-0.051861,0.511578,0.855824,1.486274,0.241094,0.708629,-0.010123,0.000754,0.638442,0.769603,1.407769,0.274378,1.624153
659,5.491667,0.012183,0.016132,0.702772,0.711128,1.256019,0.260688,0.718857,-0.056299,-0.051696,0.512312,0.855392,1.486350,0.240832,0.708608,-0.009500,0.002638,0.636915,0.770871,1.406797,0.274240,1.624259
660,5.500000,0.011718,0.015536,0.702467,0.711450,1.255963,0.260739,0.718875,-0.052849,-0.048047,0.513313,0.855224,1.486349,0.240928,0.709163,-0.010300,0.002738,0.637335,0.770513,1.406199,0.274673,1.624225
661,5.508333,0.011269,0.015007,0.702063,0.711867,1.255910,0.260870,0.718871,-0.050615,-0.046480,0.513396,0.855396,1.486326,0.241110,0.709452,-0.010777,0.002651,0.637767,0.770150,1.405530,0.275078,1.624243
662,5.516667,0.011049,0.014596,0.701638,0.712298,1.255878,0.260951,0.718860,-0.047340,-0.045589,0.512657,0.856074,1.486054,0.241302,0.709500,-0.010668,0.001404,0.638327,0.769690,1.404793,0.275608,1.624144
663,5.525000,0.011046,0.014061,0.701257,0.712685,1.255855,0.260956,0.718793,-0.046863,-0.045178,0.512524,0.856202,1.485980,0.241350,0.709580,-0.012028,0.000408,0.639355,0.768817,1.404100,0.276201,1.624279
664,5.533333,0.011197,0.013665,0.701264,0.712683,1.255858,0.260888,0.718719,-0.047266,-0.045509,0.512524,0.856162,1.485911,0.241279,0.709564,-0.014751,0.000023,0.640120,0.768133,1.403469,0.276770,1.623731
665,5.541667,0.011414,0.013595,0.701523,0.712426,1.255881,0.260769,0.718662,-0.047807,-0.045981,0.512447,0.856153,1.485859,0.241178,0.709540,-0.014232,0.001411,0.640732,0.767631,1.402831,0.276665,1.623887
666,5.550000,0.011855,0.013184,0.701552,0.712398,1.255902,0.260609,0.718556,-0.056862,-0.052542,0.511673,0.855685,1.486114,0.241038,0.708710,-0.014533,0.003114,0.641189,0.767239,1.402141,0.276681,1.624295
667,5.558333,0.012535,0.013007,0.700722,0.713206,1.255505,0.260410,0.718447,-0.056758,-0.052459,0.512085,0.855451,1.486110,0.240779,0.708709,-0.012882,0.002469,0.641488,0.767021,1.401583,0.276656,1.624572
668,5.566667,0.012818,0.012852,0.700803,0.713124,1.255510,0.260396,0.718400,-0.057445,-0.053528,0.511737,0.855547,1.486183,0.240698,0.708585,-0.012445,0.006142,0.641843,0.766710,1.400825,0.276765,1.625429
669,5.575000,0.013197,0.013012,0.700824,0.713093,1.255511,0.260442,0.718369,-0.056803,-0.052727,0.512111,0.855415,1.486168,0.240782,0.708722,-0.010731,0.008095,0.641768,0.766781,1.400290,0.276806,1.626275
670,5.583333,0.013418,0.013085,0.701023,0.712892,1.255570,0.260522,0.718342,-0.053544,-0.049465,0.512976,0.855303,1.486127,0.240913,0.709224,-0.009029,0.006676,0.641572,0.766981,1.399712,0.276894,1.626538
671,5.591667,0.013650,0.013207,0.701352,0.712562,1.255669,0.260599,0.718295,-0.049846,-0.048107,0.512625,0.855814,1.485956,0.241066,0.709388,-0.008817,0.008061,0.640878,0.767550,1.399042,0.276734,1.626636
672,5.600000,0.013925,0.012858,0.701117,0.712794,1.255453,0.260511,0.718217,-0.051218,-0.050796,0.510994,0.856552,1.486070,0.241347,0.709195,-0.009832,0.009180,0.640676,0.767694,1.398405,0.276751,1.626695
673,5.608333,0.014227,0.012745,0.701253,0.712657,1.255418,0.260472,0.718145,-0.044157,-0.048575,0.510039,0.857643,1.486063,0.241614,0.709834,-0.009918,0.007547,0.640674,0.767712,1.397760,0.276710,1.626434
674,5.616667,0.014501,0.012449,0.701366,0.712546,1.255385,0.260410,0.718075,-0.044433,-0.048634,0.510160,0.857553,1.486052,0.241498,0.709859,-0.010123,0.006719,0.640365,0.767975,1.397119,0.276693,1.626188
675,5.625000,0.014653,0.012158,0.701431,0.712483,1.255342,0.260372,0.718022,-0.044517,-0.049090,0.510170,0.857517,1.486041,0.241407,0.709819,-0.009526,0.007192,0.639774,0.768470,1.396550,0.276779,1.626288
676,5.633333,0.014692,0.011800,0.701407,0.712512,1.255313,0.260365,0.717983,-0.044616,-0.049254,0.510195,0.857487,1.486055,0.241348,0.709808,-0.008448,0.006283,0.638813,0.769290,1.395951,0.276749,1.626152
677,5.641667,0.014788,0.011673,0.701342,0.712576,1.255287,0.260397,0.717969,-0.045060,-0.049322,0.510446,0.857311,1.486095,0.241286,0.709824,-0.004222,0.001945,0.638797,0.769362,1.395900,0.277212,1.626688
678,5.650000,0.014710,0.011404,0.701307,0.712616,1.255267,0.260442,0.717943,-0.045269,-0.049289,0.510475,0.857284,1.486116,0.241282,0.709843,-0.007351,0.007558,0.636946,0.770836,1.395253,0.277371,1.626670
679,5.658333,0.014773,0.011190,0.701238,0.712686,1.255263,0.260459,0.717925,-0.045235,-0.049320,0.510410,0.857323,1.486125,0.241280,0.709859,-0.003274,0.005495,0.638682,0.769444,1.394506,0.276181,1.627720
680,5.666667,0.014773,0.010850,0.701258,0.712672,1.255260,0.260445,0.717884,-0.045582,-0.049374,0.510600,0.857188,1.486135,0.241221,0.709878,-0.003095,0.005469,0.638306,0.769757,1.394024,0.275820,1.627627
681,5.675000,0.014939,0.010450,0.701177,0.712754,1.255264,0.260407,0.717839,-0.045498,-0.049577,0.510529,0.857223,1.486110,0.241193,0.709854,-0.003018,0.005872,0.638536,0.769564,1.393547,0.275547,1.627892
682,5.683333,0.015033,0.010171,0.701199,0.712735,1.255281,0.260352,0.717805,-0.045544,-0.049824,0.510492,0.857229,1.486088,0.241126,0.709842,-0.003789,0.007184,0.638719,0.769397,1.393130,0.275272,1.627988
683,5.691667,0.015136,0.009910,0.701169,0.712766,1.255298,0.260303,0.717775,-0.045721,-0.049802,0.510625,0.857141,1.486096,0.241048,0.709873,-0.001239,0.003845,0.639337,0.768916,1.392789,0.275177,1.628487
684,5.700000,0.015220,0.009714,0.701141,0.712794,1.255324,0.260289,0.717759,-0.045738,-0.050010,0.510605,0.857140,1.486097,0.241010,0.709861,0.004006,-0.002262,0.639812,0.768518,1.392535,0.275062,1.629353
685,5.708333,0.015275,0.009389,0.701071,0.712866,1.255358,0.260272,0.717733,-0.045700,-0.050106,0.510598,0.857141,1.486096,0.241007,0.709853,0.002911,-0.000721,0.639213,0.769024,1.392298,0.274577,1.629056
686,5.716667,0.015379,0.009335,0.701024,0.712911,1.255401,0.260273,0.717730,-0.045686,-0.050063,0.510518,0.857192,1.486110,0.241022,0.709860,0.003962,-0.002990,0.639394,0.768863,1.392068,0.274541,1.629472
687,5.725000,0.015489,0.009162,0.700918,0.713015,1.255438,0.260276,0.717715,-0.045951,-0.050134,0.510522,0.857171,1.486153,0.241007,0.709873,0.003935,-0.003799,0.639300,0.768938,1.391899,0.274445,1.629646
688,5.733333,0.015607,0.008821,0.700834,0.713099,1.255477,0.260275,0.717693,-0.045871,-0.050125,0.510591,0.857135,1.486184,0.240982,0.709904,0.003297,-0.003653,0.638928,0.769251,1.391782,0.274273,1.629616
689,5.741667,0.015735,0.008661,0.700765,0.713166,1.255511,0.260251,0.717672,-0.045851,-0.050252,0.510486,0.857191,1.486176,0.240976,0.709872,0.001205,-0.001747,0.638191,0.769875,1.391667,0.273922,1.629422
690,5.750000,0.015852,0.008211,0.700683,0.713249,1.255534,0.260207,0.717638,-0.045906,-0.050193,0.510544,0.857157,1.486183,0.240932,0.709899,0.000192,-0.000946,0.637503,0.770447,1.391612,0.273605,1.629290
691,5.758333,0.015913,0.007919,0.700603,0.713330,1.255554,0.260167,0.717612,-0.045781,-0.050270,0.510581,0.857137,1.486193,0.240885,0.709899,-0.000404,-0.000913,0.636844,0.770992,1.391550,0.273291,1.629351
692,5.766667,0.015969,0.007662,0.700508,0.713425,1.255570,0.260145,0.717603,-0.045770,-0.050277,0.510601,0.857126,1.486195,0.240860,0.709904,-0.001669,-0.000104,0.636378,0.771375,1.391519,0.273081,1.629254
693,5.775000,0.015987,0.007228,0.700396,0.713539,1.255584,0.260120,0.717582,-0.045734,-0.050181,0.510715,0.857065,1.486232,0.240835,0.709924,-0.002121,-0.000001,0.635774,0.771872,1.391498,0.272773,1.629298
694,5.783333,0.015964,0.006960,0.700292,0.713644,1.255601,0.260121,0.717564,-0.060773,-0.058457,0.512490,0.854543,1.486437,0.239846,0.708333,-0.002331,-0.000424,0.635328,0.772239,1.391496,0.272485,1.629368
695,5.791667,0.016012,0.006887,0.700220,0.713714,1.255620,0.260127,0.717570,-0.057954,-0.058152,0.511956,0.855080,1.486526,0.239897,0.708448,-0.002367,-0.000635,0.634912,0.772581,1.391525,0.272229,1.629431
696,5.800000,0.016092,0.006505,0.700147,0.713788,1.255640,0.260106,0.717537,-0.052490,-0.054908,0.511778,0.855753,1.486642,0.239984,0.709094,-0.002372,-0.001157,0.634443,0.772965,1.391535,0.271897,1.629520
697,5.808333,0.014026,0.001592,0.699581,0.714414,1.256002,0.260057,0.717165,-0.047965,-0.051053,0.511800,0.856244,1.486721,0.240036,0.709698,-0.000537,-0.003443,0.634225,0.773141,1.391596,0.271652,1.629858
698,5.816667,0.014322,0.002396,0.699282,0.714699,1.256133,0.260047,0.717244,-0.044487,-0.047968,0.511905,0.856548,1.486797,0.240023,0.710156,-0.001504,-0.003003,0.633587,0.773664,1.391603,0.271204,1.629854
699,5.825000,0.014567,0.002389,0.698899,0.715068,1.256361,0.260034,0.717241,-0.042023,-0.044843,0.512215,0.856655,1.486825,0.239967,0.710510,-0.002877,-0.001936,0.633107,0.774056,1.391633,0.270845,1.629714
700,5.833333,0.013639,0.001118,0.698835,0.715152,1.256738,0.260020,0.717200,-0.040479,-0.042813,0.512460,0.856688,1.486865,0.239884,0.710729,-0.015218,0.011557,0.631483,0.775154,1.391084,0.270020,1.628558
