Format Version,1.25,Take Name,stand_022,Take Notes,,Capture Frame Rate,120.000000,Export Frame Rate,120.000000,Capture Start Time,2025-10-30 09.20.14.820 PM,Capture Start Frame,339803,Total Frames in Take,3681,Total Exported Frames,3681,Rotation Type,Quaternion,Length Units,Meters,Coordinate Space,Global

,Type,Rigid Body,Rigid Body,Rigid Body,Rigid Body,Rigid Body,Rigid Body,Rigid Body,Rigid Body,Rigid Body,Rigid Body,Rigid Body,Rigid Body,Rigid Body,Rigid Body,Rigid Body,Rigid Body,Rigid Body,Rigid Body,Rigid Body,Rigid Body,Rigid Body
,Name,RFoot,RFoot,RFoot,RFoot,RFoot,RFoot,RFoot,LFoot,LFoot,LFoot,LFoot,LFoot,LFoot,LFoot,Waist,Waist,Waist,Waist,Waist,Waist,Waist
,ID,83078AC3B5F211F034C857AE43D8E8B6,83078AC3B5F211F034C857AE43D8E8B6,83078AC3B5F211F034C857AE43D8E8B6,83078AC3B5F211F034C857AE43D8E8B6,83078AC3B5F211F034C857AE43D8E8B6,83078AC3B5F211F034C857AE43D8E8B6,83078AC3B5F211F034C857AE43D8E8B6,9231711FB5F311F034C857AE43D8E8B6,9231711FB5F311F034C857AE43D8E8B6,9231711FB5F311F034C857AE43D8E8B6,9231711FB5F311F034C857AE43D8E8B6,9231711FB5F311F034C857AE43D8E8B6,9231711FB5F311F034C857AE43D8E8B6,9231711FB5F311F034C857AE43D8E8B6,3693159B5F511F034C857AE43D8E8B6,3693159B5F511F034C857AE43D8E8B6,3693159B5F511F034C857AE43D8E8B6,3693159B5F511F034C857AE43D8E8B6,3693159B5F511F034C857AE43D8E8B6,3693159B5F511F034C857AE43D8E8B6,3693159B5F511F034C857AE43D8E8B6
,Parent,,,,,,,,,,,,,,,,,,,,,
,,Rotation,Rotation,Rotation,Rotation,Position,Position,Position,Rotation,Rotation,Rotation,Rotation,Position,Position,Position,Rotation,Rotation,Rotation,Rotation,Position,Position,Position
Frame,Time (Seconds),X,Y,Z,W,X,Y,Z,X,Y,Z,W,X,Y,Z,X,Y,Z,W,X,Y,Z
0,0.000000,0.014912,0.014369,0.855061,0.518113,-0.924664,0.442198,0.039297,-0.069508,-0.062655,0.642385,0.760647,-0.591734,0.533137,0.040456,0.000949,0.007949,-0.788069,-0.615535,-0.771493,0.497172,0.944195
1,0.008333,0.014958,0.014355,0.855065,0.518106,-0.924657,0.442197,0.039303,-0.069401,-0.062615,0.642418,0.760632,-0.591730,0.533132,0.040450,0.001112,0.007819,-0.788225,-0.615337,-0.771449,0.497241,0.944192
2,0.016667,0.014974,0.014360,0.855063,0.518108,-0.924647,0.442198,0.039305,-0.069360,-0.062630,0.642466,0.760595,-0.591726,0.533123,0.040446,0.001449,0.007584,-0.788449,-0.615052,-0.771392,0.497251,0.944241
3,0.025000,0.014996,0.014399,0.855061,0.518110,-0.924639,0.442199,0.039306,-0.069286,-0.062556,0.642534,0.760550,-0.591717,0.533120,0.040448,0.001503,0.007537,-0.788628,-0.614822,-0.771327,0.497262,0.944237
4,0.033333,0.015078,0.014510,0.855037,0.518145,-0.924640,0.442199,0.039305,-0.069198,-0.062580,0.642584,0.760514,-0.591709,0.533109,0.040445,0.001415,0.007259,-0.788800,-0.614606,-0.771277,0.497281,0.944285
5,0.041667,0.015132,0.014539,0.855028,0.518158,-0.924634,0.442206,0.039305,-0.069138,-0.062569,0.642615,0.760494,-0.591699,0.533107,0.040444,0.001460,0.007385,-0.789081,-0.614243,-0.771201,0.497278,0.944219
6,0.050000,0.015187,0.014577,0.855009,0.518185,-0.924624,0.442209,0.039297,-0.069055,-0.062606,0.642660,0.760461,-0.591697,0.533102,0.040438,0.001410,0.007279,-0.789332,-0.613922,-0.771123,0.497291,0.944209
7,0.058333,0.015239,0.014659,0.854983,0.518225,-0.924614,0.442215,0.039305,-0.068953,-0.062587,0.642714,0.760425,-0.591692,0.533098,0.040429,0.001282,0.007397,-0.789576,-0.613607,-0.771046,0.497274,0.944180
8,0.066667,0.015209,0.014686,0.854966,0.518254,-0.924606,0.442219,0.039303,-0.068874,-0.062523,0.642781,0.760381,-0.591682,0.533089,0.040428,0.000968,0.007271,-0.789869,-0.613232,-0.771010,0.497256,0.944206
9,0.075000,0.014995,0.014637,0.854995,0.518212,-0.924563,0.442219,0.039307,-0.068800,-0.062540,0.642865,0.760316,-0.591681,0.533080,0.040432,0.001077,0.006915,-0.790207,-0.612800,-0.770915,0.497154,0.944259
10,0.083333,0.015391,0.014801,0.854938,0.518290,-0.924577,0.442224,0.039293,-0.068766,-0.062569,0.642929,0.760262,-0.591678,0.533078,0.040424,0.000746,0.006985,-0.790461,-0.612472,-0.770842,0.497144,0.944203
11,0.091667,0.015194,0.014769,0.854945,0.518286,-0.924542,0.442224,0.039301,-0.068705,-0.062598,0.642980,0.760222,-0.591676,0.533070,0.040420,0.000726,0.007008,-0.790785,-0.612053,-0.770742,0.497065,0.944113
12,0.100000,0.015180,0.014734,0.854923,0.518324,-0.924524,0.442229,0.039296,-0.068710,-0.062676,0.643069,0.760140,-0.591685,0.533062,0.040414,0.000443,0.006971,-0.791062,-0.611696,-0.770654,0.497048,0.944043
13,0.108333,0.015224,0.014818,0.854896,0.518364,-0.924512,0.442232,0.039302,-0.068626,-0.062690,0.643128,0.760096,-0.591680,0.533058,0.040410,0.000157,0.006975,-0.791396,-0.611264,-0.770564,0.497021,0.943974
14,0.116667,0.015252,0.014905,0.854851,0.518436,-0.924505,0.442233,0.039301,-0.068542,-0.062748,0.643226,0.760017,-0.591688,0.533045,0.040401,-0.000042,0.006874,-0.791703,-0.610867,-0.770477,0.496942,0.943948
15,0.125000,0.015434,0.015244,0.854762,0.518566,-0.924461,0.442206,0.039279,-0.068465,-0.062747,0.643313,0.759950,-0.591688,0.533043,0.040393,-0.000104,0.006731,-0.792004,-0.610479,-0.770360,0.496882,0.943927
16,0.133333,0.015566,0.015376,0.854720,0.518628,-0.924453,0.442205,0.039276,-0.068379,-0.062723,0.643377,0.759905,-0.591686,0.533035,0.040388,-0.000135,0.006723,-0.792650,-0.609640,-0.770157,0.496690,0.943931
17,0.141667,0.015645,0.015455,0.854682,0.518685,-0.924451,0.442202,0.039277,-0.068351,-0.062810,0.643493,0.759803,-0.591682,0.533030,0.040383,-0.000094,0.006647,-0.793007,-0.609177,-0.770065,0.496625,0.943933
18,0.150000,0.015486,0.015032,0.854703,0.518668,-0.924474,0.442228,0.039303,-0.068237,-0.062797,0.643614,0.759711,-0.591680,0.533019,0.040373,0.000313,0.006109,-0.793368,-0.608712,-0.769938,0.496456,0.943903
19,0.158333,0.015678,0.015337,0.854637,0.518763,-0.924447,0.442200,0.039282,-0.068169,-0.062794,0.643715,0.759632,-0.591674,0.533014,0.040375,0.000442,0.006108,-0.793817,-0.608126,-0.769954,0.496333,0.943882
20,0.166667,0.015646,0.015323,0.854612,0.518804,-0.924445,0.442189,0.039282,-0.068000,-0.062766,0.643818,0.759562,-0.591670,0.533010,0.040369,0.000621,0.005899,-0.794162,-0.607678,-0.769881,0.496240,0.943852
21,0.175000,0.015671,0.015213,0.854596,0.518833,-0.924447,0.442184,0.039285,-0.067950,-0.062788,0.643925,0.759474,-0.591666,0.533001,0.040362,0.001143,0.005774,-0.794698,-0.606976,-0.769755,0.496055,0.943923
22,0.183333,0.015653,0.015164,0.854592,0.518842,-0.924442,0.442177,0.039285,-0.067875,-0.062747,0.644031,0.759394,-0.591664,0.533000,0.040355,0.001477,0.005433,-0.795126,-0.606418,-0.769593,0.495892,0.943963
23,0.191667,0.015667,0.015024,0.854580,0.518866,-0.924447,0.442165,0.039288,-0.067712,-0.062680,0.644109,0.759348,-0.591659,0.532995,0.040364,0.001950,0.005231,-0.795538,-0.605878,-0.769485,0.495695,0.943995
24,0.200000,0.015634,0.014946,0.854574,0.518880,-0.924451,0.442155,0.039288,-0.067667,-0.062723,0.644209,0.759264,-0.591654,0.532987,0.040356,0.001573,0.005502,-0.796031,-0.605229,-0.769491,0.495550,0.944031
25,0.208333,0.015650,0.014874,0.854581,0.518869,-0.924456,0.442146,0.039294,-0.067604,-0.062715,0.644283,0.759208,-0.591648,0.532982,0.040351,0.001941,0.005424,-0.796531,-0.604571,-0.769353,0.495338,0.943934
26,0.216667,0.015697,0.014766,0.854597,0.518844,-0.924456,0.442140,0.039292,-0.067450,-0.062621,0.644358,0.759166,-0.591646,0.532971,0.040350,0.001988,0.005353,-0.796841,-0.604162,-0.769314,0.495139,0.944089
27,0.225000,0.015757,0.014809,0.854572,0.518883,-0.924457,0.442130,0.039290,-0.067417,-0.062641,0.644435,0.759101,-0.591639,0.532969,0.040343,0.002634,0.004872,-0.797064,-0.603870,-0.769239,0.494993,0.944133
28,0.233333,0.015786,0.014731,0.854590,0.518855,-0.924459,0.442123,0.039291,-0.067280,-0.062600,0.644518,0.759046,-0.591641,0.532959,0.040338,0.002864,0.004354,-0.797187,-0.603710,-0.769020,0.494747,0.944090
29,0.241667,0.015765,0.014647,0.854602,0.518837,-0.924453,0.442122,0.039298,-0.067158,-0.062562,0.644564,0.759021,-0.591633,0.532950,0.040345,0.002795,0.003964,-0.797505,-0.603293,-0.768893,0.494563,0.944134
30,0.250000,0.015763,0.014669,0.854603,0.518835,-0.924450,0.442114,0.039301,-0.067044,-0.062540,0.644627,0.758980,-0.591624,0.532944,0.040340,0.003295,0.003613,-0.797804,-0.602898,-0.768745,0.494277,0.944151
31,0.258333,0.015767,0.014527,0.854604,0.518837,-0.924448,0.442109,0.039311,-0.067012,-0.062541,0.644677,0.758940,-0.591615,0.532931,0.040341,0.003628,0.003242,-0.798000,-0.602637,-0.768569,0.494000,0.944146
32,0.266667,0.015808,0.014575,0.854602,0.518838,-0.924444,0.442097,0.039310,-0.066936,-0.062552,0.644711,0.758917,-0.591613,0.532919,0.040341,0.003704,0.003056,-0.798128,-0.602469,-0.768502,0.493818,0.944165
33,0.275000,0.015864,0.014560,0.854602,0.518837,-0.924444,0.442095,0.039309,-0.066813,-0.062517,0.644758,0.758891,-0.591604,0.532910,0.040332,0.003892,0.002802,-0.798167,-0.602418,-0.768385,0.493587,0.944192
34,0.283333,0.015879,0.014502,0.854610,0.518825,-0.924437,0.442091,0.039315,-0.066717,-0.062485,0.644821,0.758848,-0.591596,0.532899,0.040332,0.004108,0.002572,-0.798234,-0.602328,-0.768250,0.493389,0.944158
35,0.291667,0.015955,0.014487,0.854612,0.518819,-0.924438,0.442085,0.039313,-0.066536,-0.062448,0.644858,0.758836,-0.591588,0.532885,0.040333,0.004198,0.002261,-0.798204,-0.602368,-0.768122,0.493217,0.944109
36,0.300000,0.015958,0.014467,0.854619,0.518809,-0.924428,0.442078,0.039313,-0.066438,-0.062398,0.644890,0.758821,-0.591574,0.532870,0.040330,0.004016,0.002161,-0.798359,-0.602165,-0.767936,0.493028,0.944080
37,0.308333,0.015972,0.014479,0.854622,0.518803,-0.924426,0.442077,0.039316,-0.066340,-0.062385,0.644949,0.758781,-0.591568,0.532860,0.040326,0.004209,0.002065,-0.798347,-0.602179,-0.767803,0.492822,0.944044
38,0.316667,0.016044,0.014527,0.854640,0.518770,-0.924422,0.442076,0.039322,-0.066195,-0.062319,0.644962,0.758788,-0.591556,0.532852,0.040326,0.004279,0.001948,-0.798299,-0.602243,-0.767692,0.492680,0.944053
39,0.325000,0.016124,0.014577,0.854628,0.518785,-0.924413,0.442076,0.039323,-0.066084,-0.062261,0.644982,0.758785,-0.591545,0.532841,0.040325,0.004366,0.001642,-0.798260,-0.602295,-0.767567,0.492544,0.944089
40,0.333333,0.016197,0.014647,0.854616,0.518801,-0.924401,0.442079,0.039321,-0.066016,-0.062258,0.645027,0.758753,-0.591532,0.532828,0.040321,0.004885,0.001176,-0.798188,-0.602388,-0.767385,0.492356,0.944175
41,0.341667,0.016178,0.014689,0.854621,0.518792,-0.924398,0.442079,0.039327,-0.065857,-0.062179,0.645063,0.758743,-0.591528,0.532817,0.040315,0.005489,0.000694,-0.798134,-0.602454,-0.767253,0.492197,0.944256
42,0.350000,0.016213,0.014735,0.854621,0.518789,-0.924390,0.442077,0.039325,-0.065743,-0.062151,0.645098,0.758725,-0.591514,0.532809,0.040315,0.005748,0.000682,-0.798138,-0.602447,-0.767042,0.491998,0.944223
43,0.358333,0.016264,0.014802,0.854618,0.518791,-0.924382,0.442079,0.039327,-0.065661,-0.062160,0.645106,0.758725,-0.591505,0.532795,0.040317,0.005759,0.000537,-0.798094,-0.602505,-0.766893,0.491860,0.944205
44,0.366667,0.016326,0.014852,0.854625,0.518776,-0.924377,0.442084,0.039331,-0.065602,-0.062165,0.645121,0.758717,-0.591503,0.532789,0.040312,0.006275,0.000142,-0.798062,-0.602542,-0.766792,0.491693,0.944222
45,0.375000,0.016384,0.014902,0.854629,0.518766,-0.924370,0.442085,0.039330,-0.065507,-0.062117,0.645143,0.758710,-0.591493,0.532783,0.040307,0.006005,0.000099,-0.797964,-0.602676,-0.766633,0.491623,0.944238
46,0.383333,0.016360,0.014924,0.854619,0.518783,-0.924367,0.442086,0.039323,-0.065403,-0.062077,0.645140,0.758725,-0.591486,0.532771,0.040303,0.005984,-0.000152,-0.797848,-0.602829,-0.766483,0.491541,0.944269
47,0.391667,0.016371,0.014972,0.854605,0.518805,-0.924363,0.442088,0.039334,-0.065377,-0.062059,0.645166,0.758707,-0.591483,0.532767,0.040307,0.005957,-0.000246,-0.797801,-0.602891,-0.766353,0.491452,0.944273
48,0.400000,0.016405,0.015033,0.854589,0.518828,-0.924363,0.442092,0.039327,-0.065310,-0.062024,0.645173,0.758709,-0.591478,0.532766,0.040300,0.005938,-0.000221,-0.797702,-0.603023,-0.766231,0.491397,0.944258
49,0.408333,0.016435,0.015010,0.854589,0.518828,-0.924359,0.442095,0.039330,-0.065241,-0.062015,0.645191,0.758701,-0.591473,0.532758,0.040301,0.005858,-0.000256,-0.797622,-0.603130,-0.766136,0.491346,0.944315
50,0.416667,0.016432,0.015068,0.854574,0.518851,-0.924359,0.442095,0.039335,-0.065225,-0.062011,0.645214,0.758683,-0.591468,0.532760,0.040297,0.006382,-0.000393,-0.797436,-0.603370,-0.765764,0.491261,0.944256
51,0.425000,0.016473,0.015116,0.854563,0.518867,-0.924355,0.442096,0.039337,-0.065172,-0.061984,0.645203,0.758698,-0.591466,0.532753,0.040294,0.006486,-0.000105,-0.797213,-0.603664,-0.765630,0.491347,0.944226
52,0.433333,0.016474,0.015158,0.854565,0.518862,-0.924352,0.442098,0.039331,-0.065155,-0.061982,0.645206,0.758697,-0.591464,0.532751,0.040297,0.006692,0.000003,-0.797076,-0.603843,-0.765483,0.491319,0.944182
53,0.441667,0.016495,0.015221,0.854564,0.518861,-0.924347,0.442105,0.039329,-0.065102,-0.062001,0.645220,0.758689,-0.591458,0.532747,0.040293,0.006431,0.000092,-0.797002,-0.603943,-0.765396,0.491286,0.944226
54,0.450000,0.016562,0.015294,0.854566,0.518854,-0.924339,0.442110,0.039327,-0.065104,-0.062002,0.645213,0.758695,-0.591454,0.532746,0.040293,0.005952,0.000072,-0.796990,-0.603963,-0.765249,0.491219,0.944214
55,0.458333,0.016557,0.015271,0.854558,0.518868,-0.924328,0.442108,0.039331,-0.065086,-0.062006,0.645216,0.758694,-0.591458,0.532748,0.040292,0.005001,0.000699,-0.797071,-0.603865,-0.765151,0.491210,0.944106
56,0.466667,0.016602,0.015389,0.854553,0.518871,-0.924326,0.442110,0.039323,-0.065081,-0.062005,0.645208,0.758700,-0.591458,0.532749,0.040290,0.005344,0.000774,-0.797239,-0.603639,-0.765040,0.491084,0.944093
57,0.475000,0.016655,0.015402,0.854554,0.518867,-0.924326,0.442108,0.039330,-0.065058,-0.062027,0.645220,0.758690,-0.591454,0.532744,0.040292,0.006455,0.000406,-0.796721,-0.604312,-0.764995,0.491257,0.944242
58,0.483333,0.016890,0.015649,0.854500,0.518941,-0.924355,0.442112,0.039329,-0.065084,-0.061999,0.645212,0.758698,-0.591454,0.532746,0.040292,0.006577,0.000464,-0.796706,-0.604331,-0.764927,0.491250,0.944267
59,0.491667,0.016732,0.015545,0.854540,0.518883,-0.924321,0.442111,0.039331,-0.065051,-0.062023,0.645208,0.758702,-0.591451,0.532747,0.040286,0.006404,0.000478,-0.796626,-0.604438,-0.764858,0.491292,0.944306
60,0.500000,0.016948,0.015725,0.854495,0.518945,-0.924346,0.442117,0.039327,-0.065004,-0.061999,0.645205,0.758710,-0.591449,0.532746,0.040285,0.006471,0.000492,-0.796576,-0.604504,-0.764786,0.491318,0.944327
61,0.508333,0.016958,0.015815,0.854492,0.518946,-0.924346,0.442117,0.039331,-0.064994,-0.061974,0.645209,0.758710,-0.591451,0.532745,0.040283,0.006262,0.000369,-0.796490,-0.604619,-0.764656,0.491353,0.944314
62,0.516667,0.017042,0.015888,0.854482,0.518959,-0.924337,0.442118,0.039322,-0.064955,-0.061973,0.645203,0.758718,-0.591447,0.532747,0.040287,0.006423,0.000312,-0.796349,-0.604804,-0.764514,0.491396,0.944329
63,0.525000,0.017066,0.015937,0.854483,0.518955,-0.924331,0.442121,0.039320,-0.065017,-0.062031,0.645199,0.758711,-0.591448,0.532750,0.040284,0.006649,0.000333,-0.796295,-0.604872,-0.764453,0.491428,0.944334
64,0.533333,0.017078,0.015964,0.854487,0.518946,-0.924332,0.442124,0.039325,-0.065005,-0.061987,0.645185,0.758728,-0.591447,0.532745,0.040284,0.006737,0.000369,-0.796081,-0.605152,-0.764226,0.491505,0.944235
65,0.541667,0.017118,0.015978,0.854494,0.518934,-0.924322,0.442126,0.039322,-0.065028,-0.062050,0.645188,0.758719,-0.591443,0.532747,0.040280,0.006259,0.000704,-0.795927,-0.605360,-0.763971,0.491607,0.944094
66,0.550000,0.017156,0.016064,0.854500,0.518919,-0.924320,0.442129,0.039323,-0.064984,-0.061987,0.645200,0.758717,-0.591443,0.532752,0.040280,0.005935,0.001061,-0.795818,-0.605506,-0.763858,0.491701,0.944021
67,0.558333,0.017090,0.016015,0.854500,0.518923,-0.924325,0.442134,0.039328,-0.064982,-0.061979,0.645187,0.758729,-0.591440,0.532752,0.040278,0.005563,0.001222,-0.795758,-0.605588,-0.763745,0.491769,0.943977
68,0.566667,0.017231,0.016149,0.854491,0.518930,-0.924312,0.442132,0.039315,-0.064941,-0.061913,0.645195,0.758731,-0.591438,0.532751,0.040277,0.005748,0.001110,-0.795728,-0.605626,-0.763619,0.491805,0.944009
69,0.575000,0.017189,0.016143,0.854496,0.518922,-0.924315,0.442136,0.039325,-0.064960,-0.061930,0.645204,0.758720,-0.591441,0.532745,0.040276,0.005494,0.001347,-0.795678,-0.605694,-0.763516,0.491890,0.943998
70,0.583333,0.017198,0.016200,0.854482,0.518944,-0.924310,0.442134,0.039328,-0.064938,-0.061947,0.645177,0.758744,-0.591440,0.532751,0.040276,0.005329,0.001526,-0.795660,-0.605718,-0.763447,0.491970,0.943986
71,0.591667,0.017184,0.016207,0.854492,0.518927,-0.924306,0.442138,0.039322,-0.064923,-0.061933,0.645174,0.758749,-0.591436,0.532757,0.040276,0.005305,0.001564,-0.795651,-0.605730,-0.763391,0.492042,0.943995
72,0.600000,0.017292,0.016342,0.854495,0.518915,-0.924302,0.442145,0.039322,-0.064981,-0.061955,0.645171,0.758745,-0.591435,0.532752,0.040272,0.005131,0.001712,-0.795692,-0.605677,-0.763392,0.492161,0.944036
73,0.608333,0.017309,0.016334,0.854488,0.518926,-0.924294,0.442152,0.039319,-0.064958,-0.061918,0.645173,0.758748,-0.591437,0.532757,0.040276,0.005144,0.001807,-0.795686,-0.605685,-0.763371,0.492246,0.944057
74,0.616667,0.017251,0.016049,0.854549,0.518837,-0.924322,0.442181,0.039329,-0.065017,-0.061933,0.645168,0.758746,-0.591433,0.532758,0.040269,0.005298,0.001882,-0.795668,-0.605707,-0.763280,0.492318,0.944055
75,0.625000,0.017470,0.016547,0.854498,0.518897,-0.924280,0.442157,0.039309,-0.064982,-0.061909,0.645161,0.758756,-0.591432,0.532759,0.040270,0.005303,0.002020,-0.795724,-0.605633,-0.763197,0.492477,0.943998
76,0.633333,0.017447,0.016633,0.854501,0.518891,-0.924273,0.442166,0.039301,-0.064994,-0.061917,0.645149,0.758766,-0.591430,0.532763,0.040264,0.005513,0.002053,-0.795729,-0.605625,-0.763104,0.492565,0.943998
77,0.641667,0.017420,0.016278,0.854555,0.518813,-0.924292,0.442193,0.039320,-0.064975,-0.061883,0.645146,0.758772,-0.591431,0.532762,0.040270,0.005340,0.001986,-0.795580,-0.605822,-0.763068,0.492731,0.943987
78,0.650000,0.017355,0.016239,0.854561,0.518807,-0.924295,0.442196,0.039322,-0.064980,-0.061869,0.645149,0.758771,-0.591432,0.532761,0.040267,0.005307,0.002028,-0.795565,-0.605841,-0.763042,0.492836,0.944014
79,0.658333,0.017515,0.016723,0.854514,0.518863,-0.924261,0.442167,0.039311,-0.064983,-0.061904,0.645154,0.758763,-0.591432,0.532762,0.040266,0.005597,0.001914,-0.795464,-0.605973,-0.762918,0.492978,0.943943
80,0.666667,0.017562,0.016844,0.854509,0.518867,-0.924251,0.442169,0.039304,-0.064983,-0.061880,0.645150,0.758768,-0.591437,0.532766,0.040268,0.005640,0.001703,-0.795401,-0.606055,-0.762843,0.493111,0.943961
81,0.675000,0.017473,0.016479,0.854566,0.518788,-0.924281,0.442203,0.039314,-0.065011,-0.061848,0.645129,0.758786,-0.591439,0.532767,0.040267,0.005830,0.002033,-0.795277,-0.606214,-0.762683,0.493281,0.943829
82,0.683333,0.017571,0.016566,0.854576,0.518765,-0.924276,0.442205,0.039301,-0.065046,-0.061879,0.645116,0.758792,-0.591435,0.532769,0.040268,0.005788,0.002043,-0.795294,-0.606192,-0.762646,0.493383,0.943806
83,0.691667,0.017567,0.016568,0.854569,0.518776,-0.924277,0.442206,0.039301,-0.065067,-0.061859,0.645118,0.758790,-0.591431,0.532773,0.040261,0.005910,0.001721,-0.795323,-0.606155,-0.762636,0.493500,0.943764
84,0.700000,0.017501,0.016528,0.854569,0.518779,-0.924283,0.442205,0.039310,-0.065025,-0.061828,0.645102,0.758810,-0.591434,0.532775,0.040262,0.005920,0.001703,-0.795307,-0.606176,-0.762612,0.493626,0.943752
85,0.708333,0.017582,0.016582,0.854559,0.518791,-0.924286,0.442202,0.039306,-0.065060,-0.061852,0.645090,0.758815,-0.591434,0.532777,0.040266,0.005553,0.001645,-0.795330,-0.606150,-0.762607,0.493755,0.943767
86,0.716667,0.017468,0.016566,0.854571,0.518776,-0.924293,0.442198,0.039312,-0.065038,-0.061836,0.645094,0.758815,-0.591440,0.532782,0.040267,0.005424,0.001917,-0.795361,-0.606109,-0.762592,0.493864,0.943815
87,0.725000,0.017477,0.016541,0.854578,0.518765,-0.924294,0.442199,0.039309,-0.065111,-0.061886,0.645079,0.758818,-0.591440,0.532783,0.040262,0.005366,0.001997,-0.795438,-0.606008,-0.762575,0.494031,0.943772
88,0.733333,0.017479,0.016558,0.854596,0.518736,-0.924295,0.442199,0.039308,-0.065099,-0.061873,0.645088,0.758812,-0.591444,0.532784,0.040261,0.005236,0.002148,-0.795553,-0.605858,-0.762582,0.494208,0.943771
89,0.741667,0.017591,0.017011,0.854538,0.518812,-0.924261,0.442167,0.039288,-0.065177,-0.061910,0.645085,0.758805,-0.591443,0.532786,0.040267,0.005192,0.002218,-0.795682,-0.605688,-0.762571,0.494355,0.943766
90,0.750000,0.017458,0.016581,0.854602,0.518725,-0.924291,0.442198,0.039307,-0.065196,-0.061910,0.645070,0.758816,-0.591447,0.532787,0.040260,0.005213,0.002296,-0.795789,-0.605548,-0.762569,0.494504,0.943771
91,0.758333,0.017534,0.016647,0.854606,0.518715,-0.924284,0.442199,0.039299,-0.065227,-0.061936,0.645070,0.758811,-0.591452,0.532789,0.040257,0.005235,0.002388,-0.795901,-0.605400,-0.762565,0.494651,0.943777
92,0.766667,0.017561,0.016717,0.854628,0.518675,-0.924286,0.442200,0.039298,-0.065227,-0.061916,0.645074,0.758809,-0.591449,0.532787,0.040257,0.005662,0.002286,-0.796017,-0.605243,-0.762611,0.494796,0.943826
93,0.775000,0.017605,0.016745,0.854634,0.518661,-0.924284,0.442201,0.039302,-0.065200,-0.061926,0.645102,0.758787,-0.591457,0.532789,0.040258,0.005657,0.002178,-0.796136,-0.605088,-0.762603,0.494953,0.943837
94,0.783333,0.017543,0.017093,0.854595,0.518718,-0.924259,0.442176,0.039290,-0.065201,-0.061917,0.645069,0.758815,-0.591461,0.532796,0.040254,0.006080,0.002248,-0.796165,-0.605045,-0.762558,0.495146,0.943798
95,0.791667,0.017604,0.016868,0.854661,0.518613,-0.924278,0.442202,0.039293,-0.065254,-0.061934,0.645076,0.758804,-0.591464,0.532793,0.040257,0.005911,0.002221,-0.796256,-0.604927,-0.762572,0.495344,0.943822
96,0.800000,0.017571,0.016854,0.854681,0.518582,-0.924287,0.442207,0.039301,-0.065268,-0.061972,0.645065,0.758809,-0.591465,0.532802,0.040249,0.006388,0.002107,-0.796365,-0.604779,-0.762583,0.495455,0.943833
97,0.808333,0.017598,0.016960,0.854699,0.518549,-0.924276,0.442207,0.039293,-0.065272,-0.061920,0.645081,0.758799,-0.591467,0.532802,0.040258,0.006221,0.002130,-0.796387,-0.604752,-0.762624,0.495655,0.943820
98,0.816667,0.017548,0.016983,0.854722,0.518511,-0.924278,0.442212,0.039293,-0.065314,-0.061928,0.645067,0.758807,-0.591470,0.532804,0.040254,0.006269,0.002119,-0.796541,-0.604548,-0.762633,0.495813,0.943820
99,0.825000,0.017629,0.017083,0.854731,0.518491,-0.924271,0.442212,0.039286,-0.065362,-0.061976,0.645078,0.758789,-0.591476,0.532806,0.040257,0.006331,0.002013,-0.796674,-0.604373,-0.762617,0.495973,0.943824
100,0.833333,0.017566,0.017105,0.854751,0.518458,-0.924273,0.442215,0.039291,-0.065409,-0.061989,0.645064,0.758796,-0.591476,0.532807,0.040257,0.006307,0.001959,-0.796788,-0.604223,-0.762607,0.496113,0.943798
101,0.841667,0.017623,0.017179,0.854772,0.518419,-0.924261,0.442216,0.039284,-0.065437,-0.061974,0.645057,0.758800,-0.591481,0.532808,0.040251,0.006381,0.001980,-0.796938,-0.604024,-0.762573,0.496320,0.943751
102,0.850000,0.017616,0.017281,0.854798,0.518374,-0.924267,0.442222,0.039283,-0.065483,-0.061976,0.645045,0.758807,-0.591480,0.532814,0.040249,0.006290,0.002139,-0.796995,-0.603949,-0.762578,0.496541,0.943720
103,0.858333,0.017595,0.017347,0.854806,0.518359,-0.924260,0.442227,0.039287,-0.065541,-0.062021,0.645029,0.758812,-0.591487,0.532816,0.040254,0.006062,0.002215,-0.797077,-0.603843,-0.762572,0.496706,0.943716
104,0.866667,0.017673,0.017430,0.854823,0.518325,-0.924255,0.442229,0.039274,-0.065608,-0.062034,0.645027,0.758806,-0.591492,0.532823,0.040254,0.006056,0.002288,-0.797197,-0.603684,-0.762578,0.496855,0.943709
105,0.875000,0.017620,0.017507,0.854852,0.518276,-0.924249,0.442238,0.039273,-0.065628,-0.062033,0.645035,0.758798,-0.591496,0.532824,0.040252,0.006090,0.002288,-0.797298,-0.603551,-0.762569,0.496995,0.943707
106,0.883333,0.017582,0.017548,0.854856,0.518270,-0.924251,0.442243,0.039273,-0.065686,-0.062075,0.645020,0.758803,-0.591497,0.532826,0.040251,0.006297,0.002201,-0.797425,-0.603381,-0.762567,0.497142,0.943683
107,0.891667,0.017675,0.017739,0.854869,0.518239,-0.924232,0.442248,0.039270,-0.065681,-0.062085,0.645003,0.758817,-0.591503,0.532831,0.040241,0.006229,0.001998,-0.797503,-0.603280,-0.762560,0.497304,0.943663
108,0.900000,0.017709,0.017839,0.854891,0.518199,-0.924226,0.442257,0.039271,-0.065829,-0.062178,0.645007,0.758793,-0.591509,0.532835,0.040242,0.006311,0.001947,-0.797607,-0.603141,-0.762553,0.497445,0.943679
109,0.908333,0.017732,0.017966,0.854913,0.518158,-0.924217,0.442261,0.039267,-0.065805,-0.062092,0.644992,0.758815,-0.591512,0.532844,0.040251,0.006353,0.001921,-0.797693,-0.603027,-0.762532,0.497572,0.943693
110,0.916667,0.017785,0.018119,0.854910,0.518156,-0.924213,0.442274,0.039263,-0.065889,-0.062165,0.644966,0.758823,-0.591521,0.532844,0.040248,0.006483,0.001861,-0.797758,-0.602940,-0.762462,0.497688,0.943707
111,0.925000,0.017743,0.018252,0.854922,0.518131,-0.924202,0.442285,0.039263,-0.065976,-0.062239,0.644941,0.758831,-0.591520,0.532853,0.040253,0.006313,0.001838,-0.797765,-0.602932,-0.762467,0.497852,0.943750
112,0.933333,0.017727,0.018311,0.854943,0.518096,-0.924191,0.442297,0.039261,-0.065989,-0.062191,0.644945,0.758831,-0.591523,0.532855,0.040246,0.006133,0.002076,-0.797798,-0.602891,-0.762422,0.498023,0.943690
113,0.941667,0.017808,0.018509,0.854948,0.518078,-0.924185,0.442303,0.039257,-0.066066,-0.062220,0.644943,0.758823,-0.591527,0.532861,0.040247,0.006375,0.001957,-0.797741,-0.602964,-0.762343,0.498176,0.943647
114,0.950000,0.017849,0.018583,0.854961,0.518053,-0.924171,0.442311,0.039250,-0.066114,-0.062230,0.644927,0.758832,-0.591532,0.532865,0.040244,0.006107,0.002238,-0.797772,-0.602924,-0.762315,0.498288,0.943687
115,0.958333,0.017836,0.018756,0.854974,0.518025,-0.924164,0.442323,0.039251,-0.066149,-0.062224,0.644923,0.758833,-0.591539,0.532871,0.040247,0.006002,0.002197,-0.797674,-0.603055,-0.762310,0.498449,0.943705
116,0.966667,0.017876,0.018864,0.854977,0.518014,-0.924157,0.442328,0.039254,-0.066217,-0.062283,0.644910,0.758833,-0.591541,0.532876,0.040248,0.005930,0.002615,-0.797565,-0.603198,-0.762088,0.498649,0.943577
117,0.975000,0.017894,0.018973,0.854983,0.518000,-0.924151,0.442338,0.039247,-0.066301,-0.062308,0.644886,0.758844,-0.591549,0.532884,0.040242,0.005948,0.002549,-0.797556,-0.603210,-0.762063,0.498757,0.943586
118,0.983333,0.017900,0.019102,0.854992,0.517980,-0.924139,0.442351,0.039250,-0.066329,-0.062330,0.644880,0.758845,-0.591546,0.532891,0.040240,0.005562,0.002556,-0.797545,-0.603228,-0.762038,0.498869,0.943618
119,0.991667,0.017876,0.019225,0.854993,0.517974,-0.924133,0.442359,0.039244,-0.066367,-0.062316,0.644858,0.758861,-0.591549,0.532894,0.040237,0.005649,0.002520,-0.797522,-0.603258,-0.762030,0.498973,0.943632
120,1.000000,0.017934,0.019359,0.854998,0.517960,-0.924123,0.442371,0.039249,-0.066396,-0.062321,0.644841,0.758873,-0.591549,0.532898,0.040245,0.005751,0.002486,-0.797526,-0.603252,-0.761997,0.499067,0.943664
121,1.008333,0.017938,0.019465,0.855014,0.517929,-0.924108,0.442377,0.039250,-0.066474,-0.062323,0.644830,0.758875,-0.591556,0.532897,0.040243,0.005832,0.002504,-0.797526,-0.603251,-0.761975,0.499176,0.943679
122,1.016667,0.017972,0.019595,0.855019,0.517914,-0.924098,0.442382,0.039247,-0.066468,-0.062322,0.644831,0.758875,-0.591560,0.532901,0.040238,0.005829,0.002497,-0.797503,-0.603281,-0.761941,0.499302,0.943676
123,1.025000,0.018004,0.019663,0.855007,0.517930,-0.924091,0.442387,0.039244,-0.066537,-0.062368,0.644806,0.758886,-0.591559,0.532903,0.040241,0.005853,0.002575,-0.797484,-0.603306,-0.761917,0.499399,0.943689
124,1.033333,0.018041,0.019790,0.855024,0.517897,-0.924082,0.442396,0.039246,-0.066546,-0.062387,0.644796,0.758892,-0.591564,0.532908,0.040240,0.006276,0.002195,-0.797391,-0.603427,-0.761806,0.499515,0.943673
125,1.041667,0.018105,0.019889,0.855024,0.517890,-0.924075,0.442401,0.039249,-0.066633,-0.062440,0.644787,0.758888,-0.591567,0.532911,0.040244,0.006235,0.002355,-0.797362,-0.603464,-0.761800,0.499631,0.943684
126,1.050000,0.018141,0.019952,0.855027,0.517881,-0.924071,0.442408,0.039242,-0.066639,-0.062457,0.644765,0.758905,-0.591568,0.532911,0.040237,0.006240,0.002338,-0.797209,-0.603667,-0.761760,0.499776,0.943710
127,1.058333,0.018130,0.020039,0.855034,0.517868,-0.924064,0.442413,0.039238,-0.066624,-0.062430,0.644777,0.758898,-0.591573,0.532914,0.040234,0.005966,0.002402,-0.797166,-0.603725,-0.761741,0.499910,0.943745
128,1.066667,0.018123,0.020072,0.855041,0.517855,-0.924058,0.442417,0.039241,-0.066733,-0.062496,0.644759,0.758899,-0.591575,0.532916,0.040235,0.005860,0.002500,-0.797172,-0.603718,-0.761702,0.500011,0.943722
129,1.075000,0.018184,0.020118,0.855029,0.517871,-0.924055,0.442424,0.039239,-0.066711,-0.062453,0.644758,0.758905,-0.591575,0.532918,0.040238,0.005745,0.002546,-0.797160,-0.603735,-0.761657,0.500107,0.943701
130,1.083333,0.018187,0.020181,0.855017,0.517888,-0.924050,0.442425,0.039243,-0.066746,-0.062486,0.644744,0.758911,-0.591571,0.532919,0.040237,0.005702,0.002561,-0.797157,-0.603740,-0.761623,0.500198,0.943699
131,1.091667,0.018194,0.020219,0.855017,0.517886,-0.924044,0.442431,0.039243,-0.066739,-0.062490,0.644738,0.758916,-0.591579,0.532922,0.040234,0.005621,0.002510,-0.797161,-0.603735,-0.761584,0.500304,0.943678
132,1.100000,0.018204,0.020256,0.855021,0.517878,-0.924041,0.442429,0.039238,-0.066754,-0.062491,0.644736,0.758916,-0.591576,0.532922,0.040237,0.005958,0.002473,-0.797196,-0.603687,-0.761495,0.500367,0.943641
133,1.108333,0.018209,0.020314,0.855010,0.517893,-0.924038,0.442436,0.039239,-0.066784,-0.062515,0.644727,0.758919,-0.591578,0.532928,0.040232,0.005952,0.002421,-0.797194,-0.603690,-0.761452,0.500434,0.943631
134,1.116667,0.018254,0.020362,0.855004,0.517900,-0.924034,0.442437,0.039234,-0.066745,-0.062474,0.644709,0.758942,-0.591576,0.532922,0.040234,0.005967,0.002352,-0.797199,-0.603683,-0.761418,0.500512,0.943632
135,1.125000,0.018284,0.020385,0.855009,0.517890,-0.924032,0.442440,0.039232,-0.066780,-0.062476,0.644730,0.758921,-0.591581,0.532923,0.040238,0.006008,0.002194,-0.797106,-0.603806,-0.761277,0.500621,0.943576
136,1.133333,0.018300,0.020401,0.855021,0.517868,-0.924030,0.442447,0.039230,-0.066809,-0.062510,0.644718,0.758925,-0.591586,0.532927,0.040235,0.005768,0.002409,-0.797080,-0.603842,-0.761220,0.500679,0.943602
137,1.141667,0.018275,0.020403,0.855019,0.517873,-0.924030,0.442447,0.039230,-0.066854,-0.062532,0.644696,0.758938,-0.591587,0.532929,0.040234,0.005878,0.002318,-0.797122,-0.603785,-0.761207,0.500740,0.943612
138,1.150000,0.018249,0.020446,0.855012,0.517884,-0.924031,0.442448,0.039237,-0.066840,-0.062539,0.644720,0.758919,-0.591588,0.532931,0.040234,0.005963,0.002607,-0.796929,-0.604037,-0.760989,0.500852,0.943498
139,1.158333,0.018288,0.020406,0.855009,0.517889,-0.924028,0.442451,0.039237,-0.066809,-0.062513,0.644729,0.758916,-0.591586,0.532928,0.040233,0.006014,0.002579,-0.796944,-0.604018,-0.760939,0.500924,0.943488
140,1.166667,0.018286,0.020479,0.855010,0.517885,-0.924028,0.442451,0.039232,-0.066817,-0.062518,0.644709,0.758932,-0.591588,0.532929,0.040226,0.006069,0.002454,-0.796922,-0.604047,-0.760923,0.501013,0.943483
141,1.175000,0.018321,0.020555,0.855009,0.517881,-0.924023,0.442448,0.039231,-0.066828,-0.062516,0.644722,0.758920,-0.591586,0.532933,0.040229,0.006059,0.002466,-0.796948,-0.604013,-0.760893,0.501053,0.943472
142,1.183333,0.018281,0.020437,0.855014,0.517880,-0.924016,0.442449,0.039235,-0.066782,-0.062520,0.644721,0.758924,-0.591583,0.532928,0.040229,0.005749,0.002098,-0.796963,-0.603997,-0.760910,0.501148,0.943543
143,1.191667,0.018317,0.020517,0.855017,0.517871,-0.924015,0.442451,0.039233,-0.066778,-0.062553,0.644734,0.758911,-0.591584,0.532932,0.040232,0.005468,0.002271,-0.796951,-0.604015,-0.760884,0.501224,0.943556
144,1.200000,0.018344,0.020543,0.855016,0.517869,-0.924016,0.442448,0.039233,-0.066834,-0.062535,0.644717,0.758922,-0.591578,0.532932,0.040222,0.005465,0.002323,-0.796988,-0.603966,-0.760866,0.501287,0.943553
145,1.208333,0.018304,0.020528,0.855021,0.517863,-0.924016,0.442449,0.039231,-0.066835,-0.062567,0.644732,0.758907,-0.591585,0.532927,0.040228,0.005526,0.002276,-0.797023,-0.603920,-0.760866,0.501359,0.943552
146,1.216667,0.018343,0.020559,0.855012,0.517877,-0.924016,0.442449,0.039234,-0.066772,-0.062549,0.644748,0.758900,-0.591586,0.532929,0.040226,0.005347,0.002264,-0.797052,-0.603883,-0.760864,0.501429,0.943567
147,1.225000,0.018384,0.020561,0.855012,0.517874,-0.924014,0.442446,0.039242,-0.066783,-0.062532,0.644747,0.758901,-0.591585,0.532930,0.040224,0.005753,0.002096,-0.797129,-0.603778,-0.760781,0.501423,0.943566
148,1.233333,0.018397,0.020530,0.855017,0.517868,-0.924012,0.442445,0.039230,-0.066820,-0.062520,0.644753,0.758894,-0.591584,0.532926,0.040219,0.005725,0.002089,-0.797167,-0.603729,-0.760741,0.501455,0.943559
149,1.241667,0.018411,0.020547,0.855019,0.517861,-0.924012,0.442444,0.039234,-0.066810,-0.062567,0.644747,0.758896,-0.591581,0.532933,0.040219,0.005769,0.002051,-0.797210,-0.603671,-0.760702,0.501488,0.943547
150,1.250000,0.018349,0.020501,0.855017,0.517870,-0.924007,0.442445,0.039244,-0.066775,-0.062525,0.644733,0.758915,-0.591583,0.532926,0.040221,0.005868,0.001896,-0.797223,-0.603654,-0.760714,0.501538,0.943566
151,1.258333,0.018407,0.020489,0.855029,0.517849,-0.924008,0.442445,0.039238,-0.066779,-0.062568,0.644755,0.758892,-0.591583,0.532924,0.040220,0.005744,0.001952,-0.797264,-0.603601,-0.760642,0.501540,0.943550
152,1.266667,0.018439,0.020472,0.855024,0.517856,-0.924006,0.442440,0.039237,-0.066779,-0.062557,0.644756,0.758892,-0.591581,0.532927,0.040220,0.005698,0.001949,-0.797281,-0.603579,-0.760608,0.501563,0.943542
153,1.275000,0.018452,0.020476,0.855034,0.517839,-0.924004,0.442441,0.039247,-0.066783,-0.062533,0.644765,0.758886,-0.591576,0.532928,0.040219,0.005750,0.001919,-0.797313,-0.603536,-0.760567,0.501577,0.943544
154,1.283333,0.018500,0.020504,0.855023,0.517855,-0.924011,0.442437,0.039239,-0.066749,-0.062543,0.644775,0.758879,-0.591575,0.532928,0.040218,0.005699,0.001861,-0.797315,-0.603534,-0.760523,0.501601,0.943542
155,1.291667,0.018455,0.020437,0.855033,0.517843,-0.924005,0.442436,0.039243,-0.066757,-0.062538,0.644776,0.758878,-0.591573,0.532927,0.040220,0.005490,0.002097,-0.797390,-0.603436,-0.760418,0.501606,0.943493
156,1.300000,0.018478,0.020509,0.855032,0.517839,-0.924004,0.442440,0.039241,-0.066707,-0.062543,0.644768,0.758889,-0.591572,0.532927,0.040218,0.005404,0.002078,-0.797413,-0.603406,-0.760400,0.501642,0.943481
157,1.308333,0.018477,0.020456,0.855035,0.517838,-0.924002,0.442442,0.039243,-0.066711,-0.062528,0.644783,0.758877,-0.591569,0.532924,0.040211,0.005447,0.002034,-0.797426,-0.603389,-0.760357,0.501650,0.943477
158,1.316667,0.018471,0.020432,0.855041,0.517828,-0.924003,0.442439,0.039243,-0.066669,-0.062511,0.644798,0.758869,-0.591569,0.532922,0.040206,0.005423,0.002149,-0.797460,-0.603343,-0.760292,0.501654,0.943457
159,1.325000,0.018467,0.020461,0.855045,0.517821,-0.924000,0.442442,0.039240,-0.066637,-0.062534,0.644814,0.758857,-0.591568,0.532922,0.040211,0.005448,0.002166,-0.797499,-0.603291,-0.760262,0.501668,0.943451
160,1.333333,0.018449,0.020447,0.855039,0.517832,-0.924002,0.442437,0.039243,-0.066644,-0.062503,0.644815,0.758858,-0.591567,0.532921,0.040206,0.005483,0.002107,-0.797526,-0.603257,-0.760228,0.501664,0.943447
161,1.341667,0.018440,0.020434,0.855037,0.517835,-0.924004,0.442438,0.039247,-0.066655,-0.062520,0.644836,0.758838,-0.591567,0.532923,0.040208,0.005436,0.002159,-0.797564,-0.603206,-0.760200,0.501687,0.943439
162,1.350000,0.018463,0.020430,0.855040,0.517831,-0.924001,0.442441,0.039247,-0.066624,-0.062504,0.644816,0.758859,-0.591563,0.532918,0.040205,0.005458,0.002149,-0.797577,-0.603189,-0.760168,0.501699,0.943434
163,1.358333,0.018511,0.020435,0.855029,0.517846,-0.924000,0.442435,0.039247,-0.066562,-0.062477,0.644851,0.758837,-0.591560,0.532921,0.040198,0.005520,0.002173,-0.797687,-0.603042,-0.760122,0.501695,0.943431
164,1.366667,0.018524,0.020422,0.855034,0.517838,-0.924000,0.442432,0.039247,-0.066610,-0.062513,0.644834,0.758844,-0.591558,0.532919,0.040204,0.005454,0.002181,-0.797694,-0.603034,-0.760089,0.501703,0.943419
165,1.375000,0.018536,0.020429,0.855024,0.517855,-0.924003,0.442431,0.039242,-0.066588,-0.062476,0.644840,0.758844,-0.591561,0.532921,0.040205,0.005422,0.002249,-0.797742,-0.602970,-0.760070,0.501715,0.943412
166,1.383333,0.018494,0.020449,0.855031,0.517844,-0.924000,0.442429,0.039247,-0.066537,-0.062474,0.644862,0.758830,-0.591558,0.532917,0.040204,0.005447,0.002227,-0.797768,-0.602936,-0.760037,0.501720,0.943408
167,1.391667,0.018579,0.020388,0.855024,0.517854,-0.924001,0.442429,0.039243,-0.066534,-0.062457,0.644863,0.758830,-0.591558,0.532920,0.040210,0.005447,0.002254,-0.797821,-0.602865,-0.760013,0.501720,0.943404
168,1.400000,0.018590,0.020357,0.855033,0.517840,-0.923998,0.442427,0.039248,-0.066504,-0.062450,0.644852,0.758843,-0.591564,0.532918,0.040206,0.005411,0.002314,-0.797859,-0.602816,-0.759982,0.501723,0.943393
169,1.408333,0.018562,0.020341,0.855031,0.517845,-0.923999,0.442423,0.039243,-0.066529,-0.062485,0.644885,0.758811,-0.591557,0.532920,0.040208,0.005377,0.002295,-0.797884,-0.602783,-0.759957,0.501720,0.943384
170,1.416667,0.018613,0.020355,0.855030,0.517844,-0.923999,0.442424,0.039245,-0.066485,-0.062462,0.644896,0.758806,-0.591559,0.532917,0.040206,0.005343,0.002361,-0.797913,-0.602744,-0.759915,0.501727,0.943360
171,1.425000,0.018588,0.020334,0.855034,0.517840,-0.924000,0.442425,0.039247,-0.066496,-0.062468,0.644887,0.758813,-0.591557,0.532922,0.040204,0.005279,0.002372,-0.797948,-0.602698,-0.759900,0.501729,0.943368
172,1.433333,0.018608,0.020317,0.855027,0.517851,-0.924000,0.442420,0.039244,-0.066504,-0.062502,0.644902,0.758797,-0.591557,0.532918,0.040205,0.005282,0.002410,-0.797979,-0.602658,-0.759876,0.501728,0.943366
173,1.441667,0.018616,0.020328,0.855026,0.517852,-0.923998,0.442416,0.039246,-0.066461,-0.062475,0.644908,0.758797,-0.591558,0.532919,0.040206,0.005196,0.002458,-0.798004,-0.602625,-0.759839,0.501734,0.943347
174,1.450000,0.018616,0.020241,0.855002,0.517896,-0.924006,0.442415,0.039248,-0.066475,-0.062521,0.644916,0.758786,-0.591562,0.532913,0.040203,0.005187,0.002522,-0.798037,-0.602581,-0.759812,0.501737,0.943348
175,1.458333,0.018598,0.020206,0.855019,0.517870,-0.924008,0.442411,0.039246,-0.066479,-0.062518,0.644920,0.758782,-0.591559,0.532920,0.040200,0.005486,0.002234,-0.798099,-0.602498,-0.759790,0.501698,0.943412
176,1.466667,0.018544,0.020194,0.855023,0.517865,-0.924010,0.442408,0.039249,-0.066479,-0.062478,0.644929,0.758778,-0.591559,0.532914,0.040204,0.005133,0.002251,-0.798165,-0.602413,-0.759755,0.501698,0.943382
177,1.475000,0.018602,0.020185,0.855008,0.517887,-0.924009,0.442409,0.039249,-0.066459,-0.062496,0.644952,0.758758,-0.591563,0.532913,0.040197,0.005071,0.002228,-0.798207,-0.602358,-0.759731,0.501690,0.943370
178,1.483333,0.018613,0.020148,0.855010,0.517886,-0.924012,0.442405,0.039249,-0.066402,-0.062449,0.644958,0.758763,-0.591561,0.532914,0.040200,0.005038,0.002282,-0.798235,-0.602321,-0.759702,0.501688,0.943353
179,1.491667,0.018639,0.020129,0.855002,0.517898,-0.924012,0.442406,0.039249,-0.066441,-0.062471,0.644948,0.758766,-0.591556,0.532910,0.040202,0.005035,0.002330,-0.798272,-0.602272,-0.759676,0.501679,0.943354
180,1.500000,0.018648,0.020137,0.854999,0.517903,-0.924016,0.442402,0.039249,-0.066392,-0.062438,0.644984,0.758742,-0.591557,0.532913,0.040193,0.005029,0.002389,-0.798304,-0.602228,-0.759642,0.501665,0.943364
181,1.508333,0.018648,0.020089,0.854985,0.517929,-0.924020,0.442398,0.039248,-0.066389,-0.062497,0.644986,0.758735,-0.591555,0.532911,0.040198,0.005070,0.002412,-0.798371,-0.602139,-0.759601,0.501634,0.943367
182,1.516667,0.018653,0.020042,0.854990,0.517921,-0.924021,0.442400,0.039244,-0.066397,-0.062467,0.644982,0.758741,-0.591554,0.532915,0.040195,0.005212,0.002384,-0.798495,-0.601975,-0.759563,0.501599,0.943387
183,1.525000,0.018627,0.020034,0.854985,0.517930,-0.924021,0.442394,0.039245,-0.066363,-0.062439,0.644979,0.758749,-0.591554,0.532911,0.040197,0.005171,0.002414,-0.798537,-0.601919,-0.759556,0.501585,0.943381
184,1.533333,0.018646,0.019963,0.854974,0.517951,-0.924024,0.442396,0.039240,-0.066342,-0.062448,0.645002,0.758730,-0.591558,0.532911,0.040197,0.005233,0.002379,-0.798571,-0.601873,-0.759529,0.501581,0.943381
185,1.541667,0.018676,0.019950,0.854956,0.517981,-0.924027,0.442389,0.039244,-0.066367,-0.062453,0.645003,0.758727,-0.591555,0.532907,0.040193,0.005396,0.002330,-0.798605,-0.601826,-0.759515,0.501529,0.943404
186,1.550000,0.018620,0.019934,0.854963,0.517972,-0.924032,0.442390,0.039246,-0.066280,-0.062439,0.645012,0.758728,-0.591556,0.532905,0.040201,0.005636,0.002268,-0.798634,-0.601786,-0.759508,0.501492,0.943450
187,1.558333,0.018620,0.019907,0.854951,0.517993,-0.924037,0.442383,0.039246,-0.066287,-0.062445,0.645034,0.758708,-0.591557,0.532905,0.040201,0.005644,0.002240,-0.798686,-0.601718,-0.759489,0.501473,0.943439
188,1.566667,0.018583,0.019783,0.854958,0.517986,-0.924039,0.442382,0.039249,-0.066294,-0.062458,0.645010,0.758727,-0.591549,0.532901,0.040201,0.005699,0.002243,-0.798756,-0.601624,-0.759481,0.501456,0.943456
189,1.575000,0.018600,0.019823,0.854946,0.518004,-0.924046,0.442380,0.039251,-0.066256,-0.062453,0.645052,0.758695,-0.591552,0.532899,0.040195,0.005781,0.002188,-0.798819,-0.601540,-0.759459,0.501444,0.943461
190,1.583333,0.018585,0.019786,0.854941,0.518014,-0.924047,0.442371,0.039250,-0.066219,-0.062422,0.645068,0.758687,-0.591546,0.532897,0.040190,0.005863,0.002277,-0.798894,-0.601439,-0.759448,0.501425,0.943473
191,1.591667,0.018623,0.019748,0.854943,0.518011,-0.924051,0.442373,0.039250,-0.066187,-0.062384,0.645068,0.758693,-0.591546,0.532897,0.040198,0.005514,0.002514,-0.798985,-0.601320,-0.759343,0.501438,0.943293
192,1.600000,0.018588,0.019638,0.854945,0.518014,-0.924051,0.442364,0.039254,-0.066163,-0.062382,0.645083,0.758682,-0.591547,0.532896,0.040195,0.005542,0.002534,-0.799061,-0.601219,-0.759332,0.501415,0.943301
193,1.608333,0.018571,0.019606,0.854941,0.518021,-0.924055,0.442363,0.039254,-0.066191,-0.062411,0.645078,0.758682,-0.591539,0.532894,0.040191,0.005578,0.002528,-0.799144,-0.601109,-0.759313,0.501392,0.943294
194,1.616667,0.018613,0.019631,0.854935,0.518029,-0.924058,0.442359,0.039263,-0.066194,-0.062440,0.645104,0.758657,-0.591543,0.532893,0.040194,0.005583,0.002531,-0.799213,-0.601017,-0.759295,0.501371,0.943289
195,1.625000,0.018545,0.019553,0.854940,0.518026,-0.924058,0.442356,0.039261,-0.066139,-0.062376,0.645106,0.758665,-0.591544,0.532890,0.040194,0.005667,0.002518,-0.799284,-0.600921,-0.759280,0.501347,0.943298
196,1.633333,0.018571,0.019576,0.854932,0.518038,-0.924055,0.442353,0.039265,-0.066116,-0.062391,0.645113,0.758660,-0.591541,0.532888,0.040198,0.005641,0.002557,-0.799358,-0.600824,-0.759263,0.501327,0.943287
197,1.641667,0.018529,0.019498,0.854942,0.518026,-0.924059,0.442354,0.039262,-0.066100,-0.062401,0.645110,0.758663,-0.591541,0.532890,0.040192,0.005556,0.002661,-0.799465,-0.600682,-0.759277,0.501290,0.943358
198,1.650000,0.018568,0.019574,0.854932,0.518038,-0.924058,0.442343,0.039265,-0.066075,-0.062387,0.645126,0.758653,-0.591538,0.532888,0.040193,0.005697,0.002547,-0.799540,-0.600581,-0.759266,0.501262,0.943383
199,1.658333,0.018567,0.019437,0.854953,0.518009,-0.924059,0.442345,0.039262,-0.066070,-0.062362,0.645128,0.758654,-0.591540,0.532885,0.040192,0.005672,0.002628,-0.799610,-0.600486,-0.759248,0.501248,0.943375
200,1.666667,0.018603,0.019454,0.854953,0.518007,-0.924061,0.442345,0.039265,-0.066051,-0.062361,0.645141,0.758644,-0.591545,0.532886,0.040196,0.006010,0.002504,-0.799633,-0.600454,-0.759215,0.501237,0.943342
201,1.675000,0.018564,0.019436,0.854962,0.517994,-0.924059,0.442342,0.039266,-0.066043,-0.062355,0.645142,0.758645,-0.591541,0.532883,0.040195,0.006153,0.002239,-0.799777,-0.600261,-0.759213,0.501156,0.943437
202,1.683333,0.018592,0.019395,0.854968,0.517985,-0.924061,0.442336,0.039267,-0.066017,-0.062341,0.645148,0.758643,-0.591539,0.532880,0.040194,0.005837,0.002471,-0.799760,-0.600286,-0.759211,0.501195,0.943382
203,1.691667,0.018616,0.019391,0.854969,0.517982,-0.924059,0.442336,0.039273,-0.066014,-0.062328,0.645145,0.758647,-0.591535,0.532881,0.040201,0.006222,0.002177,-0.799860,-0.600151,-0.759184,0.501125,0.943440
204,1.700000,0.018626,0.019412,0.854975,0.517971,-0.924061,0.442334,0.039267,-0.065923,-0.062274,0.645157,0.758649,-0.591533,0.532884,0.040197,0.006391,0.002137,-0.799884,-0.600117,-0.759179,0.501101,0.943458
205,1.708333,0.018634,0.019387,0.854973,0.517975,-0.924058,0.442331,0.039271,-0.065979,-0.062288,0.645163,0.758638,-0.591529,0.532879,0.040199,0.006487,0.002119,-0.799910,-0.600081,-0.759143,0.501071,0.943409
206,1.716667,0.018629,0.019351,0.854978,0.517968,-0.924059,0.442331,0.039267,-0.065936,-0.062224,0.645168,0.758643,-0.591527,0.532881,0.040194,0.006569,0.002066,-0.799914,-0.600076,-0.759131,0.501047,0.943417
207,1.725000,0.018632,0.019372,0.854993,0.517943,-0.924054,0.442330,0.039276,-0.065919,-0.062243,0.645157,0.758652,-0.591523,0.532879,0.040196,0.006516,0.002079,-0.799929,-0.600055,-0.759115,0.501038,0.943397
208,1.733333,0.018643,0.019345,0.854991,0.517947,-0.924054,0.442330,0.039272,-0.065957,-0.062231,0.645162,0.758645,-0.591522,0.532885,0.040193,0.006598,0.002056,-0.799925,-0.600060,-0.759112,0.501023,0.943404
209,1.741667,0.018635,0.019401,0.854988,0.517951,-0.924048,0.442329,0.039270,-0.065979,-0.062252,0.645147,0.758654,-0.591518,0.532885,0.040195,0.006595,0.002062,-0.799905,-0.600087,-0.759119,0.501014,0.943401
210,1.750000,0.018695,0.019453,0.854985,0.517950,-0.924053,0.442331,0.039270,-0.065956,-0.062207,0.645148,0.758660,-0.591520,0.532884,0.040198,0.006672,0.002066,-0.799902,-0.600091,-0.759101,0.500994,0.943386
211,1.758333,0.018677,0.019467,0.854986,0.517948,-0.924050,0.442331,0.039271,-0.066021,-0.062267,0.645135,0.758660,-0.591519,0.532886,0.040196,0.007034,0.001791,-0.799951,-0.600022,-0.759085,0.500917,0.943434
212,1.766667,0.018714,0.019485,0.854983,0.517951,-0.924047,0.442331,0.039273,-0.066008,-0.062259,0.645134,0.758662,-0.591519,0.532891,0.040199,0.007005,0.001741,-0.799903,-0.600086,-0.759109,0.500924,0.943479
213,1.775000,0.018694,0.019519,0.854979,0.517957,-0.924047,0.442330,0.039266,-0.066032,-0.062250,0.645109,0.758683,-0.591521,0.532886,0.040200,0.007205,0.001728,-0.799888,-0.600104,-0.759095,0.500906,0.943449
214,1.783333,0.018692,0.019535,0.854990,0.517939,-0.924045,0.442333,0.039274,-0.065983,-0.062201,0.645133,0.758670,-0.591524,0.532887,0.040195,0.007073,0.001762,-0.799838,-0.600172,-0.759102,0.500916,0.943467
215,1.791667,0.018657,0.019501,0.854988,0.517946,-0.924040,0.442337,0.039269,-0.066014,-0.062212,0.645125,0.758673,-0.591525,0.532892,0.040194,0.007059,0.001787,-0.799710,-0.600343,-0.759077,0.500988,0.943400
216,1.800000,0.018678,0.019584,0.854994,0.517932,-0.924040,0.442338,0.039273,-0.066034,-0.062236,0.645103,0.758688,-0.591524,0.532892,0.040198,0.007100,0.001755,-0.799664,-0.600404,-0.759090,0.500987,0.943402
217,1.808333,0.018729,0.019620,0.854990,0.517935,-0.924035,0.442341,0.039271,-0.066055,-0.062257,0.645101,0.758687,-0.591528,0.532894,0.040198,0.007018,0.001902,-0.799590,-0.600502,-0.759102,0.501028,0.943376
218,1.816667,0.018734,0.019690,0.854997,0.517920,-0.924031,0.442344,0.039263,-0.066028,-0.062248,0.645090,0.758699,-0.591528,0.532891,0.040204,0.007238,0.001683,-0.799594,-0.600496,-0.759109,0.501001,0.943416
219,1.825000,0.018724,0.019728,0.854995,0.517922,-0.924027,0.442345,0.039262,-0.066131,-0.062308,0.645083,0.758691,-0.591529,0.532897,0.040201,0.007006,0.001888,-0.799509,-0.600611,-0.759123,0.501056,0.943365
220,1.833333,0.018729,0.019721,0.854991,0.517929,-0.924027,0.442344,0.039264,-0.066116,-0.062290,0.645069,0.758706,-0.591526,0.532897,0.040203,0.007102,0.001869,-0.799460,-0.600675,-0.759134,0.501071,0.943369
221,1.841667,0.018761,0.019783,0.854986,0.517933,-0.924028,0.442344,0.039269,-0.066143,-0.062276,0.645074,0.758700,-0.591530,0.532900,0.040206,0.007137,0.001903,-0.799423,-0.600723,-0.759150,0.501084,0.943371
222,1.850000,0.018781,0.019813,0.854979,0.517944,-0.924031,0.442351,0.039271,-0.066148,-0.062328,0.645061,0.758707,-0.591525,0.532898,0.040203,0.007118,0.001840,-0.799383,-0.600777,-0.759159,0.501107,0.943360
223,1.858333,0.018753,0.019797,0.854985,0.517935,-0.924027,0.442350,0.039268,-0.066196,-0.062360,0.645046,0.758713,-0.591524,0.532898,0.040203,0.007195,0.001884,-0.799353,-0.600816,-0.759181,0.501148,0.943364
224,1.866667,0.018759,0.019822,0.854992,0.517923,-0.924026,0.442351,0.039269,-0.066165,-0.062318,0.645063,0.758704,-0.591526,0.532899,0.040204,0.007144,0.001925,-0.799306,-0.600879,-0.759205,0.501172,0.943353
225,1.875000,0.018767,0.019832,0.854989,0.517927,-0.924024,0.442355,0.039267,-0.066218,-0.062335,0.645046,0.758713,-0.591525,0.532902,0.040207,0.007119,0.001950,-0.799265,-0.600934,-0.759224,0.501198,0.943352
226,1.883333,0.018781,0.019836,0.854986,0.517931,-0.924022,0.442353,0.039265,-0.066198,-0.062322,0.645053,0.758709,-0.591529,0.532901,0.040204,0.007097,0.001740,-0.799182,-0.601045,-0.759302,0.501242,0.943457
227,1.891667,0.018780,0.019886,0.854981,0.517938,-0.924021,0.442355,0.039271,-0.066260,-0.062355,0.645025,0.758725,-0.591532,0.532898,0.040202,0.007377,0.002131,-0.799268,-0.600926,-0.759254,0.501213,0.943339
228,1.900000,0.018785,0.019909,0.854986,0.517928,-0.924019,0.442360,0.039271,-0.066277,-0.062375,0.645012,0.758733,-0.591536,0.532906,0.040206,0.007193,0.001929,-0.799206,-0.601011,-0.759348,0.501268,0.943408
229,1.908333,0.018769,0.019892,0.854988,0.517927,-0.924020,0.442363,0.039268,-0.066313,-0.062424,0.645044,0.758699,-0.591538,0.532906,0.040204,0.007155,0.001997,-0.799180,-0.601045,-0.759373,0.501302,0.943414
230,1.916667,0.018806,0.019910,0.854974,0.517947,-0.924018,0.442361,0.039272,-0.066336,-0.062430,0.645035,0.758704,-0.591541,0.532905,0.040206,0.006937,0.001988,-0.799070,-0.601194,-0.759423,0.501355,0.943421
231,1.925000,0.018841,0.019967,0.854969,0.517953,-0.924022,0.442357,0.039265,-0.066325,-0.062444,0.645004,0.758730,-0.591542,0.532906,0.040212,0.006857,0.002017,-0.799056,-0.601214,-0.759449,0.501387,0.943410
232,1.933333,0.018785,0.019931,0.854969,0.517955,-0.924025,0.442363,0.039270,-0.066313,-0.062409,0.645000,0.758738,-0.591543,0.532908,0.040211,0.006826,0.002062,-0.799023,-0.601258,-0.759478,0.501414,0.943405
233,1.941667,0.018769,0.019920,0.854965,0.517964,-0.924025,0.442362,0.039267,-0.066355,-0.062441,0.645011,0.758722,-0.591547,0.532908,0.040204,0.006769,0.002130,-0.799003,-0.601285,-0.759508,0.501440,0.943407
234,1.950000,0.018767,0.019910,0.854955,0.517980,-0.924028,0.442358,0.039265,-0.066335,-0.062443,0.645006,0.758728,-0.591547,0.532907,0.040210,0.006644,0.002178,-0.798994,-0.601298,-0.759533,0.501465,0.943395
235,1.958333,0.018740,0.019897,0.854951,0.517988,-0.924031,0.442359,0.039267,-0.066327,-0.062404,0.645004,0.758733,-0.591552,0.532906,0.040207,0.006489,0.002287,-0.798998,-0.601295,-0.759559,0.501506,0.943368
236,1.966667,0.018687,0.019856,0.854965,0.517969,-0.924028,0.442361,0.039268,-0.066349,-0.062417,0.644998,0.758735,-0.591555,0.532908,0.040202,0.006452,0.002291,-0.798976,-0.601324,-0.759595,0.501527,0.943372
237,1.975000,0.018718,0.019911,0.854951,0.517989,-0.924033,0.442360,0.039265,-0.066414,-0.062493,0.645003,0.758719,-0.591557,0.532907,0.040209,0.006388,0.002344,-0.798951,-0.601358,-0.759611,0.501554,0.943365
238,1.983333,0.018759,0.019949,0.854944,0.517998,-0.924035,0.442361,0.039261,-0.066384,-0.062478,0.644971,0.758750,-0.591557,0.532912,0.040206,0.006328,0.002478,-0.798911,-0.601410,-0.759659,0.501599,0.943355
239,1.991667,0.018694,0.019920,0.854955,0.517983,-0.924027,0.442364,0.039266,-0.066401,-0.062461,0.644991,0.758733,-0.591558,0.532911,0.040210,0.006366,0.002358,-0.798860,-0.601479,-0.759703,0.501637,0.943358
240,2.000000,0.018704,0.019934,0.854957,0.517979,-0.924030,0.442364,0.039257,-0.066416,-0.062471,0.644979,0.758741,-0.591561,0.532917,0.040207,0.006127,0.002615,-0.798984,-0.601315,-0.759750,0.501688,0.943360
241,2.008333,0.018712,0.019991,0.854962,0.517967,-0.924031,0.442364,0.039260,-0.066436,-0.062502,0.644988,0.758730,-0.591564,0.532911,0.040211,0.006126,0.002611,-0.798905,-0.601421,-0.759809,0.501697,0.943359
242,2.016667,0.018680,0.019990,0.854973,0.517950,-0.924031,0.442368,0.039271,-0.066413,-0.062469,0.644981,0.758740,-0.591565,0.532910,0.040213,0.006460,0.002579,-0.798972,-0.601327,-0.759844,0.501756,0.943356
243,2.025000,0.018761,0.020001,0.854976,0.517942,-0.924026,0.442366,0.039271,-0.066458,-0.062501,0.644979,0.758735,-0.591563,0.532914,0.040211,0.006437,0.002958,-0.798977,-0.601319,-0.759874,0.501791,0.943293
244,2.033333,0.018717,0.020017,0.854997,0.517908,-0.924024,0.442368,0.039265,-0.066483,-0.062525,0.644965,0.758743,-0.591563,0.532917,0.040215,0.006864,0.002713,-0.798980,-0.601313,-0.759920,0.501792,0.943296
245,2.041667,0.018712,0.019978,0.854996,0.517911,-0.924019,0.442368,0.039266,-0.066482,-0.062511,0.644976,0.758735,-0.591568,0.532914,0.040216,0.006647,0.002986,-0.798902,-0.601418,-0.759967,0.501801,0.943332
246,2.050000,0.018704,0.019999,0.855002,0.517901,-0.924019,0.442371,0.039258,-0.066489,-0.062468,0.644970,0.758743,-0.591569,0.532915,0.040212,0.006771,0.002849,-0.798902,-0.601417,-0.759999,0.501815,0.943274
247,2.058333,0.018701,0.020017,0.855002,0.517901,-0.924022,0.442368,0.039261,-0.066493,-0.062526,0.644947,0.758757,-0.591570,0.532912,0.040210,0.006810,0.002944,-0.798889,-0.601433,-0.760054,0.501827,0.943291
248,2.066667,0.018693,0.020025,0.855006,0.517895,-0.924026,0.442367,0.039257,-0.066473,-0.062498,0.644956,0.758754,-0.591568,0.532918,0.040207,0.006603,0.003046,-0.798796,-0.601558,-0.760068,0.501872,0.943237
249,2.075000,0.018674,0.020006,0.855014,0.517882,-0.924020,0.442369,0.039270,-0.066466,-0.062499,0.644943,0.758765,-0.591566,0.532917,0.040214,0.006678,0.003033,-0.798790,-0.601565,-0.760117,0.501871,0.943256
250,2.083333,0.018671,0.019966,0.855018,0.517877,-0.924018,0.442372,0.039261,-0.066516,-0.062558,0.644942,0.758757,-0.591566,0.532919,0.040209,0.007009,0.002642,-0.798798,-0.601553,-0.760144,0.501793,0.943310
251,2.091667,0.018656,0.019976,0.855031,0.517857,-0.924015,0.442375,0.039259,-0.066485,-0.062526,0.644965,0.758743,-0.591568,0.532919,0.040207,0.007113,0.002656,-0.798758,-0.601604,-0.760168,0.501784,0.943310
252,2.100000,0.018717,0.020067,0.855024,0.517863,-0.924018,0.442367,0.039262,-0.066548,-0.062571,0.644946,0.758749,-0.591576,0.532916,0.040213,0.007222,0.002650,-0.798720,-0.601653,-0.760202,0.501773,0.943324
253,2.108333,0.018686,0.020071,0.855029,0.517855,-0.924022,0.442371,0.039263,-0.066538,-0.062565,0.644947,0.758750,-0.591572,0.532919,0.040211,0.007307,0.002540,-0.798667,-0.601724,-0.760217,0.501747,0.943317
254,2.116667,0.018698,0.020088,0.855019,0.517870,-0.924024,0.442368,0.039262,-0.066542,-0.062576,0.644932,0.758762,-0.591573,0.532915,0.040210,0.007371,0.002417,-0.798597,-0.601816,-0.760237,0.501724,0.943322
255,2.125000,0.018666,0.020078,0.855022,0.517867,-0.924020,0.442367,0.039263,-0.066515,-0.062592,0.644942,0.758754,-0.591569,0.532914,0.040217,0.007153,0.002417,-0.798490,-0.601960,-0.760267,0.501689,0.943268
256,2.133333,0.018651,0.020103,0.855021,0.517868,-0.924023,0.442373,0.039265,-0.066492,-0.062539,0.644935,0.758767,-0.591566,0.532911,0.040211,0.006875,0.002567,-0.798387,-0.602099,-0.760290,0.501665,0.943288
257,2.141667,0.018570,0.020073,0.855024,0.517866,-0.924027,0.442377,0.039264,-0.066559,-0.062560,0.644930,0.758763,-0.591568,0.532915,0.040208,0.007015,0.002419,-0.798352,-0.602145,-0.760321,0.501658,0.943240
258,2.150000,0.018562,0.020119,0.855023,0.517867,-0.924027,0.442377,0.039255,-0.066531,-0.062568,0.644950,0.758748,-0.591571,0.532915,0.040213,0.007069,0.002312,-0.798263,-0.602264,-0.760366,0.501642,0.943248
259,2.158333,0.018606,0.020150,0.855020,0.517869,-0.924025,0.442380,0.039256,-0.066578,-0.062639,0.644930,0.758755,-0.591571,0.532918,0.040212,0.007197,0.002310,-0.798154,-0.602406,-0.760424,0.501628,0.943246
260,2.166667,0.018559,0.020101,0.855024,0.517866,-0.924027,0.442385,0.039255,-0.066575,-0.062630,0.644933,0.758754,-0.591577,0.532912,0.040217,0.006973,0.002454,-0.798084,-0.602501,-0.760413,0.501577,0.943266
261,2.175000,0.018533,0.020120,0.855015,0.517882,-0.924023,0.442386,0.039255,-0.066606,-0.062643,0.644930,0.758752,-0.591579,0.532915,0.040215,0.007036,0.002378,-0.797991,-0.602623,-0.760470,0.501570,0.943280
262,2.183333,0.018546,0.020126,0.855021,0.517872,-0.924023,0.442392,0.039259,-0.066628,-0.062693,0.644911,0.758762,-0.591574,0.532910,0.040215,0.007110,0.002409,-0.797986,-0.602629,-0.760502,0.501582,0.943307
263,2.191667,0.018503,0.020130,0.855019,0.517875,-0.924024,0.442392,0.039252,-0.066646,-0.062688,0.644919,0.758754,-0.591578,0.532912,0.040215,0.007088,0.002421,-0.797909,-0.602731,-0.760539,0.501559,0.943310
264,2.200000,0.018532,0.020186,0.855016,0.517877,-0.924026,0.442391,0.039254,-0.066598,-0.062661,0.644909,0.758769,-0.591581,0.532911,0.040210,0.007204,0.002406,-0.797831,-0.602834,-0.760582,0.501535,0.943336
265,2.208333,0.018517,0.020140,0.855020,0.517873,-0.924023,0.442396,0.039253,-0.066581,-0.062630,0.644927,0.758758,-0.591575,0.532913,0.040215,0.007141,0.002397,-0.797746,-0.602946,-0.760624,0.501524,0.943333
266,2.216667,0.018490,0.020177,0.855016,0.517879,-0.924024,0.442395,0.039255,-0.066614,-0.062667,0.644912,0.758765,-0.591579,0.532915,0.040215,0.007270,0.002334,-0.797676,-0.603038,-0.760678,0.501486,0.943374
267,2.225000,0.018502,0.020148,0.855022,0.517870,-0.924022,0.442396,0.039252,-0.066588,-0.062666,0.644914,0.758765,-0.591578,0.532910,0.040224,0.007251,0.002338,-0.797591,-0.603151,-0.760710,0.501473,0.943376
268,2.233333,0.018516,0.020190,0.855031,0.517853,-0.924025,0.442395,0.039253,-0.066601,-0.062676,0.644914,0.758763,-0.591582,0.532909,0.040215,0.007112,0.002309,-0.797377,-0.603435,-0.760769,0.501452,0.943353
269,2.241667,0.018493,0.020147,0.855018,0.517876,-0.924020,0.442399,0.039250,-0.066591,-0.062680,0.644911,0.758767,-0.591577,0.532909,0.040215,0.007082,0.002351,-0.797364,-0.603453,-0.760805,0.501459,0.943363
270,2.250000,0.018490,0.020168,0.855022,0.517870,-0.924020,0.442395,0.039248,-0.066626,-0.062687,0.644923,0.758753,-0.591578,0.532910,0.040216,0.007111,0.002251,-0.797306,-0.603529,-0.760836,0.501429,0.943367
271,2.258333,0.018517,0.020214,0.855020,0.517871,-0.924025,0.442398,0.039249,-0.066595,-0.062667,0.644921,0.758759,-0.591582,0.532909,0.040218,0.007073,0.002244,-0.797200,-0.603670,-0.760881,0.501427,0.943352
272,2.266667,0.018505,0.020153,0.855028,0.517859,-0.924027,0.442398,0.039249,-0.066575,-0.062686,0.644923,0.758757,-0.591580,0.532910,0.040214,0.007054,0.002168,-0.797167,-0.603714,-0.760919,0.501382,0.943346
273,2.275000,0.018489,0.020162,0.855028,0.517860,-0.924027,0.442399,0.039244,-0.066599,-0.062718,0.644926,0.758750,-0.591586,0.532907,0.040210,0.006949,0.002164,-0.797110,-0.603790,-0.760949,0.501366,0.943316
274,2.283333,0.018473,0.020154,0.855033,0.517852,-0.924028,0.442397,0.039241,-0.066607,-0.062706,0.644934,0.758744,-0.591585,0.532909,0.040216,0.006949,0.002057,-0.797050,-0.603869,-0.760969,0.501317,0.943274
275,2.291667,0.018452,0.020146,0.855037,0.517846,-0.924029,0.442399,0.039243,-0.066598,-0.062711,0.644941,0.758738,-0.591580,0.532909,0.040216,0.006764,0.001954,-0.796981,-0.603963,-0.761009,0.501306,0.943254
276,2.300000,0.018436,0.020181,0.855032,0.517854,-0.924034,0.442397,0.039248,-0.066594,-0.062737,0.644930,0.758746,-0.591579,0.532912,0.040209,0.006753,0.001895,-0.796968,-0.603981,-0.761042,0.501257,0.943253
277,2.308333,0.018417,0.020136,0.855043,0.517839,-0.924033,0.442395,0.039243,-0.066623,-0.062761,0.644923,0.758747,-0.591583,0.532907,0.040216,0.007015,0.001725,-0.796901,-0.604067,-0.761079,0.501214,0.943214
278,2.316667,0.018447,0.020169,0.855030,0.517858,-0.924031,0.442395,0.039241,-0.066602,-0.062766,0.644914,0.758756,-0.591582,0.532906,0.040215,0.006942,0.001702,-0.796863,-0.604118,-0.761110,0.501186,0.943204
279,2.325000,0.018388,0.020186,0.855041,0.517840,-0.924037,0.442393,0.039237,-0.066619,-0.062756,0.644927,0.758744,-0.591588,0.532907,0.040217,0.006753,0.001806,-0.796775,-0.604236,-0.761140,0.501161,0.943154
280,2.333333,0.018396,0.020135,0.855031,0.517860,-0.924038,0.442390,0.039240,-0.066622,-0.062814,0.644919,0.758746,-0.591589,0.532909,0.040215,0.006648,0.001498,-0.796814,-0.604186,-0.761233,0.501089,0.943185
281,2.341667,0.018389,0.020121,0.855043,0.517840,-0.924036,0.442387,0.039245,-0.066635,-0.062803,0.644930,0.758736,-0.591589,0.532902,0.040217,0.006589,0.001650,-0.796874,-0.604107,-0.761331,0.501054,0.943147
282,2.350000,0.018368,0.020116,0.855029,0.517864,-0.924043,0.442387,0.039240,-0.066664,-0.062824,0.644940,0.758723,-0.591594,0.532900,0.040208,0.006615,0.001689,-0.796847,-0.604143,-0.761356,0.501028,0.943151
283,2.358333,0.018294,0.020103,0.855032,0.517863,-0.924040,0.442386,0.039241,-0.066642,-0.062789,0.644918,0.758747,-0.591593,0.532903,0.040214,0.006306,0.001892,-0.796840,-0.604155,-0.761374,0.501014,0.943107
284,2.366667,0.018330,0.020102,0.855038,0.517852,-0.924038,0.442389,0.039243,-0.066678,-0.062837,0.644919,0.758739,-0.591596,0.532903,0.040211,0.006308,0.002017,-0.796713,-0.604321,-0.761426,0.501041,0.943094
285,2.375000,0.018312,0.020147,0.855044,0.517840,-0.924039,0.442390,0.039242,-0.066664,-0.062804,0.644927,0.758736,-0.591596,0.532903,0.040213,0.006444,0.002004,-0.796688,-0.604353,-0.761450,0.500988,0.943115
286,2.383333,0.018326,0.020129,0.855041,0.517845,-0.924038,0.442390,0.039242,-0.066658,-0.062829,0.644920,0.758741,-0.591594,0.532906,0.040214,0.006115,0.002018,-0.796797,-0.604213,-0.761576,0.500901,0.943197
287,2.391667,0.018352,0.020171,0.855032,0.517858,-0.924038,0.442389,0.039241,-0.066669,-0.062819,0.644920,0.758741,-0.591592,0.532907,0.040216,0.006388,0.001942,-0.796638,-0.604419,-0.761498,0.500888,0.943127
288,2.400000,0.018299,0.020109,0.855033,0.517860,-0.924037,0.442391,0.039242,-0.066682,-0.062819,0.644933,0.758728,-0.591592,0.532907,0.040214,0.006070,0.002040,-0.796732,-0.604299,-0.761637,0.500822,0.943197
289,2.408333,0.018303,0.020115,0.855037,0.517853,-0.924039,0.442389,0.039238,-0.066689,-0.062837,0.644922,0.758735,-0.591594,0.532904,0.040216,0.006083,0.002029,-0.796700,-0.604340,-0.761659,0.500775,0.943216
290,2.416667,0.018307,0.020112,0.855033,0.517861,-0.924040,0.442390,0.039239,-0.066657,-0.062802,0.644914,0.758748,-0.591593,0.532905,0.040212,0.006103,0.002072,-0.796689,-0.604355,-0.761685,0.500722,0.943238
291,2.425000,0.018322,0.020165,0.855022,0.517875,-0.924042,0.442388,0.039241,-0.066700,-0.062831,0.644922,0.758735,-0.591588,0.532905,0.040212,0.005839,0.002645,-0.796561,-0.604524,-0.761713,0.500740,0.943177
292,2.433333,0.018335,0.020128,0.855018,0.517883,-0.924044,0.442389,0.039237,-0.066648,-0.062803,0.644933,0.758733,-0.591591,0.532903,0.040210,0.005818,0.002637,-0.796491,-0.604617,-0.761755,0.500699,0.943187
293,2.441667,0.018317,0.020052,0.855025,0.517875,-0.924043,0.442391,0.039239,-0.066682,-0.062837,0.644918,0.758740,-0.591596,0.532901,0.040206,0.005878,0.002627,-0.796449,-0.604672,-0.761762,0.500654,0.943191
294,2.450000,0.018308,0.020064,0.855021,0.517881,-0.924043,0.442388,0.039240,-0.066673,-0.062850,0.644920,0.758738,-0.591592,0.532904,0.040210,0.005817,0.002631,-0.796391,-0.604748,-0.761767,0.500615,0.943196
295,2.458333,0.018279,0.020022,0.855001,0.517918,-0.924041,0.442390,0.039241,-0.066675,-0.062856,0.644932,0.758727,-0.591590,0.532902,0.040213,0.005778,0.002665,-0.796330,-0.604829,-0.761794,0.500554,0.943210
296,2.466667,0.018296,0.020095,0.855006,0.517905,-0.924048,0.442391,0.039239,-0.066622,-0.062840,0.644928,0.758736,-0.591587,0.532900,0.040212,0.005883,0.002613,-0.796267,-0.604911,-0.761794,0.500519,0.943205
297,2.475000,0.018293,0.020032,0.855008,0.517905,-0.924045,0.442389,0.039240,-0.066633,-0.062827,0.644930,0.758735,-0.591586,0.532899,0.040211,0.005848,0.002571,-0.796202,-0.604997,-0.761795,0.500467,0.943203
298,2.483333,0.018295,0.019983,0.855014,0.517896,-0.924042,0.442389,0.039240,-0.066603,-0.062815,0.644929,0.758739,-0.591587,0.532902,0.040211,0.005830,0.002598,-0.796130,-0.605092,-0.761810,0.500403,0.943215
299,2.491667,0.018298,0.020005,0.855011,0.517900,-0.924042,0.442386,0.039243,-0.066631,-0.062830,0.644915,0.758747,-0.591585,0.532898,0.040216,0.005877,0.002544,-0.796063,-0.605180,-0.761813,0.500347,0.943225
300,2.500000,0.018313,0.020037,0.855012,0.517897,-0.924047,0.442385,0.039236,-0.066553,-0.062806,0.644926,0.758747,-0.591584,0.532897,0.040215,0.005806,0.002609,-0.795996,-0.605269,-0.761817,0.500318,0.943200
301,2.508333,0.018305,0.019979,0.855007,0.517908,-0.924047,0.442386,0.039238,-0.066550,-0.062781,0.644934,0.758742,-0.591582,0.532891,0.040221,0.005874,0.002593,-0.795909,-0.605382,-0.761818,0.500262,0.943207
302,2.516667,0.018353,0.020011,0.855008,0.517904,-0.924047,0.442380,0.039240,-0.066585,-0.062798,0.644940,0.758733,-0.591584,0.532893,0.040214,0.005810,0.002607,-0.795861,-0.605445,-0.761821,0.500221,0.943193
303,2.525000,0.018319,0.019997,0.855017,0.517890,-0.924046,0.442384,0.039242,-0.066554,-0.062772,0.644948,0.758731,-0.591586,0.532889,0.040220,0.005832,0.002576,-0.795797,-0.605530,-0.761825,0.500161,0.943205
304,2.533333,0.018373,0.020038,0.855005,0.517908,-0.924046,0.442383,0.039238,-0.066545,-0.062817,0.644941,0.758734,-0.591580,0.532888,0.040215,0.005885,0.002564,-0.795737,-0.605608,-0.761826,0.500108,0.943206
305,2.541667,0.018298,0.019976,0.855011,0.517901,-0.924044,0.442387,0.039241,-0.066550,-0.062779,0.644926,0.758749,-0.591579,0.532888,0.040218,0.005877,0.002550,-0.795666,-0.605702,-0.761822,0.500058,0.943213
306,2.550000,0.018304,0.019957,0.854989,0.517938,-0.924042,0.442390,0.039233,-0.066551,-0.062769,0.644942,0.758736,-0.591577,0.532889,0.040213,0.005923,0.002579,-0.795610,-0.605775,-0.761821,0.500002,0.943220
307,2.558333,0.018313,0.019933,0.854986,0.517944,-0.924045,0.442387,0.039237,-0.066505,-0.062770,0.644937,0.758745,-0.591578,0.532888,0.040217,0.006068,0.002469,-0.795555,-0.605846,-0.761830,0.499898,0.943256
308,2.566667,0.018305,0.019901,0.854987,0.517944,-0.924046,0.442387,0.039240,-0.066488,-0.062763,0.644939,0.758745,-0.591574,0.532890,0.040215,0.006155,0.002366,-0.795486,-0.605936,-0.761828,0.499819,0.943272
309,2.575000,0.018318,0.019903,0.854987,0.517943,-0.924047,0.442387,0.039239,-0.066543,-0.062794,0.644924,0.758750,-0.591578,0.532889,0.040221,0.006180,0.002394,-0.795452,-0.605981,-0.761831,0.499764,0.943281
310,2.583333,0.018297,0.019893,0.854997,0.517929,-0.924052,0.442382,0.039243,-0.066500,-0.062770,0.644964,0.758722,-0.591575,0.532887,0.040219,0.006231,0.002344,-0.795398,-0.606051,-0.761825,0.499699,0.943295
311,2.591667,0.018270,0.019862,0.854990,0.517942,-0.924055,0.442383,0.039245,-0.066492,-0.062789,0.644937,0.758745,-0.591576,0.532890,0.040220,0.006190,0.002379,-0.795358,-0.606103,-0.761824,0.499655,0.943286
312,2.600000,0.018272,0.019836,0.854984,0.517953,-0.924058,0.442384,0.039243,-0.066473,-0.062796,0.644942,0.758741,-0.591577,0.532887,0.040220,0.006125,0.002308,-0.795328,-0.606143,-0.761814,0.499599,0.943280
313,2.608333,0.018295,0.019849,0.854978,0.517961,-0.924056,0.442383,0.039242,-0.066511,-0.062794,0.644934,0.758745,-0.591574,0.532885,0.040219,0.006115,0.002360,-0.795300,-0.606180,-0.761815,0.499551,0.943274
314,2.616667,0.018277,0.019837,0.854989,0.517944,-0.924061,0.442380,0.039241,-0.066489,-0.062786,0.644948,0.758735,-0.591575,0.532883,0.040216,0.006080,0.002382,-0.795368,-0.606092,-0.761801,0.499450,0.943291
315,2.625000,0.018248,0.019882,0.854991,0.517940,-0.924059,0.442382,0.039240,-0.066512,-0.062802,0.644970,0.758713,-0.591576,0.532885,0.040219,0.006065,0.002386,-0.795347,-0.606119,-0.761801,0.499387,0.943292
316,2.633333,0.018264,0.019853,0.854988,0.517947,-0.924058,0.442383,0.039246,-0.066448,-0.062779,0.644933,0.758752,-0.591572,0.532888,0.040219,0.006184,0.002686,-0.795358,-0.606102,-0.761738,0.499318,0.943194
317,2.641667,0.018272,0.019891,0.854985,0.517949,-0.924061,0.442383,0.039242,-0.066485,-0.062765,0.644949,0.758737,-0.591570,0.532888,0.040216,0.006140,0.002698,-0.795342,-0.606124,-0.761742,0.499273,0.943203
318,2.650000,0.018279,0.019814,0.854979,0.517962,-0.924059,0.442384,0.039244,-0.066483,-0.062769,0.644947,0.758738,-0.591571,0.532885,0.040222,0.006101,0.002706,-0.795325,-0.606147,-0.761741,0.499217,0.943202
319,2.658333,0.018267,0.019793,0.854976,0.517968,-0.924058,0.442382,0.039251,-0.066436,-0.062756,0.644942,0.758748,-0.591573,0.532889,0.040217,0.006080,0.002683,-0.795303,-0.606176,-0.761732,0.499159,0.943203
320,2.666667,0.018246,0.019764,0.854974,0.517973,-0.924058,0.442381,0.039251,-0.066444,-0.062791,0.644956,0.758732,-0.591569,0.532885,0.040221,0.006052,0.002624,-0.795281,-0.606205,-0.761703,0.499084,0.943196
321,2.675000,0.018268,0.019766,0.854970,0.517979,-0.924061,0.442375,0.039240,-0.066437,-0.062780,0.644961,0.758729,-0.591568,0.532884,0.040221,0.006034,0.002654,-0.795255,-0.606239,-0.761697,0.499028,0.943198
322,2.683333,0.018258,0.019759,0.854972,0.517975,-0.924060,0.442373,0.039256,-0.066401,-0.062784,0.644960,0.758733,-0.591564,0.532884,0.040223,0.005943,0.002647,-0.795226,-0.606278,-0.761685,0.498971,0.943195
323,2.691667,0.018254,0.019726,0.854966,0.517987,-0.924060,0.442374,0.039251,-0.066429,-0.062744,0.644968,0.758727,-0.591566,0.532884,0.040224,0.005980,0.002671,-0.795204,-0.606306,-0.761679,0.498910,0.943205
324,2.700000,0.018279,0.019731,0.854967,0.517985,-0.924062,0.442373,0.039246,-0.066439,-0.062769,0.644970,0.758722,-0.591563,0.532882,0.040223,0.005935,0.002671,-0.795180,-0.606339,-0.761669,0.498845,0.943203
325,2.708333,0.018288,0.019723,0.854957,0.518000,-0.924064,0.442371,0.039248,-0.066409,-0.062802,0.644968,0.758724,-0.591567,0.532881,0.040222,0.005752,0.002758,-0.795179,-0.606341,-0.761669,0.498764,0.943237
326,2.716667,0.018296,0.019719,0.854955,0.518003,-0.924064,0.442370,0.039249,-0.066438,-0.062805,0.644968,0.758721,-0.591564,0.532881,0.040224,0.005351,0.002697,-0.795219,-0.606293,-0.761661,0.498660,0.943300
327,2.725000,0.018298,0.019654,0.854946,0.518021,-0.924065,0.442368,0.039252,-0.066386,-0.062747,0.644976,0.758724,-0.591566,0.532881,0.040227,0.005418,0.002748,-0.795206,-0.606309,-0.761655,0.498587,0.943299
328,2.733333,0.018281,0.019642,0.854949,0.518018,-0.924068,0.442372,0.039250,-0.066407,-0.062767,0.644975,0.758721,-0.591566,0.532882,0.040224,0.005281,0.002794,-0.795196,-0.606323,-0.761636,0.498526,0.943306
329,2.741667,0.018361,0.019688,0.854933,0.518039,-0.924074,0.442369,0.039251,-0.066391,-0.062796,0.644992,0.758706,-0.591563,0.532885,0.040225,0.005450,0.002787,-0.795209,-0.606305,-0.761597,0.498438,0.943287
330,2.750000,0.018306,0.019566,0.854936,0.518041,-0.924070,0.442372,0.039249,-0.066372,-0.062768,0.644987,0.758714,-0.591563,0.532886,0.040228,0.005441,0.002855,-0.795256,-0.606243,-0.761522,0.498307,0.943364
331,2.758333,0.018307,0.019584,0.854921,0.518065,-0.924072,0.442367,0.039247,-0.066387,-0.062788,0.644982,0.758716,-0.591562,0.532883,0.040227,0.005478,0.002798,-0.795260,-0.606237,-0.761500,0.498241,0.943368
332,2.766667,0.018300,0.019492,0.854915,0.518079,-0.924075,0.442366,0.039243,-0.066366,-0.062777,0.644992,0.758709,-0.591570,0.532884,0.040221,0.005224,0.002919,-0.795229,-0.606279,-0.761493,0.498180,0.943368
333,2.775000,0.018293,0.019452,0.854913,0.518084,-0.924075,0.442367,0.039247,-0.066349,-0.062794,0.645001,0.758702,-0.591565,0.532880,0.040223,0.005193,0.002944,-0.795222,-0.606289,-0.761463,0.498101,0.943365
334,2.783333,0.018310,0.019462,0.854908,0.518091,-0.924079,0.442365,0.039247,-0.066368,-0.062822,0.645010,0.758690,-0.591563,0.532880,0.040223,0.005219,0.002847,-0.795228,-0.606281,-0.761431,0.497997,0.943382
335,2.791667,0.018325,0.019465,0.854891,0.518118,-0.924084,0.442361,0.039243,-0.066350,-0.062789,0.645037,0.758672,-0.591570,0.532877,0.040222,0.005188,0.002865,-0.795229,-0.606281,-0.761404,0.497912,0.943393
336,2.800000,0.018284,0.019347,0.854874,0.518153,-0.924088,0.442354,0.039249,-0.066317,-0.062773,0.645055,0.758661,-0.591562,0.532873,0.040223,0.005172,0.002746,-0.795251,-0.606253,-0.761371,0.497795,0.943407
337,2.808333,0.018336,0.019360,0.854867,0.518161,-0.924090,0.442353,0.039238,-0.066258,-0.062753,0.645057,0.758666,-0.591562,0.532872,0.040222,0.005129,0.002733,-0.795258,-0.606243,-0.761340,0.497710,0.943402
338,2.816667,0.018315,0.019277,0.854865,0.518169,-0.924093,0.442348,0.039247,-0.066303,-0.062818,0.645065,0.758649,-0.591557,0.532873,0.040223,0.005241,0.002730,-0.795375,-0.606088,-0.761289,0.497527,0.943408
339,2.825000,0.018369,0.019286,0.854864,0.518168,-0.924094,0.442349,0.039241,-0.066264,-0.062734,0.645073,0.758653,-0.591561,0.532874,0.040223,0.005195,0.002624,-0.795433,-0.606014,-0.761260,0.497400,0.943425
340,2.833333,0.018362,0.019245,0.854838,0.518212,-0.924098,0.442345,0.039244,-0.066223,-0.062727,0.645083,0.758648,-0.591561,0.532872,0.040227,0.005337,0.003001,-0.795552,-0.605854,-0.761206,0.497289,0.943345
341,2.841667,0.018415,0.019265,0.854833,0.518219,-0.924106,0.442338,0.039242,-0.066207,-0.062709,0.645085,0.758650,-0.591561,0.532871,0.040230,0.005333,0.002982,-0.795582,-0.605816,-0.761177,0.497199,0.943344
342,2.850000,0.018397,0.019159,0.854831,0.518226,-0.924111,0.442336,0.039246,-0.066197,-0.062741,0.645098,0.758637,-0.591559,0.532872,0.040227,0.005229,0.003002,-0.795577,-0.605823,-0.761127,0.497103,0.943374
343,2.858333,0.018374,0.019053,0.854819,0.518251,-0.924111,0.442330,0.039246,-0.066118,-0.062668,0.645118,0.758633,-0.591555,0.532868,0.040227,0.005226,0.003000,-0.795627,-0.605757,-0.761093,0.497003,0.943353
344,2.866667,0.018332,0.019006,0.854813,0.518264,-0.924117,0.442325,0.039246,-0.066116,-0.062688,0.645142,0.758611,-0.591548,0.532869,0.040225,0.005122,0.003073,-0.795734,-0.605618,-0.761032,0.496915,0.943335
345,2.875000,0.018379,0.018955,0.854789,0.518303,-0.924127,0.442318,0.039250,-0.066109,-0.062682,0.645151,0.758605,-0.591546,0.532865,0.040225,0.005342,0.002940,-0.795869,-0.605438,-0.760999,0.496762,0.943342
346,2.883333,0.018366,0.018882,0.854795,0.518297,-0.924129,0.442313,0.039244,-0.066027,-0.062614,0.645159,0.758611,-0.591545,0.532861,0.040227,0.005263,0.002921,-0.795923,-0.605367,-0.760926,0.496647,0.943349
347,2.891667,0.018375,0.018851,0.854787,0.518311,-0.924136,0.442309,0.039250,-0.066035,-0.062623,0.645192,0.758581,-0.591542,0.532861,0.040231,0.005262,0.002863,-0.795976,-0.605299,-0.760903,0.496550,0.943364
348,2.900000,0.018372,0.018783,0.854773,0.518336,-0.924137,0.442304,0.039247,-0.065957,-0.062606,0.645204,0.758579,-0.591544,0.532860,0.040224,0.005317,0.002848,-0.796032,-0.605225,-0.760874,0.496455,0.943372
349,2.908333,0.018317,0.018700,0.854774,0.518340,-0.924136,0.442302,0.039254,-0.065979,-0.062579,0.645192,0.758589,-0.591541,0.532857,0.040224,0.005304,0.002868,-0.796073,-0.605171,-0.760828,0.496360,0.943381
350,2.916667,0.018355,0.018704,0.854773,0.518341,-0.924143,0.442296,0.039254,-0.065899,-0.062542,0.645219,0.758577,-0.591538,0.532858,0.040222,0.005361,0.002731,-0.796166,-0.605048,-0.760800,0.496230,0.943402
351,2.925000,0.018344,0.018669,0.854777,0.518336,-0.924139,0.442294,0.039255,-0.065900,-0.062543,0.645228,0.758569,-0.591535,0.532856,0.040227,0.005356,0.002710,-0.796200,-0.605004,-0.760760,0.496134,0.943410
352,2.933333,0.018376,0.018639,0.854775,0.518338,-0.924140,0.442293,0.039255,-0.065895,-0.062555,0.645226,0.758570,-0.591540,0.532853,0.040225,0.005308,0.002696,-0.796227,-0.604969,-0.760723,0.496041,0.943405
353,2.941667,0.018390,0.018635,0.854765,0.518354,-0.924135,0.442287,0.039255,-0.065842,-0.062526,0.645264,0.758545,-0.591537,0.532855,0.040233,0.005341,0.003013,-0.796296,-0.604875,-0.760620,0.495895,0.943335
354,2.950000,0.018445,0.018660,0.854774,0.518336,-0.924132,0.442288,0.039259,-0.065830,-0.062520,0.645252,0.758557,-0.591533,0.532855,0.040226,0.005419,0.002802,-0.796409,-0.604727,-0.760561,0.495771,0.943364
355,2.958333,0.018461,0.018635,0.854776,0.518334,-0.924133,0.442289,0.039254,-0.065819,-0.062526,0.645267,0.758543,-0.591536,0.532848,0.040229,0.005259,0.002863,-0.796461,-0.604660,-0.760508,0.495681,0.943354
356,2.966667,0.018453,0.018591,0.854778,0.518333,-0.924127,0.442291,0.039256,-0.065802,-0.062522,0.645285,0.758530,-0.591536,0.532850,0.040232,0.004720,0.002794,-0.796483,-0.604636,-0.760530,0.495599,0.943467
357,2.975000,0.018505,0.018599,0.854788,0.518314,-0.924127,0.442289,0.039253,-0.065785,-0.062515,0.645276,0.758540,-0.591533,0.532846,0.040227,0.004763,0.002772,-0.796532,-0.604572,-0.760488,0.495516,0.943498
358,2.983333,0.018489,0.018609,0.854782,0.518324,-0.924127,0.442286,0.039258,-0.065755,-0.062499,0.645270,0.758550,-0.591526,0.532846,0.040233,0.004603,0.002800,-0.796568,-0.604525,-0.760450,0.495443,0.943501
359,2.991667,0.018513,0.018581,0.854781,0.518326,-0.924129,0.442281,0.039259,-0.065750,-0.062509,0.645288,0.758533,-0.591530,0.532844,0.040228,0.004641,0.002740,-0.796617,-0.604460,-0.760451,0.495303,0.943569
360,3.000000,0.018480,0.018490,0.854782,0.518329,-0.924129,0.442282,0.039258,-0.065718,-0.062476,0.645297,0.758531,-0.591529,0.532845,0.040232,0.004805,0.003053,-0.796750,-0.604282,-0.760345,0.495179,0.943485
361,3.008333,0.018496,0.018544,0.854767,0.518351,-0.924132,0.442281,0.039258,-0.065717,-0.062517,0.645284,0.758539,-0.591529,0.532847,0.040227,0.004495,0.002989,-0.796768,-0.604261,-0.760313,0.495120,0.943555
362,3.016667,0.018529,0.018492,0.854768,0.518350,-0.924130,0.442283,0.039255,-0.065743,-0.062521,0.645292,0.758529,-0.591527,0.532844,0.040228,0.004468,0.002976,-0.796831,-0.604178,-0.760270,0.495057,0.943556
363,3.025000,0.018472,0.018485,0.854767,0.518354,-0.924130,0.442283,0.039260,-0.065714,-0.062501,0.645292,0.758534,-0.591527,0.532845,0.040230,0.004318,0.003100,-0.796875,-0.604121,-0.760227,0.495000,0.943554
364,3.033333,0.018548,0.018545,0.854760,0.518360,-0.924133,0.442283,0.039257,-0.065674,-0.062473,0.645299,0.758534,-0.591523,0.532846,0.040224,0.004468,0.003098,-0.796980,-0.603981,-0.760182,0.494914,0.943588
365,3.041667,0.018533,0.018523,0.854762,0.518359,-0.924131,0.442281,0.039254,-0.065711,-0.062497,0.645287,0.758539,-0.591521,0.532846,0.040223,0.004393,0.003118,-0.797029,-0.603918,-0.760138,0.494851,0.943594
366,3.050000,0.018544,0.018506,0.854762,0.518358,-0.924131,0.442283,0.039253,-0.065696,-0.062505,0.645296,0.758532,-0.591522,0.532844,0.040226,0.004274,0.003179,-0.797082,-0.603848,-0.760098,0.494806,0.943583
367,3.058333,0.018549,0.018527,0.854760,0.518360,-0.924132,0.442282,0.039255,-0.065695,-0.062479,0.645306,0.758525,-0.591526,0.532853,0.040222,0.004316,0.003062,-0.797172,-0.603729,-0.760068,0.494756,0.943609
368,3.066667,0.018568,0.018539,0.854768,0.518346,-0.924132,0.442283,0.039255,-0.065678,-0.062471,0.645285,0.758545,-0.591523,0.532849,0.040225,0.004060,0.003244,-0.797326,-0.603526,-0.759984,0.494706,0.943587
369,3.075000,0.018563,0.018514,0.854764,0.518354,-0.924132,0.442281,0.039260,-0.065665,-0.062474,0.645316,0.758520,-0.591526,0.532853,0.040224,0.003834,0.003443,-0.797381,-0.603455,-0.759935,0.494675,0.943575
370,3.083333,0.018595,0.018537,0.854762,0.518356,-0.924131,0.442282,0.039261,-0.065649,-0.062446,0.645312,0.758527,-0.591521,0.532847,0.040223,0.003728,0.003483,-0.797460,-0.603351,-0.759900,0.494643,0.943575
371,3.091667,0.018544,0.018497,0.854771,0.518344,-0.924131,0.442281,0.039258,-0.065642,-0.062466,0.645295,0.758540,-0.591524,0.532852,0.040220,0.003764,0.003475,-0.797518,-0.603273,-0.759861,0.494602,0.943588
372,3.100000,0.018608,0.018492,0.854761,0.518358,-0.924127,0.442282,0.039257,-0.065637,-0.062487,0.645288,0.758545,-0.591524,0.532855,0.040221,0.004047,0.003611,-0.797633,-0.603119,-0.759785,0.494548,0.943530
373,3.108333,0.018621,0.018541,0.854766,0.518349,-0.924127,0.442288,0.039254,-0.065644,-0.062474,0.645321,0.758518,-0.591527,0.532852,0.040224,0.004041,0.003709,-0.797704,-0.603024,-0.759752,0.494515,0.943520
374,3.116667,0.018623,0.018546,0.854768,0.518345,-0.924124,0.442289,0.039256,-0.065594,-0.062465,0.645318,0.758525,-0.591525,0.532852,0.040226,0.003743,0.003598,-0.797791,-0.602912,-0.759728,0.494475,0.943516
375,3.125000,0.018634,0.018565,0.854751,0.518372,-0.924122,0.442290,0.039254,-0.065584,-0.062416,0.645326,0.758524,-0.591526,0.532852,0.040217,0.003647,0.003633,-0.797840,-0.602848,-0.759688,0.494441,0.943517
376,3.133333,0.018629,0.018563,0.854773,0.518336,-0.924123,0.442290,0.039254,-0.065643,-0.062457,0.645326,0.758514,-0.591526,0.532853,0.040216,0.003748,0.003650,-0.797920,-0.602741,-0.759641,0.494398,0.943554
377,3.141667,0.018629,0.018575,0.854759,0.518358,-0.924125,0.442288,0.039260,-0.065578,-0.062429,0.645335,0.758515,-0.591527,0.532853,0.040220,0.003846,0.003541,-0.797993,-0.602643,-0.759601,0.494340,0.943588
378,3.150000,0.018612,0.018589,0.854757,0.518361,-0.924130,0.442284,0.039263,-0.065595,-0.062433,0.645336,0.758512,-0.591521,0.532850,0.040224,0.003752,0.003580,-0.798057,-0.602559,-0.759557,0.494308,0.943590
379,3.158333,0.018624,0.018573,0.854748,0.518377,-0.924132,0.442286,0.039261,-0.065574,-0.062402,0.645365,0.758492,-0.591528,0.532849,0.040222,0.003741,0.003583,-0.798119,-0.602478,-0.759513,0.494279,0.943584
380,3.166667,0.018664,0.018569,0.854752,0.518368,-0.924133,0.442281,0.039257,-0.065598,-0.062442,0.645360,0.758491,-0.591525,0.532852,0.040218,0.004199,0.003173,-0.798338,-0.602187,-0.759430,0.494112,0.943672
381,3.175000,0.018667,0.018570,0.854747,0.518377,-0.924133,0.442286,0.039265,-0.065563,-0.062411,0.645379,0.758480,-0.591526,0.532853,0.040220,0.003864,0.003338,-0.798327,-0.602203,-0.759386,0.494125,0.943652
382,3.183333,0.018673,0.018565,0.854731,0.518403,-0.924135,0.442288,0.039260,-0.065583,-0.062457,0.645366,0.758486,-0.591525,0.532855,0.040214,0.003883,0.003289,-0.798392,-0.602116,-0.759347,0.494089,0.943664
383,3.191667,0.018635,0.018594,0.854744,0.518382,-0.924128,0.442291,0.039260,-0.065541,-0.062411,0.645372,0.758488,-0.591521,0.532856,0.040216,0.003887,0.003235,-0.798466,-0.602019,-0.759306,0.494050,0.943677
384,3.200000,0.018676,0.018594,0.854734,0.518397,-0.924130,0.442288,0.039264,-0.065540,-0.062441,0.645384,0.758476,-0.591518,0.532859,0.040211,0.003804,0.003202,-0.798502,-0.601972,-0.759222,0.494025,0.943663
385,3.208333,0.018659,0.018576,0.854737,0.518393,-0.924129,0.442289,0.039261,-0.065531,-0.062400,0.645413,0.758455,-0.591519,0.532855,0.040214,0.003938,0.003141,-0.798592,-0.601851,-0.759162,0.493964,0.943655
386,3.216667,0.018642,0.018515,0.854732,0.518404,-0.924126,0.442293,0.039265,-0.065495,-0.062385,0.645399,0.758471,-0.591520,0.532857,0.040216,0.003685,0.003526,-0.798674,-0.601743,-0.759081,0.493909,0.943684
387,3.225000,0.018702,0.018605,0.854720,0.518419,-0.924128,0.442289,0.039266,-0.065518,-0.062427,0.645429,0.758441,-0.591518,0.532858,0.040214,0.003660,0.003561,-0.798773,-0.601611,-0.759046,0.493869,0.943699
388,3.233333,0.018720,0.018589,0.854712,0.518431,-0.924133,0.442293,0.039265,-0.065472,-0.062432,0.645452,0.758425,-0.591516,0.532864,0.040213,0.003445,0.003740,-0.798856,-0.601500,-0.758994,0.493837,0.943679
389,3.241667,0.018683,0.018578,0.854722,0.518418,-0.924130,0.442292,0.039266,-0.065492,-0.062428,0.645455,0.758420,-0.591511,0.532860,0.040211,0.003479,0.003690,-0.798960,-0.601363,-0.758942,0.493773,0.943702
390,3.250000,0.018710,0.018613,0.854734,0.518396,-0.924134,0.442290,0.039264,-0.065459,-0.062390,0.645470,0.758414,-0.591516,0.532860,0.040210,0.003536,0.003717,-0.799112,-0.601160,-0.758879,0.493689,0.943709
391,3.258333,0.018719,0.018626,0.854717,0.518422,-0.924133,0.442289,0.039271,-0.065441,-0.062409,0.645489,0.758398,-0.591517,0.532860,0.040210,0.003495,0.003713,-0.799248,-0.600980,-0.758842,0.493626,0.943726
392,3.266667,0.018695,0.018590,0.854710,0.518435,-0.924131,0.442289,0.039272,-0.065466,-0.062463,0.645509,0.758374,-0.591518,0.532857,0.040208,0.003435,0.003686,-0.799325,-0.600878,-0.758798,0.493578,0.943724
393,3.275000,0.018717,0.018623,0.854722,0.518415,-0.924136,0.442289,0.039271,-0.065431,-0.062405,0.645542,0.758353,-0.591520,0.532862,0.040212,0.002918,0.003796,-0.799438,-0.600729,-0.758802,0.493523,0.943802
394,3.283333,0.018719,0.018577,0.854716,0.518425,-0.924135,0.442291,0.039271,-0.065451,-0.062425,0.645551,0.758342,-0.591520,0.532864,0.040206,0.002854,0.003839,-0.799518,-0.600623,-0.758779,0.493478,0.943807
395,3.291667,0.018729,0.018615,0.854720,0.518417,-0.924132,0.442293,0.039270,-0.065483,-0.062468,0.645559,0.758329,-0.591518,0.532869,0.040210,0.002735,0.004097,-0.799674,-0.600414,-0.758786,0.493473,0.943859
396,3.300000,0.018736,0.018647,0.854720,0.518416,-0.924130,0.442296,0.039269,-0.065416,-0.062439,0.645583,0.758317,-0.591526,0.532866,0.040204,0.002830,0.004410,-0.799810,-0.600230,-0.758734,0.493394,0.943807
397,3.308333,0.018664,0.018569,0.854722,0.518418,-0.924126,0.442299,0.039274,-0.065428,-0.062426,0.645586,0.758315,-0.591520,0.532866,0.040207,0.002514,0.004403,-0.799868,-0.600154,-0.758678,0.493324,0.943752
398,3.316667,0.018732,0.018602,0.854721,0.518416,-0.924126,0.442298,0.039276,-0.065463,-0.062467,0.645607,0.758290,-0.591521,0.532868,0.040207,0.002241,0.004544,-0.799960,-0.600033,-0.758647,0.493307,0.943713
399,3.325000,0.018751,0.018637,0.854711,0.518430,-0.924132,0.442301,0.039278,-0.065472,-0.062478,0.645637,0.758263,-0.591523,0.532868,0.040208,0.002255,0.004428,-0.800092,-0.599856,-0.758601,0.493190,0.943741
400,3.333333,0.018699,0.018552,0.854702,0.518450,-0.924134,0.442297,0.039279,-0.065465,-0.062515,0.645669,0.758233,-0.591521,0.532869,0.040203,0.002279,0.004787,-0.800220,-0.599683,-0.758597,0.493112,0.943809
401,3.341667,0.018669,0.018536,0.854711,0.518437,-0.924136,0.442298,0.039285,-0.065417,-0.062483,0.645687,0.758225,-0.591522,0.532866,0.040202,0.002251,0.004763,-0.800284,-0.599598,-0.758584,0.493009,0.943827
402,3.350000,0.018690,0.018520,0.854710,0.518438,-0.924138,0.442298,0.039282,-0.065423,-0.062493,0.645707,0.758206,-0.591527,0.532866,0.040206,0.002208,0.004530,-0.800377,-0.599476,-0.758548,0.492895,0.943842
403,3.358333,0.018691,0.018503,0.854694,0.518465,-0.924136,0.442296,0.039284,-0.065378,-0.062506,0.645758,0.758166,-0.591522,0.532861,0.040205,0.002226,0.004601,-0.800478,-0.599340,-0.758519,0.492804,0.943856
404,3.366667,0.018679,0.018477,0.854696,0.518464,-0.924142,0.442291,0.039284,-0.065387,-0.062506,0.645795,0.758134,-0.591526,0.532867,0.040193,0.002370,0.004487,-0.800576,-0.599209,-0.758458,0.492663,0.943837
405,3.375000,0.018656,0.018462,0.854693,0.518470,-0.924144,0.442290,0.039287,-0.065396,-0.062547,0.645818,0.758110,-0.591529,0.532864,0.040200,0.002425,0.004450,-0.800695,-0.599051,-0.758395,0.492519,0.943828
406,3.383333,0.018641,0.018381,0.854688,0.518482,-0.924143,0.442294,0.039287,-0.065379,-0.062562,0.645828,0.758102,-0.591535,0.532861,0.040206,0.002151,0.004596,-0.800941,-0.598722,-0.758551,0.492389,0.943905
407,3.391667,0.018603,0.018376,0.854681,0.518494,-0.924141,0.442298,0.039292,-0.065367,-0.062607,0.645879,0.758056,-0.591535,0.532867,0.040196,0.002066,0.004521,-0.801011,-0.598629,-0.758528,0.492291,0.943902
408,3.400000,0.018631,0.018405,0.854674,0.518505,-0.924141,0.442295,0.039288,-0.065378,-0.062587,0.645899,0.758039,-0.591537,0.532859,0.040195,0.001850,0.004637,-0.801093,-0.598519,-0.758570,0.492191,0.943956
409,3.408333,0.018631,0.018330,0.854674,0.518506,-0.924140,0.442297,0.039295,-0.065396,-0.062650,0.645944,0.757994,-0.591538,0.532864,0.040193,0.001871,0.004633,-0.801186,-0.598394,-0.758575,0.492104,0.943975
410,3.416667,0.018591,0.018330,0.854659,0.518533,-0.924141,0.442297,0.039298,-0.065461,-0.062723,0.645947,0.757980,-0.591540,0.532845,0.040218,0.002087,0.004695,-0.801280,-0.598267,-0.758534,0.491976,0.943884
411,3.425000,0.018642,0.018335,0.854646,0.518552,-0.924147,0.442297,0.039298,-0.065414,-0.062674,0.646026,0.757920,-0.591554,0.532861,0.040189,0.002145,0.004668,-0.801321,-0.598212,-0.758543,0.491879,0.943890
412,3.433333,0.018633,0.018235,0.854653,0.518545,-0.924147,0.442288,0.039303,-0.065399,-0.062704,0.646065,0.757886,-0.591548,0.532858,0.040189,0.002285,0.004614,-0.801397,-0.598111,-0.758552,0.491724,0.943907
413,3.441667,0.018566,0.018182,0.854633,0.518582,-0.924147,0.442288,0.039306,-0.065319,-0.062648,0.646113,0.757857,-0.591546,0.532855,0.040184,0.002305,0.004537,-0.801445,-0.598047,-0.758547,0.491612,0.943924
414,3.450000,0.018532,0.018157,0.854632,0.518586,-0.924143,0.442287,0.039308,-0.065274,-0.062660,0.646154,0.757825,-0.591544,0.532854,0.040177,0.002050,0.004073,-0.801513,-0.597960,-0.758608,0.491458,0.944011
415,3.458333,0.018545,0.018127,0.854638,0.518576,-0.924149,0.442288,0.039309,-0.065246,-0.062627,0.646197,0.757793,-0.591535,0.532830,0.040206,0.002606,0.003888,-0.801645,-0.597783,-0.758550,0.491251,0.943981
416,3.466667,0.018588,0.018082,0.854630,0.518589,-0.924147,0.442284,0.039304,-0.065172,-0.062622,0.646282,0.757727,-0.591533,0.532835,0.040208,0.002587,0.003918,-0.801660,-0.597761,-0.758569,0.491137,0.943988
417,3.475000,0.018545,0.018059,0.854624,0.518601,-0.924152,0.442284,0.039309,-0.065074,-0.062514,0.646359,0.757679,-0.591525,0.532827,0.040202,0.002717,0.003829,-0.801680,-0.597734,-0.758594,0.491002,0.944019
418,3.483333,0.018487,0.017982,0.854618,0.518617,-0.924155,0.442282,0.039313,-0.064970,-0.062493,0.646456,0.757607,-0.591511,0.532822,0.040201,0.002670,0.003696,-0.801664,-0.597757,-0.758600,0.490865,0.944010
419,3.491667,0.018490,0.017960,0.854603,0.518642,-0.924161,0.442277,0.039322,-0.064831,-0.062430,0.646528,0.757563,-0.591505,0.532822,0.040195,0.002491,0.003659,-0.801651,-0.597776,-0.758631,0.490755,0.944065
420,3.500000,0.018477,0.017880,0.854592,0.518663,-0.924162,0.442278,0.039324,-0.064689,-0.062278,0.646625,0.757504,-0.591481,0.532820,0.040197,0.002142,0.003654,-0.801693,-0.597721,-0.758672,0.490595,0.944123
421,3.508333,0.018481,0.017825,0.854580,0.518684,-0.924166,0.442277,0.039323,-0.064557,-0.062168,0.646711,0.757451,-0.591470,0.532818,0.040196,0.002235,0.003679,-0.801766,-0.597623,-0.758734,0.490437,0.944155
422,3.516667,0.018483,0.017814,0.854570,0.518702,-0.924165,0.442274,0.039322,-0.064391,-0.062024,0.646804,0.757398,-0.591455,0.532812,0.040204,0.002381,0.003530,-0.801824,-0.597546,-0.758735,0.490281,0.944189
423,3.525000,0.018436,0.017725,0.854562,0.518719,-0.924169,0.442266,0.039322,-0.064164,-0.061919,0.646878,0.757362,-0.591441,0.532796,0.040198,0.002570,0.003398,-0.801887,-0.597460,-0.758775,0.490081,0.944210
424,3.533333,0.018442,0.017705,0.854539,0.518758,-0.924171,0.442260,0.039329,-0.064035,-0.061818,0.646962,0.757309,-0.591430,0.532793,0.040195,0.002902,0.003168,-0.801861,-0.597495,-0.758819,0.489901,0.944276
425,3.541667,0.018409,0.017657,0.854536,0.518765,-0.924177,0.442258,0.039337,-0.063838,-0.061660,0.647050,0.757264,-0.591417,0.532788,0.040198,0.003675,0.002359,-0.801734,-0.597665,-0.758796,0.489607,0.944275
426,3.550000,0.018330,0.017546,0.854527,0.518787,-0.924183,0.442253,0.039333,-0.063681,-0.061494,0.647139,0.757215,-0.591395,0.532786,0.040199,0.003643,0.002300,-0.801656,-0.597770,-0.758818,0.489371,0.944243
427,3.558333,0.018333,0.017492,0.854513,0.518812,-0.924186,0.442253,0.039336,-0.063539,-0.061345,0.647239,0.757153,-0.591380,0.532781,0.040200,0.003796,0.002457,-0.801624,-0.597812,-0.758775,0.489129,0.944206
428,3.566667,0.018397,0.017485,0.854500,0.518830,-0.924191,0.442249,0.039335,-0.063319,-0.061114,0.647335,0.757108,-0.591361,0.532777,0.040198,0.004074,0.002376,-0.801482,-0.598000,-0.758795,0.488912,0.944206
429,3.575000,0.018361,0.017459,0.854498,0.518836,-0.924189,0.442250,0.039340,-0.063090,-0.060961,0.647427,0.757062,-0.591341,0.532775,0.040203,0.004300,0.002509,-0.801451,-0.598040,-0.758966,0.488663,0.944288
430,3.583333,0.018272,0.017370,0.854486,0.518862,-0.924190,0.442261,0.039343,-0.062818,-0.060672,0.647522,0.757025,-0.591316,0.532765,0.040206,0.004139,0.001888,-0.801420,-0.598085,-0.759085,0.488336,0.944328
431,3.591667,0.018349,0.017375,0.854472,0.518883,-0.924193,0.442260,0.039346,-0.062557,-0.060435,0.647613,0.756989,-0.591281,0.532757,0.040206,0.003887,0.002002,-0.801342,-0.598190,-0.759153,0.488094,0.944350
432,3.600000,0.018305,0.017343,0.854458,0.518908,-0.924198,0.442257,0.039344,-0.062495,-0.060480,0.647706,0.756911,-0.591291,0.532748,0.040185,0.004123,0.001788,-0.801158,-0.598436,-0.759166,0.487857,0.944294
433,3.608333,0.018308,0.017305,0.854435,0.518947,-0.924200,0.442255,0.039346,-0.062234,-0.060212,0.647820,0.756856,-0.591259,0.532734,0.040191,0.004030,0.002045,-0.801101,-0.598512,-0.759239,0.487669,0.944305
434,3.616667,0.018278,0.017313,0.854438,0.518943,-0.924203,0.442255,0.039343,-0.061817,-0.059797,0.647957,0.756805,-0.591220,0.532723,0.040198,0.004081,0.002150,-0.800991,-0.598659,-0.759291,0.487467,0.944326
435,3.625000,0.018216,0.017193,0.854420,0.518978,-0.924208,0.442252,0.039350,-0.061365,-0.059399,0.648060,0.756786,-0.591181,0.532714,0.040198,0.004368,0.002193,-0.800893,-0.598788,-0.759394,0.487300,0.944412
436,3.633333,0.018188,0.017181,0.854421,0.518979,-0.924211,0.442250,0.039350,-0.060934,-0.058877,0.648173,0.756765,-0.591142,0.532706,0.040211,0.004531,0.002304,-0.800815,-0.598890,-0.759490,0.487113,0.944483
437,3.641667,0.018165,0.017093,0.854396,0.519024,-0.924219,0.442248,0.039349,-0.060515,-0.058479,0.648296,0.756723,-0.591093,0.532701,0.040219,0.005057,0.002178,-0.800657,-0.599098,-0.759628,0.486930,0.944597
438,3.650000,0.017830,0.016876,0.854449,0.518955,-0.924192,0.442235,0.039357,-0.060036,-0.057920,0.648410,0.756707,-0.591044,0.532688,0.040219,0.005206,0.002255,-0.800501,-0.599305,-0.759679,0.486728,0.944625
439,3.658333,0.017781,0.016807,0.854443,0.518968,-0.924193,0.442235,0.039364,-0.059545,-0.057356,0.648547,0.756671,-0.590990,0.532695,0.040241,0.005670,0.002168,-0.800362,-0.599487,-0.759740,0.486493,0.944639
440,3.666667,0.017726,0.016702,0.854423,0.519006,-0.924193,0.442236,0.039358,-0.058924,-0.056796,0.648670,0.756657,-0.590928,0.532684,0.040247,0.006909,0.002151,-0.800144,-0.599764,-0.759833,0.486233,0.944926
441,3.675000,0.017661,0.016666,0.854406,0.519039,-0.924195,0.442234,0.039361,-0.058253,-0.056148,0.648745,0.756693,-0.590855,0.532669,0.040249,0.006236,0.001919,-0.799932,-0.600055,-0.759842,0.485949,0.944884
442,3.683333,0.017641,0.016593,0.854397,0.519057,-0.924203,0.442234,0.039358,-0.057577,-0.055491,0.648858,0.756696,-0.590799,0.532654,0.040255,0.005961,0.001128,-0.799717,-0.600346,-0.759906,0.485700,0.944850
443,3.691667,0.017686,0.016521,0.854382,0.519082,-0.924213,0.442232,0.039355,-0.056647,-0.054482,0.649017,0.756703,-0.590697,0.532644,0.040293,0.005962,0.001066,-0.799631,-0.600461,-0.760068,0.485462,0.944879
444,3.700000,0.017574,0.016388,0.854378,0.519097,-0.924216,0.442230,0.039363,-0.055976,-0.053765,0.649154,0.756687,-0.590621,0.532624,0.040309,0.006116,0.001033,-0.799419,-0.600741,-0.760135,0.485265,0.944853
445,3.708333,0.017571,0.016337,0.854355,0.519136,-0.924220,0.442227,0.039366,-0.055304,-0.053060,0.649318,0.756645,-0.590552,0.532600,0.040329,0.006227,0.001205,-0.799206,-0.601024,-0.760282,0.485059,0.944857
446,3.716667,0.017479,0.016271,0.854341,0.519164,-0.924227,0.442223,0.039366,-0.054645,-0.052369,0.649475,0.756607,-0.590481,0.532575,0.040348,0.007043,0.000947,-0.799078,-0.601185,-0.760354,0.484733,0.944909
447,3.725000,0.017497,0.016194,0.854331,0.519182,-0.924230,0.442221,0.039366,-0.053842,-0.051621,0.649627,0.756585,-0.590412,0.532546,0.040351,0.007545,0.000648,-0.798826,-0.601515,-0.760530,0.484512,0.944965
448,3.733333,0.017449,0.016106,0.854325,0.519197,-0.924233,0.442216,0.039371,-0.053293,-0.050830,0.649856,0.756481,-0.590322,0.532553,0.040365,0.007627,0.000432,-0.798657,-0.601739,-0.760660,0.484268,0.945023
449,3.741667,0.017381,0.016067,0.854301,0.519240,-0.924241,0.442213,0.039371,-0.052653,-0.049947,0.650042,0.756425,-0.590226,0.532548,0.040396,0.008349,0.000126,-0.798405,-0.602064,-0.760832,0.484056,0.945172
450,3.750000,0.017360,0.015965,0.854274,0.519287,-0.924246,0.442207,0.039379,-0.052548,-0.049847,0.650184,0.756316,-0.590196,0.532506,0.040396,0.008393,0.000200,-0.798150,-0.602400,-0.761003,0.483864,0.945232
451,3.758333,0.017366,0.015944,0.854267,0.519300,-0.924252,0.442205,0.039376,-0.051894,-0.049027,0.650386,0.756242,-0.590102,0.532488,0.040433,0.008610,0.000286,-0.798009,-0.602584,-0.761132,0.483618,0.945262
452,3.766667,0.017422,0.015920,0.854234,0.519352,-0.924235,0.442186,0.039374,-0.051189,-0.048269,0.650585,0.756167,-0.590007,0.532466,0.040470,0.008558,-0.000062,-0.798002,-0.602594,-0.761429,0.483359,0.945340
453,3.775000,0.017267,0.015744,0.854240,0.519354,-0.924260,0.442197,0.039375,-0.050430,-0.047423,0.650761,0.756121,-0.589918,0.532436,0.040505,0.008815,0.000012,-0.797830,-0.602818,-0.761667,0.483165,0.945356
454,3.783333,0.017350,0.015736,0.854206,0.519406,-0.924245,0.442180,0.039372,-0.049785,-0.046674,0.650966,0.756033,-0.589825,0.532399,0.040537,0.008812,0.000151,-0.797710,-0.602977,-0.761930,0.482898,0.945479
455,3.791667,0.017825,0.015358,0.854340,0.519182,-0.924209,0.442201,0.039316,-0.049166,-0.046029,0.651178,0.755931,-0.589746,0.532372,0.040566,0.009024,0.000081,-0.797442,-0.603329,-0.762155,0.482700,0.945561
456,3.800000,0.017687,0.015179,0.854302,0.519254,-0.924216,0.442185,0.039318,-0.048574,-0.045434,0.651405,0.755809,-0.589674,0.532340,0.040597,0.009426,0.000141,-0.797326,-0.603475,-0.762373,0.482436,0.945611
457,3.808333,0.017854,0.015021,0.854372,0.519138,-0.924199,0.442204,0.039298,-0.048037,-0.044900,0.651585,0.755721,-0.589609,0.532310,0.040627,0.009535,0.000302,-0.797103,-0.603768,-0.762564,0.482239,0.945594
458,3.816667,0.017705,0.014799,0.854402,0.519099,-0.924197,0.442213,0.039290,-0.047620,-0.044397,0.651728,0.755654,-0.589548,0.532292,0.040656,0.010043,0.000218,-0.796859,-0.604081,-0.762787,0.481996,0.945618
459,3.825000,0.017804,0.014779,0.854392,0.519114,-0.924194,0.442205,0.039282,-0.047187,-0.043991,0.651863,0.755588,-0.589498,0.532268,0.040674,0.010469,-0.000110,-0.796623,-0.604385,-0.763015,0.481715,0.945706
460,3.833333,0.017845,0.014795,0.854362,0.519161,-0.924201,0.442196,0.039277,-0.046854,-0.043632,0.651961,0.755545,-0.589451,0.532252,0.040691,0.010667,-0.000322,-0.796393,-0.604686,-0.763182,0.481429,0.945667
461,3.841667,0.017762,0.014684,0.854336,0.519210,-0.924210,0.442195,0.039280,-0.046562,-0.043331,0.652010,0.755538,-0.589414,0.532240,0.040711,0.011359,-0.000272,-0.796164,-0.604974,-0.763549,0.481097,0.945811
462,3.850000,0.017566,0.014467,0.854305,0.519273,-0.924233,0.442186,0.039296,-0.046272,-0.043032,0.652061,0.755529,-0.589382,0.532238,0.040728,0.011054,-0.000168,-0.795905,-0.605320,-0.763734,0.480839,0.945784
463,3.858333,0.017677,0.014459,0.854291,0.519292,-0.924231,0.442183,0.039278,-0.046115,-0.042899,0.652071,0.755538,-0.589359,0.532229,0.040738,0.010864,-0.000045,-0.795656,-0.605651,-0.763920,0.480579,0.945724
464,3.866667,0.017469,0.014251,0.854278,0.519327,-0.924245,0.442182,0.039294,-0.045880,-0.042656,0.652067,0.755569,-0.589337,0.532220,0.040743,0.010825,0.000010,-0.795449,-0.605925,-0.764209,0.480343,0.945784
465,3.875000,0.017429,0.014100,0.854264,0.519356,-0.924249,0.442176,0.039296,-0.045775,-0.042520,0.652068,0.755581,-0.589313,0.532220,0.040754,0.011166,-0.000130,-0.795227,-0.606209,-0.764457,0.480079,0.945805
466,3.883333,0.017388,0.014008,0.854260,0.519366,-0.924256,0.442169,0.039290,-0.045613,-0.042422,0.652051,0.755612,-0.589297,0.532211,0.040767,0.011294,0.000229,-0.794988,-0.606520,-0.764748,0.479892,0.945775
467,3.891667,0.017339,0.013928,0.854241,0.519402,-0.924261,0.442165,0.039290,-0.045510,-0.042327,0.652019,0.755651,-0.589290,0.532196,0.040771,0.011034,0.000124,-0.794856,-0.606697,-0.764989,0.479627,0.945798
468,3.900000,0.017502,0.014255,0.854187,0.519476,-0.924280,0.442156,0.039324,-0.045371,-0.042208,0.652020,0.755666,-0.589276,0.532195,0.040777,0.011275,-0.000084,-0.794796,-0.606772,-0.765352,0.479332,0.945907
469,3.908333,0.017473,0.014136,0.854174,0.519502,-0.924284,0.442150,0.039330,-0.045297,-0.042199,0.652009,0.755679,-0.589260,0.532189,0.040783,0.010969,0.000495,-0.794886,-0.606660,-0.765585,0.478935,0.945824
470,3.916667,0.017426,0.014038,0.854160,0.519528,-0.924290,0.442146,0.039323,-0.045279,-0.042223,0.651982,0.755702,-0.589262,0.532203,0.040797,0.011024,0.000539,-0.794819,-0.606746,-0.765822,0.478580,0.945728
471,3.925000,0.017430,0.014013,0.854145,0.519555,-0.924297,0.442133,0.039323,-0.045277,-0.042270,0.651924,0.755750,-0.589267,0.532195,0.040798,0.011708,0.000379,-0.794869,-0.606668,-0.766086,0.478195,0.945718
472,3.933333,0.017402,0.013930,0.854123,0.519594,-0.924303,0.442129,0.039325,-0.045297,-0.042309,0.651870,0.755794,-0.589259,0.532167,0.040785,0.012016,0.000445,-0.794826,-0.606718,-0.766331,0.477918,0.945718
473,3.941667,0.017712,0.013504,0.854047,0.519719,-0.924338,0.442124,0.039260,-0.045369,-0.042413,0.651833,0.755815,-0.589272,0.532164,0.040778,0.012373,0.000591,-0.794704,-0.606871,-0.766595,0.477655,0.945636
474,3.950000,0.017392,0.013759,0.854087,0.519656,-0.924323,0.442111,0.039315,-0.045499,-0.042667,0.651753,0.755862,-0.589298,0.532183,0.040783,0.012688,0.000275,-0.794537,-0.607083,-0.766865,0.477416,0.945574
475,3.958333,0.017791,0.013650,0.854017,0.519761,-0.924358,0.442117,0.039293,-0.045624,-0.042869,0.651712,0.755879,-0.589313,0.532186,0.040780,0.012550,0.000045,-0.794317,-0.607374,-0.767145,0.477198,0.945587
476,3.966667,0.017306,0.013521,0.854061,0.519710,-0.924340,0.442106,0.039319,-0.045748,-0.043066,0.651629,0.755931,-0.589318,0.532158,0.040750,0.011979,-0.000142,-0.794026,-0.607766,-0.767492,0.476994,0.945579
477,3.975000,0.017720,0.013490,0.853980,0.519829,-0.924384,0.442103,0.039289,-0.045795,-0.043101,0.651608,0.755945,-0.589329,0.532158,0.040746,0.011882,-0.000308,-0.793880,-0.607959,-0.767864,0.476802,0.945575
478,3.983333,0.017473,0.012923,0.853963,0.519880,-0.924385,0.442090,0.039246,-0.045823,-0.043217,0.651561,0.755977,-0.589345,0.532173,0.040753,0.011955,-0.000546,-0.793548,-0.608391,-0.768180,0.476661,0.945601
479,3.991667,0.017353,0.012724,0.853972,0.519875,-0.924387,0.442082,0.039235,-0.045896,-0.043295,0.651497,0.756023,-0.589351,0.532172,0.040754,0.011900,-0.000400,-0.793298,-0.608717,-0.768480,0.476528,0.945484
480,4.000000,0.017041,0.012560,0.853974,0.519884,-0.924380,0.442063,0.039244,-0.045863,-0.043273,0.651477,0.756043,-0.589355,0.532170,0.040761,0.012179,-0.000548,-0.793115,-0.608950,-0.768837,0.476399,0.945495
481,4.008333,0.016984,0.012487,0.853952,0.519924,-0.924389,0.442053,0.039239,-0.045841,-0.043185,0.651434,0.756087,-0.589341,0.532154,0.040752,0.012149,-0.000899,-0.792898,-0.609233,-0.769133,0.476170,0.945494
482,4.016667,0.016945,0.012338,0.853932,0.519962,-0.924394,0.442048,0.039244,-0.045809,-0.043158,0.651405,0.756115,-0.589347,0.532170,0.040774,0.012100,-0.001079,-0.792715,-0.609472,-0.769471,0.475989,0.945533
483,4.025000,0.016876,0.012227,0.853921,0.519985,-0.924404,0.442044,0.039242,-0.045852,-0.043249,0.651374,0.756134,-0.589348,0.532171,0.040771,0.011983,-0.000889,-0.792620,-0.609598,-0.769791,0.475798,0.945592
484,4.033333,0.016840,0.012164,0.853896,0.520029,-0.924408,0.442033,0.039238,-0.045791,-0.043171,0.651343,0.756170,-0.589340,0.532171,0.040780,0.012023,-0.000907,-0.792541,-0.609700,-0.770159,0.475609,0.945543
485,4.041667,0.016812,0.012075,0.853886,0.520048,-0.924412,0.442032,0.039235,-0.045789,-0.043193,0.651298,0.756207,-0.589339,0.532167,0.040782,0.012112,-0.000689,-0.792369,-0.609921,-0.770489,0.475468,0.945536
486,4.050000,0.016765,0.011985,0.853875,0.520070,-0.924413,0.442028,0.039233,-0.045761,-0.043134,0.651272,0.756234,-0.589334,0.532169,0.040785,0.012267,-0.000807,-0.792270,-0.610047,-0.770803,0.475335,0.945519
487,4.058333,0.016742,0.011898,0.853861,0.520096,-0.924424,0.442023,0.039230,-0.045793,-0.043179,0.651257,0.756243,-0.589337,0.532167,0.040797,0.012572,-0.001027,-0.792115,-0.610241,-0.771130,0.475151,0.945485
488,4.066667,0.016731,0.011861,0.853834,0.520141,-0.924427,0.442016,0.039221,-0.045793,-0.043207,0.651234,0.756261,-0.589338,0.532166,0.040799,0.012895,-0.000988,-0.792017,-0.610362,-0.771415,0.474947,0.945444
489,4.075000,0.016721,0.011603,0.853838,0.520140,-0.924425,0.442000,0.039230,-0.045795,-0.043183,0.651194,0.756297,-0.589336,0.532165,0.040796,0.012886,-0.000969,-0.791780,-0.610670,-0.771716,0.474834,0.945475
490,4.083333,0.016742,0.011480,0.853821,0.520171,-0.924428,0.441988,0.039225,-0.045859,-0.043250,0.651173,0.756306,-0.589343,0.532165,0.040800,0.012803,-0.000994,-0.791610,-0.610892,-0.772052,0.474679,0.945511
491,4.091667,0.016718,0.011383,0.853815,0.520184,-0.924434,0.441981,0.039225,-0.045912,-0.043302,0.651144,0.756326,-0.589345,0.532161,0.040801,0.012799,-0.001092,-0.791427,-0.611128,-0.772320,0.474540,0.945509
492,4.100000,0.016587,0.011283,0.853793,0.520227,-0.924451,0.441974,0.039221,-0.045962,-0.043378,0.651112,0.756346,-0.589352,0.532162,0.040806,0.012290,-0.001166,-0.791231,-0.611393,-0.772714,0.474454,0.945352
493,4.108333,0.016611,0.011208,0.853770,0.520265,-0.924459,0.441965,0.039222,-0.045989,-0.043411,0.651078,0.756371,-0.589358,0.532160,0.040811,0.012426,-0.001002,-0.791052,-0.611622,-0.772998,0.474334,0.945308
494,4.116667,0.016630,0.011087,0.853780,0.520250,-0.924464,0.441957,0.039220,-0.046040,-0.043462,0.651046,0.756393,-0.589362,0.532159,0.040813,0.013221,-0.001168,-0.790858,-0.611856,-0.773269,0.474180,0.945354
495,4.125000,0.016549,0.010987,0.853733,0.520332,-0.924475,0.441953,0.039215,-0.046124,-0.043500,0.651019,0.756409,-0.589361,0.532159,0.040814,0.013146,-0.001293,-0.790600,-0.612191,-0.773590,0.474096,0.945354
496,4.133333,0.016491,0.010900,0.853703,0.520385,-0.924487,0.441945,0.039211,-0.046108,-0.043482,0.650991,0.756435,-0.589365,0.532165,0.040818,0.013450,-0.001336,-0.790479,-0.612340,-0.773884,0.473941,0.945348
497,4.141667,0.016480,0.010820,0.853694,0.520402,-0.924490,0.441934,0.039210,-0.046161,-0.043546,0.650964,0.756451,-0.589371,0.532167,0.040824,0.013160,-0.001320,-0.790298,-0.612580,-0.774225,0.473780,0.945427
498,4.150000,0.016439,0.010703,0.853682,0.520424,-0.924496,0.441931,0.039204,-0.046210,-0.043570,0.650937,0.756470,-0.589366,0.532165,0.040824,0.013137,-0.001185,-0.790064,-0.612882,-0.774466,0.473709,0.945373
499,4.158333,0.016361,0.010521,0.853653,0.520479,-0.924500,0.441923,0.039199,-0.046313,-0.043669,0.650903,0.756488,-0.589372,0.532165,0.040827,0.013063,-0.001161,-0.789846,-0.613166,-0.774717,0.473615,0.945356
500,4.166667,0.016358,0.010529,0.853637,0.520505,-0.924509,0.441914,0.039197,-0.046306,-0.043708,0.650890,0.756497,-0.589372,0.532164,0.040835,0.013114,-0.001486,-0.789760,-0.613274,-0.775090,0.473485,0.945306
501,4.175000,0.016300,0.010385,0.853630,0.520520,-0.924517,0.441902,0.039194,-0.046328,-0.043720,0.650861,0.756520,-0.589374,0.532161,0.040831,0.013267,-0.001530,-0.789585,-0.613496,-0.775368,0.473330,0.945342
502,4.183333,0.016255,0.010248,0.853630,0.520525,-0.924525,0.441894,0.039188,-0.046356,-0.043729,0.650837,0.756539,-0.589367,0.532157,0.040835,0.013287,-0.001565,-0.789411,-0.613719,-0.775591,0.473218,0.945325
503,4.191667,0.016224,0.010149,0.853627,0.520533,-0.924528,0.441887,0.039179,-0.046404,-0.043800,0.650818,0.756548,-0.589369,0.532156,0.040837,0.013890,-0.001663,-0.789293,-0.613858,-0.775826,0.473111,0.945314
504,4.200000,0.016213,0.010031,0.853617,0.520552,-0.924532,0.441878,0.039173,-0.046464,-0.043798,0.650803,0.756557,-0.589372,0.532161,0.040847,0.014079,-0.001844,-0.789123,-0.614071,-0.776155,0.472981,0.945289
505,4.208333,0.016182,0.009958,0.853606,0.520573,-0.924538,0.441874,0.039173,-0.046537,-0.043869,0.650781,0.756568,-0.589379,0.532162,0.040850,0.013982,-0.001900,-0.788937,-0.614312,-0.776420,0.472880,0.945295
506,4.216667,0.016091,0.009843,0.853602,0.520583,-0.924544,0.441863,0.039167,-0.046617,-0.043910,0.650704,0.756626,-0.589387,0.532167,0.040852,0.014143,-0.002005,-0.788799,-0.614485,-0.776648,0.472787,0.945286
507,4.225000,0.016107,0.009797,0.853601,0.520586,-0.924554,0.441858,0.039170,-0.046793,-0.044107,0.650671,0.756632,-0.589396,0.532160,0.040849,0.014018,-0.001639,-0.788697,-0.614620,-0.776959,0.472716,0.945276
508,4.233333,0.016084,0.009698,0.853613,0.520569,-0.924558,0.441855,0.039158,-0.046838,-0.044118,0.650614,0.756678,-0.589404,0.532174,0.040853,0.013918,-0.001959,-0.788652,-0.614679,-0.777212,0.472653,0.945240
509,4.241667,0.016064,0.009584,0.853621,0.520558,-0.924566,0.441850,0.039157,-0.046965,-0.044236,0.650570,0.756701,-0.589413,0.532169,0.040855,0.014079,-0.002124,-0.788622,-0.614713,-0.777458,0.472582,0.945204
510,4.250000,0.016030,0.009491,0.853616,0.520570,-0.924573,0.441840,0.039155,-0.047072,-0.044322,0.650521,0.756732,-0.589424,0.532174,0.040860,0.014275,-0.002096,-0.788565,-0.614782,-0.777684,0.472530,0.945212
511,4.258333,0.015980,0.009380,0.853622,0.520563,-0.924578,0.441834,0.039154,-0.047188,-0.044397,0.650462,0.756770,-0.589436,0.532178,0.040858,0.014295,-0.002055,-0.788441,-0.614940,-0.777868,0.472530,0.945157
512,4.266667,0.015961,0.009252,0.853635,0.520545,-0.924587,0.441826,0.039155,-0.047330,-0.044560,0.650393,0.756811,-0.589451,0.532179,0.040858,0.014269,-0.002177,-0.788382,-0.615017,-0.778060,0.472482,0.945136
513,4.275000,0.015976,0.009199,0.853633,0.520549,-0.924592,0.441815,0.039152,-0.047471,-0.044658,0.650332,0.756849,-0.589458,0.532189,0.040862,0.014412,-0.002310,-0.788305,-0.615111,-0.778257,0.472430,0.945118
514,4.283333,0.015931,0.009032,0.853644,0.520535,-0.924601,0.441808,0.039141,-0.047613,-0.044824,0.650266,0.756887,-0.589475,0.532191,0.040860,0.014591,-0.002620,-0.788177,-0.615270,-0.778605,0.472378,0.945175
515,4.291667,0.015932,0.008977,0.853659,0.520511,-0.924611,0.441803,0.039142,-0.047747,-0.044998,0.650221,0.756907,-0.589484,0.532198,0.040854,0.014611,-0.002626,-0.788085,-0.615387,-0.778797,0.472360,0.945154
516,4.300000,0.015872,0.008889,0.853666,0.520504,-0.924614,0.441791,0.039133,-0.047908,-0.045114,0.650159,0.756943,-0.589499,0.532200,0.040851,0.014731,-0.002366,-0.788059,-0.615418,-0.778990,0.472358,0.945077
517,4.308333,0.015819,0.008795,0.853685,0.520476,-0.924621,0.441782,0.039133,-0.048070,-0.045274,0.650090,0.756983,-0.589515,0.532207,0.040845,0.014592,-0.002026,-0.788016,-0.615478,-0.779246,0.472382,0.945116
518,4.316667,0.015811,0.008723,0.853692,0.520466,-0.924629,0.441774,0.039135,-0.048245,-0.045430,0.650023,0.757020,-0.589535,0.532215,0.040850,0.014424,-0.002066,-0.787987,-0.615519,-0.779430,0.472387,0.945105
519,4.325000,0.015757,0.008562,0.853699,0.520458,-0.924637,0.441767,0.039133,-0.048361,-0.045528,0.649977,0.757046,-0.589542,0.532220,0.040845,0.014430,-0.002086,-0.787950,-0.615567,-0.779588,0.472435,0.945086
520,4.333333,0.015750,0.008459,0.853719,0.520428,-0.924641,0.441761,0.039130,-0.048466,-0.045624,0.649903,0.757097,-0.589555,0.532228,0.040842,0.014756,-0.002206,-0.787861,-0.615672,-0.779777,0.472560,0.944977
521,4.341667,0.015754,0.008447,0.853725,0.520418,-0.924650,0.441750,0.039132,-0.048632,-0.045809,0.649849,0.757122,-0.589567,0.532230,0.040840,0.014836,-0.002208,-0.787849,-0.615685,-0.779928,0.472637,0.944915
522,4.350000,0.015731,0.008350,0.853724,0.520421,-0.924655,0.441743,0.039124,-0.048769,-0.045925,0.649783,0.757162,-0.589581,0.532243,0.040836,0.015038,-0.002175,-0.787849,-0.615681,-0.780151,0.472738,0.944823
523,4.358333,0.015680,0.008326,0.853740,0.520398,-0.924657,0.441740,0.039126,-0.048922,-0.046050,0.649725,0.757195,-0.589589,0.532255,0.040837,0.015110,-0.002103,-0.787828,-0.615707,-0.780286,0.472832,0.944802
524,4.366667,0.015705,0.008320,0.853744,0.520390,-0.924665,0.441734,0.039121,-0.049011,-0.046101,0.649688,0.757217,-0.589603,0.532255,0.040831,0.015103,-0.002114,-0.787672,-0.615906,-0.780459,0.472965,0.944783
525,4.375000,0.015737,0.008282,0.853754,0.520372,-0.924665,0.441730,0.039119,-0.049160,-0.046236,0.649632,0.757248,-0.589609,0.532265,0.040824,0.015090,-0.002125,-0.787642,-0.615944,-0.780611,0.473107,0.944763
526,4.383333,0.015743,0.008270,0.853756,0.520370,-0.924666,0.441724,0.039113,-0.049296,-0.046332,0.649584,0.757274,-0.589617,0.532270,0.040827,0.014834,-0.001937,-0.787542,-0.616079,-0.780746,0.473316,0.944758
527,4.391667,0.015711,0.008195,0.853777,0.520337,-0.924669,0.441725,0.039114,-0.049376,-0.046388,0.649522,0.757318,-0.589625,0.532284,0.040821,0.014946,-0.001783,-0.787360,-0.616310,-0.780895,0.473506,0.944720
528,4.400000,0.015720,0.008234,0.853781,0.520329,-0.924668,0.441723,0.039115,-0.049475,-0.046452,0.649441,0.757377,-0.589636,0.532301,0.040820,0.014638,-0.001605,-0.787248,-0.616461,-0.781044,0.473704,0.944742
529,4.408333,0.015689,0.008158,0.853799,0.520303,-0.924662,0.441729,0.039115,-0.049621,-0.046549,0.649394,0.757402,-0.589644,0.532311,0.040819,0.014533,-0.001694,-0.787225,-0.616493,-0.781193,0.473883,0.944725
530,4.416667,0.015700,0.008220,0.853792,0.520313,-0.924662,0.441734,0.039107,-0.049753,-0.046601,0.649316,0.757458,-0.589652,0.532329,0.040822,0.014507,-0.001629,-0.787132,-0.616612,-0.781324,0.474073,0.944729
531,4.425000,0.015715,0.008331,0.853797,0.520303,-0.924654,0.441735,0.039108,-0.049905,-0.046739,0.649237,0.757506,-0.589663,0.532336,0.040809,0.014569,-0.001537,-0.787046,-0.616721,-0.781435,0.474253,0.944701
532,4.433333,0.015794,0.008412,0.853806,0.520284,-0.924645,0.441737,0.039102,-0.049998,-0.046741,0.649170,0.757557,-0.589672,0.532357,0.040808,0.014532,-0.001414,-0.786959,-0.616833,-0.781521,0.474431,0.944686
533,4.441667,0.015787,0.008489,0.853837,0.520232,-0.924633,0.441738,0.039111,-0.050240,-0.046856,0.649100,0.757594,-0.589683,0.532375,0.040799,0.014438,-0.001340,-0.786813,-0.617022,-0.781615,0.474639,0.944679
534,4.450000,0.015834,0.008540,0.853826,0.520248,-0.924636,0.441745,0.039100,-0.050388,-0.046979,0.649030,0.757637,-0.589698,0.532397,0.040796,0.014141,-0.001441,-0.786714,-0.617154,-0.781760,0.474857,0.944728
535,4.458333,0.015819,0.008664,0.853811,0.520270,-0.924626,0.441750,0.039102,-0.050483,-0.047062,0.648956,0.757689,-0.589711,0.532413,0.040790,0.014245,-0.001224,-0.786474,-0.617458,-0.781914,0.475100,0.944700
536,4.466667,0.015848,0.008705,0.853818,0.520258,-0.924618,0.441758,0.039098,-0.050604,-0.047108,0.648892,0.757733,-0.589728,0.532431,0.040790,0.014162,-0.001202,-0.786374,-0.617587,-0.782000,0.475295,0.944707
537,4.475000,0.015851,0.008800,0.853834,0.520229,-0.924612,0.441765,0.039099,-0.050766,-0.047200,0.648818,0.757779,-0.589746,0.532448,0.040784,0.014114,-0.000987,-0.786211,-0.617796,-0.782089,0.475552,0.944676
538,4.483333,0.015907,0.008864,0.853833,0.520229,-0.924605,0.441773,0.039095,-0.050917,-0.047369,0.648746,0.757821,-0.589755,0.532461,0.040778,0.013787,-0.000682,-0.786053,-0.618004,-0.782195,0.475825,0.944638
539,4.491667,0.015898,0.008995,0.853825,0.520240,-0.924603,0.441779,0.039094,-0.051096,-0.047496,0.648665,0.757870,-0.589769,0.532475,0.040774,0.013416,-0.000398,-0.786004,-0.618075,-0.782242,0.476099,0.944561
540,4.500000,0.015915,0.009102,0.853817,0.520251,-0.924595,0.441786,0.039096,-0.051205,-0.047569,0.648597,0.757916,-0.589780,0.532487,0.040770,0.013124,-0.000289,-0.785809,-0.618331,-0.782243,0.476367,0.944615
541,4.508333,0.015903,0.009187,0.853846,0.520202,-0.924581,0.441790,0.039101,-0.051341,-0.047648,0.648498,0.757987,-0.589795,0.532504,0.040759,0.013439,-0.000646,-0.785678,-0.618489,-0.782332,0.476588,0.944625
542,4.516667,0.015929,0.009273,0.853860,0.520176,-0.924574,0.441800,0.039090,-0.051460,-0.047758,0.648430,0.758030,-0.589812,0.532522,0.040751,0.013400,-0.000433,-0.785365,-0.618888,-0.782294,0.476875,0.944589
543,4.525000,0.015967,0.009288,0.853855,0.520183,-0.924569,0.441804,0.039083,-0.051617,-0.047860,0.648353,0.758079,-0.589821,0.532529,0.040749,0.013180,-0.000288,-0.785271,-0.619012,-0.782343,0.477098,0.944556
544,4.533333,0.015954,0.009419,0.853849,0.520191,-0.924563,0.441815,0.039081,-0.051718,-0.047886,0.648278,0.758134,-0.589826,0.532544,0.040748,0.013131,-0.000300,-0.785177,-0.619133,-0.782402,0.477324,0.944544
545,4.541667,0.015967,0.009501,0.853849,0.520190,-0.924559,0.441816,0.039091,-0.051818,-0.047973,0.648217,0.758174,-0.589841,0.532555,0.040747,0.012931,-0.000060,-0.785120,-0.619209,-0.782457,0.477548,0.944503
546,4.550000,0.015994,0.009600,0.853854,0.520178,-0.924555,0.441825,0.039080,-0.051943,-0.048003,0.648176,0.758199,-0.589848,0.532574,0.040739,0.012940,-0.000242,-0.785058,-0.619287,-0.782575,0.477739,0.944551
547,4.558333,0.016015,0.009702,0.853863,0.520162,-0.924547,0.441833,0.039080,-0.052078,-0.048099,0.648115,0.758236,-0.589855,0.532577,0.040736,0.013178,-0.000449,-0.784854,-0.619541,-0.782653,0.478033,0.944588
548,4.566667,0.016044,0.009811,0.853861,0.520161,-0.924539,0.441837,0.039078,-0.052188,-0.048182,0.648077,0.758255,-0.589870,0.532589,0.040731,0.012973,0.000052,-0.784639,-0.619817,-0.782746,0.478351,0.944507
549,4.575000,0.016011,0.009853,0.853872,0.520144,-0.924535,0.441844,0.039072,-0.052315,-0.048232,0.648014,0.758298,-0.589878,0.532598,0.040740,0.013071,0.000030,-0.784607,-0.619856,-0.782845,0.478585,0.944520
550,4.583333,0.016079,0.009988,0.853879,0.520128,-0.924533,0.441850,0.039071,-0.052377,-0.048253,0.647953,0.758343,-0.589880,0.532608,0.040735,0.012876,0.000154,-0.784650,-0.619806,-0.782936,0.478788,0.944533
551,4.591667,0.016044,0.010024,0.853872,0.520139,-0.924531,0.441862,0.039063,-0.052515,-0.048254,0.647901,0.758379,-0.589892,0.532625,0.040730,0.012923,0.000085,-0.784599,-0.619869,-0.783012,0.479027,0.944517
552,4.600000,0.016066,0.010072,0.853860,0.520157,-0.924530,0.441865,0.039057,-0.052548,-0.048273,0.647859,0.758411,-0.589903,0.532634,0.040729,0.012750,0.000143,-0.784504,-0.619993,-0.782989,0.479260,0.944434
553,4.608333,0.016083,0.010197,0.853854,0.520164,-0.924531,0.441869,0.039058,-0.052707,-0.048353,0.647793,0.758451,-0.589909,0.532643,0.040728,0.012729,0.000214,-0.784469,-0.620037,-0.783020,0.479460,0.944434
554,4.616667,0.016115,0.010301,0.853837,0.520190,-0.924530,0.441876,0.039052,-0.052869,-0.048419,0.647724,0.758495,-0.589922,0.532657,0.040724,0.012462,0.000208,-0.784445,-0.620073,-0.783069,0.479716,0.944483
555,4.625000,0.016077,0.010267,0.853841,0.520185,-0.924527,0.441882,0.039050,-0.052949,-0.048455,0.647677,0.758527,-0.589931,0.532673,0.040719,0.012163,0.000189,-0.784361,-0.620185,-0.783144,0.479941,0.944519
556,4.633333,0.016137,0.010438,0.853856,0.520154,-0.924519,0.441881,0.039056,-0.053090,-0.048555,0.647608,0.758570,-0.589945,0.532679,0.040720,0.012109,0.000047,-0.784317,-0.620242,-0.783168,0.480148,0.944480
557,4.641667,0.016133,0.010461,0.853869,0.520133,-0.924512,0.441888,0.039050,-0.053237,-0.048613,0.647544,0.758610,-0.589958,0.532693,0.040715,0.012199,0.000286,-0.784192,-0.620398,-0.783172,0.480445,0.944415
558,4.650000,0.016197,0.010510,0.853845,0.520169,-0.924520,0.441890,0.039046,-0.053329,-0.048649,0.647491,0.758647,-0.589970,0.532699,0.040715,0.012168,0.000337,-0.784108,-0.620505,-0.783207,0.480661,0.944404
559,4.658333,0.016193,0.010639,0.853867,0.520131,-0.924505,0.441892,0.039044,-0.053453,-0.048734,0.647433,0.758682,-0.589976,0.532712,0.040710,0.012070,0.000435,-0.784055,-0.620574,-0.783231,0.480836,0.944393
560,4.666667,0.016226,0.010692,0.853865,0.520132,-0.924497,0.441892,0.039037,-0.053588,-0.048791,0.647387,0.758708,-0.589990,0.532727,0.040707,0.011279,0.000001,-0.783089,-0.621807,-0.783303,0.481400,0.944550
561,4.675000,0.016206,0.010741,0.853867,0.520129,-0.924490,0.441898,0.039040,-0.053668,-0.048840,0.647331,0.758747,-0.589998,0.532734,0.040708,0.011432,-0.000114,-0.783080,-0.621816,-0.783344,0.481520,0.944577
562,4.683333,0.016221,0.010756,0.853872,0.520120,-0.924486,0.441904,0.039038,-0.053786,-0.048874,0.647276,0.758783,-0.590005,0.532745,0.040711,0.011543,-0.000267,-0.782945,-0.621984,-0.783403,0.481715,0.944585
563,4.691667,0.016193,0.010805,0.853869,0.520125,-0.924483,0.441904,0.039040,-0.053883,-0.048923,0.647246,0.758799,-0.590010,0.532758,0.040709,0.011372,0.000049,-0.782732,-0.622254,-0.783478,0.481954,0.944620
564,4.700000,0.016214,0.010834,0.853866,0.520128,-0.924475,0.441909,0.039039,-0.053919,-0.048943,0.647213,0.758824,-0.590015,0.532769,0.040714,0.011463,0.000097,-0.782483,-0.622566,-0.783362,0.482135,0.944500
565,4.708333,0.016215,0.010881,0.853867,0.520124,-0.924469,0.441913,0.039029,-0.053971,-0.048955,0.647190,0.758838,-0.590024,0.532768,0.040706,0.012148,0.000350,-0.782200,-0.622909,-0.783330,0.482335,0.944447
566,4.716667,0.016241,0.010910,0.853865,0.520126,-0.924465,0.441918,0.039030,-0.054069,-0.049044,0.647159,0.758852,-0.590027,0.532778,0.040707,0.011910,0.000300,-0.782091,-0.623050,-0.783340,0.482490,0.944399
567,4.725000,0.016205,0.010927,0.853861,0.520133,-0.924465,0.441916,0.039031,-0.054122,-0.049072,0.647141,0.758862,-0.590031,0.532780,0.040705,0.011819,0.000357,-0.781953,-0.623225,-0.783335,0.482630,0.944365
568,4.733333,0.016238,0.010954,0.853857,0.520139,-0.924463,0.441921,0.039027,-0.054226,-0.049138,0.647123,0.758866,-0.590033,0.532788,0.040702,0.012071,0.000344,-0.781800,-0.623412,-0.783316,0.482786,0.944438
569,4.741667,0.016322,0.010995,0.853859,0.520132,-0.924462,0.441920,0.039027,-0.054281,-0.049211,0.647112,0.758866,-0.590032,0.532793,0.040709,0.012316,0.000339,-0.781702,-0.623530,-0.783315,0.482889,0.944431
570,4.750000,0.016246,0.010995,0.853861,0.520130,-0.924460,0.441917,0.039028,-0.054378,-0.049284,0.647071,0.758889,-0.590038,0.532796,0.040709,0.012266,0.000578,-0.781583,-0.623680,-0.783330,0.483012,0.944384
571,4.758333,0.016218,0.010971,0.853868,0.520122,-0.924456,0.441920,0.039030,-0.054403,-0.049255,0.647064,0.758895,-0.590038,0.532793,0.040701,0.012133,0.000599,-0.781423,-0.623884,-0.783329,0.483204,0.944354
572,4.766667,0.016293,0.010998,0.853874,0.520109,-0.924457,0.441924,0.039026,-0.054419,-0.049319,0.647038,0.758913,-0.590047,0.532796,0.040696,0.012591,0.000334,-0.781389,-0.623917,-0.783356,0.483282,0.944421
573,4.775000,0.016274,0.011101,0.853859,0.520131,-0.924454,0.441925,0.039024,-0.054465,-0.049374,0.647001,0.758937,-0.590050,0.532801,0.040694,0.012480,0.000334,-0.781470,-0.623818,-0.783442,0.483349,0.944441
574,4.783333,0.016336,0.011153,0.853866,0.520116,-0.924452,0.441930,0.039018,-0.054555,-0.049463,0.646992,0.758933,-0.590061,0.532793,0.040691,0.011827,0.000779,-0.781720,-0.623516,-0.783450,0.483359,0.944403
575,4.791667,0.016372,0.011256,0.853864,0.520117,-0.924444,0.441930,0.039020,-0.054630,-0.049564,0.646959,0.758949,-0.590064,0.532799,0.040688,0.012290,0.000975,-0.781902,-0.623280,-0.783372,0.483331,0.944287
576,4.800000,0.016378,0.011305,0.853861,0.520120,-0.924442,0.441934,0.039020,-0.054658,-0.049611,0.646944,0.758957,-0.590071,0.532805,0.040681,0.012802,0.001149,-0.781993,-0.623154,-0.783273,0.483323,0.944201
577,4.808333,0.016381,0.011366,0.853855,0.520128,-0.924442,0.441936,0.039016,-0.054729,-0.049693,0.646930,0.758958,-0.590079,0.532801,0.040673,0.012972,0.001347,-0.781995,-0.623148,-0.783226,0.483401,0.944148
578,4.816667,0.016404,0.011351,0.853854,0.520130,-0.924436,0.441940,0.039006,-0.054832,-0.049865,0.646925,0.758943,-0.590087,0.532806,0.040678,0.013070,0.001326,-0.781898,-0.623268,-0.783223,0.483519,0.944123
579,4.825000,0.016397,0.011377,0.853837,0.520157,-0.924430,0.441941,0.039006,-0.054885,-0.049922,0.646921,0.758939,-0.590093,0.532803,0.040666,0.013059,0.001292,-0.781810,-0.623379,-0.783217,0.483610,0.944109
580,4.833333,0.016382,0.011386,0.853844,0.520147,-0.924431,0.441943,0.039004,-0.054915,-0.049947,0.646920,0.758936,-0.590097,0.532800,0.040662,0.012974,0.001138,-0.781706,-0.623511,-0.783228,0.483697,0.944107
581,4.841667,0.016393,0.011378,0.853837,0.520157,-0.924429,0.441940,0.039006,-0.054908,-0.049991,0.646922,0.758932,-0.590102,0.532798,0.040654,0.012870,0.000938,-0.781538,-0.623725,-0.783236,0.483817,0.944127
582,4.850000,0.016410,0.011462,0.853838,0.520153,-0.924433,0.441938,0.039003,-0.055020,-0.050127,0.646937,0.758902,-0.590110,0.532794,0.040651,0.012808,0.000651,-0.781374,-0.623932,-0.783237,0.483952,0.944164
583,4.858333,0.016373,0.011421,0.853830,0.520169,-0.924433,0.441940,0.039007,-0.055046,-0.050157,0.646904,0.758926,-0.590120,0.532793,0.040649,0.012628,0.000533,-0.781182,-0.624176,-0.783243,0.484091,0.944170
584,4.866667,0.016428,0.011476,0.853815,0.520191,-0.924438,0.441937,0.039006,-0.055105,-0.050268,0.646911,0.758909,-0.590125,0.532793,0.040641,0.012445,0.000445,-0.781129,-0.624245,-0.783278,0.484180,0.944179
585,4.875000,0.016417,0.011396,0.853818,0.520187,-0.924439,0.441936,0.039005,-0.055178,-0.050357,0.646909,0.758900,-0.590133,0.532792,0.040637,0.012391,0.000369,-0.781064,-0.624328,-0.783281,0.484259,0.944200
586,4.883333,0.016444,0.011433,0.853814,0.520193,-0.924446,0.441931,0.039012,-0.055269,-0.050483,0.646917,0.758877,-0.590144,0.532796,0.040639,0.012736,-0.000067,-0.780971,-0.624438,-0.783302,0.484335,0.944240
587,4.891667,0.016416,0.011413,0.853809,0.520201,-0.924441,0.441935,0.039016,-0.055350,-0.050615,0.646925,0.758856,-0.590150,0.532795,0.040633,0.012912,-0.000365,-0.780849,-0.624586,-0.783254,0.484475,0.944228
588,4.900000,0.016420,0.011310,0.853806,0.520209,-0.924440,0.441932,0.039009,-0.055368,-0.050654,0.646928,0.758850,-0.590159,0.532795,0.040630,0.012834,-0.000268,-0.780872,-0.624560,-0.783212,0.484546,0.944192
589,4.908333,0.016451,0.011363,0.853802,0.520214,-0.924440,0.441929,0.039012,-0.055346,-0.050730,0.646931,0.758843,-0.590163,0.532793,0.040628,0.013229,-0.000402,-0.780781,-0.624665,-0.783169,0.484603,0.944178
590,4.916667,0.016444,0.011368,0.853792,0.520230,-0.924443,0.441927,0.039008,-0.055412,-0.050785,0.646937,0.758830,-0.590166,0.532790,0.040621,0.013087,-0.000424,-0.780762,-0.624692,-0.783159,0.484699,0.944139
591,4.925000,0.016451,0.011379,0.853792,0.520231,-0.924441,0.441928,0.039012,-0.055518,-0.050940,0.646946,0.758804,-0.590171,0.532785,0.040617,0.013400,-0.000363,-0.780647,-0.624829,-0.782992,0.484759,0.944087
592,4.933333,0.016501,0.011403,0.853769,0.520266,-0.924447,0.441928,0.039007,-0.055433,-0.050868,0.646961,0.758802,-0.590174,0.532783,0.040616,0.013529,-0.000370,-0.780604,-0.624880,-0.782939,0.484813,0.944038
593,4.941667,0.016474,0.011429,0.853773,0.520260,-0.924440,0.441922,0.039014,-0.055482,-0.050972,0.646963,0.758790,-0.590172,0.532781,0.040612,0.013626,-0.000401,-0.780570,-0.624919,-0.782895,0.484863,0.944016
594,4.950000,0.016526,0.011472,0.853788,0.520233,-0.924435,0.441921,0.039012,-0.055457,-0.050975,0.646979,0.758779,-0.590173,0.532780,0.040606,0.013655,-0.000337,-0.780432,-0.625091,-0.782890,0.484945,0.943972
595,4.958333,0.016582,0.011459,0.853781,0.520242,-0.924441,0.441917,0.039006,-0.055428,-0.050963,0.646987,0.758774,-0.590172,0.532776,0.040601,0.013941,-0.000724,-0.780500,-0.625000,-0.782806,0.484944,0.944027
596,4.966667,0.016533,0.011421,0.853795,0.520222,-0.924438,0.441922,0.039011,-0.055454,-0.051057,0.646967,0.758783,-0.590177,0.532771,0.040602,0.013953,-0.000675,-0.780436,-0.625079,-0.782753,0.485026,0.943989
597,4.975000,0.016540,0.011392,0.853764,0.520273,-0.924442,0.441922,0.039007,-0.055472,-0.051041,0.646979,0.758773,-0.590178,0.532772,0.040603,0.014244,-0.001003,-0.780363,-0.625164,-0.782653,0.485118,0.943932
598,4.983333,0.016582,0.011495,0.853791,0.520225,-0.924433,0.441919,0.039016,-0.055493,-0.051093,0.646980,0.758767,-0.590176,0.532770,0.040594,0.014271,-0.001059,-0.780331,-0.625203,-0.782619,0.485182,0.943923
599,4.991667,0.016552,0.011514,0.853790,0.520228,-0.924426,0.441915,0.039015,-0.055498,-0.051134,0.646976,0.758767,-0.590180,0.532767,0.040596,0.014269,-0.001092,-0.780298,-0.625244,-0.782585,0.485286,0.943893
600,5.000000,0.016583,0.011554,0.853805,0.520201,-0.924426,0.441917,0.039016,-0.055516,-0.051155,0.646952,0.758785,-0.590181,0.532764,0.040589,0.014104,-0.000983,-0.780268,-0.625286,-0.782558,0.485385,0.943851
601,5.008333,0.016585,0.011569,0.853816,0.520183,-0.924419,0.441917,0.039021,-0.055490,-0.051165,0.646956,0.758782,-0.590183,0.532763,0.040590,0.014295,-0.000969,-0.780202,-0.625364,-0.782489,0.485420,0.943922
602,5.016667,0.016612,0.011603,0.853819,0.520175,-0.924410,0.441917,0.039013,-0.055571,-0.051263,0.646942,0.758782,-0.590190,0.532761,0.040585,0.014239,-0.000992,-0.780170,-0.625405,-0.782437,0.485509,0.943911
603,5.025000,0.016620,0.011605,0.853813,0.520185,-0.924408,0.441922,0.039022,-0.055567,-0.051218,0.646938,0.758788,-0.590192,0.532764,0.040592,0.014162,-0.000936,-0.780183,-0.625391,-0.782378,0.485604,0.943878
604,5.033333,0.016618,0.011692,0.853820,0.520171,-0.924404,0.441920,0.039019,-0.055600,-0.051301,0.646928,0.758789,-0.590196,0.532761,0.040586,0.013891,-0.000999,-0.780222,-0.625347,-0.782361,0.485718,0.943829
605,5.041667,0.016642,0.011665,0.853835,0.520148,-0.924397,0.441922,0.039015,-0.055582,-0.051253,0.646932,0.758790,-0.590196,0.532757,0.040582,0.014002,-0.001102,-0.780113,-0.625481,-0.782365,0.485795,0.943841
606,5.050000,0.016586,0.011769,0.853830,0.520155,-0.924395,0.441922,0.039020,-0.055334,-0.050942,0.646978,0.758790,-0.590170,0.532765,0.040606,0.013884,-0.000992,-0.780159,-0.625427,-0.782275,0.485902,0.943802
607,5.058333,0.016657,0.011834,0.853815,0.520175,-0.924397,0.441931,0.039020,-0.054954,-0.050601,0.647028,0.758798,-0.590139,0.532777,0.040603,0.014079,-0.001205,-0.780051,-0.625556,-0.782270,0.485995,0.943835
608,5.066667,0.016662,0.011845,0.853831,0.520149,-0.924395,0.441933,0.039015,-0.055709,-0.051409,0.646890,0.758806,-0.590199,0.532765,0.040577,0.014087,-0.001225,-0.780014,-0.625602,-0.782226,0.486078,0.943830
609,5.075000,0.016656,0.011903,0.853823,0.520161,-0.924389,0.441936,0.039016,-0.055186,-0.050870,0.646997,0.758790,-0.590158,0.532782,0.040599,0.013983,-0.001162,-0.780081,-0.625521,-0.782141,0.486173,0.943800
610,5.083333,0.016655,0.011978,0.853829,0.520149,-0.924387,0.441941,0.039014,-0.055098,-0.050705,0.647003,0.758802,-0.590145,0.532789,0.040602,0.013914,-0.001428,-0.779963,-0.625669,-0.782183,0.486280,0.943867
611,5.091667,0.016697,0.011991,0.853843,0.520125,-0.924383,0.441943,0.039015,-0.055083,-0.050755,0.647026,0.758780,-0.590146,0.532783,0.040604,0.014064,-0.001534,-0.779840,-0.625819,-0.782068,0.486404,0.943805
612,5.100000,0.016671,0.012079,0.853852,0.520109,-0.924375,0.441946,0.039019,-0.055127,-0.050806,0.647002,0.758794,-0.590156,0.532787,0.040605,0.013983,-0.001562,-0.779840,-0.625821,-0.782037,0.486491,0.943803
613,5.108333,0.016712,0.012129,0.853847,0.520115,-0.924378,0.441947,0.039013,-0.055165,-0.050830,0.647014,0.758780,-0.590154,0.532791,0.040600,0.014043,-0.001639,-0.779732,-0.625954,-0.782001,0.486607,0.943822
614,5.116667,0.016758,0.012187,0.853853,0.520102,-0.924370,0.441951,0.039016,-0.055220,-0.050901,0.646993,0.758789,-0.590162,0.532793,0.040596,0.014156,-0.001562,-0.779555,-0.626171,-0.781832,0.486714,0.943806
615,5.125000,0.016781,0.012214,0.853852,0.520102,-0.924374,0.441955,0.039010,-0.055308,-0.050896,0.646972,0.758800,-0.590168,0.532796,0.040595,0.014171,-0.001676,-0.779525,-0.626209,-0.781811,0.486796,0.943800
616,5.133333,0.016750,0.012292,0.853854,0.520097,-0.924373,0.441953,0.039013,-0.055347,-0.050974,0.646976,0.758789,-0.590169,0.532797,0.040592,0.014128,-0.001701,-0.779529,-0.626204,-0.781794,0.486865,0.943800
617,5.141667,0.016744,0.012344,0.853874,0.520064,-0.924366,0.441961,0.039008,-0.055354,-0.050968,0.646946,0.758814,-0.590177,0.532799,0.040590,0.014064,-0.001679,-0.779544,-0.626187,-0.781798,0.486939,0.943797
618,5.150000,0.016789,0.012393,0.853865,0.520076,-0.924362,0.441962,0.039010,-0.055475,-0.051048,0.646936,0.758809,-0.590190,0.532801,0.040588,0.014071,-0.001713,-0.779543,-0.626188,-0.781778,0.487024,0.943796
619,5.158333,0.016717,0.012399,0.853878,0.520057,-0.924351,0.441967,0.039011,-0.055542,-0.051167,0.646913,0.758815,-0.590199,0.532806,0.040587,0.013989,-0.001653,-0.779532,-0.626204,-0.781770,0.487155,0.943772
620,5.166667,0.016759,0.012390,0.853869,0.520071,-0.924352,0.441968,0.039005,-0.055634,-0.051205,0.646879,0.758835,-0.590208,0.532808,0.040585,0.013985,-0.001755,-0.779558,-0.626172,-0.781737,0.487265,0.943757
621,5.175000,0.016757,0.012451,0.853878,0.520055,-0.924349,0.441973,0.039017,-0.055700,-0.051306,0.646839,0.758857,-0.590217,0.532811,0.040584,0.014123,-0.001785,-0.779540,-0.626191,-0.781698,0.487401,0.943764
622,5.183333,0.016758,0.012488,0.853884,0.520044,-0.924351,0.441975,0.039013,-0.055830,-0.051410,0.646834,0.758845,-0.590231,0.532810,0.040581,0.014292,-0.001758,-0.779503,-0.626233,-0.781639,0.487510,0.943759
623,5.191667,0.016763,0.012556,0.853884,0.520042,-0.924350,0.441972,0.039009,-0.055886,-0.051427,0.646794,0.758874,-0.590235,0.532820,0.040579,0.014231,-0.001686,-0.779492,-0.626248,-0.781614,0.487623,0.943736
624,5.200000,0.016748,0.012483,0.853904,0.520011,-0.924344,0.441980,0.039008,-0.055862,-0.051476,0.646775,0.758889,-0.590243,0.532810,0.040570,0.014113,-0.001407,-0.779495,-0.626248,-0.781604,0.487716,0.943763
625,5.208333,0.016772,0.012580,0.853904,0.520008,-0.924345,0.441977,0.039012,-0.055963,-0.051552,0.646765,0.758884,-0.590244,0.532814,0.040567,0.014482,-0.001538,-0.779437,-0.626311,-0.781528,0.487802,0.943805
626,5.216667,0.016799,0.012645,0.853910,0.519996,-0.924349,0.441982,0.039003,-0.056050,-0.051657,0.646734,0.758897,-0.590254,0.532819,0.040566,0.014585,-0.001640,-0.779419,-0.626332,-0.781488,0.487891,0.943799
627,5.225000,0.016750,0.012617,0.853916,0.519988,-0.924343,0.441982,0.039006,-0.056150,-0.051735,0.646711,0.758904,-0.590262,0.532821,0.040568,0.014505,-0.001686,-0.779366,-0.626399,-0.781513,0.488033,0.943805
628,5.233333,0.016777,0.012682,0.853917,0.519984,-0.924340,0.441982,0.039008,-0.056188,-0.051738,0.646709,0.758903,-0.590271,0.532822,0.040566,0.014822,-0.001824,-0.779296,-0.626478,-0.781471,0.488165,0.943788
629,5.241667,0.016774,0.012744,0.853920,0.519978,-0.924330,0.441981,0.039007,-0.056299,-0.051859,0.646698,0.758896,-0.590280,0.532822,0.040567,0.014867,-0.001858,-0.779279,-0.626498,-0.781439,0.488264,0.943773
630,5.250000,0.016825,0.012810,0.853925,0.519966,-0.924328,0.441986,0.039006,-0.056285,-0.051886,0.646643,0.758942,-0.590269,0.532815,0.040576,0.014625,-0.001764,-0.779235,-0.626559,-0.781432,0.488419,0.943769
631,5.258333,0.016801,0.012838,0.853920,0.519975,-0.924329,0.441991,0.039011,-0.056401,-0.051956,0.646641,0.758930,-0.590284,0.532825,0.040566,0.014720,-0.001669,-0.779160,-0.626651,-0.781388,0.488562,0.943732
632,5.266667,0.016794,0.012868,0.853937,0.519946,-0.924322,0.441996,0.039011,-0.056484,-0.052022,0.646595,0.758958,-0.590288,0.532826,0.040578,0.014559,-0.001579,-0.779109,-0.626718,-0.781365,0.488716,0.943695
633,5.275000,0.016762,0.012862,0.853943,0.519937,-0.924322,0.442004,0.039010,-0.056560,-0.052087,0.646551,0.758986,-0.590299,0.532833,0.040579,0.014570,-0.001600,-0.779100,-0.626728,-0.781346,0.488818,0.943701
634,5.283333,0.016797,0.012917,0.853913,0.519984,-0.924327,0.442007,0.039006,-0.056680,-0.052191,0.646511,0.759004,-0.590315,0.532833,0.040580,0.014563,-0.001760,-0.779119,-0.626704,-0.781331,0.488946,0.943684
635,5.291667,0.016835,0.013014,0.853914,0.519979,-0.924331,0.442013,0.039007,-0.056814,-0.052304,0.646503,0.758993,-0.590325,0.532841,0.040577,0.014608,-0.001812,-0.779126,-0.626694,-0.781307,0.489045,0.943705
636,5.300000,0.016774,0.013126,0.853930,0.519952,-0.924337,0.442035,0.039021,-0.056950,-0.052405,0.646468,0.759006,-0.590339,0.532845,0.040576,0.014679,-0.001935,-0.778969,-0.626888,-0.781265,0.489242,0.943667
637,5.308333,0.016841,0.013097,0.853932,0.519947,-0.924321,0.442022,0.039015,-0.057130,-0.052574,0.646439,0.759005,-0.590354,0.532849,0.040581,0.014647,-0.001951,-0.778987,-0.626866,-0.781246,0.489351,0.943664
638,5.316667,0.016771,0.013201,0.853938,0.519937,-0.924326,0.442044,0.039030,-0.057237,-0.052638,0.646415,0.759013,-0.590366,0.532855,0.040582,0.014591,-0.001838,-0.778927,-0.626942,-0.781122,0.489469,0.943671
639,5.325000,0.016716,0.013269,0.853969,0.519886,-0.924324,0.442055,0.039035,-0.057350,-0.052722,0.646394,0.759017,-0.590377,0.532858,0.040576,0.014554,-0.001811,-0.778892,-0.626987,-0.781050,0.489590,0.943669
640,5.333333,0.016760,0.013363,0.853963,0.519891,-0.924320,0.442058,0.039033,-0.057501,-0.052841,0.646370,0.759017,-0.590386,0.532863,0.040574,0.014681,-0.001895,-0.778853,-0.627031,-0.780968,0.489710,0.943617
641,5.341667,0.016753,0.013369,0.853978,0.519867,-0.924311,0.442064,0.039027,-0.057609,-0.052952,0.646366,0.759004,-0.590401,0.532868,0.040575,0.014665,-0.001878,-0.778860,-0.627023,-0.780933,0.489805,0.943616
642,5.350000,0.016802,0.013466,0.853984,0.519854,-0.924303,0.442070,0.039028,-0.057726,-0.053059,0.646316,0.759031,-0.590414,0.532873,0.040574,0.014551,-0.001922,-0.778898,-0.626978,-0.780911,0.489896,0.943594
643,5.358333,0.016799,0.013512,0.853998,0.519830,-0.924300,0.442074,0.039028,-0.057860,-0.053180,0.646297,0.759029,-0.590423,0.532876,0.040571,0.014540,-0.001995,-0.778921,-0.626951,-0.780868,0.490001,0.943553
644,5.366667,0.016823,0.013603,0.853996,0.519830,-0.924297,0.442081,0.039027,-0.057920,-0.053211,0.646292,0.759026,-0.590433,0.532881,0.040570,0.014513,-0.002000,-0.778934,-0.626934,-0.780822,0.490091,0.943556
645,5.375000,0.016798,0.013600,0.854004,0.519818,-0.924294,0.442082,0.039029,-0.057989,-0.053315,0.646293,0.759012,-0.590447,0.532883,0.040572,0.014503,-0.002003,-0.778954,-0.626911,-0.780781,0.490176,0.943553
646,5.383333,0.016833,0.013639,0.854009,0.519807,-0.924289,0.442083,0.039032,-0.058128,-0.053368,0.646257,0.759029,-0.590458,0.532884,0.040569,0.014174,-0.001978,-0.778968,-0.626901,-0.780785,0.490315,0.943587
647,5.391667,0.016881,0.013692,0.854015,0.519795,-0.924286,0.442086,0.039023,-0.058239,-0.053510,0.646234,0.759030,-0.590469,0.532889,0.040567,0.014119,-0.001844,-0.778915,-0.626967,-0.780717,0.490438,0.943562
648,5.400000,0.016674,0.013745,0.854090,0.519677,-0.924266,0.442092,0.039033,-0.058354,-0.053597,0.646215,0.759031,-0.590480,0.532891,0.040563,0.014090,-0.001865,-0.778939,-0.626938,-0.780683,0.490533,0.943553
649,5.408333,0.016662,0.013808,0.854110,0.519643,-0.924259,0.442100,0.039037,-0.058450,-0.053726,0.646202,0.759026,-0.590491,0.532899,0.040564,0.013965,-0.001810,-0.778976,-0.626896,-0.780654,0.490631,0.943548
650,5.416667,0.016693,0.013872,0.854110,0.519640,-0.924255,0.442101,0.039029,-0.058513,-0.053759,0.646174,0.759043,-0.590503,0.532896,0.040559,0.013789,-0.001769,-0.778978,-0.626897,-0.780594,0.490741,0.943564
651,5.425000,0.016729,0.013931,0.854105,0.519645,-0.924248,0.442105,0.039026,-0.058615,-0.053842,0.646138,0.759060,-0.590513,0.532896,0.040557,0.013572,-0.001579,-0.779022,-0.626848,-0.780563,0.490819,0.943600
652,5.433333,0.016715,0.014111,0.854116,0.519623,-0.924249,0.442120,0.039012,-0.058724,-0.054031,0.646120,0.759053,-0.590531,0.532903,0.040554,0.013586,-0.001567,-0.779097,-0.626754,-0.780517,0.490907,0.943606
653,5.441667,0.016696,0.014179,0.854118,0.519619,-0.924243,0.442131,0.039004,-0.058903,-0.054171,0.646084,0.759059,-0.590544,0.532903,0.040552,0.013488,-0.001555,-0.779145,-0.626697,-0.780482,0.490997,0.943595
654,5.450000,0.016740,0.014282,0.854137,0.519582,-0.924242,0.442133,0.039006,-0.059017,-0.054284,0.646042,0.759078,-0.590568,0.532907,0.040549,0.013331,-0.001527,-0.779207,-0.626623,-0.780468,0.491073,0.943575
655,5.458333,0.016732,0.014345,0.854144,0.519569,-0.924239,0.442137,0.039002,-0.059208,-0.054519,0.646030,0.759057,-0.590582,0.532905,0.040537,0.013402,-0.001748,-0.779264,-0.626550,-0.780443,0.491160,0.943521
656,5.466667,0.016814,0.014423,0.854136,0.519577,-0.924237,0.442136,0.039001,-0.059701,-0.055027,0.645946,0.759054,-0.590636,0.532910,0.040516,0.013254,-0.001537,-0.779317,-0.626487,-0.780401,0.491203,0.943551
657,5.475000,0.016822,0.014460,0.854142,0.519566,-0.924236,0.442139,0.039000,-0.059898,-0.055264,0.645889,0.759069,-0.590664,0.532912,0.040510,0.013440,-0.001750,-0.779369,-0.626419,-0.780334,0.491270,0.943492
658,5.483333,0.016780,0.014489,0.854152,0.519551,-0.924234,0.442136,0.039003,-0.060076,-0.055479,0.645857,0.759066,-0.590678,0.532915,0.040497,0.013273,-0.001769,-0.779445,-0.626328,-0.780317,0.491331,0.943472
659,5.491667,0.016779,0.014528,0.854154,0.519546,-0.924233,0.442138,0.038995,-0.060330,-0.055678,0.645836,0.759049,-0.590704,0.532918,0.040506,0.013251,-0.001803,-0.779509,-0.626248,-0.780281,0.491383,0.943464
660,5.500000,0.016831,0.014552,0.854163,0.519530,-0.924227,0.442139,0.038993,-0.060521,-0.055846,0.645831,0.759026,-0.590723,0.532920,0.040501,0.013420,-0.001917,-0.779633,-0.626089,-0.780176,0.491390,0.943468
661,5.508333,0.016839,0.014624,0.854156,0.519538,-0.924228,0.442141,0.038994,-0.060736,-0.056051,0.645780,0.759037,-0.590744,0.532922,0.040493,0.013329,-0.002015,-0.779711,-0.625994,-0.780166,0.491440,0.943461
662,5.516667,0.016847,0.014658,0.854157,0.519535,-0.924225,0.442142,0.038992,-0.060902,-0.056217,0.645741,0.759045,-0.590762,0.532930,0.040487,0.013420,-0.002020,-0.779764,-0.625927,-0.780102,0.491473,0.943448
663,5.525000,0.016872,0.014726,0.854150,0.519544,-0.924227,0.442142,0.038990,-0.061059,-0.056381,0.645709,0.759047,-0.590790,0.532930,0.040483,0.013297,-0.002056,-0.779850,-0.625822,-0.780085,0.491520,0.943441
664,5.533333,0.016898,0.014700,0.854173,0.519506,-0.924224,0.442144,0.038992,-0.061251,-0.056613,0.645705,0.759018,-0.590811,0.532936,0.040474,0.013242,-0.002055,-0.779916,-0.625741,-0.780039,0.491564,0.943434
665,5.541667,0.016899,0.014765,0.854163,0.519522,-0.924222,0.442144,0.038995,-0.061422,-0.056779,0.645661,0.759030,-0.590833,0.532941,0.040474,0.013176,-0.002029,-0.779995,-0.625644,-0.780009,0.491610,0.943417
666,5.550000,0.016917,0.014760,0.854157,0.519531,-0.924222,0.442146,0.038991,-0.061645,-0.057003,0.645610,0.759038,-0.590856,0.532944,0.040465,0.013257,-0.002007,-0.780044,-0.625580,-0.779940,0.491643,0.943405
667,5.558333,0.016905,0.014745,0.854162,0.519523,-0.924222,0.442144,0.038997,-0.061876,-0.057262,0.645586,0.759019,-0.590876,0.532954,0.040452,0.012950,-0.001829,-0.780036,-0.625598,-0.779794,0.491755,0.943392
668,5.566667,0.016978,0.014811,0.854161,0.519520,-0.924226,0.442142,0.038991,-0.062108,-0.057460,0.645534,0.759030,-0.590904,0.532957,0.040447,0.012947,-0.001844,-0.780055,-0.625574,-0.779752,0.491804,0.943412
669,5.575000,0.016993,0.014763,0.854169,0.519508,-0.924222,0.442143,0.038991,-0.062369,-0.057722,0.645498,0.759019,-0.590934,0.532959,0.040441,0.012844,-0.001828,-0.780112,-0.625505,-0.779722,0.491847,0.943394
670,5.583333,0.016993,0.014788,0.854167,0.519511,-0.924221,0.442140,0.038992,-0.062603,-0.057994,0.645500,0.758978,-0.590962,0.532957,0.040439,0.012816,-0.001881,-0.780175,-0.625427,-0.779692,0.491877,0.943384
671,5.591667,0.016960,0.014751,0.854163,0.519519,-0.924223,0.442139,0.038994,-0.062830,-0.058269,0.645469,0.758965,-0.590992,0.532958,0.040427,0.012791,-0.001922,-0.780244,-0.625341,-0.779657,0.491911,0.943392
672,5.600000,0.016968,0.014776,0.854166,0.519514,-0.924226,0.442136,0.038994,-0.063048,-0.058505,0.645458,0.758937,-0.591022,0.532959,0.040422,0.012789,-0.001985,-0.780287,-0.625287,-0.779621,0.491940,0.943384
673,5.608333,0.017025,0.014750,0.854164,0.519516,-0.924227,0.442139,0.038986,-0.063322,-0.058772,0.645409,0.758936,-0.591048,0.532959,0.040414,0.012797,-0.002066,-0.780344,-0.625216,-0.779585,0.491965,0.943372
674,5.616667,0.016954,0.014759,0.854167,0.519512,-0.924224,0.442130,0.038994,-0.063500,-0.059071,0.645378,0.758924,-0.591075,0.532959,0.040407,0.012739,-0.002094,-0.780411,-0.625134,-0.779529,0.491990,0.943364
675,5.625000,0.016963,0.014738,0.854165,0.519517,-0.924224,0.442134,0.038995,-0.063668,-0.059276,0.645375,0.758897,-0.591102,0.532953,0.040399,0.012803,-0.002159,-0.780472,-0.625055,-0.779441,0.492023,0.943327
676,5.633333,0.016989,0.014763,0.854158,0.519526,-0.924227,0.442131,0.038991,-0.063856,-0.059464,0.645372,0.758869,-0.591125,0.532951,0.040393,0.012901,-0.002255,-0.780485,-0.625037,-0.779385,0.492040,0.943327
677,5.641667,0.016986,0.014727,0.854171,0.519507,-0.924223,0.442131,0.038992,-0.064024,-0.059681,0.645376,0.758834,-0.591148,0.532947,0.040390,0.012992,-0.002392,-0.780447,-0.625082,-0.779249,0.492035,0.943313
678,5.650000,0.017015,0.014739,0.854160,0.519522,-0.924227,0.442129,0.038990,-0.064086,-0.059848,0.645378,0.758814,-0.591168,0.532944,0.040380,0.013052,-0.002489,-0.780467,-0.625055,-0.779187,0.492027,0.943309
679,5.658333,0.016993,0.014732,0.854150,0.519541,-0.924235,0.442123,0.038997,-0.064222,-0.059978,0.645363,0.758805,-0.591177,0.532940,0.040380,0.012919,-0.002530,-0.780567,-0.624933,-0.779171,0.492033,0.943293
680,5.666667,0.017043,0.014709,0.854152,0.519535,-0.924235,0.442119,0.038996,-0.064341,-0.060140,0.645357,0.758787,-0.591192,0.532940,0.040373,0.012936,-0.002587,-0.780593,-0.624900,-0.779121,0.492031,0.943287
681,5.675000,0.017057,0.014649,0.854164,0.519517,-0.924232,0.442118,0.038994,-0.064427,-0.060241,0.645355,0.758774,-0.591205,0.532938,0.040372,0.013019,-0.002652,-0.780607,-0.624881,-0.779063,0.492034,0.943280
682,5.683333,0.017099,0.014608,0.854125,0.519581,-0.924239,0.442111,0.038986,-0.064550,-0.060393,0.645330,0.758772,-0.591221,0.532936,0.040369,0.013017,-0.002759,-0.780695,-0.624770,-0.779022,0.492012,0.943278
683,5.691667,0.017058,0.014583,0.854161,0.519524,-0.924234,0.442108,0.038994,-0.064601,-0.060495,0.645333,0.758757,-0.591233,0.532933,0.040367,0.013096,-0.002817,-0.780714,-0.624745,-0.778927,0.492014,0.943264
684,5.700000,0.017130,0.014506,0.854131,0.519573,-0.924245,0.442106,0.038983,-0.064712,-0.060582,0.645315,0.758756,-0.591245,0.532933,0.040363,0.013043,-0.002706,-0.780725,-0.624733,-0.778888,0.492047,0.943259
685,5.708333,0.017168,0.014490,0.854129,0.519576,-0.924246,0.442100,0.038991,-0.064475,-0.060378,0.645340,0.758771,-0.591231,0.532932,0.040380,0.013109,-0.002760,-0.780759,-0.624688,-0.778831,0.492052,0.943255
686,5.716667,0.017276,0.014534,0.854118,0.519588,-0.924254,0.442094,0.038986,-0.064547,-0.060413,0.645340,0.758762,-0.591231,0.532933,0.040377,0.012910,-0.002481,-0.780776,-0.624672,-0.778754,0.492094,0.943252
687,5.725000,0.017339,0.014494,0.854114,0.519594,-0.924251,0.442091,0.038982,-0.064620,-0.060526,0.645346,0.758742,-0.591247,0.532926,0.040373,0.012943,-0.002525,-0.780831,-0.624603,-0.778709,0.492102,0.943253
688,5.733333,0.017355,0.014487,0.854112,0.519597,-0.924252,0.442086,0.038983,-0.064687,-0.060615,0.645342,0.758733,-0.591259,0.532929,0.040373,0.012945,-0.002509,-0.780873,-0.624551,-0.778660,0.492122,0.943256
689,5.741667,0.017380,0.014517,0.854113,0.519594,-0.924256,0.442078,0.038985,-0.064761,-0.060690,0.645341,0.758721,-0.591266,0.532927,0.040368,0.012872,-0.002506,-0.780927,-0.624485,-0.778619,0.492135,0.943245
690,5.750000,0.017489,0.014443,0.854087,0.519635,-0.924239,0.442057,0.038982,-0.064737,-0.060686,0.645333,0.758731,-0.591276,0.532924,0.040370,0.012941,-0.002609,-0.780961,-0.624440,-0.778542,0.492126,0.943244
691,5.758333,0.017568,0.014456,0.854094,0.519622,-0.924239,0.442058,0.038986,-0.064791,-0.060751,0.645316,0.758735,-0.591276,0.532930,0.040366,0.012804,-0.002558,-0.781056,-0.624325,-0.778525,0.492151,0.943241
692,5.766667,0.017450,0.014491,0.854130,0.519565,-0.924230,0.442049,0.038999,-0.064842,-0.060785,0.645323,0.758722,-0.591282,0.532931,0.040367,0.012813,-0.002569,-0.781097,-0.624273,-0.778470,0.492179,0.943222
693,5.775000,0.017562,0.014438,0.854103,0.519606,-0.924240,0.442057,0.038987,-0.064895,-0.060859,0.645299,0.758732,-0.591288,0.532934,0.040364,0.012875,-0.002618,-0.781114,-0.624250,-0.778394,0.492188,0.943210
694,5.783333,0.017334,0.014533,0.854168,0.519505,-0.924241,0.442072,0.039000,-0.064969,-0.060952,0.645276,0.758737,-0.591296,0.532936,0.040365,0.012836,-0.002602,-0.781290,-0.624030,-0.778292,0.492165,0.943175
695,5.791667,0.017574,0.014507,0.854122,0.519574,-0.924235,0.442062,0.038984,-0.065075,-0.061021,0.645276,0.758723,-0.591306,0.532933,0.040361,0.012773,-0.002616,-0.781354,-0.623952,-0.778247,0.492181,0.943159
696,5.800000,0.017485,0.014565,0.854162,0.519508,-0.924218,0.442054,0.038994,-0.065125,-0.061098,0.645261,0.758726,-0.591315,0.532938,0.040362,0.012837,-0.002600,-0.781372,-0.623928,-0.778193,0.492182,0.943160
697,5.808333,0.017499,0.014495,0.854147,0.519534,-0.924244,0.442075,0.038996,-0.065234,-0.061177,0.645229,0.758737,-0.591325,0.532942,0.040364,0.012623,-0.002536,-0.781501,-0.623772,-0.778167,0.492212,0.943127
698,5.816667,0.017480,0.014535,0.854152,0.519526,-0.924237,0.442079,0.038995,-0.065332,-0.061285,0.645214,0.758733,-0.591341,0.532947,0.040362,0.012768,-0.002601,-0.781489,-0.623783,-0.778096,0.492220,0.943128
699,5.825000,0.017608,0.014554,0.854124,0.519567,-0.924222,0.442063,0.038988,-0.065407,-0.061353,0.645212,0.758722,-0.591353,0.532951,0.040360,0.012707,-0.002578,-0.781514,-0.623753,-0.778040,0.492236,0.943117
700,5.833333,0.017494,0.014592,0.854152,0.519524,-0.924239,0.442080,0.038995,-0.065535,-0.061495,0.645180,0.758727,-0.591364,0.532952,0.040356,0.012622,-0.002552,-0.781595,-0.623653,-0.777978,0.492266,0.943099
701,5.841667,0.017467,0.014594,0.854165,0.519503,-0.924237,0.442084,0.039002,-0.065651,-0.061534,0.645152,0.758737,-0.591377,0.532960,0.040362,0.012674,-0.002662,-0.781612,-0.623630,-0.777905,0.492260,0.943120
702,5.850000,0.017414,0.014596,0.854176,0.519488,-0.924230,0.442084,0.039004,-0.065762,-0.061641,0.645125,0.758742,-0.591390,0.532962,0.040358,0.012619,-0.002662,-0.781645,-0.623590,-0.777867,0.492277,0.943113
703,5.858333,0.017496,0.014624,0.854168,0.519497,-0.924238,0.442085,0.038996,-0.065887,-0.061718,0.645095,0.758751,-0.591403,0.532970,0.040363,0.012557,-0.002666,-0.781675,-0.623554,-0.777819,0.492302,0.943108
704,5.866667,0.017558,0.014640,0.854165,0.519500,-0.924237,0.442087,0.038997,-0.065995,-0.061812,0.645082,0.758744,-0.591413,0.532975,0.040357,0.012272,-0.002570,-0.781667,-0.623570,-0.777792,0.492365,0.943111
705,5.875000,0.017415,0.014605,0.854202,0.519444,-0.924229,0.442091,0.038997,-0.066133,-0.061936,0.645071,0.758732,-0.591430,0.532975,0.040356,0.012351,-0.002562,-0.781781,-0.623426,-0.777696,0.492359,0.943090
706,5.883333,0.017318,0.014718,0.854237,0.519387,-0.924219,0.442087,0.039008,-0.066215,-0.061983,0.645041,0.758746,-0.591448,0.532984,0.040360,0.012321,-0.002551,-0.781796,-0.623408,-0.777637,0.492389,0.943081
707,5.891667,0.017415,0.014632,0.854216,0.519421,-0.924227,0.442093,0.038997,-0.066361,-0.062130,0.645004,0.758753,-0.591459,0.532988,0.040356,0.012042,-0.002413,-0.781791,-0.623420,-0.777605,0.492450,0.943091
708,5.900000,0.017426,0.014658,0.854212,0.519426,-0.924222,0.442097,0.038998,-0.066480,-0.062192,0.644988,0.758751,-0.591471,0.532993,0.040357,0.012323,-0.002518,-0.781846,-0.623344,-0.777516,0.492432,0.943076
709,5.908333,0.017238,0.014744,0.854241,0.519382,-0.924215,0.442101,0.039009,-0.066520,-0.062230,0.644969,0.758761,-0.591483,0.532996,0.040348,0.012011,-0.002354,-0.781833,-0.623367,-0.777480,0.492493,0.943082
710,5.916667,0.017286,0.014830,0.854252,0.519360,-0.924212,0.442104,0.039012,-0.066596,-0.062292,0.644947,0.758768,-0.591494,0.533002,0.040353,0.011971,-0.002334,-0.781854,-0.623342,-0.777422,0.492520,0.943082
711,5.925000,0.017249,0.014777,0.854266,0.519341,-0.924211,0.442106,0.039009,-0.066741,-0.062418,0.644925,0.758763,-0.591504,0.533005,0.040357,0.011920,-0.002266,-0.781876,-0.623316,-0.777365,0.492541,0.943077
712,5.933333,0.017239,0.014838,0.854257,0.519353,-0.924210,0.442109,0.039011,-0.066862,-0.062510,0.644899,0.758767,-0.591516,0.533007,0.040357,0.011898,-0.002232,-0.781870,-0.623324,-0.777313,0.492559,0.943078
713,5.941667,0.017280,0.014912,0.854255,0.519353,-0.924206,0.442110,0.039011,-0.066920,-0.062545,0.644893,0.758764,-0.591525,0.533012,0.040353,0.012031,-0.002326,-0.781800,-0.623408,-0.777175,0.492585,0.943061
714,5.950000,0.017265,0.014888,0.854266,0.519335,-0.924202,0.442114,0.039011,-0.066991,-0.062566,0.644881,0.758766,-0.591534,0.533022,0.040355,0.012044,-0.002243,-0.781715,-0.623515,-0.777049,0.492608,0.943068
715,5.958333,0.017090,0.014966,0.854107,0.519601,-0.924240,0.442074,0.039072,-0.067103,-0.062668,0.644862,0.758764,-0.591547,0.533028,0.040355,0.011985,-0.002248,-0.781707,-0.623527,-0.776998,0.492606,0.943059
716,5.966667,0.017134,0.015045,0.854134,0.519553,-0.924240,0.442082,0.039068,-0.067190,-0.062742,0.644837,0.758771,-0.591560,0.533029,0.040347,0.011772,-0.002195,-0.781664,-0.623584,-0.776947,0.492624,0.943071
717,5.975000,0.016964,0.015104,0.854072,0.519658,-0.924257,0.442068,0.039089,-0.067256,-0.062784,0.644837,0.758762,-0.591569,0.533032,0.040349,0.011831,-0.002281,-0.781595,-0.623670,-0.776816,0.492618,0.943052
718,5.983333,0.016646,0.015311,0.854023,0.519744,-0.924269,0.442062,0.039123,-0.067327,-0.062824,0.644817,0.758769,-0.591573,0.533038,0.040350,0.011834,-0.002332,-0.781567,-0.623705,-0.776755,0.492610,0.943058
719,5.991667,0.016608,0.015434,0.853987,0.519801,-0.924279,0.442064,0.039131,-0.067379,-0.062867,0.644808,0.758769,-0.591581,0.533034,0.040354,0.011813,-0.002421,-0.781609,-0.623653,-0.776713,0.492575,0.943069
720,6.000000,0.016642,0.015466,0.853989,0.519795,-0.924280,0.442067,0.039134,-0.067459,-0.062892,0.644805,0.758763,-0.591590,0.533037,0.040354,0.011968,-0.002439,-0.781612,-0.623645,-0.776616,0.492542,0.943043
721,6.008333,0.016641,0.015376,0.854004,0.519773,-0.924270,0.442065,0.039134,-0.067525,-0.062944,0.644767,0.758784,-0.591597,0.533044,0.040352,0.011960,-0.002429,-0.781561,-0.623709,-0.776545,0.492558,0.943041
722,6.016667,0.016684,0.015383,0.854001,0.519777,-0.924265,0.442068,0.039129,-0.067556,-0.062998,0.644759,0.758784,-0.591603,0.533047,0.040348,0.011916,-0.002534,-0.781605,-0.623655,-0.776485,0.492508,0.943073
723,6.025000,0.017184,0.015078,0.854149,0.519526,-0.924224,0.442096,0.039067,-0.067637,-0.063041,0.644743,0.758787,-0.591605,0.533051,0.040347,0.011962,-0.002406,-0.781556,-0.623715,-0.776428,0.492529,0.943051
724,6.033333,0.017155,0.015041,0.854133,0.519554,-0.924219,0.442088,0.039072,-0.067674,-0.063039,0.644757,0.758772,-0.591614,0.533054,0.040345,0.011805,-0.002165,-0.781568,-0.623705,-0.776384,0.492519,0.943090
725,6.041667,0.017354,0.015017,0.854200,0.519438,-0.924201,0.442108,0.039052,-0.067721,-0.063116,0.644744,0.758772,-0.591618,0.533053,0.040344,0.011600,-0.002151,-0.781620,-0.623643,-0.776328,0.492527,0.943071
726,6.050000,0.017172,0.015108,0.854113,0.519585,-0.924223,0.442083,0.039077,-0.067749,-0.063165,0.644762,0.758750,-0.591619,0.533057,0.040347,0.011562,-0.002127,-0.781640,-0.623619,-0.776278,0.492528,0.943073
727,6.058333,0.017309,0.015044,0.854167,0.519492,-0.924206,0.442097,0.039060,-0.067766,-0.063150,0.644770,0.758743,-0.591624,0.533059,0.040349,0.011529,-0.002106,-0.781656,-0.623600,-0.776231,0.492536,0.943071
728,6.066667,0.017172,0.015095,0.854094,0.519616,-0.924222,0.442080,0.039083,-0.067830,-0.063246,0.644792,0.758711,-0.591624,0.533061,0.040346,0.011492,-0.002040,-0.781662,-0.623594,-0.776176,0.492545,0.943080
729,6.075000,0.017306,0.014985,0.854160,0.519507,-0.924209,0.442093,0.039063,-0.067782,-0.063229,0.644805,0.758706,-0.591623,0.533060,0.040350,0.011470,-0.002012,-0.781673,-0.623580,-0.776127,0.492551,0.943084
730,6.083333,0.017463,0.015107,0.854254,0.519343,-0.924185,0.442123,0.039024,-0.067804,-0.063225,0.644800,0.758708,-0.591621,0.533062,0.040349,0.011317,-0.002026,-0.781677,-0.623578,-0.776039,0.492582,0.943075
731,6.091667,0.017448,0.015121,0.854266,0.519324,-0.924176,0.442126,0.039013,-0.067808,-0.063266,0.644838,0.758672,-0.591624,0.533067,0.040351,0.011043,-0.002071,-0.781663,-0.623599,-0.775993,0.492592,0.943132
732,6.100000,0.017496,0.015157,0.854243,0.519359,-0.924174,0.442122,0.039018,-0.067827,-0.063275,0.644843,0.758665,-0.591628,0.533059,0.040353,0.010968,-0.002114,-0.781743,-0.623501,-0.775910,0.492579,0.943140
733,6.108333,0.017540,0.015211,0.854247,0.519349,-0.924176,0.442120,0.039022,-0.067863,-0.063315,0.644831,0.758670,-0.591628,0.533061,0.040354,0.010911,-0.002071,-0.781737,-0.623510,-0.775857,0.492580,0.943140
734,6.116667,0.017573,0.015201,0.854238,0.519363,-0.924175,0.442115,0.039027,-0.067837,-0.063277,0.644844,0.758663,-0.591628,0.533059,0.040349,0.010873,-0.002060,-0.781734,-0.623514,-0.775815,0.492567,0.943140
735,6.125000,0.017553,0.015185,0.854241,0.519359,-0.924175,0.442120,0.039032,-0.067867,-0.063360,0.644857,0.758643,-0.591631,0.533063,0.040355,0.010864,-0.002060,-0.781717,-0.623535,-0.775760,0.492548,0.943149
736,6.133333,0.017590,0.015252,0.854228,0.519377,-0.924177,0.442118,0.039029,-0.067897,-0.063375,0.644869,0.758629,-0.591634,0.533064,0.040353,0.010819,-0.002062,-0.781718,-0.623535,-0.775713,0.492536,0.943142
737,6.141667,0.017599,0.015198,0.854224,0.519384,-0.924176,0.442112,0.039023,-0.067938,-0.063396,0.644903,0.758595,-0.591633,0.533060,0.040344,0.010832,-0.002050,-0.781697,-0.623561,-0.775654,0.492518,0.943142
738,6.150000,0.018131,0.015363,0.854149,0.519484,-0.924213,0.442124,0.039001,-0.067878,-0.063410,0.644901,0.758600,-0.591637,0.533058,0.040344,0.010815,-0.002092,-0.781696,-0.623563,-0.775604,0.492498,0.943140
739,6.158333,0.017663,0.015318,0.854209,0.519403,-0.924182,0.442115,0.039027,-0.067873,-0.063422,0.644926,0.758579,-0.591632,0.533056,0.040345,0.010779,-0.002078,-0.781707,-0.623550,-0.775538,0.492478,0.943133
740,6.166667,0.017651,0.015284,0.854223,0.519383,-0.924175,0.442116,0.039024,-0.067850,-0.063423,0.644927,0.758580,-0.591631,0.533053,0.040340,0.011041,-0.002138,-0.781766,-0.623470,-0.775440,0.492394,0.943108
741,6.175000,0.017630,0.015220,0.854225,0.519382,-0.924172,0.442114,0.039030,-0.067827,-0.063466,0.644955,0.758555,-0.591633,0.533047,0.040338,0.011021,-0.002132,-0.781737,-0.623507,-0.775413,0.492359,0.943099
742,6.183333,0.017899,0.015258,0.854157,0.519482,-0.924192,0.442112,0.039016,-0.067812,-0.063438,0.644977,0.758539,-0.591631,0.533047,0.040336,0.011091,-0.002209,-0.781777,-0.623456,-0.775300,0.492315,0.943095
743,6.191667,0.017824,0.015167,0.854170,0.519468,-0.924185,0.442111,0.039016,-0.067792,-0.063445,0.644973,0.758544,-0.591631,0.533045,0.040333,0.011109,-0.002226,-0.781771,-0.623463,-0.775243,0.492278,0.943084
744,6.200000,0.017864,0.015148,0.854173,0.519462,-0.924186,0.442110,0.039014,-0.067734,-0.063456,0.644993,0.758531,-0.591633,0.533041,0.040331,0.011101,-0.002246,-0.781760,-0.623476,-0.775192,0.492242,0.943070
745,6.208333,0.017699,0.015263,0.854206,0.519409,-0.924176,0.442111,0.039027,-0.067714,-0.063445,0.644996,0.758532,-0.591633,0.533040,0.040322,0.011127,-0.002247,-0.781754,-0.623484,-0.775138,0.492203,0.943061
746,6.216667,0.018146,0.015320,0.854123,0.519529,-0.924215,0.442114,0.039003,-0.067686,-0.063481,0.645020,0.758511,-0.591633,0.533039,0.040323,0.011113,-0.002261,-0.781746,-0.623494,-0.775086,0.492176,0.943052
747,6.225000,0.017713,0.015208,0.854198,0.519423,-0.924179,0.442107,0.039032,-0.067670,-0.063453,0.645008,0.758524,-0.591630,0.533027,0.040326,0.011145,-0.002318,-0.781734,-0.623508,-0.775042,0.492136,0.943052
748,6.233333,0.017701,0.015191,0.854213,0.519401,-0.924176,0.442105,0.039028,-0.067640,-0.063484,0.645040,0.758498,-0.591626,0.533030,0.040318,0.011246,-0.002428,-0.781776,-0.623454,-0.774979,0.492084,0.943075
749,6.241667,0.017936,0.015143,0.854157,0.519484,-0.924191,0.442109,0.039014,-0.067600,-0.063462,0.645046,0.758497,-0.591628,0.533030,0.040314,0.011174,-0.002207,-0.781733,-0.623510,-0.774906,0.492071,0.943087
750,6.250000,0.017720,0.015188,0.854207,0.519410,-0.924179,0.442104,0.039034,-0.067567,-0.063478,0.645077,0.758473,-0.591627,0.533022,0.040314,0.011206,-0.002511,-0.781799,-0.623425,-0.774894,0.492029,0.943074
751,6.258333,0.017848,0.015220,0.854181,0.519446,-0.924188,0.442101,0.039022,-0.067537,-0.063467,0.645100,0.758457,-0.591627,0.533016,0.040309,0.011093,-0.002234,-0.781757,-0.623480,-0.774822,0.492022,0.943079
752,6.266667,0.017777,0.015168,0.854206,0.519409,-0.924181,0.442098,0.039029,-0.067501,-0.063514,0.645111,0.758447,-0.591628,0.533011,0.040308,0.011074,-0.002264,-0.781765,-0.623471,-0.774790,0.492000,0.943073
753,6.275000,0.017865,0.015213,0.854190,0.519432,-0.924185,0.442099,0.039026,-0.067450,-0.063542,0.645122,0.758439,-0.591626,0.533012,0.040303,0.010972,-0.002489,-0.781862,-0.623351,-0.774809,0.491950,0.943072
754,6.283333,0.018023,0.015121,0.854146,0.519501,-0.924198,0.442100,0.039015,-0.067435,-0.063532,0.645134,0.758432,-0.591628,0.533007,0.040308,0.010988,-0.002285,-0.781808,-0.623418,-0.774717,0.491957,0.943055
755,6.291667,0.018217,0.015219,0.854110,0.519551,-0.924219,0.442104,0.039011,-0.067424,-0.063527,0.645154,0.758416,-0.591621,0.533004,0.040307,0.010798,-0.002460,-0.781903,-0.623302,-0.774740,0.491889,0.943038
756,6.300000,0.018067,0.015383,0.854140,0.519502,-0.924214,0.442099,0.039031,-0.067399,-0.063562,0.645169,0.758403,-0.591623,0.532999,0.040302,0.010733,-0.002178,-0.781839,-0.623384,-0.774662,0.491862,0.943061
757,6.308333,0.018091,0.015354,0.854144,0.519495,-0.924213,0.442098,0.039023,-0.067385,-0.063563,0.645177,0.758397,-0.591621,0.532989,0.040304,0.010660,-0.002114,-0.781861,-0.623357,-0.774625,0.491839,0.943043
758,6.316667,0.017779,0.015124,0.854184,0.519447,-0.924190,0.442093,0.039037,-0.067321,-0.063485,0.645203,0.758387,-0.591618,0.532988,0.040303,0.010673,-0.002496,-0.782020,-0.623157,-0.774638,0.491800,0.943016
759,6.325000,0.017877,0.015035,0.854147,0.519507,-0.924197,0.442089,0.039028,-0.067289,-0.063479,0.645217,0.758379,-0.591622,0.532981,0.040300,0.010673,-0.002544,-0.782047,-0.623123,-0.774611,0.491773,0.943007
760,6.333333,0.017890,0.015058,0.854162,0.519482,-0.924170,0.442068,0.039029,-0.067268,-0.063512,0.645216,0.758379,-0.591614,0.532978,0.040299,0.010798,-0.002428,-0.781981,-0.623205,-0.774524,0.491729,0.943030
761,6.341667,0.017919,0.015144,0.854182,0.519445,-0.924193,0.442083,0.039031,-0.067224,-0.063512,0.645234,0.758367,-0.591614,0.532978,0.040296,0.010796,-0.002438,-0.782003,-0.623176,-0.774496,0.491704,0.943021
762,6.350000,0.018043,0.015090,0.854150,0.519494,-0.924176,0.442068,0.039023,-0.067244,-0.063523,0.645238,0.758360,-0.591615,0.532974,0.040295,0.010548,-0.002454,-0.782064,-0.623104,-0.774477,0.491675,0.943045
763,6.358333,0.017902,0.015102,0.854178,0.519453,-0.924188,0.442078,0.039036,-0.067185,-0.063495,0.645240,0.758367,-0.591613,0.532976,0.040297,0.010542,-0.002497,-0.782133,-0.623017,-0.774422,0.491621,0.943056
764,6.366667,0.017940,0.015118,0.854177,0.519453,-0.924195,0.442082,0.039036,-0.067189,-0.063561,0.645262,0.758342,-0.591608,0.532975,0.040293,0.010500,-0.002513,-0.782142,-0.623007,-0.774389,0.491601,0.943046
765,6.375000,0.018078,0.015212,0.854155,0.519481,-0.924216,0.442085,0.039036,-0.067146,-0.063483,0.645260,0.758354,-0.591604,0.532978,0.040290,0.010487,-0.002549,-0.782157,-0.622988,-0.774361,0.491580,0.943044
766,6.383333,0.018290,0.015193,0.854134,0.519509,-0.924198,0.442070,0.039012,-0.067100,-0.063454,0.645269,0.758353,-0.591601,0.532972,0.040287,0.010502,-0.002580,-0.782186,-0.622951,-0.774334,0.491565,0.943048
767,6.391667,0.018319,0.015157,0.854130,0.519516,-0.924198,0.442068,0.039013,-0.067143,-0.063493,0.645275,0.758341,-0.591598,0.532969,0.040291,0.010475,-0.002536,-0.782193,-0.622943,-0.774310,0.491560,0.943047
768,6.400000,0.018322,0.015165,0.854133,0.519510,-0.924197,0.442068,0.039009,-0.067099,-0.063462,0.645281,0.758343,-0.591595,0.532969,0.040296,0.010467,-0.002560,-0.782207,-0.622925,-0.774289,0.491540,0.943048
769,6.408333,0.018283,0.015130,0.854139,0.519502,-0.924197,0.442064,0.039015,-0.067041,-0.063410,0.645277,0.758355,-0.591592,0.532964,0.040294,0.010429,-0.002459,-0.782150,-0.622998,-0.774204,0.491545,0.943043
770,6.416667,0.018332,0.015148,0.854136,0.519505,-0.924203,0.442060,0.039013,-0.067005,-0.063383,0.645279,0.758359,-0.591592,0.532966,0.040290,0.010354,-0.002349,-0.782163,-0.622983,-0.774186,0.491543,0.943021
771,6.425000,0.018127,0.015226,0.854149,0.519489,-0.924216,0.442076,0.039034,-0.067053,-0.063469,0.645282,0.758344,-0.591598,0.532961,0.040294,0.010406,-0.002470,-0.782175,-0.622967,-0.774164,0.491534,0.943048
772,6.433333,0.018290,0.015122,0.854139,0.519504,-0.924201,0.442065,0.039014,-0.067042,-0.063459,0.645283,0.758346,-0.591599,0.532962,0.040295,0.010427,-0.002494,-0.782187,-0.622951,-0.774149,0.491524,0.943053
773,6.441667,0.018290,0.015112,0.854133,0.519514,-0.924194,0.442063,0.039011,-0.067102,-0.063467,0.645272,0.758349,-0.591605,0.532964,0.040287,0.010335,-0.002329,-0.782185,-0.622956,-0.774126,0.491527,0.943031
774,6.450000,0.018102,0.015135,0.854169,0.519460,-0.924214,0.442078,0.039033,-0.067094,-0.063462,0.645255,0.758364,-0.591600,0.532962,0.040287,0.010391,-0.002378,-0.782176,-0.622966,-0.774102,0.491530,0.943046
775,6.458333,0.018278,0.015090,0.854144,0.519497,-0.924198,0.442067,0.039016,-0.067078,-0.063477,0.645275,0.758348,-0.591605,0.532965,0.040292,0.010373,-0.002259,-0.782181,-0.622961,-0.774083,0.491526,0.943042
776,6.466667,0.018277,0.015078,0.854140,0.519502,-0.924195,0.442066,0.039017,-0.067101,-0.063505,0.645259,0.758357,-0.591603,0.532965,0.040291,0.010547,-0.002374,-0.782126,-0.623027,-0.774031,0.491536,0.943012
777,6.475000,0.018138,0.015289,0.854155,0.519477,-0.924213,0.442078,0.039029,-0.067090,-0.063524,0.645267,0.758349,-0.591604,0.532964,0.040293,0.010473,-0.002373,-0.782221,-0.622908,-0.773991,0.491546,0.943000
778,6.483333,0.018142,0.015276,0.854170,0.519453,-0.924211,0.442081,0.039029,-0.067076,-0.063486,0.645277,0.758345,-0.591604,0.532965,0.040286,0.010570,-0.002302,-0.782108,-0.623049,-0.773986,0.491548,0.943013
779,6.491667,0.018152,0.015291,0.854163,0.519464,-0.924210,0.442080,0.039026,-0.067116,-0.063530,0.645264,0.758349,-0.591599,0.532964,0.040288,0.010649,-0.002326,-0.782112,-0.623042,-0.773951,0.491526,0.943031
780,6.500000,0.018309,0.015204,0.854145,0.519489,-0.924194,0.442066,0.039011,-0.067165,-0.063544,0.645247,0.758358,-0.591606,0.532965,0.040292,0.010523,-0.002251,-0.782178,-0.622962,-0.773917,0.491553,0.943014
781,6.508333,0.018128,0.015246,0.854180,0.519439,-0.924205,0.442085,0.039029,-0.067130,-0.063577,0.645255,0.758352,-0.591603,0.532960,0.040292,0.010617,-0.002323,-0.782092,-0.623068,-0.773895,0.491532,0.943065
782,6.516667,0.018134,0.015316,0.854176,0.519442,-0.924211,0.442085,0.039027,-0.067144,-0.063563,0.645267,0.758341,-0.591606,0.532963,0.040292,0.010584,-0.002369,-0.782156,-0.622989,-0.773846,0.491534,0.943069
783,6.525000,0.018091,0.015316,0.854181,0.519435,-0.924211,0.442087,0.039026,-0.067144,-0.063541,0.645265,0.758345,-0.591607,0.532964,0.040298,0.010628,-0.002284,-0.782087,-0.623074,-0.773855,0.491544,0.943066
784,6.533333,0.018128,0.015343,0.854179,0.519437,-0.924216,0.442092,0.039034,-0.067198,-0.063612,0.645255,0.758343,-0.591612,0.532965,0.040296,0.010661,-0.002263,-0.782118,-0.623035,-0.773777,0.491569,0.943030
785,6.541667,0.017838,0.015191,0.854223,0.519379,-0.924184,0.442087,0.039036,-0.067176,-0.063600,0.645248,0.758352,-0.591609,0.532969,0.040295,0.010654,-0.002222,-0.782099,-0.623059,-0.773741,0.491595,0.943021
786,6.550000,0.017803,0.015183,0.854244,0.519346,-0.924179,0.442092,0.039039,-0.067211,-0.063575,0.645240,0.758358,-0.591611,0.532968,0.040292,0.010649,-0.002168,-0.782086,-0.623075,-0.773718,0.491603,0.943038
787,6.558333,0.017930,0.015236,0.854216,0.519386,-0.924184,0.442094,0.039024,-0.067210,-0.063583,0.645231,0.758365,-0.591612,0.532972,0.040291,0.010569,-0.002165,-0.782102,-0.623057,-0.773691,0.491599,0.943055
788,6.566667,0.017821,0.015228,0.854237,0.519355,-0.924174,0.442097,0.039036,-0.067194,-0.063577,0.645230,0.758368,-0.591606,0.532974,0.040293,0.010530,-0.002127,-0.782133,-0.623019,-0.773681,0.491625,0.943060
789,6.575000,0.017831,0.015266,0.854250,0.519333,-0.924175,0.442101,0.039030,-0.067186,-0.063512,0.645229,0.758374,-0.591605,0.532972,0.040292,0.010555,-0.002070,-0.782135,-0.623016,-0.773675,0.491654,0.943047
790,6.583333,0.017842,0.015326,0.854257,0.519319,-0.924173,0.442107,0.039024,-0.067185,-0.063543,0.645248,0.758356,-0.591608,0.532975,0.040288,0.010466,-0.001930,-0.782147,-0.623003,-0.773663,0.491710,0.943034
791,6.591667,0.017839,0.015353,0.854242,0.519343,-0.924170,0.442109,0.039029,-0.067158,-0.063539,0.645247,0.758360,-0.591609,0.532977,0.040292,0.010451,-0.001884,-0.782149,-0.623001,-0.773651,0.491723,0.943047
792,6.600000,0.017934,0.015295,0.854221,0.519375,-0.924177,0.442113,0.039013,-0.067211,-0.063597,0.645236,0.758359,-0.591607,0.532983,0.040285,0.010401,-0.001890,-0.782191,-0.622949,-0.773637,0.491728,0.943081
793,6.608333,0.017841,0.015410,0.854257,0.519316,-0.924162,0.442111,0.039031,-0.067226,-0.063585,0.645251,0.758346,-0.591605,0.532985,0.040288,0.010399,-0.001824,-0.782189,-0.622952,-0.773601,0.491749,0.943088
794,6.616667,0.017791,0.015373,0.854264,0.519308,-0.924162,0.442118,0.039027,-0.067213,-0.063548,0.645249,0.758352,-0.591608,0.532984,0.040292,0.010409,-0.001818,-0.782150,-0.623001,-0.773538,0.491781,0.943166
795,6.625000,0.017603,0.015502,0.854114,0.519557,-0.924200,0.442076,0.039077,-0.067183,-0.063519,0.645232,0.758372,-0.591609,0.532988,0.040295,0.010407,-0.001793,-0.782162,-0.622986,-0.773521,0.491796,0.943180
796,6.633333,0.017685,0.015537,0.854132,0.519523,-0.924199,0.442094,0.039073,-0.067229,-0.063615,0.645257,0.758338,-0.591617,0.532987,0.040292,0.010384,-0.001762,-0.782194,-0.622946,-0.773509,0.491815,0.943185
797,6.641667,0.017852,0.015433,0.854233,0.519355,-0.924172,0.442118,0.039036,-0.067253,-0.063609,0.645263,0.758332,-0.591618,0.532990,0.040295,0.010309,-0.001672,-0.782218,-0.622917,-0.773497,0.491823,0.943193
798,6.650000,0.017864,0.015557,0.854273,0.519285,-0.924163,0.442131,0.039022,-0.067247,-0.063581,0.645244,0.758351,-0.591617,0.532991,0.040291,0.010269,-0.001597,-0.782243,-0.622887,-0.773475,0.491835,0.943198
799,6.658333,0.017643,0.015551,0.854096,0.519583,-0.924194,0.442091,0.039069,-0.067258,-0.063596,0.645237,0.758354,-0.591619,0.532989,0.040286,0.010228,-0.001525,-0.782269,-0.622855,-0.773453,0.491844,0.943197
800,6.666667,0.017699,0.015642,0.854125,0.519532,-0.924192,0.442100,0.039071,-0.067274,-0.063628,0.645234,0.758353,-0.591619,0.532988,0.040289,0.010237,-0.001435,-0.782301,-0.622815,-0.773431,0.491845,0.943205
801,6.675000,0.017941,0.015609,0.854221,0.519365,-0.924169,0.442128,0.039031,-0.067240,-0.063583,0.645223,0.758369,-0.591618,0.532988,0.040285,0.010235,-0.001461,-0.782309,-0.622805,-0.773407,0.491844,0.943223
802,6.683333,0.017873,0.015626,0.854255,0.519313,-0.924153,0.442137,0.039016,-0.067278,-0.063626,0.645229,0.758357,-0.591612,0.532988,0.040289,0.010208,-0.001369,-0.782342,-0.622764,-0.773395,0.491839,0.943220
803,6.691667,0.017870,0.015655,0.854250,0.519319,-0.924150,0.442130,0.039019,-0.067228,-0.063597,0.645229,0.758364,-0.591615,0.532985,0.040282,0.010180,-0.001362,-0.782373,-0.622725,-0.773371,0.491835,0.943225
804,6.700000,0.017676,0.015651,0.854088,0.519592,-0.924182,0.442091,0.039074,-0.067192,-0.063598,0.645247,0.758352,-0.591617,0.532984,0.040283,0.010182,-0.001361,-0.782417,-0.622671,-0.773354,0.491831,0.943239
805,6.708333,0.017326,0.015941,0.854004,0.519734,-0.924216,0.442077,0.039112,-0.067270,-0.063601,0.645262,0.758332,-0.591616,0.532981,0.040279,0.010153,-0.001293,-0.782441,-0.622641,-0.773329,0.491829,0.943229
806,6.716667,0.017274,0.016110,0.853976,0.519776,-0.924228,0.442073,0.039129,-0.067225,-0.063603,0.645250,0.758346,-0.591620,0.532978,0.040281,0.010194,-0.001232,-0.782478,-0.622594,-0.773311,0.491817,0.943238
807,6.725000,0.017252,0.016102,0.853971,0.519785,-0.924231,0.442081,0.039129,-0.067272,-0.063638,0.645252,0.758336,-0.591619,0.532979,0.040281,0.010223,-0.001225,-0.782506,-0.622558,-0.773283,0.491802,0.943248
808,6.733333,0.017718,0.015742,0.854125,0.519528,-0.924186,0.442103,0.039069,-0.067296,-0.063665,0.645249,0.758335,-0.591618,0.532978,0.040278,0.010199,-0.001175,-0.782545,-0.622509,-0.773260,0.491801,0.943245
809,6.741667,0.017983,0.015726,0.854267,0.519286,-0.924150,0.442136,0.039020,-0.067237,-0.063618,0.645263,0.758332,-0.591623,0.532979,0.040281,0.010174,-0.000878,-0.782534,-0.622524,-0.773227,0.491771,0.943311
810,6.750000,0.017799,0.015649,0.854145,0.519494,-0.924169,0.442098,0.039065,-0.067252,-0.063617,0.645261,0.758333,-0.591623,0.532977,0.040275,0.010359,-0.000929,-0.782623,-0.622409,-0.773190,0.491715,0.943307
811,6.758333,0.017463,0.015952,0.854026,0.519692,-0.924202,0.442080,0.039107,-0.067244,-0.063637,0.645263,0.758330,-0.591624,0.532977,0.040279,0.010489,-0.001184,-0.782673,-0.622344,-0.773163,0.491730,0.943252
812,6.766667,0.017312,0.016123,0.853982,0.519765,-0.924216,0.442081,0.039122,-0.067243,-0.063637,0.645260,0.758333,-0.591621,0.532975,0.040273,0.010421,-0.001075,-0.782740,-0.622261,-0.773133,0.491708,0.943237
813,6.775000,0.017316,0.016217,0.853984,0.519758,-0.924224,0.442081,0.039124,-0.067258,-0.063664,0.645260,0.758329,-0.591621,0.532972,0.040276,0.010409,-0.001068,-0.782775,-0.622217,-0.773093,0.491729,0.943203
814,6.783333,0.017742,0.015815,0.854133,0.519511,-0.924183,0.442103,0.039071,-0.067176,-0.063588,0.645266,0.758338,-0.591616,0.532977,0.040273,0.010328,-0.000812,-0.782806,-0.622179,-0.773068,0.491688,0.943259
815,6.791667,0.017814,0.015754,0.854132,0.519512,-0.924182,0.442089,0.039064,-0.067192,-0.063609,0.645261,0.758338,-0.591618,0.532970,0.040274,0.010200,-0.000656,-0.782883,-0.622085,-0.773019,0.491691,0.943238
816,6.800000,0.017580,0.015817,0.854073,0.519615,-0.924186,0.442076,0.039091,-0.067220,-0.063585,0.645277,0.758325,-0.591614,0.532974,0.040273,0.010327,-0.000911,-0.782943,-0.622007,-0.772998,0.491705,0.943179
817,6.808333,0.017417,0.016008,0.854022,0.519699,-0.924204,0.442073,0.039112,-0.067204,-0.063605,0.645279,0.758323,-0.591617,0.532973,0.040271,0.010338,-0.000875,-0.782978,-0.621963,-0.772980,0.491701,0.943186
818,6.816667,0.017813,0.015889,0.854128,0.519515,-0.924178,0.442099,0.039074,-0.067196,-0.063622,0.645282,0.758319,-0.591618,0.532973,0.040271,0.010306,-0.000634,-0.782990,-0.621948,-0.772952,0.491670,0.943254
819,6.825000,0.017771,0.015781,0.854116,0.519540,-0.924177,0.442088,0.039080,-0.067167,-0.063591,0.645276,0.758330,-0.591612,0.532969,0.040275,0.010368,-0.000856,-0.783037,-0.621888,-0.772938,0.491691,0.943184
820,6.833333,0.017550,0.015979,0.854042,0.519662,-0.924194,0.442075,0.039107,-0.067155,-0.063577,0.645293,0.758317,-0.591611,0.532968,0.040274,0.010385,-0.000872,-0.783130,-0.621771,-0.772903,0.491661,0.943190
821,6.841667,0.017422,0.016120,0.854015,0.519707,-0.924204,0.442078,0.039126,-0.067148,-0.063562,0.645305,0.758309,-0.591610,0.532966,0.040275,0.010312,-0.000624,-0.783128,-0.621775,-0.772884,0.491632,0.943255
822,6.850000,0.017389,0.016194,0.854001,0.519729,-0.924210,0.442079,0.039126,-0.067163,-0.063558,0.645305,0.758308,-0.591607,0.532972,0.040271,0.010316,-0.000605,-0.783153,-0.621743,-0.772849,0.491661,0.943222
823,6.858333,0.017438,0.016218,0.854008,0.519714,-0.924211,0.442080,0.039123,-0.067113,-0.063531,0.645296,0.758322,-0.591613,0.532971,0.040275,0.010332,-0.000591,-0.783172,-0.621720,-0.772830,0.491660,0.943230
824,6.866667,0.017447,0.016177,0.854025,0.519687,-0.924206,0.442079,0.039126,-0.067140,-0.063567,0.645289,0.758323,-0.591616,0.532969,0.040276,0.010373,-0.000588,-0.783191,-0.621694,-0.772808,0.491663,0.943239
825,6.875000,0.017450,0.016157,0.854021,0.519695,-0.924204,0.442078,0.039128,-0.067152,-0.063599,0.645306,0.758305,-0.591614,0.532967,0.040278,0.010355,-0.000586,-0.783200,-0.621683,-0.772787,0.491658,0.943243
826,6.883333,0.017887,0.015828,0.854181,0.519427,-0.924160,0.442106,0.039067,-0.067160,-0.063580,0.645320,0.758294,-0.591613,0.532969,0.040278,0.010411,-0.000576,-0.783214,-0.621665,-0.772776,0.491665,0.943256
827,6.891667,0.017868,0.015793,0.854159,0.519465,-0.924163,0.442092,0.039079,-0.067178,-0.063612,0.645330,0.758281,-0.591612,0.532971,0.040279,0.010418,-0.000594,-0.783231,-0.621643,-0.772757,0.491665,0.943257
828,6.900000,0.017583,0.015985,0.854081,0.519597,-0.924184,0.442079,0.039106,-0.067153,-0.063608,0.645325,0.758288,-0.591611,0.532969,0.040280,0.010434,-0.000598,-0.783234,-0.621640,-0.772742,0.491664,0.943262
829,6.908333,0.017453,0.016229,0.854032,0.519674,-0.924194,0.442083,0.039131,-0.067135,-0.063558,0.645303,0.758312,-0.591612,0.532974,0.040285,0.010453,-0.000598,-0.783247,-0.621622,-0.772725,0.491665,0.943278
830,6.916667,0.017425,0.016313,0.854023,0.519687,-0.924199,0.442087,0.039136,-0.067141,-0.063563,0.645333,0.758285,-0.591608,0.532977,0.040281,0.010470,-0.000595,-0.783246,-0.621623,-0.772707,0.491671,0.943284
831,6.925000,0.017457,0.016337,0.854021,0.519688,-0.924202,0.442088,0.039134,-0.067185,-0.063612,0.645362,0.758253,-0.591610,0.532979,0.040285,0.010496,-0.000599,-0.783258,-0.621608,-0.772698,0.491668,0.943289
832,6.933333,0.017460,0.016308,0.854042,0.519655,-0.924197,0.442088,0.039133,-0.067145,-0.063590,0.645320,0.758294,-0.591608,0.532980,0.040282,0.010501,-0.000539,-0.783260,-0.621605,-0.772681,0.491682,0.943295
833,6.941667,0.017551,0.016301,0.854047,0.519644,-0.924195,0.442092,0.039127,-0.067186,-0.063612,0.645336,0.758275,-0.591606,0.532982,0.040284,0.010385,-0.000505,-0.783270,-0.621595,-0.772682,0.491702,0.943298
834,6.950000,0.017950,0.015980,0.854203,0.519384,-0.924153,0.442117,0.039075,-0.067154,-0.063569,0.645343,0.758276,-0.591609,0.532980,0.040292,0.010387,-0.000467,-0.783271,-0.621593,-0.772666,0.491711,0.943300
835,6.958333,0.017907,0.015902,0.854177,0.519431,-0.924153,0.442106,0.039076,-0.067201,-0.063622,0.645333,0.758276,-0.591612,0.532985,0.040289,0.010399,-0.000476,-0.783284,-0.621576,-0.772664,0.491723,0.943308
836,6.966667,0.017623,0.016044,0.854106,0.519553,-0.924168,0.442096,0.039104,-0.067153,-0.063629,0.645316,0.758293,-0.591610,0.532982,0.040286,0.010361,-0.000444,-0.783278,-0.621585,-0.772652,0.491725,0.943312
837,6.975000,0.017433,0.016233,0.854050,0.519645,-0.924192,0.442091,0.039131,-0.067188,-0.063622,0.645321,0.758287,-0.591612,0.532984,0.040288,0.010481,-0.000470,-0.783286,-0.621572,-0.772622,0.491723,0.943318
838,6.983333,0.017436,0.016387,0.854037,0.519662,-0.924204,0.442093,0.039137,-0.067174,-0.063599,0.645331,0.758281,-0.591614,0.532985,0.040283,0.010484,-0.000474,-0.783287,-0.621571,-0.772607,0.491728,0.943321
839,6.991667,0.017415,0.016363,0.854038,0.519661,-0.924199,0.442096,0.039138,-0.067184,-0.063602,0.645326,0.758285,-0.591616,0.532981,0.040285,0.010414,-0.000414,-0.783277,-0.621585,-0.772619,0.491756,0.943324
840,7.000000,0.017474,0.016406,0.854042,0.519652,-0.924196,0.442093,0.039130,-0.067170,-0.063639,0.645319,0.758289,-0.591614,0.532982,0.040283,0.010524,-0.000467,-0.783283,-0.621577,-0.772593,0.491737,0.943331
841,7.008333,0.017494,0.016407,0.854050,0.519638,-0.924194,0.442098,0.039130,-0.067140,-0.063610,0.645331,0.758284,-0.591609,0.532984,0.040280,0.010406,-0.000403,-0.783265,-0.621600,-0.772600,0.491764,0.943322
842,7.016667,0.017541,0.016407,0.854051,0.519635,-0.924188,0.442094,0.039124,-0.067121,-0.063587,0.645316,0.758300,-0.591607,0.532982,0.040281,0.010402,-0.000409,-0.783259,-0.621608,-0.772593,0.491772,0.943315
843,7.025000,0.017512,0.016372,0.854053,0.519634,-0.924185,0.442094,0.039123,-0.067162,-0.063596,0.645319,0.758293,-0.591607,0.532978,0.040279,0.010542,-0.000469,-0.783255,-0.621611,-0.772573,0.491758,0.943320
844,7.033333,0.017475,0.016341,0.854058,0.519627,-0.924184,0.442096,0.039124,-0.067148,-0.063589,0.645308,0.758304,-0.591608,0.532979,0.040276,0.010543,-0.000432,-0.783235,-0.621636,-0.772572,0.491764,0.943326
845,7.041667,0.017482,0.016339,0.854049,0.519642,-0.924179,0.442097,0.039124,-0.067164,-0.063631,0.645323,0.758287,-0.591612,0.532977,0.040282,0.010553,-0.000436,-0.783233,-0.621639,-0.772570,0.491773,0.943324
846,7.050000,0.017497,0.016355,0.854047,0.519644,-0.924185,0.442089,0.039126,-0.067150,-0.063630,0.645294,0.758313,-0.591605,0.532979,0.040278,0.010575,-0.000533,-0.783252,-0.621615,-0.772571,0.491763,0.943327
847,7.058333,0.017486,0.016362,0.854054,0.519633,-0.924184,0.442094,0.039128,-0.067204,-0.063653,0.645316,0.758287,-0.591608,0.532980,0.040281,0.010606,-0.000551,-0.783247,-0.621621,-0.772571,0.491770,0.943327
848,7.066667,0.017471,0.016317,0.854053,0.519637,-0.924182,0.442096,0.039128,-0.067175,-0.063632,0.645297,0.758308,-0.591612,0.532977,0.040278,0.010600,-0.000524,-0.783240,-0.621629,-0.772570,0.491781,0.943325
849,7.075000,0.017452,0.016333,0.854047,0.519647,-0.924185,0.442093,0.039129,-0.067199,-0.063667,0.645311,0.758290,-0.591611,0.532978,0.040279,0.010641,-0.000554,-0.783233,-0.621637,-0.772578,0.491780,0.943333
850,7.083333,0.017465,0.016356,0.854048,0.519644,-0.924187,0.442094,0.039125,-0.067202,-0.063669,0.645307,0.758294,-0.591612,0.532975,0.040275,0.010652,-0.000564,-0.783230,-0.621640,-0.772576,0.491788,0.943331
851,7.091667,0.017461,0.016387,0.854049,0.519642,-0.924185,0.442092,0.039127,-0.067177,-0.063648,0.645306,0.758298,-0.591612,0.532974,0.040279,0.010674,-0.000562,-0.783208,-0.621667,-0.772584,0.491795,0.943337
852,7.100000,0.017486,0.016459,0.854044,0.519646,-0.924188,0.442091,0.039127,-0.067187,-0.063645,0.645298,0.758305,-0.591611,0.532976,0.040277,0.010681,-0.000546,-0.783196,-0.621683,-0.772577,0.491804,0.943340
853,7.108333,0.017488,0.016387,0.854037,0.519660,-0.924185,0.442096,0.039130,-0.067189,-0.063673,0.645288,0.758310,-0.591615,0.532977,0.040279,0.010692,-0.000538,-0.783172,-0.621713,-0.772575,0.491812,0.943337
854,7.116667,0.017470,0.016376,0.854035,0.519665,-0.924186,0.442098,0.039129,-0.067165,-0.063673,0.645282,0.758318,-0.591612,0.532974,0.040275,0.010662,-0.000508,-0.783148,-0.621744,-0.772576,0.491820,0.943338
855,7.125000,0.017456,0.016392,0.854037,0.519661,-0.924187,0.442097,0.039130,-0.067203,-0.063667,0.645272,0.758323,-0.591618,0.532972,0.040280,0.010686,-0.000550,-0.783142,-0.621751,-0.772580,0.491824,0.943342
856,7.133333,0.017518,0.016458,0.854039,0.519654,-0.924191,0.442098,0.039125,-0.067183,-0.063660,0.645265,0.758332,-0.591618,0.532971,0.040275,0.010652,-0.000556,-0.783132,-0.621763,-0.772581,0.491826,0.943346
857,7.141667,0.017466,0.016489,0.854049,0.519638,-0.924189,0.442100,0.039128,-0.067213,-0.063692,0.645270,0.758322,-0.591617,0.532970,0.040273,0.010620,-0.000523,-0.783110,-0.621792,-0.772576,0.491832,0.943344
858,7.150000,0.017474,0.016489,0.854042,0.519649,-0.924190,0.442097,0.039128,-0.067216,-0.063662,0.645268,0.758326,-0.591622,0.532968,0.040272,0.010764,-0.000678,-0.783082,-0.621825,-0.772584,0.491825,0.943375
859,7.158333,0.017486,0.016459,0.854035,0.519661,-0.924190,0.442096,0.039135,-0.067254,-0.063655,0.645281,0.758313,-0.591622,0.532967,0.040278,0.010585,-0.000574,-0.783093,-0.621814,-0.772576,0.491833,0.943343
860,7.166667,0.017430,0.016466,0.854047,0.519644,-0.924183,0.442100,0.039130,-0.067270,-0.063680,0.645245,0.758339,-0.591621,0.532969,0.040274,0.010545,-0.000541,-0.783083,-0.621828,-0.772574,0.491832,0.943341
861,7.175000,0.017535,0.016464,0.854043,0.519647,-0.924189,0.442100,0.039129,-0.067258,-0.063690,0.645249,0.758336,-0.591625,0.532968,0.040276,0.010513,-0.000558,-0.783079,-0.621833,-0.772569,0.491833,0.943343
862,7.183333,0.017504,0.016473,0.854053,0.519630,-0.924186,0.442102,0.039129,-0.067291,-0.063729,0.645257,0.758323,-0.591627,0.532970,0.040270,0.010469,-0.000533,-0.783036,-0.621888,-0.772553,0.491848,0.943348
863,7.191667,0.017482,0.016512,0.854046,0.519641,-0.924186,0.442104,0.039128,-0.067247,-0.063704,0.645237,0.758346,-0.591629,0.532967,0.040275,0.010459,-0.000525,-0.783008,-0.621923,-0.772556,0.491864,0.943352
864,7.200000,0.017474,0.016537,0.854047,0.519639,-0.924183,0.442108,0.039128,-0.067220,-0.063713,0.645254,0.758333,-0.591628,0.532968,0.040269,0.010708,-0.000758,-0.783027,-0.621895,-0.772540,0.491823,0.943386
865,7.208333,0.017506,0.016574,0.854045,0.519640,-0.924183,0.442105,0.039126,-0.067292,-0.063734,0.645272,0.758310,-0.591629,0.532968,0.040278,0.010529,-0.000663,-0.783058,-0.621859,-0.772525,0.491827,0.943356
866,7.216667,0.017499,0.016541,0.854057,0.519622,-0.924182,0.442110,0.039122,-0.067291,-0.063724,0.645264,0.758318,-0.591630,0.532965,0.040271,0.010402,-0.000572,-0.783113,-0.621792,-0.772553,0.491838,0.943351
867,7.225000,0.017536,0.016567,0.854039,0.519649,-0.924181,0.442112,0.039123,-0.067275,-0.063750,0.645272,0.758310,-0.591633,0.532960,0.040269,0.010185,-0.000591,-0.783090,-0.621825,-0.772546,0.491862,0.943398
868,7.233333,0.017534,0.016574,0.854048,0.519634,-0.924182,0.442111,0.039127,-0.067264,-0.063722,0.645259,0.758324,-0.591632,0.532964,0.040278,0.010474,-0.000632,-0.783117,-0.621786,-0.772508,0.491838,0.943361
869,7.241667,0.017500,0.016558,0.854051,0.519631,-0.924183,0.442109,0.039128,-0.067299,-0.063760,0.645248,0.758327,-0.591634,0.532965,0.040278,0.010399,-0.000587,-0.783190,-0.621695,-0.772532,0.491845,0.943368
870,7.250000,0.017511,0.016598,0.854047,0.519636,-0.924183,0.442107,0.039124,-0.067305,-0.063743,0.645240,0.758335,-0.591641,0.532964,0.040277,0.010152,-0.000571,-0.783184,-0.621707,-0.772524,0.491879,0.943404
871,7.258333,0.017542,0.016648,0.854043,0.519641,-0.924187,0.442110,0.039126,-0.067314,-0.063755,0.645247,0.758327,-0.591637,0.532960,0.040278,0.010078,-0.000537,-0.783191,-0.621699,-0.772501,0.491899,0.943405
872,7.266667,0.017575,0.016646,0.854040,0.519644,-0.924184,0.442109,0.039124,-0.067292,-0.063753,0.645260,0.758319,-0.591639,0.532960,0.040276,0.010085,-0.000633,-0.783267,-0.621604,-0.772546,0.491899,0.943448
873,7.275000,0.017589,0.016628,0.854039,0.519646,-0.924182,0.442109,0.039127,-0.067322,-0.063761,0.645259,0.758316,-0.591638,0.532963,0.040275,0.009982,-0.000542,-0.783288,-0.621579,-0.772505,0.491915,0.943421
874,7.283333,0.017614,0.016710,0.854038,0.519645,-0.924183,0.442106,0.039128,-0.067322,-0.063767,0.645265,0.758311,-0.591640,0.532962,0.040278,0.009902,-0.000479,-0.783339,-0.621515,-0.772495,0.491933,0.943417
875,7.291667,0.017574,0.016654,0.854040,0.519644,-0.924181,0.442109,0.039126,-0.067333,-0.063805,0.645268,0.758303,-0.591645,0.532963,0.040273,0.009755,-0.000433,-0.783456,-0.621371,-0.772527,0.491949,0.943424
876,7.300000,0.017597,0.016680,0.854047,0.519630,-0.924180,0.442110,0.039123,-0.067320,-0.063808,0.645272,0.758301,-0.591644,0.532966,0.040272,0.009718,-0.000436,-0.783519,-0.621292,-0.772517,0.491960,0.943424
877,7.308333,0.017580,0.016685,0.854056,0.519617,-0.924175,0.442114,0.039123,-0.067331,-0.063820,0.645277,0.758295,-0.591641,0.532973,0.040275,0.009711,-0.000364,-0.783568,-0.621230,-0.772505,0.491972,0.943432
878,7.316667,0.017597,0.016694,0.854063,0.519604,-0.924175,0.442115,0.039122,-0.067311,-0.063810,0.645277,0.758297,-0.591643,0.532971,0.040272,0.009666,-0.000339,-0.783641,-0.621139,-0.772500,0.491986,0.943429
879,7.325000,0.017597,0.016699,0.854069,0.519593,-0.924176,0.442115,0.039121,-0.067343,-0.063823,0.645306,0.758269,-0.591644,0.532971,0.040271,0.009667,-0.000338,-0.783711,-0.621051,-0.772489,0.491995,0.943431
880,7.333333,0.017632,0.016709,0.854065,0.519599,-0.924176,0.442116,0.039124,-0.067357,-0.063831,0.645298,0.758274,-0.591641,0.532969,0.040274,0.009644,-0.000274,-0.783768,-0.620979,-0.772470,0.492009,0.943437
881,7.341667,0.017599,0.016730,0.854073,0.519587,-0.924175,0.442113,0.039122,-0.067366,-0.063851,0.645285,0.758282,-0.591645,0.532970,0.040272,0.009511,-0.000397,-0.783864,-0.620860,-0.772469,0.491986,0.943460
882,7.350000,0.017569,0.016656,0.854076,0.519584,-0.924173,0.442111,0.039128,-0.067341,-0.063830,0.645290,0.758282,-0.591643,0.532974,0.040279,0.009609,-0.000212,-0.783857,-0.620867,-0.772441,0.492015,0.943440
883,7.358333,0.017565,0.016630,0.854077,0.519583,-0.924178,0.442113,0.039120,-0.067331,-0.063825,0.645290,0.758283,-0.591641,0.532971,0.040273,0.009692,-0.000220,-0.783886,-0.620830,-0.772419,0.492018,0.943450
884,7.366667,0.017592,0.016667,0.854068,0.519596,-0.924177,0.442110,0.039130,-0.067351,-0.063815,0.645287,0.758285,-0.591642,0.532973,0.040268,0.009548,-0.000321,-0.783964,-0.620732,-0.772406,0.492002,0.943486
885,7.375000,0.017604,0.016706,0.854075,0.519584,-0.924179,0.442113,0.039128,-0.067388,-0.063844,0.645297,0.758271,-0.591640,0.532975,0.040268,0.009566,-0.000324,-0.783981,-0.620711,-0.772387,0.492004,0.943489
886,7.383333,0.017630,0.016760,0.854074,0.519583,-0.924177,0.442112,0.039127,-0.067345,-0.063803,0.645280,0.758293,-0.591642,0.532971,0.040271,0.009540,-0.000294,-0.783995,-0.620694,-0.772366,0.492015,0.943482
887,7.391667,0.017646,0.016757,0.854079,0.519575,-0.924177,0.442114,0.039128,-0.067367,-0.063808,0.645292,0.758280,-0.591647,0.532976,0.040274,0.009564,-0.000257,-0.784007,-0.620678,-0.772344,0.492021,0.943492
888,7.400000,0.017649,0.016726,0.854079,0.519574,-0.924172,0.442116,0.039124,-0.067366,-0.063839,0.645270,0.758296,-0.591643,0.532976,0.040273,0.009731,-0.000121,-0.783929,-0.620774,-0.772277,0.492049,0.943462
889,7.408333,0.017645,0.016777,0.854088,0.519558,-0.924167,0.442115,0.039124,-0.067375,-0.063826,0.645277,0.758290,-0.591646,0.532972,0.040268,0.009782,-0.000318,-0.783946,-0.620752,-0.772218,0.492000,0.943523
890,7.416667,0.017658,0.016757,0.854074,0.519582,-0.924166,0.442119,0.039128,-0.067391,-0.063865,0.645268,0.758294,-0.591649,0.532976,0.040269,0.009745,-0.000317,-0.783935,-0.620766,-0.772203,0.492000,0.943527
891,7.425000,0.017616,0.016755,0.854074,0.519583,-0.924172,0.442120,0.039134,-0.067381,-0.063837,0.645257,0.758306,-0.591646,0.532977,0.040270,0.009766,-0.000361,-0.783933,-0.620769,-0.772175,0.492000,0.943533
892,7.433333,0.017626,0.016784,0.854068,0.519592,-0.924172,0.442117,0.039134,-0.067340,-0.063826,0.645264,0.758304,-0.591649,0.532969,0.040271,0.009775,-0.000302,-0.783907,-0.620801,-0.772151,0.492003,0.943538
893,7.441667,0.017695,0.016797,0.854082,0.519566,-0.924172,0.442120,0.039130,-0.067357,-0.063779,0.645255,0.758315,-0.591647,0.532972,0.040267,0.009789,-0.000318,-0.783891,-0.620821,-0.772124,0.492002,0.943545
894,7.450000,0.017721,0.016784,0.854073,0.519580,-0.924170,0.442118,0.039127,-0.067344,-0.063816,0.645284,0.758288,-0.591642,0.532971,0.040269,0.009771,-0.000310,-0.783876,-0.620841,-0.772098,0.492008,0.943540
895,7.458333,0.017652,0.016791,0.854081,0.519570,-0.924168,0.442121,0.039126,-0.067324,-0.063799,0.645267,0.758306,-0.591642,0.532977,0.040271,0.009765,-0.000318,-0.783865,-0.620854,-0.772076,0.492014,0.943544
896,7.466667,0.017647,0.016827,0.854069,0.519587,-0.924168,0.442119,0.039128,-0.067308,-0.063784,0.645259,0.758315,-0.591642,0.532973,0.040270,0.009818,-0.000354,-0.783839,-0.620886,-0.772055,0.492015,0.943552
897,7.475000,0.017661,0.016890,0.854054,0.519610,-0.924169,0.442118,0.039127,-0.067318,-0.063754,0.645268,0.758310,-0.591636,0.532973,0.040268,0.009801,-0.000342,-0.783825,-0.620905,-0.772029,0.492021,0.943557
898,7.483333,0.017700,0.016871,0.854061,0.519598,-0.924169,0.442118,0.039121,-0.067237,-0.063745,0.645257,0.758326,-0.591636,0.532975,0.040257,0.009816,-0.000332,-0.783800,-0.620936,-0.772005,0.492034,0.943555
899,7.491667,0.017700,0.016814,0.854064,0.519595,-0.924165,0.442121,0.039126,-0.067257,-0.063727,0.645277,0.758309,-0.591635,0.532969,0.040263,0.009845,-0.000341,-0.783778,-0.620963,-0.771980,0.492047,0.943551
900,7.500000,0.017694,0.016912,0.854067,0.519586,-0.924162,0.442120,0.039119,-0.067241,-0.063736,0.645281,0.758306,-0.591635,0.532973,0.040263,0.009896,-0.000229,-0.783768,-0.620975,-0.771861,0.492061,0.943569
901,7.508333,0.017728,0.016881,0.854076,0.519572,-0.924163,0.442124,0.039118,-0.067252,-0.063707,0.645278,0.758311,-0.591632,0.532973,0.040268,0.009888,-0.000387,-0.783754,-0.620993,-0.771932,0.492061,0.943549
902,7.516667,0.017697,0.016903,0.854079,0.519567,-0.924161,0.442125,0.039122,-0.067215,-0.063695,0.645281,0.758313,-0.591634,0.532970,0.040260,0.010084,-0.000058,-0.783669,-0.621096,-0.771772,0.492110,0.943526
903,7.525000,0.017698,0.016879,0.854069,0.519585,-0.924156,0.442124,0.039120,-0.067249,-0.063744,0.645268,0.758316,-0.591631,0.532968,0.040263,0.009994,-0.000279,-0.783728,-0.621024,-0.771780,0.492088,0.943563
904,7.533333,0.017696,0.016839,0.854071,0.519582,-0.924157,0.442124,0.039121,-0.067246,-0.063713,0.645290,0.758300,-0.591631,0.532969,0.040257,0.010041,-0.000303,-0.783729,-0.621021,-0.771755,0.492096,0.943562
905,7.541667,0.017697,0.016885,0.854082,0.519564,-0.924154,0.442122,0.039123,-0.067185,-0.063713,0.645292,0.758304,-0.591631,0.532969,0.040262,0.010029,-0.000301,-0.783735,-0.621014,-0.771736,0.492106,0.943554
906,7.550000,0.017711,0.016826,0.854082,0.519565,-0.924154,0.442121,0.039120,-0.067182,-0.063702,0.645290,0.758307,-0.591630,0.532965,0.040258,0.010075,-0.000309,-0.783738,-0.621010,-0.771718,0.492114,0.943556
907,7.558333,0.017710,0.016876,0.854087,0.519555,-0.924154,0.442116,0.039121,-0.067191,-0.063698,0.645305,0.758293,-0.591627,0.532961,0.040269,0.010119,-0.000352,-0.783756,-0.620986,-0.771703,0.492125,0.943567
908,7.566667,0.017717,0.016896,0.854082,0.519562,-0.924157,0.442118,0.039126,-0.067183,-0.063737,0.645310,0.758287,-0.591630,0.532962,0.040258,0.010230,-0.000325,-0.783633,-0.621140,-0.771631,0.492221,0.943487
909,7.575000,0.017713,0.016905,0.854086,0.519555,-0.924155,0.442119,0.039125,-0.067172,-0.063712,0.645313,0.758288,-0.591623,0.532965,0.040262,0.010197,-0.000131,-0.783701,-0.621055,-0.771662,0.492227,0.943492
910,7.583333,0.017771,0.016933,0.854081,0.519560,-0.924156,0.442117,0.039123,-0.067172,-0.063687,0.645312,0.758291,-0.591626,0.532963,0.040260,0.010552,-0.000374,-0.783668,-0.621090,-0.771586,0.492239,0.943484
911,7.591667,0.017772,0.016977,0.854082,0.519558,-0.924152,0.442117,0.039122,-0.067213,-0.063737,0.645321,0.758275,-0.591623,0.532961,0.040258,0.010530,-0.000328,-0.783655,-0.621107,-0.771564,0.492284,0.943463
912,7.600000,0.017758,0.016957,0.854077,0.519567,-0.924151,0.442117,0.039127,-0.067189,-0.063703,0.645312,0.758288,-0.591626,0.532968,0.040262,0.010472,-0.000250,-0.783684,-0.621072,-0.771547,0.492328,0.943416
913,7.608333,0.017752,0.016925,0.854077,0.519568,-0.924153,0.442118,0.039124,-0.067168,-0.063681,0.645324,0.758281,-0.591622,0.532965,0.040261,0.010736,-0.000388,-0.783692,-0.621057,-0.771516,0.492304,0.943455
914,7.616667,0.017719,0.016904,0.854081,0.519563,-0.924149,0.442119,0.039128,-0.067150,-0.063713,0.645310,0.758291,-0.591627,0.532961,0.040252,0.010594,-0.000375,-0.783733,-0.621008,-0.771530,0.492366,0.943409
915,7.625000,0.017742,0.016882,0.854087,0.519553,-0.924149,0.442115,0.039131,-0.067169,-0.063715,0.645326,0.758277,-0.591624,0.532960,0.040255,0.010797,-0.000497,-0.783760,-0.620970,-0.771491,0.492358,0.943424
916,7.633333,0.017739,0.016882,0.854084,0.519558,-0.924148,0.442114,0.039131,-0.067168,-0.063731,0.645303,0.758295,-0.591626,0.532962,0.040257,0.010821,-0.000530,-0.783788,-0.620935,-0.771474,0.492380,0.943416
917,7.641667,0.017771,0.016904,0.854085,0.519555,-0.924151,0.442116,0.039127,-0.067219,-0.063770,0.645324,0.758269,-0.591628,0.532960,0.040263,0.010758,-0.000535,-0.783827,-0.620886,-0.771480,0.492407,0.943398
918,7.650000,0.017788,0.016926,0.854084,0.519555,-0.924151,0.442114,0.039125,-0.067204,-0.063753,0.645331,0.758265,-0.591627,0.532960,0.040261,0.010789,-0.000580,-0.783854,-0.620852,-0.771466,0.492429,0.943397
919,7.658333,0.017799,0.016990,0.854087,0.519548,-0.924152,0.442116,0.039133,-0.067214,-0.063753,0.645318,0.758276,-0.591626,0.532962,0.040259,0.010821,-0.000576,-0.783860,-0.620843,-0.771455,0.492454,0.943397
920,7.666667,0.017825,0.016896,0.854089,0.519547,-0.924152,0.442119,0.039131,-0.067189,-0.063782,0.645323,0.758272,-0.591632,0.532960,0.040262,0.010776,-0.000576,-0.783881,-0.620818,-0.771448,0.492485,0.943386
921,7.675000,0.017806,0.016977,0.854088,0.519546,-0.924149,0.442117,0.039128,-0.067216,-0.063777,0.645330,0.758263,-0.591630,0.532961,0.040258,0.010809,-0.000587,-0.783883,-0.620814,-0.771439,0.492510,0.943392
922,7.683333,0.017817,0.016993,0.854106,0.519515,-0.924147,0.442119,0.039131,-0.067224,-0.063789,0.645315,0.758275,-0.591629,0.532960,0.040262,0.010885,-0.000687,-0.783880,-0.620817,-0.771429,0.492528,0.943404
923,7.691667,0.017792,0.016983,0.854093,0.519539,-0.924146,0.442123,0.039129,-0.067257,-0.063782,0.645307,0.758279,-0.591626,0.532963,0.040260,0.010940,-0.000705,-0.783799,-0.620918,-0.771326,0.492576,0.943389
924,7.700000,0.017804,0.017064,0.854093,0.519536,-0.924145,0.442119,0.039128,-0.067216,-0.063774,0.645317,0.758275,-0.591632,0.532964,0.040259,0.010937,-0.000714,-0.783793,-0.620925,-0.771316,0.492601,0.943386
925,7.708333,0.017829,0.017069,0.854097,0.519528,-0.924142,0.442125,0.039131,-0.067254,-0.063826,0.645316,0.758268,-0.591632,0.532962,0.040261,0.010603,-0.000568,-0.783736,-0.621004,-0.771321,0.492673,0.943376
926,7.716667,0.017818,0.017095,0.854100,0.519523,-0.924140,0.442128,0.039130,-0.067271,-0.063844,0.645307,0.758273,-0.591635,0.532964,0.040258,0.010590,-0.000589,-0.783704,-0.621045,-0.771314,0.492701,0.943369
927,7.725000,0.017787,0.017092,0.854104,0.519518,-0.924136,0.442130,0.039133,-0.067259,-0.063823,0.645302,0.758280,-0.591634,0.532968,0.040258,0.010504,-0.000590,-0.783687,-0.621067,-0.771315,0.492744,0.943383
928,7.733333,0.017799,0.017096,0.854097,0.519527,-0.924139,0.442128,0.039133,-0.067272,-0.063812,0.645279,0.758299,-0.591637,0.532966,0.040257,0.010448,-0.000616,-0.783641,-0.621126,-0.771302,0.492786,0.943386
929,7.741667,0.017802,0.017145,0.854103,0.519516,-0.924135,0.442130,0.039128,-0.067295,-0.063845,0.645310,0.758268,-0.591639,0.532967,0.040258,0.010397,-0.000654,-0.783612,-0.621163,-0.771296,0.492818,0.943378
930,7.750000,0.017858,0.017181,0.854105,0.519509,-0.924132,0.442133,0.039126,-0.067256,-0.063802,0.645288,0.758294,-0.591633,0.532969,0.040260,0.010355,-0.000659,-0.783591,-0.621191,-0.771286,0.492853,0.943371
931,7.758333,0.017834,0.017194,0.854105,0.519510,-0.924134,0.442135,0.039130,-0.067313,-0.063808,0.645282,0.758293,-0.591638,0.532967,0.040256,0.010266,-0.000586,-0.783589,-0.621195,-0.771261,0.492919,0.943355
932,7.766667,0.017825,0.017239,0.854112,0.519498,-0.924135,0.442137,0.039134,-0.067292,-0.063802,0.645281,0.758296,-0.591638,0.532965,0.040256,0.010208,-0.000602,-0.783545,-0.621251,-0.771262,0.492928,0.943352
933,7.775000,0.017871,0.017299,0.854097,0.519518,-0.924132,0.442140,0.039136,-0.067295,-0.063832,0.645280,0.758295,-0.591637,0.532971,0.040264,0.010197,-0.000606,-0.783546,-0.621250,-0.771245,0.492981,0.943338
934,7.783333,0.017847,0.017302,0.854093,0.519526,-0.924134,0.442142,0.039132,-0.067317,-0.063825,0.645247,0.758321,-0.591638,0.532968,0.040256,0.010104,-0.000636,-0.783567,-0.621225,-0.771233,0.493049,0.943299
935,7.791667,0.017882,0.017313,0.854102,0.519510,-0.924130,0.442146,0.039133,-0.067352,-0.063822,0.645262,0.758305,-0.591640,0.532971,0.040259,0.010218,-0.000781,-0.783540,-0.621256,-0.771219,0.493067,0.943326
936,7.800000,0.017883,0.017383,0.854109,0.519496,-0.924124,0.442146,0.039124,-0.067337,-0.063838,0.645268,0.758301,-0.591641,0.532972,0.040257,0.010199,-0.000743,-0.783531,-0.621269,-0.771214,0.493098,0.943320
937,7.808333,0.017909,0.017398,0.854100,0.519508,-0.924124,0.442149,0.039133,-0.067338,-0.063852,0.645262,0.758304,-0.591639,0.532973,0.040259,0.010241,-0.000814,-0.783507,-0.621298,-0.771226,0.493146,0.943315
938,7.816667,0.017896,0.017449,0.854110,0.519491,-0.924124,0.442150,0.039130,-0.067353,-0.063834,0.645252,0.758313,-0.591643,0.532974,0.040257,0.010216,-0.000790,-0.783501,-0.621306,-0.771221,0.493175,0.943307
939,7.825000,0.017898,0.017466,0.854101,0.519506,-0.924122,0.442153,0.039130,-0.067375,-0.063873,0.645251,0.758308,-0.591641,0.532974,0.040260,0.010218,-0.000828,-0.783502,-0.621305,-0.771213,0.493202,0.943304
940,7.833333,0.017947,0.017493,0.854096,0.519512,-0.924124,0.442153,0.039127,-0.067366,-0.063857,0.645258,0.758305,-0.591643,0.532978,0.040258,0.010173,-0.000837,-0.783504,-0.621303,-0.771206,0.493230,0.943293
941,7.841667,0.017930,0.017488,0.854095,0.519514,-0.924121,0.442156,0.039126,-0.067368,-0.063823,0.645242,0.758321,-0.591644,0.532976,0.040255,0.010032,-0.000515,-0.783465,-0.621355,-0.771171,0.493290,0.943277
942,7.850000,0.017920,0.017488,0.854096,0.519513,-0.924124,0.442158,0.039127,-0.067389,-0.063820,0.645240,0.758321,-0.591642,0.532981,0.040259,0.009993,-0.000536,-0.783481,-0.621335,-0.771175,0.493314,0.943271
943,7.858333,0.017904,0.017508,0.854096,0.519512,-0.924127,0.442159,0.039123,-0.067377,-0.063836,0.645247,0.758315,-0.591641,0.532979,0.040261,0.009983,-0.000517,-0.783483,-0.621333,-0.771167,0.493339,0.943270
944,7.866667,0.017914,0.017581,0.854099,0.519505,-0.924127,0.442160,0.039125,-0.067421,-0.063881,0.645250,0.758304,-0.591646,0.532980,0.040258,0.009893,-0.000481,-0.783495,-0.621319,-0.771165,0.493364,0.943257
945,7.875000,0.017871,0.017529,0.854106,0.519497,-0.924121,0.442162,0.039134,-0.067418,-0.063854,0.645227,0.758327,-0.591646,0.532983,0.040256,0.009957,-0.000780,-0.783556,-0.621242,-0.771184,0.493381,0.943237
946,7.883333,0.017868,0.017522,0.854101,0.519506,-0.924128,0.442159,0.039132,-0.067457,-0.063904,0.645243,0.758305,-0.591650,0.532984,0.040262,0.009958,-0.000786,-0.783557,-0.621239,-0.771177,0.493393,0.943236
947,7.891667,0.017828,0.017459,0.854104,0.519503,-0.924129,0.442162,0.039132,-0.067418,-0.063859,0.645254,0.758304,-0.591648,0.532987,0.040263,0.009920,-0.000755,-0.783562,-0.621234,-0.771168,0.493411,0.943228
948,7.900000,0.017853,0.017467,0.854106,0.519500,-0.924121,0.442155,0.039132,-0.067361,-0.063858,0.645244,0.758317,-0.591645,0.532987,0.040265,0.009855,-0.000528,-0.783534,-0.621271,-0.771139,0.493428,0.943254
949,7.908333,0.017859,0.017488,0.854115,0.519484,-0.924128,0.442158,0.039134,-0.067433,-0.063851,0.645243,0.758312,-0.591651,0.532984,0.040263,0.009825,-0.000495,-0.783549,-0.621252,-0.771141,0.493441,0.943247
950,7.916667,0.017880,0.017542,0.854118,0.519476,-0.924130,0.442156,0.039131,-0.067412,-0.063839,0.645223,0.758332,-0.591651,0.532985,0.040262,0.009890,-0.000785,-0.783603,-0.621182,-0.771155,0.493447,0.943221
951,7.925000,0.017829,0.017503,0.854113,0.519487,-0.924129,0.442162,0.039129,-0.067445,-0.063889,0.645223,0.758325,-0.591652,0.532984,0.040266,0.009923,-0.000799,-0.783595,-0.621192,-0.771151,0.493445,0.943230
952,7.933333,0.017827,0.017507,0.854107,0.519497,-0.924126,0.442156,0.039127,-0.067420,-0.063841,0.645252,0.758307,-0.591648,0.532986,0.040261,0.009892,-0.000810,-0.783615,-0.621168,-0.771147,0.493452,0.943224
953,7.941667,0.017795,0.017465,0.854122,0.519475,-0.924122,0.442160,0.039132,-0.067422,-0.063855,0.645249,0.758308,-0.591647,0.532986,0.040260,0.009888,-0.000827,-0.783633,-0.621145,-0.771146,0.493458,0.943225
954,7.950000,0.017815,0.017513,0.854116,0.519482,-0.924123,0.442162,0.039128,-0.067456,-0.063867,0.645242,0.758310,-0.591647,0.532988,0.040260,0.009922,-0.000839,-0.783624,-0.621155,-0.771144,0.493456,0.943224
955,7.958333,0.017825,0.017451,0.854119,0.519480,-0.924121,0.442158,0.039132,-0.067447,-0.063877,0.645248,0.758304,-0.591645,0.532988,0.040260,0.009891,-0.000829,-0.783642,-0.621134,-0.771137,0.493458,0.943221
956,7.966667,0.017837,0.017484,0.854118,0.519479,-0.924124,0.442163,0.039130,-0.067475,-0.063936,0.645242,0.758302,-0.591647,0.532990,0.040259,0.009874,-0.000841,-0.783647,-0.621127,-0.771144,0.493458,0.943221
957,7.975000,0.017822,0.017486,0.854129,0.519462,-0.924120,0.442162,0.039133,-0.067465,-0.063894,0.645236,0.758311,-0.591649,0.532989,0.040260,0.009876,-0.000847,-0.783651,-0.621122,-0.771134,0.493456,0.943221
958,7.983333,0.017849,0.017490,0.854124,0.519468,-0.924125,0.442161,0.039129,-0.067488,-0.063890,0.645249,0.758299,-0.591649,0.532988,0.040260,0.009839,-0.000848,-0.783658,-0.621114,-0.771137,0.493455,0.943211
959,7.991667,0.017860,0.017542,0.854139,0.519441,-0.924125,0.442160,0.039126,-0.067491,-0.063903,0.645250,0.758296,-0.591650,0.532989,0.040263,0.009896,-0.000904,-0.783653,-0.621119,-0.771138,0.493439,0.943227
960,8.000000,0.017841,0.017499,0.854121,0.519474,-0.924127,0.442162,0.039126,-0.067488,-0.063904,0.645246,0.758300,-0.591648,0.532994,0.040266,0.009839,-0.000828,-0.783638,-0.621139,-0.771134,0.493448,0.943206
961,8.008333,0.017814,0.017498,0.854121,0.519474,-0.924122,0.442158,0.039131,-0.067477,-0.063942,0.645255,0.758290,-0.591650,0.532986,0.040257,0.009830,-0.000855,-0.783635,-0.621143,-0.771134,0.493434,0.943205
962,8.016667,0.017837,0.017446,0.854122,0.519474,-0.924123,0.442155,0.039132,-0.067455,-0.063914,0.645261,0.758290,-0.591653,0.532986,0.040261,0.009865,-0.000866,-0.783619,-0.621163,-0.771136,0.493425,0.943216
963,8.025000,0.017814,0.017466,0.854130,0.519462,-0.924131,0.442155,0.039131,-0.067480,-0.063932,0.645249,0.758296,-0.591649,0.532985,0.040259,0.009808,-0.000863,-0.783617,-0.621166,-0.771137,0.493419,0.943198
964,8.033333,0.017813,0.017469,0.854125,0.519468,-0.924131,0.442154,0.039129,-0.067427,-0.063895,0.645264,0.758291,-0.591652,0.532982,0.040254,0.009803,-0.000824,-0.783615,-0.621169,-0.771132,0.493417,0.943200
965,8.041667,0.017795,0.017421,0.854125,0.519472,-0.924127,0.442157,0.039126,-0.067483,-0.063928,0.645261,0.758286,-0.591649,0.532985,0.040262,0.009879,-0.000901,-0.783595,-0.621193,-0.771133,0.493401,0.943204
966,8.050000,0.017803,0.017435,0.854115,0.519487,-0.924128,0.442153,0.039126,-0.067430,-0.063897,0.645259,0.758295,-0.591646,0.532982,0.040258,0.009814,-0.000910,-0.783600,-0.621188,-0.771143,0.493394,0.943199
967,8.058333,0.017833,0.017412,0.854116,0.519484,-0.924128,0.442155,0.039125,-0.067472,-0.063901,0.645257,0.758293,-0.591645,0.532983,0.040259,0.009822,-0.000962,-0.783605,-0.621181,-0.771146,0.493383,0.943201
968,8.066667,0.017778,0.017388,0.854130,0.519464,-0.924125,0.442159,0.039124,-0.067428,-0.063913,0.645261,0.758292,-0.591650,0.532983,0.040256,0.009812,-0.000969,-0.783610,-0.621175,-0.771142,0.493380,0.943205
969,8.075000,0.017800,0.017357,0.854131,0.519464,-0.924127,0.442157,0.039128,-0.067460,-0.063901,0.645271,0.758282,-0.591649,0.532982,0.040257,0.009818,-0.000976,-0.783596,-0.621193,-0.771142,0.493373,0.943207
970,8.083333,0.017807,0.017375,0.854128,0.519467,-0.924128,0.442157,0.039121,-0.067433,-0.063908,0.645279,0.758277,-0.591648,0.532983,0.040261,0.009860,-0.001011,-0.783594,-0.621195,-0.771139,0.493356,0.943213
971,8.091667,0.017811,0.017424,0.854134,0.519455,-0.924129,0.442156,0.039124,-0.067429,-0.063925,0.645281,0.758274,-0.591651,0.532979,0.040256,0.009802,-0.000993,-0.783618,-0.621165,-0.771148,0.493350,0.943209
972,8.100000,0.017835,0.017381,0.854137,0.519452,-0.924125,0.442153,0.039128,-0.067451,-0.063894,0.645257,0.758295,-0.591647,0.532985,0.040254,0.009757,-0.000991,-0.783625,-0.621157,-0.771152,0.493348,0.943201
973,8.108333,0.017821,0.017378,0.854136,0.519453,-0.924128,0.442155,0.039128,-0.067445,-0.063933,0.645277,0.758275,-0.591654,0.532980,0.040258,0.009816,-0.001012,-0.783619,-0.621163,-0.771149,0.493331,0.943210
974,8.116667,0.017760,0.017364,0.854139,0.519451,-0.924127,0.442155,0.039131,-0.067440,-0.063915,0.645265,0.758287,-0.591649,0.532983,0.040254,0.009799,-0.000990,-0.783626,-0.621155,-0.771160,0.493294,0.943239
975,8.125000,0.017786,0.017323,0.854140,0.519450,-0.924125,0.442155,0.039130,-0.067459,-0.063902,0.645270,0.758282,-0.591647,0.532980,0.040256,0.009752,-0.001007,-0.783657,-0.621116,-0.771173,0.493310,0.943209
976,8.133333,0.017829,0.017335,0.854141,0.519446,-0.924128,0.442158,0.039129,-0.067437,-0.063910,0.645271,0.758283,-0.591654,0.532981,0.040257,0.009745,-0.000960,-0.783667,-0.621104,-0.771176,0.493276,0.943232
977,8.141667,0.017824,0.017362,0.854137,0.519453,-0.924127,0.442157,0.039132,-0.067438,-0.063902,0.645293,0.758265,-0.591654,0.532980,0.040253,0.009767,-0.000988,-0.783673,-0.621096,-0.771188,0.493267,0.943234
978,8.150000,0.017774,0.017381,0.854142,0.519445,-0.924129,0.442160,0.039129,-0.067467,-0.063905,0.645286,0.758268,-0.591651,0.532984,0.040258,0.009752,-0.000981,-0.783682,-0.621085,-0.771192,0.493254,0.943240
979,8.158333,0.017786,0.017421,0.854142,0.519443,-0.924127,0.442160,0.039127,-0.067480,-0.063960,0.645276,0.758271,-0.591652,0.532985,0.040257,0.009715,-0.000988,-0.783693,-0.621072,-0.771200,0.493244,0.943231
980,8.166667,0.017825,0.017390,0.854143,0.519442,-0.924129,0.442160,0.039124,-0.067473,-0.063945,0.645295,0.758256,-0.591654,0.532983,0.040259,0.009721,-0.001013,-0.783709,-0.621051,-0.771209,0.493236,0.943231
981,8.175000,0.017829,0.017303,0.854147,0.519438,-0.924126,0.442162,0.039131,-0.067460,-0.063909,0.645303,0.758254,-0.591657,0.532985,0.040260,0.009702,-0.001013,-0.783725,-0.621032,-0.771214,0.493225,0.943239
982,8.183333,0.017816,0.017349,0.854141,0.519447,-0.924128,0.442159,0.039129,-0.067524,-0.063946,0.645279,0.758265,-0.591655,0.532984,0.040257,0.009790,-0.000983,-0.783720,-0.621037,-0.771224,0.493189,0.943273
983,8.191667,0.017855,0.017341,0.854141,0.519446,-0.924127,0.442157,0.039128,-0.067506,-0.063950,0.645300,0.758249,-0.591657,0.532984,0.040257,0.009766,-0.000973,-0.783715,-0.621043,-0.771228,0.493173,0.943270
984,8.200000,0.017823,0.017320,0.854147,0.519438,-0.924128,0.442157,0.039125,-0.067513,-0.063994,0.645304,0.758241,-0.591662,0.532978,0.040255,0.009706,-0.000948,-0.783725,-0.621031,-0.771245,0.493156,0.943266
985,8.208333,0.017855,0.017351,0.854142,0.519444,-0.924128,0.442156,0.039128,-0.067527,-0.063983,0.645300,0.758244,-0.591654,0.532987,0.040258,0.009697,-0.000982,-0.783731,-0.621024,-0.771252,0.493139,0.943265
986,8.216667,0.017838,0.017299,0.854144,0.519442,-0.924125,0.442159,0.039125,-0.067528,-0.063974,0.645295,0.758249,-0.591658,0.532986,0.040261,0.009742,-0.001382,-0.783803,-0.620932,-0.771307,0.493128,0.943224
987,8.225000,0.017825,0.017281,0.854139,0.519453,-0.924131,0.442159,0.039128,-0.067529,-0.064003,0.645312,0.758232,-0.591656,0.532988,0.040255,0.009697,-0.001379,-0.783793,-0.620945,-0.771321,0.493111,0.943224
988,8.233333,0.017829,0.017301,0.854126,0.519472,-0.924128,0.442157,0.039132,-0.067490,-0.063952,0.645306,0.758245,-0.591657,0.532990,0.040258,0.009638,-0.001344,-0.783785,-0.620956,-0.771328,0.493093,0.943213
989,8.241667,0.017796,0.017301,0.854136,0.519457,-0.924129,0.442160,0.039134,-0.067503,-0.064011,0.645306,0.758239,-0.591662,0.532991,0.040252,0.009580,-0.001385,-0.783802,-0.620936,-0.771326,0.493042,0.943216
990,8.250000,0.017824,0.017315,0.854124,0.519475,-0.924134,0.442159,0.039130,-0.067551,-0.064021,0.645305,0.758234,-0.591662,0.532993,0.040259,0.009559,-0.001406,-0.783778,-0.620966,-0.771331,0.493017,0.943210
991,8.258333,0.017803,0.017271,0.854118,0.519488,-0.924132,0.442159,0.039134,-0.067503,-0.064004,0.645304,0.758241,-0.591661,0.532988,0.040258,0.009476,-0.001395,-0.783774,-0.620972,-0.771348,0.492990,0.943201
992,8.266667,0.017808,0.017233,0.854113,0.519497,-0.924131,0.442158,0.039128,-0.067561,-0.064067,0.645303,0.758232,-0.591665,0.532987,0.040256,0.009406,-0.001316,-0.783750,-0.621004,-0.771359,0.492970,0.943177
993,8.275000,0.017792,0.017210,0.854125,0.519479,-0.924133,0.442158,0.039127,-0.067541,-0.064039,0.645316,0.758224,-0.591664,0.532989,0.040256,0.009410,-0.001359,-0.783734,-0.621023,-0.771370,0.492946,0.943181
994,8.283333,0.017789,0.017161,0.854119,0.519489,-0.924133,0.442153,0.039128,-0.067512,-0.064002,0.645313,0.758233,-0.591659,0.532989,0.040253,0.009427,-0.001352,-0.783715,-0.621047,-0.771375,0.492922,0.943187
995,8.291667,0.017758,0.017112,0.854109,0.519509,-0.924139,0.442150,0.039127,-0.067545,-0.064050,0.645327,0.758214,-0.591666,0.532984,0.040257,0.009294,-0.000961,-0.783680,-0.621094,-0.771423,0.492895,0.943226
996,8.300000,0.017763,0.017117,0.854103,0.519519,-0.924138,0.442149,0.039129,-0.067514,-0.064043,0.645305,0.758236,-0.591663,0.532987,0.040253,0.009392,-0.001417,-0.783696,-0.621072,-0.771404,0.492887,0.943174
997,8.308333,0.017746,0.017067,0.854101,0.519524,-0.924142,0.442153,0.039129,-0.067540,-0.064016,0.645323,0.758221,-0.591666,0.532985,0.040253,0.009291,-0.001018,-0.783644,-0.621140,-0.771440,0.492853,0.943223
998,8.316667,0.017694,0.017064,0.854098,0.519531,-0.924147,0.442146,0.039126,-0.067547,-0.064055,0.645336,0.758206,-0.591664,0.532978,0.040254,0.009337,-0.001014,-0.783569,-0.621234,-0.771376,0.492846,0.943205
999,8.325000,0.017718,0.017032,0.854089,0.519547,-0.924145,0.442146,0.039136,-0.067499,-0.064037,0.645340,0.758208,-0.591662,0.532982,0.040256,0.009361,-0.001111,-0.783549,-0.621258,-0.771402,0.492807,0.943213
1000,8.333333,0.017712,0.016986,0.854085,0.519555,-0.924148,0.442147,0.039128,-0.067476,-0.064057,0.645326,0.758220,-0.591659,0.532979,0.040253,0.009388,-0.001542,-0.783620,-0.621168,-0.771526,0.492753,0.943192
1001,8.341667,0.017703,0.017000,0.854069,0.519580,-0.924149,0.442140,0.039138,-0.067504,-0.064043,0.645345,0.758203,-0.591658,0.532977,0.040257,0.009249,-0.001170,-0.783547,-0.621262,-0.771492,0.492743,0.943211
1002,8.350000,0.017704,0.016928,0.854078,0.519568,-0.924152,0.442142,0.039134,-0.067460,-0.064020,0.645350,0.758204,-0.591654,0.532980,0.040260,0.009288,-0.001242,-0.783495,-0.621328,-0.771528,0.492702,0.943223
1003,8.358333,0.017682,0.016879,0.854071,0.519582,-0.924151,0.442139,0.039128,-0.067406,-0.064000,0.645368,0.758195,-0.591653,0.532977,0.040259,0.009987,-0.000483,-0.783670,-0.621098,-0.771784,0.492785,0.943374
1004,8.366667,0.017725,0.016880,0.854062,0.519595,-0.924155,0.442134,0.039125,-0.067422,-0.064031,0.645385,0.758177,-0.591651,0.532972,0.040259,0.010010,-0.000359,-0.783679,-0.621085,-0.771827,0.492799,0.943389
1005,8.375000,0.017687,0.016851,0.854063,0.519596,-0.924150,0.442130,0.039132,-0.067372,-0.064038,0.645380,0.758186,-0.591649,0.532973,0.040261,0.010137,-0.000356,-0.783766,-0.620973,-0.771854,0.492774,0.943438
1006,8.383333,0.017749,0.016751,0.854069,0.519586,-0.924156,0.442127,0.039139,-0.067349,-0.064007,0.645391,0.758181,-0.591653,0.532969,0.040259,0.010089,-0.000276,-0.783740,-0.621007,-0.771871,0.492788,0.943423
1007,8.391667,0.017714,0.016785,0.854065,0.519594,-0.924156,0.442124,0.039133,-0.067355,-0.063964,0.645421,0.758158,-0.591646,0.532967,0.040262,0.010022,-0.000272,-0.783761,-0.620981,-0.771894,0.492761,0.943424
1008,8.400000,0.017740,0.016765,0.854063,0.519597,-0.924160,0.442123,0.039136,-0.067338,-0.064011,0.645421,0.758156,-0.591649,0.532964,0.040263,0.010150,-0.000134,-0.783860,-0.620855,-0.771930,0.492699,0.943451
1009,8.408333,0.017730,0.016797,0.854067,0.519590,-0.924156,0.442119,0.039138,-0.067377,-0.064028,0.645410,0.758160,-0.591651,0.532966,0.040263,0.010174,-0.000161,-0.783866,-0.620847,-0.771964,0.492674,0.943470
1010,8.416667,0.017818,0.016757,0.854050,0.519616,-0.924163,0.442114,0.039140,-0.067313,-0.064003,0.645417,0.758162,-0.591647,0.532962,0.040263,0.010308,-0.000165,-0.783858,-0.620855,-0.771954,0.492629,0.943474
1011,8.425000,0.017800,0.016718,0.854043,0.519630,-0.924162,0.442110,0.039139,-0.067331,-0.064011,0.645433,0.758146,-0.591645,0.532956,0.040265,0.010109,-0.000212,-0.783898,-0.620807,-0.771990,0.492567,0.943464
1012,8.433333,0.017792,0.016660,0.854038,0.519639,-0.924165,0.442109,0.039141,-0.067312,-0.064013,0.645450,0.758133,-0.591650,0.532959,0.040263,0.010065,-0.000249,-0.783892,-0.620815,-0.771989,0.492522,0.943443
1013,8.441667,0.017805,0.016649,0.854037,0.519641,-0.924164,0.442108,0.039136,-0.067380,-0.064057,0.645436,0.758135,-0.591648,0.532960,0.040267,0.009939,-0.000197,-0.783868,-0.620849,-0.771986,0.492490,0.943406
1014,8.450000,0.017789,0.016644,0.854038,0.519640,-0.924167,0.442101,0.039130,-0.067343,-0.064074,0.645448,0.758127,-0.591646,0.532960,0.040265,0.009933,-0.000175,-0.783863,-0.620855,-0.772001,0.492440,0.943402
1015,8.458333,0.017729,0.016565,0.854033,0.519652,-0.924171,0.442102,0.039134,-0.067289,-0.064035,0.645471,0.758115,-0.591648,0.532961,0.040265,0.009865,-0.000187,-0.783850,-0.620872,-0.771995,0.492390,0.943379
1016,8.466667,0.017731,0.016522,0.854041,0.519641,-0.924172,0.442096,0.039130,-0.067287,-0.064018,0.645472,0.758116,-0.591645,0.532951,0.040265,0.009668,-0.000189,-0.783897,-0.620815,-0.772007,0.492341,0.943364
1017,8.475000,0.017780,0.016494,0.854036,0.519648,-0.924173,0.442096,0.039129,-0.067230,-0.064024,0.645506,0.758092,-0.591645,0.532951,0.040265,0.009734,-0.000213,-0.783893,-0.620820,-0.771987,0.492277,0.943379
1018,8.483333,0.017791,0.016437,0.854045,0.519636,-0.924175,0.442088,0.039125,-0.067240,-0.064039,0.645500,0.758095,-0.591647,0.532948,0.040265,0.009607,-0.000318,-0.783921,-0.620787,-0.772035,0.492205,0.943340
1019,8.491667,0.017742,0.016454,0.854061,0.519609,-0.924173,0.442089,0.039130,-0.067267,-0.064073,0.645494,0.758094,-0.591647,0.532947,0.040266,0.009566,-0.000370,-0.783979,-0.620714,-0.772048,0.492169,0.943343
1020,8.500000,0.017777,0.016466,0.854054,0.519620,-0.924175,0.442085,0.039126,-0.067216,-0.064028,0.645493,0.758104,-0.591645,0.532946,0.040267,0.009682,-0.000301,-0.783958,-0.620738,-0.772005,0.492162,0.943380
1021,8.508333,0.017782,0.016433,0.854046,0.519634,-0.924176,0.442085,0.039127,-0.067244,-0.064042,0.645494,0.758100,-0.591639,0.532948,0.040263,0.009472,-0.000477,-0.784077,-0.620591,-0.772052,0.492102,0.943358
1022,8.516667,0.017850,0.016328,0.854037,0.519650,-0.924174,0.442074,0.039124,-0.067207,-0.064062,0.645508,0.758088,-0.591639,0.532949,0.040265,0.009708,-0.000377,-0.784144,-0.620502,-0.772022,0.492020,0.943313
1023,8.525000,0.017808,0.016348,0.854046,0.519636,-0.924180,0.442075,0.039125,-0.067237,-0.064081,0.645498,0.758094,-0.591640,0.532943,0.040263,0.009517,-0.000165,-0.784184,-0.620455,-0.772013,0.491984,0.943267
1024,8.533333,0.017787,0.016400,0.854039,0.519647,-0.924180,0.442076,0.039129,-0.067235,-0.064076,0.645502,0.758091,-0.591639,0.532945,0.040264,0.009669,-0.000341,-0.784226,-0.620400,-0.772013,0.491969,0.943282
1025,8.541667,0.017733,0.016382,0.854034,0.519658,-0.924182,0.442069,0.039128,-0.067203,-0.064037,0.645487,0.758109,-0.591638,0.532945,0.040266,0.009539,-0.000113,-0.784246,-0.620377,-0.771996,0.491936,0.943252
1026,8.550000,0.017865,0.016301,0.854032,0.519658,-0.924181,0.442068,0.039124,-0.067171,-0.064048,0.645496,0.758104,-0.591639,0.532943,0.040263,0.009482,-0.000055,-0.784287,-0.620326,-0.771981,0.491917,0.943234
1027,8.558333,0.017907,0.016301,0.854060,0.519610,-0.924177,0.442070,0.039118,-0.067169,-0.064041,0.645510,0.758092,-0.591643,0.532939,0.040261,0.009440,-0.000109,-0.784324,-0.620280,-0.771956,0.491906,0.943250
1028,8.566667,0.017913,0.016275,0.854060,0.519611,-0.924175,0.442064,0.039112,-0.067164,-0.064012,0.645506,0.758098,-0.591642,0.532936,0.040268,0.009447,-0.000122,-0.784328,-0.620275,-0.771942,0.491877,0.943257
1029,8.575000,0.017894,0.016270,0.854072,0.519592,-0.924176,0.442064,0.039118,-0.067188,-0.064046,0.645486,0.758111,-0.591639,0.532939,0.040259,0.009454,-0.000172,-0.784355,-0.620241,-0.771933,0.491860,0.943261
1030,8.583333,0.017814,0.016394,0.854061,0.519609,-0.924180,0.442068,0.039122,-0.067150,-0.064018,0.645501,0.758104,-0.591642,0.532931,0.040263,0.009438,-0.000160,-0.784369,-0.620223,-0.771918,0.491853,0.943257
1031,8.591667,0.017884,0.016363,0.854061,0.519608,-0.924179,0.442065,0.039119,-0.067139,-0.063994,0.645510,0.758099,-0.591638,0.532937,0.040265,0.009488,-0.000136,-0.784390,-0.620196,-0.771912,0.491849,0.943271
1032,8.600000,0.017858,0.016316,0.854069,0.519598,-0.924175,0.442064,0.039112,-0.067144,-0.064028,0.645498,0.758106,-0.591642,0.532939,0.040263,0.009491,-0.000162,-0.784392,-0.620193,-0.771888,0.491837,0.943273
1033,8.608333,0.017887,0.016346,0.854073,0.519588,-0.924172,0.442068,0.039113,-0.067099,-0.063966,0.645496,0.758117,-0.591639,0.532938,0.040264,0.009476,-0.000154,-0.784411,-0.620169,-0.771871,0.491833,0.943277
1034,8.616667,0.017777,0.016422,0.854079,0.519581,-0.924173,0.442078,0.039117,-0.067136,-0.063984,0.645487,0.758119,-0.591632,0.532943,0.040260,0.010846,0.000482,-0.784856,-0.619584,-0.771700,0.491661,0.943170
1035,8.625000,0.017849,0.016395,0.854078,0.519580,-0.924172,0.442074,0.039117,-0.067144,-0.063984,0.645477,0.758128,-0.591636,0.532947,0.040268,0.010779,0.000245,-0.784902,-0.619526,-0.771645,0.491638,0.943170
1036,8.633333,0.017890,0.016444,0.854078,0.519577,-0.924171,0.442077,0.039108,-0.067173,-0.064015,0.645480,0.758120,-0.591635,0.532945,0.040262,0.010669,0.000219,-0.784896,-0.619535,-0.771624,0.491629,0.943198
1037,8.641667,0.017829,0.016573,0.854094,0.519548,-0.924171,0.442081,0.039119,-0.067193,-0.063989,0.645482,0.758118,-0.591637,0.532947,0.040268,0.010523,0.000173,-0.784910,-0.619520,-0.771605,0.491625,0.943219
1038,8.650000,0.017772,0.016530,0.854093,0.519553,-0.924168,0.442084,0.039119,-0.067144,-0.063948,0.645489,0.758121,-0.591637,0.532948,0.040266,0.010657,0.000264,-0.784856,-0.619586,-0.771609,0.491658,0.943287
1039,8.658333,0.017760,0.016540,0.854105,0.519534,-0.924165,0.442086,0.039118,-0.067182,-0.063948,0.645471,0.758132,-0.591639,0.532949,0.040272,0.010575,0.000362,-0.784862,-0.619580,-0.771603,0.491675,0.943301
1040,8.666667,0.017812,0.016653,0.854107,0.519526,-0.924163,0.442088,0.039119,-0.067177,-0.063955,0.645458,0.758143,-0.591638,0.532946,0.040263,0.010422,0.000393,-0.784821,-0.619635,-0.771605,0.491715,0.943331
1041,8.675000,0.017793,0.016622,0.854104,0.519532,-0.924162,0.442093,0.039115,-0.067192,-0.063940,0.645456,0.758145,-0.591635,0.532954,0.040269,0.010269,0.000481,-0.784754,-0.619722,-0.771605,0.491754,0.943369
1042,8.683333,0.017793,0.016684,0.854103,0.519532,-0.924162,0.442093,0.039124,-0.067194,-0.063955,0.645449,0.758149,-0.591635,0.532950,0.040267,0.010169,0.000482,-0.784722,-0.619765,-0.771614,0.491771,0.943414
1043,8.691667,0.017824,0.016759,0.854100,0.519533,-0.924164,0.442095,0.039118,-0.067177,-0.063914,0.645462,0.758143,-0.591642,0.532953,0.040264,0.010089,0.000491,-0.784689,-0.619807,-0.771618,0.491803,0.943443
1044,8.700000,0.017804,0.016717,0.854108,0.519522,-0.924158,0.442097,0.039119,-0.067186,-0.063909,0.645448,0.758155,-0.591635,0.532960,0.040263,0.010044,0.000523,-0.784771,-0.619705,-0.771617,0.491782,0.943477
1045,8.708333,0.017815,0.016719,0.854115,0.519509,-0.924154,0.442102,0.039117,-0.067217,-0.063940,0.645454,0.758144,-0.591638,0.532962,0.040264,0.010094,0.000483,-0.784809,-0.619656,-0.771609,0.491774,0.943518
1046,8.716667,0.017795,0.016744,0.854115,0.519511,-0.924149,0.442104,0.039120,-0.067274,-0.063966,0.645425,0.758162,-0.591638,0.532962,0.040263,0.010099,0.000584,-0.784800,-0.619666,-0.771567,0.491799,0.943567
1047,8.725000,0.017798,0.016838,0.854116,0.519505,-0.924148,0.442109,0.039115,-0.067243,-0.063924,0.645431,0.758163,-0.591643,0.532964,0.040265,0.009974,0.000721,-0.784813,-0.619652,-0.771532,0.491818,0.943559
1048,8.733333,0.017841,0.016820,0.854115,0.519505,-0.924144,0.442106,0.039115,-0.067229,-0.063953,0.645424,0.758168,-0.591639,0.532957,0.040254,0.009761,0.000902,-0.784806,-0.619664,-0.771517,0.491852,0.943582
1049,8.741667,0.017885,0.016864,0.854123,0.519490,-0.924145,0.442106,0.039114,-0.067247,-0.063934,0.645439,0.758155,-0.591637,0.532962,0.040260,0.009315,0.000951,-0.784878,-0.619579,-0.771551,0.491878,0.943651
1050,8.750000,0.017892,0.016923,0.854126,0.519483,-0.924146,0.442108,0.039114,-0.067273,-0.063967,0.645426,0.758161,-0.591642,0.532961,0.040260,0.009209,0.001045,-0.784883,-0.619575,-0.771611,0.491936,0.943765
1051,8.758333,0.017921,0.016951,0.854137,0.519462,-0.924145,0.442111,0.039114,-0.067269,-0.063986,0.645410,0.758173,-0.591645,0.532962,0.040261,0.009141,0.001262,-0.784866,-0.619597,-0.771601,0.491996,0.943782
1052,8.766667,0.017947,0.016948,0.854139,0.519458,-0.924143,0.442111,0.039111,-0.067336,-0.064018,0.645403,0.758170,-0.591652,0.532966,0.040263,0.008966,0.001540,-0.784969,-0.619469,-0.771634,0.492034,0.943795
1053,8.775000,0.017937,0.016990,0.854139,0.519457,-0.924141,0.442116,0.039108,-0.067372,-0.064019,0.645418,0.758155,-0.591647,0.532969,0.040263,0.009259,0.001531,-0.785038,-0.619377,-0.771568,0.492020,0.943778
1054,8.783333,0.017929,0.017046,0.854144,0.519448,-0.924136,0.442118,0.039111,-0.067344,-0.064036,0.645404,0.758168,-0.591648,0.532966,0.040258,0.009668,0.001605,-0.785210,-0.619152,-0.771553,0.491957,0.943840
1055,8.791667,0.017970,0.017001,0.854147,0.519444,-0.924135,0.442118,0.039106,-0.067336,-0.064034,0.645397,0.758174,-0.591650,0.532972,0.040260,0.009809,0.001626,-0.785451,-0.618844,-0.771513,0.491869,0.943865
1056,8.800000,0.017978,0.017018,0.854153,0.519432,-0.924131,0.442126,0.039106,-0.067329,-0.064050,0.645408,0.758164,-0.591646,0.532972,0.040257,0.009881,0.001348,-0.785617,-0.618632,-0.771418,0.491795,0.943813
1057,8.808333,0.017959,0.017031,0.854150,0.519437,-0.924131,0.442123,0.039105,-0.067376,-0.064040,0.645416,0.758154,-0.591652,0.532973,0.040261,0.010210,0.001178,-0.785609,-0.618638,-0.771376,0.491777,0.943774
1058,8.816667,0.018006,0.017090,0.854154,0.519428,-0.924132,0.442124,0.039107,-0.067357,-0.064033,0.645420,0.758153,-0.591648,0.532976,0.040261,0.010278,0.000909,-0.785579,-0.618675,-0.771369,0.491790,0.943789
1059,8.825000,0.017984,0.017105,0.854150,0.519434,-0.924135,0.442121,0.039102,-0.067385,-0.064027,0.645418,0.758152,-0.591653,0.532972,0.040264,0.009248,0.001327,-0.785479,-0.618818,-0.771356,0.491958,0.943606
1060,8.833333,0.018008,0.017060,0.854143,0.519446,-0.924131,0.442124,0.039105,-0.067378,-0.064014,0.645399,0.758171,-0.591651,0.532969,0.040262,0.009753,0.001271,-0.785385,-0.618929,-0.771382,0.492041,0.943609
1061,8.841667,0.017965,0.017031,0.854155,0.519429,-0.924127,0.442120,0.039108,-0.067373,-0.064030,0.645421,0.758151,-0.591652,0.532969,0.040258,0.010216,0.001043,-0.785399,-0.618905,-0.771437,0.492057,0.943708
1062,8.850000,0.017987,0.017043,0.854155,0.519427,-0.924128,0.442117,0.039102,-0.067402,-0.064057,0.645414,0.758152,-0.591651,0.532972,0.040262,0.009796,0.001333,-0.785431,-0.618871,-0.771386,0.492112,0.943679
1063,8.858333,0.018043,0.017075,0.854147,0.519438,-0.924129,0.442118,0.039104,-0.067364,-0.064013,0.645422,0.758153,-0.591652,0.532965,0.040258,0.009260,0.001327,-0.785525,-0.618760,-0.771357,0.492115,0.943703
1064,8.866667,0.018050,0.017115,0.854149,0.519433,-0.924129,0.442116,0.039106,-0.067369,-0.064004,0.645417,0.758157,-0.591649,0.532968,0.040263,0.009315,0.000988,-0.785564,-0.618710,-0.771284,0.492070,0.943792
1065,8.875000,0.018032,0.017078,0.854152,0.519430,-0.924128,0.442113,0.039107,-0.067341,-0.063988,0.645442,0.758140,-0.591647,0.532962,0.040260,0.010398,0.000911,-0.785503,-0.618769,-0.771163,0.492025,0.943784
1066,8.883333,0.018070,0.017057,0.854143,0.519444,-0.924130,0.442115,0.039109,-0.067293,-0.063940,0.645425,0.758162,-0.591645,0.532963,0.040263,0.009970,0.001672,-0.785805,-0.618391,-0.771308,0.492069,0.943998
1067,8.891667,0.017977,0.017056,0.854156,0.519427,-0.924128,0.442115,0.039110,-0.067341,-0.063979,0.645427,0.758153,-0.591646,0.532966,0.040264,0.011549,0.001594,-0.786303,-0.617731,-0.771553,0.492161,0.943740
1068,8.900000,0.018005,0.017020,0.854155,0.519429,-0.924129,0.442118,0.039114,-0.067319,-0.063958,0.645433,0.758151,-0.591643,0.532964,0.040264,0.010790,0.001704,-0.786333,-0.617706,-0.771379,0.492186,0.943934
1069,8.908333,0.018015,0.017081,0.854146,0.519440,-0.924132,0.442116,0.039115,-0.067282,-0.063944,0.645436,0.758154,-0.591646,0.532963,0.040265,0.008849,0.001726,-0.786142,-0.617980,-0.771045,0.492268,0.944000
1070,8.916667,0.018043,0.017038,0.854142,0.519448,-0.924131,0.442112,0.039116,-0.067315,-0.063926,0.645420,0.758166,-0.591640,0.532966,0.040264,0.008638,0.001607,-0.785986,-0.618182,-0.770902,0.492356,0.944023
1071,8.925000,0.018037,0.017016,0.854145,0.519443,-0.924124,0.442112,0.039113,-0.067253,-0.063892,0.645439,0.758158,-0.591637,0.532960,0.040266,0.011072,0.001696,-0.786102,-0.617996,-0.771288,0.492573,0.943832
1072,8.933333,0.017988,0.016955,0.854150,0.519439,-0.924121,0.442111,0.039121,-0.067223,-0.063850,0.645446,0.758158,-0.591637,0.532961,0.040262,0.011466,0.001226,-0.786144,-0.617936,-0.771276,0.492548,0.943821
1073,8.941667,0.017973,0.016991,0.854154,0.519432,-0.924123,0.442106,0.039114,-0.067227,-0.063851,0.645439,0.758164,-0.591633,0.532963,0.040265,0.011825,0.000647,-0.786102,-0.617984,-0.771184,0.492534,0.943768
1074,8.950000,0.017996,0.016969,0.854147,0.519443,-0.924120,0.442108,0.039121,-0.067218,-0.063813,0.645435,0.758171,-0.591634,0.532959,0.040265,0.011669,0.000351,-0.786263,-0.617782,-0.771272,0.492506,0.943804
1075,8.958333,0.017982,0.016953,0.854147,0.519444,-0.924120,0.442108,0.039118,-0.067170,-0.063826,0.645441,0.758169,-0.591634,0.532957,0.040265,0.011439,0.000744,-0.786014,-0.618103,-0.771034,0.492782,0.943464
1076,8.966667,0.017995,0.016985,0.854141,0.519453,-0.924118,0.442109,0.039120,-0.067184,-0.063828,0.645451,0.758159,-0.591627,0.532956,0.040265,0.011871,0.000692,-0.786052,-0.618046,-0.770984,0.492789,0.943558
1077,8.975000,0.017984,0.016977,0.854131,0.519469,-0.924118,0.442113,0.039118,-0.067210,-0.063833,0.645443,0.758163,-0.591628,0.532957,0.040270,0.012234,0.000166,-0.786183,-0.617872,-0.770968,0.492776,0.943665
1078,8.983333,0.018009,0.016984,0.854130,0.519470,-0.924117,0.442109,0.039121,-0.067166,-0.063827,0.645458,0.758155,-0.591625,0.532958,0.040266,0.011889,0.000362,-0.786289,-0.617744,-0.770914,0.492823,0.943713
1079,8.991667,0.018006,0.016989,0.854130,0.519470,-0.924113,0.442112,0.039118,-0.067176,-0.063806,0.645465,0.758149,-0.591622,0.532960,0.040267,0.011829,0.000441,-0.786330,-0.617693,-0.771003,0.493015,0.943698
1080,9.000000,0.018013,0.017030,0.854127,0.519474,-0.924112,0.442114,0.039120,-0.067132,-0.063782,0.645482,0.758141,-0.591623,0.532963,0.040268,0.011915,0.000602,-0.786439,-0.617552,-0.771062,0.493145,0.943733
1081,9.008333,0.018035,0.017033,0.854122,0.519481,-0.924109,0.442115,0.039118,-0.067133,-0.063769,0.645484,0.758141,-0.591624,0.532962,0.040258,0.011807,0.000652,-0.786603,-0.617346,-0.771097,0.493284,0.943723
1082,9.016667,0.018039,0.017021,0.854122,0.519482,-0.924116,0.442118,0.039115,-0.067145,-0.063803,0.645482,0.758138,-0.591623,0.532964,0.040262,0.011867,0.000912,-0.786783,-0.617115,-0.771126,0.493419,0.943727
1083,9.025000,0.018039,0.017037,0.854101,0.519515,-0.924108,0.442121,0.039119,-0.067145,-0.063757,0.645480,0.758144,-0.591620,0.532965,0.040264,0.012054,0.001257,-0.787006,-0.616826,-0.771156,0.493492,0.943781
1084,9.033333,0.018036,0.017062,0.854114,0.519493,-0.924111,0.442121,0.039116,-0.067127,-0.063795,0.645505,0.758121,-0.591623,0.532963,0.040263,0.012139,0.000579,-0.787033,-0.616791,-0.771144,0.493581,0.943767
1085,9.041667,0.018062,0.017128,0.854114,0.519490,-0.924112,0.442126,0.039120,-0.067187,-0.063826,0.645491,0.758125,-0.591624,0.532963,0.040260,0.011858,0.000844,-0.787209,-0.616572,-0.771202,0.493741,0.943802
1086,9.050000,0.018105,0.017187,0.854110,0.519492,-0.924114,0.442121,0.039113,-0.067184,-0.063802,0.645481,0.758136,-0.591626,0.532961,0.040256,0.011525,0.000834,-0.787407,-0.616325,-0.771349,0.493859,0.943810
1087,9.058333,0.018022,0.017099,0.854108,0.519501,-0.924105,0.442125,0.039119,-0.067196,-0.063848,0.645500,0.758115,-0.591631,0.532964,0.040263,0.011445,0.000713,-0.787493,-0.616217,-0.771360,0.493976,0.943752
1088,9.066667,0.018006,0.017054,0.854111,0.519499,-0.924108,0.442125,0.039124,-0.067189,-0.063846,0.645517,0.758101,-0.591626,0.532968,0.040264,0.011384,0.000646,-0.787612,-0.616066,-0.771401,0.494089,0.943785
1089,9.075000,0.018037,0.017084,0.854093,0.519527,-0.924109,0.442125,0.039124,-0.067215,-0.063861,0.645536,0.758081,-0.591626,0.532971,0.040264,0.011408,0.000536,-0.787759,-0.615878,-0.771470,0.494202,0.943856
1090,9.083333,0.017984,0.017028,0.854089,0.519537,-0.924112,0.442130,0.039128,-0.067245,-0.063865,0.645522,0.758090,-0.591627,0.532974,0.040267,0.010894,0.001033,-0.787939,-0.615656,-0.771556,0.494433,0.943885
1091,9.091667,0.017964,0.017057,0.854084,0.519546,-0.924116,0.442128,0.039125,-0.067263,-0.063935,0.645514,0.758089,-0.591626,0.532972,0.040264,0.010528,0.001185,-0.788137,-0.615409,-0.771560,0.494566,0.943877
1092,9.100000,0.017956,0.017034,0.854084,0.519546,-0.924120,0.442130,0.039131,-0.067274,-0.063897,0.645518,0.758088,-0.591632,0.532975,0.040267,0.009823,0.001900,-0.788314,-0.615192,-0.771640,0.494866,0.943935
1093,9.108333,0.017920,0.017021,0.854073,0.519565,-0.924121,0.442131,0.039132,-0.067317,-0.063909,0.645525,0.758078,-0.591634,0.532976,0.040270,0.009650,0.002163,-0.788543,-0.614901,-0.771767,0.495089,0.944143
1094,9.116667,0.017886,0.017018,0.854071,0.519571,-0.924128,0.442131,0.039123,-0.067348,-0.063962,0.645512,0.758081,-0.591641,0.532975,0.040270,0.009042,0.002476,-0.788700,-0.614706,-0.771848,0.495346,0.944238
1095,9.125000,0.017917,0.017005,0.854064,0.519582,-0.924132,0.442130,0.039133,-0.067376,-0.063978,0.645511,0.758078,-0.591640,0.532975,0.040274,0.008746,0.002832,-0.788940,-0.614401,-0.771943,0.495535,0.944337
1096,9.133333,0.017839,0.016981,0.854060,0.519591,-0.924140,0.442127,0.039139,-0.067401,-0.063971,0.645511,0.758077,-0.591645,0.532974,0.040272,0.008709,0.002975,-0.789219,-0.614043,-0.772029,0.495664,0.944399
1097,9.141667,0.017824,0.016956,0.854057,0.519598,-0.924141,0.442125,0.039143,-0.067436,-0.064001,0.645520,0.758063,-0.591645,0.532975,0.040269,0.008780,0.003303,-0.789467,-0.613721,-0.772117,0.495773,0.944456
1098,9.150000,0.017780,0.016902,0.854051,0.519610,-0.924150,0.442128,0.039140,-0.067451,-0.064011,0.645512,0.758068,-0.591648,0.532980,0.040275,0.010016,0.003601,-0.789818,-0.613249,-0.772040,0.495589,0.944282
1099,9.158333,0.017812,0.016893,0.854052,0.519608,-0.924148,0.442127,0.039130,-0.067502,-0.064040,0.645519,0.758055,-0.591649,0.532984,0.040271,0.009647,0.003420,-0.789837,-0.613232,-0.772109,0.495768,0.944169
1100,9.166667,0.017749,0.016871,0.854057,0.519602,-0.924146,0.442129,0.039137,-0.067483,-0.064061,0.645527,0.758048,-0.591654,0.532978,0.040270,0.009844,0.003245,-0.789858,-0.613202,-0.772170,0.495813,0.944196
1101,9.175000,0.017702,0.016845,0.854057,0.519606,-0.924145,0.442129,0.039144,-0.067532,-0.064086,0.645542,0.758029,-0.591658,0.532979,0.040270,0.009716,0.002775,-0.789950,-0.613088,-0.772177,0.495785,0.944249
1102,9.183333,0.017744,0.016835,0.854059,0.519601,-0.924152,0.442132,0.039141,-0.067543,-0.064127,0.645519,0.758044,-0.591659,0.532984,0.040272,0.009888,0.002085,-0.790138,-0.612846,-0.772343,0.495730,0.944346
1103,9.191667,0.017701,0.016937,0.854053,0.519609,-0.924149,0.442131,0.039138,-0.067597,-0.064151,0.645517,0.758039,-0.591663,0.532982,0.040278,0.009581,0.002060,-0.790152,-0.612833,-0.772391,0.495834,0.944307
1104,9.200000,0.017688,0.016871,0.854050,0.519617,-0.924147,0.442133,0.039134,-0.067547,-0.064119,0.645517,0.758046,-0.591668,0.532982,0.040269,0.009285,0.001921,-0.790227,-0.612741,-0.772416,0.495879,0.944267
1105,9.208333,0.017704,0.016860,0.854044,0.519626,-0.924152,0.442133,0.039136,-0.067585,-0.064130,0.645503,0.758054,-0.591672,0.532983,0.040267,0.008799,0.001671,-0.790373,-0.612560,-0.772463,0.495895,0.944245
1106,9.216667,0.017662,0.016833,0.854055,0.519610,-0.924151,0.442133,0.039131,-0.067580,-0.064149,0.645493,0.758061,-0.591672,0.532986,0.040271,0.009545,0.000587,-0.790365,-0.612562,-0.772533,0.495676,0.944279
1107,9.225000,0.017640,0.016793,0.854052,0.519617,-0.924157,0.442132,0.039132,-0.067622,-0.064171,0.645498,0.758051,-0.591676,0.532982,0.040265,0.009481,0.000221,-0.790371,-0.612555,-0.772552,0.495710,0.944252
1108,9.233333,0.017648,0.016834,0.854050,0.519618,-0.924158,0.442132,0.039132,-0.067623,-0.064178,0.645500,0.758049,-0.591679,0.532982,0.040263,0.009332,0.000050,-0.790412,-0.612504,-0.772594,0.495751,0.944283
1109,9.241667,0.017685,0.016898,0.854065,0.519592,-0.924163,0.442131,0.039130,-0.067630,-0.064201,0.645515,0.758034,-0.591681,0.532982,0.040267,0.009708,-0.000314,-0.790434,-0.612471,-0.772626,0.495713,0.944394
1110,9.250000,0.017648,0.016866,0.854052,0.519614,-0.924163,0.442132,0.039133,-0.067656,-0.064219,0.645488,0.758053,-0.591683,0.532977,0.040269,0.009410,-0.000149,-0.790465,-0.612435,-0.772635,0.495774,0.944357
1111,9.258333,0.017646,0.016902,0.854053,0.519611,-0.924162,0.442135,0.039129,-0.067657,-0.064240,0.645481,0.758057,-0.591685,0.532983,0.040265,0.009707,-0.000423,-0.790496,-0.612390,-0.772685,0.495756,0.944454
1112,9.266667,0.017638,0.016870,0.854055,0.519609,-0.924163,0.442134,0.039131,-0.067682,-0.064236,0.645473,0.758062,-0.591686,0.532979,0.040262,0.009673,-0.000424,-0.790508,-0.612376,-0.772712,0.495782,0.944475
1113,9.275000,0.017634,0.016884,0.854060,0.519601,-0.924165,0.442138,0.039132,-0.067696,-0.064294,0.645471,0.758058,-0.591686,0.532981,0.040262,0.009060,0.000119,-0.790571,-0.612303,-0.772739,0.495873,0.944453
1114,9.283333,0.017649,0.016851,0.854062,0.519599,-0.924164,0.442135,0.039125,-0.067663,-0.064250,0.645468,0.758066,-0.591686,0.532973,0.040261,0.008800,0.000172,-0.790558,-0.612324,-0.772813,0.495973,0.944519
1115,9.291667,0.017644,0.016868,0.854061,0.519600,-0.924162,0.442138,0.039125,-0.067719,-0.064298,0.645457,0.758067,-0.591688,0.532978,0.040260,0.008675,0.000314,-0.790564,-0.612318,-0.772847,0.496024,0.944530
1116,9.300000,0.017638,0.016843,0.854068,0.519589,-0.924167,0.442139,0.039125,-0.067675,-0.064260,0.645444,0.758085,-0.591686,0.532974,0.040263,0.008749,0.000297,-0.790554,-0.612330,-0.772880,0.496029,0.944594
1117,9.308333,0.017602,0.016842,0.854059,0.519606,-0.924168,0.442138,0.039121,-0.067654,-0.064301,0.645450,0.758078,-0.591682,0.532971,0.040261,0.008870,0.000377,-0.790520,-0.612371,-0.772891,0.496058,0.944657
1118,9.316667,0.017625,0.016863,0.854052,0.519615,-0.924173,0.442137,0.039119,-0.067653,-0.064246,0.645440,0.758091,-0.591682,0.532973,0.040263,0.008979,0.000396,-0.790458,-0.612451,-0.772914,0.496079,0.944698
1119,9.325000,0.017593,0.016878,0.854057,0.519607,-0.924175,0.442136,0.039122,-0.067661,-0.064268,0.645411,0.758114,-0.591686,0.532969,0.040262,0.009180,0.000344,-0.790390,-0.612535,-0.772934,0.496090,0.944749
1120,9.333333,0.017550,0.016819,0.854066,0.519596,-0.924168,0.442136,0.039124,-0.067685,-0.064295,0.645419,0.758102,-0.591682,0.532967,0.040258,0.009114,0.000352,-0.790305,-0.612646,-0.772954,0.496106,0.944763
1121,9.341667,0.017576,0.016870,0.854052,0.519617,-0.924174,0.442131,0.039125,-0.067669,-0.064261,0.645417,0.758108,-0.591679,0.532965,0.040261,0.009337,0.000326,-0.790166,-0.612822,-0.772950,0.496131,0.944808
1122,9.350000,0.017543,0.016904,0.854056,0.519611,-0.924173,0.442136,0.039120,-0.067589,-0.064197,0.645406,0.758130,-0.591675,0.532965,0.040260,0.009073,0.000507,-0.790085,-0.612929,-0.772928,0.496141,0.944814
1123,9.358333,0.017579,0.016897,0.854054,0.519612,-0.924173,0.442138,0.039122,-0.067571,-0.064165,0.645411,0.758130,-0.591674,0.532966,0.040260,0.009122,0.000709,-0.789880,-0.613193,-0.772883,0.496211,0.944802
1124,9.366667,0.017561,0.016835,0.854054,0.519615,-0.924172,0.442138,0.039127,-0.067538,-0.064145,0.645391,0.758152,-0.591669,0.532969,0.040260,0.009121,0.000674,-0.789727,-0.613390,-0.772893,0.496242,0.944860
1125,9.375000,0.017551,0.016868,0.854051,0.519620,-0.924173,0.442138,0.039121,-0.067528,-0.064178,0.645413,0.758131,-0.591671,0.532964,0.040259,0.009162,0.000674,-0.789623,-0.613524,-0.772906,0.496255,0.944918
1126,9.383333,0.017575,0.016908,0.854048,0.519623,-0.924176,0.442137,0.039121,-0.067503,-0.064153,0.645397,0.758149,-0.591664,0.532960,0.040261,0.009319,0.000908,-0.789469,-0.613719,-0.772838,0.496282,0.944939
1127,9.391667,0.017501,0.016894,0.854047,0.519626,-0.924174,0.442136,0.039130,-0.067462,-0.064071,0.645405,0.758153,-0.591661,0.532962,0.040264,0.009546,0.001076,-0.789396,-0.613809,-0.772731,0.496279,0.944897
1128,9.400000,0.017546,0.016903,0.854036,0.519643,-0.924172,0.442138,0.039127,-0.067457,-0.064083,0.645419,0.758141,-0.591656,0.532960,0.040261,0.009660,0.001164,-0.789401,-0.613800,-0.772678,0.496257,0.944919
1129,9.408333,0.017515,0.016959,0.854044,0.519629,-0.924174,0.442140,0.039131,-0.067441,-0.064050,0.645430,0.758135,-0.591652,0.532964,0.040260,0.009920,0.000967,-0.789363,-0.613846,-0.772656,0.496217,0.945007
1130,9.416667,0.017468,0.016940,0.854048,0.519625,-0.924172,0.442141,0.039135,-0.067437,-0.064076,0.645402,0.758157,-0.591653,0.532959,0.040263,0.009806,0.001003,-0.789126,-0.614152,-0.772676,0.496329,0.945030
1131,9.425000,0.017452,0.016940,0.854047,0.519628,-0.924170,0.442143,0.039133,-0.067404,-0.063993,0.645415,0.758156,-0.591650,0.532960,0.040266,0.009591,0.001011,-0.788928,-0.614409,-0.772678,0.496404,0.945089
1132,9.433333,0.017491,0.016946,0.854049,0.519623,-0.924172,0.442145,0.039132,-0.067413,-0.064026,0.645427,0.758143,-0.591653,0.532959,0.040262,0.009456,0.001178,-0.788801,-0.614574,-0.772632,0.496463,0.945123
1133,9.441667,0.017513,0.016980,0.854043,0.519631,-0.924170,0.442144,0.039130,-0.067346,-0.063973,0.645438,0.758143,-0.591653,0.532956,0.040262,0.009416,0.001085,-0.788763,-0.614625,-0.772563,0.496438,0.945195
1134,9.450000,0.017485,0.016987,0.854048,0.519622,-0.924168,0.442147,0.039128,-0.067345,-0.063994,0.645421,0.758157,-0.591650,0.532963,0.040258,0.009499,0.001100,-0.788707,-0.614695,-0.772571,0.496435,0.945241
1135,9.458333,0.017497,0.016969,0.854048,0.519623,-0.924164,0.442148,0.039130,-0.067342,-0.063976,0.645438,0.758144,-0.591645,0.532960,0.040264,0.009588,0.001077,-0.788675,-0.614735,-0.772492,0.496452,0.945267
1136,9.466667,0.017540,0.016979,0.854058,0.519605,-0.924162,0.442145,0.039134,-0.067277,-0.063955,0.645460,0.758133,-0.591638,0.532959,0.040263,0.009425,0.001052,-0.788566,-0.614877,-0.772426,0.496546,0.945309
1137,9.475000,0.017573,0.016952,0.854060,0.519602,-0.924159,0.442144,0.039134,-0.067243,-0.063869,0.645460,0.758143,-0.591630,0.532954,0.040265,0.009404,0.001130,-0.788540,-0.614910,-0.772383,0.496576,0.945326
1138,9.483333,0.017572,0.017018,0.854067,0.519587,-0.924151,0.442145,0.039134,-0.067245,-0.063828,0.645466,0.758141,-0.591624,0.532956,0.040271,0.009346,0.001163,-0.788513,-0.614946,-0.772315,0.496615,0.945353
1139,9.491667,0.017541,0.017078,0.854079,0.519567,-0.924146,0.442148,0.039136,-0.067159,-0.063763,0.645451,0.758167,-0.591624,0.532957,0.040269,0.009574,0.000942,-0.788470,-0.614998,-0.772243,0.496600,0.945369
1140,9.500000,0.017607,0.017074,0.854078,0.519567,-0.924145,0.442147,0.039133,-0.067152,-0.063765,0.645464,0.758156,-0.591626,0.532952,0.040272,0.009619,0.000951,-0.788468,-0.615000,-0.772203,0.496614,0.945391
1141,9.508333,0.017618,0.017085,0.854084,0.519555,-0.924139,0.442146,0.039131,-0.067152,-0.063747,0.645457,0.758164,-0.591623,0.532950,0.040273,0.009641,0.001018,-0.788450,-0.615022,-0.772151,0.496622,0.945425
1142,9.516667,0.017666,0.017143,0.854082,0.519555,-0.924138,0.442148,0.039129,-0.067105,-0.063688,0.645463,0.758168,-0.591617,0.532953,0.040267,0.009689,0.001054,-0.788436,-0.615040,-0.772105,0.496634,0.945457
1143,9.525000,0.017653,0.017205,0.854095,0.519532,-0.924133,0.442149,0.039132,-0.067102,-0.063708,0.645468,0.758162,-0.591614,0.532951,0.040269,0.009574,0.001015,-0.788346,-0.615157,-0.771974,0.496669,0.945458
1144,9.533333,0.017654,0.017204,0.854091,0.519540,-0.924136,0.442150,0.039130,-0.067076,-0.063675,0.645460,0.758174,-0.591615,0.532951,0.040268,0.009560,0.001146,-0.788323,-0.615187,-0.771933,0.496693,0.945494
1145,9.541667,0.017617,0.017126,0.854095,0.519536,-0.924129,0.442157,0.039134,-0.067097,-0.063691,0.645465,0.758166,-0.591609,0.532957,0.040270,0.009637,0.001449,-0.788253,-0.615275,-0.771850,0.496796,0.945465
1146,9.550000,0.017702,0.017253,0.854093,0.519533,-0.924128,0.442155,0.039134,-0.067046,-0.063656,0.645473,0.758167,-0.591608,0.532956,0.040268,0.009667,0.001547,-0.788238,-0.615292,-0.771836,0.496840,0.945504
1147,9.558333,0.017686,0.017222,0.854098,0.519525,-0.924125,0.442156,0.039134,-0.067064,-0.063647,0.645482,0.758159,-0.591609,0.532955,0.040266,0.009574,0.001594,-0.788229,-0.615305,-0.771783,0.496853,0.945527
1148,9.566667,0.017696,0.017276,0.854095,0.519528,-0.924127,0.442157,0.039130,-0.067038,-0.063639,0.645485,0.758159,-0.591604,0.532959,0.040268,0.009375,0.001769,-0.788261,-0.615267,-0.771761,0.496873,0.945595
1149,9.575000,0.017670,0.017318,0.854103,0.519515,-0.924123,0.442165,0.039128,-0.067094,-0.063632,0.645475,0.758163,-0.591606,0.532963,0.040262,0.009461,0.001833,-0.788233,-0.615302,-0.771706,0.496895,0.945590
1150,9.583333,0.017781,0.017387,0.854090,0.519530,-0.924121,0.442164,0.039128,-0.067029,-0.063572,0.645488,0.758163,-0.591601,0.532962,0.040264,0.009187,0.001988,-0.788248,-0.615285,-0.771672,0.496895,0.945678
1151,9.591667,0.017743,0.017362,0.854090,0.519533,-0.924119,0.442164,0.039128,-0.067021,-0.063588,0.645475,0.758173,-0.591601,0.532966,0.040266,0.009161,0.001938,-0.788278,-0.615248,-0.771637,0.496876,0.945753
1152,9.600000,0.017738,0.017337,0.854100,0.519517,-0.924110,0.442167,0.039132,-0.067033,-0.063599,0.645498,0.758152,-0.591603,0.532962,0.040265,0.009116,0.001999,-0.788296,-0.615225,-0.771596,0.496864,0.945785
1153,9.608333,0.017756,0.017389,0.854091,0.519529,-0.924109,0.442168,0.039134,-0.067060,-0.063603,0.645486,0.758159,-0.591604,0.532967,0.040268,0.008939,0.002292,-0.788245,-0.615293,-0.771518,0.496871,0.945819
1154,9.616667,0.017741,0.017358,0.854094,0.519526,-0.924105,0.442170,0.039130,-0.067069,-0.063631,0.645487,0.758155,-0.591602,0.532967,0.040264,0.008828,0.002309,-0.788224,-0.615321,-0.771479,0.496889,0.945886
1155,9.625000,0.017767,0.017412,0.854081,0.519546,-0.924108,0.442169,0.039133,-0.067022,-0.063583,0.645489,0.758162,-0.591598,0.532967,0.040262,0.008762,0.002385,-0.788192,-0.615363,-0.771440,0.496902,0.945906
1156,9.633333,0.017742,0.017431,0.854076,0.519554,-0.924108,0.442177,0.039126,-0.067040,-0.063606,0.645509,0.758141,-0.591600,0.532968,0.040259,0.008787,0.002532,-0.788129,-0.615442,-0.771340,0.496928,0.945890
1157,9.641667,0.017781,0.017465,0.854071,0.519559,-0.924108,0.442177,0.039133,-0.067031,-0.063563,0.645480,0.758171,-0.591597,0.532970,0.040261,0.008626,0.002666,-0.788099,-0.615483,-0.771308,0.496956,0.945921
1158,9.650000,0.017781,0.017504,0.854068,0.519562,-0.924111,0.442178,0.039128,-0.067064,-0.063619,0.645477,0.758165,-0.591599,0.532970,0.040255,0.008465,0.002665,-0.788079,-0.615511,-0.771282,0.496962,0.945951
1159,9.658333,0.017753,0.017496,0.854072,0.519557,-0.924107,0.442179,0.039134,-0.067012,-0.063579,0.645488,0.758164,-0.591602,0.532969,0.040262,0.008391,0.002690,-0.788070,-0.615522,-0.771263,0.496972,0.945976
1160,9.666667,0.017779,0.017539,0.854070,0.519558,-0.924109,0.442182,0.039129,-0.067033,-0.063572,0.645499,0.758153,-0.591600,0.532973,0.040252,0.008073,0.002839,-0.788027,-0.615581,-0.771253,0.497019,0.946054
1161,9.675000,0.017777,0.017560,0.854071,0.519556,-0.924103,0.442177,0.039134,-0.067051,-0.063594,0.645500,0.758149,-0.591599,0.532973,0.040260,0.007974,0.002876,-0.788023,-0.615588,-0.771229,0.497033,0.946075
1162,9.683333,0.017810,0.017546,0.854067,0.519562,-0.924110,0.442179,0.039132,-0.067063,-0.063596,0.645498,0.758149,-0.591598,0.532971,0.040259,0.007950,0.002911,-0.788045,-0.615560,-0.771217,0.497046,0.946105
1163,9.691667,0.017790,0.017505,0.854065,0.519567,-0.924102,0.442175,0.039130,-0.067016,-0.063574,0.645515,0.758141,-0.591599,0.532977,0.040260,0.007916,0.002957,-0.788078,-0.615517,-0.771213,0.497060,0.946130
1164,9.700000,0.017767,0.017465,0.854065,0.519570,-0.924105,0.442177,0.039130,-0.066954,-0.063537,0.645522,0.758143,-0.591601,0.532970,0.040256,0.007706,0.003175,-0.788121,-0.615464,-0.771224,0.497105,0.946157
1165,9.708333,0.017770,0.017539,0.854067,0.519563,-0.924106,0.442173,0.039132,-0.067046,-0.063572,0.645536,0.758120,-0.591599,0.532969,0.040261,0.007653,0.003242,-0.788159,-0.615416,-0.771221,0.497125,0.946186
1166,9.716667,0.017809,0.017476,0.854077,0.519549,-0.924103,0.442177,0.039131,-0.067001,-0.063547,0.645520,0.758140,-0.591596,0.532972,0.040253,0.007563,0.003272,-0.788179,-0.615391,-0.771211,0.497133,0.946195
1167,9.725000,0.017793,0.017418,0.854079,0.519547,-0.924104,0.442176,0.039129,-0.066978,-0.063538,0.645519,0.758144,-0.591593,0.532971,0.040253,0.007533,0.003213,-0.788257,-0.615292,-0.771194,0.497103,0.946236
1168,9.733333,0.017801,0.017488,0.854075,0.519551,-0.924104,0.442176,0.039130,-0.066988,-0.063526,0.645533,0.758132,-0.591594,0.532972,0.040257,0.007475,0.003357,-0.788270,-0.615274,-0.771203,0.497126,0.946248
1169,9.741667,0.017809,0.017418,0.854080,0.519546,-0.924101,0.442176,0.039130,-0.066968,-0.063559,0.645546,0.758120,-0.591596,0.532970,0.040252,0.007815,0.003408,-0.788345,-0.615175,-0.771211,0.497126,0.946364
1170,9.750000,0.017815,0.017431,0.854087,0.519533,-0.924109,0.442173,0.039127,-0.067005,-0.063579,0.645534,0.758126,-0.591590,0.532974,0.040249,0.007823,0.003505,-0.788391,-0.615114,-0.771207,0.497129,0.946401
1171,9.758333,0.017778,0.017463,0.854078,0.519548,-0.924108,0.442172,0.039128,-0.066977,-0.063540,0.645570,0.758101,-0.591595,0.532969,0.040252,0.007714,0.003559,-0.788439,-0.615055,-0.771204,0.497144,0.946409
1172,9.766667,0.017807,0.017422,0.854086,0.519535,-0.924110,0.442174,0.039124,-0.066967,-0.063579,0.645546,0.758118,-0.591596,0.532971,0.040246,0.007650,0.003540,-0.788491,-0.614988,-0.771186,0.497144,0.946415
1173,9.775000,0.017809,0.017408,0.854082,0.519543,-0.924109,0.442173,0.039129,-0.066983,-0.063584,0.645563,0.758102,-0.591600,0.532962,0.040249,0.007624,0.003621,-0.788550,-0.614912,-0.771179,0.497144,0.946446
1174,9.783333,0.017825,0.017369,0.854079,0.519548,-0.924114,0.442173,0.039129,-0.067012,-0.063604,0.645578,0.758085,-0.591601,0.532967,0.040248,0.007737,0.003587,-0.788597,-0.614851,-0.771169,0.497120,0.946465
1175,9.791667,0.017807,0.017426,0.854077,0.519549,-0.924113,0.442167,0.039132,-0.066990,-0.063592,0.645590,0.758077,-0.591600,0.532966,0.040254,0.007676,0.003629,-0.788655,-0.614778,-0.771141,0.497097,0.946488
1176,9.800000,0.017848,0.017398,0.854078,0.519548,-0.924112,0.442166,0.039129,-0.066984,-0.063564,0.645573,0.758095,-0.591601,0.532966,0.040250,0.007518,0.003806,-0.788770,-0.614630,-0.771167,0.497022,0.946638
1177,9.808333,0.017814,0.017377,0.854086,0.519537,-0.924114,0.442166,0.039130,-0.066962,-0.063602,0.645586,0.758083,-0.591599,0.532965,0.040246,0.007408,0.003667,-0.788799,-0.614596,-0.771144,0.497072,0.946550
1178,9.816667,0.017780,0.017317,0.854084,0.519543,-0.924111,0.442166,0.039128,-0.066961,-0.063568,0.645571,0.758099,-0.591595,0.532963,0.040255,0.007613,0.003716,-0.788846,-0.614533,-0.771137,0.496999,0.946671
1179,9.825000,0.017808,0.017291,0.854080,0.519548,-0.924114,0.442166,0.039130,-0.066948,-0.063563,0.645566,0.758105,-0.591596,0.532963,0.040247,0.007429,0.003833,-0.788913,-0.614448,-0.771125,0.497003,0.946718
1180,9.833333,0.017801,0.017262,0.854071,0.519565,-0.924116,0.442165,0.039133,-0.066981,-0.063578,0.645559,0.758106,-0.591598,0.532968,0.040251,0.007389,0.003823,-0.788942,-0.614412,-0.771122,0.496997,0.946733
1181,9.841667,0.017831,0.017281,0.854078,0.519552,-0.924120,0.442168,0.039135,-0.066962,-0.063589,0.645578,0.758091,-0.591598,0.532967,0.040252,0.007227,0.003857,-0.789006,-0.614331,-0.771089,0.496993,0.946726
1182,9.850000,0.017823,0.017274,0.854077,0.519554,-0.924121,0.442163,0.039137,-0.066994,-0.063584,0.645594,0.758075,-0.591594,0.532965,0.040256,0.006975,0.003866,-0.789081,-0.614238,-0.771047,0.496984,0.946704
1183,9.858333,0.017839,0.017273,0.854076,0.519555,-0.924121,0.442160,0.039134,-0.066982,-0.063595,0.645592,0.758076,-0.591601,0.532969,0.040258,0.006809,0.003943,-0.789112,-0.614199,-0.771014,0.496969,0.946719
1184,9.866667,0.017838,0.017252,0.854057,0.519587,-0.924128,0.442158,0.039139,-0.067001,-0.063625,0.645603,0.758063,-0.591596,0.532969,0.040256,0.006436,0.003938,-0.789221,-0.614062,-0.770954,0.496973,0.946685
1185,9.875000,0.017770,0.017178,0.854065,0.519579,-0.924121,0.442158,0.039141,-0.066976,-0.063613,0.645584,0.758083,-0.591602,0.532966,0.040261,0.006142,0.003816,-0.789312,-0.613950,-0.770952,0.496916,0.946713
1186,9.883333,0.017844,0.017181,0.854063,0.519579,-0.924123,0.442155,0.039141,-0.066979,-0.063593,0.645602,0.758069,-0.591599,0.532963,0.040260,0.006135,0.003661,-0.789514,-0.613691,-0.770882,0.496796,0.946771
1187,9.891667,0.017808,0.017123,0.854076,0.519561,-0.924125,0.442158,0.039139,-0.066983,-0.063599,0.645621,0.758052,-0.591600,0.532964,0.040259,0.006021,0.003824,-0.789750,-0.613388,-0.770876,0.496659,0.946855
1188,9.900000,0.017801,0.017107,0.854075,0.519563,-0.924126,0.442156,0.039141,-0.066985,-0.063630,0.645618,0.758051,-0.591602,0.532966,0.040260,0.005974,0.003830,-0.789903,-0.613192,-0.770872,0.496616,0.946861
1189,9.908333,0.017804,0.017149,0.854061,0.519585,-0.924131,0.442150,0.039146,-0.066958,-0.063602,0.645617,0.758057,-0.591604,0.532967,0.040261,0.005817,0.003891,-0.789964,-0.613113,-0.770883,0.496612,0.946892
1190,9.916667,0.017793,0.017086,0.854055,0.519598,-0.924135,0.442148,0.039141,-0.067002,-0.063626,0.645629,0.758040,-0.591606,0.532964,0.040261,0.005696,0.004021,-0.790026,-0.613033,-0.770885,0.496610,0.946929
1191,9.925000,0.017839,0.017059,0.854044,0.519615,-0.924135,0.442147,0.039146,-0.066977,-0.063585,0.645629,0.758046,-0.591604,0.532970,0.040261,0.005680,0.004025,-0.790101,-0.612937,-0.770888,0.496602,0.946931
1192,9.933333,0.017824,0.017026,0.854062,0.519586,-0.924136,0.442142,0.039140,-0.066973,-0.063616,0.645620,0.758052,-0.591606,0.532968,0.040260,0.005887,0.004107,-0.790328,-0.612643,-0.770849,0.496508,0.946930
1193,9.941667,0.017830,0.017021,0.854057,0.519595,-0.924140,0.442141,0.039145,-0.066950,-0.063571,0.645656,0.758027,-0.591607,0.532966,0.040263,0.005897,0.004175,-0.790433,-0.612506,-0.770813,0.496460,0.946944
1194,9.950000,0.017768,0.016904,0.854048,0.519616,-0.924140,0.442140,0.039145,-0.066935,-0.063606,0.645645,0.758034,-0.591606,0.532965,0.040261,0.005905,0.004174,-0.790517,-0.612398,-0.770792,0.496427,0.946960
1195,9.958333,0.017809,0.016897,0.854050,0.519611,-0.924142,0.442133,0.039141,-0.066889,-0.063600,0.645662,0.758025,-0.591604,0.532964,0.040262,0.005912,0.004170,-0.790590,-0.612303,-0.770786,0.496399,0.946979
1196,9.966667,0.017821,0.016938,0.854055,0.519601,-0.924147,0.442127,0.039139,-0.066877,-0.063543,0.645663,0.758030,-0.591603,0.532960,0.040257,0.005815,0.003958,-0.790535,-0.612376,-0.770773,0.496447,0.947016
1197,9.975000,0.017782,0.016813,0.854053,0.519610,-0.924151,0.442122,0.039144,-0.066854,-0.063578,0.645669,0.758024,-0.591607,0.532958,0.040255,0.005645,0.003896,-0.790600,-0.612294,-0.770771,0.496415,0.946977
1198,9.983333,0.017799,0.016756,0.854051,0.519615,-0.924152,0.442118,0.039140,-0.066848,-0.063541,0.645662,0.758033,-0.591603,0.532954,0.040256,0.005717,0.003696,-0.790629,-0.612257,-0.770747,0.496416,0.947024
1199,9.991667,0.017829,0.016752,0.854044,0.519625,-0.924156,0.442114,0.039137,-0.066860,-0.063577,0.645683,0.758011,-0.591602,0.532955,0.040256,0.005609,0.003816,-0.790720,-0.612140,-0.770781,0.496462,0.946983
1200,10.000000,0.017832,0.016715,0.854048,0.519620,-0.924158,0.442109,0.039137,-0.066796,-0.063532,0.645692,0.758014,-0.591601,0.532954,0.040258,0.005649,0.003783,-0.790772,-0.612074,-0.770714,0.496428,0.947004
1201,10.008333,0.017877,0.016726,0.854056,0.519606,-0.924156,0.442107,0.039136,-0.066766,-0.063494,0.645677,0.758032,-0.591598,0.532952,0.040258,0.005822,0.003837,-0.790909,-0.611894,-0.770762,0.496406,0.947017
1202,10.016667,0.017931,0.016725,0.854064,0.519590,-0.924157,0.442104,0.039135,-0.066779,-0.063472,0.645660,0.758047,-0.591594,0.532953,0.040257,0.005905,0.003880,-0.790998,-0.611778,-0.770762,0.496383,0.947049
1203,10.025000,0.017972,0.016729,0.854061,0.519594,-0.924154,0.442102,0.039129,-0.066738,-0.063495,0.645681,0.758031,-0.591593,0.532948,0.040253,0.005862,0.003954,-0.791089,-0.611661,-0.770761,0.496372,0.947055
1204,10.033333,0.017932,0.016806,0.854074,0.519570,-0.924153,0.442100,0.039126,-0.066740,-0.063489,0.645682,0.758030,-0.591599,0.532948,0.040251,0.006182,0.003562,-0.791112,-0.611629,-0.770705,0.496262,0.947032
1205,10.041667,0.018015,0.016813,0.854082,0.519555,-0.924153,0.442096,0.039132,-0.066757,-0.063496,0.645675,0.758034,-0.591593,0.532949,0.040256,0.006328,0.003529,-0.791238,-0.611466,-0.770685,0.496188,0.947059
1206,10.050000,0.017958,0.016816,0.854086,0.519550,-0.924149,0.442094,0.039122,-0.066694,-0.063478,0.645667,0.758048,-0.591596,0.532948,0.040249,0.006115,0.003662,-0.791420,-0.611232,-0.770653,0.496134,0.947109
1207,10.058333,0.018008,0.016796,0.854091,0.519540,-0.924150,0.442090,0.039123,-0.066709,-0.063447,0.645667,0.758049,-0.591596,0.532946,0.040246,0.006240,0.003643,-0.791584,-0.611017,-0.770584,0.496065,0.947122
1208,10.066667,0.017992,0.016775,0.854100,0.519527,-0.924150,0.442088,0.039126,-0.066708,-0.063415,0.645667,0.758052,-0.591591,0.532945,0.040251,0.006122,0.003554,-0.791704,-0.610864,-0.770562,0.495993,0.947155
1209,10.075000,0.017966,0.016729,0.854098,0.519532,-0.924151,0.442089,0.039125,-0.066691,-0.063471,0.645682,0.758036,-0.591593,0.532945,0.040247,0.005951,0.003697,-0.791790,-0.610753,-0.770515,0.495969,0.947179
1210,10.083333,0.017992,0.016760,0.854111,0.519509,-0.924149,0.442088,0.039125,-0.066724,-0.063447,0.645671,0.758044,-0.591594,0.532946,0.040246,0.006073,0.003770,-0.791884,-0.610630,-0.770507,0.495960,0.947195
1211,10.091667,0.017990,0.016812,0.854120,0.519493,-0.924149,0.442093,0.039129,-0.066700,-0.063425,0.645679,0.758042,-0.591590,0.532949,0.040250,0.005956,0.003940,-0.791956,-0.610536,-0.770506,0.495984,0.947238
1212,10.100000,0.017993,0.016806,0.854123,0.519487,-0.924143,0.442093,0.039130,-0.066705,-0.063432,0.645662,0.758055,-0.591594,0.532948,0.040251,0.005270,0.003967,-0.792193,-0.610235,-0.770447,0.495969,0.947261
1213,10.108333,0.018030,0.016833,0.854111,0.519506,-0.924147,0.442094,0.039128,-0.066674,-0.063446,0.645672,0.758048,-0.591592,0.532954,0.040251,0.005348,0.003899,-0.792304,-0.610091,-0.770368,0.495887,0.947317
1214,10.116667,0.017987,0.016842,0.854115,0.519500,-0.924143,0.442102,0.039130,-0.066691,-0.063414,0.645694,0.758031,-0.591593,0.532952,0.040248,0.005187,0.004066,-0.792460,-0.609888,-0.770299,0.495867,0.947314
1215,10.125000,0.017994,0.016833,0.854123,0.519487,-0.924143,0.442100,0.039130,-0.066655,-0.063385,0.645683,0.758045,-0.591592,0.532956,0.040250,0.005023,0.004576,-0.792574,-0.609739,-0.770211,0.495894,0.947354
1216,10.133333,0.017948,0.016836,0.854132,0.519473,-0.924138,0.442102,0.039134,-0.066634,-0.063380,0.645707,0.758027,-0.591592,0.532954,0.040249,0.004580,0.005029,-0.792750,-0.609509,-0.770195,0.495900,0.947478
1217,10.141667,0.017924,0.016795,0.854133,0.519475,-0.924136,0.442103,0.039137,-0.066700,-0.063392,0.645700,0.758027,-0.591590,0.532956,0.040250,0.004188,0.005085,-0.792454,-0.609896,-0.770150,0.495467,0.947642
1218,10.150000,0.017974,0.016838,0.854137,0.519464,-0.924139,0.442108,0.039136,-0.066664,-0.063385,0.645707,0.758024,-0.591588,0.532955,0.040253,0.004197,0.005574,-0.792582,-0.609725,-0.770201,0.495545,0.947816
1219,10.158333,0.017947,0.016757,0.854130,0.519480,-0.924136,0.442106,0.039141,-0.066663,-0.063411,0.645699,0.758029,-0.591595,0.532957,0.040250,0.003639,0.005957,-0.792604,-0.609697,-0.770180,0.495594,0.947872
1220,10.166667,0.017957,0.016828,0.854142,0.519457,-0.924136,0.442108,0.039141,-0.066684,-0.063395,0.645698,0.758029,-0.591593,0.532960,0.040249,0.003563,0.006121,-0.792643,-0.609644,-0.770182,0.495621,0.947921
1221,10.175000,0.017980,0.016840,0.854140,0.519460,-0.924141,0.442106,0.039144,-0.066704,-0.063391,0.645712,0.758016,-0.591592,0.532960,0.040251,0.003205,0.006324,-0.792691,-0.609582,-0.770147,0.495620,0.947979
1222,10.183333,0.017896,0.016772,0.854138,0.519467,-0.924134,0.442108,0.039146,-0.066666,-0.063350,0.645710,0.758025,-0.591594,0.532964,0.040252,0.002938,0.006442,-0.792669,-0.609612,-0.770077,0.495620,0.948031
1223,10.191667,0.017915,0.016817,0.854141,0.519461,-0.924133,0.442109,0.039140,-0.066708,-0.063375,0.645721,0.758009,-0.591591,0.532963,0.040254,0.002803,0.006540,-0.792636,-0.609653,-0.770007,0.495601,0.948058
1224,10.200000,0.017939,0.016842,0.854146,0.519451,-0.924131,0.442113,0.039144,-0.066689,-0.063365,0.645703,0.758027,-0.591587,0.532969,0.040253,0.003139,0.005854,-0.792479,-0.609864,-0.769811,0.495573,0.947856
1225,10.208333,0.017975,0.016830,0.854152,0.519440,-0.924128,0.442115,0.039150,-0.066677,-0.063359,0.645698,0.758033,-0.591586,0.532963,0.040256,0.003419,0.005706,-0.792436,-0.609920,-0.769690,0.495548,0.947819
1226,10.216667,0.017957,0.016864,0.854155,0.519435,-0.924121,0.442117,0.039144,-0.066705,-0.063333,0.645697,0.758034,-0.591584,0.532965,0.040255,0.003420,0.005655,-0.792349,-0.610032,-0.769584,0.495531,0.947840
1227,10.225000,0.017967,0.016962,0.854167,0.519411,-0.924119,0.442120,0.039140,-0.066657,-0.063296,0.645709,0.758031,-0.591582,0.532966,0.040257,0.003419,0.005658,-0.792285,-0.610115,-0.769502,0.495506,0.947874
1228,10.233333,0.018033,0.016959,0.854164,0.519414,-0.924116,0.442126,0.039147,-0.066624,-0.063265,0.645703,0.758041,-0.591580,0.532967,0.040260,0.003461,0.005761,-0.792233,-0.610182,-0.769429,0.495484,0.947920
1229,10.241667,0.018039,0.017082,0.854162,0.519414,-0.924110,0.442125,0.039145,-0.066620,-0.063254,0.645678,0.758064,-0.591577,0.532966,0.040253,0.003467,0.005708,-0.792200,-0.610225,-0.769378,0.495486,0.947915
1230,10.250000,0.018025,0.017107,0.854170,0.519400,-0.924106,0.442128,0.039143,-0.066641,-0.063241,0.645699,0.758045,-0.591578,0.532970,0.040254,0.003488,0.005687,-0.792163,-0.610273,-0.769332,0.495488,0.947925
1231,10.258333,0.018083,0.017180,0.854173,0.519391,-0.924103,0.442132,0.039140,-0.066620,-0.063226,0.645703,0.758045,-0.591574,0.532969,0.040259,0.003545,0.005642,-0.792177,-0.610255,-0.769309,0.495517,0.947914
1232,10.266667,0.018078,0.017237,0.854171,0.519393,-0.924096,0.442135,0.039136,-0.066630,-0.063270,0.645675,0.758064,-0.591577,0.532969,0.040249,0.003424,0.005758,-0.792132,-0.610313,-0.769260,0.495520,0.947942
1233,10.275000,0.018087,0.017293,0.854177,0.519380,-0.924095,0.442137,0.039138,-0.066628,-0.063211,0.645686,0.758059,-0.591574,0.532969,0.040252,0.003331,0.005813,-0.792126,-0.610321,-0.769220,0.495539,0.947943
1234,10.283333,0.018088,0.017355,0.854170,0.519390,-0.924089,0.442141,0.039140,-0.066641,-0.063229,0.645666,0.758074,-0.591573,0.532974,0.040254,0.003358,0.005890,-0.792103,-0.610350,-0.769183,0.495551,0.947972
1235,10.291667,0.018141,0.017401,0.854166,0.519392,-0.924087,0.442146,0.039139,-0.066633,-0.063220,0.645672,0.758070,-0.591575,0.532974,0.040257,0.003143,0.005976,-0.792078,-0.610382,-0.769151,0.495571,0.948002
1236,10.300000,0.018107,0.017432,0.854177,0.519374,-0.924086,0.442149,0.039140,-0.066675,-0.063294,0.645673,0.758060,-0.591577,0.532975,0.040258,0.003156,0.006058,-0.792081,-0.610378,-0.769120,0.495587,0.948026
1237,10.308333,0.018143,0.017505,0.854171,0.519380,-0.924086,0.442154,0.039139,-0.066679,-0.063280,0.645662,0.758070,-0.591575,0.532977,0.040253,0.003091,0.006155,-0.792088,-0.610368,-0.769087,0.495600,0.948052
1238,10.316667,0.018230,0.017542,0.854173,0.519373,-0.924076,0.442152,0.039129,-0.066646,-0.063241,0.645669,0.758071,-0.591571,0.532978,0.040257,0.003118,0.006065,-0.792042,-0.610428,-0.769066,0.495626,0.948093
1239,10.325000,0.018147,0.017517,0.854183,0.519360,-0.924079,0.442155,0.039134,-0.066641,-0.063192,0.645671,0.758073,-0.591570,0.532977,0.040260,0.003084,0.006195,-0.792064,-0.610399,-0.769025,0.495618,0.948080
1240,10.333333,0.018176,0.017516,0.854177,0.519369,-0.924079,0.442159,0.039133,-0.066628,-0.063179,0.645656,0.758088,-0.591573,0.532981,0.040252,0.004216,0.004720,-0.791778,-0.610777,-0.768844,0.495394,0.947761
1241,10.341667,0.018169,0.017586,0.854181,0.519361,-0.924074,0.442159,0.039136,-0.066651,-0.063183,0.645663,0.758080,-0.591573,0.532978,0.040257,0.004153,0.004610,-0.791752,-0.610811,-0.768832,0.495419,0.947780
1242,10.350000,0.018172,0.017655,0.854186,0.519349,-0.924074,0.442161,0.039133,-0.066626,-0.063189,0.645672,0.758074,-0.591574,0.532981,0.040256,0.004084,0.004541,-0.791727,-0.610844,-0.768828,0.495428,0.947793
1243,10.358333,0.018184,0.017694,0.854182,0.519355,-0.924077,0.442163,0.039131,-0.066626,-0.063178,0.645669,0.758077,-0.591579,0.532980,0.040257,0.004060,0.004544,-0.791727,-0.610845,-0.768811,0.495439,0.947815
1244,10.366667,0.018222,0.017705,0.854184,0.519350,-0.924071,0.442170,0.039130,-0.066647,-0.063193,0.645652,0.758089,-0.591573,0.532981,0.040255,0.004029,0.004599,-0.791748,-0.610817,-0.768788,0.495434,0.947808
1245,10.375000,0.018245,0.017711,0.854197,0.519327,-0.924068,0.442171,0.039129,-0.066677,-0.063169,0.645654,0.758086,-0.591571,0.532985,0.040254,0.003904,0.004656,-0.791854,-0.610680,-0.768765,0.495415,0.947826
1246,10.383333,0.018555,0.017928,0.854146,0.519393,-0.924098,0.442176,0.039117,-0.066665,-0.063183,0.645654,0.758086,-0.591574,0.532987,0.040256,0.003844,0.004695,-0.791856,-0.610678,-0.768732,0.495419,0.947832
1247,10.391667,0.018489,0.018017,0.854149,0.519387,-0.924099,0.442182,0.039126,-0.066720,-0.063190,0.645651,0.758083,-0.591577,0.532991,0.040257,0.003777,0.004725,-0.791856,-0.610678,-0.768731,0.495421,0.947841
1248,10.400000,0.018475,0.017943,0.854138,0.519408,-0.924102,0.442180,0.039125,-0.066695,-0.063188,0.645661,0.758077,-0.591578,0.532987,0.040254,0.003812,0.004722,-0.791934,-0.610576,-0.768718,0.495369,0.947826
1249,10.408333,0.018497,0.018001,0.854148,0.519390,-0.924099,0.442182,0.039124,-0.066686,-0.063175,0.645666,0.758075,-0.591580,0.532990,0.040260,0.003578,0.004460,-0.791971,-0.610532,-0.768746,0.495305,0.947909
1250,10.416667,0.018505,0.018027,0.854146,0.519391,-0.924102,0.442184,0.039122,-0.066716,-0.063227,0.645655,0.758077,-0.591577,0.532992,0.040255,0.003494,0.004412,-0.791937,-0.610578,-0.768768,0.495305,0.947927
1251,10.425000,0.018478,0.017956,0.854148,0.519391,-0.924099,0.442185,0.039125,-0.066713,-0.063226,0.645653,0.758080,-0.591578,0.532995,0.040258,0.003418,0.004422,-0.791926,-0.610592,-0.768785,0.495291,0.947946
1252,10.433333,0.018470,0.017922,0.854144,0.519400,-0.924099,0.442188,0.039119,-0.066738,-0.063238,0.645659,0.758071,-0.591579,0.532996,0.040251,0.003355,0.004443,-0.791908,-0.610615,-0.768775,0.495253,0.947950
1253,10.441667,0.018466,0.017911,0.854144,0.519400,-0.924102,0.442185,0.039123,-0.066701,-0.063237,0.645663,0.758071,-0.591581,0.532995,0.040254,0.003449,0.004473,-0.791945,-0.610566,-0.768763,0.495182,0.947943
1254,10.450000,0.018456,0.017955,0.854139,0.519406,-0.924108,0.442182,0.039122,-0.066762,-0.063260,0.645659,0.758067,-0.591583,0.532996,0.040258,0.003468,0.004503,-0.791944,-0.610568,-0.768756,0.495143,0.947935
1255,10.458333,0.018200,0.017750,0.854193,0.519334,-0.924081,0.442178,0.039134,-0.066759,-0.063238,0.645680,0.758051,-0.591579,0.532997,0.040255,0.003486,0.004521,-0.791935,-0.610579,-0.768748,0.495103,0.947939
1256,10.466667,0.018138,0.017667,0.854205,0.519319,-0.924075,0.442175,0.039139,-0.066716,-0.063225,0.645681,0.758055,-0.591582,0.532995,0.040257,0.003497,0.004512,-0.791898,-0.610627,-0.768744,0.495062,0.947934
1257,10.475000,0.018142,0.017700,0.854199,0.519328,-0.924081,0.442175,0.039138,-0.066692,-0.063227,0.645676,0.758061,-0.591582,0.532994,0.040254,0.003502,0.004472,-0.791866,-0.610668,-0.768742,0.495019,0.947928
1258,10.483333,0.018141,0.017688,0.854194,0.519336,-0.924080,0.442175,0.039133,-0.066689,-0.063202,0.645697,0.758046,-0.591577,0.532986,0.040254,0.003477,0.004436,-0.791814,-0.610736,-0.768734,0.494964,0.947929
1259,10.491667,0.018184,0.017654,0.854196,0.519333,-0.924081,0.442175,0.039130,-0.066673,-0.063224,0.645687,0.758054,-0.591572,0.532993,0.040252,0.003476,0.004389,-0.791749,-0.610820,-0.768732,0.494907,0.947922
1260,10.500000,0.018141,0.017635,0.854192,0.519342,-0.924080,0.442175,0.039136,-0.066708,-0.063253,0.645682,0.758053,-0.591573,0.532985,0.040254,0.003489,0.004402,-0.791687,-0.610902,-0.768732,0.494861,0.947925
1261,10.508333,0.018139,0.017583,0.854175,0.519372,-0.924081,0.442170,0.039135,-0.066710,-0.063305,0.645691,0.758041,-0.591574,0.532982,0.040252,0.003622,0.004120,-0.791607,-0.611006,-0.768727,0.494804,0.947868
1262,10.516667,0.018212,0.017586,0.854172,0.519374,-0.924084,0.442167,0.039137,-0.066693,-0.063277,0.645676,0.758057,-0.591574,0.532981,0.040254,0.003662,0.004118,-0.791536,-0.611098,-0.768728,0.494756,0.947865
1263,10.525000,0.018196,0.017579,0.854164,0.519387,-0.924086,0.442166,0.039135,-0.066616,-0.063285,0.645685,0.758055,-0.591571,0.532974,0.040249,0.003657,0.004060,-0.791446,-0.611215,-0.768726,0.494691,0.947843
1264,10.533333,0.018209,0.017576,0.854171,0.519376,-0.924086,0.442162,0.039136,-0.066632,-0.063296,0.645675,0.758062,-0.591569,0.532972,0.040255,0.003771,0.004092,-0.791371,-0.611311,-0.768725,0.494643,0.947855
1265,10.541667,0.018199,0.017490,0.854158,0.519401,-0.924090,0.442164,0.039136,-0.066599,-0.063288,0.645687,0.758055,-0.591572,0.532968,0.040251,0.003820,0.003947,-0.791304,-0.611398,-0.768712,0.494612,0.947816
1266,10.550000,0.018231,0.017445,0.854147,0.519419,-0.924096,0.442158,0.039139,-0.066567,-0.063280,0.645699,0.758049,-0.591568,0.532969,0.040253,0.003861,0.003678,-0.791232,-0.611492,-0.768666,0.494595,0.947757
1267,10.558333,0.018197,0.017440,0.854149,0.519418,-0.924098,0.442160,0.039147,-0.066531,-0.063258,0.645708,0.758046,-0.591565,0.532965,0.040261,0.003749,0.003503,-0.791242,-0.611481,-0.768627,0.494639,0.947699
1268,10.566667,0.018161,0.017465,0.854143,0.519428,-0.924103,0.442159,0.039137,-0.066533,-0.063253,0.645707,0.758046,-0.591561,0.532963,0.040259,0.003865,0.004238,-0.791437,-0.611224,-0.768691,0.494752,0.947852
1269,10.575000,0.018139,0.017376,0.854127,0.519458,-0.924102,0.442154,0.039143,-0.066515,-0.063230,0.645724,0.758036,-0.591559,0.532962,0.040254,0.003550,0.005283,-0.791760,-0.610799,-0.768747,0.494814,0.947908
1270,10.583333,0.018134,0.017412,0.854133,0.519446,-0.924106,0.442152,0.039144,-0.066457,-0.063192,0.645712,0.758054,-0.591556,0.532959,0.040255,0.003250,0.005627,-0.791901,-0.610615,-0.768731,0.494806,0.947888
1271,10.591667,0.018156,0.017368,0.854130,0.519452,-0.924111,0.442153,0.039142,-0.066482,-0.063252,0.645743,0.758021,-0.591557,0.532956,0.040254,0.003358,0.005895,-0.791947,-0.610552,-0.768713,0.494770,0.947914
1272,10.600000,0.018070,0.017301,0.854127,0.519463,-0.924108,0.442152,0.039145,-0.066435,-0.063210,0.645749,0.758023,-0.591553,0.532959,0.040253,0.003390,0.005824,-0.791881,-0.610638,-0.768681,0.494677,0.947921
1273,10.608333,0.018082,0.017245,0.854113,0.519486,-0.924104,0.442148,0.039150,-0.066379,-0.063139,0.645776,0.758011,-0.591551,0.532955,0.040254,0.003346,0.005622,-0.791772,-0.610782,-0.768634,0.494569,0.947899
1274,10.616667,0.018119,0.017251,0.854126,0.519465,-0.924104,0.442143,0.039152,-0.066375,-0.063186,0.645766,0.758016,-0.591552,0.532956,0.040259,0.003408,0.005325,-0.791630,-0.610968,-0.768515,0.494438,0.947878
1275,10.625000,0.018115,0.017246,0.854118,0.519478,-0.924109,0.442147,0.039152,-0.066377,-0.063201,0.645774,0.758008,-0.591548,0.532955,0.040253,0.003915,0.005118,-0.791525,-0.611103,-0.768404,0.494251,0.947917
1276,10.633333,0.018078,0.017233,0.854119,0.519477,-0.924102,0.442145,0.039154,-0.066364,-0.063178,0.645787,0.757999,-0.591540,0.532956,0.040258,0.004678,0.004607,-0.791407,-0.611254,-0.768317,0.494059,0.947916
1277,10.641667,0.018104,0.017233,0.854110,0.519492,-0.924101,0.442144,0.039155,-0.066339,-0.063154,0.645795,0.757997,-0.591539,0.532954,0.040259,0.004781,0.004085,-0.791270,-0.611434,-0.768237,0.493914,0.947820
1278,10.650000,0.018137,0.017216,0.854110,0.519490,-0.924102,0.442141,0.039151,-0.066317,-0.063166,0.645785,0.758006,-0.591536,0.532952,0.040258,0.005012,0.003785,-0.791131,-0.611614,-0.768181,0.493806,0.947794
1279,10.658333,0.018147,0.017180,0.854108,0.519495,-0.924101,0.442139,0.039150,-0.066286,-0.063142,0.645814,0.757987,-0.591540,0.532949,0.040259,0.005121,0.003625,-0.791029,-0.611746,-0.768143,0.493728,0.947771
1280,10.666667,0.018097,0.017103,0.854105,0.519505,-0.924099,0.442130,0.039151,-0.066266,-0.063191,0.645821,0.757978,-0.591531,0.532947,0.040254,0.005223,0.003599,-0.790949,-0.611850,-0.768119,0.493654,0.947774
1281,10.675000,0.018220,0.017071,0.854106,0.519499,-0.924103,0.442128,0.039156,-0.066254,-0.063140,0.645813,0.757991,-0.591526,0.532944,0.040256,0.005256,0.003683,-0.791004,-0.611777,-0.768076,0.493549,0.947771
1282,10.683333,0.018153,0.017043,0.854106,0.519503,-0.924103,0.442122,0.039155,-0.066231,-0.063110,0.645832,0.757979,-0.591528,0.532941,0.040261,0.005253,0.003730,-0.790993,-0.611792,-0.768045,0.493501,0.947758
1283,10.691667,0.018194,0.017008,0.854105,0.519505,-0.924109,0.442116,0.039157,-0.066201,-0.063094,0.645828,0.757986,-0.591521,0.532941,0.040267,0.005244,0.003839,-0.790951,-0.611845,-0.768040,0.493470,0.947763
1284,10.700000,0.018172,0.016953,0.854099,0.519516,-0.924105,0.442110,0.039157,-0.066149,-0.063080,0.645828,0.757992,-0.591522,0.532936,0.040257,0.005133,0.004047,-0.790903,-0.611907,-0.768058,0.493453,0.947775
1285,10.708333,0.018163,0.016906,0.854099,0.519518,-0.924105,0.442108,0.039160,-0.066158,-0.063096,0.645810,0.758005,-0.591516,0.532939,0.040260,0.005230,0.004138,-0.790888,-0.611925,-0.768066,0.493439,0.947810
1286,10.716667,0.018185,0.016930,0.854090,0.519532,-0.924109,0.442104,0.039153,-0.066121,-0.063049,0.645826,0.757998,-0.591523,0.532933,0.040257,0.005197,0.004137,-0.790820,-0.612012,-0.768079,0.493433,0.947780
1287,10.725000,0.018124,0.016853,0.854085,0.519544,-0.924106,0.442101,0.039158,-0.066097,-0.063075,0.645817,0.758006,-0.591514,0.532934,0.040259,0.005184,0.004198,-0.790778,-0.612067,-0.768082,0.493427,0.947779
1288,10.733333,0.018137,0.016881,0.854070,0.519568,-0.924115,0.442099,0.039157,-0.066117,-0.063109,0.645812,0.758006,-0.591520,0.532930,0.040259,0.005142,0.004204,-0.790714,-0.612149,-0.768077,0.493414,0.947764
1289,10.741667,0.018155,0.016855,0.854058,0.519588,-0.924115,0.442096,0.039159,-0.066084,-0.063077,0.645818,0.758007,-0.591512,0.532929,0.040262,0.005136,0.004149,-0.790638,-0.612249,-0.768067,0.493389,0.947756
1290,10.750000,0.018174,0.016859,0.854055,0.519592,-0.924117,0.442098,0.039158,-0.066043,-0.063050,0.645809,0.758020,-0.591513,0.532927,0.040263,0.005265,0.004110,-0.790468,-0.612467,-0.768021,0.493413,0.947740
1291,10.758333,0.018201,0.016856,0.854047,0.519605,-0.924118,0.442095,0.039154,-0.066021,-0.063059,0.645828,0.758005,-0.591514,0.532920,0.040263,0.005213,0.003996,-0.790320,-0.612659,-0.768024,0.493419,0.947717
1292,10.766667,0.018140,0.016813,0.854045,0.519610,-0.924119,0.442093,0.039158,-0.066022,-0.063019,0.645796,0.758035,-0.591511,0.532920,0.040265,0.005283,0.003901,-0.790181,-0.612838,-0.768059,0.493416,0.947711
1293,10.775000,0.018156,0.016829,0.854046,0.519608,-0.924120,0.442095,0.039158,-0.066070,-0.063086,0.645797,0.758024,-0.591509,0.532919,0.040263,0.005172,0.003737,-0.790091,-0.612957,-0.768032,0.493395,0.947717
1294,10.783333,0.018250,0.016731,0.854045,0.519609,-0.924119,0.442088,0.039152,-0.066026,-0.063053,0.645794,0.758034,-0.591506,0.532922,0.040261,0.005340,0.003697,-0.790032,-0.613032,-0.768046,0.493380,0.947694
1295,10.791667,0.018255,0.016686,0.854042,0.519615,-0.924121,0.442089,0.039151,-0.065992,-0.063037,0.645796,0.758036,-0.591511,0.532918,0.040263,0.005201,0.003720,-0.789984,-0.613095,-0.768053,0.493379,0.947672
1296,10.800000,0.018279,0.016676,0.854045,0.519610,-0.924120,0.442086,0.039151,-0.066015,-0.063040,0.645788,0.758041,-0.591505,0.532919,0.040263,0.005214,0.003760,-0.789933,-0.613160,-0.768077,0.493389,0.947694
1297,10.808333,0.018178,0.016708,0.854035,0.519629,-0.924126,0.442090,0.039155,-0.066031,-0.063052,0.645801,0.758027,-0.591509,0.532920,0.040261,0.005177,0.003759,-0.789900,-0.613202,-0.768091,0.493407,0.947669
1298,10.816667,0.018132,0.016709,0.854026,0.519646,-0.924128,0.442090,0.039158,-0.066089,-0.063099,0.645802,0.758017,-0.591508,0.532921,0.040264,0.005363,0.003516,-0.789815,-0.613312,-0.768070,0.493390,0.947624
1299,10.825000,0.018211,0.016615,0.854025,0.519647,-0.924127,0.442087,0.039156,-0.066056,-0.063073,0.645791,0.758032,-0.591511,0.532923,0.040260,0.005404,0.003534,-0.789804,-0.613325,-0.768077,0.493410,0.947626
1300,10.833333,0.018165,0.016680,0.854036,0.519630,-0.924128,0.442089,0.039158,-0.066035,-0.063076,0.645769,0.758053,-0.591509,0.532924,0.040257,0.005395,0.003506,-0.789802,-0.613329,-0.768085,0.493430,0.947610
1301,10.841667,0.018132,0.016675,0.854031,0.519639,-0.924126,0.442093,0.039157,-0.066117,-0.063132,0.645780,0.758032,-0.591509,0.532927,0.040258,0.005445,0.003502,-0.789826,-0.613296,-0.768098,0.493460,0.947615
1302,10.850000,0.018133,0.016698,0.854036,0.519629,-0.924126,0.442091,0.039154,-0.066053,-0.063145,0.645779,0.758037,-0.591514,0.532928,0.040251,0.005505,0.003525,-0.789830,-0.613292,-0.768087,0.493508,0.947587
1303,10.858333,0.018255,0.016622,0.854035,0.519630,-0.924123,0.442089,0.039150,-0.066085,-0.063142,0.645787,0.758027,-0.591516,0.532927,0.040256,0.005362,0.003644,-0.789876,-0.613233,-0.768095,0.493548,0.947556
1304,10.866667,0.018137,0.016664,0.854061,0.519589,-0.924124,0.442095,0.039155,-0.066109,-0.063155,0.645790,0.758021,-0.591516,0.532926,0.040254,0.005153,0.003686,-0.789935,-0.613158,-0.768126,0.493564,0.947559
1305,10.875000,0.018216,0.016618,0.854052,0.519603,-0.924122,0.442087,0.039149,-0.066186,-0.063256,0.645778,0.758016,-0.591522,0.532925,0.040260,0.005223,0.003734,-0.789987,-0.613090,-0.768122,0.493621,0.947547
1306,10.883333,0.018259,0.016641,0.854060,0.519588,-0.924119,0.442091,0.039144,-0.066165,-0.063231,0.645778,0.758020,-0.591523,0.532926,0.040253,0.005130,0.003711,-0.790044,-0.613017,-0.768148,0.493700,0.947589
1307,10.891667,0.018282,0.016619,0.854055,0.519596,-0.924121,0.442091,0.039148,-0.066160,-0.063209,0.645781,0.758020,-0.591527,0.532925,0.040253,0.005224,0.003682,-0.790112,-0.612929,-0.768172,0.493751,0.947574
1308,10.900000,0.018183,0.016722,0.854057,0.519593,-0.924128,0.442092,0.039152,-0.066222,-0.063240,0.645768,0.758023,-0.591530,0.532928,0.040260,0.005286,0.003435,-0.789964,-0.613120,-0.768239,0.493920,0.947617
1309,10.908333,0.018109,0.016712,0.854053,0.519602,-0.924127,0.442089,0.039152,-0.066231,-0.063238,0.645776,0.758016,-0.591533,0.532929,0.040261,0.005047,0.003442,-0.789920,-0.613180,-0.768325,0.494046,0.947627
1310,10.916667,0.018221,0.016651,0.854053,0.519599,-0.924125,0.442084,0.039147,-0.066247,-0.063219,0.645777,0.758015,-0.591527,0.532934,0.040264,0.005052,0.003371,-0.789945,-0.613147,-0.768373,0.494151,0.947648
1311,10.925000,0.018137,0.016720,0.854064,0.519583,-0.924127,0.442097,0.039154,-0.066251,-0.063248,0.645777,0.758013,-0.591530,0.532934,0.040263,0.004860,0.003607,-0.790052,-0.613011,-0.768406,0.494231,0.947636
1312,10.933333,0.018285,0.016667,0.854069,0.519570,-0.924126,0.442090,0.039148,-0.066281,-0.063237,0.645796,0.757995,-0.591527,0.532935,0.040264,0.004729,0.003799,-0.790222,-0.612790,-0.768459,0.494273,0.947665
1313,10.941667,0.018269,0.016572,0.854060,0.519589,-0.924124,0.442090,0.039149,-0.066274,-0.063255,0.645779,0.758008,-0.591531,0.532936,0.040265,0.004842,0.003932,-0.790373,-0.612594,-0.768481,0.494300,0.947694
1314,10.950000,0.018255,0.016573,0.854076,0.519564,-0.924121,0.442089,0.039142,-0.066251,-0.063235,0.645775,0.758015,-0.591531,0.532938,0.040258,0.004738,0.004165,-0.790555,-0.612358,-0.768483,0.494366,0.947580
1315,10.958333,0.018266,0.016590,0.854065,0.519581,-0.924125,0.442091,0.039144,-0.066297,-0.063273,0.645771,0.758011,-0.591533,0.532936,0.040260,0.004767,0.004380,-0.790636,-0.612252,-0.768513,0.494426,0.947556
1316,10.966667,0.018262,0.016591,0.854056,0.519595,-0.924127,0.442090,0.039141,-0.066302,-0.063307,0.645762,0.758016,-0.591541,0.532935,0.040265,0.004945,0.004156,-0.790579,-0.612327,-0.768525,0.494445,0.947510
1317,10.975000,0.018137,0.016718,0.854060,0.519590,-0.924134,0.442091,0.039154,-0.066367,-0.063330,0.645754,0.758015,-0.591536,0.532935,0.040269,0.005030,0.003997,-0.790575,-0.612332,-0.768564,0.494519,0.947504
1318,10.983333,0.018222,0.016656,0.854048,0.519608,-0.924134,0.442088,0.039141,-0.066385,-0.063350,0.645740,0.758024,-0.591537,0.532940,0.040261,0.005041,0.003941,-0.790564,-0.612346,-0.768601,0.494569,0.947481
1319,10.991667,0.018154,0.016712,0.854053,0.519600,-0.924133,0.442093,0.039143,-0.066349,-0.063306,0.645754,0.758018,-0.591539,0.532936,0.040258,0.005090,0.003818,-0.790580,-0.612326,-0.768613,0.494600,0.947471
1320,11.000000,0.018187,0.016554,0.854063,0.519589,-0.924134,0.442085,0.039138,-0.066393,-0.063336,0.645760,0.758007,-0.591541,0.532942,0.040262,0.005265,0.003883,-0.790560,-0.612350,-0.768616,0.494644,0.947397
1321,11.008333,0.018065,0.016586,0.854057,0.519601,-0.924133,0.442093,0.039148,-0.066406,-0.063375,0.645749,0.758012,-0.591542,0.532942,0.040264,0.005299,0.003853,-0.790568,-0.612339,-0.768613,0.494687,0.947361
1322,11.016667,0.018065,0.016634,0.854050,0.519611,-0.924141,0.442085,0.039145,-0.066368,-0.063319,0.645751,0.758019,-0.591543,0.532941,0.040262,0.005493,0.003704,-0.790562,-0.612346,-0.768630,0.494707,0.947368
1323,11.025000,0.018009,0.016578,0.854033,0.519643,-0.924139,0.442092,0.039149,-0.066386,-0.063386,0.645754,0.758008,-0.591540,0.532942,0.040261,0.005591,0.003642,-0.790607,-0.612288,-0.768682,0.494721,0.947386
1324,11.033333,0.018032,0.016605,0.854042,0.519627,-0.924143,0.442091,0.039150,-0.066380,-0.063348,0.645764,0.758004,-0.591546,0.532942,0.040265,0.005676,0.003706,-0.790625,-0.612263,-0.768682,0.494749,0.947333
1325,11.041667,0.018154,0.016535,0.854038,0.519631,-0.924139,0.442090,0.039144,-0.066365,-0.063331,0.645738,0.758029,-0.591543,0.532937,0.040264,0.005644,0.003663,-0.790641,-0.612244,-0.768702,0.494793,0.947298
1326,11.050000,0.018178,0.016530,0.854038,0.519630,-0.924135,0.442091,0.039142,-0.066370,-0.063348,0.645726,0.758037,-0.591537,0.532936,0.040257,0.005655,0.003622,-0.790639,-0.612246,-0.768725,0.494833,0.947287
1327,11.058333,0.018144,0.016453,0.854037,0.519636,-0.924135,0.442088,0.039141,-0.066381,-0.063347,0.645745,0.758020,-0.591541,0.532940,0.040258,0.005520,0.003604,-0.790630,-0.612259,-0.768772,0.494901,0.947294
1328,11.066667,0.018133,0.016435,0.854028,0.519651,-0.924131,0.442090,0.039143,-0.066360,-0.063315,0.645722,0.758044,-0.591538,0.532936,0.040259,0.005516,0.003601,-0.790634,-0.612254,-0.768801,0.494944,0.947286
1329,11.075000,0.018146,0.016482,0.854026,0.519652,-0.924132,0.442088,0.039142,-0.066361,-0.063310,0.645737,0.758032,-0.591542,0.532931,0.040257,0.005509,0.003692,-0.790653,-0.612229,-0.768824,0.494984,0.947277
1330,11.083333,0.018158,0.016473,0.854021,0.519660,-0.924137,0.442093,0.039135,-0.066410,-0.063347,0.645721,0.758038,-0.591541,0.532934,0.040254,0.005469,0.003727,-0.790660,-0.612219,-0.768836,0.495021,0.947261
1331,11.091667,0.018030,0.016555,0.854021,0.519662,-0.924138,0.442095,0.039146,-0.066368,-0.063308,0.645736,0.758032,-0.591541,0.532932,0.040255,0.005663,0.003724,-0.790635,-0.612251,-0.768832,0.495076,0.947222
1332,11.100000,0.018004,0.016560,0.854022,0.519662,-0.924144,0.442094,0.039149,-0.066350,-0.063304,0.645727,0.758042,-0.591542,0.532932,0.040253,0.005558,0.003616,-0.790672,-0.612204,-0.768875,0.495094,0.947201
1333,11.108333,0.018115,0.016480,0.854020,0.519664,-0.924141,0.442091,0.039144,-0.066375,-0.063321,0.645721,0.758043,-0.591542,0.532932,0.040261,0.005664,0.003671,-0.790642,-0.612242,-0.768862,0.495147,0.947177
1334,11.116667,0.018109,0.016484,0.854042,0.519627,-0.924135,0.442097,0.039135,-0.066346,-0.063267,0.645727,0.758045,-0.591542,0.532932,0.040255,0.005502,0.003539,-0.790655,-0.612227,-0.768900,0.495167,0.947185
1335,11.125000,0.018087,0.016452,0.854046,0.519623,-0.924133,0.442098,0.039143,-0.066375,-0.063283,0.645736,0.758034,-0.591538,0.532934,0.040262,0.005718,0.003495,-0.790581,-0.612321,-0.768897,0.495253,0.947182
1336,11.133333,0.018124,0.016471,0.854043,0.519626,-0.924140,0.442092,0.039136,-0.066341,-0.063270,0.645728,0.758044,-0.591535,0.532937,0.040255,0.005670,0.003178,-0.790560,-0.612350,-0.768887,0.495282,0.947102
1337,11.141667,0.018171,0.016516,0.854048,0.519614,-0.924138,0.442090,0.039139,-0.066388,-0.063275,0.645723,0.758044,-0.591530,0.532934,0.040262,0.006005,0.003225,-0.790720,-0.612140,-0.768891,0.495270,0.947129
1338,11.150000,0.018016,0.016584,0.854048,0.519618,-0.924142,0.442093,0.039137,-0.066364,-0.063275,0.645716,0.758052,-0.591537,0.532937,0.040259,0.005971,0.003091,-0.790838,-0.611989,-0.768896,0.495257,0.947128
1339,11.158333,0.018099,0.016584,0.854050,0.519611,-0.924139,0.442090,0.039138,-0.066392,-0.063269,0.645737,0.758032,-0.591531,0.532938,0.040259,0.006056,0.002878,-0.790831,-0.611998,-0.768840,0.495311,0.947064
1340,11.166667,0.018163,0.016590,0.854059,0.519595,-0.924135,0.442091,0.039134,-0.066368,-0.063231,0.645720,0.758052,-0.591533,0.532940,0.040265,0.006156,0.002740,-0.790871,-0.611945,-0.768851,0.495346,0.947051
1341,11.175000,0.018081,0.016724,0.854068,0.519578,-0.924135,0.442096,0.039140,-0.066408,-0.063260,0.645722,0.758045,-0.591532,0.532940,0.040260,0.006243,0.002642,-0.790935,-0.611862,-0.768861,0.495371,0.947021
1342,11.183333,0.018187,0.016669,0.854071,0.519570,-0.924126,0.442092,0.039136,-0.066385,-0.063270,0.645735,0.758034,-0.591531,0.532937,0.040260,0.006782,0.002651,-0.790952,-0.611834,-0.768875,0.495442,0.946992
1343,11.191667,0.018127,0.016762,0.854090,0.519540,-0.924124,0.442095,0.039146,-0.066401,-0.063236,0.645718,0.758051,-0.591534,0.532943,0.040261,0.006911,0.002614,-0.791090,-0.611655,-0.768897,0.495470,0.946950
1344,11.200000,0.018089,0.016795,0.854104,0.519516,-0.924120,0.442096,0.039145,-0.066400,-0.063243,0.645730,0.758040,-0.591539,0.532943,0.040265,0.006977,0.002587,-0.791189,-0.611527,-0.768919,0.495494,0.946953
1345,11.208333,0.018134,0.016785,0.854104,0.519515,-0.924120,0.442101,0.039149,-0.066415,-0.063224,0.645732,0.758038,-0.591537,0.532942,0.040260,0.007060,0.002576,-0.791269,-0.611422,-0.768939,0.495527,0.946944
1346,11.216667,0.018131,0.016841,0.854103,0.519514,-0.924119,0.442098,0.039147,-0.066392,-0.063213,0.645728,0.758044,-0.591533,0.532945,0.040260,0.007068,0.002581,-0.791347,-0.611321,-0.768965,0.495562,0.946941
1347,11.225000,0.018101,0.016827,0.854110,0.519504,-0.924118,0.442101,0.039146,-0.066445,-0.063295,0.645721,0.758039,-0.591545,0.532945,0.040262,0.007172,0.002604,-0.791394,-0.611258,-0.768988,0.495599,0.946956
1348,11.233333,0.018117,0.016844,0.854116,0.519494,-0.924115,0.442102,0.039146,-0.066431,-0.063260,0.645715,0.758048,-0.591542,0.532948,0.040264,0.007197,0.002593,-0.791455,-0.611180,-0.769011,0.495633,0.946950
1349,11.241667,0.018069,0.016914,0.854125,0.519478,-0.924118,0.442102,0.039152,-0.066478,-0.063278,0.645719,0.758040,-0.591548,0.532949,0.040266,0.007236,0.002588,-0.791496,-0.611126,-0.769029,0.495675,0.946949
1350,11.250000,0.018107,0.016906,0.854137,0.519458,-0.924113,0.442104,0.039151,-0.066476,-0.063288,0.645711,0.758046,-0.591549,0.532951,0.040262,0.007222,0.002607,-0.791525,-0.611088,-0.769052,0.495715,0.946942
1351,11.258333,0.018117,0.016985,0.854131,0.519466,-0.924109,0.442108,0.039148,-0.066486,-0.063282,0.645710,0.758046,-0.591551,0.532952,0.040261,0.007239,0.002586,-0.791534,-0.611076,-0.769068,0.495750,0.946925
1352,11.266667,0.018100,0.016973,0.854143,0.519446,-0.924108,0.442110,0.039143,-0.066540,-0.063308,0.645678,0.758067,-0.591555,0.532955,0.040265,0.007249,0.002519,-0.791555,-0.611050,-0.769081,0.495774,0.946919
1353,11.275000,0.018156,0.017032,0.854141,0.519445,-0.924104,0.442114,0.039151,-0.066564,-0.063315,0.645659,0.758079,-0.591555,0.532959,0.040269,0.007361,0.002491,-0.791575,-0.611023,-0.769104,0.495805,0.946921
1354,11.283333,0.018120,0.017080,0.854136,0.519454,-0.924105,0.442119,0.039144,-0.066564,-0.063292,0.645683,0.758062,-0.591560,0.532956,0.040264,0.007271,0.002425,-0.791526,-0.611087,-0.769124,0.495874,0.946900
1355,11.291667,0.018147,0.017140,0.854145,0.519435,-0.924103,0.442119,0.039152,-0.066566,-0.063293,0.645693,0.758052,-0.591555,0.532958,0.040266,0.007310,0.002333,-0.791499,-0.611122,-0.769146,0.495923,0.946896
1356,11.300000,0.018134,0.017199,0.854145,0.519434,-0.924104,0.442124,0.039141,-0.066525,-0.063234,0.645685,0.758067,-0.591562,0.532957,0.040267,0.007312,0.002309,-0.791516,-0.611100,-0.769168,0.495954,0.946890
1357,11.308333,0.018115,0.017243,0.854149,0.519426,-0.924100,0.442124,0.039145,-0.066575,-0.063297,0.645665,0.758075,-0.591561,0.532963,0.040265,0.007033,0.002297,-0.791531,-0.611084,-0.769187,0.496049,0.946776
1358,11.316667,0.018140,0.017269,0.854144,0.519434,-0.924101,0.442131,0.039144,-0.066590,-0.063296,0.645685,0.758057,-0.591563,0.532965,0.040263,0.007098,0.002125,-0.791572,-0.611032,-0.769214,0.496096,0.946735
1359,11.325000,0.018101,0.017345,0.854153,0.519417,-0.924102,0.442131,0.039139,-0.066557,-0.063277,0.645675,0.758070,-0.591564,0.532962,0.040264,0.007066,0.002188,-0.791592,-0.611005,-0.769219,0.496114,0.946753
1360,11.333333,0.018131,0.017371,0.854151,0.519418,-0.924101,0.442134,0.039144,-0.066631,-0.063327,0.645669,0.758064,-0.591568,0.532967,0.040265,0.007079,0.002156,-0.791653,-0.610927,-0.769237,0.496148,0.946752
1361,11.341667,0.018070,0.017343,0.854167,0.519396,-0.924099,0.442138,0.039136,-0.066661,-0.063353,0.645669,0.758060,-0.591571,0.532967,0.040261,0.007142,0.001992,-0.791700,-0.610865,-0.769281,0.496220,0.946710
1362,11.350000,0.018115,0.017372,0.854155,0.519413,-0.924100,0.442137,0.039135,-0.066658,-0.063347,0.645675,0.758055,-0.591572,0.532965,0.040264,0.007152,0.002051,-0.791748,-0.610803,-0.769357,0.496288,0.946699
1363,11.358333,0.018103,0.017319,0.854165,0.519398,-0.924099,0.442134,0.039136,-0.066690,-0.063381,0.645673,0.758051,-0.591573,0.532967,0.040269,0.007087,0.002130,-0.791819,-0.610711,-0.769422,0.496352,0.946722
1364,11.366667,0.018103,0.017356,0.854177,0.519378,-0.924101,0.442136,0.039134,-0.066669,-0.063349,0.645655,0.758071,-0.591576,0.532964,0.040261,0.006767,0.002181,-0.791884,-0.610630,-0.769474,0.496435,0.946709
1365,11.375000,0.018134,0.017381,0.854173,0.519382,-0.924102,0.442134,0.039140,-0.066745,-0.063406,0.645653,0.758061,-0.591578,0.532968,0.040261,0.006925,0.002157,-0.791961,-0.610529,-0.769453,0.496482,0.946732
1366,11.383333,0.018095,0.017417,0.854164,0.519396,-0.924101,0.442134,0.039135,-0.066749,-0.063426,0.645644,0.758067,-0.591580,0.532972,0.040265,0.007070,0.002257,-0.792039,-0.610425,-0.769489,0.496554,0.946694
1367,11.391667,0.018115,0.017441,0.854176,0.519376,-0.924101,0.442135,0.039134,-0.066745,-0.063446,0.645640,0.758069,-0.591585,0.532972,0.040266,0.007107,0.002269,-0.792132,-0.610305,-0.769548,0.496617,0.946716
1368,11.400000,0.018098,0.017431,0.854193,0.519348,-0.924098,0.442139,0.039126,-0.066786,-0.063461,0.645651,0.758055,-0.591584,0.532972,0.040267,0.007103,0.002195,-0.792220,-0.610190,-0.769616,0.496668,0.946711
1369,11.408333,0.018135,0.017412,0.854190,0.519353,-0.924095,0.442138,0.039124,-0.066791,-0.063443,0.645650,0.758057,-0.591587,0.532971,0.040264,0.007214,0.002245,-0.792286,-0.610103,-0.769664,0.496737,0.946739
1370,11.416667,0.018160,0.017471,0.854187,0.519355,-0.924098,0.442139,0.039122,-0.066830,-0.063511,0.645643,0.758053,-0.591587,0.532974,0.040261,0.007358,0.002164,-0.792317,-0.610062,-0.769666,0.496804,0.946707
1371,11.425000,0.018436,0.017685,0.854150,0.519398,-0.924126,0.442148,0.039118,-0.066857,-0.063507,0.645635,0.758059,-0.591587,0.532976,0.040259,0.007361,0.002160,-0.792368,-0.609995,-0.769684,0.496868,0.946693
1372,11.433333,0.018368,0.017799,0.854131,0.519428,-0.924136,0.442149,0.039118,-0.066873,-0.063527,0.645631,0.758059,-0.591588,0.532977,0.040259,0.007399,0.002141,-0.792418,-0.609929,-0.769700,0.496920,0.946696
1373,11.441667,0.018407,0.017801,0.854139,0.519414,-0.924138,0.442148,0.039120,-0.066876,-0.063572,0.645640,0.758047,-0.591595,0.532981,0.040252,0.007361,0.002000,-0.792279,-0.610112,-0.769755,0.497049,0.946712
1374,11.450000,0.018377,0.017752,0.854152,0.519395,-0.924133,0.442147,0.039119,-0.066840,-0.063524,0.645637,0.758057,-0.591594,0.532978,0.040255,0.007312,0.001886,-0.792234,-0.610170,-0.769798,0.497146,0.946725
1375,11.458333,0.018360,0.017783,0.854150,0.519398,-0.924131,0.442149,0.039120,-0.066843,-0.063515,0.645635,0.758059,-0.591594,0.532979,0.040254,0.007310,0.001846,-0.792237,-0.610166,-0.769825,0.497213,0.946723
1376,11.466667,0.018371,0.017877,0.854162,0.519375,-0.924130,0.442153,0.039119,-0.066860,-0.063503,0.645624,0.758068,-0.591594,0.532979,0.040257,0.007411,0.001806,-0.792275,-0.610117,-0.769819,0.497242,0.946739
1377,11.475000,0.018376,0.017887,0.854150,0.519395,-0.924135,0.442152,0.039117,-0.066943,-0.063540,0.645624,0.758057,-0.591593,0.532978,0.040255,0.007534,0.001754,-0.792321,-0.610055,-0.769814,0.497271,0.946736
1378,11.483333,0.018389,0.017940,0.854146,0.519399,-0.924134,0.442155,0.039122,-0.066895,-0.063487,0.645595,0.758091,-0.591592,0.532979,0.040258,0.007524,0.001775,-0.792336,-0.610036,-0.769814,0.497316,0.946729
1379,11.491667,0.018383,0.018007,0.854151,0.519387,-0.924133,0.442159,0.039119,-0.066910,-0.063478,0.645595,0.758090,-0.591593,0.532982,0.040261,0.007228,0.001897,-0.792262,-0.610135,-0.769801,0.497425,0.946718
1380,11.500000,0.018385,0.017982,0.854142,0.519403,-0.924124,0.442162,0.039122,-0.066905,-0.063464,0.645590,0.758097,-0.591591,0.532985,0.040263,0.007387,0.001805,-0.792191,-0.610226,-0.769790,0.497478,0.946711
1381,11.508333,0.018366,0.018010,0.854148,0.519393,-0.924127,0.442158,0.039123,-0.066945,-0.063506,0.645574,0.758103,-0.591593,0.532985,0.040260,0.007555,0.001748,-0.792118,-0.610319,-0.769795,0.497529,0.946697
1382,11.516667,0.018365,0.018042,0.854146,0.519396,-0.924125,0.442164,0.039123,-0.066928,-0.063486,0.645561,0.758117,-0.591595,0.532983,0.040260,0.007680,0.001539,-0.792031,-0.610430,-0.769814,0.497584,0.946685
1383,11.525000,0.018381,0.018103,0.854134,0.519413,-0.924123,0.442163,0.039121,-0.066914,-0.063499,0.645567,0.758112,-0.591596,0.532983,0.040257,0.007585,0.001571,-0.791927,-0.610566,-0.769830,0.497685,0.946612
1384,11.533333,0.018384,0.018118,0.854129,0.519420,-0.924125,0.442169,0.039115,-0.066923,-0.063469,0.645557,0.758122,-0.591596,0.532978,0.040261,0.007673,0.001509,-0.791814,-0.610712,-0.769846,0.497721,0.946599
1385,11.541667,0.018403,0.018101,0.854129,0.519420,-0.924120,0.442169,0.039124,-0.066871,-0.063464,0.645544,0.758138,-0.591593,0.532982,0.040265,0.007494,0.001521,-0.791761,-0.610783,-0.769859,0.497747,0.946583
1386,11.550000,0.018377,0.018137,0.854137,0.519406,-0.924123,0.442173,0.039120,-0.066874,-0.063457,0.645526,0.758154,-0.591596,0.532978,0.040258,0.007540,0.001486,-0.791708,-0.610851,-0.769853,0.497805,0.946581
1387,11.558333,0.018415,0.018188,0.854117,0.519437,-0.924126,0.442172,0.039122,-0.066920,-0.063475,0.645525,0.758149,-0.591595,0.532981,0.040258,0.007442,0.001476,-0.791598,-0.610996,-0.769869,0.497885,0.946577
1388,11.566667,0.018395,0.018133,0.854114,0.519445,-0.924126,0.442172,0.039126,-0.066908,-0.063477,0.645514,0.758159,-0.591594,0.532979,0.040257,0.007257,0.001522,-0.791483,-0.611146,-0.769897,0.497985,0.946564
1389,11.575000,0.018354,0.018145,0.854121,0.519434,-0.924124,0.442175,0.039123,-0.066894,-0.063471,0.645519,0.758157,-0.591595,0.532975,0.040259,0.006982,0.001662,-0.791427,-0.611222,-0.769930,0.498074,0.946568
1390,11.583333,0.018373,0.018246,0.854113,0.519442,-0.924125,0.442176,0.039123,-0.066952,-0.063495,0.645492,0.758173,-0.591593,0.532981,0.040258,0.007001,0.001540,-0.791372,-0.611293,-0.769975,0.498154,0.946583
1391,11.591667,0.018378,0.018244,0.854106,0.519454,-0.924120,0.442183,0.039114,-0.066943,-0.063515,0.645497,0.758168,-0.591598,0.532979,0.040255,0.007031,0.001549,-0.791333,-0.611344,-0.769982,0.498210,0.946584
1392,11.600000,0.018390,0.018272,0.854111,0.519445,-0.924122,0.442183,0.039114,-0.066923,-0.063487,0.645481,0.758185,-0.591595,0.532977,0.040249,0.006984,0.001774,-0.791276,-0.611417,-0.769933,0.498301,0.946573
1393,11.608333,0.018398,0.018266,0.854094,0.519472,-0.924123,0.442181,0.039114,-0.066948,-0.063484,0.645504,0.758164,-0.591598,0.532979,0.040253,0.007013,0.001688,-0.791086,-0.611662,-0.769959,0.498437,0.946558
1394,11.616667,0.018411,0.018265,0.854090,0.519478,-0.924121,0.442183,0.039119,-0.066953,-0.063483,0.645484,0.758181,-0.591597,0.532981,0.040251,0.006984,0.001580,-0.790989,-0.611788,-0.769991,0.498519,0.946578
1395,11.625000,0.018347,0.018189,0.854092,0.519480,-0.924124,0.442184,0.039121,-0.066971,-0.063520,0.645487,0.758173,-0.591597,0.532979,0.040250,0.006858,0.001612,-0.790937,-0.611857,-0.769994,0.498598,0.946552
1396,11.633333,0.018348,0.018208,0.854092,0.519479,-0.924123,0.442185,0.039126,-0.066924,-0.063469,0.645490,0.758179,-0.591598,0.532974,0.040250,0.006842,0.001559,-0.790937,-0.611857,-0.769987,0.498624,0.946536
1397,11.641667,0.018351,0.018232,0.854099,0.519466,-0.924125,0.442184,0.039124,-0.066934,-0.063491,0.645484,0.758181,-0.591594,0.532974,0.040250,0.006867,0.001554,-0.790962,-0.611824,-0.769964,0.498656,0.946507
1398,11.650000,0.018363,0.018259,0.854098,0.519466,-0.924125,0.442183,0.039122,-0.066901,-0.063484,0.645493,0.758177,-0.591595,0.532972,0.040250,0.006899,0.001635,-0.790996,-0.611781,-0.769950,0.498684,0.946489
1399,11.658333,0.018388,0.018206,0.854098,0.519468,-0.924122,0.442188,0.039120,-0.066933,-0.063464,0.645506,0.758165,-0.591600,0.532972,0.040251,0.006965,0.001653,-0.791017,-0.611752,-0.769942,0.498708,0.946490
1400,11.666667,0.018386,0.018196,0.854109,0.519450,-0.924124,0.442189,0.039114,-0.066940,-0.063492,0.645513,0.758156,-0.591600,0.532975,0.040248,0.006795,0.001523,-0.790980,-0.611803,-0.769850,0.498735,0.946436
1401,11.675000,0.018365,0.018152,0.854109,0.519452,-0.924123,0.442189,0.039121,-0.066968,-0.063551,0.645516,0.758146,-0.591604,0.532973,0.040249,0.006892,0.001441,-0.791005,-0.611769,-0.769843,0.498747,0.946451
1402,11.683333,0.018363,0.018230,0.854105,0.519457,-0.924124,0.442188,0.039122,-0.066971,-0.063528,0.645517,0.758147,-0.591602,0.532975,0.040250,0.007007,0.001400,-0.791092,-0.611656,-0.769916,0.498758,0.946474
1403,11.691667,0.018179,0.018005,0.854161,0.519378,-0.924090,0.442186,0.039128,-0.066940,-0.063511,0.645532,0.758139,-0.591599,0.532975,0.040253,0.006927,0.001206,-0.791037,-0.611728,-0.769773,0.498775,0.946412
1404,11.700000,0.018421,0.018177,0.854121,0.519429,-0.924117,0.442194,0.039115,-0.066936,-0.063528,0.645542,0.758129,-0.591604,0.532976,0.040248,0.006961,0.001201,-0.791046,-0.611716,-0.769831,0.498862,0.946424
1405,11.708333,0.018433,0.018192,0.854115,0.519439,-0.924119,0.442194,0.039115,-0.066972,-0.063492,0.645565,0.758109,-0.591601,0.532971,0.040257,0.006827,0.001318,-0.790992,-0.611787,-0.769829,0.498959,0.946377
1406,11.716667,0.018197,0.017986,0.854166,0.519370,-0.924088,0.442194,0.039122,-0.066953,-0.063485,0.645550,0.758124,-0.591601,0.532979,0.040250,0.006602,0.001496,-0.791055,-0.611708,-0.769853,0.499031,0.946344
1407,11.725000,0.018170,0.017924,0.854172,0.519363,-0.924082,0.442190,0.039129,-0.066938,-0.063489,0.645573,0.758106,-0.591601,0.532979,0.040252,0.006729,0.001487,-0.791097,-0.611652,-0.769806,0.499050,0.946338
1408,11.733333,0.018154,0.017941,0.854175,0.519359,-0.924085,0.442186,0.039128,-0.066932,-0.063497,0.645588,0.758093,-0.591600,0.532976,0.040248,0.006762,0.001478,-0.791257,-0.611444,-0.769837,0.499054,0.946336
1409,11.741667,0.018123,0.017889,0.854174,0.519363,-0.924085,0.442184,0.039128,-0.066955,-0.063497,0.645598,0.758082,-0.591601,0.532975,0.040252,0.006809,0.001413,-0.791377,-0.611289,-0.769827,0.499049,0.946346
1410,11.750000,0.018130,0.017807,0.854177,0.519361,-0.924090,0.442183,0.039126,-0.066924,-0.063485,0.645608,0.758077,-0.591601,0.532977,0.040251,0.006840,0.001377,-0.791468,-0.611170,-0.769818,0.499062,0.946338
1411,11.758333,0.018175,0.017783,0.854164,0.519381,-0.924092,0.442180,0.039121,-0.066902,-0.063505,0.645608,0.758078,-0.591601,0.532977,0.040255,0.006776,0.001429,-0.791550,-0.611066,-0.769810,0.499093,0.946315
1412,11.766667,0.018155,0.017762,0.854167,0.519378,-0.924096,0.442179,0.039124,-0.066915,-0.063492,0.645621,0.758066,-0.591600,0.532977,0.040251,0.006737,0.001408,-0.791627,-0.610967,-0.769811,0.499122,0.946297
1413,11.775000,0.018131,0.017742,0.854169,0.519376,-0.924096,0.442175,0.039126,-0.066933,-0.063532,0.645636,0.758049,-0.591599,0.532974,0.040254,0.006688,0.001501,-0.791692,-0.610882,-0.769814,0.499153,0.946255
1414,11.783333,0.018160,0.017750,0.854180,0.519357,-0.924096,0.442175,0.039120,-0.066905,-0.063485,0.645621,0.758068,-0.591597,0.532975,0.040249,0.006624,0.001508,-0.791760,-0.610794,-0.769818,0.499181,0.946226
1415,11.791667,0.018146,0.017754,0.854188,0.519345,-0.924093,0.442170,0.039125,-0.066898,-0.063512,0.645635,0.758054,-0.591591,0.532974,0.040251,0.006663,0.001471,-0.791831,-0.610702,-0.769825,0.499193,0.946215
1416,11.800000,0.018168,0.017716,0.854187,0.519347,-0.924093,0.442171,0.039122,-0.066893,-0.063510,0.645635,0.758055,-0.591597,0.532974,0.040246,0.006716,0.001441,-0.791907,-0.610603,-0.769829,0.499206,0.946208
1417,11.808333,0.018200,0.017720,0.854191,0.519339,-0.924093,0.442166,0.039118,-0.066896,-0.063505,0.645637,0.758053,-0.591598,0.532973,0.040252,0.006809,0.001322,-0.791947,-0.610550,-0.769819,0.499244,0.946157
1418,11.816667,0.018192,0.017692,0.854206,0.519315,-0.924092,0.442167,0.039121,-0.066865,-0.063440,0.645635,0.758063,-0.591597,0.532974,0.040250,0.006948,0.001338,-0.791962,-0.610529,-0.769801,0.499277,0.946092
1419,11.825000,0.018163,0.017657,0.854203,0.519323,-0.924091,0.442164,0.039124,-0.066899,-0.063468,0.645624,0.758067,-0.591599,0.532972,0.040253,0.006935,0.001355,-0.791982,-0.610504,-0.769795,0.499309,0.946058
1420,11.833333,0.018443,0.017889,0.854164,0.519368,-0.924120,0.442167,0.039112,-0.066872,-0.063465,0.645639,0.758057,-0.591597,0.532968,0.040246,0.006838,0.001170,-0.792105,-0.610345,-0.769844,0.499258,0.946088
1421,11.841667,0.018191,0.017743,0.854202,0.519321,-0.924094,0.442160,0.039123,-0.066869,-0.063459,0.645655,0.758044,-0.591594,0.532971,0.040249,0.006946,0.001191,-0.792142,-0.610296,-0.769771,0.499320,0.946037
1422,11.850000,0.018196,0.017677,0.854214,0.519303,-0.924091,0.442157,0.039115,-0.066889,-0.063520,0.645657,0.758036,-0.591596,0.532966,0.040245,0.007011,0.001166,-0.792186,-0.610238,-0.769777,0.499327,0.946038
1423,11.858333,0.018158,0.017660,0.854220,0.519294,-0.924090,0.442160,0.039117,-0.066869,-0.063478,0.645679,0.758022,-0.591593,0.532967,0.040244,0.007193,0.000806,-0.792283,-0.610110,-0.769739,0.499257,0.946093
1424,11.866667,0.018106,0.017602,0.854217,0.519304,-0.924088,0.442159,0.039119,-0.066895,-0.063506,0.645657,0.758037,-0.591593,0.532964,0.040249,0.007261,0.000725,-0.792334,-0.610044,-0.769733,0.499247,0.946106
1425,11.875000,0.018439,0.017833,0.854169,0.519362,-0.924123,0.442161,0.039112,-0.066889,-0.063479,0.645673,0.758026,-0.591594,0.532965,0.040245,0.007110,0.000580,-0.792386,-0.609978,-0.769747,0.499219,0.946105
1426,11.883333,0.018391,0.017869,0.854163,0.519372,-0.924128,0.442166,0.039109,-0.066903,-0.063527,0.645674,0.758019,-0.591591,0.532967,0.040245,0.007263,0.000618,-0.792362,-0.610008,-0.769696,0.499248,0.946078
1427,11.891667,0.018168,0.017687,0.854200,0.519326,-0.924098,0.442159,0.039118,-0.066889,-0.063504,0.645678,0.758019,-0.591593,0.532968,0.040241,0.007059,0.000622,-0.792391,-0.609972,-0.769722,0.499241,0.946063
1428,11.900000,0.018392,0.017829,0.854187,0.519335,-0.924119,0.442166,0.039111,-0.066887,-0.063503,0.645671,0.758026,-0.591592,0.532964,0.040239,0.007151,0.000581,-0.792404,-0.609954,-0.769640,0.499235,0.946037
1429,11.908333,0.018451,0.017884,0.854167,0.519363,-0.924128,0.442165,0.039114,-0.066908,-0.063532,0.645673,0.758020,-0.591590,0.532965,0.040247,0.007182,0.000609,-0.792446,-0.609900,-0.769631,0.499225,0.946045
1430,11.916667,0.018435,0.017991,0.854170,0.519356,-0.924130,0.442167,0.039116,-0.066899,-0.063546,0.645668,0.758023,-0.591591,0.532962,0.040237,0.007055,0.000719,-0.792416,-0.609939,-0.769605,0.499253,0.945990
1431,11.925000,0.018444,0.017947,0.854172,0.519353,-0.924123,0.442164,0.039118,-0.066903,-0.063581,0.645687,0.758004,-0.591591,0.532962,0.040243,0.007081,0.000560,-0.792435,-0.609916,-0.769577,0.499239,0.946009
1432,11.933333,0.018416,0.017927,0.854178,0.519346,-0.924123,0.442166,0.039121,-0.066866,-0.063535,0.645679,0.758017,-0.591593,0.532964,0.040247,0.006986,0.000703,-0.792421,-0.609935,-0.769562,0.499272,0.945973
1433,11.941667,0.018427,0.017976,0.854185,0.519332,-0.924124,0.442166,0.039121,-0.066912,-0.063543,0.645678,0.758014,-0.591591,0.532967,0.040251,0.007020,0.000599,-0.792358,-0.610016,-0.769500,0.499284,0.945932
1434,11.950000,0.018449,0.017972,0.854179,0.519340,-0.924120,0.442171,0.039124,-0.066890,-0.063567,0.645680,0.758012,-0.591591,0.532967,0.040245,0.006950,0.000516,-0.792297,-0.610096,-0.769404,0.499274,0.945932
1435,11.958333,0.018429,0.018091,0.854180,0.519336,-0.924121,0.442172,0.039125,-0.066891,-0.063530,0.645666,0.758027,-0.591591,0.532965,0.040241,0.007012,0.000492,-0.792321,-0.610063,-0.769434,0.499279,0.945946
1436,11.966667,0.018461,0.018115,0.854167,0.519355,-0.924118,0.442174,0.039126,-0.066887,-0.063560,0.645674,0.758018,-0.591590,0.532966,0.040245,0.006721,0.000517,-0.792254,-0.610154,-0.769351,0.499305,0.945964
1437,11.975000,0.018402,0.018113,0.854180,0.519337,-0.924111,0.442177,0.039126,-0.066841,-0.063479,0.645660,0.758040,-0.591586,0.532969,0.040249,0.006754,0.000512,-0.792236,-0.610178,-0.769328,0.499302,0.945981
1438,11.983333,0.018448,0.018187,0.854166,0.519354,-0.924113,0.442178,0.039131,-0.066845,-0.063503,0.645666,0.758033,-0.591586,0.532966,0.040247,0.006731,0.000397,-0.792204,-0.610220,-0.769273,0.499304,0.945997
1439,11.991667,0.018471,0.018186,0.854164,0.519357,-0.924113,0.442179,0.039139,-0.066878,-0.063530,0.645657,0.758036,-0.591584,0.532970,0.040244,0.006822,0.000380,-0.792182,-0.610246,-0.769228,0.499314,0.946025
1440,12.000000,0.018484,0.018244,0.854157,0.519366,-0.924111,0.442183,0.039136,-0.066826,-0.063501,0.645649,0.758050,-0.591582,0.532966,0.040248,0.006998,0.000450,-0.792120,-0.610326,-0.769076,0.499332,0.945996
1441,12.008333,0.018508,0.018271,0.854158,0.519362,-0.924108,0.442182,0.039138,-0.066852,-0.063470,0.645653,0.758047,-0.591581,0.532972,0.040248,0.007084,0.000260,-0.792041,-0.610426,-0.768960,0.499297,0.945935
1442,12.016667,0.018520,0.018298,0.854163,0.519353,-0.924106,0.442184,0.039135,-0.066812,-0.063456,0.645641,0.758061,-0.591584,0.532966,0.040245,0.007026,0.000241,-0.791989,-0.610495,-0.768915,0.499294,0.945937
1443,12.025000,0.018524,0.018288,0.854160,0.519358,-0.924098,0.442188,0.039142,-0.066836,-0.063457,0.645646,0.758055,-0.591580,0.532965,0.040245,0.007155,0.000336,-0.791970,-0.610518,-0.768908,0.499289,0.945982
1444,12.033333,0.018524,0.018356,0.854155,0.519364,-0.924100,0.442190,0.039142,-0.066815,-0.063492,0.645623,0.758074,-0.591579,0.532973,0.040242,0.007171,0.000349,-0.791915,-0.610589,-0.768882,0.499295,0.945999
1445,12.041667,0.018500,0.018346,0.854137,0.519396,-0.924101,0.442194,0.039141,-0.066879,-0.063528,0.645625,0.758063,-0.591583,0.532969,0.040239,0.007131,0.000378,-0.791835,-0.610693,-0.768836,0.499312,0.945987
1446,12.050000,0.018531,0.018405,0.854148,0.519373,-0.924100,0.442194,0.039142,-0.066815,-0.063472,0.645637,0.758063,-0.591577,0.532970,0.040241,0.007124,0.000402,-0.791771,-0.610776,-0.768804,0.499324,0.945991
1447,12.058333,0.018504,0.018351,0.854148,0.519376,-0.924091,0.442196,0.039140,-0.066793,-0.063469,0.645632,0.758070,-0.591574,0.532969,0.040240,0.007062,0.000418,-0.791695,-0.610875,-0.768758,0.499343,0.945979
1448,12.066667,0.018549,0.018374,0.854140,0.519388,-0.924097,0.442199,0.039141,-0.066820,-0.063486,0.645633,0.758065,-0.591579,0.532968,0.040233,0.007056,0.000468,-0.791651,-0.610933,-0.768732,0.499356,0.945989
1449,12.075000,0.018519,0.018446,0.854145,0.519377,-0.924093,0.442199,0.039147,-0.066788,-0.063463,0.645630,0.758073,-0.591570,0.532973,0.040242,0.006971,0.000689,-0.791575,-0.611032,-0.768716,0.499398,0.945973
1450,12.083333,0.018584,0.018511,0.854139,0.519383,-0.924099,0.442199,0.039139,-0.066792,-0.063449,0.645629,0.758074,-0.591577,0.532970,0.040238,0.006923,0.000771,-0.791539,-0.611079,-0.768683,0.499422,0.945973
1451,12.091667,0.018537,0.018460,0.854133,0.519397,-0.924090,0.442200,0.039145,-0.066791,-0.063459,0.645619,0.758082,-0.591570,0.532966,0.040238,0.006945,0.000775,-0.791496,-0.611135,-0.768651,0.499436,0.945976
1452,12.100000,0.018579,0.018482,0.854126,0.519405,-0.924094,0.442199,0.039139,-0.066749,-0.063430,0.645610,0.758095,-0.591573,0.532965,0.040232,0.006862,0.000805,-0.791431,-0.611220,-0.768603,0.499439,0.945988
1453,12.108333,0.018612,0.018449,0.854125,0.519406,-0.924093,0.442199,0.039142,-0.066772,-0.063436,0.645619,0.758086,-0.591566,0.532966,0.040231,0.006988,0.000723,-0.791357,-0.611314,-0.768541,0.499465,0.946038
1454,12.116667,0.018580,0.018402,0.854132,0.519398,-0.924090,0.442204,0.039139,-0.066735,-0.063457,0.645621,0.758085,-0.591566,0.532966,0.040236,0.006904,0.000944,-0.791344,-0.611331,-0.768531,0.499463,0.946031
1455,12.125000,0.018715,0.018431,0.854129,0.519398,-0.924078,0.442203,0.039132,-0.066774,-0.063452,0.645613,0.758089,-0.591569,0.532967,0.040229,0.006756,0.001053,-0.791332,-0.611348,-0.768481,0.499478,0.945994
1456,12.133333,0.018632,0.018418,0.854125,0.519407,-0.924085,0.442206,0.039137,-0.066727,-0.063419,0.645621,0.758089,-0.591570,0.532967,0.040237,0.006706,0.001090,-0.791350,-0.611326,-0.768459,0.499479,0.945986
1457,12.141667,0.018673,0.018528,0.854120,0.519410,-0.924088,0.442208,0.039134,-0.066741,-0.063446,0.645616,0.758090,-0.591570,0.532968,0.040235,0.006711,0.001056,-0.791361,-0.611311,-0.768433,0.499474,0.945982
1458,12.150000,0.018661,0.018499,0.854124,0.519405,-0.924087,0.442208,0.039135,-0.066747,-0.063443,0.645610,0.758094,-0.591570,0.532967,0.040238,0.006679,0.001109,-0.791401,-0.611260,-0.768407,0.499473,0.945974
1459,12.158333,0.018667,0.018476,0.854124,0.519406,-0.924087,0.442207,0.039134,-0.066705,-0.063428,0.645630,0.758083,-0.591572,0.532968,0.040231,0.006670,0.001128,-0.791481,-0.611156,-0.768394,0.499468,0.945970
1460,12.166667,0.018685,0.018494,0.854115,0.519419,-0.924089,0.442207,0.039135,-0.066708,-0.063387,0.645629,0.758086,-0.591576,0.532969,0.040228,0.006697,0.001194,-0.791539,-0.611081,-0.768365,0.499459,0.945971
1461,12.175000,0.018717,0.018536,0.854120,0.519409,-0.924079,0.442205,0.039133,-0.066752,-0.063424,0.645624,0.758084,-0.591574,0.532972,0.040230,0.006648,0.001255,-0.791643,-0.610947,-0.768350,0.499453,0.945966
1462,12.183333,0.018682,0.018508,0.854115,0.519419,-0.924088,0.442203,0.039128,-0.066790,-0.063472,0.645623,0.758077,-0.591580,0.532975,0.040234,0.006719,0.001356,-0.791769,-0.610783,-0.768342,0.499432,0.945991
1463,12.191667,0.018727,0.018483,0.854119,0.519412,-0.924086,0.442199,0.039135,-0.066788,-0.063434,0.645637,0.758069,-0.591579,0.532974,0.040236,0.006616,0.001436,-0.791893,-0.610623,-0.768326,0.499421,0.945975
1464,12.200000,0.018732,0.018438,0.854108,0.519432,-0.924087,0.442196,0.039132,-0.066802,-0.063451,0.645654,0.758052,-0.591582,0.532974,0.040238,0.006721,0.001656,-0.792031,-0.610442,-0.768341,0.499440,0.945970
1465,12.208333,0.018732,0.018434,0.854105,0.519436,-0.924093,0.442193,0.039131,-0.066811,-0.063460,0.645634,0.758067,-0.591584,0.532973,0.040236,0.006528,0.001701,-0.792166,-0.610268,-0.768348,0.499428,0.945974
1466,12.216667,0.018805,0.018390,0.854094,0.519454,-0.924086,0.442192,0.039123,-0.066838,-0.063485,0.645644,0.758054,-0.591585,0.532974,0.040229,0.006495,0.001463,-0.792342,-0.610041,-0.768358,0.499364,0.945988
1467,12.225000,0.018583,0.018168,0.854151,0.519376,-0.924057,0.442185,0.039132,-0.066830,-0.063496,0.645658,0.758042,-0.591589,0.532975,0.040233,0.006901,0.001602,-0.792611,-0.609687,-0.768323,0.499272,0.945957
1468,12.233333,0.018434,0.018015,0.854166,0.519362,-0.924055,0.442188,0.039130,-0.066790,-0.063480,0.645682,0.758027,-0.591597,0.532969,0.040230,0.006906,0.001615,-0.792772,-0.609477,-0.768289,0.499215,0.945959
1469,12.241667,0.018467,0.017955,0.854158,0.519375,-0.924060,0.442183,0.039133,-0.066844,-0.063525,0.645662,0.758035,-0.591594,0.532974,0.040232,0.006789,0.001837,-0.792918,-0.609288,-0.768277,0.499194,0.945897
1470,12.250000,0.018403,0.017926,0.854155,0.519384,-0.924063,0.442180,0.039133,-0.066857,-0.063509,0.645695,0.758007,-0.591597,0.532979,0.040229,0.006748,0.001904,-0.793063,-0.609100,-0.768275,0.499135,0.945916
1471,12.258333,0.018424,0.017891,0.854158,0.519379,-0.924066,0.442179,0.039130,-0.066846,-0.063552,0.645694,0.758005,-0.591597,0.532976,0.040228,0.006613,0.001880,-0.793153,-0.608984,-0.768261,0.499103,0.945882
1472,12.266667,0.018481,0.017847,0.854157,0.519380,-0.924070,0.442172,0.039131,-0.066830,-0.063558,0.645710,0.757992,-0.591594,0.532977,0.040228,0.006667,0.001854,-0.793266,-0.608836,-0.768266,0.499059,0.945891
1473,12.275000,0.018446,0.017878,0.854143,0.519403,-0.924075,0.442166,0.039135,-0.066810,-0.063572,0.645713,0.757991,-0.591595,0.532974,0.040223,0.006595,0.001797,-0.793336,-0.608746,-0.768248,0.499017,0.945866
1474,12.283333,0.018421,0.017804,0.854142,0.519408,-0.924078,0.442161,0.039135,-0.066829,-0.063566,0.645718,0.757985,-0.591598,0.532973,0.040223,0.006688,0.001769,-0.793437,-0.608613,-0.768243,0.498957,0.945878
1475,12.291667,0.018406,0.017835,0.854138,0.519414,-0.924085,0.442154,0.039135,-0.066782,-0.063531,0.645742,0.757972,-0.591598,0.532967,0.040223,0.006641,0.001675,-0.793474,-0.608566,-0.768220,0.498907,0.945854
1476,12.300000,0.018399,0.017735,0.854150,0.519399,-0.924085,0.442150,0.039141,-0.066751,-0.063504,0.645747,0.757972,-0.591593,0.532967,0.040225,0.006592,0.001634,-0.793604,-0.608396,-0.768168,0.498846,0.945847
1477,12.308333,0.018396,0.017647,0.854147,0.519407,-0.924087,0.442142,0.039140,-0.066712,-0.063513,0.645759,0.757965,-0.591588,0.532965,0.040224,0.006555,0.001533,-0.793649,-0.608338,-0.768145,0.498797,0.945828
1478,12.316667,0.018377,0.017628,0.854136,0.519426,-0.924094,0.442140,0.039137,-0.066728,-0.063535,0.645773,0.757949,-0.591588,0.532959,0.040224,0.006635,0.001458,-0.793682,-0.608295,-0.768142,0.498760,0.945836
1479,12.325000,0.018388,0.017529,0.854137,0.519427,-0.924093,0.442138,0.039139,-0.066667,-0.063478,0.645788,0.757947,-0.591582,0.532956,0.040226,0.006625,0.001416,-0.793672,-0.608308,-0.768121,0.498721,0.945819
1480,12.333333,0.018414,0.017540,0.854144,0.519415,-0.924092,0.442133,0.039139,-0.066681,-0.063520,0.645773,0.757955,-0.591581,0.532951,0.040226,0.006823,0.001181,-0.793710,-0.608257,-0.768079,0.498640,0.945843
1481,12.341667,0.018378,0.017457,0.854147,0.519413,-0.924097,0.442133,0.039143,-0.066607,-0.063501,0.645798,0.757942,-0.591584,0.532947,0.040228,0.006951,0.001114,-0.793786,-0.608156,-0.768050,0.498546,0.945798
1482,12.350000,0.018348,0.017428,0.854124,0.519454,-0.924097,0.442129,0.039144,-0.066588,-0.063513,0.645804,0.757937,-0.591579,0.532945,0.040229,0.006935,0.000945,-0.793773,-0.608174,-0.768010,0.498473,0.945774
1483,12.358333,0.018336,0.017446,0.854123,0.519456,-0.924096,0.442125,0.039144,-0.066570,-0.063461,0.645811,0.757938,-0.591581,0.532941,0.040226,0.006921,0.001021,-0.793792,-0.608150,-0.768000,0.498409,0.945766
1484,12.366667,0.018374,0.017345,0.854123,0.519457,-0.924100,0.442121,0.039147,-0.066492,-0.063434,0.645843,0.757920,-0.591573,0.532935,0.040228,0.006965,0.000986,-0.793769,-0.608178,-0.767980,0.498364,0.945762
1485,12.375000,0.018347,0.017261,0.854128,0.519453,-0.924101,0.442120,0.039140,-0.066485,-0.063418,0.645835,0.757928,-0.591571,0.532935,0.040229,0.006999,0.000905,-0.793745,-0.608210,-0.767957,0.498318,0.945754
1486,12.383333,0.018385,0.017276,0.854124,0.519457,-0.924105,0.442113,0.039137,-0.066456,-0.063435,0.645850,0.757917,-0.591569,0.532931,0.040227,0.007106,0.000925,-0.793823,-0.608106,-0.767915,0.498243,0.945732
1487,12.391667,0.018340,0.017229,0.854117,0.519472,-0.924108,0.442110,0.039147,-0.066407,-0.063418,0.645857,0.757917,-0.591567,0.532923,0.040224,0.007116,0.000801,-0.793793,-0.608146,-0.767856,0.498187,0.945703
1488,12.400000,0.018308,0.017167,0.854110,0.519486,-0.924110,0.442106,0.039147,-0.066384,-0.063373,0.645868,0.757912,-0.591562,0.532923,0.040227,0.007085,0.000761,-0.793817,-0.608115,-0.767810,0.498148,0.945688
1489,12.408333,0.018330,0.017245,0.854103,0.519494,-0.924114,0.442107,0.039143,-0.066363,-0.063405,0.645873,0.757907,-0.591558,0.532921,0.040227,0.007155,0.000839,-0.793840,-0.608084,-0.767805,0.498114,0.945719
1490,12.416667,0.018429,0.017123,0.854097,0.519505,-0.924110,0.442106,0.039147,-0.066304,-0.063339,0.645882,0.757911,-0.591557,0.532919,0.040226,0.007224,0.000733,-0.793820,-0.608109,-0.767786,0.498088,0.945703
1491,12.425000,0.018364,0.017170,0.854094,0.519511,-0.924115,0.442103,0.039146,-0.066326,-0.063358,0.645876,0.757912,-0.591551,0.532919,0.040229,0.007428,0.000667,-0.793828,-0.608097,-0.767761,0.498052,0.945671
1492,12.433333,0.018359,0.017213,0.854096,0.519507,-0.924118,0.442105,0.039151,-0.066317,-0.063397,0.645868,0.757917,-0.591552,0.532918,0.040225,0.007496,0.000670,-0.793836,-0.608085,-0.767747,0.498032,0.945677
1493,12.441667,0.018297,0.017145,0.854102,0.519501,-0.924116,0.442104,0.039151,-0.066320,-0.063377,0.645875,0.757912,-0.591550,0.532919,0.040228,0.007656,0.000665,-0.793847,-0.608070,-0.767731,0.498012,0.945673
1494,12.450000,0.018322,0.017138,0.854099,0.519505,-0.924115,0.442106,0.039144,-0.066278,-0.063352,0.645884,0.757910,-0.591546,0.532919,0.040228,0.007621,0.000558,-0.793841,-0.608077,-0.767720,0.498005,0.945646
1495,12.458333,0.018288,0.017120,0.854104,0.519499,-0.924110,0.442104,0.039151,-0.066239,-0.063299,0.645867,0.757932,-0.591544,0.532920,0.040230,0.007697,0.000689,-0.793879,-0.608027,-0.767717,0.498008,0.945668
1496,12.466667,0.018339,0.017149,0.854108,0.519489,-0.924111,0.442101,0.039148,-0.066223,-0.063281,0.645876,0.757928,-0.591549,0.532920,0.040226,0.007850,0.000459,-0.793869,-0.608038,-0.767703,0.498008,0.945662
1497,12.475000,0.018352,0.017191,0.854123,0.519463,-0.924106,0.442100,0.039153,-0.066210,-0.063305,0.645856,0.757944,-0.591552,0.532920,0.040228,0.007867,0.000649,-0.793886,-0.608016,-0.767706,0.498013,0.945672
1498,12.483333,0.018397,0.017225,0.854128,0.519452,-0.924109,0.442100,0.039147,-0.066264,-0.063272,0.645863,0.757936,-0.591550,0.532924,0.040233,0.007928,0.000526,-0.793899,-0.607998,-0.767695,0.498026,0.945673
1499,12.491667,0.018352,0.017245,0.854139,0.519435,-0.924101,0.442102,0.039150,-0.066248,-0.063275,0.645861,0.757939,-0.591549,0.532916,0.040230,0.008054,0.000519,-0.793916,-0.607974,-0.767700,0.498042,0.945688
1500,12.500000,0.018348,0.017250,0.854139,0.519435,-0.924099,0.442103,0.039147,-0.066282,-0.063308,0.645857,0.757936,-0.591548,0.532919,0.040230,0.008043,0.000550,-0.793942,-0.607940,-0.767687,0.498067,0.945677
1501,12.508333,0.018355,0.017272,0.854140,0.519432,-0.924096,0.442105,0.039152,-0.066268,-0.063281,0.645871,0.757928,-0.591543,0.532924,0.040229,0.008039,0.000561,-0.793974,-0.607899,-0.767691,0.498088,0.945673
1502,12.516667,0.018406,0.017357,0.854150,0.519411,-0.924094,0.442113,0.039150,-0.066290,-0.063268,0.645865,0.757932,-0.591546,0.532927,0.040230,0.007911,0.000795,-0.794010,-0.607852,-0.767693,0.498110,0.945683
1503,12.525000,0.018441,0.017410,0.854152,0.519405,-0.924095,0.442116,0.039147,-0.066288,-0.063279,0.645852,0.757942,-0.591547,0.532929,0.040228,0.007950,0.000620,-0.794050,-0.607800,-0.767691,0.498131,0.945687
1504,12.533333,0.018462,0.017442,0.854158,0.519393,-0.924091,0.442119,0.039140,-0.066364,-0.063308,0.645840,0.757944,-0.591547,0.532932,0.040225,0.007999,0.000669,-0.794089,-0.607749,-0.767711,0.498167,0.945700
1505,12.541667,0.018409,0.017453,0.854153,0.519403,-0.924088,0.442124,0.039153,-0.066357,-0.063305,0.645846,0.757939,-0.591555,0.532937,0.040225,0.007869,0.000636,-0.794094,-0.607744,-0.767698,0.498201,0.945670
1506,12.550000,0.018400,0.017471,0.854164,0.519385,-0.924087,0.442131,0.039151,-0.066334,-0.063235,0.645836,0.757956,-0.591552,0.532940,0.040226,0.007661,0.000756,-0.794112,-0.607723,-0.767721,0.498258,0.945699
1507,12.558333,0.018466,0.017632,0.854179,0.519352,-0.924086,0.442135,0.039151,-0.066377,-0.063290,0.645803,0.757976,-0.591554,0.532942,0.040229,0.007672,0.000773,-0.794153,-0.607669,-0.767732,0.498291,0.945712
1508,12.566667,0.018424,0.017644,0.854180,0.519351,-0.924084,0.442137,0.039140,-0.066446,-0.063358,0.645808,0.757960,-0.591562,0.532944,0.040223,0.007520,0.000910,-0.794187,-0.607626,-0.767738,0.498324,0.945695
1509,12.575000,0.018462,0.017666,0.854181,0.519347,-0.924080,0.442142,0.039144,-0.066464,-0.063343,0.645804,0.757963,-0.591566,0.532948,0.040222,0.007389,0.000966,-0.794218,-0.607587,-0.767733,0.498367,0.945677
1510,12.583333,0.018431,0.017695,0.854191,0.519331,-0.924084,0.442146,0.039142,-0.066554,-0.063387,0.645812,0.757945,-0.591572,0.532951,0.040227,0.007452,0.000882,-0.794248,-0.607547,-0.767740,0.498413,0.945697
1511,12.591667,0.018372,0.017761,0.854190,0.519332,-0.924080,0.442147,0.039147,-0.066529,-0.063371,0.645803,0.757955,-0.591571,0.532951,0.040232,0.007318,0.001012,-0.794284,-0.607502,-0.767748,0.498444,0.945691
1512,12.600000,0.018376,0.017768,0.854185,0.519341,-0.924081,0.442151,0.039148,-0.066575,-0.063403,0.645794,0.757956,-0.591576,0.532953,0.040225,0.007322,0.000983,-0.794337,-0.607433,-0.767765,0.498499,0.945715
1513,12.608333,0.018376,0.017760,0.854188,0.519336,-0.924073,0.442157,0.039146,-0.066589,-0.063350,0.645793,0.757960,-0.591576,0.532959,0.040232,0.007296,0.000890,-0.794330,-0.607443,-0.767761,0.498554,0.945686
1514,12.616667,0.018396,0.017844,0.854190,0.519328,-0.924082,0.442163,0.039144,-0.066591,-0.063383,0.645792,0.757959,-0.591580,0.532963,0.040231,0.007231,0.000941,-0.794290,-0.607495,-0.767789,0.498641,0.945705
1515,12.625000,0.018388,0.017860,0.854186,0.519336,-0.924074,0.442166,0.039142,-0.066631,-0.063381,0.645785,0.757961,-0.591582,0.532968,0.040229,0.007157,0.000992,-0.794276,-0.607514,-0.767815,0.498716,0.945705
1516,12.633333,0.018699,0.018032,0.854147,0.519383,-0.924102,0.442177,0.039128,-0.066654,-0.063391,0.645782,0.757960,-0.591583,0.532970,0.040230,0.007378,0.000932,-0.794370,-0.607389,-0.767889,0.498754,0.945755
1517,12.641667,0.018751,0.018126,0.854146,0.519379,-0.924108,0.442181,0.039134,-0.066668,-0.063414,0.645765,0.757972,-0.591585,0.532972,0.040230,0.007087,0.000984,-0.794344,-0.607426,-0.767852,0.498829,0.945696
1518,12.650000,0.018727,0.018137,0.854141,0.519388,-0.924108,0.442181,0.039132,-0.066679,-0.063438,0.645760,0.757974,-0.591584,0.532972,0.040235,0.007329,0.000899,-0.794384,-0.607372,-0.767955,0.498891,0.945810
1519,12.658333,0.018705,0.018124,0.854144,0.519385,-0.924109,0.442182,0.039132,-0.066713,-0.063441,0.645773,0.757959,-0.591593,0.532970,0.040231,0.007158,0.000775,-0.794448,-0.607290,-0.767957,0.498956,0.945771
1520,12.666667,0.018691,0.018144,0.854145,0.519382,-0.924105,0.442182,0.039133,-0.066769,-0.063487,0.645747,0.757973,-0.591590,0.532971,0.040230,0.007225,0.000863,-0.794490,-0.607234,-0.767973,0.499011,0.945788
1521,12.675000,0.018441,0.017939,0.854200,0.519308,-0.924081,0.442176,0.039143,-0.066747,-0.063469,0.645762,0.757964,-0.591589,0.532972,0.040232,0.007257,0.000873,-0.794535,-0.607175,-0.767989,0.499069,0.945789
1522,12.683333,0.018707,0.018048,0.854165,0.519352,-0.924102,0.442174,0.039138,-0.066753,-0.063498,0.645754,0.757967,-0.591594,0.532969,0.040229,0.007207,0.000869,-0.794585,-0.607109,-0.767996,0.499125,0.945780
1523,12.691667,0.018722,0.018123,0.854141,0.519388,-0.924115,0.442175,0.039140,-0.066764,-0.063507,0.645741,0.757976,-0.591590,0.532966,0.040231,0.007245,0.000840,-0.794649,-0.607025,-0.768000,0.499171,0.945780
1524,12.700000,0.018728,0.018069,0.854147,0.519381,-0.924112,0.442177,0.039137,-0.066803,-0.063499,0.645775,0.757944,-0.591595,0.532969,0.040232,0.007092,0.000929,-0.794724,-0.606929,-0.768007,0.499233,0.945744
1525,12.708333,0.018439,0.017849,0.854206,0.519301,-0.924079,0.442171,0.039148,-0.066790,-0.063495,0.645782,0.757940,-0.591590,0.532969,0.040234,0.007228,0.000868,-0.794796,-0.606833,-0.768015,0.499289,0.945754
1526,12.716667,0.018737,0.018021,0.854164,0.519354,-0.924109,0.442178,0.039136,-0.066792,-0.063429,0.645785,0.757943,-0.591588,0.532969,0.040234,0.007239,0.000814,-0.794856,-0.606755,-0.768004,0.499329,0.945747
1527,12.725000,0.018697,0.018022,0.854150,0.519378,-0.924109,0.442178,0.039139,-0.066740,-0.063432,0.645779,0.757952,-0.591590,0.532971,0.040236,0.007117,0.000850,-0.794977,-0.606597,-0.767985,0.499381,0.945727
1528,12.733333,0.018645,0.018021,0.854138,0.519400,-0.924112,0.442177,0.039133,-0.066809,-0.063522,0.645773,0.757943,-0.591593,0.532975,0.040239,0.006906,0.000909,-0.795058,-0.606493,-0.767968,0.499407,0.945692
1529,12.741667,0.018430,0.017855,0.854187,0.519332,-0.924085,0.442169,0.039148,-0.066812,-0.063503,0.645801,0.757922,-0.591591,0.532974,0.040236,0.007073,0.000866,-0.795164,-0.606353,-0.767961,0.499460,0.945713
1530,12.750000,0.018382,0.017802,0.854194,0.519325,-0.924076,0.442167,0.039149,-0.066785,-0.063485,0.645791,0.757934,-0.591590,0.532972,0.040237,0.007152,0.000907,-0.795213,-0.606288,-0.767979,0.499496,0.945718
1531,12.758333,0.018365,0.017756,0.854198,0.519320,-0.924074,0.442165,0.039149,-0.066788,-0.063475,0.645805,0.757923,-0.591590,0.532972,0.040237,0.007247,0.000956,-0.795317,-0.606150,-0.767960,0.499534,0.945735
1532,12.766667,0.018399,0.017811,0.854207,0.519303,-0.924074,0.442163,0.039146,-0.066765,-0.063474,0.645822,0.757910,-0.591587,0.532972,0.040239,0.007103,0.000924,-0.795409,-0.606031,-0.767961,0.499562,0.945712
1533,12.775000,0.018382,0.017783,0.854198,0.519319,-0.924077,0.442162,0.039143,-0.066795,-0.063472,0.645812,0.757916,-0.591590,0.532971,0.040236,0.007346,0.000905,-0.795455,-0.605968,-0.767928,0.499567,0.945737
1534,12.783333,0.018394,0.017759,0.854193,0.519326,-0.924078,0.442162,0.039145,-0.066776,-0.063494,0.645795,0.757930,-0.591589,0.532972,0.040240,0.007350,0.000905,-0.795526,-0.605874,-0.767911,0.499581,0.945730
1535,12.791667,0.018398,0.017752,0.854195,0.519324,-0.924081,0.442161,0.039143,-0.066785,-0.063493,0.645819,0.757909,-0.591592,0.532974,0.040234,0.007368,0.000850,-0.795604,-0.605771,-0.767899,0.499595,0.945722
1536,12.800000,0.018399,0.017765,0.854197,0.519320,-0.924078,0.442164,0.039138,-0.066800,-0.063444,0.645807,0.757922,-0.591592,0.532977,0.040238,0.007430,0.000852,-0.795674,-0.605679,-0.767891,0.499604,0.945723
1537,12.808333,0.018372,0.017771,0.854194,0.519325,-0.924077,0.442164,0.039147,-0.066784,-0.063472,0.645816,0.757913,-0.591597,0.532976,0.040235,0.007506,0.000866,-0.795751,-0.605576,-0.767876,0.499631,0.945722
1538,12.816667,0.018414,0.017724,0.854194,0.519325,-0.924074,0.442166,0.039144,-0.066820,-0.063515,0.645815,0.757908,-0.591592,0.532976,0.040239,0.007550,0.000861,-0.795799,-0.605514,-0.767853,0.499633,0.945721
1539,12.825000,0.018433,0.017727,0.854202,0.519313,-0.924074,0.442163,0.039138,-0.066785,-0.063457,0.645809,0.757921,-0.591591,0.532975,0.040233,0.007539,0.000968,-0.795821,-0.605484,-0.767811,0.499657,0.945706
1540,12.833333,0.018398,0.017745,0.854199,0.519318,-0.924071,0.442158,0.039143,-0.066738,-0.063443,0.645832,0.757906,-0.591593,0.532973,0.040237,0.007517,0.001049,-0.795882,-0.605404,-0.767805,0.499650,0.945719
1541,12.841667,0.018467,0.017724,0.854191,0.519329,-0.924078,0.442161,0.039140,-0.066783,-0.063451,0.645828,0.757905,-0.591592,0.532976,0.040237,0.007710,0.000944,-0.796049,-0.605182,-0.767761,0.499600,0.945706
1542,12.850000,0.018432,0.017696,0.854198,0.519319,-0.924073,0.442158,0.039141,-0.066800,-0.063458,0.645835,0.757897,-0.591592,0.532969,0.040230,0.007788,0.000925,-0.796129,-0.605076,-0.767734,0.499587,0.945699
1543,12.858333,0.018458,0.017673,0.854202,0.519313,-0.924074,0.442161,0.039140,-0.066750,-0.063445,0.645834,0.757903,-0.591594,0.532970,0.040233,0.007795,0.000769,-0.796231,-0.604941,-0.767735,0.499552,0.945694
1544,12.866667,0.018429,0.017641,0.854203,0.519313,-0.924076,0.442156,0.039142,-0.066741,-0.063435,0.645848,0.757893,-0.591596,0.532970,0.040236,0.008037,0.000473,-0.796212,-0.604964,-0.767687,0.499497,0.945658
1545,12.875000,0.018410,0.017646,0.854212,0.519299,-0.924073,0.442156,0.039142,-0.066714,-0.063393,0.645856,0.757892,-0.591595,0.532970,0.040238,0.008152,0.000507,-0.796266,-0.604892,-0.767669,0.499479,0.945641
1546,12.883333,0.018501,0.017649,0.854200,0.519315,-0.924074,0.442151,0.039141,-0.066722,-0.063402,0.645847,0.757899,-0.591591,0.532969,0.040241,0.008302,0.000506,-0.796356,-0.604771,-0.767642,0.499443,0.945581
1547,12.891667,0.018437,0.017629,0.854209,0.519304,-0.924076,0.442153,0.039134,-0.066771,-0.063442,0.645870,0.757871,-0.591594,0.532971,0.040229,0.008480,0.000411,-0.796421,-0.604683,-0.767598,0.499395,0.945555
1548,12.900000,0.018503,0.017668,0.854203,0.519310,-0.924074,0.442152,0.039139,-0.066705,-0.063389,0.645864,0.757887,-0.591591,0.532969,0.040234,0.008356,0.000422,-0.796456,-0.604638,-0.767579,0.499390,0.945563
1549,12.908333,0.018533,0.017643,0.854206,0.519304,-0.924076,0.442153,0.039131,-0.066741,-0.063465,0.645859,0.757881,-0.591593,0.532970,0.040233,0.008498,0.000421,-0.796552,-0.604510,-0.767563,0.499353,0.945546
1550,12.916667,0.018489,0.017643,0.854213,0.519294,-0.924074,0.442149,0.039142,-0.066680,-0.063381,0.645871,0.757883,-0.591589,0.532968,0.040228,0.008587,0.000309,-0.796608,-0.604435,-0.767534,0.499334,0.945549
1551,12.925000,0.018553,0.017683,0.854208,0.519299,-0.924071,0.442148,0.039131,-0.066653,-0.063385,0.645869,0.757887,-0.591589,0.532969,0.040231,0.008585,0.000304,-0.796679,-0.604342,-0.767520,0.499332,0.945538
1552,12.933333,0.018497,0.017544,0.854204,0.519313,-0.924078,0.442146,0.039143,-0.066675,-0.063387,0.645894,0.757864,-0.591588,0.532968,0.040232,0.008579,0.000205,-0.796790,-0.604195,-0.767513,0.499312,0.945585
1553,12.941667,0.018457,0.017533,0.854221,0.519287,-0.924081,0.442145,0.039142,-0.066684,-0.063409,0.645887,0.757867,-0.591591,0.532969,0.040228,0.008554,0.000080,-0.796866,-0.604096,-0.767476,0.499292,0.945555
1554,12.950000,0.018465,0.017492,0.854221,0.519287,-0.924077,0.442139,0.039136,-0.066643,-0.063379,0.645900,0.757862,-0.591593,0.532962,0.040228,0.008784,-0.000017,-0.796941,-0.603994,-0.767470,0.499275,0.945587
1555,12.958333,0.018516,0.017489,0.854223,0.519283,-0.924086,0.442132,0.039140,-0.066694,-0.063412,0.645920,0.757838,-0.591587,0.532963,0.040230,0.008882,-0.000011,-0.797045,-0.603854,-0.767439,0.499252,0.945543
1556,12.966667,0.018526,0.017476,0.854225,0.519279,-0.924086,0.442132,0.039140,-0.066627,-0.063395,0.645925,0.757841,-0.591585,0.532961,0.040227,0.008703,0.000002,-0.797185,-0.603672,-0.767370,0.499244,0.945465
1557,12.975000,0.018526,0.017470,0.854227,0.519276,-0.924083,0.442131,0.039148,-0.066646,-0.063383,0.645924,0.757841,-0.591586,0.532960,0.040231,0.008726,-0.000116,-0.797274,-0.603554,-0.767373,0.499216,0.945479
1558,12.983333,0.018495,0.017501,0.854229,0.519274,-0.924086,0.442131,0.039141,-0.066643,-0.063407,0.645924,0.757839,-0.591588,0.532962,0.040230,0.008782,-0.000113,-0.797387,-0.603404,-0.767388,0.499181,0.945509
1559,12.991667,0.018501,0.017484,0.854235,0.519263,-0.924080,0.442134,0.039148,-0.066596,-0.063348,0.645943,0.757832,-0.591589,0.532960,0.040229,0.008970,-0.000179,-0.797417,-0.603363,-0.767334,0.499193,0.945511
1560,13.000000,0.018542,0.017481,0.854244,0.519248,-0.924082,0.442135,0.039140,-0.066614,-0.063399,0.645924,0.757843,-0.591584,0.532963,0.040227,0.009035,-0.000287,-0.797541,-0.603197,-0.767344,0.499160,0.945546
1561,13.008333,0.018514,0.017416,0.854236,0.519265,-0.924082,0.442133,0.039146,-0.066575,-0.063360,0.645936,0.757839,-0.591587,0.532963,0.040231,0.009051,-0.000255,-0.797576,-0.603151,-0.767335,0.499174,0.945542
1562,13.016667,0.018554,0.017472,0.854241,0.519252,-0.924082,0.442130,0.039146,-0.066575,-0.063399,0.645944,0.757829,-0.591584,0.532961,0.040231,0.008985,-0.000231,-0.797621,-0.603092,-0.767333,0.499178,0.945536
1563,13.025000,0.018541,0.017372,0.854232,0.519271,-0.924080,0.442129,0.039148,-0.066569,-0.063380,0.645943,0.757832,-0.591583,0.532960,0.040226,0.008891,-0.000217,-0.797661,-0.603041,-0.767320,0.499192,0.945512
1564,13.033333,0.018572,0.017496,0.854244,0.519246,-0.924080,0.442128,0.039146,-0.066538,-0.063356,0.645958,0.757824,-0.591582,0.532960,0.040230,0.008865,-0.000189,-0.797711,-0.602975,-0.767312,0.499201,0.945515
1565,13.041667,0.018565,0.017440,0.854247,0.519244,-0.924080,0.442128,0.039146,-0.066546,-0.063368,0.645960,0.757820,-0.591579,0.532959,0.040228,0.008825,-0.000168,-0.797765,-0.602903,-0.767299,0.499205,0.945503
1566,13.050000,0.018882,0.017652,0.854189,0.519320,-0.924113,0.442130,0.039137,-0.066561,-0.063394,0.645972,0.757807,-0.591584,0.532953,0.040226,0.008852,-0.000092,-0.797823,-0.602827,-0.767289,0.499210,0.945517
1567,13.058333,0.018627,0.017499,0.854234,0.519260,-0.924089,0.442124,0.039144,-0.066531,-0.063355,0.645964,0.757819,-0.591582,0.532956,0.040227,0.008779,-0.000103,-0.797863,-0.602775,-0.767274,0.499220,0.945499
1568,13.066667,0.018594,0.017472,0.854254,0.519230,-0.924080,0.442126,0.039144,-0.066504,-0.063358,0.645964,0.757822,-0.591584,0.532956,0.040226,0.008797,-0.000070,-0.797900,-0.602726,-0.767266,0.499232,0.945503
1569,13.075000,0.018602,0.017475,0.854259,0.519221,-0.924077,0.442127,0.039145,-0.066521,-0.063341,0.645958,0.757827,-0.591578,0.532951,0.040224,0.008744,-0.000070,-0.797923,-0.602696,-0.767246,0.499248,0.945491
1570,13.083333,0.018636,0.017559,0.854263,0.519210,-0.924080,0.442123,0.039147,-0.066491,-0.063351,0.645952,0.757834,-0.591579,0.532957,0.040225,0.008725,-0.000081,-0.797946,-0.602666,-0.767236,0.499257,0.945489
1571,13.091667,0.018603,0.017562,0.854255,0.519224,-0.924078,0.442126,0.039142,-0.066508,-0.063378,0.645956,0.757827,-0.591576,0.532954,0.040226,0.008717,-0.000018,-0.797965,-0.602640,-0.767227,0.499275,0.945491
1572,13.100000,0.018933,0.017739,0.854206,0.519287,-0.924103,0.442132,0.039130,-0.066478,-0.063321,0.645956,0.757833,-0.591576,0.532955,0.040226,0.008659,-0.000089,-0.797972,-0.602633,-0.767219,0.499305,0.945517
1573,13.108333,0.018894,0.017754,0.854218,0.519268,-0.924108,0.442138,0.039134,-0.066489,-0.063346,0.645957,0.757830,-0.591579,0.532957,0.040225,0.008641,0.000145,-0.797940,-0.602674,-0.767150,0.499354,0.945531
1574,13.116667,0.018922,0.017834,0.854210,0.519277,-0.924108,0.442139,0.039132,-0.066507,-0.063342,0.645949,0.757835,-0.591578,0.532954,0.040219,0.008578,0.000264,-0.797939,-0.602677,-0.767167,0.499391,0.945524
1575,13.125000,0.018905,0.017825,0.854212,0.519275,-0.924106,0.442137,0.039136,-0.066541,-0.063393,0.645959,0.757820,-0.591573,0.532957,0.040225,0.008542,0.000169,-0.797945,-0.602670,-0.767123,0.499409,0.945516
1576,13.133333,0.018596,0.017634,0.854267,0.519203,-0.924073,0.442134,0.039148,-0.066550,-0.063376,0.645962,0.757818,-0.591574,0.532955,0.040226,0.008382,0.000267,-0.797966,-0.602645,-0.767114,0.499427,0.945501
1577,13.141667,0.018910,0.017789,0.854228,0.519250,-0.924094,0.442141,0.039132,-0.066512,-0.063357,0.645942,0.757840,-0.591575,0.532950,0.040220,0.008549,0.000323,-0.797902,-0.602727,-0.767053,0.499500,0.945466
1578,13.150000,0.018629,0.017676,0.854277,0.519184,-0.924069,0.442136,0.039146,-0.066531,-0.063353,0.645947,0.757834,-0.591578,0.532958,0.040225,0.008399,0.000240,-0.797947,-0.602669,-0.767090,0.499514,0.945506
1579,13.158333,0.018950,0.017866,0.854228,0.519246,-0.924096,0.442140,0.039134,-0.066516,-0.063368,0.645959,0.757824,-0.591580,0.532957,0.040220,0.008482,0.000290,-0.797908,-0.602720,-0.767040,0.499561,0.945474
1580,13.166667,0.018924,0.017915,0.854225,0.519251,-0.924097,0.442144,0.039141,-0.066559,-0.063364,0.645943,0.757834,-0.591582,0.532961,0.040223,0.008456,0.000264,-0.797939,-0.602679,-0.767033,0.499580,0.945477
1581,13.175000,0.018947,0.017923,0.854220,0.519257,-0.924099,0.442146,0.039136,-0.066573,-0.063388,0.645941,0.757832,-0.591581,0.532960,0.040222,0.008233,0.000397,-0.797940,-0.602680,-0.767008,0.499664,0.945396
1582,13.183333,0.018926,0.017926,0.854217,0.519262,-0.924097,0.442149,0.039137,-0.066532,-0.063373,0.645947,0.757832,-0.591581,0.532961,0.040223,0.008243,0.000399,-0.797962,-0.602651,-0.767004,0.499693,0.945406
1583,13.191667,0.018914,0.017935,0.854233,0.519236,-0.924094,0.442150,0.039140,-0.066575,-0.063408,0.645940,0.757832,-0.591582,0.532961,0.040223,0.008242,0.000361,-0.797958,-0.602657,-0.766986,0.499729,0.945399
1584,13.200000,0.018913,0.017903,0.854227,0.519247,-0.924091,0.442151,0.039137,-0.066608,-0.063455,0.645930,0.757833,-0.591580,0.532964,0.040218,0.008239,0.000391,-0.797975,-0.602634,-0.766991,0.499762,0.945404
1585,13.208333,0.018989,0.017978,0.854234,0.519230,-0.924094,0.442146,0.039141,-0.066572,-0.063366,0.645933,0.757841,-0.591576,0.532960,0.040217,0.008206,0.000408,-0.797966,-0.602646,-0.766980,0.499797,0.945397
1586,13.216667,0.018963,0.018027,0.854241,0.519219,-0.924090,0.442150,0.039137,-0.066565,-0.063372,0.645931,0.757844,-0.591578,0.532963,0.040220,0.008204,0.000392,-0.797988,-0.602618,-0.766976,0.499841,0.945394
1587,13.225000,0.018932,0.018079,0.854237,0.519225,-0.924089,0.442153,0.039141,-0.066564,-0.063390,0.645934,0.757840,-0.591581,0.532957,0.040213,0.008205,0.000432,-0.798034,-0.602556,-0.766975,0.499863,0.945398
1588,13.233333,0.018972,0.018126,0.854247,0.519206,-0.924087,0.442149,0.039138,-0.066573,-0.063351,0.645909,0.757863,-0.591578,0.532959,0.040213,0.008178,0.000468,-0.798065,-0.602516,-0.766964,0.499896,0.945388
1589,13.241667,0.018997,0.018139,0.854254,0.519192,-0.924082,0.442155,0.039135,-0.066585,-0.063377,0.645905,0.757863,-0.591578,0.532959,0.040218,0.008149,0.000441,-0.798112,-0.602453,-0.766958,0.499930,0.945394
1590,13.250000,0.018978,0.018139,0.854272,0.519162,-0.924077,0.442157,0.039133,-0.066612,-0.063386,0.645906,0.757859,-0.591578,0.532958,0.040214,0.008126,0.000501,-0.798123,-0.602440,-0.766959,0.499983,0.945382
1591,13.258333,0.018970,0.018113,0.854266,0.519174,-0.924070,0.442161,0.039135,-0.066648,-0.063417,0.645898,0.757861,-0.591579,0.532961,0.040214,0.007902,0.000545,-0.798106,-0.602465,-0.766976,0.500049,0.945416
1592,13.266667,0.018950,0.018155,0.854267,0.519172,-0.924072,0.442167,0.039133,-0.066597,-0.063405,0.645895,0.757869,-0.591579,0.532964,0.040210,0.007861,0.000532,-0.798116,-0.602453,-0.766987,0.500095,0.945423
1593,13.275000,0.018951,0.018237,0.854262,0.519177,-0.924069,0.442169,0.039132,-0.066620,-0.063425,0.645895,0.757865,-0.591582,0.532965,0.040214,0.007805,0.000578,-0.798126,-0.602440,-0.766985,0.500150,0.945421
1594,13.283333,0.018997,0.018327,0.854259,0.519177,-0.924070,0.442172,0.039139,-0.066589,-0.063395,0.645871,0.757890,-0.591583,0.532965,0.040219,0.007749,0.000628,-0.798142,-0.602419,-0.766982,0.500197,0.945421
1595,13.291667,0.019142,0.018455,0.854265,0.519158,-0.924063,0.442177,0.039133,-0.066676,-0.063416,0.645876,0.757876,-0.591585,0.532968,0.040219,0.007560,0.000750,-0.798176,-0.602377,-0.766987,0.500243,0.945444
1596,13.300000,0.019022,0.018419,0.854268,0.519158,-0.924066,0.442181,0.039136,-0.066679,-0.063445,0.645869,0.757880,-0.591582,0.532966,0.040212,0.007386,0.000772,-0.798173,-0.602383,-0.766971,0.500325,0.945377
1597,13.308333,0.019071,0.018432,0.854250,0.519186,-0.924060,0.442183,0.039130,-0.066676,-0.063453,0.645872,0.757877,-0.591590,0.532969,0.040211,0.007293,0.000765,-0.798182,-0.602372,-0.766966,0.500370,0.945365
1598,13.316667,0.019060,0.018485,0.854263,0.519163,-0.924062,0.442187,0.039134,-0.066704,-0.063445,0.645858,0.757887,-0.591586,0.532972,0.040210,0.007351,0.000832,-0.798199,-0.602349,-0.766987,0.500371,0.945426
1599,13.325000,0.019069,0.018503,0.854266,0.519157,-0.924062,0.442186,0.039131,-0.066729,-0.063452,0.645869,0.757874,-0.591589,0.532967,0.040209,0.007326,0.000849,-0.798203,-0.602344,-0.766987,0.500411,0.945425
1600,13.333333,0.019073,0.018489,0.854272,0.519146,-0.924058,0.442188,0.039135,-0.066737,-0.063472,0.645854,0.757886,-0.591591,0.532967,0.040208,0.006921,0.000848,-0.798133,-0.602441,-0.766997,0.500542,0.945394
1601,13.341667,0.019083,0.018498,0.854273,0.519144,-0.924059,0.442190,0.039136,-0.066752,-0.063484,0.645839,0.757896,-0.591593,0.532969,0.040210,0.006906,0.000871,-0.798130,-0.602445,-0.766982,0.500594,0.945398
1602,13.350000,0.019071,0.018583,0.854263,0.519158,-0.924062,0.442189,0.039128,-0.066775,-0.063465,0.645837,0.757897,-0.591588,0.532973,0.040206,0.006961,0.000885,-0.798136,-0.602437,-0.767010,0.500624,0.945393
1603,13.358333,0.019071,0.018591,0.854258,0.519166,-0.924058,0.442194,0.039129,-0.066747,-0.063463,0.645831,0.757905,-0.591592,0.532973,0.040212,0.006869,0.000896,-0.798129,-0.602447,-0.767000,0.500668,0.945399
1604,13.366667,0.019100,0.018602,0.854274,0.519139,-0.924060,0.442197,0.039124,-0.066750,-0.063454,0.645834,0.757903,-0.591593,0.532976,0.040211,0.006810,0.000895,-0.798106,-0.602478,-0.767011,0.500732,0.945386
1605,13.375000,0.019097,0.018649,0.854260,0.519160,-0.924059,0.442200,0.039128,-0.066779,-0.063469,0.645831,0.757901,-0.591594,0.532978,0.040207,0.006820,0.000880,-0.798112,-0.602470,-0.767027,0.500777,0.945368
1606,13.383333,0.019119,0.018693,0.854262,0.519155,-0.924051,0.442198,0.039130,-0.066776,-0.063465,0.645827,0.757905,-0.591594,0.532982,0.040203,0.006816,0.000869,-0.798131,-0.602445,-0.767044,0.500814,0.945372
1607,13.391667,0.019126,0.018757,0.854269,0.519140,-0.924051,0.442204,0.039127,-0.066773,-0.063447,0.645830,0.757905,-0.591593,0.532982,0.040211,0.006807,0.000937,-0.798150,-0.602420,-0.767065,0.500858,0.945383
1608,13.400000,0.019080,0.018767,0.854275,0.519132,-0.924051,0.442205,0.039130,-0.066772,-0.063447,0.645813,0.757919,-0.591592,0.532979,0.040206,0.006755,0.000860,-0.798162,-0.602405,-0.767078,0.500899,0.945375
1609,13.408333,0.019064,0.018798,0.854281,0.519121,-0.924050,0.442208,0.039133,-0.066785,-0.063473,0.645788,0.757937,-0.591596,0.532978,0.040210,0.006755,0.000868,-0.798167,-0.602397,-0.767101,0.500935,0.945378
1610,13.416667,0.019105,0.018809,0.854280,0.519122,-0.924052,0.442207,0.039130,-0.066826,-0.063493,0.645798,0.757923,-0.591599,0.532975,0.040208,0.006785,0.000891,-0.798176,-0.602386,-0.767150,0.500971,0.945374
1611,13.425000,0.019063,0.018826,0.854289,0.519108,-0.924055,0.442212,0.039133,-0.066855,-0.063537,0.645809,0.757908,-0.591601,0.532978,0.040208,0.006785,0.000859,-0.798176,-0.602386,-0.767180,0.500997,0.945393
1612,13.433333,0.019089,0.018911,0.854270,0.519134,-0.924056,0.442209,0.039134,-0.066855,-0.063522,0.645796,0.757920,-0.591603,0.532976,0.040210,0.006685,0.000870,-0.798171,-0.602393,-0.767196,0.501039,0.945380
1613,13.441667,0.019048,0.018881,0.854285,0.519112,-0.924054,0.442211,0.039134,-0.066875,-0.063543,0.645782,0.757928,-0.591601,0.532976,0.040212,0.006603,0.000942,-0.798097,-0.602493,-0.767167,0.501115,0.945367
1614,13.450000,0.019092,0.018906,0.854287,0.519108,-0.924049,0.442218,0.039136,-0.066861,-0.063530,0.645775,0.757937,-0.591600,0.532981,0.040208,0.006631,0.000997,-0.798061,-0.602539,-0.767199,0.501165,0.945344
1615,13.458333,0.019129,0.018925,0.854280,0.519116,-0.924051,0.442217,0.039136,-0.066906,-0.063573,0.645769,0.757934,-0.591604,0.532978,0.040205,0.006740,0.000801,-0.797988,-0.602635,-0.767209,0.501196,0.945379
1616,13.466667,0.019096,0.018900,0.854280,0.519119,-0.924050,0.442218,0.039133,-0.066887,-0.063557,0.645770,0.757936,-0.591603,0.532978,0.040210,0.006730,0.000780,-0.797969,-0.602661,-0.767215,0.501203,0.945384
1617,13.475000,0.019086,0.018920,0.854278,0.519120,-0.924049,0.442219,0.039137,-0.066870,-0.063542,0.645766,0.757942,-0.591605,0.532980,0.040211,0.006881,0.000810,-0.797921,-0.602722,-0.767271,0.501208,0.945401
1618,13.483333,0.019116,0.018946,0.854276,0.519122,-0.924050,0.442217,0.039135,-0.066895,-0.063571,0.645759,0.757944,-0.591604,0.532981,0.040212,0.006645,0.000861,-0.797914,-0.602734,-0.767266,0.501236,0.945404
1619,13.491667,0.019120,0.018962,0.854259,0.519149,-0.924054,0.442221,0.039138,-0.066906,-0.063588,0.645770,0.757932,-0.591602,0.532976,0.040216,0.006672,0.000867,-0.797882,-0.602776,-0.767283,0.501266,0.945418
1620,13.500000,0.019103,0.018948,0.854262,0.519146,-0.924055,0.442218,0.039141,-0.066879,-0.063538,0.645773,0.757936,-0.591605,0.532974,0.040215,0.006798,0.000778,-0.797810,-0.602870,-0.767330,0.501277,0.945422
1621,13.508333,0.019185,0.019022,0.854255,0.519152,-0.924050,0.442214,0.039136,-0.066899,-0.063587,0.645776,0.757928,-0.591602,0.532976,0.040222,0.006853,0.000794,-0.797805,-0.602876,-0.767332,0.501283,0.945434
1622,13.516667,0.019075,0.018919,0.854248,0.519171,-0.924058,0.442211,0.039138,-0.066888,-0.063546,0.645770,0.757937,-0.591604,0.532974,0.040217,0.006872,0.000816,-0.797761,-0.602934,-0.767324,0.501286,0.945441
1623,13.525000,0.019058,0.018854,0.854247,0.519175,-0.924062,0.442215,0.039145,-0.066899,-0.063558,0.645753,0.757950,-0.591602,0.532977,0.040215,0.006839,0.000846,-0.797729,-0.602977,-0.767306,0.501299,0.945437
1624,13.533333,0.019103,0.018881,0.854240,0.519185,-0.924063,0.442217,0.039140,-0.066863,-0.063552,0.645778,0.757932,-0.591599,0.532977,0.040218,0.006885,0.000791,-0.797685,-0.603035,-0.767298,0.501303,0.945435
1625,13.541667,0.019110,0.018887,0.854230,0.519201,-0.924062,0.442213,0.039141,-0.066864,-0.063531,0.645765,0.757945,-0.591599,0.532978,0.040217,0.006891,0.000825,-0.797656,-0.603072,-0.767303,0.501307,0.945444
1626,13.550000,0.019063,0.018912,0.854236,0.519192,-0.924060,0.442213,0.039146,-0.066824,-0.063509,0.645757,0.757958,-0.591599,0.532973,0.040222,0.006940,0.000794,-0.797621,-0.603119,-0.767289,0.501307,0.945439
1627,13.558333,0.019059,0.018839,0.854228,0.519207,-0.924062,0.442213,0.039146,-0.066793,-0.063512,0.645770,0.757949,-0.591594,0.532974,0.040215,0.006923,0.000806,-0.797592,-0.603157,-0.767280,0.501306,0.945432
1628,13.566667,0.019097,0.018830,0.854230,0.519204,-0.924062,0.442214,0.039146,-0.066836,-0.063521,0.645759,0.757954,-0.591589,0.532968,0.040220,0.006969,0.000754,-0.797566,-0.603191,-0.767278,0.501298,0.945433
1629,13.575000,0.019064,0.018841,0.854242,0.519184,-0.924060,0.442211,0.039145,-0.066783,-0.063490,0.645761,0.757959,-0.591592,0.532972,0.040224,0.007002,0.000741,-0.797542,-0.603222,-0.767266,0.501292,0.945435
1630,13.583333,0.019055,0.018863,0.854229,0.519205,-0.924062,0.442208,0.039145,-0.066789,-0.063495,0.645783,0.757939,-0.591590,0.532970,0.040213,0.007064,0.000708,-0.797507,-0.603268,-0.767242,0.501294,0.945424
1631,13.591667,0.019103,0.018839,0.854218,0.519223,-0.924064,0.442209,0.039144,-0.066762,-0.063456,0.645769,0.757957,-0.591589,0.532965,0.040221,0.007094,0.000711,-0.797503,-0.603273,-0.767228,0.501289,0.945427
1632,13.600000,0.019116,0.018894,0.854221,0.519214,-0.924061,0.442205,0.039145,-0.066721,-0.063437,0.645780,0.757953,-0.591587,0.532966,0.040213,0.007090,0.000716,-0.797524,-0.603245,-0.767220,0.501279,0.945424
1633,13.608333,0.019108,0.018814,0.854232,0.519200,-0.924061,0.442201,0.039143,-0.066697,-0.063474,0.645768,0.757962,-0.591589,0.532965,0.040216,0.007183,0.000679,-0.797514,-0.603257,-0.767198,0.501267,0.945424
1634,13.616667,0.019074,0.018826,0.854236,0.519195,-0.924062,0.442202,0.039142,-0.066687,-0.063446,0.645781,0.757954,-0.591591,0.532965,0.040211,0.007247,0.000615,-0.797518,-0.603252,-0.767181,0.501257,0.945419
1635,13.625000,0.019123,0.018871,0.854238,0.519187,-0.924064,0.442199,0.039142,-0.066730,-0.063450,0.645789,0.757943,-0.591587,0.532964,0.040213,0.007270,0.000585,-0.797523,-0.603245,-0.767167,0.501245,0.945418
1636,13.633333,0.019097,0.018833,0.854243,0.519181,-0.924061,0.442201,0.039141,-0.066651,-0.063432,0.645787,0.757953,-0.591583,0.532962,0.040217,0.007179,0.000612,-0.797569,-0.603185,-0.767128,0.501257,0.945396
1637,13.641667,0.019115,0.018748,0.854245,0.519181,-0.924059,0.442204,0.039135,-0.066689,-0.063414,0.645797,0.757943,-0.591584,0.532968,0.040214,0.007298,0.000545,-0.797577,-0.603173,-0.767107,0.501244,0.945397
1638,13.650000,0.019125,0.018814,0.854240,0.519186,-0.924058,0.442200,0.039143,-0.066678,-0.063387,0.645803,0.757941,-0.591583,0.532963,0.040214,0.007262,0.000539,-0.797602,-0.603141,-0.767068,0.501216,0.945389
1639,13.658333,0.019096,0.018775,0.854228,0.519209,-0.924057,0.442203,0.039141,-0.066628,-0.063397,0.645802,0.757945,-0.591583,0.532966,0.040211,0.007261,0.000507,-0.797619,-0.603118,-0.767063,0.501209,0.945384
1640,13.666667,0.019141,0.018823,0.854247,0.519173,-0.924059,0.442204,0.039141,-0.066615,-0.063364,0.645815,0.757938,-0.591582,0.532963,0.040212,0.007338,0.000437,-0.797613,-0.603125,-0.767047,0.501194,0.945381
1641,13.675000,0.019118,0.018882,0.854262,0.519148,-0.924056,0.442202,0.039141,-0.066598,-0.063382,0.645826,0.757929,-0.591581,0.532966,0.040211,0.007398,0.000414,-0.797623,-0.603111,-0.767032,0.501183,0.945382
1642,13.683333,0.019116,0.018845,0.854255,0.519161,-0.924052,0.442200,0.039140,-0.066645,-0.063407,0.645820,0.757928,-0.591583,0.532965,0.040212,0.007310,0.000516,-0.797664,-0.603058,-0.767004,0.501159,0.945369
1643,13.691667,0.019138,0.018862,0.854259,0.519153,-0.924053,0.442205,0.039141,-0.066610,-0.063353,0.645828,0.757929,-0.591585,0.532968,0.040216,0.007353,0.000456,-0.797663,-0.603059,-0.766987,0.501136,0.945365
1644,13.700000,0.019138,0.018906,0.854261,0.519148,-0.924051,0.442201,0.039133,-0.066604,-0.063349,0.645823,0.757934,-0.591580,0.532965,0.040210,0.007559,0.000319,-0.797607,-0.603130,-0.766986,0.501141,0.945389
1645,13.708333,0.019120,0.018886,0.854276,0.519125,-0.924050,0.442203,0.039138,-0.066625,-0.063345,0.645824,0.757931,-0.591580,0.532962,0.040214,0.007469,0.000424,-0.797589,-0.603155,-0.766957,0.501135,0.945366
1646,13.716667,0.019197,0.018955,0.854281,0.519110,-0.924034,0.442203,0.039132,-0.066626,-0.063375,0.645830,0.757924,-0.591582,0.532963,0.040212,0.007482,0.000399,-0.797565,-0.603187,-0.766944,0.501122,0.945369
1647,13.725000,0.019141,0.018929,0.854280,0.519116,-0.924044,0.442207,0.039136,-0.066620,-0.063378,0.645818,0.757934,-0.591579,0.532965,0.040212,0.007520,0.000415,-0.797512,-0.603256,-0.766923,0.501115,0.945375
1648,13.733333,0.019109,0.018889,0.854263,0.519147,-0.924045,0.442205,0.039141,-0.066629,-0.063372,0.645817,0.757935,-0.591579,0.532965,0.040208,0.007552,0.000334,-0.797447,-0.603341,-0.766905,0.501114,0.945361
1649,13.741667,0.019140,0.018971,0.854256,0.519154,-0.924045,0.442205,0.039143,-0.066615,-0.063362,0.645822,0.757932,-0.591580,0.532966,0.040214,0.007945,0.000122,-0.797318,-0.603507,-0.766896,0.501115,0.945391
1650,13.750000,0.019083,0.018987,0.854260,0.519149,-0.924045,0.442208,0.039141,-0.066622,-0.063361,0.645817,0.757936,-0.591577,0.532964,0.040208,0.007977,0.000121,-0.797213,-0.603646,-0.766907,0.501141,0.945387
1651,13.758333,0.019165,0.019079,0.854258,0.519145,-0.924031,0.442210,0.039133,-0.066604,-0.063363,0.645816,0.757939,-0.591574,0.532970,0.040206,0.008067,0.000103,-0.797126,-0.603760,-0.766914,0.501153,0.945399
1652,13.766667,0.019105,0.018981,0.854264,0.519141,-0.924036,0.442212,0.039142,-0.066623,-0.063362,0.645806,0.757945,-0.591571,0.532970,0.040206,0.008567,-0.000071,-0.797003,-0.603914,-0.766954,0.501150,0.945494
1653,13.775000,0.019116,0.019010,0.854270,0.519130,-0.924032,0.442211,0.039138,-0.066615,-0.063348,0.645789,0.757962,-0.591570,0.532967,0.040209,0.008489,0.000090,-0.796961,-0.603971,-0.766957,0.501144,0.945495
1654,13.783333,0.019115,0.019039,0.854276,0.519119,-0.924030,0.442201,0.039131,-0.066603,-0.063348,0.645791,0.757961,-0.591571,0.532968,0.040202,0.008582,-0.000171,-0.796886,-0.604068,-0.766948,0.501155,0.945518
1655,13.791667,0.019043,0.019035,0.854273,0.519127,-0.924029,0.442210,0.039142,-0.066556,-0.063299,0.645809,0.757954,-0.591568,0.532962,0.040205,0.008533,-0.000056,-0.796760,-0.604236,-0.766940,0.501202,0.945488
1656,13.800000,0.019186,0.019220,0.854265,0.519129,-0.924022,0.442202,0.039128,-0.066604,-0.063350,0.645817,0.757938,-0.591569,0.532964,0.040202,0.008518,-0.000087,-0.796625,-0.604414,-0.766932,0.501222,0.945481
1657,13.808333,0.019219,0.019238,0.854267,0.519123,-0.924020,0.442203,0.039129,-0.066611,-0.063367,0.645809,0.757943,-0.591567,0.532958,0.040205,0.008550,-0.000096,-0.796487,-0.604596,-0.766931,0.501243,0.945478
1658,13.816667,0.019078,0.019080,0.854273,0.519123,-0.924021,0.442216,0.039139,-0.066597,-0.063373,0.645789,0.757962,-0.591571,0.532955,0.040204,0.008527,-0.000112,-0.796341,-0.604788,-0.766930,0.501274,0.945461
1659,13.825000,0.019161,0.019208,0.854271,0.519119,-0.924018,0.442218,0.039136,-0.066587,-0.063348,0.645768,0.757982,-0.591569,0.532958,0.040201,0.008443,-0.000102,-0.796164,-0.605022,-0.766942,0.501313,0.945479
1660,13.833333,0.019069,0.019169,0.854261,0.519141,-0.924020,0.442220,0.039139,-0.066583,-0.063331,0.645777,0.757976,-0.591566,0.532955,0.040199,0.008801,-0.000069,-0.795910,-0.605352,-0.766837,0.501374,0.945397
1661,13.841667,0.019005,0.019209,0.854266,0.519133,-0.924019,0.442213,0.039135,-0.066595,-0.063379,0.645776,0.757972,-0.591565,0.532956,0.040206,0.008748,-0.000237,-0.795798,-0.605500,-0.766861,0.501362,0.945424
1662,13.850000,0.019160,0.019333,0.854258,0.519137,-0.924012,0.442216,0.039126,-0.066612,-0.063395,0.645754,0.757988,-0.591567,0.532962,0.040205,0.008939,-0.000212,-0.795617,-0.605734,-0.766757,0.501394,0.945359
1663,13.858333,0.019149,0.019268,0.854257,0.519141,-0.924008,0.442215,0.039128,-0.066624,-0.063377,0.645757,0.757985,-0.591569,0.532960,0.040202,0.009070,-0.000301,-0.795391,-0.606029,-0.766693,0.501430,0.945290
1664,13.866667,0.019120,0.019275,0.854262,0.519133,-0.924007,0.442217,0.039130,-0.066632,-0.063366,0.645760,0.757983,-0.591566,0.532957,0.040207,0.009163,-0.000478,-0.795123,-0.606379,-0.766697,0.501502,0.945308
1665,13.875000,0.019054,0.019253,0.854258,0.519142,-0.924018,0.442219,0.039135,-0.066632,-0.063390,0.645763,0.757979,-0.591567,0.532959,0.040203,0.009056,-0.000511,-0.795023,-0.606512,-0.766725,0.501526,0.945316
1666,13.883333,0.019021,0.019290,0.854262,0.519137,-0.924017,0.442220,0.039137,-0.066603,-0.063383,0.645747,0.757996,-0.591562,0.532958,0.040198,0.008951,-0.000523,-0.794954,-0.606604,-0.766753,0.501565,0.945288
1667,13.891667,0.019102,0.019462,0.854269,0.519116,-0.924009,0.442225,0.039126,-0.066605,-0.063357,0.645747,0.757998,-0.591565,0.532960,0.040202,0.009236,-0.000449,-0.794833,-0.606758,-0.766774,0.501626,0.945240
1668,13.900000,0.018969,0.019366,0.854264,0.519132,-0.924011,0.442219,0.039130,-0.066618,-0.063380,0.645761,0.757982,-0.591565,0.532961,0.040202,0.009048,-0.000518,-0.794808,-0.606793,-0.766776,0.501649,0.945236
1669,13.908333,0.019046,0.019437,0.854270,0.519117,-0.924006,0.442222,0.039127,-0.066675,-0.063407,0.645762,0.757975,-0.591566,0.532959,0.040204,0.009191,-0.000408,-0.794798,-0.606805,-0.766810,0.501700,0.945204
1670,13.916667,0.019094,0.019442,0.854266,0.519121,-0.924006,0.442225,0.039122,-0.066696,-0.063425,0.645744,0.757987,-0.591568,0.532961,0.040204,0.009290,-0.000538,-0.794825,-0.606767,-0.766838,0.501724,0.945243
1671,13.925000,0.018973,0.019387,0.854267,0.519126,-0.924013,0.442224,0.039127,-0.066700,-0.063404,0.645731,0.757999,-0.591568,0.532964,0.040204,0.009372,-0.000529,-0.794893,-0.606678,-0.766890,0.501744,0.945272
1672,13.933333,0.018945,0.019384,0.854266,0.519129,-0.924018,0.442227,0.039133,-0.066715,-0.063410,0.645714,0.758012,-0.591572,0.532967,0.040201,0.009384,-0.000840,-0.795016,-0.606515,-0.766983,0.501769,0.945312
1673,13.941667,0.018938,0.019362,0.854278,0.519110,-0.924012,0.442229,0.039132,-0.066733,-0.063427,0.645744,0.757983,-0.591571,0.532968,0.040204,0.009242,-0.000708,-0.795109,-0.606395,-0.767072,0.501827,0.945317
1674,13.950000,0.019065,0.019491,0.854280,0.519098,-0.924014,0.442225,0.039122,-0.066772,-0.063456,0.645716,0.758001,-0.591571,0.532973,0.040202,0.009133,-0.000616,-0.795171,-0.606316,-0.767153,0.501905,0.945333
1675,13.958333,0.018935,0.019446,0.854282,0.519100,-0.924020,0.442230,0.039132,-0.066816,-0.063515,0.645732,0.757979,-0.591581,0.532971,0.040201,0.009072,-0.000654,-0.795230,-0.606239,-0.767191,0.501973,0.945318
1676,13.966667,0.018925,0.019378,0.854297,0.519079,-0.924020,0.442231,0.039127,-0.066866,-0.063491,0.645739,0.757970,-0.591582,0.532970,0.040206,0.009134,-0.000693,-0.795351,-0.606080,-0.767229,0.502007,0.945337
1677,13.975000,0.018942,0.019398,0.854301,0.519071,-0.924018,0.442227,0.039127,-0.066885,-0.063539,0.645736,0.757968,-0.591580,0.532972,0.040202,0.009205,-0.000668,-0.795538,-0.605833,-0.767337,0.502034,0.945363
1678,13.983333,0.019020,0.019472,0.854313,0.519046,-0.924016,0.442225,0.039122,-0.066845,-0.063501,0.645725,0.757983,-0.591589,0.532977,0.040202,0.009168,-0.000623,-0.795634,-0.605708,-0.767390,0.502086,0.945334
1679,13.991667,0.018997,0.019405,0.854319,0.519040,-0.924009,0.442225,0.039114,-0.066864,-0.063502,0.645728,0.757979,-0.591591,0.532973,0.040200,0.009665,-0.000986,-0.795680,-0.605639,-0.767466,0.502115,0.945338
1680,14.000000,0.018871,0.019363,0.854321,0.519041,-0.924013,0.442223,0.039122,-0.066892,-0.063528,0.645762,0.757945,-0.591597,0.532976,0.040203,0.009516,-0.000902,-0.795740,-0.605563,-0.767502,0.502181,0.945306
1681,14.008333,0.018892,0.019377,0.854336,0.519017,-0.924017,0.442227,0.039123,-0.066916,-0.063544,0.645762,0.757942,-0.591591,0.532974,0.040198,0.009488,-0.000986,-0.795835,-0.605438,-0.767545,0.502213,0.945252
1682,14.016667,0.019019,0.019478,0.854335,0.519009,-0.924013,0.442227,0.039109,-0.066917,-0.063508,0.645753,0.757953,-0.591596,0.532977,0.040203,0.009286,-0.001052,-0.795931,-0.605316,-0.767602,0.502253,0.945215
1683,14.025000,0.019003,0.019493,0.854346,0.518992,-0.924013,0.442223,0.039111,-0.066972,-0.063571,0.645735,0.757958,-0.591598,0.532978,0.040200,0.009283,-0.001047,-0.796014,-0.605206,-0.767654,0.502287,0.945208
1684,14.033333,0.018985,0.019486,0.854334,0.519012,-0.924011,0.442226,0.039118,-0.066905,-0.063484,0.645761,0.757948,-0.591601,0.532976,0.040200,0.009290,-0.001091,-0.796061,-0.605144,-0.767692,0.502327,0.945196
1685,14.041667,0.018857,0.019346,0.854359,0.518980,-0.924020,0.442228,0.039121,-0.066930,-0.063539,0.645761,0.757942,-0.591601,0.532982,0.040199,0.009431,-0.001257,-0.796079,-0.605117,-0.767731,0.502390,0.945198
1686,14.050000,0.018838,0.019380,0.854351,0.518993,-0.924019,0.442228,0.039117,-0.066975,-0.063571,0.645744,0.757950,-0.591601,0.532980,0.040198,0.009414,-0.001311,-0.796110,-0.605078,-0.767758,0.502433,0.945188
1687,14.058333,0.018823,0.019389,0.854346,0.519002,-0.924022,0.442228,0.039120,-0.067034,-0.063613,0.645760,0.757928,-0.591607,0.532982,0.040200,0.009420,-0.001345,-0.796120,-0.605063,-0.767790,0.502476,0.945177
1688,14.066667,0.018831,0.019401,0.854356,0.518984,-0.924023,0.442228,0.039120,-0.067010,-0.063589,0.645747,0.757943,-0.591609,0.532979,0.040200,0.009442,-0.001377,-0.796123,-0.605060,-0.767822,0.502515,0.945170
1689,14.075000,0.018804,0.019415,0.854355,0.518987,-0.924029,0.442232,0.039121,-0.067048,-0.063592,0.645740,0.757945,-0.591610,0.532981,0.040206,0.009473,-0.001351,-0.796083,-0.605112,-0.767856,0.502588,0.945159
1690,14.083333,0.018762,0.019375,0.854354,0.518992,-0.924029,0.442226,0.039122,-0.067016,-0.063584,0.645728,0.757958,-0.591606,0.532983,0.040203,0.009551,-0.001417,-0.796045,-0.605160,-0.767903,0.502646,0.945167
1691,14.091667,0.018932,0.019459,0.854347,0.518993,-0.924023,0.442228,0.039109,-0.067038,-0.063613,0.645732,0.757951,-0.591610,0.532978,0.040202,0.009567,-0.001464,-0.795977,-0.605250,-0.767922,0.502696,0.945150
1692,14.100000,0.018782,0.019405,0.854357,0.518984,-0.924026,0.442232,0.039115,-0.067052,-0.063608,0.645732,0.757950,-0.591611,0.532980,0.040201,0.009667,-0.001501,-0.795967,-0.605261,-0.767968,0.502739,0.945160
1693,14.108333,0.018871,0.019505,0.854361,0.518971,-0.924025,0.442230,0.039111,-0.067053,-0.063596,0.645722,0.757960,-0.591609,0.532981,0.040201,0.009721,-0.001623,-0.795904,-0.605343,-0.767992,0.502784,0.945135
1694,14.116667,0.018747,0.019449,0.854353,0.518990,-0.924028,0.442232,0.039120,-0.067083,-0.063617,0.645690,0.757982,-0.591603,0.532980,0.040201,0.009722,-0.001609,-0.795864,-0.605395,-0.768004,0.502809,0.945148
1695,14.125000,0.018882,0.019551,0.854346,0.518994,-0.924027,0.442232,0.039114,-0.067062,-0.063667,0.645687,0.757982,-0.591605,0.532976,0.040206,0.009806,-0.001657,-0.795817,-0.605456,-0.768023,0.502839,0.945144
1696,14.133333,0.018744,0.019444,0.854346,0.519002,-0.924025,0.442237,0.039119,-0.067038,-0.063603,0.645698,0.757981,-0.591605,0.532978,0.040202,0.009604,-0.001684,-0.795722,-0.605583,-0.768099,0.502907,0.945150
1697,14.141667,0.018738,0.019439,0.854340,0.519012,-0.924025,0.442241,0.039125,-0.067028,-0.063600,0.645679,0.757997,-0.591606,0.532977,0.040205,0.009617,-0.001761,-0.795647,-0.605682,-0.768139,0.502935,0.945158
1698,14.150000,0.018687,0.019489,0.854338,0.519016,-0.924024,0.442240,0.039120,-0.067072,-0.063638,0.645675,0.757994,-0.591604,0.532976,0.040204,0.009871,-0.001706,-0.795493,-0.605880,-0.768197,0.502993,0.945156
1699,14.158333,0.018858,0.019608,0.854327,0.519023,-0.924020,0.442243,0.039114,-0.067080,-0.063650,0.645646,0.758018,-0.591606,0.532982,0.040206,0.009810,-0.001731,-0.795452,-0.605935,-0.768230,0.503014,0.945147
1700,14.166667,0.018865,0.019637,0.854338,0.519004,-0.924021,0.442245,0.039109,-0.067069,-0.063648,0.645662,0.758005,-0.591609,0.532979,0.040203,0.009869,-0.001750,-0.795368,-0.606044,-0.768269,0.503070,0.945139
1701,14.175000,0.018857,0.019631,0.854322,0.519031,-0.924020,0.442248,0.039107,-0.067069,-0.063639,0.645662,0.758005,-0.591605,0.532979,0.040203,0.009935,-0.001721,-0.795224,-0.606232,-0.768277,0.503130,0.945148
1702,14.183333,0.018804,0.019633,0.854324,0.519030,-0.924026,0.442248,0.039109,-0.067066,-0.063640,0.645635,0.758029,-0.591607,0.532980,0.040203,0.009923,-0.001794,-0.795110,-0.606381,-0.768312,0.503190,0.945156
1703,14.191667,0.018670,0.019556,0.854308,0.519064,-0.924033,0.442251,0.039116,-0.067109,-0.063653,0.645647,0.758013,-0.591606,0.532977,0.040203,0.009819,-0.001786,-0.795035,-0.606482,-0.768330,0.503236,0.945143
1704,14.200000,0.018806,0.019728,0.854297,0.519070,-0.924030,0.442251,0.039114,-0.067091,-0.063680,0.645636,0.758022,-0.591608,0.532982,0.040198,0.009837,-0.001726,-0.794948,-0.606596,-0.768353,0.503278,0.945115
1705,14.208333,0.018671,0.019628,0.854299,0.519075,-0.924036,0.442250,0.039123,-0.067109,-0.063635,0.645639,0.758022,-0.591608,0.532984,0.040202,0.009695,-0.001678,-0.794859,-0.606714,-0.768343,0.503333,0.945141
1706,14.216667,0.018684,0.019638,0.854288,0.519093,-0.924037,0.442252,0.039118,-0.067087,-0.063637,0.645642,0.758021,-0.591606,0.532983,0.040201,0.009897,-0.001705,-0.794824,-0.606757,-0.768362,0.503353,0.945108
1707,14.225000,0.018675,0.019691,0.854303,0.519067,-0.924041,0.442252,0.039122,-0.067069,-0.063598,0.645629,0.758038,-0.591604,0.532982,0.040201,0.010039,-0.001803,-0.794793,-0.606795,-0.768355,0.503362,0.945113
1708,14.233333,0.018713,0.019656,0.854298,0.519075,-0.924038,0.442254,0.039126,-0.067146,-0.063690,0.645622,0.758029,-0.591605,0.532979,0.040202,0.010151,-0.001880,-0.794770,-0.606824,-0.768365,0.503386,0.945121
1709,14.241667,0.018834,0.019787,0.854297,0.519067,-0.924033,0.442247,0.039119,-0.067100,-0.063631,0.645616,0.758043,-0.591606,0.532981,0.040203,0.010139,-0.001895,-0.794741,-0.606861,-0.768372,0.503418,0.945108
1710,14.250000,0.018672,0.019729,0.854294,0.519081,-0.924033,0.442256,0.039120,-0.067123,-0.063647,0.645626,0.758031,-0.591607,0.532984,0.040202,0.010225,-0.002093,-0.794668,-0.606955,-0.768325,0.503446,0.945091
1711,14.258333,0.018716,0.019738,0.854299,0.519071,-0.924035,0.442254,0.039126,-0.067135,-0.063661,0.645631,0.758024,-0.591602,0.532979,0.040202,0.010312,-0.002497,-0.794534,-0.607127,-0.768307,0.503473,0.945084
1712,14.266667,0.018759,0.019785,0.854297,0.519070,-0.924023,0.442254,0.039123,-0.067115,-0.063631,0.645621,0.758038,-0.591605,0.532980,0.040204,0.010408,-0.002544,-0.794467,-0.607213,-0.768313,0.503521,0.945081
1713,14.275000,0.018672,0.019722,0.854294,0.519080,-0.924031,0.442257,0.039131,-0.067153,-0.063674,0.645606,0.758043,-0.591605,0.532980,0.040206,0.010343,-0.002555,-0.794406,-0.607293,-0.768312,0.503561,0.945061
1714,14.283333,0.018662,0.019750,0.854302,0.519066,-0.924031,0.442253,0.039130,-0.067155,-0.063661,0.645603,0.758046,-0.591609,0.532982,0.040208,0.010539,-0.002590,-0.794316,-0.607408,-0.768260,0.503609,0.945028
1715,14.291667,0.018693,0.019744,0.854287,0.519090,-0.924033,0.442260,0.039135,-0.067106,-0.063625,0.645590,0.758065,-0.591606,0.532985,0.040206,0.010591,-0.002423,-0.794208,-0.607549,-0.768271,0.503754,0.945054
1716,14.300000,0.018676,0.019786,0.854292,0.519080,-0.924029,0.442260,0.039131,-0.067118,-0.063633,0.645595,0.758059,-0.591602,0.532980,0.040206,0.010492,-0.002615,-0.794231,-0.607520,-0.768317,0.503754,0.945086
1717,14.308333,0.018798,0.019923,0.854299,0.519059,-0.924017,0.442260,0.039126,-0.067122,-0.063630,0.645611,0.758045,-0.591608,0.532983,0.040213,0.010724,-0.002447,-0.794175,-0.607590,-0.768268,0.503841,0.945033
1718,14.316667,0.018682,0.019838,0.854306,0.519055,-0.924025,0.442261,0.039133,-0.067136,-0.063638,0.645589,0.758062,-0.591609,0.532984,0.040205,0.010626,-0.002397,-0.794192,-0.607570,-0.768284,0.503895,0.945051
1719,14.325000,0.018817,0.019858,0.854312,0.519040,-0.924017,0.442267,0.039121,-0.067140,-0.063616,0.645595,0.758058,-0.591607,0.532982,0.040209,0.010654,-0.002378,-0.794192,-0.607569,-0.768274,0.503950,0.945019
1720,14.333333,0.018672,0.019761,0.854325,0.519028,-0.924017,0.442267,0.039126,-0.067152,-0.063633,0.645596,0.758055,-0.591609,0.532982,0.040206,0.010906,-0.002597,-0.794236,-0.607506,-0.768257,0.503953,0.945057
1721,14.341667,0.018731,0.019783,0.854317,0.519038,-0.924020,0.442265,0.039132,-0.067190,-0.063672,0.645601,0.758044,-0.591610,0.532982,0.040206,0.011047,-0.002595,-0.794215,-0.607531,-0.768224,0.504025,0.944978
1722,14.350000,0.018822,0.019930,0.854323,0.519019,-0.924013,0.442265,0.039124,-0.067167,-0.063653,0.645600,0.758048,-0.591605,0.532982,0.040207,0.010903,-0.002428,-0.794204,-0.607549,-0.768216,0.504102,0.944940
1723,14.358333,0.018714,0.019897,0.854318,0.519032,-0.924020,0.442266,0.039128,-0.067214,-0.063668,0.645596,0.758046,-0.591604,0.532988,0.040209,0.010986,-0.002454,-0.794198,-0.607555,-0.768141,0.504134,0.944930
1724,14.366667,0.018700,0.019884,0.854321,0.519029,-0.924019,0.442268,0.039127,-0.067215,-0.063677,0.645590,0.758051,-0.591603,0.532989,0.040201,0.011197,-0.002583,-0.794233,-0.607504,-0.768107,0.504128,0.944944
1725,14.375000,0.018790,0.019992,0.854322,0.519020,-0.924012,0.442273,0.039120,-0.067202,-0.063686,0.645586,0.758055,-0.591607,0.532989,0.040205,0.010988,-0.002486,-0.794242,-0.607497,-0.768091,0.504179,0.944899
1726,14.383333,0.018715,0.019950,0.854320,0.519027,-0.924020,0.442276,0.039124,-0.067220,-0.063684,0.645566,0.758071,-0.591608,0.532991,0.040197,0.010913,-0.002408,-0.794260,-0.607475,-0.768103,0.504228,0.944901
1727,14.391667,0.018804,0.020056,0.854322,0.519017,-0.924009,0.442276,0.039123,-0.067241,-0.063679,0.645574,0.758062,-0.591610,0.532988,0.040202,0.010783,-0.002364,-0.794285,-0.607445,-0.768101,0.504280,0.944888
1728,14.400000,0.018710,0.019972,0.854325,0.519019,-0.924016,0.442282,0.039126,-0.067237,-0.063735,0.645562,0.758068,-0.591614,0.532989,0.040197,0.010965,-0.002529,-0.794319,-0.607396,-0.768082,0.504288,0.944906
1729,14.408333,0.018721,0.020027,0.854318,0.519027,-0.924018,0.442281,0.039125,-0.067268,-0.063711,0.645563,0.758066,-0.591609,0.532993,0.040200,0.011016,-0.002585,-0.794409,-0.607277,-0.768064,0.504307,0.944917
1730,14.416667,0.018660,0.019986,0.854321,0.519027,-0.924016,0.442286,0.039131,-0.067268,-0.063731,0.645581,0.758050,-0.591617,0.532989,0.040196,0.010972,-0.002610,-0.794407,-0.607281,-0.767998,0.504348,0.944879
1731,14.425000,0.018681,0.019970,0.854331,0.519009,-0.924015,0.442286,0.039131,-0.067246,-0.063719,0.645585,0.758049,-0.591613,0.532993,0.040195,0.011018,-0.002599,-0.794452,-0.607222,-0.767981,0.504376,0.944888
1732,14.433333,0.018693,0.019993,0.854330,0.519009,-0.924016,0.442281,0.039127,-0.067240,-0.063705,0.645593,0.758043,-0.591615,0.532988,0.040194,0.011067,-0.002568,-0.794483,-0.607180,-0.767966,0.504423,0.944890
1733,14.441667,0.018825,0.020028,0.854336,0.518993,-0.924011,0.442279,0.039127,-0.067243,-0.063736,0.645579,0.758053,-0.591618,0.532989,0.040196,0.010811,-0.002496,-0.794530,-0.607123,-0.767945,0.504478,0.944869
1734,14.450000,0.018819,0.020023,0.854336,0.518994,-0.924008,0.442283,0.039120,-0.067261,-0.063717,0.645584,0.758049,-0.591619,0.532993,0.040192,0.010894,-0.002430,-0.794581,-0.607055,-0.767932,0.504519,0.944890
1735,14.458333,0.018824,0.020029,0.854340,0.518987,-0.924005,0.442282,0.039121,-0.067289,-0.063743,0.645583,0.758044,-0.591619,0.532990,0.040196,0.010697,-0.002308,-0.794608,-0.607024,-0.767937,0.504598,0.944905
1736,14.466667,0.018829,0.020074,0.854343,0.518980,-0.924005,0.442286,0.039121,-0.067235,-0.063700,0.645578,0.758058,-0.591616,0.532990,0.040192,0.010832,-0.002286,-0.794681,-0.606927,-0.767903,0.504624,0.944867
1737,14.475000,0.018708,0.019994,0.854352,0.518973,-0.924008,0.442289,0.039131,-0.067273,-0.063733,0.645595,0.758036,-0.591617,0.532997,0.040193,0.010901,-0.002328,-0.794743,-0.606844,-0.767897,0.504653,0.944881
1738,14.483333,0.018714,0.020014,0.854346,0.518982,-0.924012,0.442284,0.039127,-0.067275,-0.063699,0.645580,0.758052,-0.591619,0.532993,0.040191,0.010689,-0.002231,-0.794780,-0.606799,-0.767890,0.504708,0.944896
1739,14.491667,0.018824,0.020066,0.854337,0.518990,-0.924005,0.442281,0.039120,-0.067182,-0.063652,0.645600,0.758047,-0.591618,0.532996,0.040191,0.010939,-0.002264,-0.794842,-0.606713,-0.767867,0.504723,0.944881
1740,14.500000,0.018845,0.020070,0.854332,0.518998,-0.924001,0.442280,0.039123,-0.067202,-0.063658,0.645607,0.758039,-0.591613,0.532996,0.040191,0.010911,-0.002246,-0.794892,-0.606649,-0.767847,0.504743,0.944871
1741,14.508333,0.018859,0.020104,0.854337,0.518989,-0.924005,0.442282,0.039124,-0.067183,-0.063644,0.645626,0.758026,-0.591610,0.532998,0.040192,0.010898,-0.002211,-0.794937,-0.606591,-0.767824,0.504766,0.944867
1742,14.516667,0.018919,0.020101,0.854341,0.518979,-0.924003,0.442277,0.039118,-0.067199,-0.063649,0.645605,0.758042,-0.591607,0.532994,0.040189,0.011069,-0.002155,-0.794966,-0.606550,-0.767805,0.504784,0.944888
1743,14.525000,0.018899,0.020075,0.854344,0.518977,-0.923994,0.442277,0.039119,-0.067184,-0.063629,0.645628,0.758025,-0.591608,0.532995,0.040184,0.010847,-0.002131,-0.794958,-0.606563,-0.767791,0.504833,0.944890
1744,14.533333,0.018872,0.020015,0.854345,0.518978,-0.924000,0.442276,0.039120,-0.067168,-0.063661,0.645622,0.758029,-0.591605,0.532993,0.040185,0.011149,-0.002179,-0.795008,-0.606492,-0.767759,0.504819,0.944879
1745,14.541667,0.018956,0.020080,0.854341,0.518979,-0.923997,0.442272,0.039120,-0.067179,-0.063667,0.645630,0.758021,-0.591606,0.532993,0.040186,0.011254,-0.002244,-0.795036,-0.606454,-0.767736,0.504828,0.944882
1746,14.550000,0.018829,0.019977,0.854354,0.518967,-0.924003,0.442275,0.039127,-0.067085,-0.063605,0.645625,0.758039,-0.591604,0.532993,0.040185,0.011193,-0.002324,-0.795040,-0.606450,-0.767692,0.504849,0.944852
1747,14.558333,0.018843,0.019991,0.854353,0.518967,-0.924008,0.442269,0.039130,-0.067153,-0.063646,0.645613,0.758039,-0.591604,0.532993,0.040188,0.011096,-0.002458,-0.795032,-0.606461,-0.767695,0.504904,0.944813
1748,14.566667,0.018824,0.020011,0.854362,0.518951,-0.924008,0.442270,0.039128,-0.067117,-0.063626,0.645618,0.758040,-0.591606,0.532990,0.040188,0.011137,-0.002495,-0.795039,-0.606450,-0.767659,0.504928,0.944811
1749,14.575000,0.018836,0.019984,0.854353,0.518968,-0.924009,0.442275,0.039127,-0.067117,-0.063590,0.645638,0.758026,-0.591606,0.532991,0.040188,0.011388,-0.002558,-0.795072,-0.606403,-0.767612,0.504921,0.944780
1750,14.583333,0.018788,0.019980,0.854366,0.518947,-0.924010,0.442274,0.039127,-0.067139,-0.063647,0.645629,0.758026,-0.591604,0.532988,0.040191,0.011508,-0.002660,-0.795095,-0.606370,-0.767574,0.504925,0.944787
1751,14.591667,0.018861,0.020024,0.854364,0.518946,-0.923999,0.442275,0.039122,-0.067151,-0.063617,0.645640,0.758019,-0.591604,0.532992,0.040187,0.011615,-0.002852,-0.795124,-0.606329,-0.767535,0.504891,0.944818
1752,14.600000,0.018812,0.020034,0.854364,0.518948,-0.924003,0.442275,0.039129,-0.067085,-0.063578,0.645639,0.758028,-0.591601,0.532989,0.040187,0.011560,-0.002776,-0.795162,-0.606280,-0.767513,0.504930,0.944787
1753,14.608333,0.018770,0.020014,0.854364,0.518950,-0.924004,0.442277,0.039126,-0.067075,-0.063577,0.645627,0.758040,-0.591601,0.532988,0.040191,0.011680,-0.002830,-0.795206,-0.606221,-0.767492,0.504927,0.944815
1754,14.616667,0.018816,0.020021,0.854364,0.518948,-0.924001,0.442277,0.039127,-0.067063,-0.063542,0.645636,0.758037,-0.591600,0.532986,0.040188,0.011656,-0.002768,-0.795239,-0.606177,-0.767466,0.504944,0.944801
1755,14.625000,0.018779,0.020044,0.854377,0.518928,-0.923997,0.442278,0.039127,-0.067087,-0.063528,0.645633,0.758038,-0.591594,0.532989,0.040183,0.011795,-0.002917,-0.795270,-0.606134,-0.767418,0.504924,0.944819
1756,14.633333,0.018835,0.020061,0.854374,0.518929,-0.923998,0.442277,0.039124,-0.067048,-0.063543,0.645639,0.758035,-0.591594,0.532989,0.040188,0.011656,-0.002829,-0.795368,-0.606008,-0.767394,0.504930,0.944817
1757,14.641667,0.018830,0.020070,0.854378,0.518922,-0.923996,0.442276,0.039122,-0.067053,-0.063508,0.645642,0.758035,-0.591592,0.532988,0.040190,0.012021,-0.003320,-0.795352,-0.606020,-0.767352,0.504953,0.944838
1758,14.650000,0.018975,0.020138,0.854393,0.518890,-0.923990,0.442275,0.039119,-0.067030,-0.063512,0.645651,0.758029,-0.591593,0.532988,0.040192,0.011929,-0.003096,-0.795417,-0.605938,-0.767338,0.504945,0.944836
1759,14.658333,0.019001,0.020129,0.854380,0.518910,-0.923989,0.442277,0.039114,-0.067010,-0.063502,0.645661,0.758023,-0.591599,0.532985,0.040189,0.012009,-0.003132,-0.795464,-0.605873,-0.767327,0.504985,0.944846
1760,14.666667,0.018861,0.020059,0.854389,0.518904,-0.923992,0.442280,0.039120,-0.067008,-0.063460,0.645665,0.758024,-0.591595,0.532988,0.040187,0.011784,-0.002822,-0.795571,-0.605739,-0.767285,0.505017,0.944791
1761,14.675000,0.018876,0.020118,0.854397,0.518888,-0.923998,0.442278,0.039125,-0.066985,-0.063473,0.645664,0.758025,-0.591591,0.532990,0.040190,0.011639,-0.002824,-0.795663,-0.605621,-0.767244,0.505021,0.944788
1762,14.683333,0.018867,0.020149,0.854389,0.518900,-0.923994,0.442276,0.039122,-0.067030,-0.063463,0.645656,0.758029,-0.591592,0.532988,0.040192,0.011794,-0.003044,-0.795772,-0.605474,-0.767175,0.504975,0.944814
1763,14.691667,0.018898,0.020138,0.854395,0.518889,-0.923994,0.442279,0.039127,-0.066990,-0.063466,0.645660,0.758029,-0.591590,0.532992,0.040185,0.011731,-0.003189,-0.795817,-0.605415,-0.767134,0.504966,0.944811
1764,14.700000,0.018855,0.020109,0.854393,0.518897,-0.923991,0.442281,0.039126,-0.067001,-0.063478,0.645673,0.758016,-0.591590,0.532991,0.040190,0.011685,-0.002955,-0.795876,-0.605340,-0.767110,0.504965,0.944780
1765,14.708333,0.018992,0.020166,0.854395,0.518885,-0.923981,0.442280,0.039123,-0.066993,-0.063420,0.645697,0.758001,-0.591591,0.532992,0.040191,0.011676,-0.002817,-0.795938,-0.605259,-0.767108,0.504988,0.944797
1766,14.716667,0.018939,0.020090,0.854405,0.518873,-0.923986,0.442278,0.039125,-0.066995,-0.063445,0.645695,0.758000,-0.591586,0.532992,0.040185,0.011763,-0.002911,-0.795941,-0.605252,-0.767065,0.504977,0.944808
1767,14.725000,0.019020,0.020120,0.854410,0.518860,-0.923981,0.442277,0.039115,-0.067008,-0.063459,0.645693,0.758000,-0.591588,0.532992,0.040188,0.011938,-0.002923,-0.795947,-0.605242,-0.767047,0.505015,0.944796
1768,14.733333,0.018921,0.020055,0.854414,0.518860,-0.923986,0.442279,0.039124,-0.066948,-0.063419,0.645703,0.758000,-0.591590,0.532988,0.040189,0.011672,-0.002791,-0.796044,-0.605120,-0.767033,0.505016,0.944794
1769,14.741667,0.018920,0.020081,0.854413,0.518862,-0.923988,0.442276,0.039123,-0.066992,-0.063422,0.645715,0.757986,-0.591591,0.532986,0.040190,0.011689,-0.002926,-0.796069,-0.605086,-0.766990,0.505011,0.944782
1770,14.750000,0.018913,0.020079,0.854415,0.518859,-0.923986,0.442274,0.039128,-0.066959,-0.063421,0.645697,0.758004,-0.591592,0.532990,0.040192,0.011758,-0.002859,-0.796129,-0.605007,-0.766963,0.505014,0.944776
1771,14.758333,0.018900,0.020084,0.854406,0.518874,-0.923988,0.442275,0.039130,-0.066992,-0.063444,0.645728,0.757972,-0.591593,0.532992,0.040186,0.011752,-0.002872,-0.796167,-0.604956,-0.766957,0.505039,0.944761
1772,14.766667,0.018946,0.020092,0.854407,0.518869,-0.923990,0.442275,0.039127,-0.066956,-0.063399,0.645720,0.757986,-0.591593,0.532986,0.040190,0.011549,-0.002825,-0.796236,-0.604869,-0.766894,0.505039,0.944719
1773,14.775000,0.018918,0.020153,0.854397,0.518885,-0.923990,0.442272,0.039127,-0.066990,-0.063423,0.645724,0.757978,-0.591592,0.532992,0.040188,0.011577,-0.002788,-0.796307,-0.604775,-0.766869,0.505040,0.944717
1774,14.783333,0.018950,0.020153,0.854398,0.518882,-0.923989,0.442268,0.039124,-0.066961,-0.063416,0.645725,0.757980,-0.591591,0.532992,0.040190,0.011619,-0.002797,-0.796371,-0.604690,-0.766892,0.505023,0.944750
1775,14.791667,0.018969,0.020080,0.854403,0.518876,-0.923988,0.442272,0.039126,-0.066927,-0.063388,0.645736,0.757976,-0.591592,0.532992,0.040191,0.011578,-0.002873,-0.796463,-0.604569,-0.766846,0.505020,0.944759
1776,14.800000,0.018924,0.020081,0.854396,0.518889,-0.923988,0.442269,0.039123,-0.066898,-0.063355,0.645733,0.757984,-0.591587,0.532992,0.040189,0.011567,-0.002905,-0.796517,-0.604498,-0.766862,0.505041,0.944749
1777,14.808333,0.018998,0.020024,0.854398,0.518886,-0.923989,0.442269,0.039120,-0.066937,-0.063390,0.645726,0.757983,-0.591589,0.532993,0.040188,0.011596,-0.002891,-0.796577,-0.604419,-0.766853,0.505034,0.944742
1778,14.816667,0.018984,0.020049,0.854411,0.518864,-0.923992,0.442268,0.039116,-0.066941,-0.063386,0.645754,0.757960,-0.591590,0.532990,0.040183,0.011721,-0.002872,-0.796627,-0.604351,-0.766835,0.505033,0.944748
1779,14.825000,0.019006,0.020003,0.854408,0.518870,-0.923995,0.442267,0.039122,-0.066937,-0.063411,0.645758,0.757954,-0.591592,0.532987,0.040184,0.011788,-0.002855,-0.796678,-0.604282,-0.766825,0.505033,0.944754
1780,14.833333,0.018956,0.019929,0.854401,0.518886,-0.923994,0.442263,0.039122,-0.066919,-0.063395,0.645737,0.757975,-0.591591,0.532989,0.040185,0.011797,-0.002884,-0.796718,-0.604230,-0.766813,0.505041,0.944731
1781,14.841667,0.019072,0.019994,0.854403,0.518877,-0.923987,0.442266,0.039117,-0.066922,-0.063404,0.645752,0.757962,-0.591588,0.532992,0.040184,0.011748,-0.002852,-0.796790,-0.604136,-0.766815,0.505056,0.944729
1782,14.850000,0.018958,0.019911,0.854405,0.518880,-0.923992,0.442270,0.039119,-0.066899,-0.063392,0.645754,0.757963,-0.591590,0.532987,0.040181,0.011714,-0.002835,-0.796851,-0.604055,-0.766826,0.505052,0.944747
1783,14.858333,0.018942,0.019921,0.854395,0.518896,-0.923995,0.442262,0.039121,-0.066882,-0.063401,0.645766,0.757954,-0.591591,0.532985,0.040188,0.011719,-0.002776,-0.796932,-0.603949,-0.766788,0.505040,0.944681
1784,14.866667,0.018956,0.019909,0.854379,0.518923,-0.924006,0.442265,0.039121,-0.066907,-0.063424,0.645762,0.757953,-0.591592,0.532985,0.040180,0.011554,-0.002750,-0.797001,-0.603861,-0.766787,0.505056,0.944657
1785,14.875000,0.019065,0.019919,0.854375,0.518925,-0.923999,0.442263,0.039110,-0.066905,-0.063402,0.645760,0.757956,-0.591591,0.532983,0.040180,0.011506,-0.002711,-0.797087,-0.603749,-0.766778,0.505045,0.944659
1786,14.883333,0.018953,0.019865,0.854389,0.518909,-0.924011,0.442259,0.039119,-0.066899,-0.063393,0.645790,0.757932,-0.591592,0.532981,0.040184,0.011593,-0.002802,-0.797162,-0.603648,-0.766753,0.505056,0.944648
1787,14.891667,0.018910,0.019746,0.854376,0.518935,-0.924011,0.442253,0.039117,-0.066923,-0.063442,0.645791,0.757925,-0.591593,0.532979,0.040177,0.011522,-0.002694,-0.797272,-0.603505,-0.766746,0.505057,0.944649
1788,14.900000,0.018897,0.019720,0.854369,0.518948,-0.924023,0.442249,0.039121,-0.066902,-0.063424,0.645785,0.757934,-0.591593,0.532983,0.040181,0.011746,-0.002642,-0.797381,-0.603356,-0.766718,0.505065,0.944669
1789,14.908333,0.018885,0.019696,0.854390,0.518915,-0.924024,0.442246,0.039119,-0.066894,-0.063445,0.645796,0.757923,-0.591588,0.532982,0.040180,0.011707,-0.002742,-0.797521,-0.603171,-0.766699,0.505069,0.944650
1790,14.916667,0.018911,0.019668,0.854387,0.518920,-0.924028,0.442240,0.039122,-0.066865,-0.063389,0.645811,0.757918,-0.591592,0.532981,0.040176,0.011846,-0.002735,-0.797755,-0.602860,-0.766665,0.505029,0.944635
1791,14.925000,0.018880,0.019583,0.854398,0.518907,-0.924030,0.442239,0.039125,-0.066920,-0.063439,0.645812,0.757908,-0.591590,0.532983,0.040182,0.011994,-0.002759,-0.797924,-0.602633,-0.766647,0.505021,0.944657
1792,14.933333,0.018900,0.019562,0.854404,0.518897,-0.924028,0.442237,0.039125,-0.066910,-0.063450,0.645814,0.757906,-0.591590,0.532983,0.040179,0.012088,-0.002754,-0.798064,-0.602445,-0.766640,0.505024,0.944656
1793,14.941667,0.018898,0.019595,0.854398,0.518905,-0.924030,0.442235,0.039125,-0.066885,-0.063414,0.645831,0.757897,-0.591591,0.532982,0.040184,0.012151,-0.002762,-0.798224,-0.602232,-0.766648,0.505036,0.944669
1794,14.950000,0.018889,0.019544,0.854406,0.518895,-0.924031,0.442235,0.039119,-0.066835,-0.063367,0.645835,0.757902,-0.591593,0.532985,0.040179,0.012075,-0.002874,-0.798405,-0.601993,-0.766677,0.505025,0.944700
1795,14.958333,0.018931,0.019565,0.854408,0.518890,-0.924027,0.442236,0.039124,-0.066848,-0.063373,0.645844,0.757892,-0.591589,0.532982,0.040179,0.012089,-0.002998,-0.798597,-0.601737,-0.766656,0.505014,0.944702
1796,14.966667,0.018912,0.019565,0.854416,0.518876,-0.924027,0.442234,0.039122,-0.066839,-0.063336,0.645832,0.757906,-0.591594,0.532985,0.040183,0.011980,-0.003017,-0.798770,-0.601510,-0.766646,0.505025,0.944689
1797,14.975000,0.018959,0.019576,0.854430,0.518851,-0.924028,0.442233,0.039120,-0.066891,-0.063389,0.645850,0.757882,-0.591593,0.532983,0.040180,0.012090,-0.003163,-0.798958,-0.601256,-0.766613,0.505035,0.944699
1798,14.983333,0.018882,0.019515,0.854443,0.518835,-0.924021,0.442235,0.039119,-0.066899,-0.063386,0.645847,0.757885,-0.591591,0.532983,0.040180,0.012088,-0.003189,-0.799081,-0.601094,-0.766605,0.505036,0.944697
1799,14.991667,0.018874,0.019536,0.854441,0.518838,-0.924024,0.442236,0.039117,-0.066852,-0.063334,0.645860,0.757881,-0.591593,0.532987,0.040182,0.011898,-0.003062,-0.799271,-0.600845,-0.766578,0.505067,0.944667
1800,15.000000,0.018872,0.019593,0.854450,0.518820,-0.924030,0.442233,0.039120,-0.066831,-0.063326,0.645855,0.757889,-0.591595,0.532987,0.040186,0.012116,-0.003080,-0.799406,-0.600661,-0.766545,0.505057,0.944634
1801,15.008333,0.018873,0.019608,0.854454,0.518814,-0.924030,0.442232,0.039121,-0.066917,-0.063393,0.645846,0.757883,-0.591591,0.532994,0.040184,0.012124,-0.003447,-0.799626,-0.600366,-0.766555,0.504974,0.944706
1802,15.016667,0.018874,0.019543,0.854443,0.518834,-0.924026,0.442232,0.039128,-0.066861,-0.063357,0.645851,0.757887,-0.591593,0.532989,0.040181,0.012410,-0.003474,-0.799715,-0.600242,-0.766494,0.504977,0.944682
1803,15.025000,0.018901,0.019582,0.854455,0.518812,-0.924023,0.442234,0.039128,-0.066883,-0.063387,0.645862,0.757872,-0.591592,0.532992,0.040184,0.012401,-0.003485,-0.799849,-0.600063,-0.766490,0.504915,0.944664
1804,15.033333,0.018920,0.019612,0.854458,0.518805,-0.924020,0.442232,0.039124,-0.066838,-0.063328,0.645864,0.757880,-0.591594,0.532991,0.040186,0.012459,-0.003660,-0.799926,-0.599959,-0.766467,0.504895,0.944666
1805,15.041667,0.018986,0.019647,0.854460,0.518798,-0.924017,0.442238,0.039126,-0.066854,-0.063345,0.645868,0.757874,-0.591590,0.532990,0.040183,0.012408,-0.003667,-0.799951,-0.599925,-0.766445,0.504915,0.944641
1806,15.050000,0.018974,0.019676,0.854463,0.518793,-0.924011,0.442242,0.039123,-0.066804,-0.063293,0.645861,0.757888,-0.591590,0.532991,0.040183,0.012363,-0.003654,-0.799965,-0.599909,-0.766421,0.504917,0.944630
1807,15.058333,0.019109,0.019848,0.854465,0.518777,-0.924009,0.442241,0.039116,-0.066800,-0.063279,0.645878,0.757876,-0.591586,0.532992,0.040190,0.012436,-0.003540,-0.799959,-0.599915,-0.766379,0.504942,0.944604
1808,15.066667,0.018974,0.019804,0.854470,0.518777,-0.924009,0.442243,0.039130,-0.066818,-0.063291,0.645880,0.757871,-0.591580,0.532988,0.040185,0.012299,-0.003691,-0.799984,-0.599884,-0.766383,0.504925,0.944613
1809,15.075000,0.018969,0.019781,0.854463,0.518790,-0.924011,0.442243,0.039129,-0.066813,-0.063310,0.645882,0.757869,-0.591582,0.532990,0.040185,0.012427,-0.003468,-0.799943,-0.599937,-0.766343,0.504958,0.944585
1810,15.083333,0.018990,0.019803,0.854462,0.518790,-0.924006,0.442240,0.039131,-0.066762,-0.063266,0.645864,0.757892,-0.591580,0.532988,0.040186,0.012281,-0.003500,-0.799944,-0.599939,-0.766311,0.504962,0.944601
1811,15.091667,0.019026,0.019808,0.854471,0.518773,-0.924006,0.442246,0.039138,-0.066785,-0.063290,0.645849,0.757901,-0.591581,0.532990,0.040186,0.012270,-0.003488,-0.799916,-0.599976,-0.766292,0.504978,0.944605
1812,15.100000,0.018928,0.019789,0.854463,0.518791,-0.924007,0.442248,0.039131,-0.066777,-0.063287,0.645858,0.757894,-0.591585,0.532991,0.040187,0.012352,-0.003559,-0.799880,-0.600022,-0.766273,0.504990,0.944584
1813,15.108333,0.018986,0.019824,0.854465,0.518784,-0.924007,0.442245,0.039135,-0.066763,-0.063297,0.645845,0.757905,-0.591585,0.532987,0.040187,0.012373,-0.003458,-0.799872,-0.600034,-0.766267,0.505009,0.944602
1814,15.116667,0.018989,0.019827,0.854468,0.518779,-0.924006,0.442247,0.039131,-0.066802,-0.063297,0.645839,0.757907,-0.591584,0.532988,0.040183,0.012330,-0.003489,-0.799841,-0.600075,-0.766249,0.505018,0.944587
1815,15.125000,0.019022,0.019836,0.854455,0.518798,-0.924004,0.442251,0.039132,-0.066777,-0.063270,0.645841,0.757910,-0.591579,0.532988,0.040182,0.012090,-0.003430,-0.799772,-0.600172,-0.766243,0.505075,0.944642
1816,15.133333,0.019014,0.019857,0.854451,0.518804,-0.924003,0.442254,0.039129,-0.066773,-0.063241,0.645835,0.757918,-0.591581,0.532988,0.040188,0.012044,-0.003360,-0.799755,-0.600196,-0.766221,0.505101,0.944631
1817,15.141667,0.019037,0.019910,0.854453,0.518798,-0.924002,0.442253,0.039131,-0.066768,-0.063233,0.645839,0.757915,-0.591582,0.532988,0.040188,0.011992,-0.003173,-0.799665,-0.600319,-0.766209,0.505169,0.944569
1818,15.150000,0.019010,0.019912,0.854453,0.518798,-0.924005,0.442260,0.039131,-0.066796,-0.063292,0.645838,0.757908,-0.591578,0.532987,0.040184,0.012082,-0.003393,-0.799681,-0.600295,-0.766186,0.505167,0.944641
1819,15.158333,0.019024,0.019920,0.854440,0.518820,-0.924003,0.442256,0.039133,-0.066782,-0.063297,0.645845,0.757904,-0.591583,0.532989,0.040188,0.011971,-0.003193,-0.799701,-0.600270,-0.766138,0.505181,0.944629
1820,15.166667,0.019003,0.019916,0.854442,0.518817,-0.924003,0.442255,0.039133,-0.066771,-0.063289,0.645836,0.757913,-0.591582,0.532985,0.040182,0.011745,-0.003021,-0.799683,-0.600300,-0.766101,0.505216,0.944571
1821,15.175000,0.019047,0.019884,0.854438,0.518823,-0.924000,0.442258,0.039137,-0.066789,-0.063305,0.645840,0.757907,-0.591583,0.532989,0.040182,0.011781,-0.003114,-0.799753,-0.600206,-0.766069,0.505200,0.944597
1822,15.183333,0.018997,0.019856,0.854438,0.518827,-0.924001,0.442261,0.039132,-0.066759,-0.063303,0.645845,0.757905,-0.591585,0.532990,0.040182,0.011946,-0.003088,-0.799783,-0.600163,-0.766046,0.505202,0.944606
1823,15.191667,0.019043,0.019905,0.854442,0.518816,-0.924001,0.442260,0.039136,-0.066781,-0.063296,0.645847,0.757902,-0.591580,0.532988,0.040183,0.011602,-0.002936,-0.799748,-0.600216,-0.766043,0.505267,0.944611
1824,15.200000,0.019044,0.019901,0.854449,0.518805,-0.924001,0.442262,0.039132,-0.066781,-0.063273,0.645863,0.757890,-0.591584,0.532988,0.040185,0.011802,-0.003100,-0.799829,-0.600104,-0.766007,0.505250,0.944596
1825,15.208333,0.019031,0.019882,0.854440,0.518820,-0.923998,0.442258,0.039134,-0.066773,-0.063249,0.645848,0.757906,-0.591580,0.532990,0.040183,0.011840,-0.003108,-0.799913,-0.599992,-0.765962,0.505215,0.944601
1826,15.216667,0.019030,0.019879,0.854426,0.518845,-0.923995,0.442260,0.039134,-0.066786,-0.063295,0.645857,0.757894,-0.591581,0.532991,0.040183,0.011866,-0.003096,-0.799976,-0.599906,-0.765938,0.505215,0.944611
1827,15.225000,0.019169,0.020016,0.854426,0.518834,-0.923991,0.442258,0.039128,-0.066765,-0.063271,0.645854,0.757900,-0.591582,0.532992,0.040185,0.011862,-0.003129,-0.800023,-0.599843,-0.765941,0.505237,0.944600
1828,15.233333,0.019057,0.019902,0.854429,0.518838,-0.923995,0.442266,0.039128,-0.066799,-0.063299,0.645845,0.757902,-0.591583,0.532989,0.040179,0.011843,-0.003115,-0.800077,-0.599772,-0.765940,0.505242,0.944603
1829,15.241667,0.019103,0.019891,0.854438,0.518821,-0.923996,0.442263,0.039132,-0.066777,-0.063305,0.645871,0.757881,-0.591588,0.532990,0.040174,0.011701,-0.002925,-0.800131,-0.599704,-0.765908,0.505263,0.944555
1830,15.250000,0.019081,0.019906,0.854433,0.518829,-0.923995,0.442258,0.039127,-0.066793,-0.063298,0.645881,0.757872,-0.591584,0.532992,0.040175,0.011768,-0.002775,-0.800200,-0.599612,-0.765907,0.505277,0.944561
1831,15.258333,0.019081,0.019873,0.854451,0.518802,-0.923994,0.442259,0.039127,-0.066745,-0.063318,0.645875,0.757880,-0.591586,0.532990,0.040171,0.011717,-0.002813,-0.800248,-0.599548,-0.765894,0.505299,0.944548
1832,15.266667,0.019100,0.019849,0.854437,0.518825,-0.923993,0.442257,0.039129,-0.066740,-0.063261,0.645901,0.757863,-0.591584,0.532990,0.040172,0.011796,-0.002970,-0.800331,-0.599435,-0.765865,0.505306,0.944569
1833,15.275000,0.019120,0.019890,0.854439,0.518819,-0.923989,0.442256,0.039135,-0.066715,-0.063271,0.645902,0.757863,-0.591584,0.532991,0.040173,0.011821,-0.002897,-0.800380,-0.599369,-0.765864,0.505310,0.944575
1834,15.283333,0.019127,0.019817,0.854441,0.518817,-0.923990,0.442255,0.039127,-0.066741,-0.063296,0.645891,0.757868,-0.591583,0.532993,0.040168,0.011771,-0.002952,-0.800471,-0.599248,-0.765832,0.505309,0.944581
1835,15.291667,0.019154,0.019856,0.854439,0.518819,-0.923991,0.442253,0.039122,-0.066727,-0.063269,0.645904,0.757861,-0.591584,0.532990,0.040167,0.011782,-0.002982,-0.800514,-0.599191,-0.765822,0.505316,0.944575
1836,15.300000,0.019178,0.019811,0.854442,0.518814,-0.923989,0.442254,0.039126,-0.066754,-0.063313,0.645895,0.757862,-0.591584,0.532990,0.040168,0.011885,-0.003022,-0.800574,-0.599109,-0.765803,0.505307,0.944567
1837,15.308333,0.019171,0.019778,0.854441,0.518817,-0.923989,0.442251,0.039125,-0.066736,-0.063264,0.645917,0.757849,-0.591582,0.532993,0.040170,0.012017,-0.003130,-0.800642,-0.599015,-0.765792,0.505277,0.944590
1838,15.316667,0.019189,0.019766,0.854435,0.518827,-0.923991,0.442247,0.039125,-0.066725,-0.063279,0.645897,0.757866,-0.591582,0.532991,0.040166,0.012154,-0.003261,-0.800650,-0.599000,-0.765775,0.505301,0.944599
1839,15.325000,0.019202,0.019763,0.854438,0.518822,-0.923995,0.442244,0.039126,-0.066680,-0.063239,0.645912,0.757861,-0.591577,0.532993,0.040170,0.012144,-0.003133,-0.800625,-0.599035,-0.765777,0.505340,0.944576
1840,15.333333,0.019214,0.019743,0.854433,0.518830,-0.923997,0.442243,0.039130,-0.066709,-0.063252,0.645925,0.757846,-0.591580,0.532989,0.040168,0.012045,-0.003141,-0.800636,-0.599022,-0.765769,0.505334,0.944569
1841,15.341667,0.019160,0.019725,0.854429,0.518840,-0.923997,0.442241,0.039131,-0.066720,-0.063251,0.645915,0.757854,-0.591580,0.532988,0.040169,0.012342,-0.003179,-0.800680,-0.598956,-0.765755,0.505308,0.944528
1842,15.350000,0.019205,0.019751,0.854430,0.518836,-0.923999,0.442239,0.039131,-0.066678,-0.063228,0.645917,0.757857,-0.591575,0.532988,0.040166,0.012187,-0.003238,-0.800639,-0.599014,-0.765761,0.505358,0.944563
1843,15.358333,0.019186,0.019717,0.854435,0.518829,-0.923990,0.442239,0.039134,-0.066676,-0.063223,0.645918,0.757857,-0.591578,0.532986,0.040170,0.012356,-0.003198,-0.800673,-0.598965,-0.765751,0.505327,0.944513
1844,15.366667,0.019199,0.019683,0.854426,0.518845,-0.923995,0.442242,0.039130,-0.066630,-0.063223,0.645915,0.757863,-0.591581,0.532988,0.040166,0.012466,-0.003275,-0.800698,-0.598930,-0.765752,0.505327,0.944536
1845,15.375000,0.019156,0.019723,0.854436,0.518829,-0.923994,0.442241,0.039133,-0.066639,-0.063218,0.645912,0.757866,-0.591575,0.532985,0.040174,0.012511,-0.003359,-0.800702,-0.598922,-0.765749,0.505319,0.944542
1846,15.383333,0.019174,0.019729,0.854442,0.518817,-0.923996,0.442239,0.039132,-0.066672,-0.063223,0.645914,0.757861,-0.591576,0.532985,0.040167,0.012492,-0.003235,-0.800692,-0.598937,-0.765765,0.505327,0.944526
1847,15.391667,0.019293,0.019781,0.854440,0.518815,-0.923987,0.442236,0.039128,-0.066633,-0.063190,0.645916,0.757865,-0.591575,0.532984,0.040167,0.012523,-0.003321,-0.800675,-0.598959,-0.765755,0.505349,0.944518
1848,15.400000,0.019202,0.019692,0.854437,0.518826,-0.923996,0.442241,0.039129,-0.066662,-0.063221,0.645907,0.757868,-0.591577,0.532985,0.040166,0.012514,-0.003376,-0.800651,-0.598991,-0.765755,0.505392,0.944473
1849,15.408333,0.019220,0.019726,0.854427,0.518841,-0.923994,0.442237,0.039130,-0.066722,-0.063258,0.645908,0.757858,-0.591576,0.532986,0.040171,0.012451,-0.003234,-0.800655,-0.598987,-0.765766,0.505385,0.944497
1850,15.416667,0.019208,0.019719,0.854428,0.518841,-0.923993,0.442241,0.039124,-0.066619,-0.063212,0.645895,0.757882,-0.591578,0.532985,0.040165,0.012527,-0.003428,-0.800631,-0.599017,-0.765752,0.505409,0.944464
1851,15.425000,0.019190,0.019715,0.854453,0.518800,-0.923991,0.442241,0.039129,-0.066632,-0.063223,0.645894,0.757881,-0.591578,0.532983,0.040172,0.012607,-0.003509,-0.800597,-0.599060,-0.765762,0.505411,0.944476
1852,15.433333,0.019170,0.019760,0.854456,0.518793,-0.923989,0.442242,0.039129,-0.066681,-0.063293,0.645912,0.757856,-0.591580,0.532987,0.040174,0.012610,-0.003487,-0.800611,-0.599041,-0.765774,0.505422,0.944483
1853,15.441667,0.019174,0.019793,0.854449,0.518803,-0.923991,0.442241,0.039124,-0.066648,-0.063233,0.645908,0.757867,-0.591583,0.532985,0.040168,0.012441,-0.003271,-0.800566,-0.599106,-0.765797,0.505474,0.944429
1854,15.450000,0.019197,0.019825,0.854449,0.518802,-0.923994,0.442244,0.039131,-0.066695,-0.063269,0.645917,0.757852,-0.591580,0.532983,0.040172,0.012488,-0.003251,-0.800597,-0.599065,-0.765803,0.505481,0.944437
1855,15.458333,0.019170,0.019773,0.854440,0.518820,-0.923997,0.442245,0.039131,-0.066675,-0.063261,0.645903,0.757867,-0.591579,0.532987,0.040166,0.012482,-0.003505,-0.800587,-0.599076,-0.765802,0.505500,0.944520
1856,15.466667,0.019148,0.019766,0.854454,0.518797,-0.923994,0.442243,0.039133,-0.066671,-0.063259,0.645884,0.757884,-0.591580,0.532985,0.040168,0.012484,-0.003488,-0.800592,-0.599070,-0.765814,0.505519,0.944523
1857,15.475000,0.019148,0.019794,0.854447,0.518809,-0.923992,0.442250,0.039130,-0.066716,-0.063256,0.645875,0.757888,-0.591579,0.532988,0.040169,0.012311,-0.003246,-0.800570,-0.599104,-0.765835,0.505580,0.944473
1858,15.483333,0.019144,0.019842,0.854447,0.518807,-0.923998,0.442249,0.039127,-0.066712,-0.063265,0.645883,0.757880,-0.591581,0.532987,0.040163,0.012294,-0.003256,-0.800572,-0.599102,-0.765848,0.505593,0.944478
1859,15.491667,0.019147,0.019848,0.854448,0.518804,-0.923991,0.442246,0.039126,-0.066717,-0.063259,0.645880,0.757883,-0.591582,0.532990,0.040169,0.012301,-0.003240,-0.800572,-0.599102,-0.765854,0.505629,0.944477
1860,15.500000,0.019102,0.019843,0.854448,0.518806,-0.923988,0.442250,0.039127,-0.066682,-0.063261,0.645881,0.757885,-0.591579,0.532991,0.040162,0.012368,-0.003272,-0.800570,-0.599102,-0.765901,0.505646,0.944490
1861,15.508333,0.019142,0.019856,0.854452,0.518798,-0.923989,0.442248,0.039127,-0.066736,-0.063242,0.645886,0.757877,-0.591584,0.532989,0.040168,0.012475,-0.003439,-0.800537,-0.599144,-0.765895,0.505699,0.944497
1862,15.516667,0.019077,0.019892,0.854458,0.518789,-0.923986,0.442253,0.039127,-0.066767,-0.063290,0.645884,0.757872,-0.591585,0.532990,0.040166,0.012426,-0.003328,-0.800489,-0.599209,-0.765917,0.505759,0.944481
1863,15.525000,0.019120,0.019945,0.854457,0.518786,-0.923988,0.442255,0.039127,-0.066712,-0.063275,0.645886,0.757876,-0.591581,0.532991,0.040171,0.012387,-0.003230,-0.800467,-0.599240,-0.765921,0.505809,0.944479
1864,15.533333,0.019136,0.019977,0.854453,0.518791,-0.923983,0.442255,0.039124,-0.066799,-0.063295,0.645870,0.757881,-0.591586,0.532989,0.040169,0.012425,-0.003239,-0.800445,-0.599268,-0.765945,0.505831,0.944458
1865,15.541667,0.019200,0.019914,0.854458,0.518783,-0.923981,0.442255,0.039126,-0.066770,-0.063305,0.645869,0.757884,-0.591584,0.532992,0.040168,0.012424,-0.003260,-0.800416,-0.599307,-0.765977,0.505852,0.944468
1866,15.550000,0.019120,0.019931,0.854472,0.518763,-0.923981,0.442257,0.039125,-0.066805,-0.063341,0.645865,0.757881,-0.591587,0.532985,0.040168,0.012323,-0.003125,-0.800352,-0.599396,-0.766004,0.505925,0.944431
1867,15.558333,0.019135,0.019935,0.854452,0.518795,-0.923979,0.442255,0.039123,-0.066796,-0.063305,0.645860,0.757889,-0.591586,0.532987,0.040167,0.012323,-0.003188,-0.800318,-0.599441,-0.766029,0.505959,0.944450
1868,15.566667,0.019118,0.019959,0.854455,0.518789,-0.923984,0.442256,0.039124,-0.066785,-0.063273,0.645846,0.757904,-0.591586,0.532989,0.040172,0.012326,-0.003226,-0.800272,-0.599502,-0.766051,0.505989,0.944458
1869,15.575000,0.019132,0.020014,0.854455,0.518786,-0.923988,0.442257,0.039123,-0.066835,-0.063338,0.645854,0.757888,-0.591590,0.532990,0.040174,0.012315,-0.003273,-0.800248,-0.599534,-0.766069,0.506016,0.944460
1870,15.583333,0.019228,0.020068,0.854467,0.518762,-0.923980,0.442257,0.039118,-0.066847,-0.063315,0.645847,0.757895,-0.591589,0.532991,0.040169,0.012319,-0.003286,-0.800226,-0.599563,-0.766081,0.506045,0.944452
1871,15.591667,0.019126,0.020003,0.854460,0.518779,-0.923986,0.442263,0.039122,-0.066884,-0.063325,0.645850,0.757888,-0.591588,0.532989,0.040173,0.012327,-0.003264,-0.800216,-0.599576,-0.766107,0.506064,0.944460
1872,15.600000,0.019124,0.020024,0.854450,0.518796,-0.923985,0.442264,0.039124,-0.066859,-0.063359,0.645829,0.757905,-0.591590,0.532988,0.040175,0.012308,-0.003301,-0.800187,-0.599615,-0.766112,0.506081,0.944452
1873,15.608333,0.019073,0.019994,0.854454,0.518792,-0.923984,0.442265,0.039119,-0.066887,-0.063359,0.645837,0.757896,-0.591595,0.532993,0.040171,0.012282,-0.003296,-0.800171,-0.599637,-0.766134,0.506107,0.944440
1874,15.616667,0.019101,0.020011,0.854452,0.518793,-0.923982,0.442267,0.039119,-0.066890,-0.063373,0.645828,0.757902,-0.591593,0.532998,0.040169,0.012412,-0.003480,-0.800140,-0.599674,-0.766145,0.506134,0.944461
1875,15.625000,0.019079,0.020045,0.854452,0.518794,-0.923984,0.442264,0.039123,-0.066914,-0.063374,0.645822,0.757905,-0.591587,0.532995,0.040173,0.012448,-0.003486,-0.800137,-0.599679,-0.766180,0.506149,0.944473
1876,15.633333,0.019096,0.020083,0.854446,0.518800,-0.923988,0.442267,0.039120,-0.066885,-0.063328,0.645815,0.757918,-0.591597,0.532995,0.040167,0.012465,-0.003562,-0.800118,-0.599703,-0.766203,0.506172,0.944477
1877,15.641667,0.019041,0.020030,0.854460,0.518782,-0.923985,0.442269,0.039124,-0.066927,-0.063339,0.645799,0.757927,-0.591594,0.532992,0.040171,0.012503,-0.003633,-0.800085,-0.599745,-0.766222,0.506203,0.944471
1878,15.650000,0.019022,0.020075,0.854458,0.518784,-0.923988,0.442267,0.039125,-0.066939,-0.063369,0.645804,0.757919,-0.591597,0.532995,0.040171,0.012397,-0.003449,-0.800041,-0.599807,-0.766251,0.506256,0.944439
1879,15.658333,0.019044,0.020125,0.854451,0.518793,-0.923988,0.442267,0.039131,-0.066958,-0.063421,0.645799,0.757917,-0.591597,0.532995,0.040171,0.012397,-0.003480,-0.800036,-0.599814,-0.766271,0.506275,0.944443
1880,15.666667,0.019066,0.020141,0.854446,0.518800,-0.923994,0.442270,0.039125,-0.066947,-0.063392,0.645799,0.757920,-0.591599,0.532996,0.040167,0.012394,-0.003487,-0.800046,-0.599800,-0.766312,0.506316,0.944429
1881,15.675000,0.018984,0.020115,0.854455,0.518789,-0.923990,0.442274,0.039128,-0.066936,-0.063371,0.645801,0.757922,-0.591599,0.532999,0.040173,0.012418,-0.003473,-0.800022,-0.599832,-0.766356,0.506369,0.944430
1882,15.683333,0.018997,0.020128,0.854456,0.518786,-0.923993,0.442275,0.039127,-0.066960,-0.063366,0.645789,0.757930,-0.591604,0.532999,0.040170,0.012455,-0.003524,-0.800021,-0.599833,-0.766374,0.506393,0.944430
1883,15.691667,0.019020,0.020144,0.854445,0.518802,-0.923989,0.442275,0.039126,-0.066974,-0.063404,0.645798,0.757918,-0.591600,0.533002,0.040171,0.012486,-0.003501,-0.800032,-0.599818,-0.766394,0.506421,0.944428
1884,15.700000,0.019089,0.020195,0.854445,0.518798,-0.923987,0.442276,0.039126,-0.066949,-0.063350,0.645770,0.757948,-0.591598,0.533002,0.040174,0.012471,-0.003524,-0.800034,-0.599815,-0.766414,0.506442,0.944433
1885,15.708333,0.019098,0.020192,0.854456,0.518779,-0.923987,0.442277,0.039126,-0.066962,-0.063401,0.645771,0.757942,-0.591605,0.533001,0.040169,0.012564,-0.003705,-0.800035,-0.599811,-0.766448,0.506473,0.944383
1886,15.716667,0.019034,0.020221,0.854456,0.518781,-0.923987,0.442277,0.039125,-0.066965,-0.063372,0.645767,0.757948,-0.591607,0.533001,0.040171,0.012558,-0.003735,-0.800025,-0.599824,-0.766473,0.506495,0.944381
1887,15.725000,0.019030,0.020158,0.854456,0.518784,-0.923979,0.442283,0.039122,-0.066979,-0.063388,0.645751,0.757959,-0.591604,0.533004,0.040173,0.012665,-0.003703,-0.800015,-0.599835,-0.766497,0.506511,0.944391
1888,15.733333,0.019057,0.020193,0.854455,0.518782,-0.923981,0.442280,0.039124,-0.067040,-0.063410,0.645743,0.757958,-0.591604,0.533006,0.040179,0.012631,-0.003768,-0.800004,-0.599850,-0.766506,0.506530,0.944382
1889,15.741667,0.019020,0.020228,0.854457,0.518780,-0.923979,0.442281,0.039122,-0.067022,-0.063364,0.645758,0.757951,-0.591603,0.533005,0.040170,0.012510,-0.003793,-0.799950,-0.599925,-0.766530,0.506571,0.944379
1890,15.750000,0.019044,0.020221,0.854457,0.518779,-0.923979,0.442280,0.039122,-0.067047,-0.063383,0.645754,0.757951,-0.591601,0.533004,0.040173,0.012499,-0.003831,-0.799887,-0.600008,-0.766570,0.506615,0.944393
1891,15.758333,0.019003,0.020213,0.854451,0.518790,-0.923980,0.442276,0.039129,-0.067049,-0.063376,0.645744,0.757959,-0.591604,0.533004,0.040171,0.012543,-0.003820,-0.799851,-0.600055,-0.766604,0.506649,0.944401
1892,15.766667,0.018978,0.020210,0.854461,0.518776,-0.923981,0.442281,0.039129,-0.067044,-0.063399,0.645733,0.757967,-0.591606,0.533007,0.040172,0.012498,-0.003941,-0.799848,-0.600059,-0.766631,0.506656,0.944398
1893,15.775000,0.019022,0.020247,0.854452,0.518787,-0.923987,0.442285,0.039126,-0.067041,-0.063409,0.645727,0.757972,-0.591606,0.533010,0.040175,0.012485,-0.003966,-0.799823,-0.600092,-0.766638,0.506684,0.944391
1894,15.783333,0.018998,0.020233,0.854453,0.518787,-0.923984,0.442283,0.039118,-0.067089,-0.063397,0.645721,0.757974,-0.591604,0.533004,0.040171,0.012518,-0.003989,-0.799824,-0.600091,-0.766665,0.506698,0.944406
1895,15.791667,0.019014,0.020332,0.854463,0.518766,-0.923982,0.442287,0.039122,-0.067095,-0.063434,0.645721,0.757970,-0.591605,0.533012,0.040174,0.012546,-0.003983,-0.799806,-0.600114,-0.766678,0.506725,0.944407
1896,15.800000,0.019014,0.020291,0.854455,0.518780,-0.923981,0.442290,0.039121,-0.067088,-0.063416,0.645706,0.757986,-0.591608,0.533016,0.040173,0.012579,-0.003991,-0.799780,-0.600148,-0.766694,0.506750,0.944400
1897,15.808333,0.019033,0.020330,0.854461,0.518769,-0.923980,0.442288,0.039125,-0.067151,-0.063448,0.645707,0.757976,-0.591607,0.533015,0.040173,0.012569,-0.004032,-0.799732,-0.600212,-0.766698,0.506769,0.944395
1898,15.816667,0.019020,0.020352,0.854451,0.518785,-0.923981,0.442291,0.039124,-0.067147,-0.063436,0.645708,0.757976,-0.591609,0.533014,0.040177,0.012686,-0.004140,-0.799675,-0.600285,-0.766740,0.506762,0.944427
1899,15.825000,0.019000,0.020334,0.854456,0.518779,-0.923979,0.442291,0.039127,-0.067098,-0.063418,0.645715,0.757976,-0.591607,0.533013,0.040172,0.012678,-0.003891,-0.799610,-0.600374,-0.766798,0.506808,0.944400
1900,15.833333,0.019035,0.020349,0.854462,0.518767,-0.923979,0.442288,0.039126,-0.067122,-0.063439,0.645710,0.757976,-0.591607,0.533014,0.040174,0.012823,-0.003885,-0.799622,-0.600354,-0.766795,0.506808,0.944409
1901,15.841667,0.019022,0.020362,0.854448,0.518789,-0.923982,0.442286,0.039128,-0.067092,-0.063385,0.645706,0.757988,-0.591611,0.533016,0.040176,0.012849,-0.003941,-0.799629,-0.600344,-0.766822,0.506817,0.944408
1902,15.850000,0.019023,0.020385,0.854441,0.518800,-0.923985,0.442286,0.039130,-0.067129,-0.063412,0.645690,0.757995,-0.591612,0.533013,0.040179,0.012963,-0.003999,-0.799606,-0.600372,-0.766826,0.506829,0.944422
1903,15.858333,0.019004,0.020385,0.854429,0.518821,-0.923992,0.442286,0.039131,-0.067156,-0.063448,0.645692,0.757988,-0.591609,0.533011,0.040174,0.012833,-0.003937,-0.799534,-0.600471,-0.766851,0.506895,0.944449
1904,15.866667,0.019035,0.020334,0.854435,0.518811,-0.923989,0.442288,0.039133,-0.067139,-0.063405,0.645668,0.758014,-0.591611,0.533011,0.040177,0.012887,-0.003940,-0.799538,-0.600465,-0.766859,0.506893,0.944406
1905,15.875000,0.018982,0.020333,0.854440,0.518804,-0.923989,0.442291,0.039130,-0.067138,-0.063417,0.645684,0.757999,-0.591613,0.533013,0.040176,0.012737,-0.004142,-0.799456,-0.600575,-0.766891,0.506952,0.944442
1906,15.883333,0.019028,0.020320,0.854441,0.518803,-0.923984,0.442291,0.039126,-0.067150,-0.063440,0.645662,0.758016,-0.591611,0.533013,0.040171,0.012721,-0.004156,-0.799427,-0.600614,-0.766910,0.506979,0.944444
1907,15.891667,0.019012,0.020329,0.854438,0.518807,-0.923982,0.442294,0.039121,-0.067131,-0.063402,0.645675,0.758009,-0.591611,0.533014,0.040177,0.012454,-0.004026,-0.799385,-0.600676,-0.766948,0.507023,0.944481
1908,15.900000,0.018998,0.020343,0.854444,0.518798,-0.923982,0.442293,0.039123,-0.067178,-0.063445,0.645661,0.758013,-0.591612,0.533014,0.040176,0.012438,-0.004067,-0.799353,-0.600720,-0.766964,0.507055,0.944461
1909,15.908333,0.019013,0.020373,0.854423,0.518830,-0.923980,0.442293,0.039129,-0.067176,-0.063386,0.645665,0.758015,-0.591613,0.533018,0.040180,0.012432,-0.004074,-0.799327,-0.600753,-0.766972,0.507079,0.944446
1910,15.916667,0.018986,0.020389,0.854442,0.518800,-0.923977,0.442292,0.039128,-0.067192,-0.063422,0.645656,0.758018,-0.591617,0.533015,0.040182,0.012451,-0.004048,-0.799327,-0.600753,-0.766996,0.507096,0.944458
1911,15.925000,0.018965,0.020382,0.854445,0.518795,-0.923976,0.442291,0.039126,-0.067222,-0.063457,0.645639,0.758027,-0.591613,0.533016,0.040178,0.012424,-0.003977,-0.799322,-0.600761,-0.767005,0.507115,0.944449
1912,15.933333,0.018975,0.020391,0.854440,0.518802,-0.923980,0.442291,0.039128,-0.067213,-0.063465,0.645626,0.758038,-0.591617,0.533013,0.040183,0.012366,-0.003943,-0.799324,-0.600761,-0.767025,0.507127,0.944476
1913,15.941667,0.018945,0.020376,0.854457,0.518776,-0.923976,0.442288,0.039124,-0.067259,-0.063488,0.645645,0.758016,-0.591618,0.533017,0.040179,0.012352,-0.003915,-0.799326,-0.600758,-0.767035,0.507146,0.944464
1914,15.950000,0.019010,0.020403,0.854450,0.518785,-0.923972,0.442290,0.039123,-0.067235,-0.063482,0.645663,0.758003,-0.591620,0.533016,0.040173,0.012544,-0.004057,-0.799316,-0.600767,-0.767046,0.507141,0.944463
1915,15.958333,0.019127,0.020493,0.854446,0.518784,-0.923965,0.442286,0.039117,-0.067268,-0.063535,0.645655,0.758003,-0.591620,0.533006,0.040176,0.012476,-0.004039,-0.799334,-0.600744,-0.767046,0.507151,0.944445
1916,15.966667,0.019001,0.020338,0.854452,0.518784,-0.923972,0.442290,0.039120,-0.067273,-0.063498,0.645667,0.757995,-0.591623,0.533011,0.040177,0.012516,-0.004030,-0.799337,-0.600739,-0.767053,0.507147,0.944448
1917,15.975000,0.019028,0.020311,0.854455,0.518779,-0.923974,0.442291,0.039118,-0.067250,-0.063525,0.645654,0.758006,-0.591616,0.533014,0.040170,0.012472,-0.003991,-0.799332,-0.600747,-0.767052,0.507173,0.944426
1918,15.983333,0.018972,0.020307,0.854453,0.518785,-0.923973,0.442292,0.039118,-0.067265,-0.063517,0.645656,0.758003,-0.591620,0.533012,0.040172,0.012507,-0.004030,-0.799324,-0.600757,-0.767061,0.507175,0.944421
1919,15.991667,0.019113,0.020406,0.854449,0.518783,-0.923966,0.442288,0.039109,-0.067285,-0.063539,0.645666,0.757991,-0.591621,0.533008,0.040166,0.012671,-0.003965,-0.799297,-0.600789,-0.767046,0.507198,0.944399
1920,16.000000,0.019012,0.020353,0.854445,0.518795,-0.923977,0.442289,0.039117,-0.067311,-0.063568,0.645642,0.758007,-0.591618,0.533013,0.040175,0.012630,-0.004034,-0.799309,-0.600774,-0.767059,0.507200,0.944402
1921,16.008333,0.018992,0.020318,0.854445,0.518797,-0.923978,0.442287,0.039118,-0.067313,-0.063575,0.645655,0.757995,-0.591619,0.533010,0.040172,0.012675,-0.003971,-0.799296,-0.600791,-0.767072,0.507217,0.944391
1922,16.016667,0.018957,0.020245,0.854439,0.518811,-0.923976,0.442286,0.039115,-0.067305,-0.063563,0.645639,0.758011,-0.591618,0.533012,0.040170,0.012593,-0.004048,-0.799309,-0.600774,-0.767087,0.507225,0.944391
1923,16.025000,0.018993,0.020225,0.854435,0.518818,-0.923980,0.442285,0.039112,-0.067302,-0.063547,0.645659,0.757995,-0.591615,0.533011,0.040173,0.012698,-0.004001,-0.799295,-0.600791,-0.767092,0.507241,0.944382
1924,16.033333,0.018982,0.020216,0.854445,0.518801,-0.923980,0.442283,0.039110,-0.067277,-0.063523,0.645648,0.758009,-0.591614,0.533012,0.040170,0.012663,-0.004068,-0.799303,-0.600781,-0.767098,0.507244,0.944371
1925,16.041667,0.018987,0.020219,0.854459,0.518778,-0.923980,0.442280,0.039113,-0.067305,-0.063557,0.645660,0.757993,-0.591616,0.533011,0.040175,0.012747,-0.004053,-0.799297,-0.600788,-0.767111,0.507256,0.944380
1926,16.050000,0.018997,0.020208,0.854450,0.518793,-0.923981,0.442279,0.039109,-0.067239,-0.063468,0.645651,0.758015,-0.591616,0.533013,0.040166,0.012842,-0.004083,-0.799307,-0.600772,-0.767118,0.507266,0.944385
1927,16.058333,0.018935,0.020212,0.854446,0.518802,-0.923980,0.442276,0.039117,-0.067300,-0.063529,0.645658,0.757998,-0.591617,0.533010,0.040177,0.012893,-0.004065,-0.799297,-0.600784,-0.767151,0.507285,0.944366
1928,16.066667,0.018986,0.020228,0.854439,0.518811,-0.923985,0.442277,0.039114,-0.067311,-0.063534,0.645650,0.758003,-0.591618,0.533010,0.040172,0.012850,-0.004142,-0.799302,-0.600779,-0.767148,0.507286,0.944373
1929,16.075000,0.019003,0.020217,0.854442,0.518806,-0.923982,0.442277,0.039115,-0.067323,-0.063521,0.645654,0.758000,-0.591618,0.533009,0.040172,0.012871,-0.004147,-0.799307,-0.600771,-0.767157,0.507294,0.944373
1930,16.083333,0.018990,0.020236,0.854454,0.518786,-0.923980,0.442279,0.039113,-0.067295,-0.063511,0.645664,0.757995,-0.591620,0.533011,0.040175,0.012883,-0.004160,-0.799303,-0.600776,-0.767178,0.507305,0.944378
1931,16.091667,0.018982,0.020239,0.854446,0.518798,-0.923981,0.442276,0.039107,-0.067310,-0.063518,0.645646,0.758008,-0.591616,0.533016,0.040173,0.012994,-0.004083,-0.799294,-0.600786,-0.767212,0.507321,0.944370
1932,16.100000,0.018958,0.020254,0.854439,0.518810,-0.923976,0.442278,0.039113,-0.067329,-0.063526,0.645626,0.758023,-0.591620,0.533012,0.040170,0.012990,-0.004138,-0.799269,-0.600818,-0.767227,0.507332,0.944366
1933,16.108333,0.019040,0.020321,0.854438,0.518807,-0.923982,0.442276,0.039113,-0.067322,-0.063501,0.645635,0.758017,-0.591619,0.533013,0.040176,0.012952,-0.004180,-0.799264,-0.600826,-0.767239,0.507339,0.944353
1934,16.116667,0.019098,0.020368,0.854441,0.518798,-0.923971,0.442279,0.039107,-0.067343,-0.063545,0.645630,0.758016,-0.591621,0.533010,0.040178,0.013284,-0.004281,-0.799201,-0.600902,-0.767273,0.507346,0.944373
1935,16.125000,0.019081,0.020380,0.854444,0.518792,-0.923972,0.442280,0.039105,-0.067330,-0.063574,0.645626,0.758019,-0.591623,0.533015,0.040176,0.013362,-0.004256,-0.799187,-0.600919,-0.767291,0.507356,0.944387
1936,16.133333,0.018958,0.020282,0.854447,0.518797,-0.923977,0.442279,0.039108,-0.067322,-0.063544,0.645630,0.758018,-0.591621,0.533018,0.040173,0.013336,-0.004297,-0.799168,-0.600944,-0.767296,0.507368,0.944376
1937,16.141667,0.018900,0.020259,0.854441,0.518810,-0.923978,0.442281,0.039109,-0.067344,-0.063515,0.645644,0.758007,-0.591622,0.533014,0.040173,0.013311,-0.004351,-0.799162,-0.600952,-0.767290,0.507360,0.944394
1938,16.150000,0.018945,0.020269,0.854444,0.518802,-0.923979,0.442281,0.039112,-0.067352,-0.063564,0.645630,0.758014,-0.591626,0.533014,0.040166,0.013455,-0.004472,-0.799115,-0.601010,-0.767284,0.507370,0.944373
1939,16.158333,0.019039,0.020339,0.854445,0.518794,-0.923974,0.442282,0.039111,-0.067447,-0.063594,0.645620,0.758012,-0.591625,0.533020,0.040169,0.013160,-0.004277,-0.799154,-0.600967,-0.767316,0.507395,0.944361
1940,16.166667,0.018978,0.020276,0.854439,0.518808,-0.923979,0.442282,0.039112,-0.067324,-0.063522,0.645617,0.758031,-0.591624,0.533022,0.040173,0.013386,-0.004506,-0.799096,-0.601038,-0.767318,0.507379,0.944375
1941,16.175000,0.019033,0.020315,0.854447,0.518792,-0.923969,0.442281,0.039108,-0.067439,-0.063562,0.645622,0.758013,-0.591627,0.533019,0.040173,0.013322,-0.004310,-0.799117,-0.601012,-0.767357,0.507400,0.944381
1942,16.183333,0.018939,0.020223,0.854452,0.518791,-0.923980,0.442288,0.039116,-0.067380,-0.063538,0.645614,0.758027,-0.591627,0.533020,0.040172,0.013393,-0.004481,-0.799083,-0.601055,-0.767343,0.507390,0.944381
1943,16.191667,0.018913,0.020241,0.854446,0.518801,-0.923980,0.442285,0.039114,-0.067429,-0.063586,0.645617,0.758017,-0.591623,0.533021,0.040171,0.013135,-0.004277,-0.799073,-0.601076,-0.767358,0.507445,0.944322
1944,16.200000,0.018900,0.020245,0.854448,0.518797,-0.923982,0.442288,0.039116,-0.067402,-0.063502,0.645626,0.758019,-0.591622,0.533023,0.040173,0.013336,-0.004545,-0.799045,-0.601106,-0.767355,0.507409,0.944367
1945,16.208333,0.018920,0.020294,0.854451,0.518790,-0.923983,0.442287,0.039113,-0.067449,-0.063536,0.645623,0.758014,-0.591627,0.533020,0.040180,0.013123,-0.004431,-0.799036,-0.601124,-0.767358,0.507455,0.944318
1946,16.216667,0.018875,0.020267,0.854448,0.518798,-0.923983,0.442286,0.039116,-0.067447,-0.063559,0.645613,0.758021,-0.591631,0.533022,0.040179,0.013122,-0.004447,-0.799055,-0.601098,-0.767363,0.507464,0.944332
1947,16.225000,0.018883,0.020333,0.854445,0.518800,-0.923985,0.442288,0.039121,-0.067500,-0.063556,0.645612,0.758017,-0.591626,0.533023,0.040176,0.013090,-0.004437,-0.799043,-0.601115,-0.767370,0.507470,0.944344
1948,16.233333,0.018850,0.020221,0.854449,0.518799,-0.923979,0.442292,0.039121,-0.067500,-0.063571,0.645603,0.758023,-0.591634,0.533028,0.040179,0.013153,-0.004432,-0.799036,-0.601123,-0.767403,0.507499,0.944352
1949,16.241667,0.018890,0.020334,0.854451,0.518790,-0.923985,0.442287,0.039117,-0.067451,-0.063504,0.645609,0.758028,-0.591633,0.533028,0.040182,0.013098,-0.004421,-0.799030,-0.601132,-0.767411,0.507512,0.944340
1950,16.250000,0.018898,0.020389,0.854457,0.518778,-0.923981,0.442296,0.039121,-0.067463,-0.063535,0.645614,0.758021,-0.591632,0.533029,0.040174,0.013138,-0.004387,-0.799053,-0.601101,-0.767406,0.507528,0.944374
1951,16.258333,0.018936,0.020448,0.854454,0.518779,-0.923982,0.442297,0.039116,-0.067457,-0.063533,0.645606,0.758028,-0.591631,0.533031,0.040174,0.013215,-0.004329,-0.799046,-0.601109,-0.767408,0.507586,0.944284
1952,16.266667,0.018929,0.020460,0.854449,0.518787,-0.923982,0.442292,0.039115,-0.067489,-0.063539,0.645603,0.758027,-0.591635,0.533030,0.040185,0.013338,-0.004477,-0.799022,-0.601137,-0.767401,0.507595,0.944298
1953,16.275000,0.018966,0.020477,0.854451,0.518782,-0.923986,0.442292,0.039121,-0.067478,-0.063496,0.645577,0.758053,-0.591634,0.533033,0.040183,0.013140,-0.004295,-0.799061,-0.601090,-0.767415,0.507617,0.944266
1954,16.283333,0.018929,0.020418,0.854454,0.518780,-0.923983,0.442294,0.039117,-0.067475,-0.063539,0.645598,0.758033,-0.591636,0.533029,0.040183,0.013323,-0.004406,-0.798978,-0.601196,-0.767444,0.507665,0.944284
1955,16.291667,0.018883,0.020403,0.854459,0.518774,-0.923984,0.442293,0.039116,-0.067506,-0.063536,0.645588,0.758039,-0.591632,0.533028,0.040178,0.013170,-0.004405,-0.799063,-0.601087,-0.767447,0.507642,0.944278
1956,16.300000,0.018851,0.020364,0.854464,0.518770,-0.923981,0.442293,0.039120,-0.067471,-0.063540,0.645592,0.758038,-0.591633,0.533028,0.040182,0.013350,-0.004450,-0.798998,-0.601169,-0.767455,0.507684,0.944283
1957,16.308333,0.018861,0.020407,0.854466,0.518764,-0.923981,0.442291,0.039121,-0.067472,-0.063525,0.645600,0.758032,-0.591634,0.533028,0.040180,0.013375,-0.004472,-0.799062,-0.601083,-0.767461,0.507669,0.944294
1958,16.316667,0.018810,0.020388,0.854469,0.518761,-0.923979,0.442294,0.039119,-0.067466,-0.063533,0.645588,0.758042,-0.591632,0.533030,0.040179,0.013414,-0.004516,-0.798985,-0.601185,-0.767463,0.507716,0.944285
1959,16.325000,0.018865,0.020385,0.854458,0.518778,-0.923983,0.442293,0.039115,-0.067480,-0.063529,0.645596,0.758035,-0.591634,0.533031,0.040179,0.013407,-0.004533,-0.799041,-0.601110,-0.767475,0.507698,0.944291
1960,16.333333,0.018839,0.020405,0.854463,0.518769,-0.923979,0.442295,0.039114,-0.067495,-0.063564,0.645585,0.758040,-0.591638,0.533030,0.040179,0.013393,-0.004462,-0.799000,-0.601166,-0.767483,0.507740,0.944285
1961,16.341667,0.018854,0.020459,0.854473,0.518751,-0.923978,0.442297,0.039115,-0.067495,-0.063560,0.645602,0.758026,-0.591640,0.533029,0.040176,0.013376,-0.004537,-0.798931,-0.601257,-0.767489,0.507777,0.944285
1962,16.350000,0.018834,0.020453,0.854476,0.518746,-0.923973,0.442301,0.039114,-0.067469,-0.063512,0.645590,0.758042,-0.591637,0.533032,0.040178,0.013394,-0.004554,-0.798897,-0.601301,-0.767503,0.507797,0.944304
1963,16.358333,0.018804,0.020500,0.854481,0.518737,-0.923971,0.442306,0.039111,-0.067502,-0.063516,0.645589,0.758040,-0.591638,0.533031,0.040181,0.013246,-0.004570,-0.798894,-0.601309,-0.767513,0.507810,0.944299
1964,16.366667,0.018846,0.020514,0.854478,0.518741,-0.923970,0.442307,0.039116,-0.067531,-0.063533,0.645567,0.758054,-0.591639,0.533028,0.040180,0.013289,-0.004508,-0.798889,-0.601315,-0.767527,0.507826,0.944305
1965,16.375000,0.018951,0.020570,0.854475,0.518740,-0.923966,0.442305,0.039105,-0.067518,-0.063530,0.645567,0.758056,-0.591640,0.533032,0.040177,0.013295,-0.004518,-0.798880,-0.601327,-0.767514,0.507840,0.944295
1966,16.383333,0.018831,0.020563,0.854486,0.518726,-0.923972,0.442311,0.039110,-0.067553,-0.063548,0.645570,0.758048,-0.591638,0.533033,0.040177,0.013220,-0.004530,-0.798907,-0.601292,-0.767493,0.507838,0.944321
1967,16.391667,0.018915,0.020611,0.854483,0.518726,-0.923962,0.442305,0.039109,-0.067557,-0.063568,0.645570,0.758046,-0.591640,0.533031,0.040178,0.013194,-0.004501,-0.798898,-0.601306,-0.767471,0.507843,0.944295
1968,16.400000,0.018793,0.020581,0.854489,0.518722,-0.923969,0.442310,0.039113,-0.067549,-0.063553,0.645568,0.758050,-0.591640,0.533032,0.040179,0.013210,-0.004504,-0.798886,-0.601320,-0.767459,0.507846,0.944302
1969,16.408333,0.018835,0.020615,0.854482,0.518730,-0.923974,0.442311,0.039117,-0.067570,-0.063579,0.645574,0.758041,-0.591645,0.533034,0.040180,0.013156,-0.004472,-0.798868,-0.601345,-0.767459,0.507854,0.944299
1970,16.416667,0.018899,0.020656,0.854482,0.518726,-0.923973,0.442308,0.039112,-0.067566,-0.063558,0.645551,0.758063,-0.591641,0.533033,0.040177,0.013126,-0.004479,-0.798859,-0.601359,-0.767458,0.507859,0.944302
1971,16.425000,0.018991,0.020739,0.854483,0.518717,-0.923965,0.442310,0.039109,-0.067578,-0.063575,0.645548,0.758063,-0.591647,0.533036,0.040174,0.013136,-0.004463,-0.798841,-0.601383,-0.767443,0.507866,0.944310
1972,16.433333,0.018992,0.020733,0.854486,0.518712,-0.923962,0.442319,0.039111,-0.067563,-0.063530,0.645550,0.758066,-0.591646,0.533035,0.040176,0.013149,-0.004495,-0.798825,-0.601403,-0.767433,0.507868,0.944304
1973,16.441667,0.018890,0.020640,0.854481,0.518728,-0.923964,0.442321,0.039112,-0.067574,-0.063563,0.645545,0.758067,-0.591643,0.533039,0.040174,0.013103,-0.004445,-0.798838,-0.601387,-0.767433,0.507870,0.944314
1974,16.450000,0.018851,0.020640,0.854492,0.518711,-0.923965,0.442318,0.039110,-0.067549,-0.063580,0.645527,0.758083,-0.591645,0.533044,0.040174,0.013123,-0.004428,-0.798824,-0.601405,-0.767417,0.507872,0.944321
1975,16.458333,0.018979,0.020739,0.854488,0.518709,-0.923955,0.442320,0.039107,-0.067604,-0.063577,0.645550,0.758059,-0.591647,0.533037,0.040175,0.012832,-0.004292,-0.798838,-0.601394,-0.767390,0.507878,0.944285
1976,16.466667,0.018908,0.020663,0.854477,0.518735,-0.923967,0.442321,0.039109,-0.067619,-0.063554,0.645536,0.758071,-0.591647,0.533041,0.040178,0.013101,-0.004364,-0.798828,-0.601401,-0.767390,0.507879,0.944318
1977,16.475000,0.019020,0.020770,0.854474,0.518730,-0.923958,0.442321,0.039106,-0.067625,-0.063592,0.645541,0.758063,-0.591650,0.533042,0.040173,0.013077,-0.004356,-0.798827,-0.601403,-0.767372,0.507876,0.944319
1978,16.483333,0.018884,0.020730,0.854484,0.518721,-0.923961,0.442324,0.039114,-0.067625,-0.063584,0.645527,0.758076,-0.591645,0.533039,0.040176,0.013059,-0.004334,-0.798821,-0.601411,-0.767350,0.507883,0.944312
1979,16.491667,0.018914,0.020698,0.854470,0.518744,-0.923959,0.442320,0.039113,-0.067599,-0.063537,0.645556,0.758057,-0.591646,0.533041,0.040173,0.013076,-0.004297,-0.798812,-0.601423,-0.767342,0.507882,0.944312
1980,16.500000,0.018942,0.020709,0.854472,0.518739,-0.923966,0.442324,0.039109,-0.067616,-0.063564,0.645534,0.758072,-0.591646,0.533044,0.040175,0.013166,-0.004293,-0.798809,-0.601425,-0.767334,0.507879,0.944330
1981,16.508333,0.018954,0.020723,0.854468,0.518745,-0.923966,0.442324,0.039112,-0.067590,-0.063577,0.645535,0.758073,-0.591644,0.533042,0.040173,0.012827,-0.004153,-0.798824,-0.601414,-0.767296,0.507882,0.944284
1982,16.516667,0.018931,0.020721,0.854473,0.518736,-0.923960,0.442325,0.039112,-0.067581,-0.063561,0.645530,0.758079,-0.591640,0.533040,0.040170,0.012857,-0.004151,-0.798825,-0.601412,-0.767287,0.507873,0.944289
1983,16.525000,0.018945,0.020700,0.854463,0.518755,-0.923961,0.442321,0.039110,-0.067555,-0.063545,0.645535,0.758078,-0.591639,0.533043,0.040174,0.013121,-0.004221,-0.798810,-0.601426,-0.767285,0.507866,0.944321
1984,16.533333,0.018946,0.020725,0.854467,0.518746,-0.923961,0.442324,0.039112,-0.067565,-0.063543,0.645551,0.758064,-0.591639,0.533040,0.040173,0.013274,-0.004288,-0.798797,-0.601438,-0.767278,0.507829,0.944361
1985,16.541667,0.019053,0.020787,0.854459,0.518752,-0.923948,0.442324,0.039105,-0.067541,-0.063511,0.645555,0.758066,-0.591634,0.533037,0.040175,0.013185,-0.004220,-0.798780,-0.601463,-0.767255,0.507841,0.944322
1986,16.550000,0.019051,0.020770,0.854455,0.518761,-0.923946,0.442323,0.039110,-0.067502,-0.063476,0.645553,0.758074,-0.591637,0.533040,0.040174,0.013106,-0.004184,-0.798787,-0.601456,-0.767235,0.507805,0.944340
1987,16.558333,0.018990,0.020727,0.854465,0.518748,-0.923956,0.442323,0.039106,-0.067499,-0.063487,0.645563,0.758065,-0.591629,0.533039,0.040170,0.013128,-0.004238,-0.798769,-0.601480,-0.767220,0.507816,0.944303
1988,16.566667,0.018992,0.020694,0.854462,0.518753,-0.923958,0.442322,0.039110,-0.067512,-0.063490,0.645579,0.758049,-0.591632,0.533036,0.040175,0.013143,-0.004216,-0.798761,-0.601491,-0.767203,0.507771,0.944333
1989,16.575000,0.018960,0.020672,0.854455,0.518767,-0.923959,0.442318,0.039106,-0.067457,-0.063459,0.645570,0.758064,-0.591632,0.533035,0.040174,0.013128,-0.004216,-0.798762,-0.601489,-0.767191,0.507759,0.944336
1990,16.583333,0.019030,0.020696,0.854455,0.518765,-0.923963,0.442311,0.039105,-0.067456,-0.063456,0.645570,0.758065,-0.591631,0.533036,0.040171,0.013368,-0.004328,-0.798725,-0.601532,-0.767182,0.507741,0.944354
1991,16.591667,0.018994,0.020629,0.854450,0.518776,-0.923964,0.442315,0.039111,-0.067419,-0.063426,0.645584,0.758059,-0.591629,0.533034,0.040173,0.013233,-0.004238,-0.798729,-0.601531,-0.767157,0.507727,0.944338
1992,16.600000,0.018962,0.020610,0.854460,0.518762,-0.923972,0.442312,0.039121,-0.067447,-0.063446,0.645577,0.758061,-0.591629,0.533034,0.040169,0.013117,-0.004117,-0.798747,-0.601510,-0.767157,0.507703,0.944367
1993,16.608333,0.018963,0.020592,0.854443,0.518790,-0.923969,0.442309,0.039118,-0.067429,-0.063437,0.645598,0.758045,-0.591631,0.533032,0.040173,0.013254,-0.004262,-0.798739,-0.601516,-0.767139,0.507687,0.944344
1994,16.616667,0.018960,0.020495,0.854447,0.518788,-0.923967,0.442310,0.039120,-0.067408,-0.063437,0.645592,0.758052,-0.591629,0.533032,0.040169,0.013283,-0.004285,-0.798742,-0.601512,-0.767147,0.507667,0.944390
1995,16.625000,0.018957,0.020507,0.854462,0.518764,-0.923971,0.442306,0.039119,-0.067407,-0.063431,0.645605,0.758042,-0.591625,0.533033,0.040168,0.013244,-0.004312,-0.798759,-0.601490,-0.767147,0.507644,0.944390
1996,16.633333,0.018969,0.020520,0.854443,0.518793,-0.923973,0.442306,0.039117,-0.067388,-0.063477,0.645598,0.758045,-0.591627,0.533032,0.040167,0.013158,-0.004242,-0.798852,-0.601369,-0.767118,0.507578,0.944366
1997,16.641667,0.019009,0.020504,0.854446,0.518788,-0.923973,0.442304,0.039119,-0.067416,-0.063466,0.645598,0.758044,-0.591626,0.533026,0.040168,0.013110,-0.004254,-0.798846,-0.601377,-0.767109,0.507563,0.944362
1998,16.650000,0.018976,0.020555,0.854438,0.518800,-0.923974,0.442301,0.039119,-0.067381,-0.063450,0.645600,0.758047,-0.591623,0.533028,0.040171,0.013313,-0.004294,-0.798845,-0.601374,-0.767100,0.507495,0.944376
1999,16.658333,0.019151,0.020642,0.854439,0.518788,-0.923970,0.442297,0.039115,-0.067385,-0.063472,0.645602,0.758043,-0.591619,0.533030,0.040173,0.013063,-0.004141,-0.798908,-0.601297,-0.767110,0.507484,0.944361
2000,16.666667,0.019044,0.020524,0.854435,0.518803,-0.923974,0.442295,0.039123,-0.067353,-0.063484,0.645603,0.758044,-0.591619,0.533030,0.040172,0.013253,-0.004185,-0.798910,-0.601290,-0.767125,0.507444,0.944382
2001,16.675000,0.019036,0.020426,0.854446,0.518789,-0.923976,0.442293,0.039123,-0.067378,-0.063471,0.645610,0.758037,-0.591623,0.533025,0.040174,0.013254,-0.004195,-0.798923,-0.601272,-0.767135,0.507418,0.944387
2002,16.683333,0.019051,0.020410,0.854441,0.518798,-0.923981,0.442287,0.039127,-0.067334,-0.063493,0.645618,0.758031,-0.591625,0.533023,0.040173,0.013259,-0.004201,-0.798926,-0.601268,-0.767136,0.507398,0.944381
2003,16.691667,0.019167,0.020513,0.854452,0.518772,-0.923970,0.442287,0.039119,-0.067352,-0.063506,0.645615,0.758031,-0.591623,0.533021,0.040180,0.012922,-0.004132,-0.798991,-0.601190,-0.767112,0.507379,0.944354
2004,16.700000,0.019023,0.020394,0.854452,0.518782,-0.923976,0.442285,0.039125,-0.067352,-0.063481,0.645633,0.758018,-0.591626,0.533023,0.040176,0.012948,-0.004163,-0.799019,-0.601152,-0.767124,0.507350,0.944371
2005,16.708333,0.019006,0.020331,0.854460,0.518771,-0.923976,0.442287,0.039133,-0.067365,-0.063495,0.645626,0.758022,-0.591625,0.533023,0.040182,0.012925,-0.004162,-0.799016,-0.601156,-0.767115,0.507334,0.944359
2006,16.716667,0.019039,0.020419,0.854456,0.518772,-0.923978,0.442285,0.039129,-0.067393,-0.063552,0.645627,0.758014,-0.591626,0.533026,0.040175,0.012954,-0.004141,-0.799031,-0.601135,-0.767125,0.507311,0.944375
2007,16.725000,0.019054,0.020406,0.854440,0.518799,-0.923978,0.442287,0.039123,-0.067365,-0.063517,0.645610,0.758034,-0.591623,0.533026,0.040177,0.012948,-0.004151,-0.799037,-0.601129,-0.767135,0.507289,0.944377
2008,16.733333,0.019066,0.020445,0.854447,0.518786,-0.923980,0.442286,0.039124,-0.067415,-0.063589,0.645622,0.758013,-0.591627,0.533023,0.040178,0.012966,-0.004181,-0.799021,-0.601148,-0.767135,0.507264,0.944388
2009,16.741667,0.019072,0.020408,0.854447,0.518787,-0.923981,0.442286,0.039122,-0.067454,-0.063559,0.645630,0.758005,-0.591630,0.533021,0.040179,0.012914,-0.004147,-0.799015,-0.601158,-0.767134,0.507249,0.944385
2010,16.750000,0.019058,0.020380,0.854453,0.518779,-0.923981,0.442288,0.039126,-0.067394,-0.063552,0.645599,0.758038,-0.591623,0.533023,0.040178,0.012915,-0.004129,-0.798993,-0.601188,-0.767136,0.507234,0.944388
2011,16.758333,0.019067,0.020312,0.854457,0.518775,-0.923979,0.442284,0.039123,-0.067410,-0.063596,0.645604,0.758028,-0.591630,0.533020,0.040178,0.012917,-0.004107,-0.798979,-0.601207,-0.767136,0.507207,0.944390
2012,16.766667,0.019042,0.020333,0.854446,0.518792,-0.923982,0.442283,0.039124,-0.067375,-0.063546,0.645611,0.758029,-0.591625,0.533018,0.040175,0.012945,-0.004093,-0.798947,-0.601248,-0.767138,0.507186,0.944392
2013,16.775000,0.019021,0.020332,0.854454,0.518781,-0.923984,0.442285,0.039125,-0.067349,-0.063558,0.645609,0.758033,-0.591631,0.533017,0.040179,0.012908,-0.004088,-0.798908,-0.601301,-0.767137,0.507173,0.944384
2014,16.783333,0.019064,0.020302,0.854442,0.518800,-0.923984,0.442282,0.039122,-0.067354,-0.063548,0.645618,0.758026,-0.591626,0.533017,0.040181,0.012893,-0.004060,-0.798876,-0.601344,-0.767135,0.507166,0.944382
2015,16.791667,0.019028,0.020317,0.854445,0.518795,-0.923983,0.442279,0.039124,-0.067335,-0.063524,0.645613,0.758034,-0.591628,0.533014,0.040174,0.012907,-0.004094,-0.798827,-0.601408,-0.767145,0.507153,0.944388
2016,16.800000,0.019027,0.020367,0.854444,0.518796,-0.923984,0.442280,0.039120,-0.067384,-0.063540,0.645597,0.758041,-0.591625,0.533018,0.040170,0.013153,-0.004127,-0.798720,-0.601546,-0.767154,0.507146,0.944392
2017,16.808333,0.019037,0.020323,0.854440,0.518804,-0.923984,0.442283,0.039124,-0.067396,-0.063573,0.645598,0.758037,-0.591626,0.533012,0.040175,0.013144,-0.004121,-0.798684,-0.601593,-0.767164,0.507136,0.944399
2018,16.816667,0.019034,0.020312,0.854440,0.518805,-0.923981,0.442284,0.039120,-0.067328,-0.063549,0.645610,0.758035,-0.591628,0.533018,0.040174,0.013178,-0.004169,-0.798646,-0.601643,-0.767160,0.507125,0.944392
2019,16.825000,0.019018,0.020289,0.854441,0.518804,-0.923980,0.442283,0.039122,-0.067337,-0.063523,0.645587,0.758055,-0.591626,0.533013,0.040175,0.013171,-0.004176,-0.798599,-0.601704,-0.767150,0.507119,0.944396
2020,16.833333,0.019026,0.020299,0.854448,0.518792,-0.923976,0.442283,0.039115,-0.067372,-0.063557,0.645574,0.758061,-0.591621,0.533019,0.040174,0.013141,-0.004152,-0.798570,-0.601745,-0.767154,0.507111,0.944380
2021,16.841667,0.019045,0.020287,0.854445,0.518795,-0.923975,0.442284,0.039125,-0.067354,-0.063540,0.645582,0.758056,-0.591627,0.533018,0.040176,0.013203,-0.004144,-0.798558,-0.601759,-0.767149,0.507109,0.944388
2022,16.850000,0.019052,0.020332,0.854447,0.518791,-0.923977,0.442284,0.039115,-0.067327,-0.063482,0.645598,0.758050,-0.591622,0.533014,0.040173,0.013178,-0.004183,-0.798542,-0.601781,-0.767143,0.507098,0.944378
2023,16.858333,0.019049,0.020313,0.854457,0.518775,-0.923973,0.442284,0.039117,-0.067324,-0.063520,0.645591,0.758054,-0.591624,0.533016,0.040177,0.013185,-0.004155,-0.798538,-0.601786,-0.767138,0.507103,0.944381
2024,16.866667,0.019037,0.020286,0.854440,0.518805,-0.923975,0.442284,0.039118,-0.067333,-0.063532,0.645584,0.758058,-0.591624,0.533013,0.040174,0.013161,-0.004189,-0.798536,-0.601788,-0.767133,0.507093,0.944377
2025,16.875000,0.019073,0.020338,0.854441,0.518800,-0.923974,0.442283,0.039113,-0.067306,-0.063515,0.645578,0.758066,-0.591621,0.533016,0.040169,0.012822,-0.004111,-0.798589,-0.601726,-0.767097,0.507103,0.944353
2026,16.883333,0.019059,0.020325,0.854446,0.518793,-0.923975,0.442283,0.039112,-0.067337,-0.063535,0.645579,0.758061,-0.591623,0.533017,0.040169,0.013141,-0.004161,-0.798562,-0.601755,-0.767122,0.507100,0.944373
2027,16.891667,0.019031,0.020358,0.854446,0.518792,-0.923973,0.442282,0.039113,-0.067351,-0.063519,0.645579,0.758061,-0.591623,0.533018,0.040168,0.013136,-0.004150,-0.798574,-0.601739,-0.767122,0.507098,0.944376
2028,16.900000,0.019068,0.020406,0.854448,0.518786,-0.923972,0.442283,0.039114,-0.067333,-0.063487,0.645585,0.758061,-0.591617,0.533017,0.040169,0.012848,-0.004094,-0.798650,-0.601645,-0.767097,0.507109,0.944357
2029,16.908333,0.019049,0.020373,0.854455,0.518776,-0.923971,0.442284,0.039111,-0.067288,-0.063478,0.645592,0.758060,-0.591624,0.533019,0.040168,0.012889,-0.004132,-0.798690,-0.601590,-0.767094,0.507106,0.944369
2030,16.916667,0.019072,0.020399,0.854467,0.518755,-0.923967,0.442282,0.039118,-0.067333,-0.063497,0.645580,0.758064,-0.591615,0.533021,0.040172,0.013067,-0.004135,-0.798662,-0.601623,-0.767121,0.507116,0.944374
2031,16.925000,0.019194,0.020524,0.854463,0.518752,-0.923961,0.442285,0.039108,-0.067335,-0.063501,0.645589,0.758056,-0.591622,0.533016,0.040168,0.012816,-0.004074,-0.798727,-0.601543,-0.767102,0.507121,0.944360
2032,16.933333,0.019112,0.020494,0.854469,0.518747,-0.923964,0.442286,0.039112,-0.067329,-0.063488,0.645586,0.758060,-0.591620,0.533018,0.040172,0.012849,-0.004138,-0.798764,-0.601493,-0.767104,0.507117,0.944372
2033,16.941667,0.019097,0.020477,0.854467,0.518751,-0.923964,0.442284,0.039117,-0.067339,-0.063452,0.645589,0.758059,-0.591618,0.533018,0.040170,0.012870,-0.004124,-0.798779,-0.601472,-0.767102,0.507123,0.944370
2034,16.950000,0.019055,0.020496,0.854473,0.518742,-0.923965,0.442284,0.039118,-0.067351,-0.063517,0.645585,0.758056,-0.591620,0.533019,0.040173,0.012927,-0.004144,-0.798795,-0.601451,-0.767102,0.507125,0.944383
2035,16.958333,0.019074,0.020466,0.854471,0.518746,-0.923968,0.442282,0.039114,-0.067374,-0.063512,0.645591,0.758049,-0.591623,0.533022,0.040171,0.012823,-0.004117,-0.798821,-0.601418,-0.767103,0.507140,0.944366
2036,16.966667,0.019032,0.020506,0.854470,0.518746,-0.923962,0.442280,0.039111,-0.067374,-0.063489,0.645579,0.758061,-0.591620,0.533022,0.040170,0.012896,-0.004126,-0.798823,-0.601414,-0.767101,0.507138,0.944382
2037,16.975000,0.019093,0.020514,0.854479,0.518730,-0.923965,0.442288,0.039110,-0.067353,-0.063479,0.645580,0.758064,-0.591624,0.533025,0.040170,0.012878,-0.004139,-0.798832,-0.601402,-0.767102,0.507142,0.944382
2038,16.983333,0.019225,0.020651,0.854485,0.518708,-0.923952,0.442284,0.039104,-0.067394,-0.063542,0.645571,0.758062,-0.591626,0.533023,0.040168,0.012837,-0.004121,-0.798828,-0.601408,-0.767106,0.507153,0.944377
2039,16.991667,0.019157,0.020611,0.854493,0.518701,-0.923949,0.442290,0.039106,-0.067428,-0.063561,0.645576,0.758053,-0.591629,0.533022,0.040169,0.012809,-0.004130,-0.798804,-0.601440,-0.767107,0.507163,0.944372
2040,17.000000,0.019083,0.020568,0.854493,0.518704,-0.923955,0.442295,0.039117,-0.067466,-0.063543,0.645558,0.758068,-0.591629,0.533024,0.040168,0.012822,-0.004124,-0.798786,-0.601464,-0.767114,0.507164,0.944379
2041,17.008333,0.019183,0.020697,0.854492,0.518697,-0.923950,0.442292,0.039106,-0.067392,-0.063533,0.645552,0.758080,-0.591629,0.533026,0.040173,0.012784,-0.004100,-0.798781,-0.601472,-0.767115,0.507176,0.944374
2042,17.016667,0.019046,0.020621,0.854487,0.518714,-0.923957,0.442298,0.039109,-0.067429,-0.063550,0.645565,0.758064,-0.591631,0.533024,0.040177,0.012950,-0.004104,-0.798701,-0.601575,-0.767143,0.507194,0.944366
2043,17.025000,0.019042,0.020685,0.854488,0.518710,-0.923958,0.442298,0.039112,-0.067419,-0.063497,0.645561,0.758073,-0.591632,0.533026,0.040174,0.012960,-0.004096,-0.798665,-0.601622,-0.767144,0.507194,0.944362
2044,17.033333,0.018996,0.020653,0.854492,0.518706,-0.923956,0.442298,0.039118,-0.067458,-0.063550,0.645550,0.758074,-0.591631,0.533027,0.040174,0.012929,-0.004135,-0.798639,-0.601657,-0.767143,0.507201,0.944359
2045,17.041667,0.019012,0.020714,0.854489,0.518709,-0.923958,0.442295,0.039116,-0.067460,-0.063542,0.645547,0.758077,-0.591632,0.533028,0.040175,0.012912,-0.004125,-0.798608,-0.601700,-0.767151,0.507211,0.944357
2046,17.050000,0.018988,0.020694,0.854490,0.518709,-0.923960,0.442297,0.039117,-0.067421,-0.063541,0.645550,0.758078,-0.591634,0.533022,0.040174,0.012926,-0.004160,-0.798564,-0.601757,-0.767160,0.507213,0.944358
2047,17.058333,0.019134,0.020752,0.854492,0.518698,-0.923953,0.442297,0.039106,-0.067437,-0.063509,0.645546,0.758083,-0.591633,0.533028,0.040175,0.012928,-0.004151,-0.798535,-0.601795,-0.767161,0.507222,0.944361
2048,17.066667,0.019130,0.020779,0.854508,0.518670,-0.923949,0.442303,0.039103,-0.067442,-0.063496,0.645524,0.758102,-0.591633,0.533025,0.040173,0.012959,-0.004194,-0.798509,-0.601829,-0.767160,0.507228,0.944365
2049,17.075000,0.018986,0.020686,0.854514,0.518669,-0.923954,0.442306,0.039110,-0.067469,-0.063537,0.645548,0.758076,-0.591634,0.533024,0.040177,0.012955,-0.004198,-0.798490,-0.601854,-0.767173,0.507232,0.944374
2050,17.083333,0.018946,0.020740,0.854515,0.518667,-0.923954,0.442306,0.039112,-0.067437,-0.063513,0.645533,0.758093,-0.591636,0.533032,0.040176,0.012935,-0.004239,-0.798467,-0.601885,-0.767179,0.507244,0.944365
2051,17.091667,0.018975,0.020710,0.854515,0.518666,-0.923949,0.442309,0.039111,-0.067433,-0.063524,0.645530,0.758095,-0.591631,0.533035,0.040175,0.012967,-0.004261,-0.798457,-0.601897,-0.767190,0.507253,0.944375
2052,17.100000,0.018934,0.020742,0.854530,0.518642,-0.923949,0.442311,0.039110,-0.067490,-0.063531,0.645515,0.758102,-0.591631,0.533037,0.040178,0.012968,-0.004304,-0.798426,-0.601939,-0.767178,0.507251,0.944393
2053,17.108333,0.019027,0.020869,0.854526,0.518641,-0.923941,0.442311,0.039108,-0.067521,-0.063549,0.645538,0.758078,-0.591632,0.533034,0.040178,0.012944,-0.004300,-0.798439,-0.601921,-0.767199,0.507264,0.944372
2054,17.116667,0.018926,0.020816,0.854537,0.518629,-0.923950,0.442314,0.039107,-0.067543,-0.063575,0.645529,0.758082,-0.591634,0.533033,0.040177,0.012987,-0.004296,-0.798454,-0.601900,-0.767206,0.507274,0.944381
2055,17.125000,0.018951,0.020839,0.854539,0.518624,-0.923949,0.442314,0.039111,-0.067480,-0.063521,0.645537,0.758086,-0.591636,0.533032,0.040177,0.012952,-0.004274,-0.798461,-0.601892,-0.767211,0.507277,0.944380
2056,17.133333,0.018934,0.020819,0.854554,0.518600,-0.923945,0.442315,0.039111,-0.067498,-0.063541,0.645535,0.758084,-0.591636,0.533034,0.040174,0.012954,-0.004312,-0.798482,-0.601864,-0.767221,0.507286,0.944376
2057,17.141667,0.019050,0.020937,0.854544,0.518606,-0.923935,0.442315,0.039100,-0.067501,-0.063541,0.645519,0.758098,-0.591638,0.533034,0.040172,0.012985,-0.004348,-0.798500,-0.601839,-0.767226,0.507294,0.944381
2058,17.150000,0.018945,0.020924,0.854558,0.518588,-0.923941,0.442315,0.039108,-0.067485,-0.063493,0.645525,0.758098,-0.591639,0.533031,0.040174,0.012929,-0.004334,-0.798534,-0.601796,-0.767235,0.507300,0.944386
2059,17.158333,0.019078,0.021017,0.854561,0.518575,-0.923936,0.442315,0.039102,-0.067548,-0.063563,0.645533,0.758080,-0.591636,0.533034,0.040176,0.012931,-0.004328,-0.798558,-0.601763,-0.767243,0.507305,0.944387
2060,17.166667,0.018988,0.021054,0.854575,0.518554,-0.923939,0.442323,0.039105,-0.067556,-0.063550,0.645517,0.758093,-0.591642,0.533036,0.040177,0.012889,-0.004362,-0.798590,-0.601722,-0.767246,0.507310,0.944381
2061,17.175000,0.018917,0.021059,0.854594,0.518524,-0.923928,0.442328,0.039106,-0.067584,-0.063574,0.645516,0.758089,-0.591641,0.533038,0.040175,0.012864,-0.004352,-0.798637,-0.601660,-0.767252,0.507322,0.944388
2062,17.183333,0.018996,0.021173,0.854592,0.518520,-0.923934,0.442330,0.039104,-0.067566,-0.063517,0.645506,0.758104,-0.591642,0.533039,0.040175,0.012841,-0.004315,-0.798665,-0.601624,-0.767257,0.507324,0.944391
2063,17.191667,0.018942,0.021182,0.854613,0.518488,-0.923930,0.442336,0.039107,-0.067625,-0.063551,0.645503,0.758099,-0.591646,0.533044,0.040172,0.012792,-0.004293,-0.798700,-0.601578,-0.767259,0.507335,0.944386
2064,17.200000,0.018977,0.021199,0.854620,0.518473,-0.923933,0.442334,0.039105,-0.067595,-0.063538,0.645522,0.758086,-0.591648,0.533047,0.040168,0.012715,-0.004307,-0.798718,-0.601555,-0.767263,0.507336,0.944386
2065,17.208333,0.018947,0.021171,0.854628,0.518463,-0.923930,0.442338,0.039106,-0.067646,-0.063629,0.645520,0.758076,-0.591651,0.533047,0.040174,0.012680,-0.004263,-0.798747,-0.601519,-0.767273,0.507336,0.944394
2066,17.216667,0.019076,0.021298,0.854639,0.518434,-0.923920,0.442334,0.039104,-0.067659,-0.063580,0.645501,0.758095,-0.591647,0.533051,0.040177,0.012646,-0.004268,-0.798768,-0.601491,-0.767274,0.507338,0.944394
2067,17.225000,0.019067,0.021325,0.854635,0.518441,-0.923921,0.442340,0.039102,-0.067691,-0.063629,0.645502,0.758088,-0.591652,0.533049,0.040168,0.012588,-0.004212,-0.798794,-0.601458,-0.767273,0.507344,0.944393
2068,17.233333,0.018929,0.021244,0.854646,0.518430,-0.923924,0.442344,0.039108,-0.067713,-0.063636,0.645498,0.758088,-0.591654,0.533051,0.040173,0.012533,-0.004178,-0.798808,-0.601440,-0.767272,0.507342,0.944392
2069,17.241667,0.019073,0.021383,0.854650,0.518414,-0.923917,0.442339,0.039105,-0.067688,-0.063609,0.645508,0.758084,-0.591656,0.533051,0.040176,0.012513,-0.004158,-0.798818,-0.601429,-0.767272,0.507338,0.944398
2070,17.250000,0.019028,0.021401,0.854666,0.518387,-0.923916,0.442346,0.039102,-0.067713,-0.063603,0.645513,0.758078,-0.591659,0.533055,0.040170,0.012428,-0.004123,-0.798830,-0.601414,-0.767266,0.507335,0.944392
2071,17.258333,0.019005,0.021402,0.854668,0.518385,-0.923914,0.442347,0.039107,-0.067745,-0.063624,0.645521,0.758067,-0.591661,0.533056,0.040168,0.012414,-0.004105,-0.798827,-0.601418,-0.767265,0.507328,0.944402
2072,17.266667,0.018881,0.021373,0.854665,0.518396,-0.923921,0.442349,0.039112,-0.067731,-0.063589,0.645522,0.758070,-0.591661,0.533054,0.040172,0.012348,-0.004090,-0.798830,-0.601416,-0.767261,0.507328,0.944397
2073,17.275000,0.018920,0.021383,0.854656,0.518409,-0.923921,0.442351,0.039111,-0.067744,-0.063624,0.645526,0.758063,-0.591659,0.533056,0.040168,0.012305,-0.004038,-0.798822,-0.601428,-0.767254,0.507324,0.944398
2074,17.283333,0.018913,0.021389,0.854671,0.518384,-0.923923,0.442355,0.039114,-0.067719,-0.063626,0.645531,0.758060,-0.591664,0.533056,0.040169,0.012247,-0.004017,-0.798814,-0.601440,-0.767247,0.507320,0.944393
2075,17.291667,0.018969,0.021488,0.854665,0.518389,-0.923920,0.442358,0.039111,-0.067819,-0.063673,0.645501,0.758073,-0.591665,0.533062,0.040167,0.012156,-0.003961,-0.798801,-0.601460,-0.767244,0.507314,0.944389
2076,17.300000,0.018974,0.021473,0.854670,0.518380,-0.923918,0.442360,0.039106,-0.067806,-0.063711,0.645503,0.758070,-0.591664,0.533061,0.040169,0.011935,-0.003963,-0.798828,-0.601428,-0.767212,0.507305,0.944389
2077,17.308333,0.019053,0.021563,0.854668,0.518377,-0.923907,0.442360,0.039099,-0.067795,-0.063679,0.645498,0.758077,-0.591668,0.533062,0.040165,0.012142,-0.003948,-0.798751,-0.601526,-0.767229,0.507307,0.944389
2078,17.316667,0.018992,0.021542,0.854668,0.518380,-0.923913,0.442360,0.039101,-0.067806,-0.063662,0.645502,0.758074,-0.591665,0.533057,0.040170,0.012110,-0.003899,-0.798707,-0.601586,-0.767229,0.507299,0.944382
2079,17.325000,0.019106,0.021618,0.854672,0.518367,-0.923906,0.442361,0.039099,-0.067833,-0.063716,0.645491,0.758077,-0.591668,0.533056,0.040171,0.012056,-0.003878,-0.798679,-0.601624,-0.767214,0.507292,0.944379
2080,17.333333,0.019036,0.021554,0.854679,0.518359,-0.923902,0.442363,0.039096,-0.067805,-0.063671,0.645504,0.758072,-0.591667,0.533061,0.040170,0.012047,-0.003867,-0.798628,-0.601691,-0.767207,0.507290,0.944381
2081,17.341667,0.018931,0.021428,0.854677,0.518372,-0.923908,0.442364,0.039106,-0.067841,-0.063691,0.645496,0.758074,-0.591663,0.533062,0.040169,0.012007,-0.003849,-0.798581,-0.601755,-0.767196,0.507285,0.944379
2082,17.350000,0.019032,0.021497,0.854678,0.518364,-0.923905,0.442361,0.039100,-0.067853,-0.063681,0.645484,0.758084,-0.591666,0.533057,0.040177,0.011942,-0.003813,-0.798533,-0.601821,-0.767180,0.507279,0.944389
2083,17.358333,0.019041,0.021512,0.854682,0.518356,-0.923902,0.442363,0.039105,-0.067805,-0.063681,0.645501,0.758074,-0.591667,0.533055,0.040174,0.011906,-0.003771,-0.798497,-0.601869,-0.767178,0.507267,0.944395
2084,17.366667,0.019041,0.021510,0.854679,0.518362,-0.923904,0.442364,0.039107,-0.067791,-0.063649,0.645501,0.758078,-0.591662,0.533057,0.040168,0.011854,-0.003770,-0.798424,-0.601967,-0.767173,0.507285,0.944404
2085,17.375000,0.019049,0.021480,0.854676,0.518367,-0.923904,0.442364,0.039106,-0.067762,-0.063633,0.645499,0.758083,-0.591658,0.533059,0.040169,0.011846,-0.003746,-0.798427,-0.601964,-0.767156,0.507262,0.944390
2086,17.383333,0.019073,0.021495,0.854674,0.518369,-0.923904,0.442366,0.039103,-0.067749,-0.063623,0.645512,0.758074,-0.591658,0.533057,0.040164,0.011830,-0.003781,-0.798413,-0.601982,-0.767126,0.507234,0.944411
2087,17.391667,0.019009,0.021487,0.854674,0.518372,-0.923905,0.442365,0.039101,-0.067778,-0.063660,0.645508,0.758072,-0.591657,0.533059,0.040169,0.011882,-0.003760,-0.798429,-0.601960,-0.767137,0.507231,0.944405
2088,17.400000,0.019073,0.021527,0.854662,0.518388,-0.923905,0.442364,0.039100,-0.067750,-0.063614,0.645528,0.758061,-0.591656,0.533057,0.040167,0.011807,-0.003748,-0.798408,-0.601989,-0.767107,0.507208,0.944408
2089,17.408333,0.019002,0.021492,0.854680,0.518362,-0.923912,0.442368,0.039107,-0.067741,-0.063625,0.645525,0.758064,-0.591654,0.533057,0.040168,0.011674,-0.003806,-0.798486,-0.601888,-0.767077,0.507173,0.944423
2090,17.416667,0.019013,0.021466,0.854670,0.518378,-0.923913,0.442363,0.039108,-0.067705,-0.063602,0.645532,0.758063,-0.591659,0.533058,0.040170,0.011611,-0.003784,-0.798537,-0.601822,-0.767078,0.507167,0.944400
2091,17.425000,0.018986,0.021452,0.854671,0.518379,-0.923910,0.442362,0.039102,-0.067720,-0.063634,0.645537,0.758054,-0.591653,0.533059,0.040163,0.011553,-0.003793,-0.798594,-0.601747,-0.767063,0.507138,0.944397
2092,17.433333,0.019020,0.021439,0.854682,0.518360,-0.923910,0.442364,0.039103,-0.067711,-0.063609,0.645549,0.758047,-0.591654,0.533057,0.040163,0.011456,-0.003806,-0.798698,-0.601611,-0.767087,0.507093,0.944436
2093,17.441667,0.019058,0.021434,0.854672,0.518376,-0.923916,0.442359,0.039104,-0.067748,-0.063663,0.645561,0.758029,-0.591654,0.533054,0.040162,0.011300,-0.003824,-0.798805,-0.601472,-0.767104,0.507053,0.944442
2094,17.450000,0.019011,0.021319,0.854687,0.518358,-0.923910,0.442357,0.039111,-0.067699,-0.063648,0.645563,0.758034,-0.591654,0.533059,0.040165,0.011338,-0.003860,-0.798873,-0.601381,-0.767095,0.507040,0.944422
2095,17.458333,0.018998,0.021301,0.854683,0.518365,-0.923911,0.442355,0.039111,-0.067735,-0.063667,0.645569,0.758024,-0.591655,0.533056,0.040159,0.011484,-0.003908,-0.798992,-0.601219,-0.767094,0.507022,0.944483
2096,17.466667,0.019051,0.021333,0.854673,0.518378,-0.923917,0.442355,0.039112,-0.067665,-0.063615,0.645570,0.758033,-0.591655,0.533056,0.040157,0.011461,-0.003931,-0.799110,-0.601062,-0.767087,0.506995,0.944446
2097,17.475000,0.019131,0.021414,0.854678,0.518364,-0.923910,0.442349,0.039105,-0.067704,-0.063684,0.645594,0.758003,-0.591660,0.533054,0.040162,0.011624,-0.004015,-0.799256,-0.600865,-0.767053,0.506944,0.944417
2098,17.483333,0.019037,0.021327,0.854699,0.518336,-0.923917,0.442352,0.039106,-0.067713,-0.063679,0.645590,0.758006,-0.591657,0.533053,0.040164,0.011912,-0.003859,-0.799450,-0.600602,-0.767031,0.506848,0.944421
2099,17.491667,0.019068,0.021246,0.854702,0.518334,-0.923912,0.442351,0.039109,-0.067710,-0.063704,0.645624,0.757976,-0.591663,0.533050,0.040165,0.011910,-0.003862,-0.799585,-0.600422,-0.767019,0.506804,0.944415
2100,17.500000,0.019017,0.021171,0.854716,0.518316,-0.923911,0.442354,0.039108,-0.067744,-0.063758,0.645616,0.757975,-0.591662,0.533051,0.040161,0.011900,-0.003886,-0.799703,-0.600266,-0.766996,0.506767,0.944413
2101,17.508333,0.019059,0.021180,0.854717,0.518312,-0.923913,0.442344,0.039110,-0.067664,-0.063684,0.645652,0.757957,-0.591659,0.533044,0.040163,0.012053,-0.003861,-0.799791,-0.600145,-0.767008,0.506728,0.944455
2102,17.516667,0.019038,0.021132,0.854719,0.518312,-0.923921,0.442345,0.039110,-0.067664,-0.063707,0.645667,0.757943,-0.591664,0.533042,0.040161,0.011818,-0.003792,-0.799880,-0.600032,-0.767005,0.506715,0.944430
2103,17.525000,0.018994,0.021069,0.854707,0.518336,-0.923923,0.442339,0.039113,-0.067659,-0.063735,0.645667,0.757941,-0.591666,0.533046,0.040159,0.011778,-0.003996,-0.800070,-0.599778,-0.766964,0.506648,0.944441
2104,17.533333,0.018984,0.021103,0.854705,0.518337,-0.923926,0.442336,0.039121,-0.067673,-0.063699,0.645687,0.757926,-0.591664,0.533042,0.040167,0.011807,-0.004166,-0.800199,-0.599604,-0.766930,0.506607,0.944444
2105,17.541667,0.018947,0.021004,0.854707,0.518339,-0.923932,0.442334,0.039121,-0.067680,-0.063717,0.645694,0.757918,-0.591666,0.533038,0.040163,0.011976,-0.004172,-0.800419,-0.599306,-0.766900,0.506513,0.944454
2106,17.550000,0.018907,0.020998,0.854703,0.518348,-0.923936,0.442332,0.039123,-0.067681,-0.063734,0.645700,0.757910,-0.591664,0.533040,0.040162,0.011892,-0.004182,-0.800564,-0.599114,-0.766876,0.506466,0.944445
2107,17.558333,0.018933,0.020941,0.854690,0.518370,-0.923937,0.442331,0.039124,-0.067705,-0.063738,0.645710,0.757900,-0.591663,0.533041,0.040160,0.011927,-0.004151,-0.800655,-0.598993,-0.766857,0.506437,0.944442
2108,17.566667,0.018960,0.020944,0.854711,0.518335,-0.923937,0.442336,0.039122,-0.067662,-0.063703,0.645730,0.757889,-0.591666,0.533040,0.040163,0.011924,-0.004105,-0.800771,-0.598838,-0.766830,0.506379,0.944463
2109,17.575000,0.018948,0.020931,0.854700,0.518354,-0.923935,0.442331,0.039121,-0.067648,-0.063740,0.645745,0.757875,-0.591665,0.533039,0.040159,0.011905,-0.004189,-0.800890,-0.598679,-0.766802,0.506327,0.944478
2110,17.583333,0.018974,0.020886,0.854689,0.518373,-0.923937,0.442332,0.039121,-0.067634,-0.063688,0.645737,0.757887,-0.591663,0.533039,0.040161,0.011971,-0.004142,-0.800965,-0.598578,-0.766779,0.506293,0.944482
2111,17.591667,0.018936,0.020896,0.854702,0.518353,-0.923936,0.442332,0.039119,-0.067602,-0.063681,0.645743,0.757886,-0.591659,0.533037,0.040158,0.012081,-0.004083,-0.801032,-0.598486,-0.766754,0.506242,0.944491
2112,17.600000,0.018970,0.020910,0.854694,0.518364,-0.923940,0.442326,0.039125,-0.067570,-0.063661,0.645751,0.757883,-0.591659,0.533039,0.040166,0.012046,-0.004042,-0.801085,-0.598415,-0.766725,0.506202,0.944481
2113,17.608333,0.018950,0.020914,0.854679,0.518389,-0.923941,0.442326,0.039119,-0.067578,-0.063674,0.645761,0.757873,-0.591660,0.533039,0.040160,0.012021,-0.003961,-0.801243,-0.598205,-0.766719,0.506100,0.944517
2114,17.616667,0.018980,0.020902,0.854691,0.518368,-0.923940,0.442322,0.039119,-0.067584,-0.063678,0.645776,0.757860,-0.591658,0.533034,0.040157,0.012351,-0.004013,-0.801296,-0.598127,-0.766696,0.506015,0.944569
2115,17.625000,0.019033,0.020864,0.854697,0.518359,-0.923940,0.442326,0.039122,-0.067563,-0.063675,0.645774,0.757863,-0.591656,0.533034,0.040161,0.012361,-0.003996,-0.801315,-0.598101,-0.766661,0.505955,0.944578
2116,17.633333,0.019000,0.020874,0.854682,0.518384,-0.923939,0.442321,0.039116,-0.067570,-0.063679,0.645777,0.757859,-0.591652,0.533035,0.040159,0.012313,-0.003792,-0.801308,-0.598113,-0.766646,0.505887,0.944645
2117,17.641667,0.019022,0.020804,0.854669,0.518407,-0.923939,0.442326,0.039124,-0.067536,-0.063683,0.645770,0.757869,-0.591654,0.533035,0.040159,0.012181,-0.003721,-0.801205,-0.598254,-0.766574,0.505867,0.944617
2118,17.650000,0.018947,0.020760,0.854671,0.518409,-0.923938,0.442326,0.039117,-0.067497,-0.063715,0.645769,0.757870,-0.591651,0.533034,0.040155,0.012223,-0.003752,-0.801121,-0.598366,-0.766561,0.505808,0.944636
2119,17.658333,0.018998,0.020778,0.854661,0.518422,-0.923941,0.442327,0.039119,-0.067456,-0.063651,0.645761,0.757886,-0.591648,0.533033,0.040155,0.011950,-0.003579,-0.801058,-0.598457,-0.766505,0.505766,0.944586
2120,17.666667,0.019021,0.020797,0.854660,0.518423,-0.923940,0.442328,0.039119,-0.067500,-0.063697,0.645749,0.757888,-0.591651,0.533033,0.040158,0.011881,-0.003563,-0.800973,-0.598572,-0.766460,0.505705,0.944583
2121,17.675000,0.019133,0.020865,0.854649,0.518434,-0.923932,0.442327,0.039112,-0.067458,-0.063709,0.645752,0.757889,-0.591650,0.533033,0.040159,0.012028,-0.003580,-0.800854,-0.598729,-0.766412,0.505641,0.944598
2122,17.683333,0.019056,0.020794,0.854633,0.518466,-0.923944,0.442329,0.039114,-0.067444,-0.063685,0.645732,0.757909,-0.591645,0.533029,0.040150,0.012217,-0.003626,-0.800759,-0.598851,-0.766353,0.505549,0.944598
2123,17.691667,0.019001,0.020794,0.854620,0.518490,-0.923943,0.442331,0.039119,-0.067414,-0.063695,0.645725,0.757916,-0.591644,0.533028,0.040150,0.011913,-0.003175,-0.800556,-0.599131,-0.766248,0.505527,0.944492
2124,17.700000,0.018993,0.020763,0.854615,0.518500,-0.923941,0.442333,0.039122,-0.067379,-0.063661,0.645707,0.757938,-0.591637,0.533028,0.040146,0.011554,-0.002978,-0.800421,-0.599319,-0.766231,0.505446,0.944576
2125,17.708333,0.018969,0.020763,0.854606,0.518514,-0.923941,0.442328,0.039120,-0.067378,-0.063691,0.645710,0.757933,-0.591638,0.533023,0.040144,0.011826,-0.002587,-0.800312,-0.599462,-0.766173,0.505367,0.944578
2126,17.716667,0.018978,0.020795,0.854588,0.518543,-0.923942,0.442331,0.039121,-0.067343,-0.063697,0.645723,0.757925,-0.591644,0.533025,0.040146,0.011605,-0.002477,-0.800126,-0.599715,-0.766149,0.505335,0.944614
2127,17.725000,0.018977,0.020793,0.854568,0.518576,-0.923948,0.442330,0.039126,-0.067358,-0.063698,0.645715,0.757930,-0.591639,0.533020,0.040141,0.011336,-0.002341,-0.799951,-0.599954,-0.766050,0.505306,0.944582
2128,17.733333,0.018980,0.020806,0.854562,0.518585,-0.923946,0.442333,0.039126,-0.067307,-0.063610,0.645714,0.757943,-0.591634,0.533017,0.040145,0.011159,-0.002130,-0.799701,-0.600291,-0.765998,0.505303,0.944543
2129,17.741667,0.018969,0.020845,0.854551,0.518603,-0.923950,0.442334,0.039127,-0.067275,-0.063618,0.645733,0.757928,-0.591634,0.533010,0.040145,0.011195,-0.002177,-0.799429,-0.600653,-0.765946,0.505261,0.944559
2130,17.750000,0.019059,0.020863,0.854541,0.518615,-0.923939,0.442334,0.039121,-0.067253,-0.063620,0.645722,0.757940,-0.591629,0.533012,0.040145,0.011147,-0.002204,-0.799142,-0.601035,-0.765894,0.505208,0.944574
2131,17.758333,0.019076,0.020869,0.854534,0.518625,-0.923934,0.442338,0.039126,-0.067243,-0.063595,0.645690,0.757970,-0.591623,0.533011,0.040146,0.011351,-0.002181,-0.798854,-0.601414,-0.765866,0.505163,0.944572
2132,17.766667,0.018949,0.020779,0.854524,0.518651,-0.923939,0.442337,0.039124,-0.067223,-0.063636,0.645709,0.757952,-0.591622,0.533005,0.040139,0.010954,-0.002300,-0.798510,-0.601877,-0.765803,0.505143,0.944560
2133,17.775000,0.019092,0.020856,0.854500,0.518680,-0.923931,0.442339,0.039122,-0.067185,-0.063617,0.645701,0.757964,-0.591614,0.533002,0.040137,0.010933,-0.002400,-0.798249,-0.602223,-0.765714,0.505065,0.944548
2134,17.783333,0.018968,0.020801,0.854496,0.518694,-0.923934,0.442341,0.039130,-0.067153,-0.063590,0.645684,0.757983,-0.591607,0.533004,0.040141,0.011115,-0.002311,-0.797988,-0.602566,-0.765657,0.504995,0.944551
2135,17.791667,0.019095,0.020853,0.854486,0.518705,-0.923929,0.442340,0.039126,-0.067076,-0.063513,0.645708,0.757977,-0.591598,0.533001,0.040144,0.011056,-0.002268,-0.797539,-0.603161,-0.765466,0.504983,0.944539
2136,17.800000,0.019140,0.020906,0.854471,0.518725,-0.923929,0.442336,0.039124,-0.067057,-0.063534,0.645695,0.757987,-0.591597,0.532995,0.040136,0.011822,-0.002061,-0.797204,-0.603591,-0.765346,0.504909,0.944655
2137,17.808333,0.019140,0.020914,0.854469,0.518728,-0.923926,0.442336,0.039124,-0.066981,-0.063466,0.645699,0.757996,-0.591591,0.532994,0.040136,0.012085,-0.002396,-0.796774,-0.604152,-0.765266,0.504890,0.944642
2138,17.816667,0.019024,0.020785,0.854462,0.518750,-0.923932,0.442339,0.039128,-0.066915,-0.063420,0.645718,0.757990,-0.591586,0.532988,0.040136,0.012267,-0.002367,-0.796360,-0.604694,-0.765236,0.504836,0.944699
2139,17.825000,0.018989,0.020765,0.854434,0.518798,-0.923933,0.442339,0.039125,-0.066900,-0.063429,0.645732,0.757979,-0.591584,0.532981,0.040132,0.012285,-0.002398,-0.796047,-0.605105,-0.765168,0.504793,0.944686
2140,17.833333,0.019123,0.020843,0.854430,0.518795,-0.923930,0.442333,0.039121,-0.066858,-0.063408,0.645713,0.758000,-0.591575,0.532983,0.040137,0.012679,-0.002694,-0.795676,-0.605584,-0.765170,0.504776,0.944710
2141,17.841667,0.019199,0.020828,0.854417,0.518816,-0.923935,0.442335,0.039113,-0.066889,-0.063444,0.645701,0.758005,-0.591576,0.532979,0.040137,0.012560,-0.002740,-0.795355,-0.606007,-0.765056,0.504715,0.944677
2142,17.850000,0.019221,0.020798,0.854417,0.518816,-0.923932,0.442331,0.039120,-0.066827,-0.063449,0.645696,0.758014,-0.591570,0.532980,0.040132,0.012573,-0.002786,-0.795050,-0.606407,-0.764982,0.504692,0.944683
2143,17.858333,0.019295,0.020763,0.854402,0.518839,-0.923936,0.442329,0.039119,-0.066796,-0.063407,0.645689,0.758027,-0.591567,0.532975,0.040128,0.012653,-0.002795,-0.794761,-0.606784,-0.764937,0.504672,0.944681
2144,17.866667,0.019216,0.020779,0.854408,0.518831,-0.923928,0.442327,0.039114,-0.066779,-0.063374,0.645694,0.758026,-0.591558,0.532975,0.040128,0.012568,-0.002777,-0.794507,-0.607118,-0.764882,0.504647,0.944651
2145,17.875000,0.019298,0.020769,0.854379,0.518877,-0.923933,0.442323,0.039113,-0.066728,-0.063378,0.645686,0.758037,-0.591560,0.532971,0.040130,0.012610,-0.002752,-0.794277,-0.607419,-0.764834,0.504620,0.944635
2146,17.883333,0.019256,0.020756,0.854370,0.518894,-0.923930,0.442320,0.039116,-0.066683,-0.063353,0.645671,0.758056,-0.591560,0.532970,0.040125,0.012482,-0.002849,-0.794087,-0.607669,-0.764800,0.504578,0.944599
2147,17.891667,0.019223,0.020680,0.854382,0.518879,-0.923928,0.442314,0.039118,-0.066691,-0.063370,0.645679,0.758047,-0.591559,0.532966,0.040128,0.012629,-0.002710,-0.793944,-0.607853,-0.764763,0.504542,0.944546
2148,17.900000,0.019282,0.020794,0.854376,0.518882,-0.923929,0.442314,0.039110,-0.066625,-0.063361,0.645669,0.758062,-0.591558,0.532969,0.040124,0.012533,-0.002719,-0.793779,-0.608072,-0.764709,0.504500,0.944561
2149,17.908333,0.019334,0.020771,0.854382,0.518870,-0.923926,0.442313,0.039110,-0.066683,-0.063395,0.645658,0.758063,-0.591551,0.532970,0.040125,0.012434,-0.002527,-0.793589,-0.608322,-0.764637,0.504511,0.944488
2150,17.916667,0.019360,0.020804,0.854375,0.518879,-0.923924,0.442313,0.039103,-0.066675,-0.063374,0.645657,0.758067,-0.591556,0.532968,0.040123,0.012461,-0.002402,-0.793461,-0.608489,-0.764605,0.504463,0.944483
2151,17.925000,0.019329,0.020778,0.854374,0.518884,-0.923922,0.442311,0.039107,-0.066707,-0.063390,0.645648,0.758070,-0.591557,0.532969,0.040126,0.012515,-0.002487,-0.793354,-0.608626,-0.764573,0.504445,0.944485
2152,17.933333,0.019386,0.020823,0.854363,0.518897,-0.923924,0.442313,0.039101,-0.066675,-0.063376,0.645660,0.758064,-0.591553,0.532970,0.040128,0.012551,-0.002372,-0.793258,-0.608752,-0.764560,0.504409,0.944480
2153,17.941667,0.019391,0.020828,0.854365,0.518894,-0.923923,0.442316,0.039099,-0.066651,-0.063348,0.645673,0.758057,-0.591552,0.532972,0.040129,0.012508,-0.002271,-0.793211,-0.608814,-0.764539,0.504390,0.944469
2154,17.950000,0.019397,0.020806,0.854362,0.518899,-0.923927,0.442313,0.039100,-0.066651,-0.063308,0.645675,0.758059,-0.591554,0.532973,0.040128,0.012378,-0.002162,-0.793201,-0.608830,-0.764542,0.504361,0.944488
2155,17.958333,0.019415,0.020865,0.854360,0.518900,-0.923926,0.442310,0.039102,-0.066698,-0.063335,0.645675,0.758053,-0.591553,0.532980,0.040131,0.012381,-0.002197,-0.793209,-0.608819,-0.764555,0.504320,0.944524
2156,17.966667,0.019397,0.020810,0.854357,0.518907,-0.923928,0.442310,0.039101,-0.066672,-0.063352,0.645669,0.758058,-0.591558,0.532978,0.040130,0.012500,-0.002105,-0.793208,-0.608819,-0.764538,0.504312,0.944517
2157,17.975000,0.019367,0.020762,0.854366,0.518896,-0.923930,0.442308,0.039104,-0.066692,-0.063375,0.645688,0.758039,-0.591560,0.532979,0.040122,0.012535,-0.002042,-0.793229,-0.608791,-0.764534,0.504293,0.944523
2158,17.983333,0.019344,0.020756,0.854372,0.518886,-0.923930,0.442312,0.039104,-0.066742,-0.063376,0.645682,0.758039,-0.591557,0.532979,0.040132,0.012392,-0.002098,-0.793305,-0.608694,-0.764548,0.504241,0.944552
2159,17.991667,0.019312,0.020737,0.854367,0.518897,-0.923932,0.442311,0.039108,-0.066691,-0.063354,0.645699,0.758031,-0.591563,0.532979,0.040130,0.012198,-0.002130,-0.793393,-0.608583,-0.764564,0.504212,0.944569
2160,18.000000,0.019325,0.020743,0.854375,0.518882,-0.923927,0.442308,0.039106,-0.066695,-0.063372,0.645719,0.758012,-0.591566,0.532981,0.040130,0.012192,-0.002103,-0.793464,-0.608492,-0.764580,0.504196,0.944581
2161,18.008333,0.019347,0.020715,0.854381,0.518873,-0.923936,0.442310,0.039103,-0.066759,-0.063340,0.645720,0.758009,-0.591568,0.532989,0.040133,0.012190,-0.001977,-0.793522,-0.608417,-0.764592,0.504213,0.944569
2162,18.016667,0.019368,0.020698,0.854388,0.518862,-0.923932,0.442310,0.039097,-0.066767,-0.063374,0.645741,0.757987,-0.591570,0.532987,0.040133,0.011959,-0.001852,-0.793657,-0.608245,-0.764586,0.504174,0.944553
2163,18.025000,0.019373,0.020649,0.854386,0.518868,-0.923930,0.442305,0.039104,-0.066755,-0.063362,0.645736,0.757993,-0.591568,0.532994,0.040133,0.011937,-0.001875,-0.793786,-0.608078,-0.764602,0.504148,0.944576
2164,18.033333,0.019338,0.020638,0.854397,0.518851,-0.923933,0.442303,0.039102,-0.066768,-0.063377,0.645748,0.757981,-0.591567,0.532995,0.040135,0.011985,-0.001794,-0.793885,-0.607947,-0.764607,0.504126,0.944577
2165,18.041667,0.019379,0.020585,0.854396,0.518853,-0.923935,0.442304,0.039101,-0.066757,-0.063370,0.645747,0.757983,-0.591571,0.532991,0.040130,0.012078,-0.001696,-0.794051,-0.607729,-0.764605,0.504067,0.944552
2166,18.050000,0.019419,0.020585,0.854402,0.518841,-0.923934,0.442301,0.039100,-0.066774,-0.063385,0.645747,0.757981,-0.591570,0.532995,0.040127,0.011812,-0.001595,-0.794137,-0.607622,-0.764606,0.504062,0.944535
2167,18.058333,0.019402,0.020542,0.854407,0.518835,-0.923935,0.442305,0.039100,-0.066773,-0.063346,0.645759,0.757974,-0.591575,0.532996,0.040131,0.011907,-0.001464,-0.794270,-0.607447,-0.764660,0.504033,0.944500
2168,18.066667,0.019396,0.020462,0.854408,0.518838,-0.923939,0.442297,0.039101,-0.066800,-0.063391,0.645762,0.757965,-0.591581,0.532994,0.040132,0.011850,-0.001410,-0.794369,-0.607319,-0.764671,0.504021,0.944494
2169,18.075000,0.019374,0.020401,0.854411,0.518835,-0.923944,0.442292,0.039102,-0.066804,-0.063409,0.645764,0.757962,-0.591585,0.532996,0.040129,0.011715,-0.001332,-0.794446,-0.607220,-0.764686,0.504053,0.944452
2170,18.083333,0.019400,0.020376,0.854414,0.518831,-0.923946,0.442289,0.039098,-0.066778,-0.063373,0.645772,0.757959,-0.591581,0.532991,0.040132,0.011698,-0.001329,-0.794564,-0.607067,-0.764713,0.504011,0.944469
2171,18.091667,0.019394,0.020326,0.854406,0.518845,-0.923949,0.442283,0.039101,-0.066866,-0.063411,0.645777,0.757945,-0.591583,0.532990,0.040135,0.011674,-0.001327,-0.794672,-0.606925,-0.764730,0.503987,0.944461
2172,18.100000,0.019231,0.020185,0.854417,0.518839,-0.923963,0.442283,0.039108,-0.066802,-0.063411,0.645767,0.757959,-0.591584,0.532995,0.040128,0.011675,-0.001376,-0.794766,-0.606802,-0.764752,0.503938,0.944465
2173,18.108333,0.019184,0.020110,0.854421,0.518838,-0.923965,0.442278,0.039108,-0.066824,-0.063449,0.645772,0.757950,-0.591583,0.532994,0.040140,0.011621,-0.001344,-0.794891,-0.606640,-0.764782,0.503870,0.944452
2174,18.116667,0.019149,0.020007,0.854428,0.518832,-0.923965,0.442274,0.039108,-0.066835,-0.063435,0.645767,0.757954,-0.591585,0.532994,0.040136,0.011725,-0.001395,-0.794997,-0.606499,-0.764806,0.503822,0.944469
2175,18.125000,0.019232,0.020041,0.854427,0.518829,-0.923963,0.442268,0.039108,-0.066800,-0.063436,0.645777,0.757949,-0.591587,0.532995,0.040135,0.011745,-0.001429,-0.795067,-0.606406,-0.764844,0.503764,0.944498
2176,18.133333,0.019286,0.020102,0.854433,0.518814,-0.923968,0.442271,0.039109,-0.066801,-0.063439,0.645799,0.757929,-0.591587,0.532992,0.040137,0.012061,-0.001521,-0.795127,-0.606321,-0.764866,0.503631,0.944481
2177,18.141667,0.019108,0.019913,0.854426,0.518840,-0.923976,0.442265,0.039112,-0.066827,-0.063413,0.645792,0.757935,-0.591587,0.532994,0.040139,0.012177,-0.001664,-0.795175,-0.606256,-0.764903,0.503559,0.944490
2178,18.150000,0.019101,0.019854,0.854442,0.518815,-0.923980,0.442260,0.039106,-0.066833,-0.063435,0.645797,0.757929,-0.591588,0.532990,0.040140,0.012192,-0.001817,-0.795207,-0.606213,-0.764964,0.503488,0.944515
2179,18.158333,0.019143,0.019833,0.854453,0.518797,-0.923982,0.442259,0.039111,-0.066857,-0.063425,0.645806,0.757919,-0.591586,0.532991,0.040137,0.012604,-0.002287,-0.795301,-0.606079,-0.765015,0.503366,0.944487
2180,18.166667,0.019087,0.019819,0.854460,0.518788,-0.923989,0.442249,0.039115,-0.066787,-0.063391,0.645809,0.757926,-0.591583,0.532989,0.040142,0.012595,-0.002256,-0.795235,-0.606167,-0.765025,0.503349,0.944476
2181,18.175000,0.018986,0.019681,0.854458,0.518801,-0.923986,0.442253,0.039113,-0.066812,-0.063419,0.645810,0.757921,-0.591582,0.532991,0.040140,0.012829,-0.002475,-0.795241,-0.606152,-0.765092,0.503253,0.944488
2182,18.183333,0.019013,0.019686,0.854459,0.518797,-0.923992,0.442245,0.039116,-0.066795,-0.063409,0.645790,0.757940,-0.591578,0.532991,0.040141,0.012883,-0.002605,-0.795187,-0.606222,-0.765140,0.503198,0.944485
2183,18.191667,0.019035,0.019666,0.854454,0.518805,-0.923999,0.442244,0.039118,-0.066826,-0.063393,0.645796,0.757933,-0.591585,0.532995,0.040142,0.012941,-0.002773,-0.795145,-0.606275,-0.765180,0.503146,0.944503
2184,18.200000,0.018998,0.019644,0.854456,0.518805,-0.924002,0.442245,0.039119,-0.066810,-0.063372,0.645797,0.757936,-0.591587,0.532986,0.040148,0.012978,-0.002851,-0.795077,-0.606363,-0.765213,0.503108,0.944500
2185,18.208333,0.018994,0.019644,0.854457,0.518803,-0.924001,0.442247,0.039112,-0.066817,-0.063397,0.645780,0.757947,-0.591587,0.532986,0.040148,0.013077,-0.002881,-0.795016,-0.606441,-0.765242,0.503067,0.944508
2186,18.216667,0.019015,0.019708,0.854465,0.518786,-0.924002,0.442245,0.039112,-0.066787,-0.063402,0.645792,0.757939,-0.591587,0.532987,0.040145,0.013136,-0.002624,-0.794962,-0.606511,-0.765260,0.503059,0.944494
2187,18.225000,0.019000,0.019679,0.854469,0.518781,-0.923999,0.442246,0.039118,-0.066801,-0.063388,0.645773,0.757956,-0.591585,0.532985,0.040150,0.013355,-0.002846,-0.794858,-0.606642,-0.765282,0.503040,0.944484
2188,18.233333,0.019011,0.019696,0.854464,0.518789,-0.924003,0.442246,0.039122,-0.066762,-0.063338,0.645778,0.757960,-0.591584,0.532984,0.040151,0.013395,-0.002871,-0.794800,-0.606717,-0.765310,0.503012,0.944491
2189,18.241667,0.019038,0.019745,0.854462,0.518789,-0.924006,0.442245,0.039114,-0.066806,-0.063354,0.645753,0.757975,-0.591582,0.532989,0.040148,0.013313,-0.002804,-0.794746,-0.606790,-0.765358,0.502995,0.944490
2190,18.250000,0.019001,0.019817,0.854470,0.518775,-0.923999,0.442249,0.039124,-0.066826,-0.063364,0.645739,0.757985,-0.591583,0.532985,0.040151,0.013388,-0.002826,-0.794684,-0.606868,-0.765382,0.502975,0.944507
2191,18.258333,0.018999,0.019802,0.854475,0.518767,-0.924000,0.442247,0.039124,-0.066794,-0.063345,0.645755,0.757975,-0.591585,0.532984,0.040155,0.013266,-0.002925,-0.794630,-0.606942,-0.765404,0.502971,0.944503
2192,18.266667,0.018970,0.019849,0.854478,0.518762,-0.923997,0.442250,0.039121,-0.066787,-0.063341,0.645737,0.757992,-0.591586,0.532984,0.040160,0.013224,-0.002972,-0.794548,-0.607050,-0.765421,0.502970,0.944499
2193,18.275000,0.018975,0.019841,0.854475,0.518766,-0.923996,0.442255,0.039126,-0.066801,-0.063359,0.645717,0.758006,-0.591584,0.532978,0.040156,0.013376,-0.003084,-0.794375,-0.607273,-0.765430,0.502952,0.944478
2194,18.283333,0.019004,0.019904,0.854470,0.518772,-0.923995,0.442256,0.039120,-0.066821,-0.063339,0.645716,0.758006,-0.591584,0.532984,0.040153,0.013290,-0.003034,-0.794309,-0.607362,-0.765464,0.502956,0.944468
2195,18.291667,0.018954,0.019933,0.854477,0.518760,-0.923993,0.442260,0.039120,-0.066823,-0.063326,0.645729,0.757996,-0.591583,0.532985,0.040157,0.013360,-0.003191,-0.794221,-0.607474,-0.765451,0.502935,0.944496
2196,18.300000,0.018955,0.019980,0.854472,0.518767,-0.923990,0.442265,0.039122,-0.066872,-0.063378,0.645704,0.758009,-0.591580,0.532987,0.040161,0.013471,-0.003166,-0.794103,-0.607625,-0.765467,0.502943,0.944480
2197,18.308333,0.018993,0.020076,0.854456,0.518787,-0.923993,0.442267,0.039123,-0.066832,-0.063361,0.645697,0.758020,-0.591584,0.532989,0.040165,0.013373,-0.003311,-0.794065,-0.607677,-0.765483,0.502925,0.944495
2198,18.316667,0.018966,0.020149,0.854467,0.518768,-0.923989,0.442274,0.039121,-0.066849,-0.063321,0.645686,0.758031,-0.591583,0.532993,0.040160,0.013227,-0.003312,-0.793973,-0.607801,-0.765508,0.502939,0.944527
2199,18.325000,0.018983,0.020216,0.854462,0.518773,-0.923988,0.442275,0.039124,-0.066852,-0.063335,0.645682,0.758033,-0.591585,0.532996,0.040167,0.013172,-0.003418,-0.793842,-0.607972,-0.765539,0.502955,0.944537
2200,18.333333,0.018999,0.020266,0.854460,0.518774,-0.923986,0.442281,0.039119,-0.066863,-0.063286,0.645664,0.758052,-0.591586,0.532996,0.040162,0.013103,-0.003474,-0.793731,-0.608117,-0.765575,0.502984,0.944551
2201,18.341667,0.019012,0.020318,0.854450,0.518788,-0.923982,0.442282,0.039122,-0.066918,-0.063382,0.645650,0.758051,-0.591589,0.533003,0.040162,0.013125,-0.003500,-0.793610,-0.608275,-0.765601,0.503017,0.944551
2202,18.350000,0.019010,0.020371,0.854468,0.518757,-0.923979,0.442287,0.039121,-0.066854,-0.063330,0.645649,0.758061,-0.591590,0.533000,0.040162,0.013044,-0.003600,-0.793574,-0.608323,-0.765635,0.503010,0.944582
2203,18.358333,0.019016,0.020335,0.854475,0.518746,-0.923971,0.442291,0.039120,-0.066924,-0.063344,0.645639,0.758062,-0.591590,0.533003,0.040162,0.013099,-0.003354,-0.793456,-0.608477,-0.765546,0.503069,0.944596
2204,18.366667,0.018975,0.020343,0.854473,0.518751,-0.923965,0.442293,0.039124,-0.067006,-0.063381,0.645609,0.758078,-0.591593,0.533004,0.040162,0.013415,-0.003337,-0.793450,-0.608479,-0.765484,0.503049,0.944490
2205,18.375000,0.018948,0.020403,0.854467,0.518758,-0.923969,0.442291,0.039122,-0.066955,-0.063323,0.645642,0.758059,-0.591594,0.533009,0.040161,0.013587,-0.003326,-0.793400,-0.608540,-0.765494,0.503045,0.944512
2206,18.383333,0.019047,0.020513,0.854460,0.518764,-0.923963,0.442294,0.039122,-0.066997,-0.063358,0.645617,0.758074,-0.591590,0.533007,0.040161,0.013588,-0.003365,-0.793332,-0.608628,-0.765546,0.503064,0.944510
2207,18.391667,0.018960,0.020492,0.854460,0.518767,-0.923964,0.442299,0.039119,-0.067008,-0.063396,0.645623,0.758064,-0.591596,0.533013,0.040163,0.013549,-0.003379,-0.793219,-0.608776,-0.765548,0.503100,0.944514
2208,18.400000,0.018965,0.020508,0.854456,0.518773,-0.923966,0.442297,0.039120,-0.067015,-0.063380,0.645588,0.758095,-0.591598,0.533014,0.040165,0.013526,-0.003380,-0.793125,-0.608900,-0.765565,0.503129,0.944509
2209,18.408333,0.019061,0.020648,0.854460,0.518757,-0.923955,0.442307,0.039113,-0.067073,-0.063403,0.645580,0.758095,-0.591599,0.533013,0.040162,0.013326,-0.003271,-0.792998,-0.609070,-0.765578,0.503207,0.944533
2210,18.416667,0.019151,0.020632,0.854463,0.518749,-0.923950,0.442309,0.039107,-0.067072,-0.063376,0.645589,0.758089,-0.591598,0.533018,0.040168,0.013700,-0.003233,-0.792870,-0.609228,-0.765604,0.503249,0.944443
2211,18.425000,0.019162,0.020759,0.854474,0.518725,-0.923949,0.442315,0.039104,-0.067070,-0.063386,0.645567,0.758108,-0.591597,0.533024,0.040165,0.013797,-0.003279,-0.792765,-0.609363,-0.765653,0.503279,0.944464
2212,18.433333,0.019007,0.020628,0.854469,0.518744,-0.923949,0.442317,0.039108,-0.067082,-0.063418,0.645548,0.758120,-0.591599,0.533021,0.040167,0.013844,-0.003228,-0.792594,-0.609584,-0.765703,0.503344,0.944422
2213,18.441667,0.018962,0.020636,0.854470,0.518744,-0.923949,0.442318,0.039111,-0.067093,-0.063373,0.645543,0.758127,-0.591600,0.533020,0.040171,0.014036,-0.003403,-0.792405,-0.609825,-0.765825,0.503439,0.944522
2214,18.450000,0.018987,0.020636,0.854459,0.518761,-0.923953,0.442317,0.039107,-0.067076,-0.063377,0.645555,0.758118,-0.591601,0.533025,0.040167,0.014172,-0.003456,-0.792296,-0.609962,-0.765911,0.503466,0.944554
2215,18.458333,0.019001,0.020640,0.854454,0.518770,-0.923958,0.442318,0.039110,-0.067156,-0.063449,0.645531,0.758125,-0.591603,0.533023,0.040167,0.014041,-0.003383,-0.792232,-0.610049,-0.765938,0.503515,0.944532
2216,18.466667,0.018943,0.020723,0.854459,0.518760,-0.923957,0.442317,0.039107,-0.067152,-0.063418,0.645529,0.758130,-0.591604,0.533025,0.040168,0.014004,-0.003380,-0.792192,-0.610102,-0.765975,0.503563,0.944521
2217,18.475000,0.018974,0.020710,0.854456,0.518763,-0.923955,0.442319,0.039110,-0.067183,-0.063441,0.645525,0.758129,-0.591608,0.533026,0.040163,0.014142,-0.003510,-0.792139,-0.610167,-0.765985,0.503602,0.944484
2218,18.483333,0.019061,0.020780,0.854462,0.518748,-0.923948,0.442320,0.039101,-0.067181,-0.063437,0.645511,0.758141,-0.591609,0.533028,0.040166,0.014304,-0.003492,-0.792166,-0.610128,-0.766000,0.503592,0.944461
2219,18.491667,0.019060,0.020773,0.854452,0.518765,-0.923949,0.442323,0.039099,-0.067218,-0.063447,0.645515,0.758134,-0.591609,0.533028,0.040170,0.014399,-0.003556,-0.792166,-0.610126,-0.766041,0.503615,0.944458
2220,18.500000,0.018991,0.020715,0.854449,0.518775,-0.923957,0.442324,0.039101,-0.067196,-0.063436,0.645508,0.758143,-0.591609,0.533030,0.040166,0.014306,-0.003599,-0.792177,-0.610113,-0.766070,0.503647,0.944428
2221,18.508333,0.019013,0.020782,0.854450,0.518770,-0.923950,0.442323,0.039102,-0.067243,-0.063458,0.645503,0.758141,-0.591615,0.533031,0.040173,0.014350,-0.003686,-0.792170,-0.610121,-0.766103,0.503672,0.944428
2222,18.516667,0.018947,0.020752,0.854453,0.518768,-0.923959,0.442324,0.039107,-0.067259,-0.063475,0.645511,0.758131,-0.591619,0.533032,0.040168,0.014318,-0.003700,-0.792180,-0.610109,-0.766151,0.503698,0.944442
2223,18.525000,0.019037,0.020816,0.854452,0.518765,-0.923954,0.442325,0.039102,-0.067285,-0.063439,0.645525,0.758120,-0.591616,0.533036,0.040171,0.014296,-0.003770,-0.792189,-0.610097,-0.766213,0.503771,0.944432
2224,18.533333,0.018974,0.020747,0.854442,0.518785,-0.923957,0.442325,0.039107,-0.067234,-0.063419,0.645518,0.758132,-0.591621,0.533031,0.040174,0.014262,-0.003936,-0.792186,-0.610100,-0.766299,0.503831,0.944449
2225,18.541667,0.019014,0.020746,0.854445,0.518779,-0.923950,0.442324,0.039102,-0.067289,-0.063461,0.645521,0.758121,-0.591622,0.533036,0.040165,0.014183,-0.004078,-0.792332,-0.609912,-0.766363,0.503806,0.944450
2226,18.550000,0.018938,0.020683,0.854453,0.518771,-0.923962,0.442324,0.039104,-0.067299,-0.063481,0.645520,0.758119,-0.591628,0.533034,0.040171,0.014116,-0.003991,-0.792404,-0.609821,-0.766401,0.503844,0.944444
2227,18.558333,0.019051,0.020781,0.854453,0.518763,-0.923958,0.442319,0.039096,-0.067331,-0.063475,0.645522,0.758115,-0.591631,0.533036,0.040172,0.014094,-0.003983,-0.792449,-0.609762,-0.766466,0.503886,0.944451
2228,18.566667,0.019026,0.020711,0.854454,0.518766,-0.923966,0.442323,0.039100,-0.067320,-0.063492,0.645510,0.758125,-0.591630,0.533034,0.040170,0.013922,-0.003896,-0.792489,-0.609714,-0.766523,0.503941,0.944450
2229,18.575000,0.019056,0.020722,0.854458,0.518757,-0.923961,0.442323,0.039097,-0.067365,-0.063540,0.645512,0.758116,-0.591633,0.533037,0.040168,0.013981,-0.003813,-0.792699,-0.609441,-0.766553,0.503910,0.944449
2230,18.583333,0.018986,0.020643,0.854453,0.518771,-0.923969,0.442321,0.039096,-0.067381,-0.063544,0.645514,0.758112,-0.591632,0.533033,0.040167,0.013995,-0.003592,-0.792917,-0.609158,-0.766596,0.503914,0.944415
2231,18.591667,0.018994,0.020568,0.854455,0.518771,-0.923968,0.442320,0.039102,-0.067391,-0.063584,0.645504,0.758116,-0.591637,0.533033,0.040173,0.013920,-0.003497,-0.793087,-0.608939,-0.766716,0.503927,0.944454
2232,18.600000,0.018970,0.020516,0.854453,0.518777,-0.923969,0.442320,0.039100,-0.067431,-0.063604,0.645519,0.758098,-0.591636,0.533037,0.040168,0.013768,-0.003458,-0.793188,-0.608812,-0.766760,0.503951,0.944449
2233,18.608333,0.018957,0.020475,0.854448,0.518787,-0.923972,0.442317,0.039100,-0.067445,-0.063631,0.645523,0.758091,-0.591645,0.533035,0.040169,0.013645,-0.003345,-0.793314,-0.608651,-0.766795,0.503981,0.944449
2234,18.616667,0.018951,0.020429,0.854449,0.518787,-0.923978,0.442313,0.039098,-0.067456,-0.063614,0.645519,0.758095,-0.591646,0.533036,0.040168,0.013507,-0.003344,-0.793474,-0.608446,-0.766819,0.503965,0.944459
2235,18.625000,0.018905,0.020406,0.854461,0.518770,-0.923976,0.442314,0.039098,-0.067474,-0.063628,0.645525,0.758088,-0.591647,0.533040,0.040173,0.013325,-0.003317,-0.793603,-0.608280,-0.766836,0.503973,0.944436
2236,18.633333,0.018977,0.020372,0.854444,0.518797,-0.923979,0.442308,0.039102,-0.067485,-0.063618,0.645537,0.758077,-0.591648,0.533038,0.040173,0.013261,-0.003167,-0.793737,-0.608109,-0.766853,0.503975,0.944440
2237,18.641667,0.019026,0.020376,0.854449,0.518787,-0.923978,0.442304,0.039090,-0.067466,-0.063634,0.645548,0.758068,-0.591651,0.533037,0.040173,0.013194,-0.002968,-0.793872,-0.607934,-0.766874,0.503980,0.944437
2238,18.650000,0.018902,0.020237,0.854442,0.518808,-0.923986,0.442306,0.039092,-0.067436,-0.063623,0.645554,0.758067,-0.591651,0.533039,0.040175,0.013101,-0.002900,-0.794013,-0.607753,-0.766882,0.503969,0.944422
2239,18.658333,0.018909,0.020164,0.854438,0.518817,-0.923990,0.442303,0.039096,-0.067419,-0.063630,0.645560,0.758062,-0.591649,0.533036,0.040172,0.013082,-0.002793,-0.794158,-0.607564,-0.766894,0.503946,0.944427
2240,18.666667,0.018895,0.020106,0.854431,0.518831,-0.923999,0.442295,0.039100,-0.067464,-0.063622,0.645560,0.758059,-0.591650,0.533036,0.040171,0.013009,-0.002915,-0.794325,-0.607347,-0.766923,0.503902,0.944464
2241,18.675000,0.018889,0.020082,0.854424,0.518845,-0.924002,0.442290,0.039100,-0.067447,-0.063671,0.645569,0.758048,-0.591653,0.533037,0.040170,0.012945,-0.003038,-0.794474,-0.607152,-0.766961,0.503850,0.944499
2242,18.683333,0.018934,0.020057,0.854410,0.518867,-0.924009,0.442291,0.039101,-0.067422,-0.063644,0.645583,0.758041,-0.591652,0.533029,0.040174,0.012963,-0.003123,-0.794630,-0.606948,-0.766945,0.503812,0.944523
2243,18.691667,0.018903,0.019973,0.854425,0.518846,-0.924011,0.442284,0.039100,-0.067496,-0.063673,0.645608,0.758011,-0.591645,0.533033,0.040172,0.012973,-0.003140,-0.794731,-0.606815,-0.766948,0.503783,0.944524
2244,18.700000,0.018911,0.019910,0.854425,0.518849,-0.924014,0.442280,0.039100,-0.067478,-0.063694,0.645600,0.758017,-0.591648,0.533028,0.040172,0.012720,-0.002774,-0.794912,-0.606585,-0.766902,0.503760,0.944477
2245,18.708333,0.018909,0.019849,0.854414,0.518870,-0.924017,0.442273,0.039096,-0.067454,-0.063616,0.645619,0.758010,-0.591646,0.533027,0.040174,0.012640,-0.002802,-0.795064,-0.606387,-0.766897,0.503701,0.944465
2246,18.716667,0.018940,0.019835,0.854420,0.518859,-0.924019,0.442268,0.039099,-0.067386,-0.063626,0.645616,0.758018,-0.591646,0.533029,0.040174,0.012771,-0.002793,-0.795207,-0.606197,-0.766888,0.503661,0.944472
2247,18.725000,0.018910,0.019728,0.854420,0.518863,-0.924016,0.442264,0.039095,-0.067345,-0.063621,0.645628,0.758012,-0.591644,0.533023,0.040173,0.013070,-0.002867,-0.795398,-0.605940,-0.766866,0.503570,0.944469
2248,18.733333,0.018954,0.019709,0.854426,0.518853,-0.924020,0.442252,0.039101,-0.067397,-0.063611,0.645641,0.757997,-0.591636,0.533020,0.040165,0.013137,-0.003043,-0.795579,-0.605700,-0.766822,0.503468,0.944496
2249,18.741667,0.018934,0.019638,0.854433,0.518846,-0.924022,0.442249,0.039102,-0.067325,-0.063635,0.645662,0.757983,-0.591638,0.533020,0.040166,0.013129,-0.002953,-0.795694,-0.605550,-0.766793,0.503438,0.944483
2250,18.750000,0.018934,0.019582,0.854433,0.518847,-0.924020,0.442243,0.039098,-0.067295,-0.063578,0.645658,0.757994,-0.591635,0.533013,0.040170,0.013272,-0.003089,-0.795767,-0.605449,-0.766789,0.503371,0.944491
2251,18.758333,0.018949,0.019556,0.854433,0.518848,-0.924020,0.442240,0.039102,-0.067257,-0.063575,0.645701,0.757961,-0.591634,0.533012,0.040170,0.013311,-0.003188,-0.795829,-0.605367,-0.766774,0.503298,0.944521
2252,18.766667,0.018949,0.019552,0.854445,0.518828,-0.924022,0.442236,0.039106,-0.067206,-0.063539,0.645703,0.757967,-0.591631,0.533007,0.040169,0.013659,-0.003161,-0.795923,-0.605235,-0.766737,0.503188,0.944444
2253,18.775000,0.019004,0.019547,0.854466,0.518792,-0.924024,0.442234,0.039100,-0.067231,-0.063563,0.645720,0.757948,-0.591632,0.533008,0.040174,0.013721,-0.003223,-0.795957,-0.605189,-0.766705,0.503127,0.944437
2254,18.783333,0.019010,0.019529,0.854467,0.518791,-0.924021,0.442235,0.039096,-0.067181,-0.063527,0.645726,0.757950,-0.591627,0.533009,0.040175,0.013891,-0.003365,-0.795974,-0.605162,-0.766700,0.503058,0.944434
2255,18.791667,0.019008,0.019535,0.854460,0.518802,-0.924025,0.442233,0.039099,-0.067188,-0.063511,0.645736,0.757942,-0.591626,0.533009,0.040175,0.013802,-0.003387,-0.796008,-0.605119,-0.766669,0.502961,0.944411
2256,18.800000,0.018959,0.019488,0.854470,0.518789,-0.924021,0.442231,0.039105,-0.067108,-0.063508,0.645732,0.757953,-0.591624,0.533003,0.040176,0.013924,-0.003513,-0.795978,-0.605155,-0.766636,0.502913,0.944426
2257,18.808333,0.018960,0.019452,0.854465,0.518798,-0.924024,0.442227,0.039099,-0.067102,-0.063511,0.645764,0.757927,-0.591624,0.533001,0.040172,0.013865,-0.003564,-0.796019,-0.605102,-0.766619,0.502835,0.944403
2258,18.816667,0.018975,0.019477,0.854456,0.518811,-0.924028,0.442226,0.039098,-0.067102,-0.063478,0.645749,0.757942,-0.591617,0.533002,0.040176,0.013925,-0.003467,-0.796027,-0.605091,-0.766590,0.502764,0.944417
2259,18.825000,0.018892,0.019376,0.854457,0.518817,-0.924029,0.442225,0.039103,-0.067068,-0.063441,0.645754,0.757944,-0.591621,0.533001,0.040182,0.013860,-0.003315,-0.796068,-0.605039,-0.766586,0.502719,0.944424
2260,18.833333,0.018928,0.019424,0.854444,0.518835,-0.924033,0.442225,0.039103,-0.067038,-0.063439,0.645752,0.757948,-0.591617,0.533003,0.040174,0.013775,-0.003266,-0.796054,-0.605060,-0.766550,0.502684,0.944390
2261,18.841667,0.018936,0.019450,0.854446,0.518831,-0.924035,0.442225,0.039106,-0.067015,-0.063435,0.645758,0.757945,-0.591614,0.533000,0.040176,0.013586,-0.003503,-0.796000,-0.605134,-0.766533,0.502651,0.944395
2262,18.850000,0.018953,0.019457,0.854453,0.518819,-0.924037,0.442226,0.039105,-0.067034,-0.063440,0.645765,0.757938,-0.591615,0.532999,0.040180,0.013658,-0.003420,-0.795962,-0.605182,-0.766487,0.502619,0.944379
2263,18.858333,0.018959,0.019540,0.854453,0.518815,-0.924029,0.442230,0.039104,-0.066957,-0.063396,0.645766,0.757947,-0.591606,0.532997,0.040176,0.013451,-0.003465,-0.795977,-0.605168,-0.766449,0.502553,0.944391
2264,18.866667,0.018972,0.019538,0.854467,0.518792,-0.924025,0.442235,0.039104,-0.066967,-0.063383,0.645766,0.757947,-0.591605,0.533001,0.040177,0.013397,-0.003422,-0.795984,-0.605160,-0.766417,0.502502,0.944390
2265,18.875000,0.018974,0.019573,0.854473,0.518780,-0.924023,0.442235,0.039106,-0.066969,-0.063396,0.645778,0.757936,-0.591607,0.533000,0.040177,0.013386,-0.003429,-0.795983,-0.605161,-0.766377,0.502452,0.944384
2266,18.883333,0.018983,0.019597,0.854465,0.518793,-0.924019,0.442238,0.039103,-0.066906,-0.063340,0.645775,0.757949,-0.591610,0.532996,0.040177,0.013582,-0.003601,-0.796080,-0.605028,-0.766318,0.502343,0.944424
2267,18.891667,0.018995,0.019659,0.854474,0.518775,-0.924020,0.442241,0.039102,-0.066920,-0.063378,0.645767,0.757952,-0.591604,0.532999,0.040180,0.013849,-0.003503,-0.796213,-0.604848,-0.766258,0.502207,0.944465
2268,18.900000,0.019015,0.019664,0.854466,0.518787,-0.924016,0.442240,0.039106,-0.066921,-0.063373,0.645784,0.757937,-0.591606,0.532998,0.040179,0.014028,-0.003722,-0.796230,-0.604820,-0.766189,0.502111,0.944457
2269,18.908333,0.018974,0.019661,0.854480,0.518765,-0.924010,0.442242,0.039105,-0.066904,-0.063383,0.645773,0.757947,-0.591604,0.532996,0.040177,0.013723,-0.003297,-0.796183,-0.604891,-0.766159,0.502098,0.944432
2270,18.916667,0.019003,0.019719,0.854480,0.518761,-0.924011,0.442244,0.039104,-0.066924,-0.063362,0.645772,0.757948,-0.591605,0.532999,0.040179,0.013653,-0.003298,-0.796151,-0.604935,-0.766133,0.502075,0.944434
2271,18.925000,0.019033,0.019717,0.854488,0.518748,-0.924012,0.442249,0.039099,-0.066926,-0.063371,0.645756,0.757960,-0.591606,0.532996,0.040175,0.013668,-0.003344,-0.796123,-0.604971,-0.766091,0.502049,0.944437
2272,18.933333,0.019001,0.019717,0.854488,0.518748,-0.924009,0.442247,0.039101,-0.066903,-0.063382,0.645771,0.757949,-0.591605,0.532996,0.040174,0.013390,-0.003277,-0.796197,-0.604881,-0.766006,0.502028,0.944401
2273,18.941667,0.019023,0.019761,0.854493,0.518738,-0.924008,0.442247,0.039100,-0.066880,-0.063383,0.645777,0.757946,-0.591605,0.533000,0.040174,0.013426,-0.003283,-0.796197,-0.604880,-0.765952,0.502010,0.944395
2274,18.950000,0.019036,0.019775,0.854495,0.518734,-0.924002,0.442248,0.039101,-0.066850,-0.063332,0.645776,0.757954,-0.591604,0.532997,0.040175,0.013454,-0.003252,-0.796217,-0.604852,-0.765909,0.502002,0.944403
2275,18.958333,0.019058,0.019745,0.854487,0.518748,-0.924004,0.442251,0.039101,-0.066838,-0.063309,0.645796,0.757939,-0.591600,0.533001,0.040175,0.013448,-0.003234,-0.796234,-0.604830,-0.765861,0.501991,0.944407
2276,18.966667,0.019067,0.019800,0.854499,0.518726,-0.924001,0.442252,0.039104,-0.066824,-0.063342,0.645791,0.757942,-0.591597,0.533000,0.040170,0.013476,-0.003228,-0.796263,-0.604792,-0.765814,0.501989,0.944415
2277,18.975000,0.019063,0.019794,0.854499,0.518725,-0.923998,0.442251,0.039103,-0.066799,-0.063301,0.645798,0.757942,-0.591595,0.532998,0.040168,0.013533,-0.003163,-0.796298,-0.604744,-0.765750,0.501990,0.944447
2278,18.983333,0.019038,0.019826,0.854500,0.518724,-0.923997,0.442248,0.039105,-0.066810,-0.063321,0.645809,0.757929,-0.591591,0.532999,0.040169,0.013558,-0.003107,-0.796333,-0.604699,-0.765697,0.501989,0.944440
2279,18.991667,0.019044,0.019775,0.854502,0.518722,-0.923998,0.442248,0.039102,-0.066816,-0.063286,0.645808,0.757933,-0.591593,0.533001,0.040169,0.013490,-0.003151,-0.796392,-0.604622,-0.765647,0.501996,0.944429
2280,19.000000,0.019043,0.019794,0.854510,0.518709,-0.923994,0.442251,0.039109,-0.066797,-0.063280,0.645827,0.757919,-0.591591,0.533000,0.040174,0.013574,-0.003174,-0.796414,-0.604591,-0.765594,0.502015,0.944430
2281,19.008333,0.019095,0.019833,0.854495,0.518729,-0.923996,0.442249,0.039106,-0.066779,-0.063255,0.645827,0.757923,-0.591592,0.532994,0.040171,0.013554,-0.003109,-0.796433,-0.604567,-0.765556,0.501999,0.944431
2282,19.016667,0.019092,0.019875,0.854501,0.518717,-0.923995,0.442251,0.039107,-0.066755,-0.063212,0.645826,0.757929,-0.591589,0.532999,0.040177,0.013504,-0.003014,-0.796505,-0.604474,-0.765513,0.502059,0.944419
2283,19.025000,0.019123,0.019871,0.854495,0.518728,-0.923995,0.442248,0.039107,-0.066806,-0.063248,0.645832,0.757917,-0.591590,0.533001,0.040175,0.013486,-0.003027,-0.796557,-0.604405,-0.765446,0.502098,0.944382
2284,19.033333,0.019098,0.019907,0.854499,0.518720,-0.923992,0.442252,0.039109,-0.066752,-0.063247,0.645824,0.757929,-0.591589,0.533000,0.040178,0.013559,-0.003046,-0.796594,-0.604355,-0.765396,0.502100,0.944391
2285,19.041667,0.019099,0.019911,0.854508,0.518706,-0.923992,0.442251,0.039118,-0.066766,-0.063235,0.645820,0.757932,-0.591590,0.533001,0.040181,0.013348,-0.003069,-0.796692,-0.604231,-0.765331,0.502096,0.944393
2286,19.050000,0.019128,0.019952,0.854504,0.518710,-0.923988,0.442252,0.039121,-0.066759,-0.063224,0.645815,0.757937,-0.591586,0.533000,0.040178,0.013334,-0.003059,-0.796726,-0.604186,-0.765291,0.502113,0.944404
2287,19.058333,0.019109,0.019922,0.854505,0.518710,-0.923984,0.442252,0.039119,-0.066744,-0.063240,0.645831,0.757924,-0.591585,0.533001,0.040179,0.013291,-0.003084,-0.796750,-0.604156,-0.765266,0.502131,0.944398
2288,19.066667,0.019122,0.019917,0.854504,0.518711,-0.923976,0.442257,0.039116,-0.066762,-0.063246,0.645841,0.757913,-0.591586,0.533002,0.040178,0.013452,-0.002982,-0.796746,-0.604157,-0.765232,0.502152,0.944426
2289,19.075000,0.019167,0.019990,0.854502,0.518709,-0.923974,0.442255,0.039120,-0.066736,-0.063233,0.645827,0.757928,-0.591584,0.533004,0.040177,0.013485,-0.002963,-0.796757,-0.604142,-0.765207,0.502169,0.944429
2290,19.083333,0.019186,0.020054,0.854505,0.518701,-0.923977,0.442259,0.039112,-0.066713,-0.063209,0.645837,0.757924,-0.591583,0.533003,0.040168,0.013510,-0.002957,-0.796755,-0.604144,-0.765169,0.502191,0.944429
2291,19.091667,0.019202,0.020075,0.854501,0.518706,-0.923971,0.442259,0.039114,-0.066713,-0.063200,0.645841,0.757922,-0.591583,0.532999,0.040175,0.013606,-0.002915,-0.796734,-0.604170,-0.765141,0.502201,0.944446
2292,19.100000,0.019269,0.020076,0.854504,0.518699,-0.923968,0.442262,0.039113,-0.066749,-0.063234,0.645854,0.757904,-0.591589,0.532997,0.040175,0.013508,-0.002931,-0.796725,-0.604184,-0.765099,0.502206,0.944443
2293,19.108333,0.019255,0.020090,0.854504,0.518699,-0.923969,0.442261,0.039115,-0.066730,-0.063240,0.645840,0.757917,-0.591589,0.533000,0.040177,0.013511,-0.002889,-0.796710,-0.604204,-0.765073,0.502221,0.944441
2294,19.116667,0.019208,0.020026,0.854495,0.518717,-0.923969,0.442262,0.039115,-0.066745,-0.063256,0.645841,0.757914,-0.591590,0.533003,0.040173,0.013468,-0.002895,-0.796690,-0.604231,-0.765049,0.502231,0.944440
2295,19.125000,0.019324,0.020131,0.854480,0.518735,-0.923963,0.442263,0.039106,-0.066771,-0.063275,0.645829,0.757920,-0.591586,0.532999,0.040174,0.013445,-0.002908,-0.796675,-0.604251,-0.765027,0.502245,0.944432
2296,19.133333,0.019250,0.020095,0.854486,0.518729,-0.923971,0.442265,0.039115,-0.066738,-0.063252,0.645840,0.757916,-0.591590,0.533000,0.040170,0.013537,-0.002877,-0.796644,-0.604290,-0.765004,0.502251,0.944438
2297,19.141667,0.019347,0.020125,0.854482,0.518731,-0.923963,0.442262,0.039105,-0.066786,-0.063281,0.645830,0.757918,-0.591590,0.533002,0.040168,0.013478,-0.002852,-0.796657,-0.604274,-0.764972,0.502253,0.944419
2298,19.150000,0.019377,0.020131,0.854479,0.518734,-0.923962,0.442265,0.039100,-0.066742,-0.063259,0.645832,0.757921,-0.591588,0.533003,0.040164,0.013574,-0.002826,-0.796656,-0.604274,-0.764951,0.502254,0.944436
2299,19.158333,0.019372,0.020154,0.854475,0.518740,-0.923964,0.442267,0.039100,-0.066699,-0.063232,0.645849,0.757913,-0.591594,0.532997,0.040169,0.013461,-0.002857,-0.796656,-0.604277,-0.764937,0.502263,0.944418
2300,19.166667,0.019246,0.020037,0.854464,0.518768,-0.923972,0.442265,0.039103,-0.066720,-0.063256,0.645844,0.757913,-0.591592,0.532995,0.040168,0.013609,-0.002863,-0.796656,-0.604273,-0.764919,0.502267,0.944442
2301,19.175000,0.019261,0.020015,0.854466,0.518764,-0.923972,0.442266,0.039111,-0.066718,-0.063287,0.645841,0.757913,-0.591591,0.532998,0.040165,0.013530,-0.002875,-0.796675,-0.604249,-0.764906,0.502272,0.944422
2302,19.183333,0.019262,0.020012,0.854472,0.518755,-0.923976,0.442265,0.039109,-0.066716,-0.063262,0.645846,0.757912,-0.591592,0.532997,0.040163,0.013542,-0.002854,-0.796694,-0.604225,-0.764894,0.502278,0.944432
2303,19.191667,0.019260,0.019955,0.854456,0.518783,-0.923976,0.442263,0.039110,-0.066725,-0.063303,0.645847,0.757907,-0.591593,0.532998,0.040160,0.013613,-0.002848,-0.796712,-0.604200,-0.764878,0.502287,0.944432
2304,19.200000,0.019270,0.019970,0.854466,0.518766,-0.923980,0.442261,0.039106,-0.066738,-0.063293,0.645858,0.757897,-0.591594,0.532994,0.040162,0.013519,-0.002822,-0.796744,-0.604159,-0.764864,0.502293,0.944421
2305,19.208333,0.019258,0.019941,0.854445,0.518802,-0.923976,0.442262,0.039107,-0.066729,-0.063298,0.645842,0.757911,-0.591599,0.532997,0.040164,0.013598,-0.002826,-0.796764,-0.604131,-0.764854,0.502295,0.944429
2306,19.216667,0.019256,0.019974,0.854453,0.518787,-0.923977,0.442259,0.039107,-0.066783,-0.063337,0.645848,0.757898,-0.591598,0.532993,0.040158,0.013567,-0.002798,-0.796812,-0.604069,-0.764846,0.502299,0.944421
2307,19.225000,0.019450,0.020125,0.854445,0.518787,-0.923974,0.442259,0.039102,-0.066774,-0.063371,0.645863,0.757883,-0.591597,0.532995,0.040159,0.013520,-0.002798,-0.796860,-0.604006,-0.764832,0.502305,0.944412
2308,19.233333,0.019262,0.019901,0.854449,0.518797,-0.923977,0.442261,0.039105,-0.066695,-0.063301,0.645872,0.757888,-0.591597,0.532995,0.040157,0.013537,-0.002740,-0.796918,-0.603930,-0.764827,0.502310,0.944409
2309,19.241667,0.019210,0.019865,0.854455,0.518790,-0.923974,0.442260,0.039112,-0.066711,-0.063340,0.645876,0.757880,-0.591591,0.532990,0.040155,0.013486,-0.002811,-0.796966,-0.603867,-0.764819,0.502308,0.944405
2310,19.250000,0.019268,0.019915,0.854442,0.518807,-0.923978,0.442258,0.039108,-0.066723,-0.063303,0.645871,0.757886,-0.591593,0.532993,0.040155,0.013471,-0.002796,-0.797029,-0.603784,-0.764815,0.502308,0.944400
2311,19.258333,0.019246,0.019894,0.854458,0.518782,-0.923976,0.442257,0.039109,-0.066697,-0.063288,0.645883,0.757879,-0.591590,0.532995,0.040153,0.013525,-0.002768,-0.797103,-0.603686,-0.764816,0.502305,0.944404
2312,19.266667,0.019268,0.019896,0.854446,0.518801,-0.923982,0.442253,0.039114,-0.066722,-0.063298,0.645893,0.757868,-0.591593,0.532993,0.040155,0.013763,-0.002795,-0.797220,-0.603526,-0.764788,0.502252,0.944367
2313,19.275000,0.019227,0.019895,0.854460,0.518779,-0.923976,0.442251,0.039108,-0.066726,-0.063309,0.645903,0.757858,-0.591594,0.532993,0.040158,0.013843,-0.002798,-0.797287,-0.603435,-0.764779,0.502245,0.944375
2314,19.283333,0.019250,0.019869,0.854458,0.518783,-0.923979,0.442251,0.039108,-0.066696,-0.063283,0.645895,0.757870,-0.591590,0.532995,0.040154,0.014059,-0.002830,-0.797378,-0.603310,-0.764762,0.502204,0.944370
2315,19.291667,0.019236,0.019828,0.854468,0.518769,-0.923975,0.442254,0.039111,-0.066734,-0.063304,0.645897,0.757863,-0.591590,0.532997,0.040152,0.013765,-0.002891,-0.797476,-0.603186,-0.764762,0.502167,0.944404
2316,19.300000,0.019293,0.019852,0.854475,0.518755,-0.923976,0.442253,0.039116,-0.066689,-0.063283,0.645906,0.757861,-0.591588,0.532997,0.040151,0.014069,-0.002904,-0.797507,-0.603139,-0.764750,0.502168,0.944370
2317,19.308333,0.019263,0.019878,0.854468,0.518767,-0.923975,0.442250,0.039109,-0.066734,-0.063304,0.645924,0.757840,-0.591592,0.532997,0.040150,0.014113,-0.002931,-0.797546,-0.603085,-0.764735,0.502150,0.944373
2318,19.316667,0.019262,0.019902,0.854473,0.518757,-0.923975,0.442250,0.039109,-0.066697,-0.063278,0.645924,0.757846,-0.591594,0.532993,0.040157,0.013835,-0.002913,-0.797617,-0.602999,-0.764740,0.502113,0.944415
2319,19.325000,0.019248,0.019880,0.854478,0.518750,-0.923972,0.442249,0.039112,-0.066729,-0.063312,0.645940,0.757826,-0.591595,0.532996,0.040158,0.013830,-0.002912,-0.797656,-0.602948,-0.764736,0.502092,0.944421
2320,19.333333,0.019366,0.019988,0.854479,0.518739,-0.923965,0.442253,0.039103,-0.066732,-0.063298,0.645931,0.757835,-0.591588,0.533002,0.040155,0.013822,-0.002877,-0.797679,-0.602917,-0.764731,0.502080,0.944419
2321,19.341667,0.019233,0.019882,0.854475,0.518756,-0.923967,0.442254,0.039112,-0.066731,-0.063302,0.645917,0.757847,-0.591592,0.533003,0.040155,0.013612,-0.002963,-0.797735,-0.602848,-0.764746,0.502048,0.944435
2322,19.350000,0.019226,0.019915,0.854482,0.518743,-0.923972,0.442254,0.039112,-0.066717,-0.063303,0.645928,0.757838,-0.591591,0.532999,0.040152,0.013520,-0.002847,-0.797709,-0.602884,-0.764719,0.502070,0.944394
2323,19.358333,0.019208,0.019827,0.854477,0.518756,-0.923967,0.442254,0.039117,-0.066699,-0.063308,0.645945,0.757825,-0.591592,0.532998,0.040153,0.013369,-0.002858,-0.797741,-0.602845,-0.764713,0.502045,0.944402
2324,19.366667,0.019204,0.019885,0.854494,0.518725,-0.923968,0.442253,0.039113,-0.066714,-0.063318,0.645934,0.757832,-0.591588,0.532996,0.040159,0.013306,-0.002845,-0.797753,-0.602831,-0.764754,0.502029,0.944413
2325,19.375000,0.019269,0.019899,0.854480,0.518746,-0.923969,0.442257,0.039121,-0.066698,-0.063296,0.645942,0.757828,-0.591594,0.532995,0.040151,0.013341,-0.002856,-0.797764,-0.602815,-0.764748,0.502014,0.944428
2326,19.383333,0.019235,0.019945,0.854486,0.518735,-0.923974,0.442257,0.039115,-0.066705,-0.063305,0.645930,0.757837,-0.591593,0.532995,0.040149,0.013206,-0.002857,-0.797720,-0.602876,-0.764722,0.501986,0.944427
2327,19.391667,0.019216,0.019873,0.854477,0.518753,-0.923976,0.442258,0.039112,-0.066689,-0.063292,0.645931,0.757839,-0.591593,0.532995,0.040156,0.013135,-0.002810,-0.797709,-0.602893,-0.764715,0.501984,0.944387
2328,19.400000,0.019235,0.019918,0.854475,0.518753,-0.923976,0.442257,0.039117,-0.066689,-0.063311,0.645917,0.757850,-0.591591,0.532993,0.040148,0.012913,-0.002840,-0.797622,-0.603012,-0.764697,0.501984,0.944435
2329,19.408333,0.019203,0.019909,0.854481,0.518746,-0.923971,0.442259,0.039116,-0.066719,-0.063348,0.645921,0.757840,-0.591593,0.532994,0.040155,0.012955,-0.002866,-0.797588,-0.603056,-0.764699,0.501936,0.944465
2330,19.416667,0.019228,0.019947,0.854464,0.518771,-0.923973,0.442260,0.039119,-0.066694,-0.063327,0.645925,0.757840,-0.591594,0.532991,0.040153,0.012952,-0.002886,-0.797547,-0.603111,-0.764685,0.501911,0.944460
2331,19.425000,0.019248,0.019930,0.854474,0.518755,-0.923973,0.442259,0.039113,-0.066674,-0.063297,0.645940,0.757832,-0.591590,0.532994,0.040146,0.012926,-0.002940,-0.797499,-0.603175,-0.764674,0.501884,0.944453
2332,19.433333,0.019201,0.019965,0.854468,0.518765,-0.923973,0.442260,0.039116,-0.066649,-0.063292,0.645916,0.757855,-0.591592,0.532987,0.040146,0.012960,-0.002981,-0.797448,-0.603241,-0.764667,0.501859,0.944460
2333,19.441667,0.019222,0.019975,0.854468,0.518764,-0.923972,0.442259,0.039117,-0.066670,-0.063328,0.645907,0.757858,-0.591588,0.532990,0.040146,0.012882,-0.002944,-0.797388,-0.603322,-0.764677,0.501851,0.944456
2334,19.450000,0.019174,0.019961,0.854469,0.518764,-0.923969,0.442261,0.039123,-0.066638,-0.063333,0.645919,0.757850,-0.591590,0.532986,0.040148,0.012910,-0.002997,-0.797358,-0.603361,-0.764661,0.501830,0.944455
2335,19.458333,0.019180,0.019967,0.854459,0.518781,-0.923970,0.442262,0.039122,-0.066639,-0.063284,0.645913,0.757860,-0.591589,0.532990,0.040150,0.012884,-0.002982,-0.797319,-0.603413,-0.764650,0.501817,0.944450
2336,19.466667,0.019171,0.019945,0.854461,0.518779,-0.923966,0.442264,0.039124,-0.066624,-0.063281,0.645907,0.757866,-0.591586,0.532992,0.040144,0.013227,-0.003305,-0.797268,-0.603472,-0.764671,0.501711,0.944550
2337,19.475000,0.019151,0.019934,0.854468,0.518767,-0.923966,0.442264,0.039124,-0.066677,-0.063294,0.645904,0.757862,-0.591586,0.532989,0.040149,0.013227,-0.003329,-0.797199,-0.603563,-0.764678,0.501681,0.944555
2338,19.483333,0.019190,0.019988,0.854458,0.518781,-0.923968,0.442265,0.039121,-0.066674,-0.063353,0.645892,0.757869,-0.591588,0.532987,0.040149,0.013264,-0.003375,-0.797137,-0.603643,-0.764681,0.501662,0.944562
2339,19.491667,0.019306,0.020074,0.854457,0.518775,-0.923961,0.442267,0.039114,-0.066701,-0.063372,0.645894,0.757863,-0.591589,0.532988,0.040140,0.013243,-0.003344,-0.797072,-0.603730,-0.764700,0.501663,0.944568
2340,19.500000,0.019167,0.019933,0.854457,0.518785,-0.923963,0.442264,0.039122,-0.066706,-0.063410,0.645891,0.757861,-0.591584,0.532990,0.040142,0.012998,-0.003279,-0.797002,-0.603828,-0.764694,0.501678,0.944525
2341,19.508333,0.019153,0.019913,0.854465,0.518774,-0.923964,0.442262,0.039126,-0.066701,-0.063379,0.645909,0.757850,-0.591589,0.532989,0.040142,0.013045,-0.003411,-0.797020,-0.603803,-0.764655,0.501617,0.944535
2342,19.516667,0.019150,0.019924,0.854467,0.518770,-0.923965,0.442267,0.039120,-0.066671,-0.063379,0.645889,0.757869,-0.591591,0.532985,0.040145,0.013066,-0.003324,-0.796991,-0.603841,-0.764668,0.501604,0.944550
2343,19.525000,0.019134,0.019941,0.854475,0.518757,-0.923963,0.442267,0.039124,-0.066723,-0.063417,0.645874,0.757874,-0.591587,0.532989,0.040145,0.012963,-0.003310,-0.796943,-0.603906,-0.764697,0.501643,0.944523
2344,19.533333,0.019140,0.019913,0.854470,0.518767,-0.923965,0.442264,0.039127,-0.066684,-0.063395,0.645895,0.757861,-0.591588,0.532985,0.040141,0.012804,-0.003278,-0.796924,-0.603935,-0.764675,0.501619,0.944514
2345,19.541667,0.019181,0.019953,0.854468,0.518767,-0.923965,0.442267,0.039124,-0.066714,-0.063441,0.645889,0.757860,-0.591594,0.532987,0.040143,0.012560,-0.003173,-0.796874,-0.604007,-0.764704,0.501673,0.944514
2346,19.550000,0.019336,0.020105,0.854472,0.518748,-0.923954,0.442266,0.039114,-0.066700,-0.063389,0.645876,0.757876,-0.591592,0.532986,0.040136,0.012597,-0.003181,-0.796919,-0.603947,-0.764685,0.501637,0.944501
2347,19.558333,0.019184,0.020011,0.854483,0.518739,-0.923955,0.442270,0.039123,-0.066715,-0.063422,0.645883,0.757867,-0.591589,0.532989,0.040138,0.012220,-0.002831,-0.796964,-0.603897,-0.764672,0.501702,0.944433
2348,19.566667,0.019177,0.020001,0.854484,0.518738,-0.923957,0.442274,0.039122,-0.066721,-0.063425,0.645879,0.757870,-0.591594,0.532986,0.040142,0.012005,-0.002760,-0.796967,-0.603898,-0.764683,0.501723,0.944454
2349,19.575000,0.019178,0.020011,0.854498,0.518715,-0.923954,0.442274,0.039124,-0.066718,-0.063429,0.645872,0.757875,-0.591590,0.532989,0.040138,0.012263,-0.002688,-0.797051,-0.603782,-0.764687,0.501693,0.944478
2350,19.583333,0.019210,0.020042,0.854487,0.518730,-0.923955,0.442275,0.039121,-0.066714,-0.063383,0.645877,0.757875,-0.591593,0.532987,0.040143,0.012171,-0.002589,-0.797072,-0.603756,-0.764707,0.501711,0.944518
2351,19.591667,0.019220,0.020068,0.854491,0.518723,-0.923957,0.442275,0.039124,-0.066748,-0.063448,0.645863,0.757879,-0.591596,0.532993,0.040136,0.012074,-0.002504,-0.797085,-0.603741,-0.764721,0.501732,0.944508
2352,19.600000,0.019149,0.020070,0.854499,0.518711,-0.923952,0.442279,0.039123,-0.066733,-0.063434,0.645855,0.757888,-0.591596,0.532996,0.040138,0.011971,-0.002505,-0.797081,-0.603749,-0.764745,0.501752,0.944515
2353,19.608333,0.019200,0.020071,0.854492,0.518721,-0.923955,0.442276,0.039123,-0.066809,-0.063455,0.645858,0.757877,-0.591598,0.532994,0.040138,0.011875,-0.002397,-0.797103,-0.603722,-0.764769,0.501765,0.944524
2354,19.616667,0.019333,0.020186,0.854500,0.518698,-0.923945,0.442282,0.039115,-0.066773,-0.063462,0.645861,0.757877,-0.591595,0.532996,0.040138,0.011868,-0.002383,-0.797177,-0.603625,-0.764778,0.501743,0.944564
2355,19.625000,0.019231,0.020105,0.854510,0.518690,-0.923948,0.442284,0.039121,-0.066775,-0.063416,0.645854,0.757887,-0.591599,0.532997,0.040142,0.012081,-0.002336,-0.797270,-0.603498,-0.764793,0.501735,0.944531
2356,19.633333,0.019360,0.020261,0.854503,0.518690,-0.923942,0.442283,0.039116,-0.066784,-0.063428,0.645857,0.757882,-0.591598,0.532994,0.040137,0.011941,-0.002242,-0.797288,-0.603477,-0.764835,0.501756,0.944557
2357,19.641667,0.019250,0.020210,0.854508,0.518688,-0.923947,0.442285,0.039120,-0.066784,-0.063426,0.645863,0.757877,-0.591600,0.532994,0.040137,0.011947,-0.002213,-0.797324,-0.603430,-0.764849,0.501760,0.944525
2358,19.650000,0.019390,0.020345,0.854509,0.518676,-0.923939,0.442282,0.039106,-0.066791,-0.063434,0.645851,0.757886,-0.591600,0.532996,0.040137,0.011923,-0.002226,-0.797346,-0.603401,-0.764871,0.501765,0.944520
2359,19.658333,0.019283,0.020266,0.854519,0.518667,-0.923941,0.442285,0.039115,-0.066833,-0.063453,0.645857,0.757876,-0.591602,0.532998,0.040137,0.011788,-0.002222,-0.797378,-0.603361,-0.764872,0.501753,0.944519
2360,19.666667,0.019402,0.020328,0.854523,0.518653,-0.923935,0.442287,0.039107,-0.066868,-0.063472,0.645831,0.757893,-0.591602,0.532998,0.040137,0.011585,-0.002142,-0.797415,-0.603316,-0.764901,0.501762,0.944550
2361,19.675000,0.019244,0.020212,0.854520,0.518668,-0.923943,0.442289,0.039112,-0.066870,-0.063465,0.645854,0.757874,-0.591607,0.532996,0.040141,0.011479,-0.002108,-0.797474,-0.603241,-0.764929,0.501762,0.944549
2362,19.683333,0.019245,0.020238,0.854516,0.518674,-0.923948,0.442290,0.039117,-0.066873,-0.063472,0.645860,0.757868,-0.591610,0.533003,0.040139,0.011351,-0.002083,-0.797533,-0.603165,-0.764963,0.501742,0.944555
2363,19.691667,0.019222,0.020196,0.854504,0.518696,-0.923950,0.442292,0.039118,-0.066899,-0.063468,0.645863,0.757863,-0.591612,0.533004,0.040137,0.011475,-0.002088,-0.797603,-0.603070,-0.764975,0.501709,0.944547
2364,19.700000,0.019226,0.020231,0.854510,0.518685,-0.923952,0.442290,0.039123,-0.066883,-0.063474,0.645857,0.757870,-0.591611,0.533003,0.040142,0.011474,-0.002071,-0.797636,-0.603027,-0.764985,0.501694,0.944543
2365,19.708333,0.019354,0.020355,0.854520,0.518659,-0.923945,0.442289,0.039112,-0.066926,-0.063510,0.645846,0.757872,-0.591614,0.533002,0.040143,0.011452,-0.002042,-0.797794,-0.602817,-0.764996,0.501645,0.944525
2366,19.716667,0.019191,0.020177,0.854517,0.518676,-0.923951,0.442292,0.039113,-0.066956,-0.063556,0.645843,0.757868,-0.591617,0.533006,0.040140,0.011452,-0.002046,-0.797853,-0.602740,-0.764993,0.501615,0.944520
2367,19.725000,0.019311,0.020286,0.854517,0.518667,-0.923945,0.442289,0.039111,-0.066943,-0.063530,0.645853,0.757863,-0.591616,0.533006,0.040139,0.011827,-0.002271,-0.797881,-0.602694,-0.765042,0.501530,0.944602
2368,19.733333,0.019173,0.020125,0.854521,0.518672,-0.923949,0.442290,0.039116,-0.066973,-0.063554,0.645853,0.757858,-0.591616,0.533003,0.040141,0.011915,-0.002269,-0.797875,-0.602701,-0.765067,0.501501,0.944624
2369,19.741667,0.019182,0.020106,0.854521,0.518673,-0.923956,0.442290,0.039120,-0.066999,-0.063588,0.645846,0.757859,-0.591616,0.533002,0.040135,0.011676,-0.002353,-0.797892,-0.602683,-0.765138,0.501457,0.944627
2370,19.750000,0.019170,0.020112,0.854514,0.518684,-0.923960,0.442286,0.039122,-0.066926,-0.063585,0.645836,0.757874,-0.591618,0.533003,0.040134,0.011699,-0.002395,-0.797808,-0.602794,-0.765163,0.501486,0.944578
2371,19.758333,0.019265,0.020160,0.854525,0.518661,-0.923958,0.442284,0.039120,-0.066986,-0.063569,0.645852,0.757857,-0.591619,0.533002,0.040139,0.011733,-0.002348,-0.797846,-0.602742,-0.765176,0.501375,0.944536
2372,19.766667,0.019163,0.020031,0.854519,0.518680,-0.923968,0.442281,0.039123,-0.066986,-0.063591,0.645845,0.757861,-0.591619,0.533001,0.040136,0.011726,-0.002440,-0.797780,-0.602830,-0.765211,0.501348,0.944522
2373,19.775000,0.019080,0.019970,0.854520,0.518684,-0.923970,0.442276,0.039127,-0.066982,-0.063593,0.645844,0.757862,-0.591618,0.533002,0.040143,0.011681,-0.002473,-0.797718,-0.602913,-0.765239,0.501317,0.944501
2374,19.783333,0.019065,0.019920,0.854509,0.518704,-0.923972,0.442274,0.039128,-0.066977,-0.063613,0.645830,0.757873,-0.591615,0.532999,0.040139,0.011733,-0.002566,-0.797654,-0.602996,-0.765280,0.501275,0.944497
2375,19.791667,0.019063,0.019878,0.854500,0.518721,-0.923973,0.442272,0.039132,-0.067011,-0.063597,0.645830,0.757871,-0.591616,0.532994,0.040144,0.011591,-0.002567,-0.797561,-0.603121,-0.765307,0.501223,0.944479
2376,19.800000,0.019030,0.019841,0.854503,0.518719,-0.923980,0.442271,0.039123,-0.066997,-0.063634,0.645836,0.757865,-0.591614,0.532995,0.040146,0.011416,-0.002650,-0.797422,-0.603309,-0.765390,0.501262,0.944508
2377,19.808333,0.019031,0.019823,0.854500,0.518724,-0.923978,0.442269,0.039126,-0.067011,-0.063660,0.645832,0.757864,-0.591615,0.532990,0.040142,0.011574,-0.002652,-0.797395,-0.603340,-0.765380,0.501154,0.944462
2378,19.816667,0.019034,0.019809,0.854502,0.518721,-0.923982,0.442269,0.039132,-0.067005,-0.063641,0.645829,0.757869,-0.591616,0.532988,0.040141,0.011682,-0.002754,-0.797322,-0.603434,-0.765461,0.501128,0.944470
2379,19.825000,0.019026,0.019829,0.854497,0.518729,-0.923984,0.442266,0.039127,-0.066994,-0.063641,0.645804,0.757891,-0.591617,0.532988,0.040143,0.011600,-0.002757,-0.797210,-0.603584,-0.765473,0.501078,0.944475
2380,19.833333,0.019006,0.019842,0.854489,0.518742,-0.923984,0.442261,0.039136,-0.066985,-0.063642,0.645790,0.757904,-0.591613,0.532983,0.040144,0.011552,-0.002830,-0.797083,-0.603753,-0.765534,0.501061,0.944479
2381,19.841667,0.018991,0.019761,0.854491,0.518743,-0.923989,0.442266,0.039138,-0.066997,-0.063603,0.645808,0.757891,-0.591612,0.532984,0.040147,0.011457,-0.002841,-0.796949,-0.603931,-0.765597,0.501039,0.944483
2382,19.850000,0.019013,0.019785,0.854480,0.518759,-0.923994,0.442261,0.039138,-0.066979,-0.063660,0.645806,0.757889,-0.591609,0.532982,0.040144,0.011437,-0.002863,-0.796834,-0.604084,-0.765645,0.500996,0.944491
2383,19.858333,0.018988,0.019743,0.854492,0.518741,-0.923998,0.442263,0.039136,-0.066961,-0.063647,0.645801,0.757896,-0.591609,0.532985,0.040147,0.011428,-0.002886,-0.796739,-0.604208,-0.765685,0.500943,0.944494
2384,19.866667,0.019014,0.019778,0.854486,0.518749,-0.924004,0.442261,0.039136,-0.067015,-0.063704,0.645781,0.757904,-0.591613,0.532985,0.040142,0.011305,-0.002922,-0.796659,-0.604316,-0.765741,0.500854,0.944535
2385,19.875000,0.018987,0.019757,0.854486,0.518751,-0.924003,0.442266,0.039135,-0.066988,-0.063703,0.645763,0.757921,-0.591615,0.532981,0.040142,0.011455,-0.002786,-0.796511,-0.604509,-0.765801,0.500822,0.944527
2386,19.883333,0.018916,0.019686,0.854479,0.518769,-0.924004,0.442260,0.039133,-0.067001,-0.063694,0.645772,0.757913,-0.591619,0.532982,0.040148,0.011524,-0.002780,-0.796425,-0.604621,-0.765900,0.500720,0.944586
2387,19.891667,0.018944,0.019709,0.854479,0.518766,-0.924005,0.442263,0.039132,-0.067030,-0.063727,0.645755,0.757922,-0.591620,0.532983,0.040143,0.011607,-0.002754,-0.796316,-0.604763,-0.765931,0.500668,0.944600
2388,19.900000,0.018949,0.019702,0.854479,0.518766,-0.924009,0.442260,0.039132,-0.067058,-0.063762,0.645743,0.757927,-0.591619,0.532981,0.040143,0.011621,-0.002718,-0.796212,-0.604900,-0.765981,0.500615,0.944638
2389,19.908333,0.018938,0.019646,0.854479,0.518769,-0.924006,0.442263,0.039135,-0.067014,-0.063753,0.645753,0.757923,-0.591618,0.532985,0.040143,0.011621,-0.002689,-0.796131,-0.605007,-0.766020,0.500558,0.944665
2390,19.916667,0.018905,0.019657,0.854484,0.518761,-0.924011,0.442259,0.039133,-0.067030,-0.063748,0.645751,0.757924,-0.591624,0.532982,0.040144,0.011632,-0.002686,-0.796050,-0.605113,-0.766068,0.500521,0.944634
2391,19.925000,0.018907,0.019665,0.854483,0.518762,-0.924012,0.442256,0.039132,-0.067042,-0.063799,0.645740,0.757928,-0.591624,0.532982,0.040145,0.011553,-0.002815,-0.795976,-0.605212,-0.766070,0.500452,0.944586
2392,19.933333,0.018898,0.019653,0.854475,0.518777,-0.924016,0.442255,0.039133,-0.067041,-0.063774,0.645741,0.757930,-0.591626,0.532976,0.040142,0.011577,-0.002843,-0.795903,-0.605306,-0.766063,0.500372,0.944562
2393,19.941667,0.018946,0.019654,0.854486,0.518756,-0.924019,0.442257,0.039132,-0.067067,-0.063796,0.645747,0.757920,-0.591627,0.532978,0.040150,0.011586,-0.002858,-0.795824,-0.605410,-0.766098,0.500314,0.944588
2394,19.950000,0.018917,0.019622,0.854498,0.518739,-0.924021,0.442257,0.039126,-0.067069,-0.063830,0.645733,0.757929,-0.591630,0.532976,0.040143,0.011412,-0.002867,-0.795711,-0.605562,-0.766128,0.500275,0.944552
2395,19.958333,0.018896,0.019588,0.854497,0.518743,-0.924017,0.442261,0.039127,-0.067077,-0.063810,0.645712,0.757948,-0.591628,0.532978,0.040146,0.011992,-0.003146,-0.795552,-0.605759,-0.766188,0.500175,0.944649
2396,19.966667,0.018905,0.019623,0.854486,0.518760,-0.924018,0.442259,0.039120,-0.067044,-0.063806,0.645718,0.757946,-0.591628,0.532974,0.040144,0.011856,-0.003154,-0.795485,-0.605849,-0.766199,0.500112,0.944626
2397,19.975000,0.018928,0.019649,0.854476,0.518774,-0.924022,0.442256,0.039119,-0.067088,-0.063838,0.645738,0.757922,-0.591627,0.532980,0.040145,0.011748,-0.003072,-0.795427,-0.605927,-0.766209,0.500037,0.944605
2398,19.983333,0.018889,0.019643,0.854470,0.518786,-0.924018,0.442256,0.039123,-0.067056,-0.063796,0.645728,0.757937,-0.591629,0.532980,0.040147,0.011640,-0.003026,-0.795364,-0.606013,-0.766213,0.499973,0.944598
2399,19.991667,0.018869,0.019616,0.854473,0.518782,-0.924020,0.442257,0.039125,-0.067066,-0.063839,0.645724,0.757936,-0.591631,0.532982,0.040143,0.011574,-0.003028,-0.795392,-0.605978,-0.766305,0.499894,0.944610
2400,20.000000,0.018881,0.019652,0.854480,0.518769,-0.924017,0.442251,0.039123,-0.067028,-0.063819,0.645723,0.757942,-0.591630,0.532981,0.040141,0.011533,-0.003083,-0.795302,-0.606096,-0.766237,0.499842,0.944592
2401,20.008333,0.018889,0.019584,0.854490,0.518755,-0.924017,0.442254,0.039121,-0.067033,-0.063802,0.645707,0.757957,-0.591631,0.532975,0.040146,0.011428,-0.002894,-0.795358,-0.606026,-0.766326,0.499763,0.944627
2402,20.016667,0.018879,0.019549,0.854493,0.518751,-0.924017,0.442251,0.039123,-0.067036,-0.063824,0.645707,0.757955,-0.591625,0.532978,0.040143,0.011776,-0.002520,-0.795337,-0.606048,-0.766387,0.499728,0.944721
2403,20.025000,0.018873,0.019564,0.854495,0.518747,-0.924021,0.442252,0.039123,-0.067027,-0.063816,0.645716,0.757948,-0.591631,0.532976,0.040144,0.011710,-0.002546,-0.795411,-0.605951,-0.766426,0.499642,0.944764
2404,20.033333,0.018874,0.019544,0.854476,0.518780,-0.924017,0.442247,0.039128,-0.067022,-0.063780,0.645723,0.757946,-0.591628,0.532972,0.040143,0.011643,-0.002450,-0.795432,-0.605926,-0.766443,0.499604,0.944785
2405,20.041667,0.018885,0.019509,0.854489,0.518759,-0.924017,0.442250,0.039131,-0.067026,-0.063783,0.645733,0.757937,-0.591626,0.532973,0.040151,0.011440,-0.002216,-0.795456,-0.605899,-0.766467,0.499571,0.944824
2406,20.050000,0.018862,0.019506,0.854490,0.518758,-0.924020,0.442248,0.039130,-0.066983,-0.063756,0.645720,0.757954,-0.591625,0.532975,0.040148,0.011326,-0.002020,-0.795440,-0.605923,-0.766469,0.499545,0.944836
2407,20.058333,0.018879,0.019540,0.854494,0.518750,-0.924021,0.442250,0.039137,-0.066990,-0.063764,0.645743,0.757933,-0.591622,0.532972,0.040146,0.011177,-0.001921,-0.795439,-0.605927,-0.766465,0.499519,0.944826
2408,20.066667,0.018880,0.019509,0.854487,0.518763,-0.924018,0.442252,0.039128,-0.066978,-0.063771,0.645739,0.757937,-0.591622,0.532977,0.040146,0.011142,-0.001868,-0.795424,-0.605948,-0.766452,0.499489,0.944809
2409,20.075000,0.018820,0.019453,0.854497,0.518751,-0.924011,0.442257,0.039137,-0.066974,-0.063736,0.645759,0.757923,-0.591623,0.532978,0.040145,0.011068,-0.001716,-0.795380,-0.606008,-0.766448,0.499454,0.944808
2410,20.083333,0.018835,0.019431,0.854495,0.518754,-0.924012,0.442257,0.039133,-0.066953,-0.063747,0.645737,0.757942,-0.591618,0.532977,0.040144,0.011018,-0.001764,-0.795321,-0.606085,-0.766437,0.499422,0.944793
2411,20.091667,0.018855,0.019445,0.854488,0.518765,-0.924013,0.442250,0.039133,-0.066973,-0.063747,0.645746,0.757934,-0.591616,0.532973,0.040144,0.010943,-0.001793,-0.795231,-0.606205,-0.766433,0.499379,0.944783
2412,20.100000,0.018870,0.019491,0.854484,0.518769,-0.924014,0.442253,0.039134,-0.066961,-0.063703,0.645766,0.757921,-0.591617,0.532972,0.040147,0.010916,-0.001817,-0.795152,-0.606310,-0.766410,0.499329,0.944780
2413,20.108333,0.018847,0.019451,0.854480,0.518778,-0.924015,0.442251,0.039136,-0.066932,-0.063684,0.645748,0.757940,-0.591615,0.532976,0.040149,0.010842,-0.001809,-0.795049,-0.606445,-0.766389,0.499292,0.944756
2414,20.116667,0.018898,0.019494,0.854479,0.518776,-0.924019,0.442253,0.039131,-0.066946,-0.063719,0.645761,0.757925,-0.591616,0.532974,0.040149,0.010878,-0.001878,-0.794948,-0.606578,-0.766373,0.499239,0.944762
2415,20.125000,0.018838,0.019423,0.854473,0.518792,-0.924015,0.442251,0.039139,-0.066953,-0.063747,0.645774,0.757912,-0.591611,0.532973,0.040146,0.010949,-0.001934,-0.794779,-0.606797,-0.766168,0.499189,0.944706
2416,20.133333,0.018851,0.019423,0.854464,0.518805,-0.924015,0.442252,0.039138,-0.066906,-0.063689,0.645757,0.757935,-0.591607,0.532973,0.040146,0.011152,-0.001853,-0.794668,-0.606939,-0.766104,0.499092,0.944683
2417,20.141667,0.018895,0.019501,0.854461,0.518805,-0.924022,0.442249,0.039136,-0.066866,-0.063656,0.645757,0.757941,-0.591608,0.532974,0.040151,0.011092,-0.001792,-0.794579,-0.607057,-0.766055,0.499034,0.944632
2418,20.150000,0.018881,0.019456,0.854463,0.518805,-0.924021,0.442249,0.039141,-0.066906,-0.063702,0.645744,0.757945,-0.591607,0.532975,0.040149,0.010916,-0.002003,-0.794502,-0.607160,-0.766074,0.498956,0.944684
2419,20.158333,0.018855,0.019458,0.854461,0.518808,-0.924017,0.442252,0.039138,-0.066903,-0.063706,0.645760,0.757931,-0.591610,0.532977,0.040150,0.010787,-0.002185,-0.794464,-0.607212,-0.766176,0.498883,0.944742
2420,20.166667,0.018909,0.019461,0.854459,0.518810,-0.924019,0.442249,0.039132,-0.066892,-0.063694,0.645753,0.757939,-0.591603,0.532976,0.040145,0.010776,-0.002155,-0.794323,-0.607396,-0.766183,0.498859,0.944711
2421,20.175000,0.018924,0.019517,0.854445,0.518831,-0.924016,0.442253,0.039132,-0.066883,-0.063688,0.645751,0.757942,-0.591609,0.532974,0.040154,0.011042,-0.002109,-0.794228,-0.607516,-0.766100,0.498810,0.944691
2422,20.183333,0.018887,0.019504,0.854446,0.518830,-0.924019,0.442254,0.039132,-0.066858,-0.063685,0.645765,0.757932,-0.591613,0.532969,0.040150,0.011120,-0.002002,-0.794206,-0.607544,-0.766020,0.498771,0.944635
2423,20.191667,0.018863,0.019515,0.854444,0.518834,-0.924018,0.442254,0.039130,-0.066877,-0.063673,0.645755,0.757941,-0.591607,0.532972,0.040150,0.011348,-0.001948,-0.794122,-0.607649,-0.766030,0.498759,0.944611
2424,20.200000,0.018900,0.019446,0.854445,0.518833,-0.924019,0.442248,0.039134,-0.066826,-0.063643,0.645737,0.757963,-0.591610,0.532968,0.040150,0.011183,-0.002089,-0.794075,-0.607714,-0.766096,0.498707,0.944661
2425,20.208333,0.018900,0.019509,0.854455,0.518814,-0.924022,0.442248,0.039130,-0.066895,-0.063709,0.645748,0.757942,-0.591606,0.532974,0.040156,0.011074,-0.002143,-0.794038,-0.607763,-0.766179,0.498639,0.944717
2426,20.216667,0.018882,0.019497,0.854448,0.518827,-0.924023,0.442249,0.039134,-0.066860,-0.063683,0.645746,0.757949,-0.591605,0.532970,0.040155,0.011122,-0.002123,-0.793978,-0.607841,-0.766230,0.498649,0.944734
2427,20.225000,0.018894,0.019434,0.854437,0.518847,-0.924025,0.442244,0.039130,-0.066880,-0.063707,0.645751,0.757941,-0.591608,0.532972,0.040147,0.011109,-0.002045,-0.794051,-0.607747,-0.766351,0.498619,0.944781
2428,20.233333,0.018907,0.019379,0.854431,0.518859,-0.924030,0.442253,0.039137,-0.066884,-0.063697,0.645759,0.757934,-0.591607,0.532971,0.040151,0.011063,-0.002046,-0.794084,-0.607704,-0.766402,0.498572,0.944820
2429,20.241667,0.018920,0.019411,0.854432,0.518856,-0.924033,0.442255,0.039134,-0.066869,-0.063702,0.645746,0.757947,-0.591606,0.532970,0.040152,0.011198,-0.001945,-0.794074,-0.607715,-0.766384,0.498566,0.944799
2430,20.250000,0.018895,0.019410,0.854426,0.518867,-0.924034,0.442255,0.039137,-0.066855,-0.063675,0.645748,0.757948,-0.591605,0.532974,0.040157,0.011102,-0.002028,-0.794074,-0.607716,-0.766413,0.498530,0.944814
2431,20.258333,0.018864,0.019438,0.854430,0.518860,-0.924030,0.442243,0.039132,-0.066855,-0.063655,0.645746,0.757952,-0.591604,0.532973,0.040153,0.011400,-0.001907,-0.794084,-0.607699,-0.766391,0.498480,0.944746
2432,20.266667,0.018869,0.019405,0.854423,0.518872,-0.924035,0.442252,0.039136,-0.066834,-0.063626,0.645737,0.757964,-0.591609,0.532973,0.040153,0.011233,-0.002100,-0.794106,-0.607671,-0.766448,0.498447,0.944851
2433,20.275000,0.018860,0.019395,0.854427,0.518866,-0.924035,0.442252,0.039138,-0.066843,-0.063682,0.645732,0.757963,-0.591608,0.532971,0.040156,0.011227,-0.001946,-0.794049,-0.607747,-0.766430,0.498460,0.944804
2434,20.283333,0.018859,0.019321,0.854441,0.518846,-0.924034,0.442253,0.039136,-0.066873,-0.063701,0.645747,0.757945,-0.591611,0.532974,0.040155,0.011503,-0.002068,-0.794111,-0.607661,-0.766448,0.498358,0.944752
2435,20.291667,0.018871,0.019345,0.854448,0.518834,-0.924034,0.442249,0.039137,-0.066861,-0.063700,0.645729,0.757962,-0.591612,0.532970,0.040154,0.011399,-0.001929,-0.794044,-0.607750,-0.766455,0.498377,0.944748
2436,20.300000,0.018866,0.019354,0.854449,0.518832,-0.924035,0.442247,0.039134,-0.066884,-0.063692,0.645742,0.757949,-0.591615,0.532972,0.040157,0.011581,-0.001980,-0.794058,-0.607729,-0.766457,0.498326,0.944717
2437,20.308333,0.018866,0.019251,0.854441,0.518849,-0.924029,0.442245,0.039139,-0.066880,-0.063683,0.645735,0.757956,-0.591618,0.532969,0.040160,0.011588,-0.002203,-0.794085,-0.607692,-0.766493,0.498255,0.944736
2438,20.316667,0.018861,0.019257,0.854447,0.518839,-0.924037,0.442247,0.039136,-0.066910,-0.063714,0.645725,0.757960,-0.591616,0.532969,0.040156,0.011643,-0.002229,-0.794074,-0.607706,-0.766503,0.498228,0.944744
2439,20.325000,0.018797,0.019214,0.854458,0.518824,-0.924033,0.442248,0.039138,-0.066880,-0.063676,0.645754,0.757941,-0.591623,0.532971,0.040159,0.011628,-0.002299,-0.794069,-0.607712,-0.766507,0.498197,0.944744
2440,20.333333,0.018822,0.019198,0.854458,0.518824,-0.924036,0.442249,0.039131,-0.066911,-0.063697,0.645740,0.757948,-0.591623,0.532971,0.040162,0.011629,-0.002345,-0.794043,-0.607746,-0.766532,0.498169,0.944726
2441,20.341667,0.018827,0.019238,0.854460,0.518819,-0.924033,0.442247,0.039133,-0.066938,-0.063740,0.645753,0.757931,-0.591623,0.532969,0.040163,0.011656,-0.002364,-0.794054,-0.607731,-0.766545,0.498143,0.944725
2442,20.350000,0.018825,0.019252,0.854462,0.518816,-0.924037,0.442251,0.039132,-0.066941,-0.063727,0.645752,0.757933,-0.591620,0.532970,0.040158,0.011632,-0.002389,-0.794046,-0.607741,-0.766559,0.498119,0.944723
2443,20.358333,0.018770,0.019199,0.854467,0.518812,-0.924039,0.442250,0.039137,-0.066924,-0.063707,0.645738,0.757948,-0.591620,0.532972,0.040163,0.011709,-0.002339,-0.794077,-0.607700,-0.766584,0.498110,0.944712
2444,20.366667,0.018797,0.019203,0.854467,0.518810,-0.924039,0.442247,0.039137,-0.066930,-0.063737,0.645730,0.757952,-0.591622,0.532971,0.040159,0.011628,-0.002290,-0.794081,-0.607696,-0.766592,0.498099,0.944696
2445,20.375000,0.018804,0.019248,0.854467,0.518808,-0.924039,0.442250,0.039135,-0.066949,-0.063720,0.645750,0.757934,-0.591621,0.532968,0.040165,0.011654,-0.002274,-0.794090,-0.607684,-0.766609,0.498079,0.944707
2446,20.383333,0.018797,0.019204,0.854469,0.518807,-0.924037,0.442249,0.039138,-0.066942,-0.063725,0.645748,0.757936,-0.591622,0.532969,0.040160,0.011669,-0.002242,-0.794107,-0.607662,-0.766629,0.498065,0.944713
2447,20.391667,0.018768,0.019211,0.854479,0.518790,-0.924035,0.442250,0.039131,-0.066949,-0.063730,0.645761,0.757924,-0.591625,0.532966,0.040161,0.011628,-0.002209,-0.794106,-0.607665,-0.766633,0.498048,0.944715
2448,20.400000,0.018772,0.019175,0.854480,0.518791,-0.924032,0.442251,0.039131,-0.066951,-0.063743,0.645775,0.757911,-0.591623,0.532969,0.040164,0.011611,-0.002162,-0.794117,-0.607650,-0.766640,0.498040,0.944713
2449,20.408333,0.018766,0.019219,0.854472,0.518802,-0.924036,0.442249,0.039138,-0.066958,-0.063731,0.645753,0.757930,-0.591623,0.532970,0.040162,0.011640,-0.002129,-0.794130,-0.607633,-0.766646,0.498021,0.944724
2450,20.416667,0.018780,0.019204,0.854474,0.518800,-0.924036,0.442252,0.039138,-0.066929,-0.063707,0.645759,0.757929,-0.591619,0.532970,0.040164,0.011650,-0.002137,-0.794133,-0.607629,-0.766649,0.498005,0.944727
2451,20.425000,0.018777,0.019222,0.854485,0.518781,-0.924038,0.442251,0.039134,-0.066968,-0.063713,0.645751,0.757932,-0.591614,0.532975,0.040165,0.011664,-0.002105,-0.794138,-0.607622,-0.766654,0.497992,0.944730
2452,20.433333,0.018734,0.019205,0.854475,0.518798,-0.924041,0.442251,0.039132,-0.066927,-0.063693,0.645760,0.757930,-0.591617,0.532977,0.040160,0.011671,-0.002111,-0.794136,-0.607625,-0.766650,0.497979,0.944723
2453,20.441667,0.018757,0.019177,0.854460,0.518824,-0.924037,0.442248,0.039135,-0.066936,-0.063659,0.645750,0.757941,-0.591613,0.532979,0.040165,0.011733,-0.002100,-0.794124,-0.607638,-0.766650,0.497961,0.944733
2454,20.450000,0.018785,0.019201,0.854473,0.518800,-0.924038,0.442248,0.039130,-0.066955,-0.063707,0.645766,0.757921,-0.591612,0.532978,0.040167,0.011774,-0.002120,-0.794114,-0.607651,-0.766645,0.497947,0.944730
2455,20.458333,0.018787,0.019196,0.854474,0.518799,-0.924037,0.442252,0.039131,-0.066950,-0.063676,0.645760,0.757930,-0.591613,0.532977,0.040165,0.011801,-0.002146,-0.794104,-0.607664,-0.766652,0.497930,0.944728
2456,20.466667,0.018774,0.019230,0.854480,0.518789,-0.924036,0.442251,0.039135,-0.066932,-0.063643,0.645757,0.757936,-0.591611,0.532978,0.040170,0.011860,-0.002166,-0.794096,-0.607673,-0.766654,0.497908,0.944743
2457,20.475000,0.018780,0.019193,0.854479,0.518791,-0.924032,0.442248,0.039132,-0.066941,-0.063645,0.645776,0.757919,-0.591611,0.532974,0.040165,0.011920,-0.002185,-0.794084,-0.607687,-0.766659,0.497890,0.944748
2458,20.483333,0.018803,0.019233,0.854489,0.518772,-0.924032,0.442252,0.039127,-0.066938,-0.063637,0.645786,0.757912,-0.591608,0.532982,0.040169,0.011897,-0.002167,-0.794056,-0.607725,-0.766660,0.497884,0.944735
2459,20.491667,0.018834,0.019242,0.854482,0.518782,-0.924031,0.442247,0.039127,-0.066938,-0.063658,0.645768,0.757926,-0.591609,0.532974,0.040170,0.011909,-0.002161,-0.794022,-0.607769,-0.766669,0.497872,0.944744
2460,20.500000,0.018779,0.019229,0.854496,0.518762,-0.924028,0.442248,0.039130,-0.066908,-0.063626,0.645751,0.757945,-0.591607,0.532974,0.040163,0.012067,-0.002145,-0.794015,-0.607774,-0.766662,0.497861,0.944752
2461,20.508333,0.018810,0.019193,0.854489,0.518774,-0.924029,0.442249,0.039134,-0.066915,-0.063619,0.645756,0.757941,-0.591605,0.532976,0.040167,0.012014,-0.002148,-0.793999,-0.607797,-0.766671,0.497841,0.944754
2462,20.516667,0.018790,0.019248,0.854491,0.518769,-0.924028,0.442247,0.039132,-0.066958,-0.063657,0.645747,0.757942,-0.591609,0.532974,0.040166,0.012020,-0.002119,-0.793966,-0.607840,-0.766677,0.497834,0.944751
2463,20.525000,0.018838,0.019246,0.854472,0.518799,-0.924029,0.442245,0.039133,-0.066936,-0.063638,0.645760,0.757934,-0.591610,0.532975,0.040167,0.012039,-0.002134,-0.793948,-0.607862,-0.766673,0.497824,0.944742
2464,20.533333,0.018835,0.019241,0.854474,0.518796,-0.924029,0.442248,0.039129,-0.066926,-0.063668,0.645753,0.757938,-0.591607,0.532978,0.040167,0.012008,-0.002088,-0.793924,-0.607895,-0.766686,0.497810,0.944747
2465,20.541667,0.018829,0.019222,0.854484,0.518781,-0.924029,0.442251,0.039134,-0.066897,-0.063666,0.645743,0.757949,-0.591607,0.532978,0.040173,0.012010,-0.002116,-0.793899,-0.607928,-0.766691,0.497805,0.944740
2466,20.550000,0.018849,0.019224,0.854473,0.518799,-0.924028,0.442249,0.039131,-0.066878,-0.063616,0.645753,0.757947,-0.591608,0.532974,0.040170,0.012069,-0.002047,-0.793872,-0.607962,-0.766699,0.497791,0.944758
2467,20.558333,0.018820,0.019254,0.854471,0.518801,-0.924030,0.442245,0.039125,-0.066866,-0.063590,0.645734,0.757966,-0.591606,0.532972,0.040174,0.012153,-0.002008,-0.793847,-0.607992,-0.766719,0.497773,0.944775
2468,20.566667,0.018865,0.019301,0.854463,0.518810,-0.924034,0.442247,0.039130,-0.066819,-0.063618,0.645762,0.757944,-0.591607,0.532973,0.040170,0.012020,-0.002017,-0.793825,-0.608024,-0.766709,0.497763,0.944747
2469,20.575000,0.018821,0.019238,0.854459,0.518822,-0.924033,0.442243,0.039132,-0.066879,-0.063640,0.645757,0.757941,-0.591608,0.532970,0.040172,0.012172,-0.001967,-0.793780,-0.608080,-0.766728,0.497740,0.944789
2470,20.583333,0.018813,0.019212,0.854449,0.518840,-0.924035,0.442243,0.039134,-0.066875,-0.063638,0.645751,0.757947,-0.591606,0.532973,0.040169,0.012232,-0.001966,-0.793743,-0.608128,-0.766742,0.497730,0.944801
2471,20.591667,0.018822,0.019234,0.854443,0.518847,-0.924042,0.442243,0.039139,-0.066906,-0.063651,0.645752,0.757942,-0.591611,0.532969,0.040170,0.012112,-0.001896,-0.793690,-0.608200,-0.766754,0.497725,0.944797
2472,20.600000,0.018818,0.019262,0.854444,0.518845,-0.924047,0.442242,0.039133,-0.066870,-0.063645,0.645722,0.757971,-0.591608,0.532969,0.040174,0.012136,-0.001951,-0.793663,-0.608234,-0.766744,0.497717,0.944780
2473,20.608333,0.018837,0.019260,0.854445,0.518843,-0.924039,0.442242,0.039133,-0.066912,-0.063656,0.645754,0.757940,-0.591613,0.532971,0.040168,0.012153,-0.001942,-0.793649,-0.608252,-0.766756,0.497689,0.944791
2474,20.616667,0.018839,0.019219,0.854439,0.518855,-0.924039,0.442243,0.039136,-0.066899,-0.063692,0.645753,0.757939,-0.591614,0.532972,0.040177,0.012196,-0.001975,-0.793621,-0.608287,-0.766759,0.497676,0.944791
2475,20.625000,0.018836,0.019241,0.854443,0.518847,-0.924038,0.442244,0.039135,-0.066906,-0.063669,0.645731,0.757959,-0.591614,0.532974,0.040174,0.012233,-0.001962,-0.793588,-0.608329,-0.766764,0.497661,0.944799
2476,20.633333,0.018806,0.019189,0.854436,0.518862,-0.924036,0.442250,0.039135,-0.066894,-0.063677,0.645750,0.757942,-0.591615,0.532973,0.040174,0.012234,-0.001947,-0.793550,-0.608378,-0.766769,0.497650,0.944802
2477,20.641667,0.018783,0.019191,0.854421,0.518886,-0.924042,0.442243,0.039133,-0.066899,-0.063724,0.645753,0.757936,-0.591613,0.532969,0.040172,0.012052,-0.002016,-0.793505,-0.608441,-0.766773,0.497649,0.944758
2478,20.650000,0.018781,0.019207,0.854432,0.518868,-0.924040,0.442247,0.039134,-0.066964,-0.063706,0.645733,0.757949,-0.591612,0.532974,0.040172,0.011982,-0.002012,-0.793464,-0.608495,-0.766775,0.497655,0.944741
2479,20.658333,0.018802,0.019186,0.854438,0.518858,-0.924039,0.442244,0.039136,-0.066899,-0.063687,0.645712,0.757974,-0.591611,0.532973,0.040172,0.011994,-0.002006,-0.793438,-0.608530,-0.766776,0.497643,0.944740
2480,20.666667,0.018815,0.019128,0.854433,0.518868,-0.924035,0.442242,0.039130,-0.066914,-0.063721,0.645744,0.757943,-0.591617,0.532971,0.040172,0.012096,-0.002013,-0.793418,-0.608554,-0.766774,0.497623,0.944754
2481,20.675000,0.018857,0.019247,0.854434,0.518860,-0.924040,0.442239,0.039132,-0.066884,-0.063692,0.645755,0.757938,-0.591616,0.532970,0.040176,0.012066,-0.002049,-0.793399,-0.608579,-0.766772,0.497613,0.944737
2482,20.683333,0.018801,0.019167,0.854439,0.518858,-0.924044,0.442240,0.039128,-0.066905,-0.063690,0.645750,0.757940,-0.591613,0.532970,0.040171,0.012168,-0.001935,-0.793372,-0.608613,-0.766741,0.497628,0.944710
2483,20.691667,0.018799,0.019139,0.854426,0.518881,-0.924048,0.442239,0.039132,-0.066854,-0.063675,0.645749,0.757947,-0.591611,0.532965,0.040169,0.012068,-0.002037,-0.793406,-0.608569,-0.766767,0.497608,0.944724
2484,20.700000,0.018791,0.019125,0.854437,0.518864,-0.924046,0.442239,0.039126,-0.066842,-0.063687,0.645746,0.757950,-0.591614,0.532965,0.040170,0.012298,-0.002029,-0.793395,-0.608579,-0.766723,0.497598,0.944702
2485,20.708333,0.018799,0.019100,0.854418,0.518894,-0.924045,0.442236,0.039125,-0.066886,-0.063720,0.645757,0.757934,-0.591616,0.532966,0.040169,0.012180,-0.002065,-0.793424,-0.608544,-0.766757,0.497580,0.944725
2486,20.716667,0.018832,0.019072,0.854417,0.518897,-0.924047,0.442237,0.039127,-0.066853,-0.063658,0.645748,0.757950,-0.591610,0.532973,0.040170,0.012223,-0.002063,-0.793416,-0.608553,-0.766764,0.497581,0.944733
2487,20.725000,0.018812,0.019093,0.854418,0.518895,-0.924047,0.442235,0.039124,-0.066870,-0.063702,0.645744,0.757948,-0.591613,0.532972,0.040165,0.012179,-0.002057,-0.793398,-0.608578,-0.766769,0.497588,0.944727
2488,20.733333,0.018815,0.019148,0.854426,0.518879,-0.924048,0.442236,0.039126,-0.066865,-0.063672,0.645759,0.757938,-0.591614,0.532967,0.040168,0.012203,-0.002031,-0.793407,-0.608565,-0.766770,0.497582,0.944730
2489,20.741667,0.018851,0.019079,0.854408,0.518910,-0.924045,0.442236,0.039123,-0.066877,-0.063673,0.645771,0.757927,-0.591613,0.532967,0.040169,0.012218,-0.002041,-0.793417,-0.608552,-0.766772,0.497578,0.944730
2490,20.750000,0.018825,0.019059,0.854420,0.518892,-0.924045,0.442233,0.039123,-0.066823,-0.063677,0.645767,0.757935,-0.591616,0.532968,0.040171,0.012428,-0.001948,-0.793388,-0.608587,-0.766749,0.497591,0.944723
2491,20.758333,0.018821,0.019045,0.854408,0.518913,-0.924045,0.442229,0.039123,-0.066812,-0.063642,0.645785,0.757923,-0.591620,0.532964,0.040172,0.012451,-0.001982,-0.793406,-0.608563,-0.766740,0.497583,0.944719
2492,20.766667,0.018847,0.019079,0.854405,0.518915,-0.924048,0.442230,0.039124,-0.066876,-0.063696,0.645757,0.757937,-0.591610,0.532968,0.040170,0.012330,-0.002111,-0.793431,-0.608532,-0.766764,0.497581,0.944720
2493,20.775000,0.018821,0.019040,0.854416,0.518899,-0.924049,0.442229,0.039128,-0.066841,-0.063646,0.645772,0.757932,-0.591613,0.532964,0.040169,0.012395,-0.002119,-0.793411,-0.608556,-0.766770,0.497579,0.944734
2494,20.783333,0.018849,0.019071,0.854411,0.518905,-0.924047,0.442227,0.039127,-0.066827,-0.063674,0.645781,0.757923,-0.591612,0.532967,0.040166,0.012482,-0.001986,-0.793378,-0.608598,-0.766741,0.497607,0.944715
2495,20.791667,0.018828,0.019076,0.854404,0.518918,-0.924047,0.442226,0.039128,-0.066826,-0.063645,0.645776,0.757930,-0.591611,0.532964,0.040167,0.012444,-0.002087,-0.793383,-0.608592,-0.766764,0.497595,0.944734
2496,20.800000,0.018835,0.019073,0.854400,0.518925,-0.924051,0.442228,0.039125,-0.066859,-0.063686,0.645777,0.757923,-0.591611,0.532966,0.040168,0.012480,-0.002038,-0.793339,-0.608649,-0.766734,0.497621,0.944690
2497,20.808333,0.018814,0.019036,0.854408,0.518913,-0.924050,0.442229,0.039131,-0.066864,-0.063696,0.645756,0.757939,-0.591611,0.532967,0.040165,0.012584,-0.002072,-0.793327,-0.608662,-0.766726,0.497623,0.944696
2498,20.816667,0.018772,0.019038,0.854405,0.518920,-0.924051,0.442234,0.039125,-0.066871,-0.063716,0.645752,0.757940,-0.591611,0.532970,0.040167,0.012587,-0.002074,-0.793314,-0.608679,-0.766730,0.497629,0.944708
2499,20.825000,0.018802,0.019044,0.854402,0.518923,-0.924052,0.442231,0.039133,-0.066858,-0.063713,0.645752,0.757942,-0.591613,0.532970,0.040167,0.012577,-0.002138,-0.793284,-0.608719,-0.766714,0.497631,0.944684
2500,20.833333,0.018801,0.019031,0.854395,0.518934,-0.924055,0.442230,0.039127,-0.066870,-0.063724,0.645757,0.757935,-0.591615,0.532964,0.040166,0.012641,-0.002070,-0.793259,-0.608750,-0.766721,0.497641,0.944705
2501,20.841667,0.018781,0.019016,0.854391,0.518943,-0.924049,0.442228,0.039131,-0.066872,-0.063688,0.645761,0.757935,-0.591614,0.532970,0.040170,0.012589,-0.002142,-0.793220,-0.608802,-0.766700,0.497652,0.944681
2502,20.850000,0.018779,0.018974,0.854392,0.518942,-0.924053,0.442230,0.039131,-0.066848,-0.063702,0.645751,0.757944,-0.591615,0.532965,0.040167,0.012601,-0.002130,-0.793198,-0.608830,-0.766699,0.497660,0.944691
2503,20.858333,0.018807,0.018943,0.854386,0.518953,-0.924056,0.442230,0.039130,-0.066867,-0.063729,0.645746,0.757944,-0.591613,0.532965,0.040162,0.012580,-0.002176,-0.793167,-0.608871,-0.766697,0.497669,0.944686
2504,20.866667,0.018788,0.018978,0.854386,0.518952,-0.924058,0.442230,0.039131,-0.066846,-0.063709,0.645761,0.757935,-0.591615,0.532966,0.040165,0.012641,-0.002143,-0.793127,-0.608921,-0.766697,0.497682,0.944690
2505,20.875000,0.018785,0.018930,0.854382,0.518961,-0.924056,0.442231,0.039130,-0.066852,-0.063724,0.645752,0.757941,-0.591615,0.532967,0.040166,0.012619,-0.002183,-0.793093,-0.608966,-0.766690,0.497692,0.944681
2506,20.883333,0.018824,0.019012,0.854370,0.518977,-0.924063,0.442228,0.039135,-0.066838,-0.063723,0.645748,0.757946,-0.591613,0.532962,0.040164,0.012550,-0.002258,-0.793056,-0.609015,-0.766680,0.497685,0.944709
2507,20.891667,0.018825,0.019009,0.854372,0.518973,-0.924062,0.442231,0.039127,-0.066835,-0.063671,0.645749,0.757949,-0.591613,0.532964,0.040167,0.012614,-0.002272,-0.793036,-0.609040,-0.766675,0.497693,0.944721
2508,20.900000,0.018798,0.018985,0.854373,0.518973,-0.924057,0.442234,0.039128,-0.066833,-0.063693,0.645770,0.757929,-0.591612,0.532960,0.040165,0.012648,-0.002298,-0.793042,-0.609032,-0.766656,0.497695,0.944718
2509,20.908333,0.018796,0.018992,0.854361,0.518993,-0.924058,0.442235,0.039131,-0.066843,-0.063734,0.645750,0.757942,-0.591609,0.532965,0.040165,0.012620,-0.002273,-0.793033,-0.609043,-0.766655,0.497704,0.944714
2510,20.916667,0.018825,0.018995,0.854359,0.518995,-0.924061,0.442231,0.039130,-0.066808,-0.063734,0.645746,0.757949,-0.591614,0.532965,0.040162,0.012591,-0.002282,-0.793016,-0.609066,-0.766653,0.497723,0.944709
2511,20.925000,0.018833,0.018974,0.854356,0.519001,-0.924056,0.442231,0.039132,-0.066862,-0.063715,0.645754,0.757939,-0.591613,0.532962,0.040158,0.012558,-0.002296,-0.793003,-0.609084,-0.766649,0.497742,0.944699
2512,20.933333,0.018837,0.018969,0.854369,0.518980,-0.924051,0.442238,0.039134,-0.066817,-0.063697,0.645741,0.757956,-0.591612,0.532965,0.040159,0.012493,-0.002235,-0.793002,-0.609086,-0.766635,0.497763,0.944693
2513,20.941667,0.018839,0.018985,0.854370,0.518977,-0.924058,0.442232,0.039127,-0.066833,-0.063725,0.645750,0.757944,-0.591611,0.532963,0.040160,0.012481,-0.002214,-0.793012,-0.609075,-0.766630,0.497783,0.944678
2514,20.950000,0.018859,0.018959,0.854364,0.518986,-0.924057,0.442232,0.039133,-0.066809,-0.063721,0.645751,0.757945,-0.591614,0.532960,0.040154,0.012553,-0.002172,-0.793039,-0.609037,-0.766629,0.497789,0.944702
2515,20.958333,0.018841,0.019026,0.854358,0.518994,-0.924053,0.442230,0.039133,-0.066850,-0.063729,0.645754,0.757939,-0.591614,0.532962,0.040155,0.012437,-0.002182,-0.793078,-0.608989,-0.766620,0.497804,0.944680
2516,20.966667,0.018862,0.018997,0.854360,0.518991,-0.924054,0.442226,0.039128,-0.066845,-0.063735,0.645752,0.757941,-0.591618,0.532967,0.040156,0.012453,-0.002173,-0.793129,-0.608923,-0.766614,0.497817,0.944681
2517,20.975000,0.018906,0.018943,0.854357,0.518997,-0.924053,0.442232,0.039129,-0.066870,-0.063740,0.645754,0.757936,-0.591612,0.532966,0.040158,0.012580,-0.002185,-0.793206,-0.608820,-0.766608,0.497808,0.944708
2518,20.983333,0.018883,0.018997,0.854357,0.518996,-0.924060,0.442232,0.039129,-0.066856,-0.063709,0.645772,0.757924,-0.591619,0.532967,0.040158,0.012575,-0.002145,-0.793281,-0.608722,-0.766599,0.497803,0.944706
2519,20.991667,0.018856,0.018961,0.854355,0.519002,-0.924056,0.442230,0.039132,-0.066834,-0.063704,0.645776,0.757924,-0.591613,0.532971,0.040162,0.012590,-0.002156,-0.793350,-0.608632,-0.766592,0.497800,0.944708
2520,21.000000,0.018864,0.018930,0.854356,0.519000,-0.924051,0.442230,0.039132,-0.066888,-0.063747,0.645755,0.757933,-0.591616,0.532971,0.040159,0.012586,-0.002157,-0.793412,-0.608551,-0.766592,0.497815,0.944712
2521,21.008333,0.018900,0.018883,0.854359,0.518996,-0.924056,0.442234,0.039126,-0.066920,-0.063770,0.645773,0.757913,-0.591622,0.532972,0.040158,0.012424,-0.002185,-0.793468,-0.608481,-0.766575,0.497830,0.944680
2522,21.016667,0.018958,0.018984,0.854357,0.518993,-0.924060,0.442231,0.039127,-0.066895,-0.063773,0.645782,0.757908,-0.591616,0.532972,0.040156,0.012511,-0.002181,-0.793537,-0.608389,-0.766577,0.497829,0.944700
2523,21.025000,0.018904,0.018881,0.854364,0.518988,-0.924055,0.442228,0.039124,-0.066875,-0.063768,0.645771,0.757919,-0.591617,0.532972,0.040156,0.012277,-0.002144,-0.793599,-0.608314,-0.766556,0.497839,0.944662
2524,21.033333,0.018908,0.018908,0.854365,0.518986,-0.924060,0.442227,0.039127,-0.066923,-0.063790,0.645782,0.757904,-0.591618,0.532973,0.040158,0.012287,-0.002164,-0.793647,-0.608250,-0.766549,0.497844,0.944654
2525,21.041667,0.018921,0.018903,0.854363,0.518987,-0.924064,0.442222,0.039126,-0.066862,-0.063725,0.645799,0.757900,-0.591623,0.532972,0.040160,0.012288,-0.002098,-0.793712,-0.608165,-0.766563,0.497865,0.944626
2526,21.050000,0.018930,0.018863,0.854353,0.519006,-0.924061,0.442218,0.039131,-0.066837,-0.063698,0.645804,0.757900,-0.591619,0.532968,0.040159,0.012299,-0.002107,-0.793773,-0.608086,-0.766560,0.497859,0.944630
2527,21.058333,0.018867,0.018823,0.854367,0.518987,-0.924064,0.442222,0.039126,-0.066862,-0.063741,0.645813,0.757887,-0.591622,0.532969,0.040162,0.012187,-0.002206,-0.793846,-0.607992,-0.766580,0.497842,0.944652
2528,21.066667,0.018884,0.018837,0.854365,0.518988,-0.924065,0.442213,0.039127,-0.066832,-0.063748,0.645809,0.757892,-0.591619,0.532967,0.040156,0.012279,-0.002082,-0.793872,-0.607957,-0.766554,0.497854,0.944626
2529,21.075000,0.018886,0.018816,0.854365,0.518989,-0.924068,0.442214,0.039133,-0.066894,-0.063788,0.645820,0.757874,-0.591621,0.532969,0.040158,0.012234,-0.002085,-0.793913,-0.607904,-0.766559,0.497843,0.944627
2530,21.083333,0.018844,0.018861,0.854369,0.518983,-0.924067,0.442211,0.039130,-0.066836,-0.063720,0.645826,0.757880,-0.591619,0.532967,0.040158,0.012281,-0.002101,-0.793932,-0.607879,-0.766566,0.497820,0.944631
2531,21.091667,0.018881,0.018797,0.854367,0.518986,-0.924064,0.442211,0.039128,-0.066844,-0.063726,0.645821,0.757882,-0.591615,0.532969,0.040156,0.012171,-0.002200,-0.793978,-0.607820,-0.766591,0.497798,0.944657
2532,21.100000,0.018898,0.018742,0.854376,0.518973,-0.924064,0.442212,0.039128,-0.066894,-0.063804,0.645825,0.757868,-0.591621,0.532968,0.040150,0.012209,-0.002241,-0.793985,-0.607810,-0.766593,0.497782,0.944657
2533,21.108333,0.018876,0.018772,0.854386,0.518956,-0.924061,0.442212,0.039126,-0.066823,-0.063771,0.645807,0.757893,-0.591619,0.532964,0.040154,0.012249,-0.002277,-0.793982,-0.607813,-0.766578,0.497773,0.944650
2534,21.116667,0.018889,0.018755,0.854387,0.518955,-0.924063,0.442215,0.039125,-0.066812,-0.063762,0.645830,0.757875,-0.591620,0.532960,0.040149,0.012288,-0.002236,-0.793953,-0.607851,-0.766584,0.497767,0.944646
2535,21.125000,0.018861,0.018722,0.854391,0.518951,-0.924065,0.442208,0.039126,-0.066782,-0.063729,0.645827,0.757883,-0.591621,0.532958,0.040152,0.012351,-0.002304,-0.793949,-0.607855,-0.766558,0.497761,0.944625
2536,21.133333,0.018849,0.018665,0.854408,0.518925,-0.924066,0.442210,0.039131,-0.066799,-0.063697,0.645826,0.757885,-0.591619,0.532958,0.040148,0.012354,-0.002284,-0.793946,-0.607858,-0.766584,0.497735,0.944648
2537,21.141667,0.018788,0.018657,0.854415,0.518917,-0.924062,0.442204,0.039133,-0.066785,-0.063748,0.645833,0.757876,-0.591619,0.532957,0.040149,0.012438,-0.002360,-0.793931,-0.607876,-0.766545,0.497729,0.944632
2538,21.150000,0.018851,0.018695,0.854408,0.518924,-0.924067,0.442204,0.039135,-0.066789,-0.063749,0.645835,0.757874,-0.591617,0.532954,0.040151,0.012486,-0.002364,-0.793930,-0.607877,-0.766508,0.497696,0.944623
2539,21.158333,0.018755,0.018671,0.854421,0.518907,-0.924066,0.442207,0.039136,-0.066773,-0.063700,0.645849,0.757867,-0.591621,0.532959,0.040149,0.012400,-0.002477,-0.793945,-0.607858,-0.766516,0.497663,0.944644
2540,21.166667,0.018761,0.018630,0.854419,0.518912,-0.924067,0.442210,0.039131,-0.066772,-0.063708,0.645839,0.757875,-0.591615,0.532957,0.040146,0.012462,-0.002531,-0.793940,-0.607863,-0.766509,0.497648,0.944657
2541,21.175000,0.018814,0.018665,0.854420,0.518907,-0.924065,0.442209,0.039133,-0.066755,-0.063692,0.645825,0.757890,-0.591614,0.532962,0.040144,0.012482,-0.002581,-0.793931,-0.607874,-0.766506,0.497638,0.944658
2542,21.183333,0.018802,0.018686,0.854418,0.518909,-0.924064,0.442210,0.039140,-0.066766,-0.063701,0.645837,0.757878,-0.591605,0.532963,0.040151,0.012378,-0.002662,-0.793902,-0.607914,-0.766512,0.497630,0.944675
2543,21.191667,0.018759,0.018678,0.854409,0.518927,-0.924070,0.442211,0.039133,-0.066723,-0.063696,0.645856,0.757866,-0.591611,0.532962,0.040147,0.012352,-0.002685,-0.793881,-0.607942,-0.766514,0.497633,0.944674
2544,21.200000,0.018770,0.018738,0.854413,0.518918,-0.924069,0.442213,0.039136,-0.066707,-0.063642,0.645850,0.757877,-0.591607,0.532959,0.040146,0.012394,-0.002657,-0.793882,-0.607939,-0.766497,0.497632,0.944673
2545,21.208333,0.018777,0.018692,0.854421,0.518905,-0.924068,0.442214,0.039137,-0.066716,-0.063661,0.645835,0.757888,-0.591606,0.532965,0.040150,0.012405,-0.002688,-0.793881,-0.607941,-0.766497,0.497635,0.944679
2546,21.216667,0.018801,0.018683,0.854430,0.518890,-0.924070,0.442213,0.039138,-0.066700,-0.063649,0.645842,0.757884,-0.591606,0.532964,0.040148,0.012369,-0.002690,-0.793875,-0.607949,-0.766497,0.497637,0.944682
2547,21.225000,0.018764,0.018734,0.854425,0.518898,-0.924065,0.442213,0.039140,-0.066753,-0.063667,0.645839,0.757881,-0.591604,0.532966,0.040149,0.012358,-0.002683,-0.793883,-0.607939,-0.766500,0.497646,0.944676
2548,21.233333,0.018785,0.018751,0.854426,0.518894,-0.924068,0.442213,0.039141,-0.066746,-0.063665,0.645862,0.757862,-0.591609,0.532961,0.040149,0.012391,-0.002715,-0.793886,-0.607934,-0.766490,0.497652,0.944679
2549,21.241667,0.018740,0.018700,0.854441,0.518873,-0.924060,0.442218,0.039140,-0.066742,-0.063653,0.645853,0.757870,-0.591605,0.532964,0.040153,0.012348,-0.002683,-0.793899,-0.607918,-0.766493,0.497666,0.944674
2550,21.250000,0.018775,0.018749,0.854431,0.518887,-0.924059,0.442217,0.039139,-0.066722,-0.063659,0.645844,0.757879,-0.591610,0.532963,0.040156,0.012417,-0.002701,-0.793921,-0.607888,-0.766477,0.497666,0.944672
2551,21.258333,0.018754,0.018751,0.854441,0.518872,-0.924056,0.442219,0.039142,-0.066722,-0.063665,0.645845,0.757878,-0.591612,0.532961,0.040152,0.012395,-0.002694,-0.793930,-0.607877,-0.766476,0.497690,0.944666
2552,21.266667,0.018761,0.018786,0.854451,0.518854,-0.924053,0.442223,0.039144,-0.066744,-0.063678,0.645839,0.757880,-0.591614,0.532959,0.040153,0.012435,-0.002688,-0.793937,-0.607867,-0.766463,0.497703,0.944661
2553,21.275000,0.018827,0.018840,0.854437,0.518872,-0.924057,0.442226,0.039146,-0.066767,-0.063677,0.645848,0.757871,-0.591612,0.532964,0.040156,0.012416,-0.002695,-0.793932,-0.607874,-0.766495,0.497741,0.944662
2554,21.283333,0.018831,0.018821,0.854450,0.518851,-0.924055,0.442229,0.039142,-0.066782,-0.063688,0.645827,0.757887,-0.591611,0.532962,0.040153,0.012496,-0.002714,-0.793981,-0.607809,-0.766475,0.497745,0.944680
2555,21.291667,0.018789,0.018771,0.854456,0.518844,-0.924052,0.442226,0.039140,-0.066747,-0.063707,0.645836,0.757880,-0.591612,0.532967,0.040157,0.012477,-0.002673,-0.793954,-0.607843,-0.766488,0.497778,0.944670
2556,21.300000,0.018794,0.018872,0.854462,0.518830,-0.924050,0.442228,0.039141,-0.066755,-0.063714,0.645832,0.757882,-0.591615,0.532965,0.040154,0.012431,-0.002718,-0.793991,-0.607796,-0.766467,0.497777,0.944678
2557,21.308333,0.018798,0.018825,0.854452,0.518848,-0.924048,0.442222,0.039144,-0.066764,-0.063715,0.645830,0.757883,-0.591617,0.532963,0.040154,0.012420,-0.002751,-0.793987,-0.607802,-0.766455,0.497794,0.944686
2558,21.316667,0.018799,0.018953,0.854454,0.518841,-0.924050,0.442227,0.039142,-0.066791,-0.063737,0.645834,0.757875,-0.591615,0.532967,0.040158,0.012426,-0.002704,-0.794028,-0.607748,-0.766452,0.497812,0.944683
2559,21.325000,0.018800,0.018921,0.854446,0.518856,-0.924050,0.442226,0.039144,-0.066806,-0.063732,0.645847,0.757863,-0.591617,0.532961,0.040156,0.012407,-0.002689,-0.794045,-0.607727,-0.766454,0.497836,0.944684
2560,21.333333,0.018791,0.018944,0.854456,0.518837,-0.924051,0.442227,0.039146,-0.066827,-0.063767,0.645860,0.757848,-0.591619,0.532966,0.040156,0.012415,-0.002731,-0.794044,-0.607727,-0.766417,0.497838,0.944697
2561,21.341667,0.018787,0.018936,0.854450,0.518849,-0.924048,0.442228,0.039147,-0.066828,-0.063793,0.645841,0.757861,-0.591618,0.532969,0.040162,0.012370,-0.002717,-0.794062,-0.607705,-0.766420,0.497856,0.944706
2562,21.350000,0.018819,0.018975,0.854453,0.518842,-0.924051,0.442229,0.039146,-0.066857,-0.063784,0.645866,0.757838,-0.591623,0.532968,0.040161,0.012315,-0.002691,-0.794071,-0.607694,-0.766418,0.497867,0.944719
2563,21.358333,0.018820,0.018995,0.854448,0.518848,-0.924049,0.442232,0.039147,-0.066852,-0.063760,0.645850,0.757855,-0.591625,0.532967,0.040167,0.012255,-0.002696,-0.794097,-0.607662,-0.766407,0.497883,0.944715
2564,21.366667,0.018822,0.018953,0.854443,0.518859,-0.924051,0.442229,0.039137,-0.066895,-0.063802,0.645851,0.757846,-0.591620,0.532969,0.040156,0.012173,-0.002660,-0.794131,-0.607619,-0.766402,0.497902,0.944710
2565,21.375000,0.018843,0.018982,0.854442,0.518858,-0.924050,0.442231,0.039143,-0.066870,-0.063822,0.645851,0.757847,-0.591622,0.532973,0.040161,0.012179,-0.002662,-0.794152,-0.607591,-0.766387,0.497913,0.944715
2566,21.383333,0.018839,0.018995,0.854441,0.518860,-0.924053,0.442233,0.039140,-0.066866,-0.063803,0.645836,0.757861,-0.591623,0.532974,0.040161,0.012094,-0.002592,-0.794188,-0.607546,-0.766371,0.497926,0.944700
2567,21.391667,0.018867,0.018984,0.854449,0.518845,-0.924048,0.442234,0.039138,-0.066861,-0.063800,0.645860,0.757842,-0.591628,0.532970,0.040161,0.012028,-0.002580,-0.794220,-0.607506,-0.766358,0.497930,0.944701
2568,21.400000,0.018860,0.018948,0.854453,0.518841,-0.924044,0.442236,0.039141,-0.066872,-0.063793,0.645850,0.757850,-0.591627,0.532972,0.040162,0.011946,-0.002586,-0.794253,-0.607464,-0.766351,0.497947,0.944684
2569,21.408333,0.018818,0.018946,0.854456,0.518838,-0.924046,0.442234,0.039137,-0.066855,-0.063781,0.645846,0.757856,-0.591626,0.532971,0.040163,0.011923,-0.002602,-0.794263,-0.607451,-0.766329,0.497951,0.944687
2570,21.416667,0.018865,0.019003,0.854457,0.518831,-0.924046,0.442232,0.039141,-0.066906,-0.063805,0.645846,0.757849,-0.591632,0.532971,0.040163,0.011882,-0.002579,-0.794297,-0.607408,-0.766317,0.497961,0.944678
2571,21.425000,0.018879,0.019017,0.854438,0.518862,-0.924050,0.442230,0.039135,-0.066950,-0.063814,0.645857,0.757835,-0.591629,0.532971,0.040159,0.011923,-0.002539,-0.794320,-0.607378,-0.766303,0.497976,0.944680
2572,21.433333,0.018874,0.019034,0.854451,0.518841,-0.924043,0.442232,0.039142,-0.066914,-0.063808,0.645857,0.757839,-0.591626,0.532970,0.040161,0.011869,-0.002532,-0.794414,-0.607255,-0.766259,0.497978,0.944661
2573,21.441667,0.018922,0.019070,0.854446,0.518845,-0.924043,0.442233,0.039135,-0.066928,-0.063783,0.645850,0.757846,-0.591630,0.532972,0.040159,0.011934,-0.002539,-0.794448,-0.607210,-0.766262,0.497988,0.944673
2574,21.450000,0.018926,0.019084,0.854454,0.518832,-0.924044,0.442232,0.039134,-0.066876,-0.063766,0.645861,0.757842,-0.591630,0.532972,0.040158,0.011892,-0.002555,-0.794464,-0.607189,-0.766246,0.497993,0.944665
2575,21.458333,0.018897,0.019077,0.854453,0.518835,-0.924040,0.442233,0.039139,-0.066916,-0.063783,0.645856,0.757841,-0.591627,0.532972,0.040161,0.011903,-0.002568,-0.794499,-0.607144,-0.766243,0.497999,0.944661
2576,21.466667,0.018904,0.019063,0.854452,0.518837,-0.924040,0.442234,0.039134,-0.066886,-0.063785,0.645839,0.757858,-0.591622,0.532975,0.040160,0.011918,-0.002521,-0.794524,-0.607111,-0.766236,0.498007,0.944664
2577,21.475000,0.018922,0.019039,0.854447,0.518845,-0.924041,0.442235,0.039131,-0.066871,-0.063774,0.645854,0.757848,-0.591623,0.532975,0.040160,0.011956,-0.002515,-0.794530,-0.607103,-0.766238,0.498006,0.944672
2578,21.483333,0.018908,0.019085,0.854461,0.518820,-0.924043,0.442229,0.039133,-0.066867,-0.063746,0.645860,0.757846,-0.591627,0.532973,0.040162,0.012007,-0.002534,-0.794549,-0.607076,-0.766232,0.498004,0.944675
2579,21.491667,0.018919,0.019019,0.854454,0.518833,-0.924040,0.442230,0.039131,-0.066886,-0.063789,0.645859,0.757841,-0.591624,0.532972,0.040158,0.012006,-0.002535,-0.794573,-0.607045,-0.766233,0.498000,0.944679
2580,21.500000,0.018925,0.019005,0.854466,0.518815,-0.924041,0.442227,0.039132,-0.066886,-0.063778,0.645872,0.757831,-0.591624,0.532975,0.040160,0.011970,-0.002513,-0.794582,-0.607034,-0.766228,0.497998,0.944675
2581,21.508333,0.018925,0.019018,0.854464,0.518817,-0.924041,0.442227,0.039130,-0.066860,-0.063754,0.645874,0.757834,-0.591619,0.532972,0.040159,0.011917,-0.002530,-0.794616,-0.606991,-0.766204,0.497968,0.944679
2582,21.516667,0.018888,0.018962,0.854463,0.518823,-0.924042,0.442226,0.039129,-0.066863,-0.063718,0.645886,0.757826,-0.591623,0.532970,0.040161,0.011949,-0.002556,-0.794625,-0.606977,-0.766198,0.497966,0.944675
2583,21.525000,0.018874,0.018945,0.854463,0.518824,-0.924041,0.442226,0.039135,-0.066879,-0.063765,0.645888,0.757819,-0.591619,0.532972,0.040160,0.011952,-0.002559,-0.794642,-0.606956,-0.766200,0.497961,0.944674
2584,21.533333,0.018870,0.018971,0.854465,0.518819,-0.924045,0.442227,0.039139,-0.066853,-0.063773,0.645878,0.757830,-0.591622,0.532972,0.040156,0.011956,-0.002567,-0.794656,-0.606937,-0.766204,0.497955,0.944676
2585,21.541667,0.018858,0.018944,0.854458,0.518832,-0.924048,0.442227,0.039130,-0.066898,-0.063772,0.645885,0.757820,-0.591620,0.532971,0.040159,0.011960,-0.002596,-0.794669,-0.606920,-0.766199,0.497943,0.944666
2586,21.550000,0.018889,0.018985,0.854461,0.518825,-0.924048,0.442227,0.039134,-0.066916,-0.063818,0.645885,0.757814,-0.591623,0.532974,0.040154,0.011940,-0.002591,-0.794702,-0.606878,-0.766221,0.497945,0.944656
2587,21.558333,0.018898,0.018982,0.854455,0.518834,-0.924046,0.442226,0.039131,-0.066915,-0.063804,0.645892,0.757810,-0.591622,0.532975,0.040152,0.011977,-0.002640,-0.794719,-0.606854,-0.766225,0.497936,0.944667
2588,21.566667,0.018887,0.019007,0.854453,0.518837,-0.924048,0.442227,0.039136,-0.066854,-0.063766,0.645892,0.757818,-0.591625,0.532973,0.040160,0.011987,-0.002607,-0.794721,-0.606851,-0.766225,0.497930,0.944666
2589,21.575000,0.018896,0.018989,0.854467,0.518815,-0.924049,0.442230,0.039132,-0.066905,-0.063771,0.645899,0.757807,-0.591629,0.532970,0.040156,0.011972,-0.002611,-0.794743,-0.606822,-0.766234,0.497920,0.944669
2590,21.583333,0.018902,0.019045,0.854458,0.518828,-0.924047,0.442229,0.039132,-0.066891,-0.063793,0.645875,0.757827,-0.591626,0.532971,0.040158,0.011936,-0.002629,-0.794760,-0.606801,-0.766228,0.497916,0.944660
2591,21.591667,0.018915,0.019035,0.854450,0.518840,-0.924051,0.442225,0.039136,-0.066854,-0.063815,0.645875,0.757828,-0.591630,0.532971,0.040162,0.011891,-0.002605,-0.794793,-0.606758,-0.766240,0.497914,0.944666
2592,21.600000,0.018890,0.019097,0.854451,0.518837,-0.924053,0.442228,0.039133,-0.066908,-0.063780,0.645896,0.757809,-0.591628,0.532968,0.040153,0.011908,-0.002595,-0.794784,-0.606771,-0.766235,0.497902,0.944666
2593,21.608333,0.018888,0.019041,0.854453,0.518836,-0.924050,0.442227,0.039136,-0.066907,-0.063806,0.645900,0.757803,-0.591631,0.532969,0.040153,0.011908,-0.002575,-0.794798,-0.606752,-0.766241,0.497900,0.944674
2594,21.616667,0.018879,0.019091,0.854456,0.518830,-0.924049,0.442226,0.039136,-0.066852,-0.063755,0.645887,0.757823,-0.591629,0.532970,0.040155,0.011887,-0.002579,-0.794813,-0.606732,-0.766238,0.497892,0.944676
2595,21.625000,0.018904,0.019055,0.854456,0.518830,-0.924051,0.442228,0.039133,-0.066888,-0.063779,0.645874,0.757829,-0.591628,0.532969,0.040156,0.011885,-0.002617,-0.794821,-0.606722,-0.766239,0.497882,0.944671
2596,21.633333,0.018890,0.019094,0.854451,0.518838,-0.924051,0.442233,0.039131,-0.066890,-0.063822,0.645886,0.757815,-0.591636,0.532967,0.040150,0.011906,-0.002619,-0.794814,-0.606730,-0.766244,0.497873,0.944679
2597,21.641667,0.018874,0.019042,0.854458,0.518828,-0.924050,0.442228,0.039130,-0.066856,-0.063772,0.645886,0.757822,-0.591629,0.532969,0.040152,0.011917,-0.002608,-0.794820,-0.606722,-0.766253,0.497872,0.944688
2598,21.650000,0.018878,0.019044,0.854455,0.518833,-0.924051,0.442228,0.039128,-0.066846,-0.063799,0.645888,0.757819,-0.591628,0.532968,0.040157,0.011954,-0.002644,-0.794818,-0.606725,-0.766255,0.497864,0.944686
2599,21.658333,0.018878,0.019098,0.854453,0.518834,-0.924049,0.442227,0.039127,-0.066841,-0.063776,0.645884,0.757825,-0.591631,0.532969,0.040154,0.011891,-0.002612,-0.794821,-0.606721,-0.766247,0.497862,0.944672
2600,21.666667,0.018878,0.019156,0.854447,0.518841,-0.924050,0.442231,0.039133,-0.066836,-0.063805,0.645881,0.757826,-0.591630,0.532970,0.040154,0.011968,-0.002625,-0.794837,-0.606699,-0.766247,0.497857,0.944687
2601,21.675000,0.018894,0.019186,0.854446,0.518842,-0.924050,0.442230,0.039132,-0.066832,-0.063810,0.645889,0.757819,-0.591635,0.532971,0.040151,0.011968,-0.002626,-0.794832,-0.606706,-0.766243,0.497853,0.944687
2602,21.683333,0.018857,0.019091,0.854460,0.518824,-0.924048,0.442230,0.039127,-0.066848,-0.063802,0.645868,0.757836,-0.591629,0.532967,0.040147,0.011810,-0.002463,-0.794863,-0.606669,-0.766232,0.497850,0.944659
2603,21.691667,0.018907,0.019157,0.854457,0.518824,-0.924044,0.442228,0.039130,-0.066784,-0.063768,0.645886,0.757829,-0.591628,0.532965,0.040149,0.011967,-0.002628,-0.794851,-0.606681,-0.766234,0.497850,0.944682
2604,21.700000,0.018889,0.019175,0.854458,0.518823,-0.924047,0.442229,0.039123,-0.066818,-0.063792,0.645881,0.757829,-0.591629,0.532969,0.040152,0.011830,-0.002461,-0.794869,-0.606661,-0.766218,0.497846,0.944658
2605,21.708333,0.018913,0.019135,0.854463,0.518815,-0.924043,0.442226,0.039122,-0.066865,-0.063841,0.645880,0.757821,-0.591632,0.532968,0.040150,0.011906,-0.002625,-0.794847,-0.606688,-0.766225,0.497850,0.944676
2606,21.716667,0.018931,0.019197,0.854459,0.518819,-0.924040,0.442229,0.039127,-0.066851,-0.063799,0.645880,0.757825,-0.591631,0.532966,0.040155,0.011941,-0.002638,-0.794852,-0.606681,-0.766217,0.497853,0.944675
2607,21.725000,0.018899,0.019148,0.854459,0.518821,-0.924040,0.442228,0.039126,-0.066844,-0.063792,0.645873,0.757833,-0.591629,0.532968,0.040149,0.011838,-0.002485,-0.794862,-0.606670,-0.766205,0.497849,0.944660
2608,21.733333,0.018866,0.019183,0.854460,0.518820,-0.924037,0.442230,0.039127,-0.066807,-0.063735,0.645878,0.757837,-0.591627,0.532964,0.040151,0.011767,-0.002406,-0.794863,-0.606671,-0.766198,0.497856,0.944649
2609,21.741667,0.018912,0.019216,0.854451,0.518833,-0.924035,0.442232,0.039126,-0.066840,-0.063779,0.645857,0.757848,-0.591624,0.532966,0.040149,0.011786,-0.002432,-0.794859,-0.606674,-0.766192,0.497859,0.944650
2610,21.750000,0.018906,0.019264,0.854457,0.518821,-0.924038,0.442234,0.039123,-0.066828,-0.063749,0.645875,0.757836,-0.591627,0.532966,0.040149,0.011963,-0.002570,-0.794817,-0.606726,-0.766202,0.497869,0.944677
2611,21.758333,0.018947,0.019213,0.854443,0.518844,-0.924037,0.442230,0.039129,-0.066819,-0.063759,0.645857,0.757851,-0.591625,0.532963,0.040153,0.011938,-0.002568,-0.794791,-0.606760,-0.766195,0.497879,0.944673
2612,21.766667,0.018917,0.019239,0.854449,0.518833,-0.924040,0.442234,0.039118,-0.066749,-0.063696,0.645886,0.757838,-0.591625,0.532966,0.040153,0.011941,-0.002573,-0.794774,-0.606783,-0.766181,0.497875,0.944681
2613,21.775000,0.018924,0.019201,0.854440,0.518850,-0.924037,0.442230,0.039126,-0.066782,-0.063735,0.645893,0.757826,-0.591624,0.532965,0.040156,0.011965,-0.002589,-0.794759,-0.606802,-0.766180,0.497870,0.944692
2614,21.783333,0.018952,0.019245,0.854445,0.518839,-0.924038,0.442234,0.039122,-0.066810,-0.063714,0.645879,0.757837,-0.591623,0.532968,0.040151,0.011968,-0.002603,-0.794746,-0.606818,-0.766181,0.497873,0.944680
2615,21.791667,0.019007,0.019289,0.854443,0.518839,-0.924037,0.442231,0.039131,-0.066757,-0.063669,0.645872,0.757851,-0.591619,0.532964,0.040152,0.012010,-0.002581,-0.794730,-0.606838,-0.766179,0.497890,0.944675
2616,21.800000,0.019025,0.019303,0.854434,0.518853,-0.924039,0.442230,0.039128,-0.066761,-0.063692,0.645871,0.757851,-0.591616,0.532966,0.040156,0.012039,-0.002560,-0.794708,-0.606867,-0.766189,0.497897,0.944671
2617,21.808333,0.018984,0.019256,0.854430,0.518863,-0.924030,0.442231,0.039131,-0.066775,-0.063696,0.645873,0.757847,-0.591618,0.532963,0.040152,0.012047,-0.002628,-0.794685,-0.606897,-0.766192,0.497905,0.944671
2618,21.816667,0.018983,0.019253,0.854438,0.518849,-0.924029,0.442234,0.039124,-0.066790,-0.063712,0.645865,0.757852,-0.591619,0.532966,0.040152,0.011955,-0.002571,-0.794654,-0.606939,-0.766208,0.497930,0.944645
2619,21.825000,0.018996,0.019281,0.854444,0.518839,-0.924027,0.442231,0.039124,-0.066791,-0.063684,0.645876,0.757844,-0.591623,0.532964,0.040154,0.012007,-0.002620,-0.794639,-0.606958,-0.766216,0.497944,0.944652
2620,21.833333,0.019008,0.019294,0.854439,0.518845,-0.924030,0.442232,0.039124,-0.066782,-0.063674,0.645848,0.757869,-0.591623,0.532964,0.040156,0.012043,-0.002594,-0.794618,-0.606985,-0.766265,0.497983,0.944643
2621,21.841667,0.018996,0.019254,0.854427,0.518867,-0.924030,0.442235,0.039123,-0.066799,-0.063709,0.645872,0.757845,-0.591625,0.532965,0.040157,0.012045,-0.002586,-0.794634,-0.606964,-0.766276,0.497977,0.944650
2622,21.850000,0.018984,0.019282,0.854426,0.518868,-0.924031,0.442234,0.039122,-0.066829,-0.063707,0.645861,0.757852,-0.591627,0.532966,0.040155,0.012005,-0.002626,-0.794645,-0.606950,-0.766291,0.497985,0.944643
2623,21.858333,0.019020,0.019302,0.854437,0.518848,-0.924034,0.442238,0.039120,-0.066825,-0.063728,0.645865,0.757847,-0.591627,0.532964,0.040154,0.012002,-0.002568,-0.794645,-0.606950,-0.766351,0.498028,0.944628
2624,21.866667,0.019012,0.019263,0.854435,0.518854,-0.924030,0.442235,0.039117,-0.066881,-0.063740,0.645856,0.757848,-0.591628,0.532971,0.040156,0.011984,-0.002494,-0.794689,-0.606894,-0.766402,0.498051,0.944609
2625,21.875000,0.019010,0.019206,0.854434,0.518857,-0.924032,0.442237,0.039114,-0.066870,-0.063733,0.645873,0.757836,-0.591627,0.532968,0.040154,0.011955,-0.002473,-0.794742,-0.606824,-0.766424,0.498013,0.944619
2626,21.883333,0.018979,0.019153,0.854430,0.518866,-0.924030,0.442236,0.039112,-0.066916,-0.063761,0.645862,0.757838,-0.591635,0.532965,0.040157,0.011871,-0.002434,-0.794790,-0.606764,-0.766488,0.498035,0.944608
2627,21.891667,0.019016,0.019233,0.854435,0.518854,-0.924033,0.442235,0.039111,-0.066911,-0.063774,0.645867,0.757834,-0.591634,0.532971,0.040157,0.011861,-0.002431,-0.794846,-0.606690,-0.766532,0.498019,0.944615
2628,21.900000,0.019013,0.019192,0.854443,0.518843,-0.924033,0.442233,0.039115,-0.066925,-0.063775,0.645862,0.757836,-0.591637,0.532975,0.040157,0.011777,-0.002402,-0.794909,-0.606609,-0.766585,0.497998,0.944613
2629,21.908333,0.019009,0.019149,0.854438,0.518852,-0.924033,0.442235,0.039115,-0.066950,-0.063810,0.645851,0.757840,-0.591640,0.532976,0.040158,0.012052,-0.002397,-0.794893,-0.606626,-0.766664,0.497964,0.944664
2630,21.916667,0.018980,0.019111,0.854439,0.518853,-0.924039,0.442232,0.039110,-0.067014,-0.063882,0.645848,0.757832,-0.591646,0.532975,0.040160,0.011622,-0.002218,-0.794978,-0.606522,-0.766665,0.497977,0.944584
2631,21.925000,0.018925,0.019066,0.854436,0.518862,-0.924036,0.442234,0.039114,-0.067003,-0.063850,0.645859,0.757826,-0.591651,0.532974,0.040160,0.011539,-0.002242,-0.795020,-0.606469,-0.766707,0.497963,0.944565
2632,21.933333,0.018879,0.018993,0.854435,0.518867,-0.924041,0.442232,0.039116,-0.067049,-0.063890,0.645843,0.757832,-0.591653,0.532977,0.040163,0.011864,-0.002071,-0.795066,-0.606404,-0.766828,0.497915,0.944669
2633,21.941667,0.018878,0.018948,0.854437,0.518866,-0.924044,0.442231,0.039119,-0.067100,-0.063931,0.645835,0.757831,-0.591652,0.532981,0.040161,0.011916,-0.002117,-0.795126,-0.606324,-0.766894,0.497886,0.944667
2634,21.950000,0.018893,0.018966,0.854436,0.518866,-0.924048,0.442225,0.039119,-0.067071,-0.063936,0.645843,0.757826,-0.591653,0.532980,0.040156,0.011937,-0.002418,-0.795222,-0.606196,-0.766961,0.497859,0.944647
2635,21.958333,0.018856,0.018876,0.854440,0.518865,-0.924054,0.442224,0.039113,-0.067073,-0.063937,0.645854,0.757817,-0.591658,0.532972,0.040160,0.011913,-0.002454,-0.795258,-0.606149,-0.767017,0.497835,0.944632
2636,21.966667,0.018842,0.018886,0.854439,0.518866,-0.924053,0.442218,0.039114,-0.067040,-0.063909,0.645856,0.757820,-0.591655,0.532978,0.040164,0.011985,-0.002464,-0.795306,-0.606085,-0.767063,0.497813,0.944633
2637,21.975000,0.018841,0.018840,0.854447,0.518854,-0.924056,0.442220,0.039109,-0.067086,-0.063965,0.645856,0.757812,-0.591658,0.532975,0.040156,0.011992,-0.002725,-0.795473,-0.605864,-0.767123,0.497725,0.944615
2638,21.983333,0.018828,0.018809,0.854441,0.518867,-0.924055,0.442216,0.039116,-0.067127,-0.063965,0.645847,0.757816,-0.591659,0.532971,0.040163,0.012007,-0.002885,-0.795503,-0.605824,-0.767154,0.497690,0.944593
2639,21.991667,0.018847,0.018859,0.854448,0.518852,-0.924061,0.442215,0.039126,-0.067133,-0.064020,0.645847,0.757810,-0.591663,0.532972,0.040163,0.012034,-0.002964,-0.795521,-0.605799,-0.767195,0.497665,0.944584
2640,22.000000,0.018773,0.018732,0.854460,0.518840,-0.924060,0.442211,0.039122,-0.067131,-0.064018,0.645879,0.757784,-0.591661,0.532968,0.040168,0.011924,-0.002879,-0.795575,-0.605730,-0.767268,0.497630,0.944609
2641,22.008333,0.018768,0.018729,0.854435,0.518881,-0.924060,0.442210,0.039125,-0.067075,-0.063998,0.645864,0.757803,-0.591659,0.532970,0.040167,0.011966,-0.002867,-0.795510,-0.605816,-0.767328,0.497649,0.944563
2642,22.016667,0.018761,0.018742,0.854445,0.518865,-0.924065,0.442210,0.039124,-0.067107,-0.064025,0.645875,0.757788,-0.591660,0.532965,0.040167,0.011710,-0.002802,-0.795499,-0.605835,-0.767379,0.497643,0.944559
2643,22.025000,0.018732,0.018686,0.854441,0.518874,-0.924065,0.442209,0.039128,-0.067094,-0.064009,0.645865,0.757800,-0.591660,0.532968,0.040171,0.011707,-0.002807,-0.795494,-0.605842,-0.767417,0.497629,0.944555
2644,22.033333,0.018746,0.018671,0.854434,0.518887,-0.924071,0.442208,0.039131,-0.067140,-0.064021,0.645886,0.757776,-0.591663,0.532968,0.040173,0.011783,-0.002865,-0.795479,-0.605860,-0.767444,0.497630,0.944538
2645,22.041667,0.018721,0.018666,0.854434,0.518887,-0.924066,0.442210,0.039132,-0.067099,-0.064026,0.645871,0.757792,-0.591659,0.532966,0.040175,0.011741,-0.002876,-0.795557,-0.605759,-0.767567,0.497598,0.944563
2646,22.050000,0.018717,0.018660,0.854436,0.518884,-0.924072,0.442211,0.039137,-0.067122,-0.064027,0.645880,0.757783,-0.591661,0.532964,0.040177,0.011639,-0.002841,-0.795537,-0.605786,-0.767597,0.497601,0.944545
2647,22.058333,0.018659,0.018677,0.854440,0.518879,-0.924065,0.442209,0.039140,-0.067139,-0.064051,0.645857,0.757798,-0.591657,0.532964,0.040179,0.011623,-0.002781,-0.795531,-0.605795,-0.767628,0.497603,0.944554
2648,22.066667,0.018675,0.018670,0.854429,0.518896,-0.924066,0.442212,0.039135,-0.067106,-0.063991,0.645867,0.757798,-0.591655,0.532962,0.040182,0.011725,-0.002753,-0.795487,-0.605851,-0.767664,0.497589,0.944591
2649,22.075000,0.018664,0.018699,0.854422,0.518908,-0.924068,0.442214,0.039134,-0.067107,-0.063974,0.645872,0.757795,-0.591657,0.532967,0.040187,0.011750,-0.002679,-0.795459,-0.605887,-0.767685,0.497592,0.944605
2650,22.083333,0.018645,0.018702,0.854423,0.518907,-0.924068,0.442217,0.039138,-0.067145,-0.063993,0.645854,0.757805,-0.591655,0.532964,0.040186,0.011868,-0.002666,-0.795412,-0.605947,-0.767708,0.497581,0.944639
2651,22.091667,0.018666,0.018757,0.854421,0.518906,-0.924072,0.442215,0.039140,-0.067121,-0.063999,0.645858,0.757804,-0.591655,0.532965,0.040180,0.011843,-0.002743,-0.795267,-0.606137,-0.767596,0.497608,0.944558
2652,22.100000,0.018652,0.018722,0.854416,0.518916,-0.924071,0.442219,0.039139,-0.067171,-0.064034,0.645843,0.757809,-0.591654,0.532964,0.040181,0.011822,-0.002701,-0.795329,-0.606057,-0.767737,0.497576,0.944645
2653,22.108333,0.018645,0.018702,0.854417,0.518916,-0.924073,0.442216,0.039141,-0.067157,-0.064035,0.645848,0.757806,-0.591655,0.532960,0.040185,0.011704,-0.002872,-0.795197,-0.606231,-0.767703,0.497601,0.944631
2654,22.116667,0.018598,0.018742,0.854420,0.518912,-0.924074,0.442222,0.039138,-0.067163,-0.064003,0.645831,0.757823,-0.591658,0.532961,0.040187,0.011776,-0.002897,-0.795004,-0.606483,-0.767606,0.497636,0.944603
2655,22.125000,0.018632,0.018771,0.854402,0.518939,-0.924072,0.442223,0.039138,-0.067121,-0.064002,0.645840,0.757819,-0.591652,0.532963,0.040185,0.011618,-0.002813,-0.794916,-0.606602,-0.767617,0.497649,0.944565
2656,22.133333,0.018620,0.018833,0.854401,0.518939,-0.924070,0.442229,0.039144,-0.067163,-0.064004,0.645821,0.757831,-0.591652,0.532961,0.040182,0.011607,-0.002833,-0.794845,-0.606695,-0.767608,0.497646,0.944557
2657,22.141667,0.018651,0.018832,0.854396,0.518946,-0.924070,0.442226,0.039144,-0.067144,-0.064006,0.645810,0.757842,-0.591651,0.532965,0.040178,0.011611,-0.002864,-0.794781,-0.606779,-0.767598,0.497652,0.944554
2658,22.150000,0.018629,0.018814,0.854397,0.518946,-0.924065,0.442230,0.039136,-0.067100,-0.063992,0.645804,0.757852,-0.591652,0.532961,0.040177,0.011570,-0.002866,-0.794726,-0.606852,-0.767589,0.497665,0.944543
2659,22.158333,0.018636,0.018779,0.854399,0.518943,-0.924061,0.442230,0.039145,-0.067125,-0.064006,0.645792,0.757859,-0.591652,0.532961,0.040182,0.011678,-0.002849,-0.794637,-0.606966,-0.767561,0.497674,0.944535
2660,22.166667,0.018618,0.018776,0.854400,0.518943,-0.924064,0.442228,0.039138,-0.067138,-0.064031,0.645812,0.757839,-0.591651,0.532961,0.040181,0.011874,-0.003088,-0.794571,-0.607047,-0.767547,0.497704,0.944542
2661,22.175000,0.018640,0.018785,0.854413,0.518921,-0.924061,0.442230,0.039141,-0.067139,-0.063996,0.645791,0.757859,-0.591652,0.532962,0.040180,0.011989,-0.003324,-0.794530,-0.607097,-0.767560,0.497708,0.944572
2662,22.183333,0.018651,0.018818,0.854407,0.518928,-0.924062,0.442230,0.039137,-0.067153,-0.063999,0.645780,0.757867,-0.591653,0.532960,0.040178,0.012260,-0.003275,-0.794430,-0.607223,-0.767552,0.497715,0.944584
2663,22.191667,0.018638,0.018803,0.854401,0.518940,-0.924056,0.442233,0.039139,-0.067144,-0.064026,0.645785,0.757862,-0.591649,0.532959,0.040178,0.012229,-0.003311,-0.794382,-0.607287,-0.767547,0.497736,0.944569
2664,22.200000,0.018622,0.018854,0.854399,0.518941,-0.924060,0.442233,0.039142,-0.067153,-0.064082,0.645785,0.757856,-0.591652,0.532959,0.040178,0.012266,-0.003384,-0.794329,-0.607354,-0.767545,0.497753,0.944564
2665,22.208333,0.018592,0.018897,0.854398,0.518942,-0.924056,0.442237,0.039137,-0.067162,-0.064045,0.645772,0.757870,-0.591652,0.532963,0.040180,0.012228,-0.003434,-0.794295,-0.607399,-0.767533,0.497779,0.944567
2666,22.216667,0.018652,0.018887,0.854401,0.518935,-0.924055,0.442241,0.039133,-0.067158,-0.064053,0.645752,0.757886,-0.591653,0.532966,0.040176,0.012280,-0.003399,-0.794197,-0.607527,-0.767498,0.497847,0.944515
2667,22.225000,0.018669,0.018937,0.854391,0.518949,-0.924055,0.442239,0.039135,-0.067187,-0.064086,0.645755,0.757878,-0.591655,0.532970,0.040168,0.012292,-0.003333,-0.794169,-0.607563,-0.767505,0.497859,0.944567
2668,22.233333,0.018667,0.018946,0.854402,0.518932,-0.924053,0.442237,0.039135,-0.067204,-0.064079,0.645741,0.757889,-0.591652,0.532968,0.040165,0.012335,-0.003307,-0.794113,-0.607636,-0.767511,0.497891,0.944574
2669,22.241667,0.018702,0.018981,0.854403,0.518927,-0.924055,0.442240,0.039135,-0.067201,-0.064052,0.645739,0.757894,-0.591651,0.532969,0.040169,0.012316,-0.003402,-0.794051,-0.607717,-0.767499,0.497945,0.944522
2670,22.250000,0.018711,0.018950,0.854388,0.518953,-0.924051,0.442241,0.039139,-0.067188,-0.064051,0.645747,0.757888,-0.591648,0.532967,0.040172,0.012266,-0.003269,-0.793993,-0.607795,-0.767486,0.497992,0.944530
2671,22.258333,0.018688,0.018923,0.854389,0.518953,-0.924051,0.442240,0.039133,-0.067179,-0.064057,0.645744,0.757891,-0.591653,0.532968,0.040169,0.012229,-0.003179,-0.793919,-0.607893,-0.767503,0.498037,0.944506
2672,22.266667,0.018630,0.018942,0.854402,0.518933,-0.924047,0.442244,0.039128,-0.067220,-0.064090,0.645727,0.757899,-0.591656,0.532966,0.040168,0.012208,-0.003183,-0.793923,-0.607887,-0.767514,0.498042,0.944568
2673,22.275000,0.018663,0.018911,0.854394,0.518946,-0.924048,0.442244,0.039135,-0.067205,-0.064099,0.645716,0.757908,-0.591651,0.532966,0.040171,0.012148,-0.003203,-0.793825,-0.608016,-0.767517,0.498116,0.944562
2674,22.283333,0.018671,0.018916,0.854395,0.518943,-0.924053,0.442245,0.039133,-0.067215,-0.064144,0.645719,0.757901,-0.591652,0.532968,0.040166,0.012104,-0.003147,-0.793777,-0.608080,-0.767523,0.498158,0.944550
2675,22.291667,0.018670,0.018935,0.854385,0.518959,-0.924051,0.442242,0.039136,-0.067185,-0.064076,0.645739,0.757893,-0.591649,0.532968,0.040173,0.012097,-0.003157,-0.793738,-0.608131,-0.767538,0.498193,0.944540
2676,22.300000,0.018706,0.018934,0.854397,0.518939,-0.924053,0.442245,0.039135,-0.067216,-0.064131,0.645726,0.757897,-0.591652,0.532974,0.040161,0.012119,-0.003146,-0.793689,-0.608195,-0.767544,0.498222,0.944545
2677,22.308333,0.018676,0.018919,0.854398,0.518938,-0.924053,0.442249,0.039129,-0.067210,-0.064138,0.645740,0.757884,-0.591653,0.532967,0.040163,0.012211,-0.003064,-0.793660,-0.608232,-0.767558,0.498261,0.944564
2678,22.316667,0.018669,0.018945,0.854394,0.518945,-0.924054,0.442248,0.039130,-0.067213,-0.064108,0.645719,0.757905,-0.591652,0.532968,0.040168,0.012182,-0.003255,-0.793600,-0.608309,-0.767537,0.498282,0.944533
2679,22.325000,0.018679,0.019001,0.854394,0.518942,-0.924053,0.442246,0.039135,-0.067265,-0.064125,0.645699,0.757916,-0.591650,0.532971,0.040166,0.011889,-0.003051,-0.793497,-0.608450,-0.767581,0.498378,0.944596
2680,22.333333,0.018680,0.018980,0.854387,0.518955,-0.924051,0.442247,0.039131,-0.067238,-0.064129,0.645730,0.757892,-0.591651,0.532969,0.040165,0.011777,-0.003054,-0.793434,-0.608534,-0.767603,0.498429,0.944602
2681,22.341667,0.018654,0.018962,0.854398,0.518938,-0.924050,0.442244,0.039129,-0.067245,-0.064143,0.645732,0.757888,-0.591652,0.532967,0.040172,0.011854,-0.003282,-0.793362,-0.608625,-0.767623,0.498472,0.944622
2682,22.350000,0.018641,0.018929,0.854396,0.518943,-0.924051,0.442248,0.039128,-0.067276,-0.064156,0.645726,0.757889,-0.591651,0.532966,0.040164,0.011871,-0.003211,-0.793352,-0.608640,-0.767632,0.498496,0.944637
2683,22.358333,0.018625,0.018945,0.854409,0.518922,-0.924055,0.442246,0.039127,-0.067253,-0.064145,0.645730,0.757889,-0.591652,0.532969,0.040164,0.011705,-0.003099,-0.793371,-0.608618,-0.767624,0.498510,0.944615
2684,22.366667,0.018635,0.018945,0.854404,0.518929,-0.924050,0.442249,0.039133,-0.067284,-0.064157,0.645701,0.757910,-0.591655,0.532970,0.040165,0.011849,-0.003189,-0.793369,-0.608618,-0.767640,0.498523,0.944639
2685,22.375000,0.018672,0.019006,0.854396,0.518940,-0.924053,0.442246,0.039130,-0.067276,-0.064136,0.645721,0.757896,-0.591662,0.532968,0.040163,0.011619,-0.002876,-0.793428,-0.608547,-0.767654,0.498549,0.944624
2686,22.383333,0.018630,0.018970,0.854408,0.518923,-0.924051,0.442251,0.039134,-0.067314,-0.064192,0.645709,0.757897,-0.591661,0.532975,0.040167,0.011676,-0.003092,-0.793441,-0.608528,-0.767653,0.498545,0.944617
2687,22.391667,0.018626,0.019032,0.854402,0.518930,-0.924055,0.442250,0.039130,-0.067331,-0.064182,0.645716,0.757891,-0.591660,0.532974,0.040165,0.011521,-0.002883,-0.793504,-0.608450,-0.767703,0.498574,0.944628
2688,22.400000,0.018620,0.018980,0.854415,0.518910,-0.924053,0.442251,0.039136,-0.067323,-0.064179,0.645712,0.757895,-0.591664,0.532976,0.040166,0.011299,-0.002771,-0.793551,-0.608393,-0.767740,0.498601,0.944606
2689,22.408333,0.018594,0.018972,0.854408,0.518923,-0.924056,0.442251,0.039135,-0.067337,-0.064177,0.645718,0.757889,-0.591665,0.532977,0.040173,0.011085,-0.002730,-0.793603,-0.608329,-0.767784,0.498614,0.944595
2690,22.416667,0.018596,0.018972,0.854415,0.518912,-0.924053,0.442253,0.039132,-0.067354,-0.064185,0.645739,0.757868,-0.591664,0.532980,0.040167,0.011082,-0.002662,-0.793650,-0.608267,-0.767796,0.498613,0.944611
2691,22.425000,0.018615,0.019008,0.854418,0.518904,-0.924055,0.442253,0.039134,-0.067367,-0.064204,0.645747,0.757859,-0.591669,0.532986,0.040163,0.010973,-0.002615,-0.793705,-0.608199,-0.767805,0.498609,0.944604
2692,22.433333,0.018615,0.019016,0.854423,0.518896,-0.924055,0.442253,0.039133,-0.067356,-0.064202,0.645735,0.757871,-0.591671,0.532986,0.040163,0.010989,-0.002541,-0.793758,-0.608129,-0.767822,0.498601,0.944637
2693,22.441667,0.018577,0.019003,0.854422,0.518899,-0.924054,0.442252,0.039135,-0.067371,-0.064179,0.645745,0.757863,-0.591672,0.532983,0.040167,0.011084,-0.002504,-0.793888,-0.607958,-0.767811,0.498546,0.944624
2694,22.450000,0.018583,0.019005,0.854435,0.518878,-0.924058,0.442251,0.039130,-0.067367,-0.064200,0.645736,0.757868,-0.591674,0.532982,0.040164,0.011051,-0.002471,-0.793953,-0.607874,-0.767799,0.498519,0.944593
2695,22.458333,0.018646,0.019055,0.854435,0.518874,-0.924060,0.442250,0.039130,-0.067363,-0.064162,0.645746,0.757864,-0.591674,0.532983,0.040163,0.011030,-0.002575,-0.793996,-0.607818,-0.767811,0.498484,0.944588
2696,22.466667,0.018621,0.019073,0.854438,0.518869,-0.924062,0.442248,0.039132,-0.067356,-0.064163,0.645732,0.757876,-0.591674,0.532985,0.040164,0.011254,-0.002581,-0.794056,-0.607735,-0.767798,0.498408,0.944546
2697,22.475000,0.018586,0.019044,0.854430,0.518884,-0.924059,0.442252,0.039133,-0.067393,-0.064217,0.645731,0.757870,-0.591676,0.532984,0.040161,0.011227,-0.002606,-0.794077,-0.607708,-0.767817,0.498377,0.944547
2698,22.483333,0.018619,0.019039,0.854438,0.518871,-0.924063,0.442254,0.039133,-0.067369,-0.064165,0.645746,0.757863,-0.591676,0.532984,0.040162,0.011130,-0.002777,-0.794086,-0.607698,-0.767842,0.498327,0.944544
2699,22.491667,0.018621,0.019001,0.854426,0.518892,-0.924059,0.442250,0.039133,-0.067405,-0.064229,0.645747,0.757854,-0.591673,0.532982,0.040162,0.011035,-0.002885,-0.794067,-0.607724,-0.767842,0.498278,0.944516
2700,22.500000,0.018570,0.019013,0.854441,0.518868,-0.924061,0.442252,0.039132,-0.067332,-0.064191,0.645749,0.757861,-0.591676,0.532980,0.040159,0.011079,-0.002913,-0.794018,-0.607786,-0.767816,0.498250,0.944488
2701,22.508333,0.018612,0.019039,0.854434,0.518878,-0.924064,0.442250,0.039134,-0.067376,-0.064215,0.645746,0.757858,-0.591675,0.532979,0.040160,0.010950,-0.003075,-0.794015,-0.607792,-0.767847,0.498194,0.944488
2702,22.516667,0.018585,0.019033,0.854442,0.518865,-0.924069,0.442247,0.039133,-0.067357,-0.064224,0.645735,0.757869,-0.591680,0.532976,0.040156,0.010916,-0.003103,-0.793992,-0.607822,-0.767857,0.498144,0.944486
2703,22.525000,0.018581,0.018945,0.854440,0.518872,-0.924069,0.442247,0.039130,-0.067334,-0.064231,0.645759,0.757850,-0.591681,0.532974,0.040160,0.010878,-0.003150,-0.793948,-0.607880,-0.767858,0.498099,0.944479
2704,22.533333,0.018580,0.018988,0.854437,0.518875,-0.924071,0.442247,0.039134,-0.067334,-0.064252,0.645753,0.757853,-0.591676,0.532975,0.040159,0.010874,-0.003145,-0.793923,-0.607913,-0.767869,0.498054,0.944489
2705,22.541667,0.018600,0.018963,0.854430,0.518887,-0.924068,0.442246,0.039134,-0.067292,-0.064214,0.645759,0.757854,-0.591676,0.532974,0.040160,0.011069,-0.003154,-0.793931,-0.607898,-0.767866,0.497955,0.944513
2706,22.550000,0.018582,0.018923,0.854438,0.518876,-0.924067,0.442243,0.039136,-0.067301,-0.064242,0.645755,0.757855,-0.591677,0.532967,0.040155,0.011020,-0.003151,-0.793912,-0.607924,-0.767873,0.497894,0.944515
2707,22.558333,0.018530,0.018960,0.854446,0.518863,-0.924071,0.442246,0.039131,-0.067298,-0.064208,0.645759,0.757854,-0.591676,0.532970,0.040158,0.011161,-0.003164,-0.793920,-0.607912,-0.767843,0.497802,0.944523
2708,22.566667,0.018554,0.018974,0.854447,0.518861,-0.924074,0.442244,0.039137,-0.067311,-0.064240,0.645762,0.757848,-0.591670,0.532969,0.040152,0.011369,-0.003237,-0.794003,-0.607799,-0.767798,0.497661,0.944553
2709,22.575000,0.018520,0.018891,0.854433,0.518887,-0.924069,0.442245,0.039137,-0.067338,-0.064234,0.645759,0.757849,-0.591670,0.532967,0.040153,0.011574,-0.003472,-0.794040,-0.607746,-0.767858,0.497538,0.944643
2710,22.583333,0.018522,0.018899,0.854424,0.518902,-0.924071,0.442246,0.039136,-0.067298,-0.064226,0.645760,0.757852,-0.591675,0.532968,0.040153,0.011363,-0.003320,-0.794017,-0.607780,-0.767886,0.497491,0.944653
2711,22.591667,0.018525,0.018876,0.854443,0.518872,-0.924072,0.442250,0.039138,-0.067260,-0.064237,0.645754,0.757860,-0.591672,0.532974,0.040151,0.011288,-0.003284,-0.793980,-0.607831,-0.767892,0.497442,0.944659
2712,22.600000,0.018485,0.018871,0.854451,0.518861,-0.924069,0.442247,0.039136,-0.067296,-0.064241,0.645735,0.757872,-0.591673,0.532967,0.040152,0.011238,-0.003235,-0.793949,-0.607871,-0.767890,0.497384,0.944668
2713,22.608333,0.018517,0.018918,0.854443,0.518870,-0.924072,0.442246,0.039135,-0.067256,-0.064244,0.645756,0.757858,-0.591674,0.532969,0.040151,0.011244,-0.003286,-0.793907,-0.607927,-0.767877,0.497320,0.944663
2714,22.616667,0.018524,0.018881,0.854443,0.518871,-0.924072,0.442245,0.039137,-0.067205,-0.064176,0.645765,0.757861,-0.591666,0.532969,0.040154,0.011255,-0.003255,-0.793889,-0.607950,-0.767871,0.497257,0.944677
2715,22.625000,0.018526,0.018844,0.854435,0.518886,-0.924071,0.442245,0.039140,-0.067241,-0.064210,0.645776,0.757845,-0.591669,0.532971,0.040155,0.011208,-0.003179,-0.793869,-0.607977,-0.767864,0.497203,0.944683
2716,22.633333,0.018490,0.018920,0.854451,0.518858,-0.924070,0.442245,0.039138,-0.067213,-0.064181,0.645759,0.757865,-0.591665,0.532968,0.040151,0.011025,-0.002967,-0.793859,-0.607995,-0.767848,0.497140,0.944658
2717,22.641667,0.018467,0.018850,0.854456,0.518853,-0.924066,0.442246,0.039137,-0.067247,-0.064192,0.645765,0.757855,-0.591664,0.532966,0.040153,0.010879,-0.002958,-0.793843,-0.608018,-0.767790,0.497048,0.944627
2718,22.650000,0.018548,0.018933,0.854441,0.518872,-0.924073,0.442245,0.039135,-0.067200,-0.064168,0.645759,0.757867,-0.591664,0.532966,0.040155,0.010877,-0.002952,-0.793833,-0.608032,-0.767810,0.496967,0.944644
2719,22.658333,0.018518,0.018888,0.854446,0.518866,-0.924066,0.442246,0.039135,-0.067201,-0.064146,0.645749,0.757877,-0.591665,0.532964,0.040156,0.010809,-0.002972,-0.793773,-0.608112,-0.767756,0.496913,0.944639
2720,22.666667,0.018530,0.018898,0.854450,0.518859,-0.924066,0.442243,0.039138,-0.067214,-0.064162,0.645759,0.757866,-0.591663,0.532969,0.040156,0.010934,-0.003035,-0.793820,-0.608047,-0.767698,0.496803,0.944645
2721,22.675000,0.018528,0.018872,0.854440,0.518876,-0.924060,0.442244,0.039135,-0.067167,-0.064127,0.645752,0.757879,-0.591658,0.532966,0.040154,0.011112,-0.003104,-0.793860,-0.607991,-0.767678,0.496662,0.944661
2722,22.683333,0.018525,0.018887,0.854453,0.518855,-0.924067,0.442247,0.039137,-0.067189,-0.064141,0.645747,0.757880,-0.591657,0.532957,0.040146,0.011013,-0.003150,-0.793941,-0.607886,-0.767760,0.496540,0.944737
2723,22.691667,0.018534,0.018871,0.854440,0.518877,-0.924067,0.442242,0.039133,-0.067128,-0.064094,0.645767,0.757873,-0.591658,0.532957,0.040157,0.011083,-0.003091,-0.793860,-0.607992,-0.767668,0.496509,0.944733
2724,22.700000,0.018517,0.018850,0.854448,0.518865,-0.924070,0.442244,0.039133,-0.067137,-0.064075,0.645760,0.757879,-0.591653,0.532957,0.040160,0.011118,-0.003069,-0.793820,-0.608044,-0.767627,0.496468,0.944706
2725,22.708333,0.018552,0.018808,0.854440,0.518878,-0.924066,0.442239,0.039134,-0.067150,-0.064104,0.645756,0.757879,-0.591653,0.532960,0.040156,0.011278,-0.003083,-0.793795,-0.608073,-0.767616,0.496397,0.944778
2726,22.716667,0.018568,0.018815,0.854446,0.518868,-0.924068,0.442242,0.039130,-0.067111,-0.064132,0.645765,0.757873,-0.591656,0.532957,0.040155,0.011249,-0.003030,-0.793783,-0.608090,-0.767585,0.496348,0.944779
2727,22.725000,0.018569,0.018829,0.854450,0.518860,-0.924068,0.442240,0.039135,-0.067143,-0.064136,0.645758,0.757876,-0.591653,0.532957,0.040159,0.011236,-0.002975,-0.793860,-0.607990,-0.767514,0.496247,0.944783
2728,22.733333,0.018586,0.018848,0.854445,0.518867,-0.924072,0.442235,0.039139,-0.067137,-0.064122,0.645759,0.757876,-0.591656,0.532954,0.040159,0.011107,-0.002815,-0.793883,-0.607963,-0.767465,0.496203,0.944771
2729,22.741667,0.018587,0.018824,0.854453,0.518855,-0.924070,0.442236,0.039136,-0.067122,-0.064127,0.645773,0.757865,-0.591655,0.532955,0.040155,0.011111,-0.002873,-0.793979,-0.607837,-0.767460,0.496078,0.944756
2730,22.750000,0.018606,0.018847,0.854446,0.518865,-0.924069,0.442236,0.039139,-0.067124,-0.064095,0.645778,0.757863,-0.591655,0.532953,0.040159,0.011071,-0.002901,-0.793995,-0.607817,-0.767465,0.496028,0.944776
2731,22.758333,0.018597,0.018774,0.854451,0.518860,-0.924064,0.442237,0.039139,-0.067089,-0.064085,0.645784,0.757862,-0.591652,0.532951,0.040158,0.011138,-0.002935,-0.793994,-0.607817,-0.767464,0.495977,0.944805
2732,22.766667,0.018627,0.018831,0.854456,0.518848,-0.924065,0.442237,0.039141,-0.067102,-0.064157,0.645773,0.757864,-0.591652,0.532954,0.040161,0.011263,-0.002817,-0.793938,-0.607888,-0.767397,0.495967,0.944769
2733,22.775000,0.018623,0.018850,0.854438,0.518877,-0.924066,0.442238,0.039144,-0.067118,-0.064112,0.645798,0.757846,-0.591658,0.532950,0.040162,0.011011,-0.002793,-0.794032,-0.607770,-0.767472,0.495879,0.944786
2734,22.783333,0.018629,0.018890,0.854450,0.518856,-0.924065,0.442239,0.039138,-0.067072,-0.064107,0.645786,0.757860,-0.591654,0.532951,0.040158,0.011061,-0.002675,-0.793993,-0.607820,-0.767438,0.495865,0.944779
2735,22.791667,0.018601,0.018830,0.854447,0.518864,-0.924065,0.442240,0.039145,-0.067059,-0.064083,0.645796,0.757855,-0.591651,0.532954,0.040168,0.010953,-0.002704,-0.794051,-0.607747,-0.767461,0.495799,0.944823
2736,22.800000,0.018590,0.018779,0.854448,0.518864,-0.924066,0.442243,0.039142,-0.067057,-0.064111,0.645798,0.757851,-0.591653,0.532948,0.040159,0.011132,-0.002691,-0.794102,-0.607677,-0.767478,0.495725,0.944861
2737,22.808333,0.018589,0.018775,0.854451,0.518859,-0.924069,0.442236,0.039143,-0.067051,-0.064079,0.645796,0.757856,-0.591651,0.532951,0.040163,0.011102,-0.002614,-0.794096,-0.607685,-0.767472,0.495693,0.944882
2738,22.816667,0.018585,0.018763,0.854448,0.518866,-0.924073,0.442238,0.039141,-0.067045,-0.064103,0.645804,0.757847,-0.591652,0.532949,0.040165,0.011139,-0.002538,-0.794011,-0.607795,-0.767369,0.495677,0.944888
2739,22.825000,0.018603,0.018761,0.854445,0.518870,-0.924070,0.442236,0.039142,-0.067046,-0.064066,0.645801,0.757853,-0.591647,0.532951,0.040166,0.011142,-0.002565,-0.794089,-0.607694,-0.767451,0.495618,0.944904
2740,22.833333,0.018529,0.018670,0.854447,0.518873,-0.924068,0.442237,0.039140,-0.067062,-0.064099,0.645812,0.757840,-0.591649,0.532949,0.040168,0.011189,-0.002518,-0.793995,-0.607817,-0.767346,0.495594,0.944899
2741,22.841667,0.018605,0.018770,0.854449,0.518862,-0.924070,0.442233,0.039141,-0.067029,-0.064083,0.645829,0.757829,-0.591647,0.532947,0.040163,0.011118,-0.002326,-0.793917,-0.607920,-0.767271,0.495597,0.944824
2742,22.850000,0.018598,0.018762,0.854435,0.518886,-0.924073,0.442231,0.039141,-0.067037,-0.064096,0.645824,0.757832,-0.591648,0.532947,0.040165,0.011058,-0.002445,-0.794025,-0.607780,-0.767339,0.495506,0.944864
2743,22.858333,0.018603,0.018739,0.854442,0.518875,-0.924072,0.442235,0.039140,-0.067035,-0.064083,0.645810,0.757845,-0.591649,0.532950,0.040170,0.010993,-0.002376,-0.793911,-0.607930,-0.767236,0.495483,0.944850
2744,22.866667,0.018613,0.018764,0.854448,0.518865,-0.924073,0.442231,0.039143,-0.067033,-0.064077,0.645800,0.757855,-0.591647,0.532949,0.040170,0.010976,-0.002409,-0.793892,-0.607955,-0.767227,0.495450,0.944846
2745,22.875000,0.018609,0.018746,0.854448,0.518865,-0.924071,0.442229,0.039142,-0.067031,-0.064080,0.645817,0.757839,-0.591653,0.532951,0.040168,0.010927,-0.002481,-0.793959,-0.607868,-0.767286,0.495382,0.944861
2746,22.883333,0.018596,0.018703,0.854447,0.518869,-0.924069,0.442231,0.039141,-0.067000,-0.064106,0.645810,0.757846,-0.591646,0.532946,0.040165,0.010871,-0.002502,-0.793943,-0.607891,-0.767253,0.495338,0.944842
2747,22.891667,0.018628,0.018708,0.854445,0.518871,-0.924068,0.442230,0.039138,-0.067012,-0.064067,0.645828,0.757834,-0.591644,0.532946,0.040170,0.010801,-0.002301,-0.793948,-0.607886,-0.767248,0.495277,0.944888
2748,22.900000,0.018645,0.018720,0.854457,0.518850,-0.924068,0.442231,0.039139,-0.067023,-0.064082,0.645819,0.757839,-0.591645,0.532949,0.040166,0.010775,-0.002291,-0.793953,-0.607879,-0.767225,0.495262,0.944893
2749,22.908333,0.018634,0.018721,0.854454,0.518856,-0.924068,0.442230,0.039136,-0.066998,-0.064026,0.645836,0.757831,-0.591648,0.532944,0.040163,0.010848,-0.001914,-0.794023,-0.607788,-0.767244,0.495223,0.944949
2750,22.916667,0.018636,0.018711,0.854453,0.518857,-0.924063,0.442231,0.039136,-0.067006,-0.064047,0.645828,0.757835,-0.591649,0.532944,0.040163,0.010512,-0.001990,-0.794050,-0.607759,-0.767254,0.495184,0.944976
2751,22.925000,0.018632,0.018728,0.854455,0.518854,-0.924066,0.442229,0.039132,-0.067009,-0.064075,0.645848,0.757816,-0.591655,0.532947,0.040163,0.010259,-0.002030,-0.794097,-0.607701,-0.767278,0.495147,0.945012
2752,22.933333,0.018623,0.018714,0.854453,0.518858,-0.924062,0.442235,0.039138,-0.067048,-0.064082,0.645829,0.757828,-0.591649,0.532949,0.040164,0.010282,-0.001962,-0.794045,-0.607768,-0.767168,0.495123,0.945007
2753,22.941667,0.018651,0.018727,0.854461,0.518843,-0.924061,0.442230,0.039137,-0.067016,-0.064064,0.645852,0.757813,-0.591651,0.532949,0.040169,0.010213,-0.001797,-0.794209,-0.607556,-0.767251,0.495069,0.945032
2754,22.950000,0.018668,0.018712,0.854463,0.518840,-0.924065,0.442229,0.039129,-0.067027,-0.064098,0.645870,0.757793,-0.591648,0.532947,0.040162,0.010242,-0.001708,-0.794285,-0.607457,-0.767230,0.495016,0.945039
2755,22.958333,0.018675,0.018719,0.854462,0.518841,-0.924066,0.442232,0.039142,-0.067034,-0.064081,0.645878,0.757787,-0.591653,0.532948,0.040169,0.010298,-0.001597,-0.794348,-0.607374,-0.767206,0.494965,0.945057
2756,22.966667,0.018612,0.018726,0.854463,0.518841,-0.924064,0.442230,0.039133,-0.067059,-0.064098,0.645840,0.757816,-0.591654,0.532951,0.040169,0.010010,-0.001657,-0.794407,-0.607302,-0.767160,0.494944,0.945068
2757,22.975000,0.018664,0.018744,0.854459,0.518846,-0.924067,0.442234,0.039134,-0.067017,-0.064076,0.645854,0.757810,-0.591655,0.532946,0.040169,0.009903,-0.001441,-0.794426,-0.607278,-0.767159,0.494930,0.945073
2758,22.983333,0.018674,0.018771,0.854468,0.518829,-0.924067,0.442236,0.039134,-0.067019,-0.064081,0.645879,0.757788,-0.591652,0.532949,0.040162,0.009804,-0.001177,-0.794549,-0.607120,-0.767089,0.494885,0.945015
2759,22.991667,0.018707,0.018785,0.854458,0.518844,-0.924064,0.442230,0.039137,-0.067031,-0.064071,0.645881,0.757786,-0.591658,0.532951,0.040168,0.009966,-0.001087,-0.794575,-0.607083,-0.767080,0.494816,0.945045
2760,23.000000,0.018686,0.018773,0.854465,0.518833,-0.924064,0.442234,0.039132,-0.067048,-0.064101,0.645897,0.757768,-0.591657,0.532948,0.040168,0.009730,-0.000835,-0.794651,-0.606987,-0.767039,0.494779,0.945023
2761,23.008333,0.018681,0.018752,0.854477,0.518815,-0.924060,0.442235,0.039131,-0.067013,-0.064102,0.645890,0.757778,-0.591662,0.532946,0.040158,0.009793,-0.000922,-0.794805,-0.606786,-0.766976,0.494667,0.944970
2762,23.016667,0.018725,0.018740,0.854473,0.518819,-0.924062,0.442231,0.039132,-0.066985,-0.064076,0.645883,0.757788,-0.591659,0.532952,0.040165,0.009740,-0.000927,-0.794875,-0.606694,-0.766953,0.494596,0.944958
2763,23.025000,0.018713,0.018790,0.854473,0.518819,-0.924062,0.442231,0.039131,-0.067000,-0.064077,0.645891,0.757780,-0.591658,0.532954,0.040164,0.009583,-0.001151,-0.794894,-0.606671,-0.766935,0.494545,0.944953
2764,23.033333,0.018731,0.018797,0.854473,0.518817,-0.924057,0.442230,0.039134,-0.067051,-0.064090,0.645887,0.757778,-0.591661,0.532950,0.040169,0.009540,-0.001093,-0.794923,-0.606635,-0.766910,0.494503,0.944949
2765,23.041667,0.018708,0.018778,0.854486,0.518797,-0.924057,0.442237,0.039129,-0.067098,-0.064120,0.645877,0.757779,-0.591663,0.532952,0.040165,0.009319,-0.001126,-0.794921,-0.606640,-0.766883,0.494487,0.944896
2766,23.050000,0.018740,0.018768,0.854485,0.518798,-0.924055,0.442233,0.039131,-0.067064,-0.064087,0.645885,0.757778,-0.591666,0.532955,0.040168,0.009423,-0.001154,-0.794996,-0.606541,-0.766837,0.494410,0.944860
2767,23.058333,0.018764,0.018782,0.854487,0.518794,-0.924053,0.442235,0.039128,-0.067060,-0.064096,0.645885,0.757778,-0.591661,0.532959,0.040167,0.009107,-0.001175,-0.795027,-0.606504,-0.766852,0.494418,0.944882
2768,23.066667,0.018741,0.018794,0.854497,0.518778,-0.924054,0.442236,0.039128,-0.067032,-0.064112,0.645897,0.757769,-0.591665,0.532958,0.040164,0.009061,-0.001129,-0.795088,-0.606425,-0.766845,0.494380,0.944891
2769,23.075000,0.018756,0.018804,0.854496,0.518778,-0.924055,0.442236,0.039129,-0.067043,-0.064112,0.645889,0.757775,-0.591665,0.532957,0.040165,0.008878,-0.001114,-0.795147,-0.606351,-0.766815,0.494325,0.944902
2770,23.083333,0.018752,0.018804,0.854498,0.518775,-0.924053,0.442234,0.039128,-0.067040,-0.064094,0.645905,0.757763,-0.591668,0.532956,0.040168,0.008926,-0.001129,-0.795211,-0.606266,-0.766787,0.494248,0.944913
2771,23.091667,0.018767,0.018876,0.854492,0.518783,-0.924053,0.442230,0.039132,-0.067071,-0.064103,0.645918,0.757748,-0.591669,0.532955,0.040168,0.008760,-0.001131,-0.795356,-0.606079,-0.766789,0.494155,0.944983
2772,23.100000,0.018747,0.018741,0.854509,0.518760,-0.924055,0.442231,0.039129,-0.067066,-0.064131,0.645928,0.757738,-0.591671,0.532956,0.040166,0.008991,-0.001181,-0.795558,-0.605809,-0.766731,0.494000,0.944981
2773,23.108333,0.018763,0.018756,0.854502,0.518770,-0.924055,0.442231,0.039133,-0.067066,-0.064141,0.645916,0.757747,-0.591668,0.532955,0.040166,0.009036,-0.001245,-0.795675,-0.605655,-0.766696,0.493920,0.944980
2774,23.116667,0.018758,0.018709,0.854503,0.518771,-0.924055,0.442229,0.039129,-0.067056,-0.064122,0.645923,0.757744,-0.591668,0.532955,0.040165,0.009005,-0.001255,-0.795717,-0.605600,-0.766672,0.493874,0.944965
2775,23.125000,0.018770,0.018695,0.854504,0.518769,-0.924058,0.442228,0.039125,-0.067066,-0.064147,0.645924,0.757740,-0.591670,0.532951,0.040167,0.009010,-0.001286,-0.795744,-0.605565,-0.766664,0.493824,0.944965
2776,23.133333,0.018767,0.018676,0.854508,0.518764,-0.924061,0.442228,0.039127,-0.067067,-0.064127,0.645914,0.757750,-0.591667,0.532952,0.040162,0.008925,-0.001153,-0.795777,-0.605523,-0.766646,0.493757,0.944997
2777,23.141667,0.018781,0.018696,0.854501,0.518774,-0.924062,0.442224,0.039128,-0.067091,-0.064182,0.645934,0.757726,-0.591668,0.532951,0.040165,0.009162,-0.000996,-0.795887,-0.605374,-0.766555,0.493654,0.944949
2778,23.150000,0.018779,0.018629,0.854496,0.518784,-0.924061,0.442220,0.039128,-0.067055,-0.064156,0.645934,0.757731,-0.591665,0.532952,0.040166,0.009234,-0.001011,-0.795935,-0.605311,-0.766522,0.493604,0.944881
2779,23.158333,0.018733,0.018579,0.854496,0.518788,-0.924063,0.442219,0.039131,-0.067073,-0.064155,0.645950,0.757716,-0.591669,0.532947,0.040160,0.009241,-0.001072,-0.795933,-0.605313,-0.766519,0.493565,0.944890
2780,23.166667,0.018741,0.018566,0.854487,0.518803,-0.924065,0.442214,0.039129,-0.067032,-0.064151,0.645951,0.757720,-0.591665,0.532947,0.040164,0.009246,-0.001081,-0.795901,-0.605356,-0.766515,0.493523,0.944906
2781,23.175000,0.018720,0.018531,0.854483,0.518811,-0.924067,0.442213,0.039132,-0.067049,-0.064165,0.645959,0.757710,-0.591660,0.532946,0.040165,0.009359,-0.001112,-0.795863,-0.605403,-0.766482,0.493475,0.944923
2782,23.183333,0.018685,0.018511,0.854491,0.518799,-0.924068,0.442211,0.039125,-0.066992,-0.064142,0.645971,0.757707,-0.591657,0.532943,0.040158,0.009291,-0.001168,-0.795829,-0.605449,-0.766478,0.493433,0.944928
2783,23.191667,0.018713,0.018474,0.854486,0.518808,-0.924069,0.442205,0.039128,-0.066956,-0.064098,0.645966,0.757718,-0.591658,0.532942,0.040161,0.009354,-0.001220,-0.795767,-0.605529,-0.766456,0.493385,0.944927
2784,23.200000,0.018706,0.018454,0.854484,0.518813,-0.924069,0.442208,0.039126,-0.066965,-0.064133,0.645972,0.757709,-0.591658,0.532938,0.040163,0.009521,-0.001302,-0.795710,-0.605601,-0.766413,0.493351,0.944908
2785,23.208333,0.018708,0.018490,0.854479,0.518819,-0.924071,0.442207,0.039133,-0.067013,-0.064138,0.645972,0.757705,-0.591653,0.532937,0.040166,0.009585,-0.001337,-0.795675,-0.605647,-0.766403,0.493302,0.944908
2786,23.216667,0.018703,0.018473,0.854466,0.518843,-0.924072,0.442207,0.039129,-0.066954,-0.064136,0.645985,0.757699,-0.591654,0.532938,0.040157,0.009553,-0.001277,-0.795629,-0.605707,-0.766395,0.493261,0.944910
2787,23.225000,0.018715,0.018411,0.854465,0.518846,-0.924073,0.442206,0.039130,-0.066922,-0.064100,0.645976,0.757712,-0.591654,0.532933,0.040162,0.009624,-0.001347,-0.795568,-0.605786,-0.766364,0.493237,0.944908
2788,23.233333,0.018738,0.018439,0.854460,0.518851,-0.924074,0.442210,0.039131,-0.066910,-0.064098,0.645983,0.757707,-0.591650,0.532939,0.040161,0.009677,-0.001350,-0.795517,-0.605853,-0.766343,0.493228,0.944901
2789,23.241667,0.018757,0.018445,0.854456,0.518858,-0.924078,0.442204,0.039126,-0.066901,-0.064061,0.646000,0.757697,-0.591649,0.532937,0.040158,0.009692,-0.001375,-0.795471,-0.605913,-0.766323,0.493167,0.944913
2790,23.250000,0.018756,0.018405,0.854451,0.518867,-0.924074,0.442205,0.039128,-0.066859,-0.064063,0.646000,0.757700,-0.591648,0.532933,0.040157,0.009760,-0.001360,-0.795453,-0.605936,-0.766311,0.493164,0.944917
2791,23.258333,0.018732,0.018401,0.854443,0.518881,-0.924076,0.442205,0.039135,-0.066858,-0.064048,0.646017,0.757687,-0.591648,0.532935,0.040165,0.009776,-0.001396,-0.795417,-0.605982,-0.766289,0.493133,0.944904
2792,23.266667,0.018740,0.018407,0.854443,0.518880,-0.924079,0.442199,0.039133,-0.066848,-0.064071,0.646019,0.757684,-0.591645,0.532935,0.040162,0.009825,-0.001392,-0.795383,-0.606026,-0.766266,0.493106,0.944899
2793,23.275000,0.018752,0.018335,0.854439,0.518890,-0.924080,0.442198,0.039134,-0.066775,-0.064025,0.646023,0.757691,-0.591639,0.532933,0.040165,0.009901,-0.001445,-0.795382,-0.606026,-0.766255,0.493081,0.944903
2794,23.283333,0.018734,0.018336,0.854443,0.518883,-0.924081,0.442194,0.039130,-0.066722,-0.063994,0.646047,0.757678,-0.591639,0.532926,0.040160,0.009938,-0.001408,-0.795387,-0.606019,-0.766237,0.493066,0.944904
2795,23.291667,0.018747,0.018342,0.854434,0.518898,-0.924084,0.442192,0.039138,-0.066738,-0.063974,0.646063,0.757665,-0.591635,0.532926,0.040162,0.009960,-0.001439,-0.795398,-0.606004,-0.766223,0.493041,0.944896
2796,23.300000,0.018723,0.018310,0.854438,0.518893,-0.924079,0.442192,0.039137,-0.066645,-0.063952,0.646069,0.757669,-0.591631,0.532925,0.040155,0.010016,-0.001418,-0.795422,-0.605972,-0.766212,0.493025,0.944901
2797,23.308333,0.018757,0.018294,0.854428,0.518908,-0.924085,0.442192,0.039132,-0.066687,-0.063945,0.646055,0.757679,-0.591635,0.532922,0.040157,0.010072,-0.001397,-0.795462,-0.605919,-0.766199,0.493021,0.944900
2798,23.316667,0.018701,0.018267,0.854437,0.518897,-0.924083,0.442193,0.039133,-0.066666,-0.063943,0.646058,0.757678,-0.591631,0.532923,0.040156,0.010088,-0.001421,-0.795506,-0.605860,-0.766185,0.493015,0.944897
2799,23.325000,0.018753,0.018261,0.854433,0.518902,-0.924081,0.442192,0.039134,-0.066677,-0.064009,0.646054,0.757675,-0.591631,0.532925,0.040153,0.009986,-0.001403,-0.795584,-0.605760,-0.766176,0.493014,0.944890
2800,23.333333,0.018754,0.018244,0.854437,0.518896,-0.924078,0.442191,0.039135,-0.066662,-0.063989,0.646070,0.757664,-0.591631,0.532923,0.040161,0.010255,-0.001225,-0.795652,-0.605666,-0.766093,0.493006,0.944782
2801,23.341667,0.018801,0.018291,0.854439,0.518889,-0.924080,0.442191,0.039131,-0.066624,-0.063894,0.646084,0.757664,-0.591627,0.532921,0.040163,0.010162,-0.001362,-0.795735,-0.605558,-0.766142,0.492978,0.944837
2802,23.350000,0.018827,0.018262,0.854435,0.518896,-0.924078,0.442188,0.039134,-0.066621,-0.063946,0.646105,0.757641,-0.591628,0.532921,0.040159,0.010034,-0.001436,-0.795724,-0.605575,-0.766161,0.493041,0.944898
2803,23.358333,0.018788,0.018264,0.854444,0.518883,-0.924078,0.442186,0.039134,-0.066610,-0.063929,0.646107,0.757642,-0.591628,0.532921,0.040165,0.010120,-0.001359,-0.795867,-0.605386,-0.766028,0.493001,0.944759
2804,23.366667,0.018795,0.018229,0.854439,0.518891,-0.924079,0.442189,0.039135,-0.066573,-0.063894,0.646119,0.757639,-0.591632,0.532921,0.040158,0.010330,-0.001280,-0.795887,-0.605356,-0.765998,0.492996,0.944732
2805,23.375000,0.018813,0.018254,0.854443,0.518883,-0.924076,0.442188,0.039135,-0.066580,-0.063930,0.646127,0.757628,-0.591627,0.532919,0.040159,0.010374,-0.001419,-0.795976,-0.605238,-0.765960,0.492977,0.944717
2806,23.383333,0.018811,0.018257,0.854444,0.518881,-0.924074,0.442186,0.039131,-0.066592,-0.063954,0.646146,0.757609,-0.591625,0.532921,0.040158,0.010431,-0.001528,-0.796031,-0.605165,-0.765938,0.492950,0.944717
2807,23.391667,0.018808,0.018235,0.854438,0.518892,-0.924077,0.442189,0.039137,-0.066588,-0.063973,0.646142,0.757611,-0.591631,0.532919,0.040160,0.010470,-0.001539,-0.796055,-0.605132,-0.765922,0.492951,0.944705
2808,23.400000,0.018839,0.018284,0.854423,0.518914,-0.924081,0.442186,0.039137,-0.066595,-0.063932,0.646162,0.757597,-0.591627,0.532922,0.040162,0.010570,-0.001856,-0.796141,-0.605016,-0.765918,0.492941,0.944763
2809,23.408333,0.018801,0.018278,0.854432,0.518902,-0.924080,0.442186,0.039137,-0.066579,-0.063947,0.646151,0.757606,-0.591631,0.532920,0.040159,0.010371,-0.001741,-0.796110,-0.605060,-0.765928,0.492973,0.944735
2810,23.416667,0.018755,0.018208,0.854437,0.518897,-0.924082,0.442191,0.039133,-0.066584,-0.063921,0.646161,0.757599,-0.591630,0.532923,0.040159,0.010409,-0.001706,-0.796153,-0.605003,-0.765899,0.493007,0.944725
2811,23.425000,0.018760,0.018222,0.854438,0.518895,-0.924083,0.442187,0.039136,-0.066563,-0.063923,0.646172,0.757592,-0.591635,0.532922,0.040158,0.010359,-0.001925,-0.796219,-0.604917,-0.765871,0.492955,0.944746
2812,23.433333,0.018760,0.018170,0.854431,0.518909,-0.924086,0.442186,0.039141,-0.066539,-0.063914,0.646147,0.757616,-0.591629,0.532922,0.040149,0.010528,-0.001937,-0.796285,-0.604826,-0.765854,0.492970,0.944758
2813,23.441667,0.018784,0.018201,0.854420,0.518924,-0.924087,0.442183,0.039140,-0.066547,-0.063900,0.646148,0.757616,-0.591633,0.532920,0.040155,0.010482,-0.001953,-0.796297,-0.604811,-0.765835,0.492954,0.944750
2814,23.450000,0.018742,0.018243,0.854428,0.518911,-0.924085,0.442184,0.039137,-0.066543,-0.063902,0.646161,0.757604,-0.591631,0.532924,0.040152,0.010488,-0.001931,-0.796281,-0.604833,-0.765829,0.492979,0.944753
2815,23.458333,0.018785,0.018256,0.854414,0.518932,-0.924084,0.442186,0.039139,-0.066596,-0.063932,0.646149,0.757608,-0.591626,0.532921,0.040162,0.010303,-0.001818,-0.796174,-0.604977,-0.765873,0.493127,0.944768
2816,23.466667,0.018781,0.018255,0.854421,0.518921,-0.924082,0.442186,0.039141,-0.066563,-0.063924,0.646141,0.757618,-0.591627,0.532921,0.040151,0.009922,-0.001845,-0.796113,-0.605063,-0.765884,0.493144,0.944813
2817,23.475000,0.018767,0.018230,0.854410,0.518940,-0.924084,0.442186,0.039138,-0.066524,-0.063917,0.646123,0.757638,-0.591627,0.532918,0.040152,0.010267,-0.001643,-0.796039,-0.605157,-0.765875,0.493215,0.944728
2818,23.483333,0.018803,0.018231,0.854408,0.518943,-0.924083,0.442187,0.039140,-0.066542,-0.063927,0.646119,0.757638,-0.591624,0.532920,0.040153,0.009977,-0.001583,-0.795978,-0.605242,-0.765872,0.493278,0.944767
2819,23.491667,0.018793,0.018243,0.854405,0.518947,-0.924079,0.442186,0.039139,-0.066563,-0.063962,0.646131,0.757623,-0.591627,0.532922,0.040147,0.010048,-0.001617,-0.795984,-0.605232,-0.765873,0.493295,0.944783
2820,23.500000,0.018838,0.018316,0.854394,0.518962,-0.924081,0.442187,0.039141,-0.066516,-0.063940,0.646124,0.757636,-0.591625,0.532920,0.040149,0.010313,-0.001787,-0.795978,-0.605234,-0.765878,0.493289,0.944830
2821,23.508333,0.018799,0.018302,0.854398,0.518956,-0.924082,0.442190,0.039143,-0.066590,-0.063957,0.646126,0.757625,-0.591622,0.532922,0.040150,0.010417,-0.001767,-0.795950,-0.605270,-0.765905,0.493321,0.944838
2822,23.516667,0.018825,0.018321,0.854395,0.518960,-0.924081,0.442186,0.039146,-0.066573,-0.063969,0.646100,0.757648,-0.591620,0.532920,0.040155,0.010230,-0.001765,-0.795923,-0.605309,-0.765868,0.493291,0.944842
2823,23.525000,0.018807,0.018377,0.854391,0.518964,-0.924082,0.442190,0.039142,-0.066591,-0.063968,0.646098,0.757648,-0.591619,0.532917,0.040153,0.010180,-0.001612,-0.795839,-0.605420,-0.765883,0.493354,0.944823
2824,23.533333,0.018762,0.018341,0.854394,0.518963,-0.924080,0.442190,0.039143,-0.066537,-0.063979,0.646086,0.757662,-0.591622,0.532916,0.040150,0.010273,-0.001695,-0.795783,-0.605492,-0.765888,0.493383,0.944833
2825,23.541667,0.018788,0.018357,0.854389,0.518969,-0.924077,0.442192,0.039147,-0.066593,-0.063955,0.646070,0.757674,-0.591618,0.532919,0.040152,0.010417,-0.001715,-0.795660,-0.605652,-0.765807,0.493424,0.944790
2826,23.550000,0.018811,0.018445,0.854389,0.518965,-0.924075,0.442194,0.039147,-0.066578,-0.064007,0.646081,0.757660,-0.591619,0.532916,0.040147,0.010541,-0.001745,-0.795596,-0.605733,-0.765715,0.493438,0.944760
2827,23.558333,0.018872,0.018518,0.854377,0.518981,-0.924074,0.442193,0.039143,-0.066581,-0.063999,0.646074,0.757667,-0.591620,0.532918,0.040153,0.010292,-0.001807,-0.795536,-0.605817,-0.765678,0.493457,0.944727
2828,23.566667,0.018836,0.018555,0.854386,0.518966,-0.924072,0.442198,0.039142,-0.066567,-0.063964,0.646055,0.757687,-0.591622,0.532917,0.040150,0.010211,-0.001906,-0.795479,-0.605893,-0.765715,0.493449,0.944727
2829,23.575000,0.018844,0.018565,0.854367,0.518996,-0.924069,0.442199,0.039142,-0.066572,-0.063980,0.646047,0.757692,-0.591628,0.532919,0.040152,0.010599,-0.002257,-0.795361,-0.606039,-0.765661,0.493476,0.944749
2830,23.583333,0.018845,0.018596,0.854370,0.518991,-0.924068,0.442202,0.039143,-0.066585,-0.063986,0.646053,0.757686,-0.591624,0.532919,0.040150,0.010701,-0.002286,-0.795345,-0.606058,-0.765631,0.493467,0.944738
2831,23.591667,0.018874,0.018586,0.854365,0.518998,-0.924068,0.442206,0.039144,-0.066625,-0.064022,0.646036,0.757693,-0.591627,0.532918,0.040150,0.010721,-0.002333,-0.795244,-0.606190,-0.765565,0.493529,0.944729
2832,23.600000,0.018873,0.018572,0.854359,0.519008,-0.924067,0.442200,0.039143,-0.066634,-0.064009,0.646032,0.757698,-0.591626,0.532922,0.040153,0.010890,-0.002424,-0.795224,-0.606213,-0.765605,0.493533,0.944735
2833,23.608333,0.018844,0.018590,0.854373,0.518986,-0.924065,0.442203,0.039141,-0.066571,-0.064005,0.646041,0.757695,-0.591628,0.532924,0.040148,0.011030,-0.002491,-0.795104,-0.606368,-0.765576,0.493615,0.944712
2834,23.616667,0.018894,0.018608,0.854355,0.519013,-0.924065,0.442205,0.039144,-0.066601,-0.063994,0.646030,0.757703,-0.591623,0.532927,0.040150,0.011108,-0.002534,-0.794998,-0.606505,-0.765617,0.493671,0.944734
2835,23.625000,0.018853,0.018570,0.854362,0.519004,-0.924063,0.442203,0.039145,-0.066583,-0.064002,0.646031,0.757704,-0.591629,0.532925,0.040143,0.011113,-0.002570,-0.794979,-0.606530,-0.765620,0.493708,0.944735
2836,23.633333,0.018864,0.018559,0.854368,0.518995,-0.924058,0.442205,0.039142,-0.066616,-0.063977,0.646033,0.757701,-0.591627,0.532922,0.040149,0.011334,-0.002654,-0.794963,-0.606547,-0.765586,0.493758,0.944722
2837,23.641667,0.018858,0.018550,0.854367,0.518996,-0.924055,0.442202,0.039146,-0.066614,-0.064003,0.646016,0.757714,-0.591628,0.532924,0.040149,0.011313,-0.002665,-0.794938,-0.606579,-0.765585,0.493802,0.944736
2838,23.650000,0.018826,0.018561,0.854364,0.519003,-0.924060,0.442206,0.039142,-0.066599,-0.063993,0.646012,0.757719,-0.591629,0.532925,0.040148,0.011368,-0.002645,-0.794871,-0.606666,-0.765614,0.493866,0.944712
2839,23.658333,0.018851,0.018585,0.854364,0.519000,-0.924063,0.442202,0.039145,-0.066633,-0.063988,0.646021,0.757708,-0.591626,0.532926,0.040148,0.011272,-0.002927,-0.794666,-0.606935,-0.765682,0.494024,0.944793
2840,23.666667,0.018839,0.018581,0.854385,0.518966,-0.924058,0.442206,0.039148,-0.066653,-0.064030,0.646026,0.757699,-0.591631,0.532926,0.040147,0.011249,-0.002474,-0.794519,-0.607131,-0.765703,0.494177,0.944731
2841,23.675000,0.018839,0.018610,0.854376,0.518980,-0.924060,0.442205,0.039147,-0.066636,-0.064001,0.646011,0.757715,-0.591635,0.532924,0.040147,0.011214,-0.002500,-0.794506,-0.607147,-0.765715,0.494245,0.944745
2842,23.683333,0.018859,0.018635,0.854376,0.518979,-0.924056,0.442207,0.039143,-0.066652,-0.063998,0.645998,0.757726,-0.591628,0.532927,0.040146,0.011094,-0.002520,-0.794562,-0.607076,-0.765701,0.494272,0.944729
2843,23.691667,0.018852,0.018639,0.854373,0.518983,-0.924057,0.442208,0.039145,-0.066661,-0.064019,0.646008,0.757715,-0.591632,0.532927,0.040148,0.011181,-0.002561,-0.794648,-0.606962,-0.765702,0.494275,0.944764
2844,23.700000,0.018843,0.018614,0.854383,0.518968,-0.924054,0.442212,0.039142,-0.066643,-0.063996,0.646001,0.757724,-0.591631,0.532925,0.040143,0.011060,-0.002321,-0.794589,-0.607043,-0.765719,0.494369,0.944718
2845,23.708333,0.018850,0.018638,0.854385,0.518964,-0.924052,0.442216,0.039142,-0.066670,-0.064027,0.646005,0.757716,-0.591635,0.532930,0.040144,0.011007,-0.002396,-0.794629,-0.606992,-0.765730,0.494407,0.944730
2846,23.716667,0.018794,0.018632,0.854384,0.518969,-0.924052,0.442219,0.039141,-0.066676,-0.064011,0.646003,0.757718,-0.591632,0.532932,0.040147,0.011088,-0.002543,-0.794680,-0.606921,-0.765730,0.494410,0.944752
2847,23.725000,0.018831,0.018605,0.854382,0.518971,-0.924054,0.442218,0.039140,-0.066693,-0.064028,0.646004,0.757714,-0.591633,0.532929,0.040140,0.011025,-0.002287,-0.794634,-0.606984,-0.765751,0.494491,0.944712
2848,23.733333,0.018837,0.018660,0.854386,0.518962,-0.924055,0.442221,0.039142,-0.066690,-0.064005,0.646015,0.757707,-0.591631,0.532932,0.040140,0.010899,-0.002224,-0.794647,-0.606969,-0.765779,0.494549,0.944694
2849,23.741667,0.018874,0.018706,0.854374,0.518978,-0.924059,0.442221,0.039146,-0.066718,-0.064040,0.646034,0.757686,-0.591636,0.532932,0.040143,0.010926,-0.002177,-0.794668,-0.606942,-0.765822,0.494604,0.944736
2850,23.750000,0.018818,0.018682,0.854379,0.518973,-0.924061,0.442220,0.039145,-0.066731,-0.064061,0.646041,0.757677,-0.591637,0.532932,0.040140,0.010829,-0.002126,-0.794703,-0.606898,-0.765837,0.494637,0.944717
2851,23.758333,0.018841,0.018682,0.854382,0.518967,-0.924056,0.442221,0.039142,-0.066751,-0.064046,0.646035,0.757681,-0.591640,0.532937,0.040142,0.010784,-0.002128,-0.794771,-0.606809,-0.765856,0.494678,0.944701
2852,23.766667,0.018830,0.018645,0.854389,0.518957,-0.924055,0.442223,0.039142,-0.066723,-0.064032,0.646037,0.757683,-0.591639,0.532943,0.040142,0.010734,-0.002139,-0.794820,-0.606747,-0.765872,0.494700,0.944693
2853,23.775000,0.018798,0.018612,0.854392,0.518956,-0.924055,0.442226,0.039147,-0.066776,-0.064111,0.646042,0.757668,-0.591638,0.532940,0.040142,0.010611,-0.002216,-0.794883,-0.606666,-0.765911,0.494709,0.944716
2854,23.783333,0.018823,0.018621,0.854387,0.518962,-0.924056,0.442226,0.039146,-0.066762,-0.064119,0.646026,0.757682,-0.591641,0.532943,0.040136,0.010491,-0.002258,-0.794932,-0.606604,-0.765933,0.494734,0.944695
2855,23.791667,0.018811,0.018658,0.854402,0.518937,-0.924060,0.442226,0.039145,-0.066809,-0.064133,0.646044,0.757661,-0.591646,0.532943,0.040140,0.010244,-0.002083,-0.794987,-0.606536,-0.765958,0.494755,0.944671
2856,23.800000,0.018795,0.018635,0.854410,0.518925,-0.924057,0.442224,0.039147,-0.066786,-0.064138,0.646056,0.757652,-0.591640,0.532944,0.040139,0.010261,-0.002064,-0.795092,-0.606399,-0.765961,0.494754,0.944708
2857,23.808333,0.018785,0.018600,0.854398,0.518946,-0.924060,0.442222,0.039144,-0.066832,-0.064154,0.646054,0.757649,-0.591643,0.532946,0.040140,0.010187,-0.001803,-0.795133,-0.606347,-0.766018,0.494802,0.944695
2858,23.816667,0.018797,0.018632,0.854409,0.518926,-0.924061,0.442217,0.039142,-0.066828,-0.064180,0.646044,0.757656,-0.591649,0.532941,0.040141,0.010176,-0.001974,-0.795187,-0.606276,-0.766053,0.494815,0.944707
2859,23.825000,0.018776,0.018542,0.854408,0.518932,-0.924060,0.442217,0.039143,-0.066848,-0.064207,0.646047,0.757649,-0.591651,0.532939,0.040139,0.010490,-0.001766,-0.795297,-0.606126,-0.766053,0.494798,0.944678
2860,23.833333,0.018764,0.018535,0.854421,0.518911,-0.924062,0.442220,0.039138,-0.066860,-0.064217,0.646065,0.757632,-0.591657,0.532936,0.040135,0.010343,-0.001935,-0.795366,-0.606039,-0.766070,0.494804,0.944650
2861,23.841667,0.018771,0.018514,0.854417,0.518918,-0.924067,0.442216,0.039155,-0.066867,-0.064203,0.646061,0.757636,-0.591654,0.532941,0.040136,0.010421,-0.001805,-0.795436,-0.605946,-0.766089,0.494831,0.944655
2862,23.850000,0.018754,0.018487,0.854413,0.518927,-0.924070,0.442212,0.039145,-0.066856,-0.064220,0.646060,0.757636,-0.591653,0.532937,0.040135,0.010439,-0.001843,-0.795495,-0.605867,-0.766112,0.494848,0.944655
2863,23.858333,0.018757,0.018489,0.854416,0.518921,-0.924070,0.442212,0.039145,-0.066858,-0.064213,0.646069,0.757629,-0.591655,0.532938,0.040139,0.010382,-0.002033,-0.795567,-0.605774,-0.766155,0.494865,0.944631
2864,23.866667,0.018770,0.018478,0.854429,0.518900,-0.924072,0.442214,0.039145,-0.066847,-0.064207,0.646062,0.757637,-0.591656,0.532935,0.040140,0.010290,-0.002103,-0.795647,-0.605669,-0.766203,0.494867,0.944642
2865,23.875000,0.018759,0.018398,0.854422,0.518915,-0.924073,0.442208,0.039147,-0.066858,-0.064212,0.646069,0.757629,-0.591654,0.532935,0.040135,0.010332,-0.002011,-0.795747,-0.605538,-0.766287,0.494874,0.944647
2866,23.883333,0.018763,0.018405,0.854421,0.518915,-0.924074,0.442208,0.039150,-0.066908,-0.064227,0.646085,0.757610,-0.591652,0.532936,0.040137,0.010281,-0.002117,-0.795749,-0.605535,-0.766251,0.494888,0.944641
2867,23.891667,0.018777,0.018464,0.854423,0.518911,-0.924078,0.442209,0.039147,-0.066835,-0.064197,0.646093,0.757612,-0.591660,0.532935,0.040138,0.010111,-0.002131,-0.795894,-0.605348,-0.766328,0.494874,0.944629
2868,23.900000,0.018768,0.018454,0.854433,0.518894,-0.924077,0.442204,0.039145,-0.066891,-0.064262,0.646089,0.757605,-0.591656,0.532936,0.040135,0.010398,-0.002090,-0.795942,-0.605279,-0.766347,0.494867,0.944627
2869,23.908333,0.018772,0.018462,0.854437,0.518888,-0.924077,0.442203,0.039146,-0.066848,-0.064224,0.646082,0.757618,-0.591657,0.532933,0.040131,0.010451,-0.002034,-0.795966,-0.605247,-0.766447,0.494929,0.944679
2870,23.916667,0.018727,0.018396,0.854432,0.518900,-0.924074,0.442203,0.039143,-0.066832,-0.064199,0.646098,0.757607,-0.591654,0.532932,0.040134,0.010785,-0.002171,-0.795990,-0.605210,-0.766494,0.494904,0.944679
2871,23.925000,0.018790,0.018395,0.854441,0.518883,-0.924075,0.442205,0.039144,-0.066867,-0.064217,0.646101,0.757601,-0.591659,0.532933,0.040138,0.010422,-0.002229,-0.796035,-0.605157,-0.766590,0.494936,0.944751
2872,23.933333,0.018780,0.018364,0.854448,0.518873,-0.924070,0.442205,0.039143,-0.066892,-0.064240,0.646101,0.757596,-0.591658,0.532930,0.040139,0.010776,-0.002422,-0.796035,-0.605150,-0.766557,0.494960,0.944687
2873,23.941667,0.018723,0.018375,0.854451,0.518869,-0.924066,0.442204,0.039140,-0.066863,-0.064244,0.646098,0.757601,-0.591658,0.532930,0.040140,0.010718,-0.002291,-0.796077,-0.605097,-0.766581,0.494952,0.944708
2874,23.950000,0.018707,0.018362,0.854452,0.518869,-0.924070,0.442209,0.039143,-0.066841,-0.064230,0.646084,0.757616,-0.591661,0.532931,0.040139,0.010742,-0.002253,-0.796056,-0.605124,-0.766614,0.494922,0.944784
2875,23.958333,0.018716,0.018425,0.854438,0.518889,-0.924073,0.442205,0.039139,-0.066856,-0.064215,0.646101,0.757601,-0.591662,0.532932,0.040140,0.010877,-0.002488,-0.796071,-0.605100,-0.766601,0.494955,0.944683
2876,23.966667,0.018719,0.018393,0.854440,0.518887,-0.924067,0.442207,0.039140,-0.066864,-0.064226,0.646087,0.757612,-0.591656,0.532935,0.040138,0.010660,-0.002473,-0.796052,-0.605129,-0.766628,0.494984,0.944697
2877,23.975000,0.018743,0.018417,0.854444,0.518879,-0.924070,0.442210,0.039142,-0.066887,-0.064220,0.646081,0.757616,-0.591659,0.532933,0.040137,0.010653,-0.002306,-0.796040,-0.605145,-0.766652,0.494978,0.944692
2878,23.983333,0.018725,0.018429,0.854451,0.518867,-0.924068,0.442210,0.039140,-0.066890,-0.064223,0.646076,0.757619,-0.591655,0.532930,0.040139,0.010639,-0.002525,-0.796017,-0.605176,-0.766655,0.494978,0.944690
2879,23.991667,0.018687,0.018384,0.854448,0.518875,-0.924066,0.442208,0.039144,-0.066878,-0.064243,0.646075,0.757620,-0.591659,0.532930,0.040139,0.010926,-0.002597,-0.796016,-0.605171,-0.766659,0.494939,0.944689
2880,24.000000,0.018692,0.018389,0.854446,0.518878,-0.924066,0.442207,0.039142,-0.066864,-0.064216,0.646069,0.757628,-0.591660,0.532930,0.040140,0.010590,-0.002560,-0.795972,-0.605236,-0.766681,0.494961,0.944680
2881,24.008333,0.018720,0.018435,0.854457,0.518857,-0.924066,0.442210,0.039142,-0.066919,-0.064260,0.646069,0.757619,-0.591660,0.532932,0.040145,0.010568,-0.002604,-0.795947,-0.605269,-0.766694,0.494953,0.944673
2882,24.016667,0.018685,0.018402,0.854467,0.518843,-0.924066,0.442212,0.039135,-0.066887,-0.064238,0.646072,0.757621,-0.591663,0.532930,0.040138,0.010530,-0.002418,-0.795950,-0.605266,-0.766713,0.494940,0.944679
2883,24.025000,0.018702,0.018420,0.854462,0.518851,-0.924066,0.442210,0.039137,-0.066922,-0.064229,0.646058,0.757631,-0.591657,0.532933,0.040142,0.010486,-0.002583,-0.795909,-0.605320,-0.766721,0.494954,0.944654
2884,24.033333,0.018706,0.018471,0.854451,0.518866,-0.924069,0.442212,0.039132,-0.066909,-0.064269,0.646068,0.757620,-0.591667,0.532927,0.040138,0.010416,-0.002523,-0.795914,-0.605315,-0.766758,0.494947,0.944665
2885,24.041667,0.018689,0.018474,0.854457,0.518858,-0.924068,0.442214,0.039138,-0.066971,-0.064302,0.646056,0.757623,-0.591664,0.532927,0.040145,0.010416,-0.002474,-0.795888,-0.605349,-0.766752,0.494939,0.944647
2886,24.050000,0.018685,0.018487,0.854456,0.518858,-0.924068,0.442216,0.039139,-0.066958,-0.064283,0.646044,0.757636,-0.591668,0.532928,0.040144,0.010448,-0.002614,-0.795848,-0.605401,-0.766759,0.494951,0.944647
2887,24.058333,0.018650,0.018489,0.854446,0.518876,-0.924068,0.442214,0.039138,-0.066930,-0.064283,0.646049,0.757634,-0.591672,0.532929,0.040148,0.010386,-0.002516,-0.795837,-0.605417,-0.766778,0.494942,0.944649
2888,24.066667,0.018663,0.018513,0.854435,0.518893,-0.924072,0.442220,0.039139,-0.066989,-0.064342,0.646041,0.757630,-0.591670,0.532929,0.040146,0.010349,-0.002592,-0.795798,-0.605468,-0.766780,0.494953,0.944641
2889,24.075000,0.018638,0.018482,0.854453,0.518865,-0.924068,0.442219,0.039142,-0.067009,-0.064329,0.646042,0.757629,-0.591670,0.532929,0.040145,0.010359,-0.002648,-0.795775,-0.605497,-0.766795,0.494953,0.944642
2890,24.083333,0.018662,0.018559,0.854451,0.518865,-0.924069,0.442218,0.039142,-0.066956,-0.064305,0.646030,0.757646,-0.591672,0.532925,0.040145,0.010346,-0.002699,-0.795743,-0.605540,-0.766813,0.494953,0.944641
2891,24.091667,0.018674,0.018565,0.854449,0.518867,-0.924075,0.442219,0.039137,-0.066978,-0.064283,0.646032,0.757644,-0.591675,0.532926,0.040146,0.010358,-0.002744,-0.795706,-0.605589,-0.766819,0.494954,0.944640
2892,24.100000,0.018666,0.018548,0.854451,0.518865,-0.924075,0.442216,0.039140,-0.067027,-0.064337,0.646029,0.757637,-0.591676,0.532925,0.040149,0.010413,-0.002738,-0.795668,-0.605637,-0.766825,0.494956,0.944648
2893,24.108333,0.018636,0.018565,0.854443,0.518879,-0.924075,0.442217,0.039143,-0.067004,-0.064330,0.646023,0.757645,-0.591674,0.532924,0.040145,0.010388,-0.002837,-0.795643,-0.605670,-0.766834,0.494960,0.944635
2894,24.116667,0.018641,0.018507,0.854437,0.518891,-0.924074,0.442218,0.039145,-0.067005,-0.064321,0.646019,0.757650,-0.591677,0.532923,0.040147,0.010417,-0.002850,-0.795604,-0.605720,-0.766833,0.494972,0.944627
2895,24.125000,0.018616,0.018515,0.854437,0.518892,-0.924073,0.442219,0.039140,-0.066984,-0.064292,0.646022,0.757651,-0.591676,0.532931,0.040147,0.010453,-0.002925,-0.795581,-0.605750,-0.766844,0.494970,0.944622
2896,24.133333,0.018648,0.018519,0.854450,0.518869,-0.924076,0.442222,0.039136,-0.067033,-0.064334,0.646032,0.757635,-0.591676,0.532927,0.040152,0.010466,-0.002922,-0.795559,-0.605779,-0.766856,0.494992,0.944604
2897,24.141667,0.018656,0.018513,0.854448,0.518872,-0.924076,0.442222,0.039139,-0.066993,-0.064302,0.646008,0.757662,-0.591677,0.532930,0.040147,0.010309,-0.002976,-0.795510,-0.605845,-0.766895,0.495042,0.944655
2898,24.150000,0.018647,0.018574,0.854444,0.518877,-0.924075,0.442220,0.039131,-0.067025,-0.064302,0.646021,0.757648,-0.591675,0.532928,0.040146,0.010305,-0.003022,-0.795503,-0.605855,-0.766911,0.495063,0.944646
2899,24.158333,0.018660,0.018542,0.854446,0.518874,-0.924076,0.442220,0.039134,-0.067038,-0.064307,0.646001,0.757663,-0.591674,0.532930,0.040154,0.010387,-0.003008,-0.795502,-0.605854,-0.766928,0.495080,0.944665
2900,24.166667,0.018664,0.018531,0.854440,0.518885,-0.924074,0.442217,0.039132,-0.067041,-0.064321,0.646011,0.757653,-0.591674,0.532933,0.040151,0.010386,-0.002990,-0.795516,-0.605836,-0.766953,0.495103,0.944664
2901,24.175000,0.018639,0.018603,0.854434,0.518893,-0.924074,0.442219,0.039136,-0.067011,-0.064309,0.646004,0.757663,-0.591673,0.532931,0.040146,0.010388,-0.002880,-0.795558,-0.605781,-0.767050,0.495127,0.944737
2902,24.183333,0.018683,0.018603,0.854422,0.518910,-0.924076,0.442217,0.039128,-0.067010,-0.064306,0.646010,0.757658,-0.591667,0.532931,0.040152,0.010416,-0.002917,-0.795547,-0.605795,-0.767052,0.495174,0.944739
2903,24.191667,0.018646,0.018550,0.854426,0.518907,-0.924074,0.442214,0.039137,-0.067015,-0.064327,0.646009,0.757657,-0.591671,0.532928,0.040151,0.010430,-0.002784,-0.795587,-0.605743,-0.767092,0.495223,0.944748
2904,24.200000,0.018651,0.018531,0.854426,0.518907,-0.924076,0.442215,0.039138,-0.066986,-0.064314,0.646005,0.757663,-0.591669,0.532930,0.040151,0.010416,-0.002744,-0.795595,-0.605734,-0.767107,0.495257,0.944744
2905,24.208333,0.018653,0.018551,0.854432,0.518897,-0.924077,0.442213,0.039134,-0.067046,-0.064336,0.646002,0.757659,-0.591667,0.532929,0.040148,0.010460,-0.002705,-0.795630,-0.605686,-0.767123,0.495289,0.944754
2906,24.216667,0.018683,0.018554,0.854431,0.518898,-0.924080,0.442210,0.039134,-0.067011,-0.064320,0.646007,0.757659,-0.591668,0.532926,0.040149,0.010555,-0.002769,-0.795657,-0.605649,-0.767139,0.495304,0.944779
2907,24.225000,0.018646,0.018516,0.854440,0.518886,-0.924075,0.442209,0.039130,-0.067049,-0.064336,0.645988,0.757670,-0.591670,0.532927,0.040149,0.010741,-0.002762,-0.795680,-0.605616,-0.767110,0.495322,0.944789
2908,24.233333,0.018632,0.018507,0.854435,0.518895,-0.924074,0.442214,0.039134,-0.067045,-0.064310,0.645994,0.757668,-0.591672,0.532930,0.040155,0.010712,-0.002832,-0.795707,-0.605580,-0.767082,0.495338,0.944735
2909,24.241667,0.018672,0.018569,0.854426,0.518906,-0.924076,0.442215,0.039133,-0.067070,-0.064344,0.645997,0.757661,-0.591674,0.532931,0.040151,0.010689,-0.002876,-0.795719,-0.605564,-0.767077,0.495343,0.944726
2910,24.250000,0.018715,0.018629,0.854423,0.518906,-0.924072,0.442215,0.039133,-0.067065,-0.064354,0.646003,0.757655,-0.591681,0.532927,0.040151,0.010755,-0.002897,-0.795720,-0.605562,-0.767081,0.495365,0.944719
2911,24.258333,0.018691,0.018562,0.854438,0.518885,-0.924071,0.442220,0.039129,-0.067105,-0.064389,0.645993,0.757657,-0.591677,0.532929,0.040154,0.010678,-0.002927,-0.795714,-0.605571,-0.767087,0.495381,0.944703
2912,24.266667,0.018681,0.018604,0.854441,0.518879,-0.924067,0.442219,0.039130,-0.067096,-0.064345,0.646002,0.757654,-0.591678,0.532933,0.040149,0.010729,-0.002917,-0.795710,-0.605575,-0.767076,0.495399,0.944698
2913,24.275000,0.018729,0.018661,0.854438,0.518880,-0.924071,0.442218,0.039134,-0.067043,-0.064316,0.646022,0.757644,-0.591677,0.532929,0.040154,0.010737,-0.002953,-0.795707,-0.605579,-0.767076,0.495412,0.944693
2914,24.283333,0.018709,0.018637,0.854435,0.518887,-0.924068,0.442212,0.039131,-0.067101,-0.064360,0.646001,0.757653,-0.591681,0.532932,0.040156,0.010716,-0.002999,-0.795712,-0.605573,-0.767061,0.495426,0.944678
2915,24.291667,0.018690,0.018645,0.854439,0.518880,-0.924067,0.442212,0.039136,-0.067114,-0.064336,0.645998,0.757656,-0.591680,0.532929,0.040152,0.010745,-0.003021,-0.795736,-0.605541,-0.767060,0.495442,0.944675
2916,24.300000,0.018704,0.018637,0.854454,0.518856,-0.924067,0.442213,0.039140,-0.067104,-0.064314,0.646001,0.757657,-0.591679,0.532931,0.040157,0.010756,-0.003051,-0.795759,-0.605510,-0.767063,0.495458,0.944671
2917,24.308333,0.018680,0.018657,0.854455,0.518854,-0.924065,0.442217,0.039134,-0.067107,-0.064347,0.646006,0.757650,-0.591681,0.532932,0.040156,0.010797,-0.003063,-0.795776,-0.605487,-0.767065,0.495473,0.944676
2918,24.316667,0.018712,0.018682,0.854463,0.518839,-0.924063,0.442217,0.039136,-0.067111,-0.064334,0.645998,0.757657,-0.591678,0.532933,0.040154,0.010860,-0.003066,-0.795797,-0.605458,-0.767073,0.495499,0.944684
2919,24.325000,0.018712,0.018683,0.854458,0.518847,-0.924062,0.442222,0.039135,-0.067120,-0.064326,0.645993,0.757661,-0.591679,0.532933,0.040162,0.011112,-0.003157,-0.795782,-0.605473,-0.767110,0.495512,0.944712
2920,24.333333,0.018731,0.018707,0.854465,0.518834,-0.924062,0.442222,0.039129,-0.067104,-0.064315,0.645991,0.757665,-0.591682,0.532933,0.040158,0.010854,-0.003011,-0.795847,-0.605393,-0.767087,0.495535,0.944684
2921,24.341667,0.018756,0.018701,0.854465,0.518834,-0.924058,0.442222,0.039132,-0.067148,-0.064392,0.646008,0.757640,-0.591679,0.532939,0.040158,0.010878,-0.002978,-0.795871,-0.605361,-0.767096,0.495560,0.944688
2922,24.350000,0.018745,0.018721,0.854466,0.518832,-0.924058,0.442221,0.039130,-0.067153,-0.064364,0.645999,0.757650,-0.591683,0.532935,0.040162,0.010786,-0.002903,-0.795897,-0.605329,-0.767100,0.495582,0.944705
2923,24.358333,0.018751,0.018680,0.854465,0.518834,-0.924057,0.442227,0.039132,-0.067145,-0.064355,0.645981,0.757666,-0.591679,0.532935,0.040160,0.010845,-0.002838,-0.795913,-0.605307,-0.767118,0.495597,0.944715
2924,24.366667,0.018742,0.018709,0.854465,0.518833,-0.924060,0.442222,0.039128,-0.067131,-0.064341,0.645988,0.757663,-0.591681,0.532931,0.040160,0.010751,-0.002963,-0.795887,-0.605342,-0.767166,0.495621,0.944758
2925,24.375000,0.018739,0.018747,0.854454,0.518850,-0.924063,0.442218,0.039132,-0.067143,-0.064363,0.645988,0.757660,-0.591682,0.532933,0.040160,0.010478,-0.003061,-0.795855,-0.605388,-0.767196,0.495678,0.944757
2926,24.383333,0.018695,0.018692,0.854459,0.518846,-0.924063,0.442221,0.039130,-0.067091,-0.064318,0.645983,0.757673,-0.591682,0.532932,0.040166,0.010460,-0.003072,-0.795852,-0.605393,-0.767229,0.495691,0.944782
2927,24.391667,0.018728,0.018716,0.854451,0.518858,-0.924066,0.442217,0.039131,-0.067110,-0.064308,0.645989,0.757667,-0.591685,0.532931,0.040169,0.010530,-0.003128,-0.795799,-0.605461,-0.767262,0.495726,0.944782
2928,24.400000,0.018693,0.018708,0.854456,0.518850,-0.924064,0.442218,0.039130,-0.067128,-0.064387,0.645971,0.757674,-0.591681,0.532929,0.040161,0.010545,-0.003148,-0.795777,-0.605489,-0.767261,0.495755,0.944760
2929,24.408333,0.018687,0.018682,0.854464,0.518839,-0.924063,0.442219,0.039133,-0.067115,-0.064303,0.645989,0.757667,-0.591683,0.532930,0.040167,0.010649,-0.003110,-0.795784,-0.605479,-0.767236,0.495771,0.944739
2930,24.416667,0.018732,0.018739,0.854457,0.518846,-0.924066,0.442218,0.039128,-0.067117,-0.064346,0.645957,0.757690,-0.591681,0.532934,0.040167,0.010749,-0.003114,-0.795789,-0.605471,-0.767222,0.495777,0.944715
2931,24.425000,0.018727,0.018712,0.854466,0.518833,-0.924060,0.442222,0.039125,-0.067119,-0.064335,0.645977,0.757674,-0.591682,0.532931,0.040168,0.010826,-0.003124,-0.795785,-0.605474,-0.767213,0.495783,0.944711
2932,24.433333,0.018750,0.018733,0.854468,0.518828,-0.924058,0.442221,0.039124,-0.067140,-0.064324,0.645954,0.757693,-0.591687,0.532930,0.040167,0.010862,-0.003163,-0.795763,-0.605502,-0.767212,0.495801,0.944700
2933,24.441667,0.018702,0.018777,0.854461,0.518839,-0.924058,0.442222,0.039123,-0.067134,-0.064335,0.645969,0.757679,-0.591685,0.532932,0.040170,0.010911,-0.003199,-0.795723,-0.605553,-0.767213,0.495805,0.944696
2934,24.450000,0.018750,0.018777,0.854457,0.518844,-0.924056,0.442222,0.039122,-0.067113,-0.064340,0.645931,0.757713,-0.591681,0.532934,0.040161,0.011026,-0.003334,-0.795676,-0.605613,-0.767253,0.495832,0.944707
2935,24.458333,0.018725,0.018761,0.854457,0.518846,-0.924059,0.442224,0.039120,-0.067164,-0.064356,0.645930,0.757708,-0.591684,0.532933,0.040161,0.011008,-0.003366,-0.795625,-0.605680,-0.767249,0.495846,0.944693
2936,24.466667,0.018727,0.018746,0.854462,0.518838,-0.924057,0.442222,0.039115,-0.067174,-0.064359,0.645910,0.757724,-0.591682,0.532934,0.040161,0.011295,-0.003303,-0.795514,-0.605821,-0.767212,0.495894,0.944651
2937,24.475000,0.018695,0.018738,0.854453,0.518853,-0.924061,0.442219,0.039116,-0.067167,-0.064380,0.645914,0.757719,-0.591680,0.532932,0.040159,0.011387,-0.003257,-0.795461,-0.605889,-0.767202,0.495917,0.944651
2938,24.483333,0.018692,0.018713,0.854456,0.518851,-0.924064,0.442215,0.039118,-0.067113,-0.064330,0.645925,0.757719,-0.591676,0.532931,0.040157,0.011438,-0.003233,-0.795339,-0.606048,-0.767217,0.495957,0.944625
2939,24.491667,0.018718,0.018677,0.854432,0.518890,-0.924064,0.442213,0.039120,-0.067177,-0.064325,0.645911,0.757726,-0.591675,0.532933,0.040160,0.011394,-0.003245,-0.795185,-0.606251,-0.767241,0.496041,0.944607
2940,24.500000,0.018714,0.018706,0.854437,0.518881,-0.924066,0.442214,0.039122,-0.067227,-0.064380,0.645901,0.757725,-0.591679,0.532934,0.040157,0.011600,-0.003144,-0.795117,-0.606337,-0.767277,0.496090,0.944634
2941,24.508333,0.018676,0.018716,0.854442,0.518875,-0.924065,0.442216,0.039121,-0.067195,-0.064344,0.645896,0.757736,-0.591680,0.532931,0.040158,0.011779,-0.003243,-0.795030,-0.606448,-0.767330,0.496087,0.944676
2942,24.516667,0.018686,0.018764,0.854431,0.518890,-0.924060,0.442217,0.039116,-0.067183,-0.064341,0.645899,0.757734,-0.591680,0.532930,0.040164,0.011795,-0.003241,-0.795058,-0.606410,-0.767301,0.496098,0.944653
2943,24.525000,0.018705,0.018803,0.854434,0.518882,-0.924058,0.442219,0.039118,-0.067177,-0.064326,0.645887,0.757746,-0.591679,0.532933,0.040160,0.011889,-0.003223,-0.795062,-0.606403,-0.767300,0.496101,0.944664
2944,24.533333,0.018718,0.018836,0.854434,0.518881,-0.924056,0.442222,0.039118,-0.067191,-0.064320,0.645889,0.757744,-0.591679,0.532931,0.040159,0.011910,-0.003218,-0.795032,-0.606442,-0.767315,0.496142,0.944652
2945,24.541667,0.018739,0.018839,0.854440,0.518871,-0.924055,0.442224,0.039120,-0.067161,-0.064323,0.645891,0.757745,-0.591674,0.532933,0.040161,0.012083,-0.003358,-0.794837,-0.606694,-0.767189,0.496203,0.944558
2946,24.550000,0.018702,0.018850,0.854446,0.518861,-0.924056,0.442227,0.039115,-0.067143,-0.064319,0.645892,0.757746,-0.591673,0.532931,0.040156,0.012084,-0.003399,-0.794772,-0.606778,-0.767203,0.496267,0.944577
2947,24.558333,0.018733,0.018886,0.854446,0.518859,-0.924055,0.442224,0.039119,-0.067124,-0.064289,0.645892,0.757750,-0.591671,0.532928,0.040162,0.012190,-0.003458,-0.794726,-0.606836,-0.767212,0.496298,0.944584
2948,24.566667,0.018734,0.018905,0.854432,0.518881,-0.924054,0.442224,0.039118,-0.067134,-0.064288,0.645888,0.757752,-0.591677,0.532927,0.040160,0.012256,-0.003517,-0.794705,-0.606863,-0.767212,0.496368,0.944568
2949,24.575000,0.018703,0.018860,0.854433,0.518883,-0.924052,0.442226,0.039117,-0.067185,-0.064318,0.645881,0.757751,-0.591671,0.532928,0.040157,0.012410,-0.003823,-0.794616,-0.606974,-0.767149,0.496407,0.944503
2950,24.583333,0.018719,0.018908,0.854425,0.518892,-0.924051,0.442226,0.039118,-0.067124,-0.064294,0.645885,0.757756,-0.591669,0.532929,0.040162,0.012511,-0.003866,-0.794594,-0.606999,-0.767160,0.496452,0.944499
2951,24.591667,0.018684,0.018893,0.854432,0.518883,-0.924052,0.442224,0.039116,-0.067113,-0.064285,0.645878,0.757763,-0.591677,0.532926,0.040152,0.012472,-0.003676,-0.794525,-0.607092,-0.767175,0.496572,0.944495
2952,24.600000,0.018738,0.018991,0.854433,0.518877,-0.924057,0.442225,0.039121,-0.067140,-0.064271,0.645877,0.757763,-0.591675,0.532927,0.040161,0.012520,-0.003968,-0.794539,-0.607071,-0.767197,0.496594,0.944561
2953,24.608333,0.018705,0.018977,0.854427,0.518888,-0.924054,0.442229,0.039116,-0.067129,-0.064248,0.645864,0.757777,-0.591677,0.532930,0.040151,0.012559,-0.003784,-0.794517,-0.607100,-0.767197,0.496679,0.944502
2954,24.616667,0.018766,0.019055,0.854423,0.518890,-0.924055,0.442230,0.039116,-0.067199,-0.064297,0.645867,0.757764,-0.591676,0.532931,0.040161,0.012580,-0.003738,-0.794551,-0.607056,-0.767202,0.496740,0.944497
2955,24.625000,0.018717,0.019049,0.854437,0.518868,-0.924048,0.442234,0.039118,-0.067170,-0.064296,0.645878,0.757757,-0.591675,0.532936,0.040157,0.012581,-0.003705,-0.794584,-0.607013,-0.767214,0.496804,0.944501
2956,24.633333,0.018726,0.019045,0.854430,0.518880,-0.924044,0.442235,0.039116,-0.067200,-0.064286,0.645836,0.757791,-0.591674,0.532944,0.040153,0.012662,-0.003784,-0.794533,-0.607077,-0.767210,0.496908,0.944488
2957,24.641667,0.018695,0.019051,0.854435,0.518872,-0.924041,0.442238,0.039119,-0.067203,-0.064240,0.645851,0.757782,-0.591676,0.532939,0.040152,0.012631,-0.003755,-0.794525,-0.607088,-0.767237,0.496997,0.944499
2958,24.650000,0.018748,0.019093,0.854437,0.518866,-0.924044,0.442238,0.039119,-0.067213,-0.064276,0.645850,0.757779,-0.591671,0.532939,0.040154,0.012682,-0.004002,-0.794472,-0.607155,-0.767299,0.497102,0.944580
2959,24.658333,0.018755,0.019099,0.854446,0.518851,-0.924043,0.442239,0.039120,-0.067267,-0.064291,0.645838,0.757783,-0.591676,0.532940,0.040152,0.012449,-0.003747,-0.794323,-0.607357,-0.767366,0.497307,0.944542
2960,24.666667,0.018711,0.019157,0.854459,0.518828,-0.924047,0.442239,0.039123,-0.067235,-0.064298,0.645837,0.757786,-0.591680,0.532940,0.040148,0.012223,-0.003583,-0.794279,-0.607419,-0.767402,0.497439,0.944532
2961,24.675000,0.018745,0.019214,0.854457,0.518828,-0.924051,0.442238,0.039122,-0.067313,-0.064319,0.645842,0.757773,-0.591681,0.532940,0.040154,0.012250,-0.003499,-0.794321,-0.607364,-0.767393,0.497521,0.944533
2962,24.683333,0.018722,0.019192,0.854450,0.518842,-0.924047,0.442245,0.039120,-0.067262,-0.064311,0.645836,0.757784,-0.591684,0.532947,0.040152,0.012279,-0.003713,-0.794347,-0.607329,-0.767418,0.497614,0.944519
2963,24.691667,0.018729,0.019220,0.854443,0.518852,-0.924044,0.442242,0.039126,-0.067338,-0.064329,0.645817,0.757792,-0.591685,0.532948,0.040152,0.012551,-0.003769,-0.794420,-0.607228,-0.767416,0.497681,0.944552
2964,24.700000,0.018702,0.019171,0.854444,0.518853,-0.924042,0.442245,0.039122,-0.067364,-0.064362,0.645811,0.757791,-0.591690,0.532950,0.040148,0.012618,-0.003721,-0.794484,-0.607142,-0.767423,0.497744,0.944574
2965,24.708333,0.018707,0.019244,0.854457,0.518828,-0.924041,0.442250,0.039120,-0.067348,-0.064369,0.645798,0.757803,-0.591689,0.532950,0.040152,0.012683,-0.003693,-0.794512,-0.607105,-0.767425,0.497811,0.944583
2966,24.716667,0.018755,0.019238,0.854452,0.518835,-0.924040,0.442246,0.039123,-0.067345,-0.064362,0.645816,0.757789,-0.591690,0.532951,0.040149,0.012803,-0.003763,-0.794518,-0.607094,-0.767449,0.497886,0.944587
2967,24.725000,0.018779,0.019264,0.854452,0.518834,-0.924036,0.442247,0.039122,-0.067379,-0.064375,0.645817,0.757784,-0.591689,0.532953,0.040147,0.012781,-0.003668,-0.794502,-0.607116,-0.767426,0.497966,0.944553
2968,24.733333,0.018780,0.019279,0.854438,0.518855,-0.924036,0.442254,0.039121,-0.067348,-0.064344,0.645804,0.757800,-0.591687,0.532955,0.040147,0.012889,-0.003710,-0.794487,-0.607133,-0.767444,0.498047,0.944551
2969,24.741667,0.018757,0.019286,0.854449,0.518838,-0.924034,0.442254,0.039112,-0.067357,-0.064378,0.645815,0.757787,-0.591690,0.532955,0.040148,0.012947,-0.003693,-0.794469,-0.607155,-0.767452,0.498114,0.944543
2970,24.750000,0.018766,0.019325,0.854454,0.518829,-0.924029,0.442257,0.039118,-0.067342,-0.064349,0.645800,0.757804,-0.591688,0.532953,0.040149,0.012911,-0.003734,-0.794457,-0.607171,-0.767455,0.498181,0.944535
2971,24.758333,0.018753,0.019337,0.854442,0.518848,-0.924035,0.442256,0.039117,-0.067391,-0.064375,0.645802,0.757796,-0.591689,0.532950,0.040150,0.012692,-0.003781,-0.794368,-0.607292,-0.767442,0.498278,0.944514
2972,24.766667,0.018780,0.019458,0.854431,0.518860,-0.924035,0.442252,0.039119,-0.067366,-0.064337,0.645798,0.757804,-0.591686,0.532949,0.040148,0.012682,-0.003811,-0.794324,-0.607349,-0.767452,0.498349,0.944512
2973,24.775000,0.018775,0.019399,0.854446,0.518838,-0.924036,0.442256,0.039115,-0.067354,-0.064342,0.645787,0.757815,-0.591686,0.532950,0.040142,0.012677,-0.003842,-0.794293,-0.607391,-0.767460,0.498419,0.944504
2974,24.783333,0.018800,0.019443,0.854442,0.518842,-0.924034,0.442258,0.039110,-0.067393,-0.064399,0.645781,0.757812,-0.591688,0.532952,0.040143,0.012595,-0.003861,-0.794269,-0.607424,-0.767465,0.498491,0.944482
2975,24.791667,0.018792,0.019379,0.854433,0.518859,-0.924031,0.442261,0.039123,-0.067405,-0.064380,0.645785,0.757809,-0.591690,0.532953,0.040144,0.012612,-0.003885,-0.794295,-0.607389,-0.767508,0.498558,0.944478
2976,24.800000,0.018744,0.019387,0.854436,0.518856,-0.924033,0.442262,0.039111,-0.067395,-0.064372,0.645772,0.757821,-0.591693,0.532955,0.040141,0.012466,-0.003875,-0.794171,-0.607555,-0.767503,0.498671,0.944521
2977,24.808333,0.018738,0.019423,0.854440,0.518849,-0.924029,0.442267,0.039117,-0.067408,-0.064422,0.645782,0.757807,-0.591691,0.532956,0.040151,0.012306,-0.003806,-0.794157,-0.607577,-0.767516,0.498748,0.944505
2978,24.816667,0.018791,0.019455,0.854439,0.518847,-0.924030,0.442266,0.039116,-0.067364,-0.064358,0.645778,0.757820,-0.591692,0.532953,0.040147,0.012567,-0.003990,-0.794109,-0.607633,-0.767544,0.498841,0.944561
2979,24.825000,0.018753,0.019468,0.854438,0.518849,-0.924025,0.442265,0.039117,-0.067416,-0.064399,0.645781,0.757809,-0.591691,0.532959,0.040147,0.012494,-0.004025,-0.794091,-0.607657,-0.767594,0.498927,0.944586
2980,24.833333,0.018733,0.019492,0.854435,0.518854,-0.924024,0.442271,0.039115,-0.067451,-0.064407,0.645748,0.757833,-0.591688,0.532961,0.040148,0.012345,-0.004036,-0.794085,-0.607668,-0.767634,0.499004,0.944597
2981,24.841667,0.018754,0.019578,0.854434,0.518852,-0.924026,0.442269,0.039115,-0.067423,-0.064385,0.645765,0.757824,-0.591691,0.532957,0.040145,0.012344,-0.004015,-0.794079,-0.607676,-0.767648,0.499074,0.944598
2982,24.850000,0.018739,0.019494,0.854441,0.518845,-0.924026,0.442270,0.039115,-0.067415,-0.064380,0.645769,0.757821,-0.591695,0.532957,0.040143,0.012363,-0.004052,-0.794041,-0.607725,-0.767567,0.499137,0.944495
2983,24.858333,0.018800,0.019578,0.854436,0.518847,-0.924027,0.442267,0.039118,-0.067462,-0.064394,0.645762,0.757822,-0.591692,0.532960,0.040145,0.012516,-0.003964,-0.794062,-0.607696,-0.767515,0.499210,0.944414
2984,24.866667,0.018766,0.019490,0.854448,0.518832,-0.924029,0.442265,0.039119,-0.067456,-0.064408,0.645763,0.757820,-0.591693,0.532960,0.040141,0.012505,-0.004003,-0.794118,-0.607622,-0.767527,0.499242,0.944427
2985,24.875000,0.018765,0.019488,0.854450,0.518829,-0.924028,0.442273,0.039119,-0.067472,-0.064426,0.645767,0.757814,-0.591701,0.532960,0.040140,0.012596,-0.003970,-0.794113,-0.607627,-0.767546,0.499301,0.944399
2986,24.883333,0.018777,0.019545,0.854449,0.518828,-0.924029,0.442268,0.039121,-0.067466,-0.064429,0.645748,0.757830,-0.591700,0.532960,0.040138,0.012452,-0.004018,-0.794174,-0.607550,-0.767546,0.499337,0.944419
2987,24.891667,0.018744,0.019533,0.854447,0.518832,-0.924027,0.442261,0.039112,-0.067504,-0.064498,0.645768,0.757804,-0.591702,0.532964,0.040139,0.012541,-0.004051,-0.794224,-0.607482,-0.767546,0.499379,0.944419
2988,24.900000,0.018757,0.019598,0.854449,0.518826,-0.924023,0.442265,0.039115,-0.067504,-0.064420,0.645764,0.757814,-0.591704,0.532959,0.040139,0.012674,-0.004245,-0.794279,-0.607406,-0.767563,0.499425,0.944441
2989,24.908333,0.018766,0.019605,0.854452,0.518821,-0.924025,0.442268,0.039112,-0.067498,-0.064448,0.645779,0.757799,-0.591703,0.532963,0.040145,0.012628,-0.004243,-0.794300,-0.607380,-0.767574,0.499492,0.944422
2990,24.916667,0.018733,0.019624,0.854449,0.518827,-0.924024,0.442265,0.039110,-0.067514,-0.064461,0.645792,0.757786,-0.591705,0.532967,0.040142,0.012695,-0.004244,-0.794369,-0.607288,-0.767594,0.499544,0.944431
2991,24.925000,0.018793,0.019664,0.854441,0.518836,-0.924020,0.442266,0.039113,-0.067509,-0.064469,0.645793,0.757785,-0.591706,0.532965,0.040143,0.012686,-0.004306,-0.794432,-0.607205,-0.767593,0.499602,0.944413
2992,24.933333,0.018781,0.019679,0.854459,0.518806,-0.924016,0.442266,0.039109,-0.067432,-0.064389,0.645817,0.757778,-0.591700,0.532962,0.040146,0.012700,-0.004303,-0.794513,-0.607099,-0.767602,0.499648,0.944417
2993,24.941667,0.018786,0.019653,0.854469,0.518790,-0.924012,0.442267,0.039116,-0.067461,-0.064394,0.645812,0.757779,-0.591702,0.532965,0.040141,0.012709,-0.004273,-0.794604,-0.606980,-0.767621,0.499696,0.944431
2994,24.950000,0.018789,0.019635,0.854473,0.518784,-0.924016,0.442262,0.039116,-0.067425,-0.064340,0.645833,0.757769,-0.591701,0.532966,0.040140,0.012698,-0.004220,-0.794676,-0.606887,-0.767635,0.499741,0.944426
2995,24.958333,0.018759,0.019580,0.854471,0.518792,-0.924014,0.442262,0.039116,-0.067490,-0.064364,0.645845,0.757751,-0.591697,0.532964,0.040147,0.012770,-0.004222,-0.794766,-0.606766,-0.767655,0.499782,0.944441
2996,24.966667,0.018781,0.019576,0.854466,0.518799,-0.924020,0.442258,0.039116,-0.067466,-0.064378,0.645837,0.757759,-0.591703,0.532966,0.040142,0.012865,-0.004124,-0.794852,-0.606653,-0.767702,0.499837,0.944442
2997,24.975000,0.018778,0.019557,0.854482,0.518774,-0.924023,0.442258,0.039119,-0.067461,-0.064359,0.645841,0.757757,-0.591699,0.532968,0.040142,0.013023,-0.004390,-0.794939,-0.606534,-0.767700,0.499874,0.944478
2998,24.983333,0.018806,0.019554,0.854476,0.518783,-0.924026,0.442261,0.039119,-0.067526,-0.064398,0.645848,0.757743,-0.591702,0.532968,0.040143,0.013058,-0.004272,-0.795009,-0.606442,-0.767730,0.499921,0.944462
2999,24.991667,0.018808,0.019559,0.854475,0.518784,-0.924023,0.442255,0.039119,-0.067533,-0.064416,0.645860,0.757730,-0.591703,0.532968,0.040146,0.012994,-0.004251,-0.795092,-0.606335,-0.767777,0.499971,0.944443
3000,25.000000,0.018807,0.019517,0.854476,0.518783,-0.924023,0.442256,0.039120,-0.067494,-0.064392,0.645864,0.757732,-0.591708,0.532970,0.040146,0.013126,-0.004219,-0.795222,-0.606161,-0.767813,0.499967,0.944444
3001,25.008333,0.018762,0.019477,0.854485,0.518772,-0.924021,0.442257,0.039114,-0.067514,-0.064401,0.645840,0.757750,-0.591706,0.532970,0.040145,0.013177,-0.004205,-0.795302,-0.606055,-0.767858,0.500011,0.944430
3002,25.016667,0.018843,0.019542,0.854482,0.518771,-0.924026,0.442251,0.039114,-0.067502,-0.064451,0.645861,0.757729,-0.591704,0.532965,0.040142,0.013169,-0.004055,-0.795340,-0.606007,-0.767897,0.500067,0.944404
3003,25.025000,0.018801,0.019490,0.854490,0.518762,-0.924025,0.442255,0.039116,-0.067502,-0.064418,0.645865,0.757729,-0.591706,0.532968,0.040147,0.013181,-0.004041,-0.795395,-0.605934,-0.767956,0.500100,0.944422
3004,25.033333,0.018809,0.019554,0.854491,0.518757,-0.924027,0.442250,0.039113,-0.067540,-0.064480,0.645851,0.757732,-0.591709,0.532968,0.040142,0.013095,-0.004042,-0.795449,-0.605865,-0.767994,0.500131,0.944405
3005,25.041667,0.018823,0.019517,0.854493,0.518755,-0.924021,0.442248,0.039117,-0.067528,-0.064500,0.645857,0.757726,-0.591710,0.532969,0.040143,0.012981,-0.003966,-0.795523,-0.605771,-0.768027,0.500148,0.944408
3006,25.050000,0.018793,0.019446,0.854504,0.518740,-0.924028,0.442244,0.039110,-0.067600,-0.064539,0.645856,0.757717,-0.591716,0.532965,0.040145,0.012886,-0.004144,-0.795592,-0.605682,-0.768085,0.500149,0.944395
3007,25.058333,0.018785,0.019406,0.854497,0.518754,-0.924031,0.442242,0.039119,-0.067600,-0.064517,0.645867,0.757709,-0.591719,0.532962,0.040143,0.012796,-0.004178,-0.795645,-0.605614,-0.768130,0.500176,0.944379
3008,25.066667,0.018750,0.019349,0.854499,0.518754,-0.924035,0.442240,0.039115,-0.067615,-0.064574,0.645867,0.757703,-0.591718,0.532960,0.040143,0.012786,-0.004209,-0.795674,-0.605575,-0.768170,0.500197,0.944377
3009,25.075000,0.018757,0.019358,0.854482,0.518782,-0.924042,0.442240,0.039116,-0.067635,-0.064597,0.645877,0.757691,-0.591723,0.532960,0.040148,0.012926,-0.004267,-0.795714,-0.605520,-0.768258,0.500233,0.944364
3010,25.083333,0.018738,0.019303,0.854490,0.518770,-0.924049,0.442251,0.039124,-0.067643,-0.064615,0.645889,0.757678,-0.591726,0.532962,0.040145,0.012848,-0.004443,-0.795805,-0.605400,-0.768261,0.500207,0.944348
3011,25.091667,0.018714,0.019279,0.854489,0.518773,-0.924050,0.442250,0.039124,-0.067651,-0.064596,0.645867,0.757698,-0.591728,0.532961,0.040143,0.012870,-0.004294,-0.795796,-0.605413,-0.768332,0.500265,0.944368
3012,25.100000,0.018728,0.019343,0.854499,0.518755,-0.924048,0.442240,0.039116,-0.067669,-0.064642,0.645881,0.757681,-0.591732,0.532958,0.040145,0.013071,-0.004437,-0.795861,-0.605322,-0.768386,0.500258,0.944338
3013,25.108333,0.018724,0.019353,0.854493,0.518764,-0.924055,0.442254,0.039123,-0.067711,-0.064677,0.645873,0.757681,-0.591731,0.532961,0.040145,0.012963,-0.004451,-0.795862,-0.605322,-0.768386,0.500268,0.944327
3014,25.116667,0.018714,0.019377,0.854495,0.518761,-0.924049,0.442242,0.039121,-0.067722,-0.064701,0.645866,0.757684,-0.591732,0.532961,0.040145,0.012895,-0.004471,-0.795884,-0.605296,-0.768409,0.500280,0.944316
3015,25.125000,0.018682,0.019375,0.854494,0.518764,-0.924049,0.442240,0.039121,-0.067754,-0.064739,0.645842,0.757698,-0.591737,0.532962,0.040146,0.012964,-0.004441,-0.795924,-0.605241,-0.768472,0.500297,0.944312
3016,25.133333,0.018640,0.019328,0.854500,0.518757,-0.924048,0.442242,0.039119,-0.067754,-0.064720,0.645838,0.757703,-0.591741,0.532959,0.040147,0.012850,-0.004518,-0.795909,-0.605263,-0.768459,0.500299,0.944314
3017,25.141667,0.018659,0.019328,0.854498,0.518760,-0.924047,0.442241,0.039124,-0.067777,-0.064718,0.645840,0.757699,-0.591744,0.532961,0.040150,0.012838,-0.004457,-0.795948,-0.605212,-0.768525,0.500337,0.944293
3018,25.150000,0.018693,0.019363,0.854494,0.518763,-0.924047,0.442241,0.039120,-0.067794,-0.064757,0.645837,0.757697,-0.591744,0.532958,0.040149,0.012936,-0.004541,-0.795927,-0.605237,-0.768523,0.500330,0.944316
3019,25.158333,0.018657,0.019300,0.854503,0.518752,-0.924047,0.442242,0.039115,-0.067823,-0.064746,0.645836,0.757696,-0.591749,0.532959,0.040145,0.012784,-0.004349,-0.795953,-0.605208,-0.768560,0.500352,0.944323
3020,25.166667,0.018678,0.019340,0.854501,0.518753,-0.924052,0.442256,0.039125,-0.067837,-0.064756,0.645822,0.757706,-0.591744,0.532961,0.040147,0.012911,-0.004531,-0.795897,-0.605278,-0.768533,0.500362,0.944321
3021,25.175000,0.018646,0.019404,0.854487,0.518776,-0.924050,0.442246,0.039119,-0.067779,-0.064719,0.645814,0.757721,-0.591744,0.532959,0.040146,0.012977,-0.004489,-0.795869,-0.605313,-0.768530,0.500372,0.944316
3022,25.183333,0.018646,0.019425,0.854484,0.518779,-0.924046,0.442250,0.039117,-0.067792,-0.064732,0.645795,0.757735,-0.591744,0.532962,0.040144,0.013065,-0.004656,-0.795817,-0.605379,-0.768508,0.500389,0.944290
3023,25.191667,0.018666,0.019403,0.854489,0.518772,-0.924046,0.442247,0.039117,-0.067811,-0.064742,0.645803,0.757726,-0.591740,0.532960,0.040148,0.013001,-0.004512,-0.795785,-0.605423,-0.768515,0.500403,0.944335
3024,25.200000,0.018679,0.019449,0.854499,0.518753,-0.924042,0.442246,0.039113,-0.067796,-0.064726,0.645787,0.757742,-0.591736,0.532961,0.040141,0.013079,-0.004630,-0.795713,-0.605515,-0.768493,0.500401,0.944330
3025,25.208333,0.018675,0.019435,0.854493,0.518763,-0.924037,0.442252,0.039116,-0.067764,-0.064689,0.645807,0.757731,-0.591733,0.532964,0.040146,0.012766,-0.004467,-0.795587,-0.605689,-0.768443,0.500441,0.944331
3026,25.216667,0.018739,0.019476,0.854491,0.518763,-0.924040,0.442251,0.039111,-0.067778,-0.064668,0.645789,0.757747,-0.591739,0.532957,0.040143,0.012869,-0.004453,-0.795486,-0.605819,-0.768378,0.500462,0.944292
3027,25.225000,0.018739,0.019475,0.854491,0.518763,-0.924036,0.442251,0.039117,-0.067754,-0.064674,0.645779,0.757757,-0.591726,0.532960,0.040150,0.012792,-0.004464,-0.795395,-0.605941,-0.768349,0.500487,0.944323
3028,25.233333,0.018707,0.019500,0.854500,0.518748,-0.924034,0.442257,0.039111,-0.067762,-0.064654,0.645767,0.757769,-0.591732,0.532956,0.040146,0.012710,-0.004245,-0.795268,-0.606110,-0.768308,0.500559,0.944324
3029,25.241667,0.018714,0.019546,0.854482,0.518776,-0.924030,0.442254,0.039107,-0.067782,-0.064685,0.645771,0.757761,-0.591733,0.532956,0.040144,0.012869,-0.004300,-0.795167,-0.606238,-0.768253,0.500606,0.944274
3030,25.250000,0.018720,0.019604,0.854486,0.518767,-0.924026,0.442260,0.039115,-0.067763,-0.064679,0.645729,0.757799,-0.591730,0.532961,0.040140,0.012902,-0.004209,-0.795123,-0.606297,-0.768233,0.500634,0.944280
3031,25.258333,0.018744,0.019619,0.854482,0.518771,-0.924018,0.442268,0.039107,-0.067744,-0.064598,0.645737,0.757800,-0.591731,0.532958,0.040140,0.012918,-0.004164,-0.795078,-0.606355,-0.768213,0.500649,0.944298
3032,25.266667,0.018732,0.019644,0.854479,0.518776,-0.924013,0.442268,0.039108,-0.067736,-0.064601,0.645744,0.757795,-0.591727,0.532959,0.040141,0.012944,-0.004152,-0.795031,-0.606417,-0.768194,0.500672,0.944302
3033,25.275000,0.018808,0.019726,0.854472,0.518782,-0.924011,0.442271,0.039105,-0.067723,-0.064600,0.645710,0.757826,-0.591726,0.532963,0.040137,0.012837,-0.004032,-0.794949,-0.606527,-0.768188,0.500750,0.944369
3034,25.283333,0.018799,0.019727,0.854468,0.518789,-0.924008,0.442274,0.039110,-0.067695,-0.064562,0.645729,0.757814,-0.591719,0.532963,0.040140,0.012810,-0.004038,-0.794905,-0.606586,-0.768111,0.500751,0.944365
3035,25.291667,0.018726,0.019746,0.854465,0.518795,-0.924008,0.442272,0.039110,-0.067732,-0.064589,0.645726,0.757812,-0.591718,0.532965,0.040139,0.012818,-0.004073,-0.794875,-0.606624,-0.768064,0.500758,0.944367
3036,25.300000,0.018750,0.019711,0.854452,0.518817,-0.924006,0.442274,0.039115,-0.067675,-0.064523,0.645726,0.757822,-0.591716,0.532970,0.040136,0.012679,-0.004164,-0.794833,-0.606681,-0.768030,0.500774,0.944396
3037,25.308333,0.018804,0.019762,0.854453,0.518812,-0.924003,0.442272,0.039114,-0.067710,-0.064536,0.645722,0.757822,-0.591715,0.532969,0.040144,0.012676,-0.004115,-0.794825,-0.606692,-0.768006,0.500768,0.944377
3038,25.316667,0.018765,0.019730,0.854481,0.518768,-0.924004,0.442276,0.039103,-0.067701,-0.064568,0.645729,0.757814,-0.591713,0.532968,0.040144,0.012776,-0.004053,-0.794776,-0.606755,-0.767986,0.500782,0.944366
3039,25.325000,0.018802,0.019745,0.854473,0.518780,-0.924003,0.442278,0.039106,-0.067704,-0.064520,0.645732,0.757815,-0.591710,0.532969,0.040142,0.012459,-0.003984,-0.794725,-0.606828,-0.767953,0.500842,0.944345
3040,25.333333,0.018783,0.019753,0.854478,0.518773,-0.923998,0.442278,0.039108,-0.067674,-0.064506,0.645711,0.757837,-0.591707,0.532967,0.040141,0.012367,-0.003967,-0.794685,-0.606883,-0.767938,0.500858,0.944336
3041,25.341667,0.018798,0.019761,0.854481,0.518766,-0.923997,0.442278,0.039107,-0.067649,-0.064494,0.645719,0.757833,-0.591710,0.532968,0.040151,0.012399,-0.003976,-0.794655,-0.606922,-0.767927,0.500866,0.944341
3042,25.350000,0.018807,0.019797,0.854477,0.518771,-0.923997,0.442278,0.039104,-0.067698,-0.064503,0.645730,0.757818,-0.591711,0.532970,0.040145,0.012426,-0.003992,-0.794639,-0.606942,-0.767911,0.500865,0.944347
3043,25.358333,0.018777,0.019826,0.854484,0.518759,-0.923995,0.442283,0.039105,-0.067649,-0.064467,0.645721,0.757833,-0.591710,0.532971,0.040140,0.012457,-0.003923,-0.794630,-0.606954,-0.767916,0.500883,0.944319
3044,25.366667,0.018815,0.019867,0.854478,0.518766,-0.923996,0.442286,0.039106,-0.067729,-0.064520,0.645720,0.757823,-0.591711,0.532972,0.040142,0.012469,-0.003920,-0.794616,-0.606971,-0.767928,0.500895,0.944326
3045,25.375000,0.018811,0.019893,0.854489,0.518747,-0.923995,0.442282,0.039106,-0.067664,-0.064498,0.645733,0.757819,-0.591709,0.532973,0.040148,0.012490,-0.003934,-0.794621,-0.606964,-0.767943,0.500895,0.944351
3046,25.383333,0.018801,0.019894,0.854495,0.518737,-0.923996,0.442282,0.039108,-0.067635,-0.064445,0.645722,0.757836,-0.591710,0.532971,0.040144,0.012457,-0.003987,-0.794629,-0.606955,-0.767915,0.500898,0.944353
3047,25.391667,0.018782,0.019854,0.854497,0.518738,-0.923995,0.442282,0.039106,-0.067625,-0.064474,0.645738,0.757821,-0.591711,0.532975,0.040143,0.012519,-0.003959,-0.794635,-0.606946,-0.767920,0.500908,0.944320
3048,25.400000,0.018784,0.019883,0.854504,0.518724,-0.923996,0.442280,0.039107,-0.067674,-0.064478,0.645750,0.757806,-0.591710,0.532970,0.040149,0.012849,-0.003834,-0.794683,-0.606876,-0.767968,0.500903,0.944343
3049,25.408333,0.018761,0.019840,0.854517,0.518706,-0.923996,0.442279,0.039111,-0.067655,-0.064469,0.645743,0.757814,-0.591709,0.532968,0.040141,0.012883,-0.003821,-0.794702,-0.606850,-0.768005,0.500911,0.944367
3050,25.416667,0.018765,0.019874,0.854505,0.518723,-0.924001,0.442275,0.039107,-0.067639,-0.064454,0.645742,0.757818,-0.591711,0.532968,0.040145,0.012964,-0.003816,-0.794742,-0.606797,-0.768033,0.500913,0.944380
3051,25.425000,0.018710,0.019784,0.854508,0.518725,-0.923998,0.442273,0.039109,-0.067597,-0.064435,0.645743,0.757822,-0.591716,0.532971,0.040143,0.012779,-0.003842,-0.794743,-0.606799,-0.767989,0.500914,0.944331
3052,25.433333,0.018743,0.019810,0.854516,0.518709,-0.923997,0.442275,0.039108,-0.067668,-0.064497,0.645759,0.757797,-0.591712,0.532970,0.040141,0.012905,-0.003975,-0.794783,-0.606743,-0.767984,0.500896,0.944328
3053,25.441667,0.018798,0.019838,0.854517,0.518705,-0.924002,0.442274,0.039107,-0.067666,-0.064503,0.645752,0.757803,-0.591717,0.532971,0.040145,0.013119,-0.004137,-0.794809,-0.606704,-0.768003,0.500851,0.944367
3054,25.450000,0.018730,0.019820,0.854514,0.518712,-0.924000,0.442275,0.039113,-0.067680,-0.064531,0.645738,0.757811,-0.591717,0.532972,0.040147,0.013227,-0.004066,-0.794816,-0.606693,-0.768056,0.500862,0.944363
3055,25.458333,0.018733,0.019831,0.854511,0.518717,-0.924001,0.442278,0.039110,-0.067706,-0.064533,0.645748,0.757800,-0.591714,0.532976,0.040144,0.013324,-0.004127,-0.794805,-0.606705,-0.768108,0.500869,0.944411
3056,25.466667,0.018747,0.019819,0.854518,0.518705,-0.924000,0.442278,0.039113,-0.067668,-0.064510,0.645759,0.757796,-0.591717,0.532975,0.040146,0.013271,-0.004126,-0.794731,-0.606802,-0.768173,0.500892,0.944413
3057,25.475000,0.018748,0.019860,0.854514,0.518710,-0.924001,0.442277,0.039106,-0.067668,-0.064513,0.645762,0.757793,-0.591713,0.532974,0.040140,0.013265,-0.004124,-0.794748,-0.606781,-0.768200,0.500896,0.944411
3058,25.483333,0.018750,0.019868,0.854514,0.518710,-0.924003,0.442273,0.039107,-0.067662,-0.064474,0.645773,0.757788,-0.591710,0.532973,0.040144,0.013269,-0.004068,-0.794754,-0.606773,-0.768228,0.500905,0.944402
3059,25.491667,0.018727,0.019888,0.854517,0.518704,-0.924002,0.442273,0.039112,-0.067674,-0.064507,0.645765,0.757790,-0.591713,0.532976,0.040143,0.013328,-0.004088,-0.794774,-0.606745,-0.768241,0.500907,0.944414
3060,25.500000,0.018683,0.019899,0.854524,0.518694,-0.924000,0.442270,0.039108,-0.067664,-0.064478,0.645772,0.757788,-0.591711,0.532972,0.040144,0.013337,-0.004121,-0.794757,-0.606768,-0.768265,0.500908,0.944425
3061,25.508333,0.018652,0.019886,0.854546,0.518659,-0.923994,0.442278,0.039115,-0.067684,-0.064520,0.645778,0.757778,-0.591714,0.532972,0.040148,0.013339,-0.004094,-0.794759,-0.606765,-0.768291,0.500917,0.944428
3062,25.516667,0.018688,0.019929,0.854539,0.518668,-0.923999,0.442273,0.039111,-0.067682,-0.064501,0.645768,0.757788,-0.591716,0.532971,0.040145,0.013335,-0.004080,-0.794748,-0.606780,-0.768303,0.500912,0.944441
3063,25.525000,0.018663,0.020003,0.854537,0.518670,-0.923995,0.442277,0.039111,-0.067661,-0.064440,0.645764,0.757798,-0.591717,0.532972,0.040149,0.013209,-0.004065,-0.794700,-0.606845,-0.768313,0.500936,0.944443
3064,25.533333,0.018674,0.020114,0.854540,0.518660,-0.923999,0.442280,0.039107,-0.067696,-0.064542,0.645746,0.757802,-0.591721,0.532970,0.040148,0.013268,-0.004082,-0.794724,-0.606812,-0.768331,0.500910,0.944455
3065,25.541667,0.018672,0.020125,0.854556,0.518633,-0.923989,0.442284,0.039107,-0.067748,-0.064533,0.645740,0.757803,-0.591723,0.532968,0.040143,0.013301,-0.004090,-0.794706,-0.606835,-0.768341,0.500899,0.944467
3066,25.550000,0.018705,0.020142,0.854568,0.518612,-0.923984,0.442293,0.039106,-0.067738,-0.064511,0.645726,0.757818,-0.591724,0.532973,0.040149,0.013191,-0.004070,-0.794624,-0.606945,-0.768337,0.500917,0.944455
3067,25.558333,0.018706,0.020159,0.854568,0.518611,-0.923981,0.442295,0.039100,-0.067768,-0.064542,0.645721,0.757817,-0.591724,0.532974,0.040146,0.013133,-0.004092,-0.794556,-0.607035,-0.768359,0.500922,0.944464
3068,25.566667,0.018736,0.020231,0.854563,0.518615,-0.923977,0.442299,0.039099,-0.067769,-0.064549,0.645700,0.757834,-0.591724,0.532972,0.040146,0.013007,-0.004063,-0.794494,-0.607120,-0.768371,0.500923,0.944460
3069,25.575000,0.018833,0.020386,0.854565,0.518602,-0.923970,0.442303,0.039096,-0.067796,-0.064581,0.645704,0.757825,-0.591727,0.532974,0.040147,0.012955,-0.004077,-0.794451,-0.607177,-0.768377,0.500912,0.944459
3070,25.583333,0.018748,0.020418,0.854559,0.518614,-0.923968,0.442310,0.039102,-0.067815,-0.064550,0.645686,0.757842,-0.591730,0.532975,0.040149,0.012915,-0.004050,-0.794393,-0.607254,-0.768373,0.500896,0.944451
3071,25.591667,0.018748,0.020434,0.854563,0.518608,-0.923968,0.442311,0.039104,-0.067835,-0.064552,0.645678,0.757847,-0.591726,0.532976,0.040150,0.012880,-0.004040,-0.794333,-0.607332,-0.768371,0.500887,0.944453
3072,25.600000,0.018763,0.020514,0.854586,0.518566,-0.923967,0.442320,0.039096,-0.067831,-0.064577,0.645654,0.757865,-0.591730,0.532972,0.040145,0.012951,-0.004032,-0.794267,-0.607418,-0.768368,0.500876,0.944472
3073,25.608333,0.018756,0.020527,0.854572,0.518588,-0.923962,0.442318,0.039098,-0.067810,-0.064555,0.645641,0.757880,-0.591732,0.532972,0.040144,0.013017,-0.004058,-0.794200,-0.607503,-0.768371,0.500863,0.944487
3074,25.616667,0.018758,0.020542,0.854567,0.518596,-0.923961,0.442323,0.039095,-0.067860,-0.064566,0.645639,0.757876,-0.591730,0.532976,0.040148,0.013020,-0.004130,-0.794112,-0.607618,-0.768380,0.500858,0.944527
3075,25.625000,0.018803,0.020579,0.854563,0.518599,-0.923960,0.442324,0.039098,-0.067878,-0.064582,0.645610,0.757898,-0.591730,0.532978,0.040147,0.012928,-0.004150,-0.794052,-0.607698,-0.768364,0.500858,0.944516
3076,25.633333,0.018749,0.020621,0.854568,0.518591,-0.923957,0.442331,0.039093,-0.067931,-0.064616,0.645599,0.757900,-0.591736,0.532977,0.040142,0.012696,-0.003983,-0.793971,-0.607810,-0.768344,0.500895,0.944474
3077,25.641667,0.018736,0.020595,0.854568,0.518593,-0.923954,0.442332,0.039095,-0.067840,-0.064560,0.645590,0.757920,-0.591729,0.532981,0.040148,0.012657,-0.003975,-0.793879,-0.607931,-0.768343,0.500909,0.944473
3078,25.650000,0.018788,0.020644,0.854559,0.518603,-0.923953,0.442332,0.039090,-0.067893,-0.064565,0.645575,0.757928,-0.591728,0.532980,0.040146,0.012689,-0.003914,-0.793820,-0.608008,-0.768353,0.500924,0.944479
3079,25.658333,0.018783,0.020664,0.854565,0.518594,-0.923952,0.442333,0.039094,-0.067929,-0.064603,0.645570,0.757926,-0.591733,0.532978,0.040152,0.012620,-0.003937,-0.793779,-0.608063,-0.768346,0.500927,0.944475
3080,25.666667,0.018779,0.020685,0.854558,0.518603,-0.923952,0.442335,0.039091,-0.067866,-0.064545,0.645561,0.757944,-0.591727,0.532981,0.040147,0.012656,-0.003927,-0.793718,-0.608141,-0.768351,0.500950,0.944472
3081,25.675000,0.018766,0.020697,0.854563,0.518595,-0.923954,0.442337,0.039089,-0.067870,-0.064603,0.645555,0.757944,-0.591725,0.532982,0.040146,0.012612,-0.003893,-0.793709,-0.608154,-0.768351,0.500969,0.944480
3082,25.683333,0.018796,0.020743,0.854554,0.518608,-0.923947,0.442335,0.039092,-0.067827,-0.064521,0.645567,0.757944,-0.591729,0.532977,0.040154,0.012376,-0.003690,-0.793605,-0.608297,-0.768363,0.501059,0.944462
3083,25.691667,0.018809,0.020691,0.854563,0.518594,-0.923946,0.442340,0.039094,-0.067829,-0.064509,0.645561,0.757950,-0.591724,0.532977,0.040148,0.012280,-0.003562,-0.793533,-0.608393,-0.768378,0.501124,0.944444
3084,25.700000,0.018803,0.020777,0.854573,0.518575,-0.923945,0.442337,0.039094,-0.067856,-0.064510,0.645559,0.757949,-0.591721,0.532979,0.040150,0.012195,-0.003671,-0.793509,-0.608426,-0.768381,0.501149,0.944451
3085,25.708333,0.018832,0.020765,0.854570,0.518578,-0.923943,0.442340,0.039092,-0.067877,-0.064570,0.645580,0.757925,-0.591726,0.532982,0.040147,0.012201,-0.003585,-0.793512,-0.608422,-0.768387,0.501182,0.944456
3086,25.716667,0.018851,0.020765,0.854572,0.518574,-0.923935,0.442344,0.039093,-0.067873,-0.064542,0.645582,0.757926,-0.591722,0.532982,0.040148,0.012193,-0.003451,-0.793552,-0.608371,-0.768408,0.501210,0.944446
3087,25.725000,0.018839,0.020767,0.854570,0.518579,-0.923941,0.442343,0.039090,-0.067891,-0.064574,0.645575,0.757928,-0.591727,0.532982,0.040150,0.012192,-0.003451,-0.793610,-0.608294,-0.768415,0.501224,0.944448
3088,25.733333,0.018833,0.020793,0.854566,0.518584,-0.923942,0.442340,0.039087,-0.067909,-0.064562,0.645577,0.757925,-0.591724,0.532982,0.040147,0.012145,-0.003401,-0.793658,-0.608233,-0.768416,0.501244,0.944445
3089,25.741667,0.018821,0.020743,0.854559,0.518599,-0.923939,0.442343,0.039089,-0.067914,-0.064578,0.645573,0.757926,-0.591725,0.532984,0.040152,0.012234,-0.003371,-0.793765,-0.608092,-0.768452,0.501269,0.944435
3090,25.750000,0.018940,0.020849,0.854561,0.518587,-0.923931,0.442340,0.039078,-0.067893,-0.064553,0.645579,0.757925,-0.591728,0.532983,0.040146,0.012442,-0.003559,-0.793877,-0.607940,-0.768457,0.501236,0.944480
3091,25.758333,0.018824,0.020757,0.854572,0.518577,-0.923938,0.442338,0.039083,-0.067879,-0.064540,0.645592,0.757917,-0.591729,0.532985,0.040151,0.012381,-0.003657,-0.794000,-0.607780,-0.768421,0.501196,0.944475
3092,25.766667,0.018852,0.020780,0.854575,0.518570,-0.923941,0.442340,0.039082,-0.067906,-0.064538,0.645592,0.757915,-0.591729,0.532984,0.040151,0.012328,-0.003500,-0.794014,-0.607765,-0.768444,0.501242,0.944443
3093,25.775000,0.018900,0.020781,0.854574,0.518569,-0.923928,0.442338,0.039079,-0.067893,-0.064556,0.645611,0.757898,-0.591733,0.532987,0.040153,0.012198,-0.003532,-0.794029,-0.607748,-0.768468,0.501304,0.944432
3094,25.783333,0.018843,0.020761,0.854566,0.518585,-0.923944,0.442337,0.039082,-0.067943,-0.064579,0.645597,0.757904,-0.591735,0.532984,0.040149,0.012358,-0.003595,-0.794099,-0.607652,-0.768481,0.501293,0.944464
3095,25.791667,0.018809,0.020710,0.854578,0.518569,-0.923944,0.442335,0.039077,-0.067943,-0.064567,0.645601,0.757901,-0.591733,0.532988,0.040150,0.012055,-0.003595,-0.794108,-0.607647,-0.768456,0.501319,0.944432
3096,25.800000,0.018817,0.020691,0.854585,0.518559,-0.923943,0.442333,0.039075,-0.067934,-0.064608,0.645611,0.757890,-0.591735,0.532986,0.040152,0.012438,-0.003676,-0.794222,-0.607489,-0.768482,0.501284,0.944480
3097,25.808333,0.018911,0.020700,0.854574,0.518572,-0.923937,0.442331,0.039075,-0.067932,-0.064620,0.645611,0.757889,-0.591735,0.532986,0.040153,0.012513,-0.003694,-0.794282,-0.607409,-0.768518,0.501295,0.944489
3098,25.816667,0.018797,0.020658,0.854596,0.518543,-0.923944,0.442332,0.039077,-0.067957,-0.064613,0.645617,0.757882,-0.591737,0.532985,0.040154,0.012536,-0.003717,-0.794338,-0.607335,-0.768514,0.501280,0.944486
3099,25.825000,0.018737,0.020650,0.854598,0.518541,-0.923942,0.442333,0.039083,-0.067917,-0.064599,0.645608,0.757894,-0.591738,0.532986,0.040151,0.012513,-0.003717,-0.794350,-0.607321,-0.768532,0.501321,0.944482
3100,25.833333,0.018792,0.020653,0.854577,0.518573,-0.923949,0.442330,0.039081,-0.067976,-0.064630,0.645605,0.757890,-0.591743,0.532983,0.040149,0.012556,-0.003696,-0.794367,-0.607297,-0.768549,0.501345,0.944487
3101,25.841667,0.018784,0.020654,0.854572,0.518581,-0.923947,0.442326,0.039082,-0.067996,-0.064663,0.645631,0.757862,-0.591738,0.532983,0.040149,0.012485,-0.003927,-0.794344,-0.607327,-0.768549,0.501361,0.944470
3102,25.850000,0.018796,0.020675,0.854569,0.518586,-0.923950,0.442326,0.039084,-0.067992,-0.064654,0.645626,0.757868,-0.591736,0.532987,0.040149,0.012490,-0.003938,-0.794353,-0.607316,-0.768551,0.501374,0.944466
3103,25.858333,0.018805,0.020688,0.854566,0.518589,-0.923953,0.442325,0.039085,-0.067948,-0.064645,0.645635,0.757865,-0.591733,0.532980,0.040149,0.012570,-0.003919,-0.794348,-0.607320,-0.768562,0.501382,0.944482
3104,25.866667,0.018796,0.020708,0.854569,0.518584,-0.923953,0.442324,0.039087,-0.067934,-0.064574,0.645626,0.757880,-0.591732,0.532978,0.040152,0.012488,-0.003955,-0.794338,-0.607335,-0.768560,0.501383,0.944471
3105,25.875000,0.018937,0.020738,0.854565,0.518584,-0.923949,0.442322,0.039085,-0.067948,-0.064620,0.645650,0.757855,-0.591734,0.532978,0.040152,0.012559,-0.003962,-0.794328,-0.607347,-0.768569,0.501382,0.944480
3106,25.883333,0.018798,0.020668,0.854567,0.518590,-0.923956,0.442321,0.039083,-0.067915,-0.064618,0.645628,0.757876,-0.591737,0.532977,0.040150,0.012466,-0.003807,-0.794242,-0.607461,-0.768577,0.501438,0.944438
3107,25.891667,0.018782,0.020637,0.854558,0.518606,-0.923957,0.442322,0.039088,-0.067952,-0.064621,0.645620,0.757879,-0.591739,0.532977,0.040151,0.012303,-0.003689,-0.794192,-0.607531,-0.768609,0.501465,0.944425
3108,25.900000,0.018793,0.020709,0.854568,0.518586,-0.923954,0.442324,0.039086,-0.067949,-0.064649,0.645616,0.757881,-0.591732,0.532978,0.040154,0.012202,-0.003612,-0.794147,-0.607592,-0.768618,0.501486,0.944412
3109,25.908333,0.018787,0.020697,0.854555,0.518608,-0.923958,0.442325,0.039085,-0.067999,-0.064679,0.645650,0.757845,-0.591737,0.532977,0.040156,0.012225,-0.003641,-0.794121,-0.607625,-0.768608,0.501494,0.944404
3110,25.916667,0.018778,0.020678,0.854543,0.518630,-0.923958,0.442325,0.039088,-0.067934,-0.064633,0.645606,0.757892,-0.591739,0.532975,0.040154,0.012285,-0.003771,-0.794181,-0.607545,-0.768615,0.501417,0.944464
3111,25.925000,0.018801,0.020657,0.854551,0.518615,-0.923961,0.442327,0.039085,-0.067932,-0.064619,0.645607,0.757893,-0.591737,0.532979,0.040151,0.012250,-0.003694,-0.794151,-0.607586,-0.768610,0.501416,0.944445
3112,25.933333,0.018786,0.020690,0.854546,0.518624,-0.923962,0.442329,0.039081,-0.067956,-0.064675,0.645623,0.757872,-0.591742,0.532978,0.040148,0.012230,-0.003697,-0.794106,-0.607644,-0.768600,0.501431,0.944430
3113,25.941667,0.018768,0.020715,0.854549,0.518618,-0.923960,0.442335,0.039082,-0.068005,-0.064722,0.645604,0.757880,-0.591741,0.532979,0.040144,0.012131,-0.003571,-0.794067,-0.607699,-0.768612,0.501448,0.944415
3114,25.950000,0.018779,0.020687,0.854553,0.518613,-0.923962,0.442331,0.039085,-0.068007,-0.064716,0.645609,0.757876,-0.591740,0.532976,0.040147,0.012149,-0.003739,-0.794111,-0.607640,-0.768604,0.501383,0.944457
3115,25.958333,0.018755,0.020660,0.854539,0.518637,-0.923962,0.442330,0.039090,-0.067976,-0.064695,0.645586,0.757900,-0.591740,0.532980,0.040145,0.012119,-0.003633,-0.794076,-0.607687,-0.768609,0.501387,0.944442
3116,25.966667,0.018736,0.020603,0.854535,0.518646,-0.923964,0.442332,0.039087,-0.067972,-0.064713,0.645593,0.757893,-0.591744,0.532978,0.040146,0.012025,-0.003606,-0.794021,-0.607761,-0.768590,0.501406,0.944412
3117,25.975000,0.018730,0.020661,0.854534,0.518646,-0.923967,0.442331,0.039088,-0.068005,-0.064728,0.645597,0.757885,-0.591739,0.532973,0.040149,0.011984,-0.003585,-0.793969,-0.607829,-0.768585,0.501405,0.944411
3118,25.983333,0.018722,0.020609,0.854540,0.518639,-0.923968,0.442331,0.039087,-0.067933,-0.064664,0.645613,0.757884,-0.591735,0.532974,0.040142,0.012058,-0.003324,-0.793981,-0.607814,-0.768590,0.501406,0.944426
3119,25.991667,0.018731,0.020633,0.854542,0.518634,-0.923971,0.442326,0.039087,-0.067916,-0.064682,0.645613,0.757883,-0.591733,0.532977,0.040148,0.011832,-0.003609,-0.793908,-0.607912,-0.768550,0.501414,0.944427
3120,26.000000,0.018738,0.020573,0.854538,0.518643,-0.923971,0.442325,0.039085,-0.067941,-0.064670,0.645588,0.757903,-0.591741,0.532969,0.040146,0.011794,-0.003755,-0.793944,-0.607866,-0.768505,0.501354,0.944438
3121,26.008333,0.018732,0.020518,0.854538,0.518645,-0.923966,0.442326,0.039093,-0.067984,-0.064686,0.645604,0.757884,-0.591736,0.532973,0.040148,0.011909,-0.003780,-0.793948,-0.607857,-0.768490,0.501315,0.944446
3122,26.016667,0.018734,0.020525,0.854535,0.518649,-0.923966,0.442327,0.039085,-0.067950,-0.064719,0.645589,0.757897,-0.591740,0.532966,0.040145,0.012043,-0.003866,-0.793872,-0.607954,-0.768486,0.501329,0.944446
3123,26.025000,0.018709,0.020512,0.854540,0.518643,-0.923964,0.442331,0.039087,-0.067954,-0.064709,0.645586,0.757901,-0.591739,0.532970,0.040143,0.011993,-0.003815,-0.793774,-0.608083,-0.768472,0.501360,0.944425
3124,26.033333,0.018692,0.020493,0.854537,0.518649,-0.923959,0.442332,0.039089,-0.067941,-0.064719,0.645574,0.757911,-0.591737,0.532972,0.040145,0.011907,-0.003847,-0.793693,-0.608189,-0.768453,0.501374,0.944417
3125,26.041667,0.018707,0.020487,0.854528,0.518663,-0.923958,0.442331,0.039087,-0.067912,-0.064671,0.645580,0.757913,-0.591733,0.532970,0.040143,0.011881,-0.003856,-0.793622,-0.608284,-0.768438,0.501384,0.944413
3126,26.050000,0.018712,0.020517,0.854532,0.518655,-0.923959,0.442330,0.039085,-0.067924,-0.064692,0.645574,0.757915,-0.591734,0.532970,0.040136,0.011895,-0.003905,-0.793549,-0.608378,-0.768400,0.501367,0.944423
3127,26.058333,0.018732,0.020522,0.854531,0.518657,-0.923959,0.442332,0.039089,-0.067890,-0.064664,0.645570,0.757924,-0.591733,0.532971,0.040137,0.011937,-0.003905,-0.793505,-0.608434,-0.768374,0.501356,0.944433
3128,26.066667,0.018766,0.020524,0.854515,0.518681,-0.923956,0.442328,0.039086,-0.067838,-0.064649,0.645566,0.757934,-0.591728,0.532967,0.040140,0.011927,-0.003923,-0.793460,-0.608492,-0.768349,0.501353,0.944427
3129,26.075000,0.018843,0.020602,0.854517,0.518672,-0.923950,0.442327,0.039085,-0.067866,-0.064660,0.645576,0.757921,-0.591729,0.532964,0.040140,0.011956,-0.003938,-0.793415,-0.608550,-0.768320,0.501342,0.944429
3130,26.083333,0.018767,0.020598,0.854506,0.518693,-0.923958,0.442330,0.039087,-0.067869,-0.064639,0.645565,0.757933,-0.591724,0.532965,0.040144,0.011956,-0.003924,-0.793363,-0.608619,-0.768297,0.501337,0.944439
3131,26.091667,0.018840,0.020617,0.854519,0.518669,-0.923948,0.442331,0.039085,-0.067878,-0.064638,0.645553,0.757942,-0.591725,0.532969,0.040139,0.011992,-0.003927,-0.793314,-0.608683,-0.768274,0.501340,0.944442
3132,26.100000,0.018775,0.020604,0.854521,0.518668,-0.923957,0.442332,0.039088,-0.067817,-0.064620,0.645544,0.757956,-0.591721,0.532970,0.040137,0.012004,-0.003897,-0.793266,-0.608745,-0.768253,0.501337,0.944452
3133,26.108333,0.018918,0.020724,0.854517,0.518664,-0.923951,0.442330,0.039080,-0.067812,-0.064595,0.645555,0.757950,-0.591720,0.532970,0.040143,0.011959,-0.003903,-0.793236,-0.608785,-0.768229,0.501344,0.944448
3134,26.116667,0.018904,0.020635,0.854511,0.518678,-0.923948,0.442333,0.039085,-0.067809,-0.064605,0.645552,0.757952,-0.591720,0.532967,0.040142,0.012088,-0.003951,-0.793185,-0.608847,-0.768204,0.501345,0.944465
3135,26.125000,0.018944,0.020715,0.854506,0.518682,-0.923945,0.442334,0.039090,-0.067773,-0.064581,0.645546,0.757962,-0.591718,0.532971,0.040146,0.012059,-0.003912,-0.793144,-0.608902,-0.768181,0.501352,0.944465
3136,26.133333,0.018864,0.020710,0.854503,0.518691,-0.923943,0.442334,0.039084,-0.067809,-0.064579,0.645552,0.757954,-0.591715,0.532975,0.040138,0.012052,-0.003929,-0.793120,-0.608933,-0.768154,0.501357,0.944465
3137,26.141667,0.018771,0.020664,0.854507,0.518689,-0.923948,0.442335,0.039091,-0.067825,-0.064621,0.645549,0.757952,-0.591721,0.532972,0.040140,0.012074,-0.003889,-0.793112,-0.608944,-0.768133,0.501365,0.944473
3138,26.150000,0.018852,0.020726,0.854505,0.518687,-0.923942,0.442338,0.039088,-0.067836,-0.064597,0.645556,0.757947,-0.591719,0.532974,0.040137,0.012054,-0.003836,-0.793115,-0.608941,-0.768126,0.501381,0.944494
3139,26.158333,0.018856,0.020737,0.854525,0.518654,-0.923938,0.442342,0.039092,-0.067809,-0.064594,0.645570,0.757937,-0.591717,0.532979,0.040140,0.012029,-0.003958,-0.793027,-0.609055,-0.767981,0.501397,0.944444
3140,26.166667,0.018777,0.020672,0.854528,0.518653,-0.923939,0.442343,0.039096,-0.067837,-0.064585,0.645568,0.757937,-0.591716,0.532977,0.040140,0.012003,-0.003913,-0.793022,-0.609063,-0.767940,0.501405,0.944434
3141,26.175000,0.018795,0.020693,0.854528,0.518652,-0.923944,0.442345,0.039099,-0.067809,-0.064583,0.645568,0.757940,-0.591716,0.532974,0.040138,0.011989,-0.003916,-0.793045,-0.609032,-0.767926,0.501414,0.944441
3142,26.183333,0.018771,0.020713,0.854523,0.518660,-0.923943,0.442347,0.039098,-0.067820,-0.064596,0.645579,0.757929,-0.591719,0.532979,0.040144,0.011980,-0.004063,-0.793126,-0.608926,-0.767885,0.501386,0.944459
3143,26.191667,0.018857,0.020815,0.854545,0.518617,-0.923935,0.442347,0.039097,-0.067806,-0.064561,0.645574,0.757937,-0.591718,0.532981,0.040142,0.012032,-0.004066,-0.793213,-0.608812,-0.767860,0.501382,0.944475
3144,26.200000,0.018812,0.020718,0.854539,0.518633,-0.923939,0.442352,0.039103,-0.067801,-0.064552,0.645594,0.757922,-0.591717,0.532982,0.040137,0.012001,-0.004135,-0.793252,-0.608761,-0.767825,0.501368,0.944463
3145,26.208333,0.018861,0.020755,0.854538,0.518631,-0.923928,0.442351,0.039093,-0.067848,-0.064590,0.645586,0.757920,-0.591715,0.532983,0.040136,0.011911,-0.004145,-0.793298,-0.608703,-0.767796,0.501371,0.944455
3146,26.216667,0.018811,0.020712,0.854558,0.518601,-0.923942,0.442351,0.039098,-0.067807,-0.064590,0.645596,0.757916,-0.591715,0.532987,0.040137,0.012039,-0.004212,-0.793346,-0.608638,-0.767769,0.501361,0.944479
3147,26.225000,0.018798,0.020684,0.854548,0.518620,-0.923942,0.442354,0.039104,-0.067852,-0.064570,0.645612,0.757900,-0.591716,0.532989,0.040136,0.011998,-0.004213,-0.793390,-0.608581,-0.767750,0.501366,0.944470
3148,26.233333,0.018778,0.020707,0.854561,0.518599,-0.923941,0.442354,0.039104,-0.067846,-0.064565,0.645603,0.757909,-0.591714,0.532989,0.040137,0.012061,-0.004201,-0.793440,-0.608515,-0.767740,0.501362,0.944488
3149,26.241667,0.018748,0.020698,0.854560,0.518601,-0.923944,0.442352,0.039101,-0.067831,-0.064564,0.645638,0.757880,-0.591712,0.532987,0.040137,0.012072,-0.004209,-0.793489,-0.608450,-0.767724,0.501343,0.944501
3150,26.250000,0.018723,0.020656,0.854566,0.518595,-0.923940,0.442346,0.039108,-0.067831,-0.064564,0.645632,0.757885,-0.591711,0.532987,0.040138,0.012070,-0.003845,-0.793676,-0.608209,-0.767832,0.501332,0.944556
3151,26.258333,0.018741,0.020609,0.854571,0.518587,-0.923944,0.442347,0.039103,-0.067808,-0.064573,0.645655,0.757867,-0.591714,0.532986,0.040137,0.012068,-0.003694,-0.793748,-0.608116,-0.767842,0.501316,0.944564
3152,26.266667,0.018731,0.020591,0.854581,0.518571,-0.923945,0.442345,0.039109,-0.067837,-0.064576,0.645647,0.757871,-0.591709,0.532984,0.040139,0.012039,-0.003661,-0.793703,-0.608175,-0.767733,0.501316,0.944537
3153,26.275000,0.018763,0.020608,0.854578,0.518575,-0.923951,0.442344,0.039108,-0.067806,-0.064562,0.645675,0.757851,-0.591709,0.532987,0.040140,0.011919,-0.003535,-0.793870,-0.607961,-0.767837,0.501282,0.944585
3154,26.283333,0.018782,0.020632,0.854566,0.518593,-0.923952,0.442341,0.039106,-0.067827,-0.064583,0.645685,0.757839,-0.591710,0.532986,0.040138,0.011929,-0.003523,-0.793899,-0.607922,-0.767817,0.501236,0.944589
3155,26.291667,0.018796,0.020589,0.854554,0.518614,-0.923953,0.442344,0.039110,-0.067793,-0.064583,0.645673,0.757852,-0.591708,0.532986,0.040137,0.011944,-0.003510,-0.793908,-0.607911,-0.767820,0.501221,0.944597
3156,26.300000,0.018701,0.020565,0.854572,0.518588,-0.923954,0.442342,0.039110,-0.067771,-0.064560,0.645682,0.757848,-0.591708,0.532983,0.040131,0.012024,-0.003467,-0.793891,-0.607931,-0.767826,0.501189,0.944617
3157,26.308333,0.018723,0.020534,0.854571,0.518591,-0.923954,0.442341,0.039107,-0.067818,-0.064634,0.645692,0.757829,-0.591709,0.532982,0.040135,0.012005,-0.003504,-0.793884,-0.607940,-0.767829,0.501160,0.944615
3158,26.316667,0.018709,0.020506,0.854577,0.518582,-0.923955,0.442339,0.039108,-0.067742,-0.064586,0.645688,0.757843,-0.591709,0.532987,0.040131,0.012091,-0.003534,-0.793861,-0.607969,-0.767831,0.501128,0.944618
3159,26.325000,0.018720,0.020427,0.854569,0.518598,-0.923955,0.442335,0.039109,-0.067762,-0.064613,0.645671,0.757854,-0.591709,0.532983,0.040128,0.012104,-0.003588,-0.793826,-0.608014,-0.767832,0.501092,0.944608
3160,26.333333,0.018709,0.020442,0.854568,0.518599,-0.923961,0.442333,0.039108,-0.067701,-0.064561,0.645681,0.757856,-0.591708,0.532980,0.040125,0.012060,-0.003641,-0.793781,-0.608073,-0.767830,0.501047,0.944586
3161,26.341667,0.018707,0.020434,0.854570,0.518597,-0.923965,0.442327,0.039110,-0.067712,-0.064606,0.645693,0.757840,-0.591703,0.532978,0.040126,0.012146,-0.003721,-0.793726,-0.608143,-0.767841,0.501009,0.944592
3162,26.350000,0.018731,0.020436,0.854549,0.518630,-0.923971,0.442329,0.039109,-0.067698,-0.064570,0.645669,0.757865,-0.591705,0.532979,0.040124,0.012162,-0.003786,-0.793676,-0.608208,-0.767841,0.500957,0.944593
3163,26.358333,0.018748,0.020405,0.854546,0.518636,-0.923973,0.442322,0.039107,-0.067722,-0.064611,0.645680,0.757850,-0.591702,0.532975,0.040126,0.012180,-0.003766,-0.793617,-0.608284,-0.767854,0.500915,0.944583
3164,26.366667,0.018726,0.020378,0.854551,0.518629,-0.923975,0.442321,0.039112,-0.067698,-0.064588,0.645673,0.757860,-0.591699,0.532973,0.040126,0.012081,-0.003808,-0.793547,-0.608377,-0.767834,0.500871,0.944559
3165,26.375000,0.018691,0.020289,0.854548,0.518640,-0.923976,0.442321,0.039113,-0.067701,-0.064587,0.645673,0.757860,-0.591698,0.532971,0.040128,0.012101,-0.003816,-0.793506,-0.608431,-0.767842,0.500827,0.944561
3166,26.383333,0.018632,0.020301,0.854549,0.518639,-0.923980,0.442320,0.039113,-0.067672,-0.064555,0.645676,0.757863,-0.591699,0.532973,0.040123,0.012073,-0.003814,-0.793471,-0.608477,-0.767798,0.500781,0.944560
3167,26.391667,0.018674,0.020292,0.854548,0.518639,-0.923981,0.442319,0.039118,-0.067681,-0.064586,0.645705,0.757835,-0.591697,0.532972,0.040132,0.012031,-0.003816,-0.793466,-0.608483,-0.767776,0.500721,0.944561
3168,26.400000,0.018680,0.020272,0.854558,0.518624,-0.923981,0.442323,0.039113,-0.067665,-0.064573,0.645699,0.757842,-0.591702,0.532974,0.040129,0.011768,-0.003832,-0.793497,-0.608449,-0.767772,0.500646,0.944604
3169,26.408333,0.018662,0.020271,0.854554,0.518630,-0.923981,0.442323,0.039114,-0.067644,-0.064537,0.645692,0.757853,-0.591703,0.532971,0.040131,0.011680,-0.003829,-0.793493,-0.608456,-0.767767,0.500608,0.944600
3170,26.416667,0.018640,0.020273,0.854545,0.518646,-0.923980,0.442322,0.039113,-0.067698,-0.064588,0.645704,0.757834,-0.591706,0.532970,0.040129,0.011623,-0.003812,-0.793499,-0.608449,-0.767758,0.500560,0.944607
3171,26.425000,0.018645,0.020277,0.854550,0.518639,-0.923985,0.442321,0.039117,-0.067680,-0.064589,0.645704,0.757835,-0.591706,0.532970,0.040129,0.011602,-0.003793,-0.793519,-0.608423,-0.767750,0.500522,0.944612
3172,26.433333,0.018665,0.020223,0.854552,0.518636,-0.923983,0.442321,0.039117,-0.067680,-0.064574,0.645694,0.757845,-0.591707,0.532968,0.040127,0.011487,-0.003870,-0.793560,-0.608371,-0.767721,0.500479,0.944589
3173,26.441667,0.018666,0.020260,0.854547,0.518643,-0.923983,0.442323,0.039118,-0.067617,-0.064540,0.645717,0.757834,-0.591702,0.532972,0.040126,0.011766,-0.003886,-0.793725,-0.608151,-0.767650,0.500340,0.944529
3174,26.450000,0.018625,0.020225,0.854556,0.518631,-0.923980,0.442320,0.039115,-0.067613,-0.064545,0.645716,0.757835,-0.591702,0.532969,0.040129,0.011883,-0.004025,-0.793824,-0.608019,-0.767567,0.500238,0.944540
3175,26.458333,0.018610,0.020197,0.854567,0.518614,-0.923976,0.442320,0.039114,-0.067644,-0.064582,0.645717,0.757828,-0.591706,0.532967,0.040134,0.011963,-0.004034,-0.793848,-0.607986,-0.767545,0.500164,0.944542
3176,26.466667,0.018619,0.020247,0.854563,0.518618,-0.923976,0.442320,0.039116,-0.067645,-0.064533,0.645728,0.757822,-0.591706,0.532973,0.040129,0.011717,-0.003921,-0.793855,-0.607982,-0.767526,0.500117,0.944503
3177,26.475000,0.018624,0.020221,0.854578,0.518595,-0.923976,0.442319,0.039120,-0.067662,-0.064545,0.645753,0.757799,-0.591701,0.532977,0.040134,0.011724,-0.003928,-0.793875,-0.607956,-0.767513,0.500047,0.944516
3178,26.483333,0.018626,0.020236,0.854577,0.518596,-0.923976,0.442324,0.039110,-0.067636,-0.064547,0.645774,0.757783,-0.591705,0.532975,0.040128,0.011898,-0.003908,-0.793920,-0.607893,-0.767475,0.499973,0.944486
3179,26.491667,0.018658,0.020226,0.854580,0.518591,-0.923974,0.442322,0.039112,-0.067629,-0.064520,0.645771,0.757788,-0.591700,0.532971,0.040127,0.011903,-0.003970,-0.793995,-0.607795,-0.767420,0.499896,0.944495
3180,26.500000,0.018680,0.020232,0.854583,0.518585,-0.923972,0.442323,0.039109,-0.067620,-0.064545,0.645768,0.757790,-0.591700,0.532973,0.040128,0.011956,-0.003987,-0.794041,-0.607733,-0.767393,0.499844,0.944491
3181,26.508333,0.018702,0.020271,0.854578,0.518591,-0.923971,0.442320,0.039110,-0.067602,-0.064519,0.645790,0.757775,-0.591699,0.532974,0.040127,0.011964,-0.004016,-0.794062,-0.607706,-0.767350,0.499780,0.944483
3182,26.516667,0.018676,0.020211,0.854577,0.518595,-0.923970,0.442321,0.039112,-0.067593,-0.064455,0.645804,0.757769,-0.591692,0.532968,0.040135,0.011993,-0.003969,-0.794126,-0.607622,-0.767333,0.499733,0.944499
3183,26.525000,0.018720,0.020203,0.854581,0.518588,-0.923970,0.442317,0.039114,-0.067545,-0.064464,0.645822,0.757757,-0.591690,0.532975,0.040133,0.011978,-0.003983,-0.794168,-0.607567,-0.767304,0.499678,0.944502
3184,26.533333,0.018687,0.020137,0.854589,0.518578,-0.923968,0.442317,0.039108,-0.067529,-0.064454,0.645832,0.757751,-0.591693,0.532971,0.040128,0.011859,-0.004087,-0.794211,-0.607512,-0.767299,0.499620,0.944529
3185,26.541667,0.018703,0.020157,0.854582,0.518588,-0.923970,0.442312,0.039108,-0.067490,-0.064458,0.645825,0.757760,-0.591691,0.532970,0.040128,0.012003,-0.004055,-0.794274,-0.607428,-0.767328,0.499575,0.944609
3186,26.550000,0.018682,0.020132,0.854590,0.518576,-0.923966,0.442314,0.039103,-0.067505,-0.064461,0.645841,0.757745,-0.591691,0.532967,0.040129,0.011967,-0.003994,-0.794322,-0.607366,-0.767297,0.499531,0.944623
3187,26.558333,0.018755,0.020137,0.854588,0.518577,-0.923972,0.442312,0.039111,-0.067487,-0.064473,0.645858,0.757731,-0.591688,0.532967,0.040131,0.011876,-0.003880,-0.794377,-0.607296,-0.767267,0.499490,0.944606
3188,26.566667,0.018766,0.020098,0.854590,0.518574,-0.923971,0.442310,0.039111,-0.067488,-0.064440,0.645852,0.757739,-0.591688,0.532969,0.040130,0.011860,-0.003814,-0.794416,-0.607247,-0.767251,0.499443,0.944628
3189,26.575000,0.018741,0.020143,0.854582,0.518586,-0.923973,0.442306,0.039109,-0.067464,-0.064420,0.645867,0.757730,-0.591688,0.532966,0.040130,0.011897,-0.003782,-0.794430,-0.607227,-0.767219,0.499404,0.944635
3190,26.583333,0.018753,0.020078,0.854576,0.518598,-0.923971,0.442310,0.039111,-0.067423,-0.064390,0.645869,0.757734,-0.591680,0.532966,0.040133,0.011673,-0.003512,-0.794467,-0.607185,-0.767203,0.499354,0.944610
3191,26.591667,0.018744,0.020073,0.854565,0.518618,-0.923975,0.442307,0.039108,-0.067479,-0.064463,0.645873,0.757720,-0.591683,0.532969,0.040135,0.011555,-0.003366,-0.794509,-0.607133,-0.767183,0.499295,0.944606
3192,26.600000,0.018759,0.020061,0.854571,0.518607,-0.923972,0.442307,0.039108,-0.067471,-0.064461,0.645880,0.757715,-0.591687,0.532964,0.040128,0.011547,-0.003388,-0.794535,-0.607099,-0.767167,0.499238,0.944611
3193,26.608333,0.018826,0.020081,0.854569,0.518608,-0.923977,0.442303,0.039111,-0.067403,-0.064413,0.645901,0.757707,-0.591684,0.532966,0.040134,0.011497,-0.003355,-0.794559,-0.607069,-0.767152,0.499181,0.944606
3194,26.616667,0.018819,0.020061,0.854560,0.518624,-0.923975,0.442305,0.039111,-0.067419,-0.064448,0.645914,0.757691,-0.591685,0.532962,0.040133,0.011611,-0.003365,-0.794691,-0.606894,-0.767116,0.499082,0.944599
3195,26.625000,0.018801,0.020045,0.854549,0.518644,-0.923981,0.442301,0.039111,-0.067423,-0.064422,0.645913,0.757694,-0.591690,0.532958,0.040132,0.011599,-0.003382,-0.794734,-0.606837,-0.767072,0.498998,0.944573
3196,26.633333,0.018784,0.019991,0.854555,0.518637,-0.923983,0.442302,0.039117,-0.067421,-0.064427,0.645918,0.757689,-0.591690,0.532958,0.040133,0.011601,-0.003385,-0.794753,-0.606813,-0.767051,0.498945,0.944558
3197,26.641667,0.018802,0.019990,0.854549,0.518645,-0.923986,0.442297,0.039109,-0.067413,-0.064426,0.645920,0.757689,-0.591690,0.532959,0.040133,0.011878,-0.003180,-0.794790,-0.606760,-0.767008,0.498849,0.944538
3198,26.650000,0.018821,0.019962,0.854545,0.518652,-0.923989,0.442296,0.039112,-0.067416,-0.064442,0.645927,0.757681,-0.591688,0.532958,0.040138,0.011719,-0.003206,-0.794838,-0.606700,-0.767016,0.498776,0.944535
3199,26.658333,0.018809,0.019916,0.854542,0.518659,-0.923992,0.442296,0.039114,-0.067433,-0.064428,0.645926,0.757682,-0.591691,0.532959,0.040139,0.011662,-0.003015,-0.794890,-0.606634,-0.767035,0.498734,0.944539
3200,26.666667,0.018854,0.019843,0.854550,0.518647,-0.923996,0.442300,0.039109,-0.067422,-0.064455,0.645932,0.757675,-0.591691,0.532960,0.040135,0.011651,-0.003013,-0.794977,-0.606521,-0.767025,0.498657,0.944556
3201,26.675000,0.018793,0.019767,0.854538,0.518672,-0.923997,0.442293,0.039107,-0.067419,-0.064456,0.645925,0.757681,-0.591689,0.532957,0.040141,0.011747,-0.002968,-0.795069,-0.606398,-0.767011,0.498555,0.944562
3202,26.683333,0.018781,0.019778,0.854533,0.518680,-0.924005,0.442295,0.039109,-0.067415,-0.064445,0.645941,0.757669,-0.591696,0.532958,0.040139,0.011561,-0.003065,-0.795131,-0.606320,-0.767005,0.498493,0.944539
3203,26.691667,0.018767,0.019726,0.854526,0.518694,-0.924004,0.442289,0.039112,-0.067356,-0.064396,0.645940,0.757679,-0.591690,0.532960,0.040142,0.011544,-0.003139,-0.795286,-0.606116,-0.767055,0.498398,0.944609
3204,26.700000,0.018809,0.019681,0.854525,0.518697,-0.924007,0.442283,0.039106,-0.067403,-0.064427,0.645948,0.757666,-0.591694,0.532959,0.040140,0.011533,-0.003078,-0.795342,-0.606044,-0.767074,0.498334,0.944606
3205,26.708333,0.018803,0.019605,0.854539,0.518677,-0.924007,0.442279,0.039109,-0.067405,-0.064459,0.645958,0.757654,-0.591689,0.532958,0.040144,0.011419,-0.003033,-0.795408,-0.605959,-0.767079,0.498287,0.944601
3206,26.716667,0.018779,0.019538,0.854551,0.518661,-0.924011,0.442277,0.039105,-0.067426,-0.064464,0.645991,0.757624,-0.591699,0.532952,0.040144,0.011404,-0.003081,-0.795471,-0.605877,-0.767080,0.498228,0.944603
3207,26.725000,0.018787,0.019528,0.854529,0.518696,-0.924012,0.442267,0.039108,-0.067371,-0.064459,0.646005,0.757617,-0.591697,0.532950,0.040144,0.011343,-0.003075,-0.795566,-0.605752,-0.767062,0.498150,0.944595
3208,26.733333,0.018774,0.019358,0.854545,0.518677,-0.924017,0.442276,0.039114,-0.067389,-0.064492,0.646002,0.757615,-0.591698,0.532953,0.040141,0.011308,-0.003175,-0.795663,-0.605625,-0.767099,0.498064,0.944605
3209,26.741667,0.018787,0.019344,0.854551,0.518666,-0.924021,0.442269,0.039108,-0.067421,-0.064523,0.645991,0.757619,-0.591700,0.532950,0.040135,0.011131,-0.003195,-0.795922,-0.605289,-0.767026,0.497933,0.944541
3210,26.750000,0.018795,0.019275,0.854547,0.518676,-0.924022,0.442263,0.039114,-0.067370,-0.064485,0.645999,0.757620,-0.591698,0.532951,0.040137,0.011190,-0.003086,-0.796035,-0.605140,-0.767004,0.497841,0.944507
3211,26.758333,0.018799,0.019228,0.854546,0.518679,-0.924029,0.442257,0.039107,-0.067381,-0.064482,0.646023,0.757599,-0.591696,0.532947,0.040140,0.011262,-0.003142,-0.796083,-0.605075,-0.767001,0.497766,0.944507
3212,26.766667,0.018828,0.019208,0.854552,0.518669,-0.924028,0.442255,0.039110,-0.067443,-0.064531,0.646004,0.757606,-0.591701,0.532947,0.040138,0.011232,-0.003038,-0.796170,-0.604961,-0.767046,0.497696,0.944545
3213,26.775000,0.018816,0.019148,0.854558,0.518662,-0.924024,0.442249,0.039113,-0.067385,-0.064487,0.646019,0.757602,-0.591696,0.532945,0.040139,0.011095,-0.003020,-0.796247,-0.604862,-0.767094,0.497615,0.944586
3214,26.783333,0.018842,0.019094,0.854557,0.518665,-0.924026,0.442246,0.039112,-0.067312,-0.064486,0.646028,0.757601,-0.591695,0.532945,0.040141,0.011125,-0.003007,-0.796264,-0.604839,-0.767103,0.497567,0.944581
3215,26.791667,0.018822,0.019093,0.854566,0.518651,-0.924033,0.442240,0.039111,-0.067295,-0.064502,0.646036,0.757594,-0.591696,0.532942,0.040136,0.011062,-0.002984,-0.796272,-0.604830,-0.767102,0.497518,0.944572
3216,26.800000,0.018782,0.019035,0.854563,0.518660,-0.924033,0.442238,0.039113,-0.067309,-0.064449,0.646035,0.757598,-0.591695,0.532940,0.040136,0.011070,-0.002911,-0.796284,-0.604814,-0.767108,0.497468,0.944582
3217,26.808333,0.018780,0.019071,0.854568,0.518649,-0.924036,0.442238,0.039115,-0.067264,-0.064423,0.646051,0.757591,-0.591692,0.532940,0.040140,0.011248,-0.002821,-0.796316,-0.604770,-0.767086,0.497368,0.944551
3218,26.816667,0.018770,0.019049,0.854553,0.518675,-0.924038,0.442236,0.039106,-0.067284,-0.064464,0.646042,0.757593,-0.591689,0.532939,0.040138,0.011325,-0.002807,-0.796351,-0.604722,-0.767080,0.497285,0.944558
3219,26.825000,0.018768,0.019074,0.854545,0.518687,-0.924039,0.442237,0.039107,-0.067277,-0.064461,0.646048,0.757589,-0.591693,0.532941,0.040139,0.011415,-0.002937,-0.796375,-0.604689,-0.767060,0.497182,0.944584
3220,26.833333,0.018732,0.018955,0.854551,0.518684,-0.924039,0.442239,0.039112,-0.067217,-0.064416,0.646048,0.757598,-0.591695,0.532938,0.040135,0.011455,-0.002860,-0.796344,-0.604729,-0.767049,0.497105,0.944618
3221,26.841667,0.018773,0.019006,0.854535,0.518706,-0.924044,0.442238,0.039113,-0.067244,-0.064399,0.646043,0.757601,-0.591694,0.532940,0.040142,0.011560,-0.002911,-0.796290,-0.604798,-0.766996,0.497021,0.944615
3222,26.850000,0.018729,0.018978,0.854523,0.518728,-0.924048,0.442239,0.039109,-0.067285,-0.064459,0.646037,0.757597,-0.591693,0.532938,0.040136,0.011515,-0.002978,-0.796294,-0.604793,-0.767052,0.496944,0.944625
3223,26.858333,0.018743,0.019055,0.854534,0.518708,-0.924049,0.442239,0.039108,-0.067255,-0.064416,0.646029,0.757611,-0.591690,0.532937,0.040142,0.011615,-0.002986,-0.796154,-0.604975,-0.766963,0.496882,0.944613
3224,26.866667,0.018741,0.019032,0.854541,0.518696,-0.924044,0.442242,0.039108,-0.067251,-0.064411,0.646018,0.757621,-0.591691,0.532943,0.040140,0.011524,-0.003021,-0.796130,-0.605009,-0.767021,0.496809,0.944627
3225,26.875000,0.018770,0.019033,0.854529,0.518715,-0.924042,0.442240,0.039113,-0.067203,-0.064368,0.646019,0.757628,-0.591688,0.532935,0.040144,0.011495,-0.002979,-0.795985,-0.605200,-0.766940,0.496754,0.944633
3226,26.883333,0.018783,0.019023,0.854521,0.518729,-0.924036,0.442240,0.039107,-0.067207,-0.064372,0.646023,0.757624,-0.591688,0.532937,0.040139,0.011501,-0.002954,-0.795897,-0.605315,-0.766913,0.496686,0.944618
3227,26.891667,0.018782,0.019111,0.854521,0.518725,-0.924040,0.442245,0.039111,-0.067179,-0.064402,0.646018,0.757628,-0.591684,0.532937,0.040147,0.011422,-0.002866,-0.795789,-0.605460,-0.766894,0.496631,0.944593
3228,26.900000,0.018763,0.019080,0.854502,0.518758,-0.924038,0.442246,0.039108,-0.067227,-0.064408,0.645996,0.757642,-0.591680,0.532940,0.040148,0.011359,-0.002856,-0.795680,-0.605604,-0.766875,0.496574,0.944587
3229,26.908333,0.018747,0.019047,0.854514,0.518740,-0.924035,0.442251,0.039106,-0.067213,-0.064405,0.646008,0.757633,-0.591686,0.532938,0.040147,0.011403,-0.002938,-0.795595,-0.605714,-0.766844,0.496508,0.944602
3230,26.916667,0.018781,0.019092,0.854513,0.518739,-0.924037,0.442250,0.039106,-0.067258,-0.064425,0.645992,0.757641,-0.591682,0.532935,0.040147,0.011271,-0.002912,-0.795507,-0.605832,-0.766834,0.496458,0.944569
3231,26.925000,0.018808,0.019090,0.854516,0.518734,-0.924033,0.442252,0.039106,-0.067219,-0.064397,0.645985,0.757653,-0.591688,0.532939,0.040139,0.011255,-0.002887,-0.795409,-0.605962,-0.766822,0.496402,0.944589
3232,26.933333,0.018788,0.019098,0.854516,0.518734,-0.924031,0.442251,0.039105,-0.067195,-0.064401,0.645975,0.757664,-0.591681,0.532937,0.040144,0.011071,-0.002754,-0.795285,-0.606128,-0.766802,0.496344,0.944560
3233,26.941667,0.018770,0.019089,0.854512,0.518741,-0.924031,0.442253,0.039109,-0.067197,-0.064380,0.645967,0.757672,-0.591683,0.532940,0.040143,0.011170,-0.002724,-0.795203,-0.606234,-0.766784,0.496288,0.944588
3234,26.950000,0.018780,0.019094,0.854503,0.518756,-0.924030,0.442254,0.039108,-0.067208,-0.064397,0.645953,0.757681,-0.591683,0.532941,0.040140,0.011145,-0.002737,-0.795130,-0.606330,-0.766760,0.496251,0.944569
3235,26.958333,0.018819,0.019101,0.854493,0.518771,-0.924030,0.442252,0.039109,-0.067226,-0.064377,0.645955,0.757680,-0.591681,0.532940,0.040149,0.011217,-0.002829,-0.795009,-0.606487,-0.766704,0.496212,0.944588
3236,26.966667,0.018781,0.019054,0.854491,0.518776,-0.924032,0.442254,0.039109,-0.067168,-0.064366,0.645958,0.757683,-0.591676,0.532942,0.040146,0.011232,-0.002874,-0.794946,-0.606570,-0.766679,0.496169,0.944589
3237,26.975000,0.018787,0.019051,0.854487,0.518783,-0.924032,0.442254,0.039106,-0.067168,-0.064383,0.645966,0.757675,-0.591676,0.532938,0.040147,0.011254,-0.002860,-0.794890,-0.606642,-0.766663,0.496131,0.944597
3238,26.983333,0.018802,0.019108,0.854498,0.518763,-0.924032,0.442254,0.039107,-0.067119,-0.064325,0.645958,0.757691,-0.591669,0.532937,0.040139,0.011563,-0.003042,-0.794840,-0.606702,-0.766653,0.496063,0.944649
3239,26.991667,0.018764,0.019012,0.854492,0.518777,-0.924025,0.442251,0.039108,-0.067128,-0.064336,0.645953,0.757693,-0.591669,0.532937,0.040147,0.011610,-0.003074,-0.794788,-0.606768,-0.766628,0.496025,0.944648
3240,27.000000,0.018784,0.019031,0.854487,0.518784,-0.924029,0.442248,0.039110,-0.067120,-0.064303,0.645949,0.757701,-0.591668,0.532940,0.040148,0.011713,-0.003087,-0.794745,-0.606823,-0.766611,0.495989,0.944668
3241,27.008333,0.018828,0.019109,0.854480,0.518791,-0.924030,0.442251,0.039106,-0.067100,-0.064307,0.645959,0.757693,-0.591668,0.532938,0.040146,0.011448,-0.002969,-0.794765,-0.606802,-0.766567,0.495971,0.944645
3242,27.016667,0.018822,0.019057,0.854479,0.518795,-0.924027,0.442251,0.039104,-0.067120,-0.064311,0.645963,0.757688,-0.591664,0.532938,0.040144,0.011534,-0.002978,-0.794735,-0.606839,-0.766552,0.495944,0.944651
3243,27.025000,0.018813,0.019098,0.854480,0.518791,-0.924027,0.442251,0.039110,-0.067104,-0.064280,0.645944,0.757708,-0.591664,0.532934,0.040147,0.011329,-0.003177,-0.794745,-0.606830,-0.766524,0.495889,0.944680
3244,27.033333,0.018779,0.019094,0.854485,0.518785,-0.924027,0.442253,0.039108,-0.067069,-0.064244,0.645956,0.757704,-0.591667,0.532936,0.040150,0.011476,-0.003047,-0.794674,-0.606921,-0.766487,0.495886,0.944617
3245,27.041667,0.018774,0.019104,0.854483,0.518788,-0.924027,0.442257,0.039107,-0.067109,-0.064277,0.645956,0.757698,-0.591668,0.532934,0.040147,0.011491,-0.003052,-0.794630,-0.606977,-0.766473,0.495861,0.944618
3246,27.050000,0.018788,0.019133,0.854481,0.518791,-0.924027,0.442257,0.039112,-0.067046,-0.064233,0.645957,0.757706,-0.591667,0.532934,0.040146,0.011581,-0.003030,-0.794613,-0.606998,-0.766483,0.495844,0.944651
3247,27.058333,0.018793,0.019126,0.854480,0.518792,-0.924021,0.442259,0.039111,-0.067079,-0.064274,0.645954,0.757702,-0.591662,0.532936,0.040150,0.011664,-0.003067,-0.794632,-0.606971,-0.766463,0.495789,0.944670
3248,27.066667,0.018765,0.019154,0.854480,0.518792,-0.924022,0.442258,0.039106,-0.067031,-0.064264,0.645939,0.757720,-0.591662,0.532936,0.040145,0.011714,-0.003040,-0.794575,-0.607045,-0.766450,0.495785,0.944649
3249,27.075000,0.018839,0.019223,0.854473,0.518798,-0.924020,0.442258,0.039106,-0.067082,-0.064251,0.645956,0.757702,-0.591665,0.532938,0.040148,0.011420,-0.003163,-0.794530,-0.607109,-0.766370,0.495729,0.944622
3250,27.083333,0.018828,0.019231,0.854474,0.518797,-0.924021,0.442253,0.039107,-0.067092,-0.064269,0.645953,0.757702,-0.591660,0.532936,0.040147,0.011472,-0.003124,-0.794547,-0.607086,-0.766365,0.495670,0.944609
3251,27.091667,0.018828,0.019168,0.854480,0.518790,-0.924022,0.442259,0.039105,-0.067072,-0.064224,0.645950,0.757710,-0.591665,0.532935,0.040147,0.011682,-0.003032,-0.794530,-0.607104,-0.766300,0.495637,0.944590
3252,27.100000,0.018801,0.019156,0.854480,0.518790,-0.924015,0.442259,0.039107,-0.067065,-0.064229,0.645933,0.757725,-0.591664,0.532936,0.040150,0.011579,-0.003269,-0.794596,-0.607020,-0.766268,0.495560,0.944627
3253,27.108333,0.018769,0.019137,0.854479,0.518795,-0.924018,0.442260,0.039108,-0.067046,-0.064247,0.645956,0.757706,-0.591663,0.532943,0.040149,0.011591,-0.003268,-0.794629,-0.606976,-0.766253,0.495509,0.944620
3254,27.116667,0.018818,0.019113,0.854474,0.518801,-0.924019,0.442258,0.039108,-0.067064,-0.064213,0.645951,0.757711,-0.591665,0.532945,0.040151,0.011693,-0.003246,-0.794604,-0.607007,-0.766240,0.495484,0.944626
3255,27.125000,0.018764,0.019118,0.854472,0.518806,-0.924022,0.442258,0.039110,-0.067029,-0.064214,0.645947,0.757718,-0.591662,0.532944,0.040143,0.011793,-0.003305,-0.794572,-0.607047,-0.766229,0.495466,0.944625
3256,27.133333,0.018802,0.019160,0.854471,0.518804,-0.924023,0.442262,0.039113,-0.067022,-0.064195,0.645965,0.757705,-0.591658,0.532943,0.040149,0.011981,-0.003162,-0.794451,-0.607202,-0.766216,0.495477,0.944604
3257,27.141667,0.018821,0.019189,0.854476,0.518795,-0.924025,0.442257,0.039106,-0.067076,-0.064245,0.645953,0.757706,-0.591658,0.532945,0.040150,0.012051,-0.003195,-0.794419,-0.607242,-0.766223,0.495476,0.944614
3258,27.150000,0.018796,0.019155,0.854467,0.518812,-0.924023,0.442260,0.039108,-0.067066,-0.064229,0.645945,0.757715,-0.591657,0.532940,0.040148,0.011871,-0.003351,-0.794451,-0.607203,-0.766234,0.495425,0.944677
3259,27.158333,0.018766,0.019110,0.854479,0.518795,-0.924021,0.442261,0.039109,-0.067067,-0.064220,0.645948,0.757713,-0.591659,0.532943,0.040148,0.011853,-0.003328,-0.794489,-0.607153,-0.766252,0.495401,0.944679
3260,27.166667,0.018808,0.019115,0.854476,0.518798,-0.924020,0.442264,0.039111,-0.067039,-0.064222,0.645949,0.757714,-0.591660,0.532942,0.040151,0.011755,-0.003328,-0.794492,-0.607151,-0.766254,0.495385,0.944665
3261,27.175000,0.018765,0.019119,0.854479,0.518794,-0.924020,0.442262,0.039110,-0.067068,-0.064215,0.645941,0.757719,-0.591663,0.532937,0.040154,0.011684,-0.003285,-0.794484,-0.607164,-0.766258,0.495379,0.944649
3262,27.183333,0.018779,0.019188,0.854466,0.518813,-0.924025,0.442261,0.039110,-0.067051,-0.064233,0.645943,0.757717,-0.591664,0.532940,0.040155,0.011894,-0.003141,-0.794379,-0.607298,-0.766252,0.495419,0.944615
3263,27.191667,0.018788,0.019188,0.854482,0.518786,-0.924025,0.442262,0.039111,-0.067045,-0.064229,0.645943,0.757719,-0.591664,0.532937,0.040153,0.011663,-0.003222,-0.794383,-0.607296,-0.766235,0.495404,0.944624
3264,27.200000,0.018793,0.019166,0.854486,0.518780,-0.924023,0.442263,0.039107,-0.067043,-0.064204,0.645949,0.757716,-0.591661,0.532938,0.040144,0.011705,-0.003304,-0.794448,-0.607211,-0.766260,0.495367,0.944654
3265,27.208333,0.018773,0.019139,0.854480,0.518792,-0.924021,0.442263,0.039103,-0.067042,-0.064206,0.645953,0.757712,-0.591657,0.532942,0.040145,0.011499,-0.003361,-0.794537,-0.607098,-0.766317,0.495339,0.944674
3266,27.216667,0.018805,0.019156,0.854480,0.518790,-0.924020,0.442263,0.039104,-0.067012,-0.064221,0.645936,0.757728,-0.591659,0.532942,0.040145,0.011593,-0.003299,-0.794510,-0.607132,-0.766285,0.495347,0.944635
3267,27.225000,0.018755,0.019165,0.854491,0.518774,-0.924018,0.442263,0.039103,-0.067022,-0.064214,0.645968,0.757701,-0.591658,0.532946,0.040147,0.011504,-0.003326,-0.794553,-0.607077,-0.766314,0.495335,0.944664
3268,27.233333,0.018793,0.019206,0.854495,0.518764,-0.924019,0.442264,0.039107,-0.067054,-0.064216,0.645966,0.757699,-0.591658,0.532942,0.040149,0.011730,-0.003210,-0.794491,-0.607155,-0.766322,0.495366,0.944629
3269,27.241667,0.018773,0.019181,0.854490,0.518774,-0.924022,0.442268,0.039105,-0.066995,-0.064180,0.645967,0.757706,-0.591664,0.532943,0.040144,0.011653,-0.003302,-0.794543,-0.607087,-0.766321,0.495345,0.944668
3270,27.250000,0.018749,0.019148,0.854484,0.518786,-0.924022,0.442264,0.039103,-0.067061,-0.064227,0.645976,0.757689,-0.591666,0.532942,0.040148,0.011561,-0.003276,-0.794632,-0.606972,-0.766331,0.495319,0.944674
3271,27.258333,0.018777,0.019181,0.854489,0.518776,-0.924026,0.442266,0.039106,-0.067038,-0.064207,0.645993,0.757678,-0.591666,0.532945,0.040146,0.011550,-0.003244,-0.794714,-0.606865,-0.766352,0.495304,0.944683
3272,27.266667,0.018716,0.019086,0.854504,0.518756,-0.924026,0.442267,0.039101,-0.067064,-0.064233,0.646001,0.757667,-0.591666,0.532944,0.040143,0.011349,-0.003097,-0.794827,-0.606722,-0.766392,0.495296,0.944660
3273,27.275000,0.018721,0.019065,0.854487,0.518784,-0.924028,0.442266,0.039105,-0.067062,-0.064229,0.646006,0.757663,-0.591670,0.532946,0.040149,0.011272,-0.003038,-0.794886,-0.606646,-0.766386,0.495296,0.944660
3274,27.283333,0.018722,0.019054,0.854494,0.518773,-0.924029,0.442264,0.039105,-0.067092,-0.064241,0.646019,0.757648,-0.591670,0.532946,0.040147,0.011046,-0.002923,-0.794941,-0.606579,-0.766394,0.495302,0.944644
3275,27.291667,0.018752,0.019097,0.854500,0.518762,-0.924032,0.442263,0.039102,-0.067135,-0.064296,0.646034,0.757627,-0.591674,0.532949,0.040147,0.010919,-0.002883,-0.795000,-0.606504,-0.766402,0.495302,0.944640
3276,27.300000,0.018727,0.019105,0.854513,0.518741,-0.924033,0.442264,0.039102,-0.067105,-0.064276,0.646026,0.757639,-0.591675,0.532948,0.040146,0.010944,-0.002710,-0.795108,-0.606363,-0.766401,0.495289,0.944598
3277,27.308333,0.018723,0.019121,0.854505,0.518754,-0.924040,0.442266,0.039101,-0.067112,-0.064276,0.646029,0.757635,-0.591675,0.532950,0.040153,0.010979,-0.002687,-0.795172,-0.606278,-0.766410,0.495271,0.944616
3278,27.316667,0.018737,0.019167,0.854499,0.518761,-0.924038,0.442261,0.039102,-0.067112,-0.064276,0.646016,0.757647,-0.591677,0.532949,0.040154,0.010991,-0.002715,-0.795314,-0.606092,-0.766502,0.495232,0.944658
3279,27.325000,0.018727,0.019102,0.854497,0.518767,-0.924029,0.442267,0.039099,-0.067101,-0.064266,0.646024,0.757642,-0.591679,0.532949,0.040147,0.011014,-0.002702,-0.795280,-0.606136,-0.766443,0.495253,0.944644
3280,27.333333,0.018739,0.019190,0.854507,0.518747,-0.924035,0.442260,0.039097,-0.067137,-0.064320,0.646025,0.757633,-0.591680,0.532947,0.040146,0.010929,-0.002642,-0.795404,-0.605975,-0.766531,0.495229,0.944655
3281,27.341667,0.018793,0.019145,0.854501,0.518757,-0.924032,0.442264,0.039103,-0.067139,-0.064337,0.646029,0.757628,-0.591682,0.532943,0.040155,0.010963,-0.002659,-0.795436,-0.605933,-0.766551,0.495217,0.944671
3282,27.350000,0.018760,0.019120,0.854496,0.518767,-0.924033,0.442262,0.039099,-0.067123,-0.064341,0.646008,0.757646,-0.591679,0.532945,0.040145,0.011021,-0.002487,-0.795474,-0.605882,-0.766616,0.495216,0.944697
3283,27.358333,0.018772,0.019062,0.854497,0.518767,-0.924033,0.442260,0.039099,-0.067101,-0.064329,0.646024,0.757636,-0.591678,0.532941,0.040147,0.010883,-0.002591,-0.795507,-0.605841,-0.766682,0.495209,0.944728
3284,27.366667,0.018810,0.019101,0.854484,0.518786,-0.924038,0.442258,0.039103,-0.067100,-0.064322,0.646034,0.757628,-0.591679,0.532944,0.040157,0.010972,-0.002503,-0.795480,-0.605876,-0.766616,0.495215,0.944711
3285,27.375000,0.018767,0.019069,0.854496,0.518769,-0.924042,0.442256,0.039101,-0.067109,-0.064326,0.646041,0.757621,-0.591678,0.532945,0.040156,0.011011,-0.002529,-0.795456,-0.605905,-0.766587,0.495184,0.944684
3286,27.383333,0.018776,0.019063,0.854483,0.518790,-0.924046,0.442257,0.039103,-0.067109,-0.064327,0.646041,0.757621,-0.591675,0.532944,0.040160,0.011036,-0.002442,-0.795481,-0.605873,-0.766629,0.495173,0.944719
3287,27.391667,0.018750,0.018994,0.854465,0.518822,-0.924045,0.442254,0.039105,-0.067126,-0.064388,0.646040,0.757615,-0.591675,0.532939,0.040158,0.010947,-0.002560,-0.795419,-0.605956,-0.766607,0.495141,0.944717
3288,27.400000,0.018691,0.018915,0.854459,0.518838,-0.924046,0.442253,0.039112,-0.067083,-0.064316,0.646043,0.757623,-0.591676,0.532939,0.040160,0.010959,-0.002438,-0.795426,-0.605947,-0.766648,0.495131,0.944731
3289,27.408333,0.018694,0.018909,0.854453,0.518848,-0.924053,0.442251,0.039114,-0.067116,-0.064376,0.646044,0.757614,-0.591674,0.532941,0.040158,0.010876,-0.002491,-0.795381,-0.606007,-0.766695,0.495102,0.944764
3290,27.416667,0.018696,0.018846,0.854438,0.518875,-0.924057,0.442248,0.039117,-0.067096,-0.064352,0.646041,0.757620,-0.591671,0.532939,0.040154,0.010767,-0.002578,-0.795324,-0.606083,-0.766716,0.495083,0.944772
3291,27.425000,0.018716,0.018843,0.854434,0.518880,-0.924061,0.442248,0.039118,-0.067056,-0.064364,0.646025,0.757636,-0.591674,0.532937,0.040156,0.010686,-0.002553,-0.795268,-0.606158,-0.766711,0.495060,0.944769
3292,27.433333,0.018677,0.018832,0.854432,0.518886,-0.924065,0.442245,0.039121,-0.067119,-0.064407,0.646030,0.757623,-0.591673,0.532932,0.040160,0.010679,-0.002539,-0.795217,-0.606226,-0.766704,0.495035,0.944771
3293,27.441667,0.018699,0.018842,0.854411,0.518919,-0.924064,0.442244,0.039123,-0.067077,-0.064373,0.646033,0.757627,-0.591667,0.532930,0.040154,0.010843,-0.002609,-0.795032,-0.606465,-0.766495,0.495028,0.944701
3294,27.450000,0.018687,0.018790,0.854414,0.518917,-0.924067,0.442243,0.039122,-0.066995,-0.064332,0.646025,0.757644,-0.591670,0.532933,0.040153,0.010878,-0.002649,-0.795049,-0.606442,-0.766516,0.494953,0.944707
3295,27.458333,0.018700,0.018729,0.854395,0.518949,-0.924072,0.442243,0.039121,-0.067019,-0.064397,0.646036,0.757628,-0.591669,0.532932,0.040153,0.010815,-0.002519,-0.794882,-0.606663,-0.766411,0.494962,0.944671
3296,27.466667,0.018665,0.018743,0.854392,0.518955,-0.924074,0.442236,0.039125,-0.067029,-0.064384,0.646032,0.757631,-0.591670,0.532928,0.040153,0.010959,-0.002815,-0.794835,-0.606721,-0.766420,0.494917,0.944656
3297,27.475000,0.018638,0.018669,0.854379,0.518980,-0.924076,0.442239,0.039124,-0.067036,-0.064393,0.646033,0.757628,-0.591666,0.532926,0.040153,0.010974,-0.002842,-0.794768,-0.606807,-0.766407,0.494893,0.944648
3298,27.483333,0.018621,0.018638,0.854374,0.518990,-0.924076,0.442234,0.039119,-0.067016,-0.064425,0.646030,0.757630,-0.591673,0.532923,0.040149,0.010867,-0.002773,-0.794673,-0.606935,-0.766352,0.494865,0.944634
3299,27.491667,0.018665,0.018613,0.854377,0.518986,-0.924080,0.442234,0.039121,-0.066989,-0.064430,0.646038,0.757625,-0.591669,0.532919,0.040144,0.011090,-0.002977,-0.794703,-0.606890,-0.766330,0.494792,0.944558
3300,27.500000,0.018678,0.018598,0.854372,0.518993,-0.924081,0.442229,0.039125,-0.066975,-0.064401,0.646054,0.757616,-0.591667,0.532918,0.040149,0.011199,-0.003054,-0.794663,-0.606939,-0.766303,0.494762,0.944554
3301,27.508333,0.018655,0.018540,0.854384,0.518977,-0.924076,0.442229,0.039120,-0.066962,-0.064428,0.646040,0.757627,-0.591665,0.532912,0.040145,0.011292,-0.003164,-0.794636,-0.606974,-0.766280,0.494739,0.944550
3302,27.516667,0.018637,0.018530,0.854383,0.518978,-0.924079,0.442223,0.039114,-0.066963,-0.064429,0.646033,0.757632,-0.591666,0.532916,0.040144,0.011341,-0.003174,-0.794607,-0.607010,-0.766258,0.494714,0.944551
3303,27.525000,0.018666,0.018554,0.854382,0.518978,-0.924083,0.442224,0.039120,-0.066954,-0.064396,0.646052,0.757619,-0.591667,0.532914,0.040144,0.011230,-0.002916,-0.794604,-0.607017,-0.766225,0.494712,0.944587
3304,27.533333,0.018669,0.018578,0.854384,0.518974,-0.924080,0.442220,0.039124,-0.066917,-0.064406,0.646054,0.757620,-0.591662,0.532910,0.040139,0.011378,-0.003174,-0.794628,-0.606982,-0.766208,0.494703,0.944557
3305,27.541667,0.018642,0.018567,0.854391,0.518964,-0.924078,0.442221,0.039123,-0.066934,-0.064429,0.646068,0.757604,-0.591661,0.532912,0.040140,0.011289,-0.002882,-0.794645,-0.606963,-0.766175,0.494702,0.944592
3306,27.550000,0.018664,0.018563,0.854404,0.518942,-0.924076,0.442223,0.039120,-0.066917,-0.064418,0.646077,0.757600,-0.591662,0.532914,0.040142,0.011292,-0.002811,-0.794695,-0.606898,-0.766141,0.494691,0.944616
3307,27.558333,0.018697,0.018544,0.854407,0.518937,-0.924073,0.442223,0.039121,-0.066940,-0.064389,0.646082,0.757596,-0.591658,0.532914,0.040140,0.011235,-0.002725,-0.794756,-0.606819,-0.766107,0.494696,0.944611
3308,27.566667,0.018745,0.018640,0.854411,0.518925,-0.924069,0.442226,0.039117,-0.066890,-0.064391,0.646076,0.757605,-0.591661,0.532918,0.040135,0.011241,-0.002672,-0.794833,-0.606719,-0.766083,0.494696,0.944629
3309,27.575000,0.018749,0.018714,0.854419,0.518909,-0.924068,0.442226,0.039118,-0.066968,-0.064397,0.646098,0.757579,-0.591661,0.532922,0.040136,0.011204,-0.002569,-0.794891,-0.606643,-0.766037,0.494688,0.944618
3310,27.583333,0.018745,0.018759,0.854422,0.518902,-0.924064,0.442227,0.039120,-0.066956,-0.064359,0.646089,0.757591,-0.591659,0.532924,0.040138,0.011172,-0.002428,-0.794997,-0.606506,-0.765993,0.494672,0.944633
3311,27.591667,0.018756,0.018767,0.854433,0.518884,-0.924059,0.442231,0.039120,-0.066875,-0.064338,0.646099,0.757591,-0.591660,0.532923,0.040134,0.011106,-0.002200,-0.795108,-0.606363,-0.765982,0.494676,0.944660
3312,27.600000,0.018807,0.018852,0.854440,0.518867,-0.924056,0.442240,0.039118,-0.066920,-0.064328,0.646088,0.757597,-0.591659,0.532929,0.040134,0.011169,-0.002107,-0.795265,-0.606155,-0.765921,0.494618,0.944677
3313,27.608333,0.018797,0.018862,0.854451,0.518849,-0.924049,0.442237,0.039118,-0.066940,-0.064344,0.646097,0.757587,-0.591656,0.532929,0.040130,0.011154,-0.002264,-0.795396,-0.605984,-0.765890,0.494602,0.944703
3314,27.616667,0.018812,0.018896,0.854450,0.518850,-0.924046,0.442238,0.039118,-0.066919,-0.064339,0.646105,0.757582,-0.591655,0.532929,0.040135,0.011107,-0.002103,-0.795350,-0.606045,-0.765844,0.494638,0.944647
3315,27.625000,0.018828,0.018950,0.854446,0.518854,-0.924046,0.442241,0.039120,-0.066940,-0.064312,0.646110,0.757578,-0.591655,0.532932,0.040136,0.010849,-0.002182,-0.795382,-0.606007,-0.765827,0.494671,0.944725
3316,27.633333,0.018844,0.018966,0.854457,0.518834,-0.924040,0.442243,0.039119,-0.066952,-0.064347,0.646107,0.757576,-0.591651,0.532932,0.040137,0.010567,-0.001994,-0.795508,-0.605848,-0.765808,0.494666,0.944737
3317,27.641667,0.018845,0.018975,0.854472,0.518808,-0.924038,0.442241,0.039119,-0.066879,-0.064306,0.646119,0.757576,-0.591657,0.532932,0.040135,0.010721,-0.001991,-0.795572,-0.605761,-0.765749,0.494669,0.944759
3318,27.650000,0.018856,0.018947,0.854477,0.518802,-0.924037,0.442241,0.039118,-0.066887,-0.064266,0.646116,0.757582,-0.591656,0.532933,0.040136,0.010611,-0.001899,-0.795619,-0.605702,-0.765711,0.494688,0.944754
3319,27.658333,0.018883,0.019013,0.854482,0.518789,-0.924034,0.442246,0.039124,-0.066876,-0.064266,0.646113,0.757586,-0.591656,0.532935,0.040140,0.010556,-0.001842,-0.795655,-0.605655,-0.765676,0.494703,0.944752
3320,27.666667,0.018869,0.019064,0.854479,0.518793,-0.924035,0.442246,0.039123,-0.066911,-0.064307,0.646123,0.757570,-0.591657,0.532933,0.040135,0.010520,-0.001816,-0.795693,-0.605606,-0.765647,0.494720,0.944771
3321,27.675000,0.018892,0.019152,0.854473,0.518799,-0.924034,0.442251,0.039123,-0.066950,-0.064318,0.646119,0.757569,-0.591654,0.532934,0.040131,0.010398,-0.001569,-0.795698,-0.605602,-0.765593,0.494759,0.944760
3322,27.683333,0.018927,0.019144,0.854466,0.518810,-0.924032,0.442252,0.039125,-0.066866,-0.064273,0.646100,0.757597,-0.591657,0.532937,0.040132,0.010452,-0.001731,-0.795740,-0.605546,-0.765586,0.494757,0.944765
3323,27.691667,0.018916,0.019129,0.854480,0.518788,-0.924033,0.442251,0.039124,-0.066926,-0.064304,0.646084,0.757602,-0.591655,0.532932,0.040133,0.010508,-0.001637,-0.795741,-0.605544,-0.765537,0.494776,0.944788
3324,27.700000,0.018891,0.019065,0.854487,0.518779,-0.924031,0.442248,0.039122,-0.066894,-0.064334,0.646119,0.757573,-0.591656,0.532935,0.040126,0.010539,-0.001657,-0.795722,-0.605568,-0.765497,0.494768,0.944799
3325,27.708333,0.018873,0.019070,0.854478,0.518794,-0.924028,0.442249,0.039131,-0.066884,-0.064290,0.646107,0.757588,-0.591647,0.532936,0.040132,0.010504,-0.001702,-0.795653,-0.605660,-0.765520,0.494837,0.944831
3326,27.716667,0.018839,0.019071,0.854487,0.518781,-0.924028,0.442250,0.039129,-0.066845,-0.064262,0.646104,0.757596,-0.591650,0.532933,0.040125,0.010341,-0.001726,-0.795637,-0.605683,-0.765488,0.494827,0.944801
3327,27.725000,0.018881,0.019019,0.854478,0.518797,-0.924029,0.442248,0.039131,-0.066867,-0.064258,0.646104,0.757594,-0.591647,0.532931,0.040131,0.010309,-0.001748,-0.795635,-0.605686,-0.765489,0.494840,0.944810
3328,27.733333,0.018907,0.018994,0.854481,0.518791,-0.924030,0.442243,0.039129,-0.066884,-0.064248,0.646124,0.757577,-0.591649,0.532930,0.040130,0.010153,-0.001620,-0.795635,-0.605689,-0.765479,0.494862,0.944785
3329,27.741667,0.018950,0.019040,0.854478,0.518792,-0.924033,0.442246,0.039127,-0.066879,-0.064229,0.646114,0.757587,-0.591645,0.532930,0.040129,0.010165,-0.001637,-0.795633,-0.605691,-0.765476,0.494849,0.944810
3330,27.750000,0.018919,0.019045,0.854480,0.518790,-0.924034,0.442247,0.039124,-0.066841,-0.064198,0.646115,0.757593,-0.591647,0.532930,0.040131,0.010085,-0.001657,-0.795631,-0.605695,-0.765453,0.494846,0.944799
3331,27.758333,0.018884,0.019002,0.854475,0.518801,-0.924035,0.442246,0.039128,-0.066824,-0.064246,0.646100,0.757602,-0.591643,0.532934,0.040129,0.010050,-0.001620,-0.795625,-0.605704,-0.765433,0.494846,0.944797
3332,27.766667,0.018910,0.018996,0.854469,0.518810,-0.924034,0.442251,0.039132,-0.066850,-0.064230,0.646093,0.757608,-0.591647,0.532930,0.040132,0.010043,-0.001621,-0.795613,-0.605720,-0.765429,0.494842,0.944805
3333,27.775000,0.018920,0.019020,0.854449,0.518842,-0.924039,0.442253,0.039130,-0.066857,-0.064240,0.646090,0.757609,-0.591650,0.532931,0.040130,0.010065,-0.001621,-0.795598,-0.605739,-0.765420,0.494834,0.944811
3334,27.783333,0.018933,0.019044,0.854455,0.518830,-0.924037,0.442251,0.039124,-0.066835,-0.064241,0.646092,0.757609,-0.591647,0.532934,0.040130,0.010012,-0.001530,-0.795575,-0.605770,-0.765422,0.494833,0.944815
3335,27.791667,0.018982,0.019046,0.854446,0.518843,-0.924035,0.442256,0.039121,-0.066861,-0.064248,0.646088,0.757609,-0.591648,0.532929,0.040133,0.009903,-0.001449,-0.795552,-0.605802,-0.765412,0.494836,0.944801
3336,27.800000,0.018974,0.019057,0.854454,0.518831,-0.924037,0.442257,0.039119,-0.066842,-0.064233,0.646074,0.757625,-0.591644,0.532933,0.040131,0.009847,-0.001402,-0.795530,-0.605833,-0.765414,0.494823,0.944800
3337,27.808333,0.018967,0.018979,0.854446,0.518848,-0.924037,0.442257,0.039124,-0.066895,-0.064225,0.646080,0.757616,-0.591650,0.532932,0.040133,0.009859,-0.001361,-0.795506,-0.605864,-0.765418,0.494804,0.944810
3338,27.816667,0.018962,0.019011,0.854441,0.518854,-0.924040,0.442256,0.039124,-0.066874,-0.064245,0.646093,0.757605,-0.591653,0.532932,0.040128,0.009714,-0.001418,-0.795482,-0.605897,-0.765420,0.494788,0.944789
3339,27.825000,0.018984,0.019035,0.854434,0.518865,-0.924045,0.442250,0.039122,-0.066877,-0.064247,0.646069,0.757625,-0.591651,0.532934,0.040126,0.009747,-0.001413,-0.795435,-0.605959,-0.765422,0.494758,0.944803
3340,27.833333,0.018896,0.018898,0.854428,0.518882,-0.924048,0.442253,0.039121,-0.066829,-0.064230,0.646071,0.757629,-0.591652,0.532934,0.040131,0.009730,-0.001361,-0.795409,-0.605993,-0.765428,0.494730,0.944806
3341,27.841667,0.018872,0.018933,0.854423,0.518890,-0.924051,0.442250,0.039128,-0.066832,-0.064230,0.646092,0.757610,-0.591652,0.532933,0.040129,0.009575,-0.001462,-0.795413,-0.605990,-0.765409,0.494662,0.944781
3342,27.850000,0.018890,0.018959,0.854421,0.518892,-0.924056,0.442251,0.039125,-0.066849,-0.064258,0.646087,0.757610,-0.591652,0.532934,0.040131,0.009647,-0.001560,-0.795385,-0.606026,-0.765412,0.494631,0.944794
3343,27.858333,0.018921,0.018934,0.854417,0.518897,-0.924055,0.442252,0.039121,-0.066887,-0.064308,0.646078,0.757611,-0.591651,0.532932,0.040129,0.009852,-0.001593,-0.795343,-0.606078,-0.765432,0.494620,0.944819
3344,27.866667,0.018905,0.018866,0.854427,0.518884,-0.924054,0.442250,0.039121,-0.066891,-0.064313,0.646064,0.757622,-0.591653,0.532932,0.040127,0.009571,-0.001382,-0.795318,-0.606115,-0.765436,0.494612,0.944774
3345,27.875000,0.018919,0.018880,0.854418,0.518899,-0.924058,0.442246,0.039120,-0.066892,-0.064300,0.646073,0.757615,-0.591655,0.532930,0.040124,0.009880,-0.001508,-0.795274,-0.606168,-0.765461,0.494578,0.944813
3346,27.883333,0.018886,0.018800,0.854415,0.518907,-0.924063,0.442243,0.039118,-0.066844,-0.064328,0.646062,0.757626,-0.591655,0.532929,0.040126,0.009618,-0.001300,-0.795285,-0.606159,-0.765458,0.494560,0.944779
3347,27.891667,0.018868,0.018738,0.854403,0.518931,-0.924065,0.442240,0.039124,-0.066845,-0.064307,0.646088,0.757606,-0.591652,0.532927,0.040130,0.009514,-0.001225,-0.795273,-0.606175,-0.765466,0.494545,0.944758
3348,27.900000,0.018878,0.018682,0.854400,0.518936,-0.924069,0.442237,0.039121,-0.066859,-0.064313,0.646094,0.757599,-0.591656,0.532926,0.040127,0.009354,-0.001238,-0.795276,-0.606175,-0.765478,0.494531,0.944728
3349,27.908333,0.018843,0.018631,0.854405,0.518932,-0.924069,0.442234,0.039123,-0.066845,-0.064299,0.646081,0.757612,-0.591656,0.532926,0.040125,0.009230,-0.001186,-0.795266,-0.606189,-0.765465,0.494481,0.944724
3350,27.916667,0.018870,0.018621,0.854403,0.518935,-0.924072,0.442228,0.039130,-0.066788,-0.064270,0.646085,0.757616,-0.591656,0.532927,0.040123,0.009194,-0.001098,-0.795227,-0.606241,-0.765480,0.494454,0.944714
3351,27.925000,0.018888,0.018544,0.854396,0.518947,-0.924073,0.442224,0.039121,-0.066795,-0.064292,0.646108,0.757595,-0.591653,0.532922,0.040124,0.008939,-0.001082,-0.795271,-0.606187,-0.765511,0.494410,0.944751
3352,27.933333,0.018880,0.018524,0.854402,0.518938,-0.924075,0.442223,0.039123,-0.066785,-0.064279,0.646099,0.757604,-0.591651,0.532925,0.040128,0.008832,-0.001242,-0.795368,-0.606061,-0.765556,0.494326,0.944784
3353,27.941667,0.018833,0.018481,0.854399,0.518947,-0.924080,0.442219,0.039124,-0.066805,-0.064296,0.646093,0.757606,-0.591654,0.532924,0.040125,0.008397,-0.001153,-0.795482,-0.605918,-0.765494,0.494286,0.944677
3354,27.950000,0.018839,0.018479,0.854397,0.518950,-0.924088,0.442216,0.039119,-0.066792,-0.064296,0.646123,0.757581,-0.591656,0.532922,0.040126,0.008835,-0.001044,-0.795682,-0.605650,-0.765508,0.494158,0.944708
3355,27.958333,0.018810,0.018392,0.854397,0.518955,-0.924090,0.442211,0.039124,-0.066796,-0.064297,0.646117,0.757586,-0.591661,0.532924,0.040125,0.008751,-0.001044,-0.795771,-0.605533,-0.765492,0.494091,0.944674
3356,27.966667,0.018812,0.018356,0.854395,0.518960,-0.924094,0.442208,0.039130,-0.066785,-0.064317,0.646137,0.757569,-0.591656,0.532922,0.040122,0.008638,-0.000849,-0.795878,-0.605395,-0.765516,0.494040,0.944690
3357,27.975000,0.018812,0.018299,0.854390,0.518969,-0.924090,0.442204,0.039129,-0.066825,-0.064318,0.646125,0.757576,-0.591655,0.532923,0.040123,0.008631,-0.000818,-0.795954,-0.605296,-0.765506,0.493981,0.944675
3358,27.983333,0.018807,0.018219,0.854406,0.518946,-0.924092,0.442201,0.039128,-0.066770,-0.064291,0.646138,0.757571,-0.591653,0.532922,0.040121,0.008714,-0.000754,-0.796058,-0.605158,-0.765514,0.493922,0.944685
3359,27.991667,0.018809,0.018192,0.854398,0.518961,-0.924094,0.442195,0.039128,-0.066763,-0.064307,0.646165,0.757547,-0.591656,0.532918,0.040120,0.008763,-0.000782,-0.796164,-0.605018,-0.765472,0.493837,0.944725
3360,28.000000,0.018812,0.018129,0.854401,0.518957,-0.924095,0.442190,0.039127,-0.066754,-0.064290,0.646165,0.757550,-0.591655,0.532919,0.040126,0.009050,-0.000920,-0.796387,-0.604719,-0.765524,0.493689,0.944755
3361,28.008333,0.018823,0.018135,0.854408,0.518945,-0.924099,0.442188,0.039134,-0.066741,-0.064280,0.646190,0.757531,-0.591652,0.532919,0.040125,0.009109,-0.000877,-0.796524,-0.604537,-0.765492,0.493585,0.944725
3362,28.016667,0.018836,0.018033,0.854402,0.518957,-0.924102,0.442183,0.039128,-0.066718,-0.064256,0.646184,0.757539,-0.591650,0.532919,0.040126,0.008892,-0.000728,-0.796662,-0.604359,-0.765446,0.493529,0.944637
3363,28.025000,0.018821,0.018006,0.854415,0.518939,-0.924099,0.442182,0.039128,-0.066721,-0.064229,0.646186,0.757540,-0.591648,0.532920,0.040131,0.009009,-0.000684,-0.796701,-0.604306,-0.765444,0.493474,0.944646
3364,28.033333,0.018753,0.017946,0.854408,0.518955,-0.924105,0.442180,0.039134,-0.066754,-0.064276,0.646198,0.757523,-0.591653,0.532916,0.040132,0.008853,-0.000903,-0.796804,-0.604172,-0.765509,0.493370,0.944756
3365,28.041667,0.018767,0.017953,0.854403,0.518961,-0.924107,0.442176,0.039132,-0.066704,-0.064209,0.646194,0.757536,-0.591650,0.532917,0.040128,0.009006,-0.000969,-0.796829,-0.604137,-0.765527,0.493306,0.944773
3366,28.050000,0.018781,0.017927,0.854402,0.518964,-0.924106,0.442175,0.039135,-0.066657,-0.064222,0.646212,0.757524,-0.591649,0.532913,0.040128,0.009019,-0.001152,-0.796907,-0.604033,-0.765530,0.493213,0.944797
3367,28.058333,0.018754,0.017821,0.854403,0.518967,-0.924108,0.442169,0.039134,-0.066653,-0.064244,0.646210,0.757524,-0.591644,0.532913,0.040129,0.008993,-0.001500,-0.797064,-0.603826,-0.765590,0.493117,0.944870
3368,28.066667,0.018766,0.017874,0.854410,0.518954,-0.924111,0.442174,0.039135,-0.066671,-0.064244,0.646212,0.757521,-0.591640,0.532911,0.040132,0.008673,-0.001594,-0.797127,-0.603748,-0.765562,0.493038,0.944838
3369,28.075000,0.018775,0.017837,0.854405,0.518962,-0.924114,0.442167,0.039130,-0.066662,-0.064208,0.646205,0.757531,-0.591641,0.532907,0.040127,0.008759,-0.001595,-0.797095,-0.603789,-0.765603,0.493038,0.944835
3370,28.083333,0.018757,0.017750,0.854390,0.518991,-0.924107,0.442166,0.039134,-0.066663,-0.064226,0.646236,0.757503,-0.591643,0.532908,0.040131,0.008731,-0.001572,-0.797094,-0.603790,-0.765578,0.492967,0.944853
3371,28.091667,0.018773,0.017781,0.854389,0.518991,-0.924112,0.442164,0.039132,-0.066650,-0.064236,0.646224,0.757513,-0.591642,0.532908,0.040130,0.008810,-0.001562,-0.797061,-0.603832,-0.765619,0.492967,0.944842
3372,28.100000,0.018800,0.017815,0.854390,0.518987,-0.924116,0.442156,0.039135,-0.066640,-0.064249,0.646225,0.757512,-0.591641,0.532905,0.040131,0.008670,-0.001525,-0.797052,-0.603846,-0.765592,0.492893,0.944844
3373,28.108333,0.018762,0.017789,0.854383,0.519000,-0.924120,0.442158,0.039133,-0.066652,-0.064240,0.646204,0.757530,-0.591643,0.532905,0.040131,0.008757,-0.001526,-0.797014,-0.603895,-0.765632,0.492895,0.944818
3374,28.116667,0.018745,0.017732,0.854392,0.518988,-0.924114,0.442159,0.039133,-0.066622,-0.064258,0.646223,0.757514,-0.591638,0.532909,0.040129,0.008758,-0.001528,-0.796993,-0.603923,-0.765635,0.492861,0.944807
3375,28.125000,0.018799,0.017746,0.854394,0.518982,-0.924115,0.442159,0.039131,-0.066661,-0.064270,0.646222,0.757511,-0.591640,0.532907,0.040132,0.008789,-0.001518,-0.796958,-0.603969,-0.765646,0.492813,0.944818
3376,28.133333,0.018783,0.017750,0.854403,0.518968,-0.924114,0.442156,0.039131,-0.066635,-0.064250,0.646236,0.757503,-0.591641,0.532905,0.040130,0.008851,-0.001450,-0.797008,-0.603902,-0.765608,0.492708,0.944767
3377,28.141667,0.018749,0.017749,0.854400,0.518975,-0.924114,0.442154,0.039130,-0.066581,-0.064191,0.646215,0.757531,-0.591638,0.532906,0.040133,0.008897,-0.001498,-0.796986,-0.603931,-0.765613,0.492667,0.944760
3378,28.150000,0.018780,0.017760,0.854394,0.518983,-0.924113,0.442156,0.039130,-0.066627,-0.064213,0.646218,0.757522,-0.591646,0.532907,0.040138,0.008899,-0.001551,-0.796955,-0.603971,-0.765615,0.492618,0.944755
3379,28.158333,0.018775,0.017743,0.854408,0.518960,-0.924114,0.442159,0.039131,-0.066670,-0.064242,0.646221,0.757513,-0.591643,0.532906,0.040135,0.009122,-0.001521,-0.797028,-0.603872,-0.765564,0.492535,0.944720
3380,28.166667,0.018760,0.017739,0.854396,0.518981,-0.924119,0.442158,0.039131,-0.066689,-0.064297,0.646204,0.757522,-0.591647,0.532907,0.040135,0.009368,-0.001547,-0.797045,-0.603845,-0.765526,0.492470,0.944712
3381,28.175000,0.018735,0.017743,0.854402,0.518972,-0.924121,0.442158,0.039131,-0.066656,-0.064225,0.646222,0.757515,-0.591649,0.532906,0.040136,0.009575,-0.001635,-0.797031,-0.603860,-0.765519,0.492419,0.944724
3382,28.183333,0.018769,0.017727,0.854391,0.518989,-0.924126,0.442155,0.039132,-0.066670,-0.064244,0.646185,0.757544,-0.591647,0.532907,0.040142,0.009700,-0.001738,-0.797026,-0.603864,-0.765521,0.492370,0.944749
3383,28.191667,0.018721,0.017733,0.854400,0.518975,-0.924128,0.442156,0.039139,-0.066696,-0.064273,0.646200,0.757526,-0.591652,0.532906,0.040139,0.009704,-0.001817,-0.797022,-0.603870,-0.765540,0.492315,0.944762
3384,28.200000,0.018738,0.017684,0.854417,0.518948,-0.924128,0.442163,0.039137,-0.066699,-0.064263,0.646226,0.757505,-0.591654,0.532910,0.040142,0.009337,-0.001646,-0.797000,-0.603905,-0.765554,0.492284,0.944723
3385,28.208333,0.018693,0.017661,0.854412,0.518960,-0.924127,0.442161,0.039139,-0.066692,-0.064301,0.646221,0.757506,-0.591657,0.532910,0.040143,0.009151,-0.001535,-0.797018,-0.603885,-0.765569,0.492263,0.944717
3386,28.216667,0.018714,0.017700,0.854415,0.518953,-0.924125,0.442161,0.039138,-0.066694,-0.064278,0.646226,0.757504,-0.591658,0.532906,0.040145,0.009018,-0.001447,-0.797052,-0.603841,-0.765577,0.492245,0.944684
3387,28.225000,0.018757,0.017733,0.854406,0.518965,-0.924129,0.442159,0.039137,-0.066718,-0.064290,0.646215,0.757510,-0.591663,0.532907,0.040143,0.008927,-0.001369,-0.797085,-0.603800,-0.765594,0.492227,0.944678
3388,28.233333,0.018728,0.017694,0.854408,0.518963,-0.924122,0.442164,0.039138,-0.066739,-0.064339,0.646219,0.757501,-0.591660,0.532912,0.040147,0.009143,-0.001187,-0.797150,-0.603711,-0.765714,0.492203,0.944803
3389,28.241667,0.018740,0.017707,0.854399,0.518977,-0.924125,0.442162,0.039139,-0.066738,-0.064290,0.646212,0.757511,-0.591666,0.532910,0.040143,0.009141,-0.001077,-0.797189,-0.603660,-0.765765,0.492190,0.944829
3390,28.250000,0.018749,0.017727,0.854394,0.518985,-0.924125,0.442161,0.039131,-0.066754,-0.064303,0.646211,0.757510,-0.591665,0.532909,0.040149,0.009127,-0.001116,-0.797216,-0.603624,-0.765774,0.492166,0.944816
3391,28.258333,0.018726,0.017744,0.854409,0.518961,-0.924125,0.442157,0.039133,-0.066787,-0.064328,0.646207,0.757508,-0.591668,0.532913,0.040150,0.009029,-0.001064,-0.797283,-0.603537,-0.765806,0.492157,0.944810
3392,28.266667,0.018750,0.017685,0.854403,0.518972,-0.924126,0.442156,0.039137,-0.066765,-0.064376,0.646201,0.757511,-0.591670,0.532906,0.040141,0.008897,-0.001027,-0.797321,-0.603489,-0.765821,0.492145,0.944794
3393,28.275000,0.018721,0.017632,0.854419,0.518949,-0.924130,0.442156,0.039136,-0.066798,-0.064356,0.646217,0.757496,-0.591675,0.532910,0.040142,0.008884,-0.000971,-0.797362,-0.603436,-0.765831,0.492134,0.944786
3394,28.283333,0.018704,0.017648,0.854417,0.518952,-0.924126,0.442152,0.039131,-0.066801,-0.064426,0.646224,0.757484,-0.591669,0.532911,0.040139,0.008824,-0.000903,-0.797406,-0.603378,-0.765859,0.492110,0.944821
3395,28.291667,0.018729,0.017545,0.854412,0.518961,-0.924123,0.442152,0.039132,-0.066745,-0.064340,0.646229,0.757492,-0.591672,0.532910,0.040144,0.008841,-0.001063,-0.797432,-0.603343,-0.765883,0.492101,0.944780
3396,28.300000,0.018756,0.017587,0.854411,0.518961,-0.924126,0.442152,0.039134,-0.066777,-0.064359,0.646233,0.757484,-0.591675,0.532908,0.040141,0.008813,-0.001142,-0.797443,-0.603329,-0.765895,0.492076,0.944765
3397,28.308333,0.018687,0.017503,0.854424,0.518946,-0.924124,0.442155,0.039131,-0.066831,-0.064383,0.646239,0.757472,-0.591672,0.532917,0.040140,0.008916,-0.000960,-0.797377,-0.603415,-0.765924,0.492109,0.944749
3398,28.316667,0.018691,0.017495,0.854430,0.518936,-0.924126,0.442152,0.039132,-0.066777,-0.064383,0.646225,0.757488,-0.591670,0.532918,0.040142,0.008852,-0.001059,-0.797362,-0.603435,-0.765956,0.492101,0.944771
3399,28.325000,0.018686,0.017467,0.854419,0.518955,-0.924126,0.442149,0.039128,-0.066787,-0.064381,0.646231,0.757483,-0.591668,0.532918,0.040143,0.008965,-0.001116,-0.797384,-0.603405,-0.765954,0.492075,0.944770
3400,28.333333,0.018682,0.017476,0.854429,0.518937,-0.924127,0.442153,0.039132,-0.066824,-0.064372,0.646231,0.757480,-0.591667,0.532922,0.040143,0.008996,-0.001096,-0.797392,-0.603394,-0.765975,0.492054,0.944767
3401,28.341667,0.018679,0.017488,0.854419,0.518954,-0.924126,0.442153,0.039131,-0.066823,-0.064360,0.646213,0.757497,-0.591668,0.532925,0.040142,0.008933,-0.001087,-0.797383,-0.603406,-0.766014,0.492048,0.944788
3402,28.350000,0.018666,0.017540,0.854418,0.518954,-0.924127,0.442151,0.039135,-0.066787,-0.064378,0.646213,0.757498,-0.591668,0.532920,0.040145,0.008940,-0.001134,-0.797358,-0.603439,-0.766018,0.492036,0.944781
3403,28.358333,0.018693,0.017560,0.854407,0.518972,-0.924130,0.442149,0.039136,-0.066831,-0.064391,0.646221,0.757487,-0.591664,0.532920,0.040147,0.008925,-0.001076,-0.797373,-0.603420,-0.766049,0.492030,0.944801
3404,28.366667,0.018676,0.017495,0.854422,0.518949,-0.924130,0.442153,0.039127,-0.066823,-0.064385,0.646230,0.757480,-0.591667,0.532916,0.040145,0.008957,-0.001115,-0.797340,-0.603463,-0.766048,0.492016,0.944790
3405,28.375000,0.018658,0.017496,0.854425,0.518945,-0.924124,0.442153,0.039128,-0.066821,-0.064401,0.646222,0.757486,-0.591666,0.532915,0.040151,0.008934,-0.001063,-0.797337,-0.603467,-0.766079,0.492004,0.944799
3406,28.383333,0.018666,0.017538,0.854427,0.518939,-0.924128,0.442153,0.039125,-0.066804,-0.064385,0.646223,0.757488,-0.591668,0.532918,0.040150,0.008763,-0.001107,-0.797322,-0.603489,-0.766120,0.491978,0.944815
3407,28.391667,0.018657,0.017535,0.854433,0.518930,-0.924129,0.442155,0.039128,-0.066796,-0.064341,0.646195,0.757516,-0.591667,0.532916,0.040151,0.008898,-0.001017,-0.797265,-0.603564,-0.766120,0.491977,0.944807
3408,28.400000,0.018678,0.017533,0.854426,0.518942,-0.924128,0.442151,0.039125,-0.066832,-0.064328,0.646209,0.757502,-0.591668,0.532916,0.040149,0.008830,-0.001100,-0.797267,-0.603562,-0.766148,0.491953,0.944833
3409,28.408333,0.018688,0.017639,0.854424,0.518941,-0.924128,0.442153,0.039127,-0.066810,-0.064335,0.646197,0.757514,-0.591666,0.532913,0.040149,0.008822,-0.001020,-0.797228,-0.603613,-0.766178,0.491932,0.944836
3410,28.416667,0.018662,0.017517,0.854425,0.518945,-0.924127,0.442154,0.039125,-0.066790,-0.064316,0.646192,0.757521,-0.591667,0.532917,0.040151,0.008981,-0.001019,-0.797157,-0.603705,-0.766161,0.491923,0.944813
3411,28.425000,0.018701,0.017560,0.854409,0.518968,-0.924126,0.442155,0.039122,-0.066787,-0.064358,0.646192,0.757518,-0.591669,0.532916,0.040149,0.009042,-0.001205,-0.797126,-0.603744,-0.766228,0.491864,0.944876
3412,28.433333,0.018688,0.017557,0.854413,0.518962,-0.924121,0.442154,0.039122,-0.066788,-0.064330,0.646179,0.757532,-0.591667,0.532915,0.040149,0.008979,-0.001049,-0.797096,-0.603785,-0.766289,0.491861,0.944870
3413,28.441667,0.018672,0.017538,0.854415,0.518960,-0.924123,0.442160,0.039120,-0.066807,-0.064333,0.646172,0.757536,-0.591669,0.532921,0.040147,0.009073,-0.001241,-0.797002,-0.603907,-0.766282,0.491824,0.944894
3414,28.450000,0.018699,0.017616,0.854409,0.518966,-0.924123,0.442159,0.039122,-0.066798,-0.064374,0.646164,0.757539,-0.591671,0.532919,0.040153,0.009036,-0.001064,-0.796953,-0.603973,-0.766345,0.491831,0.944854
3415,28.458333,0.018690,0.017603,0.854412,0.518962,-0.924123,0.442157,0.039122,-0.066838,-0.064384,0.646181,0.757521,-0.591672,0.532916,0.040150,0.009075,-0.001099,-0.796899,-0.604043,-0.766360,0.491804,0.944855
3416,28.466667,0.018681,0.017578,0.854416,0.518956,-0.924127,0.442156,0.039122,-0.066845,-0.064394,0.646159,0.757538,-0.591671,0.532916,0.040152,0.008970,-0.001188,-0.796779,-0.604203,-0.766338,0.491741,0.944857
3417,28.475000,0.018736,0.017612,0.854413,0.518958,-0.924127,0.442155,0.039113,-0.066826,-0.064343,0.646145,0.757556,-0.591669,0.532917,0.040153,0.008874,-0.001079,-0.796777,-0.604207,-0.766391,0.491762,0.944821
3418,28.483333,0.018706,0.017569,0.854425,0.518940,-0.924124,0.442156,0.039116,-0.066859,-0.064390,0.646139,0.757554,-0.591674,0.532917,0.040154,0.008802,-0.000998,-0.796718,-0.604286,-0.766426,0.491766,0.944816
3419,28.491667,0.018682,0.017600,0.854414,0.518958,-0.924121,0.442159,0.039108,-0.066859,-0.064351,0.646114,0.757578,-0.591674,0.532919,0.040150,0.008817,-0.000996,-0.796617,-0.604419,-0.766453,0.491725,0.944817
3420,28.500000,0.018711,0.017630,0.854414,0.518957,-0.924119,0.442163,0.039114,-0.066857,-0.064392,0.646106,0.757582,-0.591671,0.532923,0.040141,0.008891,-0.001137,-0.796564,-0.604488,-0.766463,0.491695,0.944832
3421,28.508333,0.018670,0.017628,0.854411,0.518963,-0.924118,0.442163,0.039114,-0.066905,-0.064473,0.646111,0.757567,-0.591674,0.532917,0.040148,0.008916,-0.001174,-0.796529,-0.604533,-0.766474,0.491673,0.944835
3422,28.516667,0.018685,0.017630,0.854420,0.518948,-0.924121,0.442162,0.039110,-0.066926,-0.064412,0.646126,0.757558,-0.591675,0.532921,0.040143,0.008979,-0.001229,-0.796478,-0.604599,-0.766489,0.491657,0.944844
3423,28.525000,0.018637,0.017600,0.854417,0.518955,-0.924115,0.442165,0.039115,-0.066911,-0.064411,0.646128,0.757558,-0.591674,0.532922,0.040151,0.009070,-0.001223,-0.796428,-0.604665,-0.766514,0.491649,0.944850
3424,28.533333,0.018623,0.017610,0.854420,0.518950,-0.924114,0.442166,0.039115,-0.066917,-0.064424,0.646114,0.757567,-0.591680,0.532917,0.040147,0.008984,-0.001215,-0.796373,-0.604738,-0.766529,0.491639,0.944842
3425,28.541667,0.018639,0.017619,0.854422,0.518946,-0.924116,0.442166,0.039111,-0.066917,-0.064479,0.646108,0.757568,-0.591681,0.532919,0.040149,0.008927,-0.001248,-0.796333,-0.604791,-0.766535,0.491625,0.944839
3426,28.550000,0.018637,0.017667,0.854430,0.518932,-0.924118,0.442170,0.039108,-0.066953,-0.064475,0.646091,0.757580,-0.591686,0.532916,0.040148,0.008962,-0.001185,-0.796300,-0.604834,-0.766561,0.491619,0.944869
3427,28.558333,0.018643,0.017670,0.854423,0.518943,-0.924115,0.442170,0.039113,-0.066977,-0.064500,0.646093,0.757574,-0.591681,0.532917,0.040151,0.008724,-0.000783,-0.796201,-0.604969,-0.766613,0.491670,0.944808
3428,28.566667,0.018635,0.017668,0.854420,0.518948,-0.924117,0.442168,0.039116,-0.066940,-0.064492,0.646073,0.757595,-0.591681,0.532913,0.040153,0.008794,-0.001080,-0.796247,-0.604907,-0.766581,0.491618,0.944863
3429,28.575000,0.018633,0.017695,0.854424,0.518940,-0.924117,0.442171,0.039111,-0.066991,-0.064475,0.646082,0.757584,-0.591689,0.532916,0.040148,0.008592,-0.000756,-0.796152,-0.605035,-0.766624,0.491668,0.944809
3430,28.583333,0.018600,0.017736,0.854429,0.518932,-0.924111,0.442175,0.039117,-0.066973,-0.064509,0.646091,0.757575,-0.591686,0.532917,0.040148,0.008510,-0.000684,-0.796140,-0.605052,-0.766624,0.491663,0.944817
3431,28.591667,0.018634,0.017757,0.854433,0.518924,-0.924107,0.442175,0.039117,-0.067011,-0.064532,0.646091,0.757570,-0.591688,0.532919,0.040151,0.008474,-0.000610,-0.796124,-0.605074,-0.766626,0.491664,0.944824
3432,28.600000,0.018642,0.017769,0.854437,0.518917,-0.924107,0.442180,0.039117,-0.067008,-0.064501,0.646050,0.757608,-0.591690,0.532921,0.040153,0.008443,-0.000612,-0.796121,-0.605079,-0.766620,0.491669,0.944821
3433,28.608333,0.018647,0.017797,0.854431,0.518924,-0.924109,0.442183,0.039114,-0.067046,-0.064538,0.646071,0.757583,-0.591690,0.532924,0.040151,0.008421,-0.000776,-0.796092,-0.605117,-0.766575,0.491656,0.944844
3434,28.616667,0.018679,0.017814,0.854430,0.518926,-0.924104,0.442183,0.039120,-0.067040,-0.064497,0.646074,0.757585,-0.591687,0.532921,0.040150,0.008427,-0.000798,-0.796070,-0.605145,-0.766556,0.491652,0.944841
3435,28.625000,0.018684,0.017904,0.854427,0.518926,-0.924103,0.442184,0.039116,-0.067084,-0.064510,0.646080,0.757575,-0.591688,0.532925,0.040152,0.008411,-0.000738,-0.796073,-0.605141,-0.766552,0.491665,0.944844
3436,28.633333,0.018675,0.017878,0.854433,0.518917,-0.924100,0.442186,0.039110,-0.067087,-0.064513,0.646041,0.757607,-0.591688,0.532927,0.040154,0.008515,-0.000763,-0.796059,-0.605159,-0.766522,0.491670,0.944824
3437,28.641667,0.018709,0.017869,0.854442,0.518903,-0.924094,0.442189,0.039114,-0.067034,-0.064510,0.646041,0.757612,-0.591687,0.532930,0.040154,0.008450,-0.000762,-0.796068,-0.605148,-0.766487,0.491713,0.944807
3438,28.650000,0.018729,0.017903,0.854434,0.518914,-0.924093,0.442185,0.039118,-0.067088,-0.064517,0.646046,0.757603,-0.591683,0.532930,0.040156,0.008616,-0.000770,-0.796049,-0.605170,-0.766484,0.491694,0.944838
3439,28.658333,0.018709,0.017964,0.854444,0.518895,-0.924094,0.442188,0.039116,-0.067077,-0.064507,0.646052,0.757599,-0.591685,0.532930,0.040157,0.008629,-0.000516,-0.796035,-0.605190,-0.766448,0.491760,0.944805
3440,28.666667,0.018743,0.017969,0.854444,0.518894,-0.924093,0.442188,0.039114,-0.067070,-0.064499,0.646049,0.757603,-0.591685,0.532932,0.040158,0.008846,-0.000703,-0.796031,-0.605190,-0.766430,0.491736,0.944851
3441,28.675000,0.018669,0.017992,0.854447,0.518891,-0.924089,0.442192,0.039115,-0.067064,-0.064507,0.646053,0.757599,-0.591690,0.532930,0.040157,0.008895,-0.000945,-0.796073,-0.605135,-0.766363,0.491727,0.944877
3442,28.683333,0.018727,0.017968,0.854438,0.518905,-0.924084,0.442192,0.039113,-0.067076,-0.064491,0.646043,0.757608,-0.591689,0.532932,0.040152,0.008617,-0.000526,-0.796006,-0.605227,-0.766379,0.491845,0.944802
3443,28.691667,0.018728,0.018027,0.854433,0.518910,-0.924083,0.442194,0.039111,-0.067089,-0.064520,0.646030,0.757616,-0.591688,0.532936,0.040160,0.008581,-0.000503,-0.796001,-0.605235,-0.766372,0.491863,0.944799
3444,28.700000,0.018732,0.018009,0.854437,0.518905,-0.924084,0.442196,0.039113,-0.067058,-0.064482,0.646021,0.757629,-0.591685,0.532934,0.040159,0.008753,-0.000737,-0.795907,-0.605355,-0.766359,0.491869,0.944843
3445,28.708333,0.018760,0.018097,0.854437,0.518900,-0.924084,0.442194,0.039112,-0.067046,-0.064463,0.646015,0.757637,-0.591682,0.532932,0.040158,0.008580,-0.000593,-0.795885,-0.605387,-0.766366,0.491936,0.944830
3446,28.716667,0.018742,0.018055,0.854425,0.518922,-0.924085,0.442196,0.039111,-0.067075,-0.064436,0.646026,0.757628,-0.591684,0.532939,0.040160,0.008509,-0.000553,-0.795835,-0.605453,-0.766365,0.491976,0.944841
3447,28.725000,0.018762,0.018052,0.854424,0.518924,-0.924085,0.442193,0.039115,-0.067078,-0.064478,0.646014,0.757634,-0.591682,0.532935,0.040159,0.008511,-0.000579,-0.795796,-0.605505,-0.766370,0.491994,0.944864
3448,28.733333,0.018735,0.018076,0.854427,0.518920,-0.924083,0.442197,0.039112,-0.067106,-0.064469,0.646016,0.757630,-0.591678,0.532938,0.040162,0.008471,-0.000526,-0.795744,-0.605574,-0.766362,0.492010,0.944861
3449,28.741667,0.018798,0.018145,0.854413,0.518938,-0.924084,0.442195,0.039110,-0.067100,-0.064494,0.646021,0.757625,-0.591678,0.532939,0.040154,0.008452,-0.000489,-0.795702,-0.605630,-0.766356,0.492021,0.944867
3450,28.750000,0.018766,0.018128,0.854412,0.518940,-0.924082,0.442197,0.039111,-0.067070,-0.064470,0.646007,0.757642,-0.591681,0.532936,0.040152,0.008407,-0.000357,-0.795643,-0.605707,-0.766341,0.492036,0.944874
3451,28.758333,0.018784,0.018169,0.854419,0.518927,-0.924082,0.442198,0.039110,-0.067074,-0.064440,0.646013,0.757638,-0.591680,0.532936,0.040156,0.008254,-0.000192,-0.795524,-0.605866,-0.766395,0.492120,0.944925
3452,28.766667,0.018823,0.018184,0.854415,0.518932,-0.924079,0.442199,0.039111,-0.067066,-0.064446,0.645999,0.757650,-0.591678,0.532936,0.040151,0.008198,-0.000180,-0.795458,-0.605953,-0.766401,0.492131,0.944918
3453,28.775000,0.018806,0.018203,0.854426,0.518913,-0.924076,0.442201,0.039107,-0.067092,-0.064484,0.645987,0.757655,-0.591679,0.532939,0.040156,0.008414,-0.000156,-0.795375,-0.606059,-0.766422,0.492108,0.944997
3454,28.783333,0.018786,0.018193,0.854409,0.518942,-0.924080,0.442202,0.039109,-0.067124,-0.064472,0.645993,0.757648,-0.591680,0.532941,0.040157,0.008396,-0.000194,-0.795266,-0.606202,-0.766358,0.492082,0.944952
3455,28.791667,0.018784,0.018234,0.854406,0.518946,-0.924079,0.442202,0.039104,-0.067107,-0.064484,0.645989,0.757652,-0.591685,0.532936,0.040151,0.008331,0.000003,-0.795059,-0.606475,-0.766375,0.492234,0.944856
3456,28.800000,0.018794,0.018269,0.854410,0.518938,-0.924079,0.442206,0.039111,-0.067105,-0.064457,0.645993,0.757651,-0.591680,0.532940,0.040151,0.008329,-0.000139,-0.794901,-0.606681,-0.766405,0.492230,0.944865
3457,28.808333,0.018820,0.018256,0.854402,0.518950,-0.924081,0.442206,0.039108,-0.067112,-0.064484,0.645987,0.757653,-0.591684,0.532936,0.040146,0.008180,0.000073,-0.794797,-0.606820,-0.766416,0.492251,0.944887
3458,28.816667,0.018813,0.018238,0.854405,0.518947,-0.924081,0.442209,0.039106,-0.067120,-0.064495,0.645971,0.757666,-0.591685,0.532939,0.040154,0.008143,-0.000162,-0.794814,-0.606799,-0.766462,0.492232,0.944880
3459,28.825000,0.018774,0.018252,0.854395,0.518964,-0.924084,0.442209,0.039114,-0.067133,-0.064520,0.645982,0.757653,-0.591688,0.532940,0.040150,0.008299,-0.000212,-0.794788,-0.606830,-0.766429,0.492214,0.944837
3460,28.833333,0.018773,0.018252,0.854394,0.518966,-0.924088,0.442207,0.039111,-0.067114,-0.064513,0.645962,0.757672,-0.591690,0.532939,0.040153,0.008253,-0.000178,-0.794784,-0.606837,-0.766417,0.492173,0.944847
3461,28.841667,0.018764,0.018259,0.854400,0.518956,-0.924094,0.442209,0.039110,-0.067177,-0.064557,0.645960,0.757665,-0.591693,0.532936,0.040156,0.008321,-0.000228,-0.794748,-0.606882,-0.766439,0.492229,0.944822
3462,28.850000,0.018740,0.018227,0.854400,0.518958,-0.924090,0.442208,0.039110,-0.067137,-0.064567,0.645959,0.757668,-0.591699,0.532935,0.040146,0.008443,-0.000258,-0.794751,-0.606877,-0.766470,0.492179,0.944860
3463,28.858333,0.018754,0.018235,0.854403,0.518953,-0.924089,0.442207,0.039113,-0.067136,-0.064563,0.645972,0.757657,-0.591696,0.532933,0.040147,0.008388,-0.000256,-0.794738,-0.606895,-0.766438,0.492157,0.944827
3464,28.866667,0.018756,0.018265,0.854398,0.518959,-0.924093,0.442206,0.039118,-0.067131,-0.064556,0.645962,0.757667,-0.591694,0.532933,0.040154,0.008364,-0.000396,-0.794741,-0.606891,-0.766518,0.492164,0.944878
3465,28.875000,0.018731,0.018198,0.854389,0.518977,-0.924096,0.442210,0.039110,-0.067158,-0.064577,0.645963,0.757662,-0.591699,0.532934,0.040147,0.008408,-0.000469,-0.794713,-0.606926,-0.766536,0.492164,0.944875
3466,28.883333,0.018765,0.018222,0.854397,0.518962,-0.924095,0.442211,0.039118,-0.067187,-0.064590,0.645966,0.757656,-0.591702,0.532936,0.040147,0.008416,-0.000427,-0.794737,-0.606896,-0.766552,0.492158,0.944871
3467,28.891667,0.018726,0.018199,0.854400,0.518960,-0.924095,0.442210,0.039116,-0.067167,-0.064619,0.645982,0.757641,-0.591699,0.532934,0.040147,0.008294,-0.000456,-0.794796,-0.606820,-0.766525,0.492141,0.944803
3468,28.900000,0.018750,0.018194,0.854398,0.518962,-0.924098,0.442208,0.039117,-0.067187,-0.064628,0.645979,0.757641,-0.591699,0.532938,0.040148,0.008055,-0.000484,-0.794866,-0.606732,-0.766644,0.492102,0.944893
3469,28.908333,0.018722,0.018201,0.854398,0.518962,-0.924101,0.442208,0.039113,-0.067232,-0.064689,0.645989,0.757624,-0.591700,0.532940,0.040146,0.008085,-0.000663,-0.794969,-0.606596,-0.766725,0.492088,0.944947
3470,28.916667,0.018721,0.018204,0.854411,0.518941,-0.924105,0.442207,0.039119,-0.067255,-0.064682,0.646010,0.757604,-0.591703,0.532939,0.040153,0.008053,-0.000740,-0.795018,-0.606532,-0.766777,0.492063,0.944990
3471,28.925000,0.018739,0.018156,0.854408,0.518947,-0.924106,0.442202,0.039122,-0.067285,-0.064731,0.646012,0.757596,-0.591710,0.532936,0.040150,0.007930,-0.000622,-0.795098,-0.606429,-0.766825,0.492046,0.944989
3472,28.933333,0.018736,0.018085,0.854412,0.518943,-0.924108,0.442201,0.039121,-0.067293,-0.064740,0.646020,0.757588,-0.591711,0.532936,0.040152,0.007769,-0.000523,-0.795217,-0.606275,-0.766840,0.492018,0.944967
3473,28.941667,0.018713,0.018063,0.854418,0.518935,-0.924108,0.442201,0.039120,-0.067327,-0.064788,0.646011,0.757588,-0.591714,0.532937,0.040150,0.007955,-0.000605,-0.795421,-0.606004,-0.766815,0.491857,0.944933
3474,28.950000,0.018735,0.018113,0.854411,0.518944,-0.924111,0.442199,0.039121,-0.067356,-0.064806,0.646024,0.757573,-0.591715,0.532935,0.040146,0.008054,-0.000782,-0.795523,-0.605869,-0.766821,0.491793,0.944950
3475,28.958333,0.018716,0.018045,0.854414,0.518942,-0.924110,0.442201,0.039121,-0.067350,-0.064821,0.646034,0.757563,-0.591715,0.532937,0.040153,0.007799,-0.000725,-0.795639,-0.605721,-0.766885,0.491741,0.944952
3476,28.966667,0.018734,0.018100,0.854421,0.518927,-0.924111,0.442199,0.039121,-0.067344,-0.064836,0.646032,0.757564,-0.591724,0.532934,0.040145,0.007770,-0.000757,-0.795688,-0.605656,-0.766898,0.491697,0.944934
3477,28.975000,0.018733,0.018085,0.854429,0.518915,-0.924112,0.442199,0.039116,-0.067323,-0.064823,0.646044,0.757557,-0.591726,0.532932,0.040140,0.007808,-0.000794,-0.795727,-0.605604,-0.766905,0.491649,0.944922
3478,28.983333,0.018722,0.018058,0.854424,0.518924,-0.924112,0.442197,0.039123,-0.067313,-0.064849,0.646046,0.757554,-0.591722,0.532934,0.040143,0.007743,-0.000696,-0.795818,-0.605486,-0.766889,0.491590,0.944859
3479,28.991667,0.018716,0.018025,0.854419,0.518934,-0.924113,0.442197,0.039126,-0.067288,-0.064843,0.646058,0.757546,-0.591725,0.532930,0.040139,0.007740,-0.000786,-0.795875,-0.605411,-0.766873,0.491524,0.944837
3480,29.000000,0.018701,0.017974,0.854429,0.518920,-0.924118,0.442191,0.039124,-0.067329,-0.064854,0.646070,0.757532,-0.591723,0.532926,0.040141,0.007648,-0.001008,-0.795946,-0.605318,-0.766889,0.491442,0.944849
3481,29.008333,0.018722,0.017905,0.854416,0.518943,-0.924120,0.442192,0.039124,-0.067264,-0.064829,0.646065,0.757544,-0.591723,0.532927,0.040141,0.007648,-0.001103,-0.796054,-0.605177,-0.766965,0.491361,0.944860
3482,29.016667,0.018696,0.017903,0.854416,0.518944,-0.924121,0.442186,0.039124,-0.067298,-0.064838,0.646095,0.757515,-0.591725,0.532923,0.040141,0.007650,-0.001155,-0.796103,-0.605112,-0.766981,0.491309,0.944864
3483,29.025000,0.018682,0.017861,0.854430,0.518923,-0.924123,0.442183,0.039127,-0.067269,-0.064808,0.646075,0.757537,-0.591722,0.532922,0.040148,0.007756,-0.001220,-0.796111,-0.605100,-0.766973,0.491252,0.944867
3484,29.033333,0.018599,0.017800,0.854438,0.518916,-0.924125,0.442178,0.039126,-0.067277,-0.064807,0.646103,0.757512,-0.591722,0.532920,0.040141,0.007723,-0.000992,-0.796198,-0.604987,-0.767050,0.491209,0.944918
3485,29.041667,0.018602,0.017739,0.854437,0.518919,-0.924124,0.442176,0.039136,-0.067241,-0.064810,0.646108,0.757511,-0.591722,0.532914,0.040146,0.007665,-0.001134,-0.796241,-0.604930,-0.767106,0.491150,0.944958
3486,29.050000,0.018614,0.017667,0.854438,0.518920,-0.924127,0.442176,0.039131,-0.067257,-0.064787,0.646111,0.757509,-0.591719,0.532911,0.040143,0.007578,-0.000892,-0.796338,-0.604804,-0.767132,0.491089,0.944898
3487,29.058333,0.018628,0.017703,0.854438,0.518917,-0.924131,0.442173,0.039129,-0.067240,-0.064795,0.646143,0.757483,-0.591726,0.532913,0.040142,0.007616,-0.000908,-0.796417,-0.604700,-0.767133,0.491034,0.944883
3488,29.066667,0.018622,0.017740,0.854438,0.518916,-0.924136,0.442173,0.039129,-0.067216,-0.064758,0.646149,0.757483,-0.591724,0.532911,0.040144,0.007616,-0.000954,-0.796570,-0.604497,-0.767123,0.491026,0.944851
3489,29.075000,0.018572,0.017606,0.854440,0.518919,-0.924134,0.442173,0.039130,-0.067242,-0.064813,0.646146,0.757478,-0.591719,0.532913,0.040144,0.007698,-0.000876,-0.796685,-0.604345,-0.767124,0.490908,0.944820
3490,29.083333,0.018605,0.017653,0.854452,0.518896,-0.924139,0.442170,0.039132,-0.067248,-0.064766,0.646168,0.757463,-0.591721,0.532909,0.040149,0.008005,-0.000989,-0.796879,-0.604086,-0.767110,0.490820,0.944881
3491,29.091667,0.018581,0.017634,0.854449,0.518904,-0.924137,0.442171,0.039127,-0.067222,-0.064763,0.646152,0.757479,-0.591717,0.532915,0.040148,0.007911,-0.001064,-0.797042,-0.603871,-0.767103,0.490763,0.944845
3492,29.100000,0.018609,0.017621,0.854448,0.518905,-0.924138,0.442172,0.039130,-0.067189,-0.064787,0.646164,0.757470,-0.591722,0.532907,0.040146,0.007803,-0.001237,-0.797243,-0.603607,-0.767087,0.490627,0.944941
3493,29.108333,0.018552,0.017580,0.854455,0.518896,-0.924139,0.442166,0.039130,-0.067238,-0.064798,0.646181,0.757450,-0.591717,0.532914,0.040152,0.007895,-0.001106,-0.797509,-0.603255,-0.767035,0.490529,0.944873
3494,29.116667,0.018556,0.017537,0.854460,0.518889,-0.924141,0.442162,0.039133,-0.067203,-0.064793,0.646185,0.757450,-0.591721,0.532912,0.040147,0.008107,-0.001288,-0.797746,-0.602938,-0.767019,0.490433,0.944897
3495,29.125000,0.018517,0.017491,0.854467,0.518880,-0.924144,0.442156,0.039134,-0.067227,-0.064797,0.646194,0.757440,-0.591726,0.532907,0.040147,0.008108,-0.001372,-0.797949,-0.602669,-0.767051,0.490380,0.944914
3496,29.133333,0.018542,0.017512,0.854477,0.518863,-0.924144,0.442156,0.039139,-0.067280,-0.064809,0.646200,0.757429,-0.591727,0.532909,0.040148,0.008118,-0.001437,-0.798158,-0.602392,-0.767084,0.490327,0.944913
3497,29.141667,0.018514,0.017468,0.854485,0.518852,-0.924146,0.442155,0.039136,-0.067315,-0.064835,0.646195,0.757428,-0.591730,0.532908,0.040143,0.007994,-0.001398,-0.798381,-0.602098,-0.767092,0.490262,0.944897
3498,29.150000,0.018515,0.017495,0.854488,0.518847,-0.924146,0.442155,0.039135,-0.067282,-0.064814,0.646215,0.757416,-0.591734,0.532910,0.040150,0.008050,-0.001768,-0.798692,-0.601684,-0.767184,0.490182,0.944944
3499,29.158333,0.018474,0.017469,0.854488,0.518849,-0.924150,0.442151,0.039133,-0.067302,-0.064836,0.646197,0.757428,-0.591733,0.532913,0.040147,0.008103,-0.001649,-0.799048,-0.601211,-0.767209,0.490084,0.944912
3500,29.166667,0.018435,0.017477,0.854512,0.518809,-0.924151,0.442158,0.039130,-0.067283,-0.064863,0.646217,0.757410,-0.591735,0.532914,0.040147,0.008120,-0.001932,-0.799450,-0.600675,-0.767253,0.489956,0.944998
3501,29.175000,0.018472,0.017435,0.854512,0.518811,-0.924152,0.442154,0.039136,-0.067321,-0.064878,0.646240,0.757386,-0.591741,0.532913,0.040149,0.008267,-0.001886,-0.799897,-0.600078,-0.767340,0.489831,0.944977
3502,29.183333,0.018475,0.017455,0.854521,0.518795,-0.924154,0.442152,0.039135,-0.067335,-0.064872,0.646249,0.757377,-0.591744,0.532916,0.040148,0.008268,-0.001829,-0.800134,-0.599762,-0.767362,0.489807,0.944976
3503,29.191667,0.018406,0.017390,0.854534,0.518778,-0.924154,0.442150,0.039137,-0.067267,-0.064845,0.646255,0.757380,-0.591748,0.532910,0.040147,0.008199,-0.001774,-0.800335,-0.599494,-0.767415,0.489811,0.944945
3504,29.200000,0.018383,0.017313,0.854527,0.518792,-0.924158,0.442150,0.039136,-0.067249,-0.064819,0.646262,0.757378,-0.591746,0.532913,0.040152,0.008274,-0.001637,-0.800500,-0.599273,-0.767506,0.489782,0.945013
3505,29.208333,0.018363,0.017327,0.854534,0.518781,-0.924154,0.442148,0.039138,-0.067313,-0.064855,0.646272,0.757361,-0.591747,0.532913,0.040148,0.008264,-0.001561,-0.800632,-0.599098,-0.767517,0.489798,0.944984
3506,29.216667,0.018373,0.017292,0.854537,0.518777,-0.924156,0.442149,0.039142,-0.067326,-0.064867,0.646260,0.757369,-0.591748,0.532910,0.040149,0.007955,-0.001403,-0.800821,-0.598849,-0.767557,0.489782,0.945026
3507,29.225000,0.018334,0.017302,0.854542,0.518770,-0.924162,0.442145,0.039140,-0.067357,-0.064899,0.646282,0.757345,-0.591752,0.532910,0.040145,0.007655,-0.001142,-0.800933,-0.598704,-0.767576,0.489786,0.945006
3508,29.233333,0.018310,0.017295,0.854550,0.518758,-0.924163,0.442141,0.039143,-0.067366,-0.064881,0.646287,0.757341,-0.591754,0.532911,0.040145,0.007743,-0.000886,-0.801008,-0.598602,-0.767644,0.489784,0.945052
3509,29.241667,0.018337,0.017276,0.854539,0.518777,-0.924165,0.442142,0.039149,-0.067346,-0.064878,0.646276,0.757352,-0.591753,0.532909,0.040150,0.007568,-0.000949,-0.801032,-0.598573,-0.767707,0.489766,0.945086
3510,29.250000,0.018356,0.017258,0.854537,0.518779,-0.924162,0.442141,0.039144,-0.067344,-0.064890,0.646267,0.757359,-0.591749,0.532910,0.040150,0.007282,-0.001182,-0.800940,-0.598699,-0.767740,0.489777,0.945041
3511,29.258333,0.018321,0.017334,0.854542,0.518770,-0.924163,0.442145,0.039145,-0.067336,-0.064901,0.646269,0.757357,-0.591750,0.532907,0.040144,0.007648,-0.000984,-0.800835,-0.598836,-0.767693,0.489774,0.945082
3512,29.266667,0.018311,0.017290,0.854534,0.518784,-0.924157,0.442149,0.039143,-0.067291,-0.064869,0.646253,0.757378,-0.591744,0.532910,0.040140,0.007608,-0.000889,-0.800671,-0.599056,-0.767671,0.489768,0.944991
3513,29.275000,0.018292,0.017308,0.854517,0.518814,-0.924158,0.442151,0.039145,-0.067333,-0.064951,0.646217,0.757398,-0.591742,0.532907,0.040142,0.007529,-0.000911,-0.800506,-0.599276,-0.767657,0.489733,0.945003
3514,29.283333,0.018283,0.017314,0.854518,0.518812,-0.924154,0.442153,0.039148,-0.067307,-0.064944,0.646195,0.757419,-0.591739,0.532908,0.040138,0.007374,-0.001036,-0.800281,-0.599580,-0.767643,0.489726,0.944971
3515,29.291667,0.018301,0.017311,0.854504,0.518834,-0.924156,0.442154,0.039145,-0.067326,-0.064998,0.646183,0.757423,-0.591741,0.532902,0.040138,0.008099,-0.001509,-0.799981,-0.599968,-0.767671,0.489607,0.945115
3516,29.300000,0.018282,0.017299,0.854493,0.518853,-0.924157,0.442157,0.039149,-0.067280,-0.064972,0.646169,0.757441,-0.591740,0.532901,0.040128,0.007994,-0.001531,-0.799668,-0.600387,-0.767634,0.489598,0.945093
3517,29.308333,0.018277,0.017346,0.854483,0.518868,-0.924153,0.442157,0.039151,-0.067283,-0.065020,0.646158,0.757447,-0.591733,0.532898,0.040134,0.007974,-0.001628,-0.799321,-0.600849,-0.767614,0.489589,0.945108
3518,29.316667,0.018277,0.017340,0.854469,0.518891,-0.924155,0.442157,0.039150,-0.067268,-0.064998,0.646148,0.757459,-0.591731,0.532892,0.040125,0.007818,-0.001609,-0.798864,-0.601459,-0.767502,0.489638,0.945110
3519,29.325000,0.018350,0.017395,0.854443,0.518929,-0.924157,0.442158,0.039151,-0.067213,-0.064991,0.646125,0.757483,-0.591730,0.532889,0.040125,0.008030,-0.001543,-0.798403,-0.602068,-0.767447,0.489679,0.945028
3520,29.333333,0.018328,0.017473,0.854428,0.518952,-0.924162,0.442163,0.039147,-0.067227,-0.064996,0.646126,0.757481,-0.591731,0.532884,0.040129,0.007293,-0.001867,-0.797843,-0.602818,-0.767359,0.489818,0.944899
3521,29.341667,0.018320,0.017506,0.854409,0.518983,-0.924158,0.442167,0.039147,-0.067202,-0.064966,0.646116,0.757494,-0.591723,0.532886,0.040126,0.007199,-0.001721,-0.797421,-0.603379,-0.767307,0.489876,0.944864
3522,29.350000,0.018325,0.017567,0.854397,0.519000,-0.924160,0.442173,0.039146,-0.067133,-0.064927,0.646096,0.757521,-0.591715,0.532885,0.040128,0.007434,-0.001604,-0.796949,-0.603999,-0.767268,0.489919,0.944840
3523,29.358333,0.018362,0.017550,0.854381,0.519026,-0.924155,0.442179,0.039148,-0.067066,-0.064896,0.646086,0.757538,-0.591711,0.532884,0.040126,0.007684,-0.002025,-0.796559,-0.604509,-0.767202,0.489935,0.944821
3524,29.366667,0.018375,0.017603,0.854375,0.519034,-0.924153,0.442180,0.039144,-0.067012,-0.064884,0.646074,0.757554,-0.591710,0.532882,0.040119,0.007765,-0.002275,-0.796230,-0.604940,-0.767153,0.489927,0.944854
3525,29.375000,0.018363,0.017666,0.854367,0.519045,-0.924154,0.442187,0.039145,-0.067019,-0.064888,0.646078,0.757550,-0.591704,0.532882,0.040125,0.008078,-0.002355,-0.795836,-0.605454,-0.767132,0.489956,0.944891
3526,29.383333,0.018419,0.017703,0.854353,0.519065,-0.924147,0.442191,0.039146,-0.066954,-0.064788,0.646064,0.757576,-0.591699,0.532881,0.040124,0.008229,-0.002371,-0.795399,-0.606026,-0.767097,0.490071,0.944853
3527,29.391667,0.018409,0.017762,0.854349,0.519069,-0.924141,0.442194,0.039151,-0.066981,-0.064833,0.646080,0.757556,-0.591694,0.532881,0.040127,0.008312,-0.002181,-0.795026,-0.606514,-0.767048,0.490128,0.944803
3528,29.400000,0.018441,0.017841,0.854343,0.519077,-0.924136,0.442200,0.039151,-0.066927,-0.064801,0.646041,0.757597,-0.591691,0.532884,0.040126,0.008220,-0.002240,-0.794605,-0.607067,-0.766853,0.490261,0.944802
3529,29.408333,0.018527,0.017872,0.854333,0.519089,-0.924133,0.442199,0.039150,-0.066934,-0.064748,0.646038,0.757603,-0.591691,0.532880,0.040121,0.008250,-0.002202,-0.794380,-0.607362,-0.766780,0.490300,0.944832
3530,29.416667,0.018539,0.017919,0.854337,0.519079,-0.924129,0.442200,0.039143,-0.066890,-0.064732,0.646019,0.757625,-0.591688,0.532878,0.040123,0.008284,-0.002173,-0.794186,-0.607614,-0.766681,0.490350,0.944809
3531,29.425000,0.018571,0.018011,0.854331,0.519085,-0.924128,0.442204,0.039144,-0.066910,-0.064732,0.646036,0.757609,-0.591687,0.532881,0.040122,0.008412,-0.002304,-0.794065,-0.607771,-0.766566,0.490344,0.944785
3532,29.433333,0.018542,0.018010,0.854328,0.519092,-0.924119,0.442208,0.039141,-0.066827,-0.064672,0.646037,0.757620,-0.591679,0.532882,0.040121,0.008508,-0.002021,-0.794025,-0.607822,-0.766507,0.490393,0.944816
3533,29.441667,0.018619,0.018077,0.854326,0.519090,-0.924118,0.442207,0.039138,-0.066866,-0.064649,0.646049,0.757608,-0.591675,0.532882,0.040120,0.008381,-0.001881,-0.793992,-0.607867,-0.766462,0.490468,0.944831
3534,29.450000,0.018623,0.018069,0.854335,0.519074,-0.924112,0.442212,0.039137,-0.066828,-0.064630,0.646033,0.757627,-0.591674,0.532885,0.040120,0.008293,-0.001705,-0.794016,-0.607839,-0.766405,0.490498,0.944859
3535,29.458333,0.018678,0.018064,0.854333,0.519077,-0.924108,0.442214,0.039132,-0.066804,-0.064621,0.646046,0.757618,-0.591670,0.532888,0.040120,0.008401,-0.001582,-0.794085,-0.607746,-0.766349,0.490545,0.944827
3536,29.466667,0.018707,0.018067,0.854337,0.519069,-0.924105,0.442212,0.039135,-0.066842,-0.064623,0.646066,0.757598,-0.591669,0.532893,0.040115,0.008393,-0.001467,-0.794188,-0.607612,-0.766296,0.490608,0.944828
3537,29.475000,0.018703,0.018056,0.854341,0.519063,-0.924100,0.442210,0.039131,-0.066843,-0.064590,0.646072,0.757596,-0.591674,0.532894,0.040119,0.008182,-0.001203,-0.794284,-0.607491,-0.766304,0.490747,0.944925
3538,29.483333,0.018725,0.018051,0.854346,0.519053,-0.924101,0.442211,0.039134,-0.066844,-0.064602,0.646089,0.757580,-0.591678,0.532900,0.040121,0.008299,-0.001204,-0.794483,-0.607229,-0.766243,0.490755,0.944877
3539,29.491667,0.018780,0.018102,0.854341,0.519057,-0.924099,0.442209,0.039135,-0.066826,-0.064531,0.646098,0.757580,-0.591678,0.532902,0.040118,0.008634,-0.001331,-0.794639,-0.607019,-0.766259,0.490845,0.944898
3540,29.500000,0.018761,0.018109,0.854352,0.519040,-0.924102,0.442206,0.039129,-0.066835,-0.064554,0.646116,0.757562,-0.591681,0.532904,0.040123,0.008415,-0.001327,-0.794857,-0.606737,-0.766279,0.490924,0.944962
3541,29.508333,0.018756,0.018070,0.854363,0.519023,-0.924101,0.442208,0.039130,-0.066897,-0.064616,0.646132,0.757537,-0.591681,0.532904,0.040120,0.008263,-0.001233,-0.795183,-0.606312,-0.766214,0.490941,0.944901
3542,29.516667,0.018728,0.018072,0.854377,0.519002,-0.924101,0.442210,0.039126,-0.066855,-0.064603,0.646138,0.757537,-0.591684,0.532906,0.040125,0.008264,-0.001233,-0.795442,-0.605972,-0.766201,0.491021,0.944888
3543,29.525000,0.018770,0.018071,0.854374,0.519006,-0.924099,0.442204,0.039130,-0.066899,-0.064602,0.646160,0.757514,-0.591682,0.532913,0.040130,0.008105,-0.001256,-0.795666,-0.605681,-0.766172,0.491082,0.944857
3544,29.533333,0.018790,0.018044,0.854385,0.518987,-0.924101,0.442201,0.039128,-0.066928,-0.064638,0.646182,0.757490,-0.591686,0.532918,0.040125,0.007826,-0.001202,-0.795955,-0.605304,-0.766119,0.491112,0.944789
3545,29.541667,0.018722,0.017980,0.854397,0.518972,-0.924102,0.442202,0.039130,-0.066939,-0.064607,0.646187,0.757488,-0.591681,0.532920,0.040130,0.007813,-0.001203,-0.796154,-0.605042,-0.766119,0.491153,0.944793
3546,29.550000,0.018751,0.017991,0.854394,0.518976,-0.924103,0.442198,0.039127,-0.066917,-0.064601,0.646206,0.757474,-0.591682,0.532922,0.040126,0.007784,-0.001080,-0.796362,-0.604769,-0.766120,0.491192,0.944813
3547,29.558333,0.018750,0.017963,0.854392,0.518980,-0.924102,0.442196,0.039130,-0.066904,-0.064614,0.646211,0.757469,-0.591688,0.532923,0.040125,0.007635,-0.001328,-0.796618,-0.604434,-0.766120,0.491187,0.944811
3548,29.566667,0.018765,0.017945,0.854409,0.518953,-0.924106,0.442193,0.039133,-0.066920,-0.064634,0.646204,0.757472,-0.591687,0.532918,0.040124,0.007560,-0.001326,-0.796855,-0.604122,-0.766124,0.491167,0.944803
3549,29.575000,0.018759,0.017924,0.854415,0.518943,-0.924107,0.442190,0.039131,-0.066933,-0.064641,0.646211,0.757465,-0.591683,0.532921,0.040130,0.007741,-0.001442,-0.797086,-0.603815,-0.766119,0.491122,0.944870
3550,29.583333,0.018773,0.017861,0.854423,0.518932,-0.924110,0.442187,0.039134,-0.066903,-0.064616,0.646228,0.757455,-0.591689,0.532921,0.040128,0.007856,-0.001483,-0.797231,-0.603621,-0.766133,0.491148,0.944847
3551,29.591667,0.018804,0.017870,0.854422,0.518932,-0.924107,0.442183,0.039131,-0.066939,-0.064675,0.646227,0.757448,-0.591693,0.532920,0.040130,0.007757,-0.001356,-0.797346,-0.603472,-0.766132,0.491173,0.944833
3552,29.600000,0.018761,0.017859,0.854423,0.518933,-0.924110,0.442180,0.039142,-0.066951,-0.064670,0.646217,0.757456,-0.591694,0.532920,0.040137,0.007783,-0.001435,-0.797419,-0.603375,-0.766132,0.491203,0.944838
3553,29.608333,0.018768,0.017889,0.854429,0.518921,-0.924115,0.442176,0.039137,-0.066965,-0.064669,0.646221,0.757451,-0.591694,0.532921,0.040135,0.007788,-0.001309,-0.797481,-0.603292,-0.766138,0.491215,0.944842
3554,29.616667,0.018733,0.017812,0.854433,0.518918,-0.924111,0.442178,0.039142,-0.066962,-0.064686,0.646222,0.757449,-0.591698,0.532918,0.040131,0.007694,-0.001268,-0.797544,-0.603210,-0.766134,0.491235,0.944832
3555,29.625000,0.018751,0.017904,0.854435,0.518911,-0.924112,0.442173,0.039146,-0.067010,-0.064690,0.646218,0.757448,-0.591700,0.532917,0.040141,0.007839,-0.001381,-0.797576,-0.603166,-0.766128,0.491246,0.944819
3556,29.633333,0.018767,0.017913,0.854442,0.518899,-0.924119,0.442177,0.039140,-0.066966,-0.064678,0.646211,0.757459,-0.591698,0.532919,0.040137,0.007749,-0.001269,-0.797618,-0.603112,-0.766134,0.491249,0.944834
3557,29.641667,0.018741,0.017849,0.854442,0.518901,-0.924109,0.442180,0.039145,-0.066984,-0.064680,0.646211,0.757457,-0.591695,0.532920,0.040140,0.007835,-0.001276,-0.797628,-0.603097,-0.766133,0.491253,0.944843
3558,29.650000,0.018743,0.017895,0.854439,0.518905,-0.924112,0.442180,0.039142,-0.067020,-0.064723,0.646196,0.757463,-0.591697,0.532921,0.040139,0.007647,-0.001156,-0.797650,-0.603071,-0.766100,0.491199,0.944879
3559,29.658333,0.018741,0.017901,0.854439,0.518906,-0.924110,0.442181,0.039144,-0.066981,-0.064666,0.646198,0.757470,-0.591695,0.532923,0.040146,0.007635,-0.001053,-0.797644,-0.603079,-0.766098,0.491180,0.944913
3560,29.666667,0.018745,0.017879,0.854434,0.518914,-0.924110,0.442186,0.039144,-0.066985,-0.064660,0.646181,0.757484,-0.591695,0.532924,0.040142,0.007520,-0.001049,-0.797618,-0.603115,-0.766082,0.491158,0.944900
3561,29.675000,0.018727,0.017852,0.854424,0.518932,-0.924112,0.442184,0.039144,-0.066981,-0.064655,0.646207,0.757463,-0.591697,0.532925,0.040142,0.007359,-0.000843,-0.797651,-0.603074,-0.766157,0.491121,0.945000
3562,29.683333,0.018719,0.017898,0.854421,0.518936,-0.924117,0.442185,0.039149,-0.067007,-0.064687,0.646216,0.757450,-0.591700,0.532924,0.040145,0.007367,-0.000807,-0.797620,-0.603115,-0.766134,0.491077,0.944997
3563,29.691667,0.018763,0.017876,0.854413,0.518947,-0.924114,0.442188,0.039147,-0.067020,-0.064684,0.646198,0.757465,-0.591698,0.532921,0.040142,0.007040,-0.000616,-0.797581,-0.603171,-0.766127,0.491065,0.945002
3564,29.700000,0.018725,0.017858,0.854412,0.518951,-0.924117,0.442189,0.039145,-0.066972,-0.064647,0.646183,0.757485,-0.591699,0.532926,0.040145,0.006958,-0.000553,-0.797571,-0.603185,-0.766125,0.491029,0.945057
3565,29.708333,0.018720,0.017891,0.854423,0.518932,-0.924119,0.442192,0.039149,-0.066999,-0.064681,0.646182,0.757480,-0.591702,0.532926,0.040149,0.006875,-0.000352,-0.797545,-0.603220,-0.766122,0.491007,0.945058
3566,29.716667,0.018756,0.017897,0.854417,0.518940,-0.924124,0.442192,0.039144,-0.066993,-0.064705,0.646202,0.757462,-0.591704,0.532929,0.040141,0.006757,-0.000270,-0.797532,-0.603238,-0.766125,0.490970,0.945085
3567,29.725000,0.018710,0.017895,0.854415,0.518946,-0.924120,0.442193,0.039149,-0.066999,-0.064696,0.646201,0.757463,-0.591702,0.532926,0.040140,0.006705,-0.000298,-0.797650,-0.603083,-0.766027,0.490826,0.945046
3568,29.733333,0.018717,0.017831,0.854418,0.518943,-0.924116,0.442194,0.039144,-0.066959,-0.064687,0.646199,0.757468,-0.591701,0.532926,0.040142,0.006732,-0.000321,-0.797589,-0.603164,-0.765983,0.490778,0.945047
3569,29.741667,0.018686,0.017810,0.854412,0.518954,-0.924116,0.442194,0.039148,-0.066954,-0.064654,0.646198,0.757473,-0.591696,0.532924,0.040142,0.006717,-0.000348,-0.797561,-0.603201,-0.765932,0.490706,0.945047
3570,29.750000,0.018701,0.017796,0.854403,0.518969,-0.924119,0.442194,0.039150,-0.066956,-0.064669,0.646207,0.757464,-0.591693,0.532928,0.040139,0.006781,-0.000419,-0.797534,-0.603235,-0.765921,0.490646,0.945058
3571,29.758333,0.018703,0.017787,0.854421,0.518940,-0.924112,0.442190,0.039148,-0.066933,-0.064622,0.646207,0.757470,-0.591687,0.532926,0.040143,0.007020,-0.000568,-0.797506,-0.603270,-0.765908,0.490582,0.945087
3572,29.766667,0.018708,0.017815,0.854406,0.518964,-0.924116,0.442187,0.039149,-0.066872,-0.064583,0.646206,0.757480,-0.591687,0.532927,0.040148,0.007101,-0.000582,-0.797467,-0.603321,-0.765892,0.490533,0.945056
3573,29.775000,0.018716,0.017784,0.854408,0.518961,-0.924119,0.442189,0.039146,-0.066917,-0.064611,0.646217,0.757464,-0.591688,0.532922,0.040144,0.007207,-0.000731,-0.797407,-0.603398,-0.765846,0.490462,0.945082
3574,29.783333,0.018775,0.017822,0.854408,0.518957,-0.924115,0.442189,0.039142,-0.066866,-0.064633,0.646223,0.757461,-0.591687,0.532922,0.040147,0.007370,-0.000905,-0.797398,-0.603408,-0.765824,0.490384,0.945097
3575,29.791667,0.018728,0.017814,0.854411,0.518955,-0.924120,0.442182,0.039147,-0.066866,-0.064591,0.646220,0.757467,-0.591683,0.532919,0.040145,0.007568,-0.001058,-0.797382,-0.603426,-0.765792,0.490314,0.945097
3576,29.800000,0.018756,0.017713,0.854407,0.518964,-0.924118,0.442188,0.039148,-0.066855,-0.064566,0.646219,0.757471,-0.591679,0.532919,0.040143,0.007570,-0.000943,-0.797376,-0.603434,-0.765767,0.490255,0.945090
3577,29.808333,0.018721,0.017693,0.854421,0.518942,-0.924113,0.442187,0.039149,-0.066854,-0.064538,0.646237,0.757458,-0.591682,0.532921,0.040144,0.007613,-0.000845,-0.797350,-0.603468,-0.765761,0.490209,0.945073
3578,29.816667,0.018699,0.017681,0.854412,0.518958,-0.924113,0.442181,0.039151,-0.066805,-0.064518,0.646234,0.757467,-0.591675,0.532918,0.040147,0.007572,-0.000868,-0.797321,-0.603507,-0.765746,0.490162,0.945050
3579,29.825000,0.018720,0.017661,0.854404,0.518972,-0.924115,0.442180,0.039150,-0.066787,-0.064508,0.646244,0.757461,-0.591679,0.532915,0.040146,0.007647,-0.000827,-0.797372,-0.603439,-0.765812,0.490096,0.945063
3580,29.833333,0.018734,0.017695,0.854401,0.518975,-0.924118,0.442177,0.039155,-0.066764,-0.064494,0.646233,0.757474,-0.591675,0.532921,0.040150,0.007572,-0.000787,-0.797294,-0.603543,-0.765735,0.490062,0.945058
3581,29.841667,0.018725,0.017624,0.854404,0.518972,-0.924123,0.442175,0.039148,-0.066779,-0.064512,0.646260,0.757448,-0.591670,0.532923,0.040144,0.007682,-0.000816,-0.797266,-0.603579,-0.765730,0.490010,0.945064
3582,29.850000,0.018665,0.017606,0.854415,0.518957,-0.924126,0.442173,0.039151,-0.066744,-0.064491,0.646255,0.757457,-0.591670,0.532920,0.040145,0.007682,-0.000699,-0.797299,-0.603536,-0.765796,0.489953,0.945063
3583,29.858333,0.018658,0.017584,0.854409,0.518968,-0.924123,0.442175,0.039153,-0.066738,-0.064503,0.646231,0.757476,-0.591667,0.532918,0.040143,0.007595,-0.000646,-0.797255,-0.603595,-0.765790,0.489909,0.945034
3584,29.866667,0.018652,0.017540,0.854394,0.518994,-0.924129,0.442169,0.039153,-0.066768,-0.064524,0.646262,0.757446,-0.591669,0.532915,0.040143,0.007675,-0.000641,-0.797145,-0.603738,-0.765732,0.489876,0.945053
3585,29.875000,0.018684,0.017532,0.854384,0.519011,-0.924128,0.442168,0.039155,-0.066739,-0.064506,0.646259,0.757452,-0.591669,0.532915,0.040145,0.007707,-0.000528,-0.797161,-0.603717,-0.765803,0.489822,0.945080
3586,29.883333,0.018665,0.017473,0.854383,0.519014,-0.924131,0.442169,0.039148,-0.066724,-0.064483,0.646252,0.757461,-0.591668,0.532914,0.040149,0.007890,-0.000489,-0.797070,-0.603835,-0.765716,0.489740,0.945027
3587,29.891667,0.018722,0.017494,0.854375,0.519025,-0.924134,0.442170,0.039151,-0.066755,-0.064476,0.646268,0.757446,-0.591667,0.532911,0.040150,0.007791,-0.000389,-0.797062,-0.603847,-0.765781,0.489686,0.945015
3588,29.900000,0.018653,0.017519,0.854372,0.519031,-0.924135,0.442171,0.039149,-0.066717,-0.064502,0.646248,0.757465,-0.591670,0.532910,0.040144,0.007697,-0.000278,-0.797010,-0.603917,-0.765800,0.489623,0.945057
3589,29.908333,0.018678,0.017497,0.854363,0.519047,-0.924136,0.442173,0.039151,-0.066729,-0.064495,0.646222,0.757486,-0.591666,0.532914,0.040147,0.007798,-0.000251,-0.796922,-0.604032,-0.765813,0.489563,0.945078
3590,29.916667,0.018663,0.017476,0.854352,0.519066,-0.924133,0.442170,0.039148,-0.066760,-0.064523,0.646249,0.757458,-0.591666,0.532916,0.040149,0.007635,-0.000191,-0.796851,-0.604128,-0.765812,0.489517,0.945056
3591,29.925000,0.018416,0.017269,0.854395,0.519010,-0.924111,0.442165,0.039163,-0.066765,-0.064506,0.646246,0.757461,-0.591666,0.532916,0.040152,0.007536,-0.000147,-0.796783,-0.604219,-0.765806,0.489473,0.945036
3592,29.933333,0.018645,0.017404,0.854350,0.519072,-0.924129,0.442166,0.039151,-0.066727,-0.064481,0.646238,0.757474,-0.591667,0.532915,0.040148,0.007276,0.000012,-0.796725,-0.604298,-0.765812,0.489436,0.945012
3593,29.941667,0.018682,0.017415,0.854325,0.519111,-0.924135,0.442170,0.039151,-0.066726,-0.064509,0.646216,0.757490,-0.591668,0.532913,0.040147,0.007187,0.000170,-0.796614,-0.604446,-0.765830,0.489422,0.944998
3594,29.950000,0.018426,0.017298,0.854385,0.519026,-0.924114,0.442159,0.039161,-0.066694,-0.064483,0.646223,0.757489,-0.591670,0.532913,0.040151,0.007037,0.000272,-0.796523,-0.604567,-0.765845,0.489404,0.944966
3595,29.958333,0.018380,0.017279,0.854376,0.519042,-0.924113,0.442165,0.039158,-0.066738,-0.064519,0.646222,0.757483,-0.591666,0.532911,0.040145,0.006860,0.000321,-0.796467,-0.604643,-0.765844,0.489371,0.944931
3596,29.966667,0.018360,0.017262,0.854384,0.519031,-0.924110,0.442162,0.039159,-0.066722,-0.064519,0.646217,0.757488,-0.591671,0.532913,0.040146,0.006691,0.000388,-0.796422,-0.604704,-0.765841,0.489332,0.944912
3597,29.975000,0.018399,0.017264,0.854382,0.519033,-0.924110,0.442158,0.039156,-0.066657,-0.064463,0.646215,0.757501,-0.591668,0.532906,0.040145,0.006501,0.000319,-0.796395,-0.604741,-0.765835,0.489254,0.944922
3598,29.983333,0.018357,0.017189,0.854390,0.519024,-0.924115,0.442162,0.039156,-0.066671,-0.064457,0.646226,0.757491,-0.591668,0.532906,0.040145,0.006689,0.000455,-0.796323,-0.604834,-0.765823,0.489221,0.944895
3599,29.991667,0.018383,0.017150,0.854370,0.519056,-0.924115,0.442157,0.039157,-0.066724,-0.064512,0.646215,0.757491,-0.591664,0.532907,0.040144,0.006568,0.000284,-0.796357,-0.604791,-0.765807,0.489114,0.944921
3600,30.000000,0.018342,0.017117,0.854372,0.519056,-0.924114,0.442157,0.039155,-0.066664,-0.064492,0.646224,0.757490,-0.591665,0.532905,0.040142,0.007002,0.000159,-0.796414,-0.604711,-0.765769,0.488991,0.944882
3601,30.008333,0.018302,0.017077,0.854376,0.519052,-0.924114,0.442155,0.039159,-0.066688,-0.064490,0.646228,0.757485,-0.591665,0.532906,0.040145,0.006830,-0.000043,-0.796452,-0.604663,-0.765751,0.488903,0.944898
3602,30.016667,0.018359,0.017117,0.854364,0.519068,-0.924117,0.442152,0.039153,-0.066718,-0.064523,0.646214,0.757491,-0.591668,0.532901,0.040151,0.006777,-0.000120,-0.796493,-0.604610,-0.765769,0.488825,0.944914
3603,30.025000,0.018338,0.017080,0.854357,0.519081,-0.924118,0.442150,0.039155,-0.066740,-0.064534,0.646230,0.757475,-0.591668,0.532904,0.040149,0.006803,-0.000099,-0.796497,-0.604604,-0.765784,0.488780,0.944895
3604,30.033333,0.018403,0.017044,0.854360,0.519077,-0.924123,0.442149,0.039150,-0.066732,-0.064536,0.646242,0.757465,-0.591670,0.532903,0.040151,0.006791,-0.000153,-0.796515,-0.604581,-0.765835,0.488727,0.944906
3605,30.041667,0.018414,0.017044,0.854355,0.519084,-0.924124,0.442144,0.039150,-0.066677,-0.064548,0.646253,0.757459,-0.591673,0.532904,0.040145,0.006703,-0.000217,-0.796479,-0.604628,-0.765807,0.488719,0.944897
3606,30.050000,0.018322,0.016973,0.854355,0.519089,-0.924121,0.442143,0.039148,-0.066692,-0.064522,0.646233,0.757477,-0.591669,0.532899,0.040143,0.006709,-0.000153,-0.796497,-0.604606,-0.765837,0.488692,0.944880
3607,30.058333,0.018367,0.016988,0.854349,0.519098,-0.924123,0.442141,0.039154,-0.066716,-0.064561,0.646249,0.757458,-0.591672,0.532905,0.040148,0.006485,-0.000185,-0.796518,-0.604579,-0.765907,0.488667,0.944903
3608,30.066667,0.018357,0.016884,0.854361,0.519081,-0.924125,0.442134,0.039150,-0.066701,-0.064544,0.646246,0.757463,-0.591674,0.532901,0.040140,0.006135,-0.000186,-0.796574,-0.604509,-0.765992,0.488655,0.944920
3609,30.075000,0.018406,0.016921,0.854352,0.519093,-0.924128,0.442130,0.039157,-0.066690,-0.064531,0.646259,0.757455,-0.591672,0.532896,0.040147,0.006027,-0.000092,-0.796627,-0.604441,-0.766043,0.488648,0.944952
3610,30.083333,0.018366,0.016900,0.854346,0.519106,-0.924127,0.442130,0.039158,-0.066730,-0.064557,0.646263,0.757445,-0.591669,0.532899,0.040148,0.005951,0.000009,-0.796687,-0.604363,-0.766056,0.488643,0.944950
3611,30.091667,0.018374,0.016871,0.854350,0.519099,-0.924125,0.442126,0.039157,-0.066709,-0.064524,0.646272,0.757442,-0.591673,0.532897,0.040148,0.005968,0.000122,-0.796741,-0.604292,-0.766071,0.488632,0.944959
3612,30.100000,0.018411,0.016879,0.854352,0.519093,-0.924130,0.442123,0.039151,-0.066649,-0.064520,0.646271,0.757449,-0.591673,0.532898,0.040150,0.006062,0.000393,-0.796866,-0.604126,-0.766024,0.488577,0.944890
3613,30.108333,0.018389,0.016878,0.854351,0.519097,-0.924132,0.442123,0.039153,-0.066693,-0.064534,0.646265,0.757449,-0.591674,0.532898,0.040150,0.006327,0.000489,-0.796917,-0.604056,-0.765999,0.488530,0.944865
3614,30.116667,0.018374,0.016837,0.854335,0.519125,-0.924133,0.442118,0.039154,-0.066675,-0.064529,0.646287,0.757432,-0.591670,0.532900,0.040144,0.006131,0.000572,-0.796916,-0.604059,-0.766012,0.488527,0.944884
3615,30.125000,0.018413,0.016858,0.854332,0.519128,-0.924135,0.442116,0.039159,-0.066659,-0.064523,0.646284,0.757436,-0.591674,0.532895,0.040146,0.006151,0.000325,-0.796982,-0.603971,-0.766046,0.488458,0.944929
3616,30.133333,0.018390,0.016810,0.854336,0.519123,-0.924132,0.442115,0.039160,-0.066672,-0.064542,0.646278,0.757439,-0.591673,0.532896,0.040145,0.005878,0.000452,-0.796954,-0.604011,-0.766077,0.488432,0.944946
3617,30.141667,0.018407,0.016765,0.854330,0.519135,-0.924130,0.442114,0.039152,-0.066654,-0.064534,0.646273,0.757446,-0.591676,0.532896,0.040145,0.006001,0.000377,-0.796979,-0.603977,-0.766082,0.488386,0.944922
3618,30.150000,0.018387,0.016752,0.854332,0.519132,-0.924128,0.442114,0.039150,-0.066672,-0.064542,0.646288,0.757430,-0.591679,0.532895,0.040147,0.005964,0.000587,-0.796974,-0.603984,-0.766096,0.488390,0.944961
3619,30.158333,0.018401,0.016749,0.854326,0.519142,-0.924126,0.442114,0.039155,-0.066640,-0.064530,0.646286,0.757436,-0.591673,0.532895,0.040145,0.006157,0.000600,-0.796986,-0.603967,-0.766106,0.488352,0.944945
3620,30.166667,0.018383,0.016683,0.854319,0.519155,-0.924125,0.442110,0.039156,-0.066656,-0.064527,0.646266,0.757452,-0.591672,0.532890,0.040153,0.006041,0.000665,-0.796997,-0.603953,-0.766116,0.488338,0.944931
3621,30.175000,0.018388,0.016667,0.854313,0.519167,-0.924131,0.442110,0.039154,-0.066674,-0.064528,0.646274,0.757443,-0.591675,0.532895,0.040153,0.005818,0.000760,-0.796955,-0.604011,-0.766141,0.488339,0.944948
3622,30.183333,0.018390,0.016655,0.854320,0.519155,-0.924129,0.442108,0.039158,-0.066612,-0.064521,0.646286,0.757439,-0.591675,0.532891,0.040146,0.005964,0.000754,-0.796953,-0.604011,-0.766149,0.488303,0.944933
3623,30.191667,0.018425,0.016642,0.854309,0.519173,-0.924136,0.442109,0.039155,-0.066654,-0.064520,0.646279,0.757442,-0.591671,0.532894,0.040148,0.005886,0.000722,-0.796950,-0.604016,-0.766165,0.488280,0.944916
3624,30.200000,0.018441,0.016635,0.854313,0.519166,-0.924135,0.442106,0.039150,-0.066567,-0.064463,0.646266,0.757465,-0.591668,0.532893,0.040151,0.005913,0.000915,-0.796905,-0.604075,-0.766182,0.488260,0.944948
3625,30.208333,0.018439,0.016670,0.854308,0.519172,-0.924130,0.442110,0.039149,-0.066624,-0.064503,0.646255,0.757467,-0.591668,0.532894,0.040155,0.005801,0.000880,-0.796872,-0.604119,-0.766196,0.488241,0.944929
3626,30.216667,0.018437,0.016689,0.854294,0.519195,-0.924129,0.442108,0.039152,-0.066597,-0.064519,0.646266,0.757458,-0.591667,0.532891,0.040152,0.005773,0.000931,-0.796830,-0.604175,-0.766216,0.488219,0.944933
3627,30.225000,0.018396,0.016636,0.854298,0.519192,-0.924127,0.442113,0.039153,-0.066640,-0.064578,0.646266,0.757449,-0.591669,0.532894,0.040150,0.005766,0.000888,-0.796779,-0.604242,-0.766230,0.488189,0.944929
3628,30.233333,0.018397,0.016658,0.854285,0.519212,-0.924133,0.442107,0.039153,-0.066612,-0.064530,0.646275,0.757448,-0.591668,0.532892,0.040152,0.005754,0.000877,-0.796746,-0.604287,-0.766239,0.488165,0.944911
3629,30.241667,0.018401,0.016575,0.854282,0.519220,-0.924131,0.442104,0.039153,-0.066635,-0.064538,0.646264,0.757454,-0.591667,0.532892,0.040155,0.005765,0.000886,-0.796704,-0.604342,-0.766258,0.488135,0.944919
3630,30.250000,0.018386,0.016575,0.854282,0.519221,-0.924131,0.442104,0.039158,-0.066609,-0.064556,0.646251,0.757466,-0.591668,0.532890,0.040152,0.005697,0.000935,-0.796669,-0.604389,-0.766268,0.488109,0.944921
3631,30.258333,0.018369,0.016527,0.854279,0.519228,-0.924134,0.442104,0.039154,-0.066634,-0.064556,0.646267,0.757451,-0.591668,0.532888,0.040157,0.005659,0.000975,-0.796641,-0.604426,-0.766283,0.488091,0.944914
3632,30.266667,0.018431,0.016560,0.854271,0.519237,-0.924132,0.442103,0.039151,-0.066651,-0.064576,0.646225,0.757483,-0.591665,0.532886,0.040147,0.005588,0.000971,-0.796608,-0.604470,-0.766291,0.488064,0.944897
3633,30.275000,0.018428,0.016523,0.854272,0.519236,-0.924130,0.442105,0.039154,-0.066592,-0.064534,0.646247,0.757474,-0.591671,0.532883,0.040154,0.005491,0.000979,-0.796570,-0.604520,-0.766316,0.488038,0.944879
3634,30.283333,0.018442,0.016575,0.854266,0.519245,-0.924131,0.442105,0.039146,-0.066616,-0.064548,0.646240,0.757476,-0.591668,0.532886,0.040154,0.005435,0.001086,-0.796568,-0.604523,-0.766333,0.488009,0.944895
3635,30.291667,0.018430,0.016568,0.854255,0.519264,-0.924128,0.442101,0.039153,-0.066624,-0.064535,0.646241,0.757475,-0.591668,0.532885,0.040157,0.005832,0.000757,-0.796568,-0.604521,-0.766348,0.487916,0.944986
3636,30.300000,0.018465,0.016588,0.854250,0.519269,-0.924132,0.442102,0.039158,-0.066614,-0.064569,0.646238,0.757476,-0.591667,0.532891,0.040158,0.006391,0.000482,-0.796618,-0.604450,-0.766379,0.487869,0.944918
3637,30.308333,0.018445,0.016519,0.854252,0.519269,-0.924132,0.442101,0.039152,-0.066605,-0.064529,0.646246,0.757474,-0.591667,0.532885,0.040156,0.005913,0.000739,-0.796622,-0.604448,-0.766382,0.487902,0.944811
3638,30.316667,0.018477,0.016577,0.854253,0.519264,-0.924135,0.442099,0.039156,-0.066548,-0.064489,0.646241,0.757486,-0.591665,0.532888,0.040157,0.005732,0.001025,-0.796634,-0.604434,-0.766410,0.487890,0.944885
3639,30.325000,0.018521,0.016576,0.854247,0.519272,-0.924133,0.442095,0.039151,-0.066607,-0.064551,0.646270,0.757451,-0.591667,0.532883,0.040159,0.006242,0.000619,-0.796644,-0.604416,-0.766411,0.487795,0.944987
3640,30.333333,0.018516,0.016557,0.854258,0.519256,-0.924136,0.442095,0.039156,-0.066564,-0.064488,0.646278,0.757453,-0.591663,0.532883,0.040157,0.005926,0.001058,-0.796725,-0.604313,-0.766447,0.487840,0.944840
3641,30.341667,0.018509,0.016541,0.854253,0.519265,-0.924138,0.442092,0.039158,-0.066554,-0.064506,0.646279,0.757452,-0.591668,0.532881,0.040161,0.006467,0.000613,-0.796738,-0.604291,-0.766471,0.487750,0.944936
3642,30.350000,0.018523,0.016511,0.854252,0.519266,-0.924137,0.442092,0.039157,-0.066601,-0.064539,0.646268,0.757454,-0.591669,0.532886,0.040162,0.006504,0.000442,-0.796750,-0.604273,-0.766478,0.487745,0.944932
3643,30.358333,0.018492,0.016520,0.854248,0.519274,-0.924140,0.442089,0.039162,-0.066622,-0.064547,0.646272,0.757448,-0.591665,0.532883,0.040163,0.006530,0.000543,-0.796809,-0.604196,-0.766502,0.487717,0.944941
3644,30.366667,0.018526,0.016553,0.854252,0.519265,-0.924135,0.442089,0.039158,-0.066618,-0.064575,0.646273,0.757445,-0.591669,0.532886,0.040168,0.006589,0.000574,-0.796828,-0.604170,-0.766502,0.487691,0.944933
3645,30.375000,0.018522,0.016473,0.854245,0.519280,-0.924133,0.442088,0.039160,-0.066582,-0.064520,0.646284,0.757444,-0.591671,0.532885,0.040166,0.006416,0.000499,-0.796840,-0.604156,-0.766569,0.487669,0.944928
3646,30.383333,0.018510,0.016468,0.854261,0.519254,-0.924136,0.442087,0.039153,-0.066627,-0.064593,0.646269,0.757446,-0.591671,0.532888,0.040168,0.006305,0.000573,-0.796837,-0.604161,-0.766590,0.487678,0.944927
3647,30.391667,0.018610,0.016438,0.854256,0.519259,-0.924134,0.442082,0.039155,-0.066633,-0.064598,0.646276,0.757439,-0.591672,0.532887,0.040167,0.006278,0.000454,-0.796896,-0.604083,-0.766639,0.487653,0.944924
3648,30.400000,0.018546,0.016432,0.854254,0.519265,-0.924134,0.442088,0.039148,-0.066606,-0.064578,0.646287,0.757434,-0.591669,0.532889,0.040165,0.006208,0.000395,-0.796924,-0.604048,-0.766640,0.487638,0.944922
3649,30.408333,0.018576,0.016355,0.854257,0.519262,-0.924134,0.442082,0.039152,-0.066611,-0.064611,0.646284,0.757433,-0.591677,0.532887,0.040168,0.006310,0.000494,-0.796973,-0.603982,-0.766663,0.487628,0.944935
3650,30.416667,0.018562,0.016335,0.854262,0.519255,-0.924133,0.442079,0.039151,-0.066616,-0.064628,0.646291,0.757425,-0.591678,0.532884,0.040164,0.006070,0.000479,-0.796970,-0.603988,-0.766682,0.487635,0.944911
3651,30.425000,0.018855,0.016464,0.854215,0.519317,-0.924156,0.442080,0.039137,-0.066655,-0.064649,0.646293,0.757419,-0.591680,0.532889,0.040165,0.006112,0.000622,-0.796975,-0.603981,-0.766705,0.487634,0.944901
3652,30.433333,0.018662,0.016396,0.854253,0.519264,-0.924139,0.442078,0.039145,-0.066645,-0.064626,0.646272,0.757440,-0.591683,0.532888,0.040164,0.005977,0.000668,-0.796998,-0.603952,-0.766714,0.487632,0.944881
3653,30.441667,0.018577,0.016360,0.854249,0.519275,-0.924129,0.442075,0.039145,-0.066628,-0.064622,0.646264,0.757448,-0.591684,0.532887,0.040167,0.005902,0.000694,-0.797005,-0.603944,-0.766722,0.487624,0.944867
3654,30.450000,0.018598,0.016310,0.854252,0.519271,-0.924131,0.442072,0.039145,-0.066654,-0.064624,0.646278,0.757434,-0.591682,0.532890,0.040165,0.005934,0.000683,-0.797000,-0.603950,-0.766740,0.487606,0.944874
3655,30.458333,0.018573,0.016286,0.854243,0.519287,-0.924133,0.442072,0.039147,-0.066651,-0.064612,0.646277,0.757436,-0.591685,0.532888,0.040168,0.005664,0.000595,-0.797002,-0.603950,-0.766763,0.487574,0.944833
3656,30.466667,0.018577,0.016337,0.854230,0.519306,-0.924132,0.442069,0.039149,-0.066707,-0.064665,0.646268,0.757434,-0.591685,0.532886,0.040169,0.005704,0.000527,-0.796963,-0.604001,-0.766756,0.487554,0.944828
3657,30.475000,0.018535,0.016289,0.854235,0.519302,-0.924133,0.442073,0.039148,-0.066698,-0.064635,0.646279,0.757428,-0.591684,0.532888,0.040166,0.005780,0.000453,-0.796955,-0.604011,-0.766776,0.487540,0.944841
3658,30.483333,0.018579,0.016312,0.854242,0.519288,-0.924131,0.442075,0.039144,-0.066711,-0.064663,0.646267,0.757434,-0.591688,0.532889,0.040168,0.005756,0.000465,-0.796936,-0.604037,-0.766790,0.487527,0.944849
3659,30.491667,0.018567,0.016318,0.854237,0.519296,-0.924132,0.442074,0.039140,-0.066704,-0.064660,0.646261,0.757440,-0.591690,0.532890,0.040167,0.005837,0.000424,-0.796913,-0.604066,-0.766803,0.487512,0.944863
3660,30.500000,0.018539,0.016357,0.854236,0.519298,-0.924135,0.442077,0.039150,-0.066692,-0.064601,0.646263,0.757445,-0.591691,0.532891,0.040165,0.005820,0.000406,-0.796893,-0.604093,-0.766809,0.487499,0.944849
3661,30.508333,0.018520,0.016330,0.854217,0.519330,-0.924137,0.442075,0.039147,-0.066732,-0.064655,0.646258,0.757441,-0.591689,0.532891,0.040169,0.005851,0.000362,-0.796875,-0.604116,-0.766821,0.487490,0.944860
3662,30.516667,0.018486,0.016342,0.854175,0.519400,-0.924151,0.442077,0.039140,-0.066689,-0.064625,0.646268,0.757439,-0.591689,0.532888,0.040165,0.005820,0.000393,-0.796856,-0.604142,-0.766833,0.487484,0.944857
3663,30.525000,0.018570,0.016330,0.854216,0.519329,-0.924140,0.442069,0.039145,-0.066728,-0.064658,0.646261,0.757439,-0.591690,0.532886,0.040174,0.005821,0.000348,-0.796821,-0.604188,-0.766840,0.487482,0.944860
3664,30.533333,0.018815,0.016388,0.854199,0.519348,-0.924159,0.442078,0.039127,-0.066721,-0.064692,0.646267,0.757432,-0.591693,0.532888,0.040165,0.005808,0.000384,-0.796820,-0.604188,-0.766853,0.487480,0.944839
3665,30.541667,0.018833,0.016488,0.854145,0.519431,-0.924172,0.442080,0.039129,-0.066711,-0.064680,0.646262,0.757438,-0.591688,0.532889,0.040170,0.005938,0.000350,-0.796817,-0.604191,-0.766851,0.487478,0.944854
3666,30.550000,0.018538,0.016331,0.854213,0.519337,-0.924142,0.442073,0.039143,-0.066698,-0.064664,0.646263,0.757439,-0.591690,0.532887,0.040164,0.006010,0.000336,-0.796804,-0.604208,-0.766852,0.487476,0.944856
3667,30.558333,0.018549,0.016298,0.854229,0.519310,-0.924138,0.442069,0.039145,-0.066704,-0.064681,0.646262,0.757438,-0.591694,0.532885,0.040168,0.005640,0.000616,-0.796832,-0.604174,-0.766845,0.487528,0.944777
3668,30.566667,0.018844,0.016384,0.854185,0.519369,-0.924160,0.442076,0.039133,-0.066736,-0.064666,0.646266,0.757433,-0.591689,0.532887,0.040167,0.006086,0.000345,-0.796856,-0.604139,-0.766880,0.487476,0.944869
3669,30.575000,0.018799,0.016470,0.854128,0.519461,-0.924177,0.442082,0.039133,-0.066736,-0.064668,0.646260,0.757438,-0.591690,0.532889,0.040170,0.006078,0.000299,-0.796867,-0.604124,-0.766876,0.487484,0.944848
3670,30.583333,0.018542,0.016395,0.854192,0.519368,-0.924148,0.442073,0.039145,-0.066725,-0.064681,0.646278,0.757422,-0.591691,0.532882,0.040169,0.005690,0.000640,-0.796895,-0.604091,-0.766885,0.487554,0.944776
3671,30.591667,0.018577,0.016296,0.854221,0.519323,-0.924143,0.442067,0.039148,-0.066727,-0.064685,0.646266,0.757432,-0.591691,0.532884,0.040174,0.005667,0.000646,-0.796932,-0.604042,-0.766901,0.487575,0.944772
3672,30.600000,0.018503,0.016263,0.854217,0.519332,-0.924143,0.442073,0.039142,-0.066753,-0.064692,0.646283,0.757415,-0.591697,0.532880,0.040166,0.005605,0.000704,-0.796941,-0.604031,-0.766918,0.487595,0.944751
3673,30.608333,0.018786,0.016424,0.854130,0.519461,-0.924183,0.442075,0.039133,-0.066751,-0.064688,0.646270,0.757426,-0.591698,0.532883,0.040175,0.005632,0.000745,-0.796987,-0.603970,-0.766946,0.487619,0.944763
3674,30.616667,0.018563,0.016312,0.854211,0.519339,-0.924149,0.442066,0.039148,-0.066729,-0.064696,0.646291,0.757409,-0.591699,0.532882,0.040168,0.005676,0.000691,-0.797054,-0.603881,-0.766954,0.487620,0.944763
3675,30.625000,0.018490,0.016245,0.854225,0.519322,-0.924148,0.442065,0.039149,-0.066742,-0.064678,0.646309,0.757395,-0.591702,0.532881,0.040172,0.005624,0.000679,-0.797109,-0.603809,-0.766963,0.487655,0.944753
3676,30.633333,0.018737,0.016412,0.854144,0.519439,-0.924185,0.442070,0.039138,-0.066765,-0.064739,0.646309,0.757387,-0.591696,0.532887,0.040168,0.005665,0.000760,-0.797178,-0.603717,-0.766991,0.487669,0.944764
3677,30.641667,0.018564,0.016290,0.854219,0.519327,-0.924151,0.442063,0.039145,-0.066744,-0.064689,0.646301,0.757401,-0.591694,0.532887,0.040170,0.005689,0.000809,-0.797254,-0.603616,-0.767001,0.487679,0.944754
3678,30.650000,0.018563,0.016221,0.854247,0.519282,-0.924144,0.442064,0.039143,-0.066693,-0.064662,0.646286,0.757420,-0.591693,0.532890,0.040168,0.005533,0.000833,-0.797360,-0.603478,-0.767089,0.487708,0.944738
3679,30.658333,0.018537,0.016186,0.854248,0.519283,-0.924140,0.442067,0.039142,-0.066709,-0.064685,0.646277,0.757424,-0.591691,0.532893,0.040167,0.005525,0.000865,-0.797380,-0.603451,-0.767112,0.487742,0.944742
3680,30.666667,0.018561,0.016235,0.854252,0.519274,-0.924139,0.442068,0.039145,-0.066669,-0.064653,0.646295,0.757415,-0.591690,0.532893,0.040166,0.005468,0.000993,-0.797484,-0.603314,-0.767161,0.487773,0.944750
