Format Version,1.25,Take Name,stand_016,Take Notes,,Capture Frame Rate,120.000000,Export Frame Rate,120.000000,Capture Start Time,2025-10-30 09.18.38.404 PM,Capture Start Frame,328233,Total Frames in Take,1716,Total Exported Frames,1716,Rotation Type,Quaternion,Length Units,Meters,Coordinate Space,Global

,Type,Rigid Body,Rigid Body,Rigid Body,Rigid Body,Rigid Body,Rigid Body,Rigid Body,Rigid Body,Rigid Body,Rigid Body,Rigid Body,Rigid Body,Rigid Body,Rigid Body,Rigid Body,Rigid Body,Rigid Body,Rigid Body,Rigid Body,Rigid Body,Rigid Body
,Name,RFoot,RFoot,RFoot,RFoot,RFoot,RFoot,RFoot,LFoot,LFoot,LFoot,LFoot,LFoot,LFoot,LFoot,Waist,Waist,Waist,Waist,Waist,Waist,Waist
,ID,83078AC3B5F211F034C857AE43D8E8B6,83078AC3B5F211F034C857AE43D8E8B6,83078AC3B5F211F034C857AE43D8E8B6,83078AC3B5F211F034C857AE43D8E8B6,83078AC3B5F211F034C857AE43D8E8B6,83078AC3B5F211F034C857AE43D8E8B6,83078AC3B5F211F034C857AE43D8E8B6,9231711FB5F311F034C857AE43D8E8B6,9231711FB5F311F034C857AE43D8E8B6,9231711FB5F311F034C857AE43D8E8B6,9231711FB5F311F034C857AE43D8E8B6,9231711FB5F311F034C857AE43D8E8B6,9231711FB5F311F034C857AE43D8E8B6,9231711FB5F311F034C857AE43D8E8B6,3693159B5F511F034C857AE43D8E8B6,3693159B5F511F034C857AE43D8E8B6,3693159B5F511F034C857AE43D8E8B6,3693159B5F511F034C857AE43D8E8B6,3693159B5F511F034C857AE43D8E8B6,3693159B5F511F034C857AE43D8E8B6,3693159B5F511F034C857AE43D8E8B6
,Parent,,,,,,,,,,,,,,,,,,,,,
,,Rotation,Rotation,Rotation,Rotation,Position,Position,Position,Rotation,Rotation,Rotation,Rotation,Position,Position,Position,Rotation,Rotation,Rotation,Rotation,Position,Position,Position
Frame,Time (Seconds),X,Y,Z,W,X,Y,Z,X,Y,Z,W,X,Y,Z,X,Y,Z,W,X,Y,Z
0,0.000000,-0.025549,-0.003550,-0.399480,-0.916379,0.589344,-0.594372,0.028805,0.063289,0.010388,-0.099994,-0.992919,0.846884,-0.844166,0.024396,0.003797,0.012849,0.407220,0.913232,0.718204,-0.719582,0.932548
1,0.008333,-0.025596,-0.003591,-0.399532,-0.916355,0.589352,-0.594380,0.028795,0.063254,0.010404,-0.100003,-0.992920,0.846881,-0.844168,0.024385,0.003538,0.013123,0.407372,0.913161,0.718714,-0.719671,0.932558
2,0.016667,-0.025686,-0.003639,-0.399570,-0.916336,0.589355,-0.594381,0.028796,0.063233,0.010364,-0.100027,-0.992919,0.846890,-0.844173,0.024387,0.003305,0.013390,0.407518,0.913093,0.719241,-0.719802,0.932541
3,0.025000,-0.025707,-0.003634,-0.399587,-0.916327,0.589363,-0.594386,0.028797,0.063222,0.010392,-0.100066,-0.992916,0.846886,-0.844177,0.024374,0.003446,0.013187,0.407691,0.913018,0.719817,-0.719927,0.932468
4,0.033333,-0.025875,-0.003745,-0.399583,-0.916324,0.589364,-0.594390,0.028798,0.063175,0.010398,-0.100100,-0.992915,0.846889,-0.844182,0.024370,0.003481,0.013045,0.407851,0.912949,0.720312,-0.720037,0.932455
5,0.041667,-0.025971,-0.003773,-0.399573,-0.916326,0.589370,-0.594392,0.028807,0.063066,0.010347,-0.100125,-0.992920,0.846885,-0.844183,0.024367,0.003099,0.013588,0.407989,0.912881,0.720811,-0.720150,0.932482
6,0.050000,-0.026048,-0.003872,-0.399594,-0.916314,0.589370,-0.594393,0.028795,0.063059,0.010340,-0.100161,-0.992917,0.846887,-0.844195,0.024360,0.002922,0.013789,0.408148,0.912807,0.721318,-0.720276,0.932419
7,0.058333,-0.026074,-0.003829,-0.399592,-0.916314,0.589370,-0.594398,0.028803,0.063048,0.010367,-0.100181,-0.992916,0.846895,-0.844203,0.024356,0.002734,0.013886,0.408294,0.912741,0.721753,-0.720376,0.932407
8,0.066667,-0.026126,-0.003860,-0.399593,-0.916312,0.589368,-0.594396,0.028803,0.063023,0.010352,-0.100266,-0.992909,0.846897,-0.844204,0.024361,0.002648,0.013873,0.408392,0.912697,0.722228,-0.720511,0.932393
9,0.075000,-0.026165,-0.003863,-0.399586,-0.916314,0.589369,-0.594404,0.028797,0.063038,0.010336,-0.100283,-0.992906,0.846893,-0.844221,0.024349,0.002254,0.014103,0.408664,0.912573,0.722709,-0.720672,0.932418
10,0.083333,-0.026183,-0.003918,-0.399600,-0.916307,0.589371,-0.594403,0.028805,0.062900,0.010334,-0.100294,-0.992914,0.846891,-0.844222,0.024343,0.002056,0.014317,0.408743,0.912535,0.723130,-0.720787,0.932441
11,0.091667,-0.026244,-0.003872,-0.399573,-0.916318,0.589366,-0.594410,0.028799,0.062773,0.010355,-0.100310,-0.992920,0.846894,-0.844226,0.024344,0.001918,0.014433,0.408804,0.912506,0.723581,-0.720966,0.932375
12,0.100000,-0.026355,-0.003911,-0.399586,-0.916308,0.589362,-0.594419,0.028796,0.062601,0.010299,-0.100262,-0.992936,0.846892,-0.844226,0.024346,0.001690,0.014730,0.408790,0.912508,0.723974,-0.721107,0.932376
13,0.108333,-0.026376,-0.003914,-0.399552,-0.916323,0.589361,-0.594420,0.028803,0.062485,0.010292,-0.100328,-0.992937,0.846886,-0.844235,0.024341,0.001674,0.014767,0.408864,0.912475,0.724376,-0.721253,0.932309
14,0.116667,-0.026481,-0.003972,-0.399555,-0.916318,0.589362,-0.594430,0.028802,0.062469,0.010325,-0.100366,-0.992934,0.846890,-0.844244,0.024346,0.001770,0.014567,0.408739,0.912533,0.724745,-0.721434,0.932261
15,0.125000,-0.026583,-0.003973,-0.399562,-0.916312,0.589359,-0.594437,0.028796,0.062336,0.010312,-0.100418,-0.992937,0.846887,-0.844254,0.024345,0.001596,0.014850,0.408628,0.912579,0.725183,-0.721614,0.932207
16,0.133333,-0.026675,-0.004065,-0.399573,-0.916304,0.589360,-0.594441,0.028816,0.062290,0.010271,-0.100415,-0.992941,0.846883,-0.844267,0.024338,0.001263,0.015209,0.408650,0.912564,0.725651,-0.721792,0.932212
17,0.141667,-0.026714,-0.004064,-0.399567,-0.916306,0.589364,-0.594452,0.028811,0.062302,0.010335,-0.100433,-0.992938,0.846888,-0.844271,0.024335,0.000772,0.015904,0.408431,0.912650,0.725964,-0.721945,0.932327
18,0.150000,-0.026848,-0.004104,-0.399568,-0.916301,0.589362,-0.594457,0.028815,0.062241,0.010308,-0.100462,-0.992939,0.846889,-0.844269,0.024321,0.000690,0.016002,0.408310,0.912703,0.726352,-0.722113,0.932289
19,0.158333,-0.026941,-0.004206,-0.399611,-0.916279,0.589367,-0.594468,0.028816,0.062119,0.010323,-0.100478,-0.992945,0.846887,-0.844281,0.024318,0.000647,0.015937,0.408266,0.912724,0.726716,-0.722292,0.932230
20,0.166667,-0.026997,-0.004238,-0.399621,-0.916273,0.589371,-0.594472,0.028815,0.062033,0.010319,-0.100505,-0.992947,0.846891,-0.844293,0.024321,0.000497,0.015904,0.408171,0.912767,0.727063,-0.722481,0.932222
21,0.175000,-0.027128,-0.004257,-0.399638,-0.916262,0.589381,-0.594483,0.028822,0.062048,0.010283,-0.100553,-0.992942,0.846892,-0.844305,0.024314,0.000653,0.015654,0.408131,0.912789,0.727426,-0.722657,0.932154
22,0.183333,-0.027185,-0.004286,-0.399672,-0.916245,0.589386,-0.594486,0.028823,0.061764,0.010250,-0.100583,-0.992957,0.846893,-0.844314,0.024309,0.000626,0.015408,0.408177,0.912773,0.727756,-0.722820,0.932143
23,0.191667,-0.027219,-0.004354,-0.399697,-0.916233,0.589386,-0.594493,0.028834,0.061848,0.010239,-0.100669,-0.992943,0.846895,-0.844324,0.024301,0.000013,0.015535,0.407951,0.912872,0.728182,-0.722981,0.932174
24,0.200000,-0.027334,-0.004370,-0.399724,-0.916218,0.589399,-0.594503,0.028829,0.061734,0.010238,-0.100675,-0.992949,0.846898,-0.844340,0.024307,0.000174,0.014492,0.407773,0.912968,0.728682,-0.723185,0.931958
25,0.208333,-0.027377,-0.004424,-0.399733,-0.916212,0.589400,-0.594506,0.028830,0.061626,0.010241,-0.100713,-0.992952,0.846902,-0.844356,0.024310,0.000205,0.014082,0.407478,0.913106,0.729228,-0.723406,0.931741
26,0.216667,-0.027469,-0.004524,-0.399746,-0.916203,0.589407,-0.594507,0.028840,0.061609,0.010223,-0.100719,-0.992953,0.846892,-0.844363,0.024293,0.000430,0.013496,0.407181,0.913248,0.729583,-0.723544,0.931679
27,0.225000,-0.027603,-0.004603,-0.399788,-0.916180,0.589415,-0.594515,0.028836,0.061531,0.010215,-0.100782,-0.992951,0.846893,-0.844376,0.024294,0.000257,0.013767,0.406959,0.913343,0.729865,-0.723695,0.931670
28,0.233333,-0.027647,-0.004697,-0.399807,-0.916170,0.589416,-0.594513,0.028835,0.061485,0.010254,-0.100730,-0.992959,0.846896,-0.844379,0.024296,0.000286,0.013601,0.406773,0.913428,0.730121,-0.723844,0.931632
29,0.241667,-0.027730,-0.004755,-0.399813,-0.916165,0.589426,-0.594519,0.028833,0.061452,0.010267,-0.100737,-0.992960,0.846896,-0.844379,0.024296,0.000505,0.013204,0.406572,0.913523,0.730362,-0.724007,0.931562
30,0.250000,-0.027866,-0.004803,-0.399819,-0.916158,0.589435,-0.594519,0.028830,0.061538,0.010298,-0.100781,-0.992950,0.846884,-0.844377,0.024285,0.000600,0.013249,0.406359,0.913618,0.730615,-0.724144,0.931554
31,0.258333,-0.027899,-0.004823,-0.399833,-0.916151,0.589439,-0.594519,0.028839,0.061447,0.010283,-0.100767,-0.992957,0.846886,-0.844380,0.024279,0.000642,0.013464,0.406217,0.913677,0.730793,-0.724255,0.931572
32,0.266667,-0.028017,-0.004912,-0.399834,-0.916146,0.589442,-0.594526,0.028837,0.061448,0.010321,-0.100753,-0.992958,0.846883,-0.844383,0.024281,0.000595,0.013453,0.406086,0.913736,0.730903,-0.724361,0.931658
33,0.275000,-0.028005,-0.004900,-0.399835,-0.916146,0.589447,-0.594526,0.028846,0.061415,0.010306,-0.100748,-0.992961,0.846878,-0.844382,0.024277,0.000413,0.013766,0.405953,0.913790,0.731050,-0.724466,0.931700
34,0.283333,-0.028115,-0.005002,-0.399857,-0.916133,0.589451,-0.594526,0.028836,0.061462,0.010350,-0.100777,-0.992955,0.846879,-0.844384,0.024284,0.000265,0.014008,0.405854,0.913831,0.731234,-0.724562,0.931751
35,0.291667,-0.028142,-0.005030,-0.399864,-0.916128,0.589455,-0.594530,0.028842,0.061441,0.010353,-0.100794,-0.992954,0.846873,-0.844386,0.024273,0.000019,0.014121,0.405848,0.913831,0.731441,-0.724667,0.931804
36,0.300000,-0.028188,-0.005056,-0.399827,-0.916143,0.589457,-0.594529,0.028856,0.061515,0.010363,-0.100833,-0.992946,0.846870,-0.844394,0.024281,0.000295,0.013587,0.405875,0.913828,0.731650,-0.724783,0.931729
37,0.308333,-0.028247,-0.005106,-0.399838,-0.916136,0.589451,-0.594528,0.028843,0.061397,0.010428,-0.100796,-0.992956,0.846867,-0.844392,0.024272,0.000230,0.013582,0.405865,0.913832,0.731828,-0.724873,0.931720
38,0.316667,-0.028285,-0.005095,-0.399838,-0.916135,0.589455,-0.594527,0.028849,0.061406,0.010433,-0.100840,-0.992951,0.846866,-0.844399,0.024272,0.000309,0.013218,0.405874,0.913833,0.732025,-0.724974,0.931675
39,0.325000,-0.028353,-0.005124,-0.399853,-0.916126,0.589457,-0.594534,0.028843,0.061404,0.010432,-0.100865,-0.992949,0.846860,-0.844396,0.024265,0.000470,0.012835,0.405893,0.913831,0.732216,-0.725071,0.931618
40,0.333333,-0.028330,-0.005136,-0.399867,-0.916121,0.589460,-0.594537,0.028850,0.061448,0.010436,-0.100847,-0.992948,0.846860,-0.844398,0.024267,0.000473,0.012826,0.405912,0.913822,0.732398,-0.725174,0.931594
41,0.341667,-0.028337,-0.005094,-0.399873,-0.916118,0.589454,-0.594537,0.028846,0.061473,0.010452,-0.100867,-0.992944,0.846868,-0.844391,0.024268,0.000548,0.012597,0.405914,0.913824,0.732556,-0.725282,0.931555
42,0.350000,-0.028336,-0.005099,-0.399855,-0.916126,0.589461,-0.594535,0.028846,0.061546,0.010461,-0.100883,-0.992938,0.846871,-0.844389,0.024264,0.000555,0.012600,0.405951,0.913808,0.732719,-0.725386,0.931517
43,0.358333,-0.028294,-0.005145,-0.399854,-0.916128,0.589455,-0.594536,0.028859,0.061486,0.010449,-0.100867,-0.992943,0.846873,-0.844385,0.024271,0.000311,0.012819,0.405961,0.913800,0.732840,-0.725513,0.931559
44,0.366667,-0.028339,-0.005133,-0.399879,-0.916115,0.589453,-0.594531,0.028857,0.061552,0.010426,-0.100901,-0.992936,0.846877,-0.844391,0.024270,0.000252,0.012837,0.405990,0.913787,0.732969,-0.725614,0.931556
45,0.375000,-0.028394,-0.005154,-0.399882,-0.916112,0.589458,-0.594537,0.028856,0.061500,0.010356,-0.100897,-0.992940,0.846879,-0.844385,0.024271,0.000204,0.012838,0.406012,0.913777,0.733067,-0.725685,0.931554
46,0.383333,-0.028470,-0.005152,-0.399880,-0.916111,0.589456,-0.594544,0.028846,0.061581,0.010462,-0.100838,-0.992940,0.846883,-0.844383,0.024273,0.000118,0.012877,0.406024,0.913772,0.733154,-0.725750,0.931576
47,0.391667,-0.028460,-0.005170,-0.399878,-0.916112,0.589454,-0.594544,0.028855,0.061590,0.010447,-0.100833,-0.992940,0.846884,-0.844375,0.024266,-0.000114,0.013074,0.406041,0.913761,0.733223,-0.725824,0.931624
48,0.400000,-0.028454,-0.005163,-0.399911,-0.916098,0.589446,-0.594540,0.028862,0.061645,0.010416,-0.100856,-0.992935,0.846885,-0.844379,0.024263,-0.000210,0.013168,0.406192,0.913693,0.733316,-0.725886,0.931640
49,0.408333,-0.028546,-0.005188,-0.399910,-0.916095,0.589452,-0.594546,0.028856,0.061634,0.010403,-0.100869,-0.992934,0.846886,-0.844383,0.024260,-0.000175,0.013050,0.406286,0.913653,0.733392,-0.725920,0.931629
50,0.416667,-0.028699,-0.005216,-0.399914,-0.916088,0.589454,-0.594552,0.028845,0.061535,0.010391,-0.100841,-0.992943,0.846890,-0.844381,0.024265,-0.000196,0.012975,0.406385,0.913610,0.733469,-0.725962,0.931631
51,0.425000,-0.028624,-0.005240,-0.399943,-0.916078,0.589456,-0.594555,0.028852,0.061518,0.010352,-0.100873,-0.992942,0.846887,-0.844386,0.024272,-0.000210,0.012979,0.406501,0.913558,0.733556,-0.725996,0.931649
52,0.433333,-0.028702,-0.005252,-0.399953,-0.916071,0.589458,-0.594551,0.028859,0.061578,0.010379,-0.100867,-0.992938,0.846890,-0.844387,0.024266,-0.000139,0.012939,0.406577,0.913525,0.733620,-0.726009,0.931638
53,0.441667,-0.028794,-0.005340,-0.399974,-0.916058,0.589461,-0.594553,0.028864,0.061544,0.010399,-0.100918,-0.992935,0.846893,-0.844393,0.024271,-0.000395,0.013182,0.406667,0.913481,0.733698,-0.726033,0.931683
54,0.450000,-0.028710,-0.005335,-0.399988,-0.916055,0.589459,-0.594551,0.028863,0.061556,0.010399,-0.100903,-0.992936,0.846893,-0.844392,0.024265,-0.000396,0.013143,0.406750,0.913445,0.733752,-0.726041,0.931673
55,0.458333,-0.028812,-0.005378,-0.399994,-0.916049,0.589456,-0.594550,0.028864,0.061430,0.010412,-0.100932,-0.992941,0.846892,-0.844391,0.024267,-0.000332,0.013028,0.406803,0.913423,0.733797,-0.726045,0.931657
56,0.466667,-0.028724,-0.005383,-0.399985,-0.916056,0.589461,-0.594547,0.028876,0.061443,0.010425,-0.100962,-0.992936,0.846889,-0.844392,0.024268,-0.000281,0.012981,0.406839,0.913408,0.733843,-0.726046,0.931644
57,0.475000,-0.028784,-0.005396,-0.399996,-0.916049,0.589461,-0.594550,0.028862,0.061321,0.010409,-0.100983,-0.992942,0.846888,-0.844398,0.024270,-0.000349,0.013065,0.406858,0.913398,0.733871,-0.726056,0.931649
58,0.483333,-0.028732,-0.005350,-0.399988,-0.916054,0.589462,-0.594546,0.028868,0.061424,0.010412,-0.100995,-0.992934,0.846888,-0.844402,0.024267,-0.000289,0.013053,0.406857,0.913398,0.733888,-0.726049,0.931640
59,0.491667,-0.028677,-0.005350,-0.399997,-0.916052,0.589459,-0.594546,0.028868,0.061484,0.010481,-0.100971,-0.992932,0.846892,-0.844404,0.024270,-0.000310,0.013036,0.406847,0.913403,0.733897,-0.726044,0.931631
60,0.500000,-0.028728,-0.005374,-0.399964,-0.916065,0.589458,-0.594548,0.028863,0.061401,0.010404,-0.100978,-0.992938,0.846884,-0.844399,0.024266,-0.000195,0.012944,0.406798,0.913426,0.733905,-0.726039,0.931632
61,0.508333,-0.028661,-0.005347,-0.399980,-0.916060,0.589458,-0.594543,0.028865,0.061476,0.010469,-0.100999,-0.992930,0.846878,-0.844400,0.024266,-0.000216,0.013028,0.406761,0.913442,0.733883,-0.726037,0.931636
62,0.516667,-0.028726,-0.005326,-0.399981,-0.916058,0.589452,-0.594545,0.028863,0.061483,0.010463,-0.100995,-0.992930,0.846874,-0.844398,0.024266,-0.000158,0.012870,0.406688,0.913476,0.733852,-0.726025,0.931626
63,0.525000,-0.028684,-0.005304,-0.399983,-0.916058,0.589454,-0.594547,0.028860,0.061427,0.010383,-0.100998,-0.992934,0.846873,-0.844395,0.024267,-0.000113,0.012866,0.406596,0.913518,0.733818,-0.726005,0.931635
64,0.533333,-0.028655,-0.005283,-0.399997,-0.916053,0.589449,-0.594544,0.028858,0.061595,0.010452,-0.101029,-0.992920,0.846872,-0.844393,0.024267,-0.000103,0.012859,0.406497,0.913561,0.733767,-0.725988,0.931644
65,0.541667,-0.028710,-0.005314,-0.399954,-0.916070,0.589454,-0.594544,0.028859,0.061590,0.010453,-0.100980,-0.992925,0.846869,-0.844386,0.024264,-0.000084,0.012805,0.406428,0.913593,0.733694,-0.725976,0.931633
66,0.550000,-0.028623,-0.005267,-0.399966,-0.916068,0.589445,-0.594539,0.028864,0.061792,0.010510,-0.101021,-0.992908,0.846866,-0.844380,0.024262,0.000250,0.012452,0.406325,0.913644,0.733621,-0.725953,0.931597
67,0.558333,-0.028647,-0.005239,-0.399965,-0.916068,0.589441,-0.594541,0.028852,0.061762,0.010486,-0.100990,-0.992913,0.846865,-0.844378,0.024265,0.000327,0.012412,0.406260,0.913673,0.733554,-0.725946,0.931561
68,0.566667,-0.028535,-0.005218,-0.399932,-0.916086,0.589433,-0.594532,0.028858,0.061863,0.010525,-0.101019,-0.992904,0.846862,-0.844369,0.024268,0.000336,0.012335,0.406170,0.913714,0.733469,-0.725936,0.931556
69,0.575000,-0.028510,-0.005193,-0.399944,-0.916082,0.589430,-0.594534,0.028856,0.061851,0.010516,-0.101047,-0.992902,0.846859,-0.844368,0.024269,0.000448,0.012224,0.406067,0.913761,0.733383,-0.725908,0.931544
70,0.583333,-0.028559,-0.005158,-0.399939,-0.916082,0.589429,-0.594527,0.028848,0.061897,0.010502,-0.101037,-0.992900,0.846856,-0.844365,0.024272,0.000217,0.012521,0.405871,0.913844,0.733251,-0.725893,0.931582
71,0.591667,-0.028446,-0.005124,-0.399928,-0.916091,0.589419,-0.594528,0.028843,0.061899,0.010478,-0.100986,-0.992905,0.846849,-0.844354,0.024272,0.000289,0.012471,0.405805,0.913875,0.733142,-0.725876,0.931569
72,0.600000,-0.028424,-0.005122,-0.399929,-0.916091,0.589416,-0.594525,0.028840,0.062057,0.010545,-0.101015,-0.992892,0.846850,-0.844351,0.024272,0.000339,0.012460,0.405751,0.913899,0.733037,-0.725854,0.931559
73,0.608333,-0.028369,-0.005006,-0.399916,-0.916099,0.589411,-0.594525,0.028842,0.061977,0.010564,-0.100984,-0.992900,0.846843,-0.844349,0.024270,0.000271,0.012444,0.405703,0.913920,0.732928,-0.725818,0.931586
74,0.616667,-0.028298,-0.004990,-0.399889,-0.916113,0.589408,-0.594517,0.028840,0.062094,0.010605,-0.100988,-0.992891,0.846841,-0.844338,0.024282,0.000228,0.012544,0.405659,0.913939,0.732777,-0.725796,0.931575
75,0.625000,-0.028320,-0.004970,-0.399876,-0.916118,0.589402,-0.594521,0.028839,0.062178,0.010639,-0.101017,-0.992883,0.846839,-0.844337,0.024269,0.000254,0.012540,0.405563,0.913981,0.732624,-0.725775,0.931589
76,0.633333,-0.028270,-0.004929,-0.399864,-0.916125,0.589391,-0.594515,0.028841,0.062282,0.010645,-0.100958,-0.992882,0.846834,-0.844329,0.024270,0.000303,0.012503,0.405522,0.914000,0.732485,-0.725731,0.931583
77,0.641667,-0.028322,-0.004923,-0.399856,-0.916127,0.589384,-0.594519,0.028827,0.062305,0.010651,-0.101012,-0.992875,0.846828,-0.844317,0.024269,0.000251,0.012598,0.405442,0.914034,0.732320,-0.725674,0.931618
78,0.650000,-0.028230,-0.004870,-0.399835,-0.916139,0.589381,-0.594520,0.028827,0.062381,0.010680,-0.100989,-0.992872,0.846828,-0.844310,0.024275,0.000473,0.012363,0.405344,0.914081,0.732159,-0.725628,0.931592
79,0.658333,-0.028300,-0.004899,-0.399814,-0.916146,0.589375,-0.594518,0.028820,0.062332,0.010654,-0.100984,-0.992876,0.846821,-0.844298,0.024270,0.000619,0.012169,0.405323,0.914092,0.731995,-0.725574,0.931594
80,0.666667,-0.028181,-0.004803,-0.399803,-0.916155,0.589367,-0.594514,0.028819,0.062434,0.010684,-0.100997,-0.992868,0.846817,-0.844291,0.024272,0.000602,0.012175,0.405263,0.914119,0.731843,-0.725532,0.931614
81,0.675000,-0.028232,-0.004809,-0.399766,-0.916170,0.589368,-0.594515,0.028810,0.062565,0.010704,-0.101005,-0.992859,0.846814,-0.844280,0.024263,0.000612,0.012180,0.405202,0.914146,0.731676,-0.725496,0.931614
82,0.683333,-0.028161,-0.004719,-0.399732,-0.916187,0.589355,-0.594513,0.028812,0.062665,0.010705,-0.101037,-0.992849,0.846809,-0.844280,0.024268,0.000668,0.012082,0.405144,0.914173,0.731506,-0.725439,0.931626
83,0.691667,-0.028125,-0.004667,-0.399750,-0.916181,0.589353,-0.594516,0.028810,0.062783,0.010738,-0.101035,-0.992842,0.846811,-0.844277,0.024265,0.000873,0.011869,0.405066,0.914210,0.731339,-0.725422,0.931602
84,0.700000,-0.028082,-0.004652,-0.399722,-0.916194,0.589344,-0.594513,0.028800,0.062895,0.010774,-0.101015,-0.992837,0.846803,-0.844271,0.024266,0.000791,0.011888,0.405047,0.914218,0.731191,-0.725343,0.931647
85,0.708333,-0.028057,-0.004552,-0.399722,-0.916196,0.589334,-0.594512,0.028791,0.062783,0.010767,-0.101016,-0.992843,0.846806,-0.844266,0.024265,0.000638,0.011823,0.405026,0.914228,0.731054,-0.725274,0.931700
86,0.716667,-0.027996,-0.004523,-0.399682,-0.916215,0.589326,-0.594508,0.028807,0.062988,0.010827,-0.101022,-0.992829,0.846802,-0.844258,0.024263,0.000653,0.011737,0.405043,0.914222,0.730920,-0.725228,0.931696
87,0.725000,-0.027992,-0.004507,-0.399651,-0.916229,0.589320,-0.594514,0.028793,0.063020,0.010856,-0.101036,-0.992826,0.846804,-0.844260,0.024269,0.000767,0.011525,0.405044,0.914224,0.730760,-0.725192,0.931688
88,0.733333,-0.027970,-0.004431,-0.399621,-0.916243,0.589316,-0.594505,0.028789,0.063014,0.010753,-0.101027,-0.992828,0.846796,-0.844239,0.024258,0.000917,0.011277,0.404991,0.914251,0.730592,-0.725170,0.931656
89,0.741667,-0.027886,-0.004368,-0.399610,-0.916251,0.589311,-0.594515,0.028787,0.063141,0.010810,-0.101036,-0.992818,0.846792,-0.844238,0.024261,0.000914,0.011232,0.405003,0.914246,0.730430,-0.725136,0.931661
90,0.750000,-0.027915,-0.004304,-0.399616,-0.916247,0.589307,-0.594513,0.028777,0.063042,0.010595,-0.101190,-0.992811,0.846776,-0.844266,0.024284,0.000925,0.011259,0.404970,0.914260,0.730269,-0.725095,0.931669
91,0.758333,-0.027840,-0.004310,-0.399564,-0.916272,0.589294,-0.594510,0.028783,0.063169,0.010826,-0.101117,-0.992808,0.846788,-0.844235,0.024271,0.001153,0.010971,0.404925,0.914283,0.730062,-0.725048,0.931675
92,0.766667,-0.027762,-0.004210,-0.399555,-0.916279,0.589289,-0.594510,0.028776,0.063386,0.010889,-0.101106,-0.992795,0.846791,-0.844220,0.024268,0.001249,0.010871,0.404912,0.914290,0.729901,-0.725018,0.931687
93,0.775000,-0.027721,-0.004183,-0.399534,-0.916289,0.589278,-0.594506,0.028776,0.063418,0.010879,-0.101067,-0.992797,0.846787,-0.844213,0.024270,0.001158,0.011103,0.404852,0.914314,0.729687,-0.724970,0.931728
94,0.783333,-0.027792,-0.004168,-0.399522,-0.916293,0.589275,-0.594509,0.028769,0.063521,0.010923,-0.101078,-0.992788,0.846787,-0.844214,0.024273,0.001224,0.011074,0.404825,0.914326,0.729497,-0.724948,0.931728
95,0.791667,-0.027807,-0.004203,-0.399497,-0.916303,0.589269,-0.594506,0.028758,0.063362,0.010669,-0.101142,-0.992795,0.846762,-0.844235,0.024285,0.001225,0.011132,0.404675,0.914392,0.729287,-0.724936,0.931751
96,0.800000,-0.027794,-0.004130,-0.399475,-0.916313,0.589268,-0.594507,0.028753,0.063703,0.010949,-0.101057,-0.992779,0.846775,-0.844210,0.024269,0.001194,0.011215,0.404587,0.914430,0.729096,-0.724909,0.931780
97,0.808333,-0.027716,-0.004019,-0.399463,-0.916321,0.589261,-0.594512,0.028759,0.063636,0.011006,-0.101050,-0.992783,0.846775,-0.844200,0.024271,0.000992,0.011352,0.404487,0.914473,0.728882,-0.724858,0.931866
98,0.816667,-0.027811,-0.004079,-0.399449,-0.916324,0.589261,-0.594510,0.028750,0.063698,0.010976,-0.101063,-0.992778,0.846773,-0.844197,0.024274,0.001086,0.011223,0.404399,0.914513,0.728699,-0.724833,0.931870
99,0.825000,-0.027819,-0.004062,-0.399453,-0.916323,0.589256,-0.594508,0.028752,0.063738,0.010955,-0.101073,-0.992775,0.846770,-0.844193,0.024268,0.001273,0.011147,0.404294,0.914560,0.728507,-0.724783,0.931862
100,0.833333,-0.027786,-0.004066,-0.399420,-0.916338,0.589256,-0.594508,0.028750,0.063768,0.010999,-0.101032,-0.992777,0.846769,-0.844187,0.024268,0.001387,0.010974,0.404166,0.914619,0.728317,-0.724749,0.931885
101,0.841667,-0.027823,-0.004012,-0.399425,-0.916335,0.589254,-0.594509,0.028742,0.063545,0.010751,-0.101141,-0.992782,0.846747,-0.844207,0.024289,0.001270,0.011319,0.404001,0.914688,0.728134,-0.724716,0.931930
102,0.850000,-0.027779,-0.004022,-0.399404,-0.916345,0.589257,-0.594508,0.028745,0.063572,0.010781,-0.101162,-0.992778,0.846750,-0.844207,0.024303,0.001439,0.011056,0.403805,0.914777,0.727927,-0.724678,0.931949
103,0.858333,-0.027682,-0.003922,-0.399395,-0.916353,0.589252,-0.594506,0.028746,0.063665,0.010786,-0.101136,-0.992775,0.846740,-0.844201,0.024293,0.001505,0.011107,0.403694,0.914825,0.727759,-0.724653,0.931938
104,0.866667,-0.027720,-0.003948,-0.399383,-0.916356,0.589253,-0.594509,0.028746,0.063684,0.010837,-0.101132,-0.992774,0.846742,-0.844198,0.024297,0.001630,0.010943,0.403583,0.914876,0.727603,-0.724633,0.931945
105,0.875000,-0.027674,-0.003894,-0.399388,-0.916356,0.589250,-0.594514,0.028743,0.063870,0.011035,-0.101011,-0.992772,0.846755,-0.844166,0.024276,0.001750,0.010830,0.403360,0.914976,0.727408,-0.724626,0.931944
106,0.883333,-0.027671,-0.003914,-0.399363,-0.916367,0.589247,-0.594513,0.028737,0.063700,0.010851,-0.101123,-0.992773,0.846729,-0.844184,0.024295,0.001806,0.010754,0.403233,0.915032,0.727247,-0.724614,0.931943
107,0.891667,-0.027603,-0.003812,-0.399359,-0.916371,0.589241,-0.594507,0.028736,0.063764,0.010882,-0.101126,-0.992769,0.846741,-0.844182,0.024297,0.001821,0.010796,0.403017,0.915127,0.727066,-0.724586,0.931959
108,0.900000,-0.027610,-0.003775,-0.399335,-0.916381,0.589241,-0.594512,0.028726,0.063807,0.010904,-0.101105,-0.992768,0.846736,-0.844181,0.024292,0.001813,0.010903,0.402810,0.915217,0.726896,-0.724576,0.931962
109,0.908333,-0.027536,-0.003755,-0.399328,-0.916387,0.589241,-0.594501,0.028731,0.063862,0.010849,-0.101090,-0.992766,0.846732,-0.844178,0.024294,0.001956,0.010674,0.402663,0.915284,0.726724,-0.724562,0.931956
110,0.916667,-0.027608,-0.003746,-0.399278,-0.916406,0.589234,-0.594504,0.028721,0.064073,0.011152,-0.100962,-0.992762,0.846751,-0.844153,0.024273,0.001901,0.010761,0.402460,0.915372,0.726541,-0.724546,0.931964
111,0.925000,-0.027538,-0.003690,-0.399279,-0.916408,0.589228,-0.594506,0.028722,0.063913,0.010946,-0.101036,-0.992767,0.846734,-0.844174,0.024297,0.002021,0.010733,0.402185,0.915493,0.726289,-0.724497,0.931966
112,0.933333,-0.027443,-0.003627,-0.399257,-0.916421,0.589220,-0.594505,0.028724,0.063957,0.010955,-0.101097,-0.992758,0.846730,-0.844172,0.024298,0.002020,0.010798,0.402006,0.915571,0.726102,-0.724459,0.931997
113,0.941667,-0.027401,-0.003596,-0.399240,-0.916430,0.589210,-0.594502,0.028727,0.064023,0.010993,-0.101080,-0.992755,0.846732,-0.844171,0.024296,0.002038,0.010933,0.401808,0.915657,0.725944,-0.724428,0.931978
114,0.950000,-0.027368,-0.003572,-0.399226,-0.916437,0.589205,-0.594503,0.028723,0.064032,0.010977,-0.101077,-0.992755,0.846724,-0.844171,0.024296,0.002253,0.010735,0.401551,0.915771,0.725744,-0.724413,0.931960
115,0.958333,-0.027348,-0.003568,-0.399208,-0.916446,0.589202,-0.594498,0.028721,0.064064,0.011015,-0.101066,-0.992754,0.846724,-0.844167,0.024301,0.002036,0.010952,0.401395,0.915837,0.725578,-0.724363,0.932004
116,0.966667,-0.027329,-0.003524,-0.399176,-0.916460,0.589193,-0.594500,0.028716,0.064053,0.010949,-0.101103,-0.992752,0.846719,-0.844169,0.024297,0.002097,0.011090,0.401158,0.915939,0.725425,-0.724307,0.932019
117,0.975000,-0.027271,-0.003523,-0.399176,-0.916462,0.589188,-0.594491,0.028726,0.064111,0.011022,-0.101061,-0.992751,0.846715,-0.844169,0.024292,0.002452,0.010683,0.400959,0.916031,0.725282,-0.724265,0.931960
118,0.983333,-0.027200,-0.003478,-0.399170,-0.916467,0.589185,-0.594495,0.028722,0.064144,0.011048,-0.101060,-0.992749,0.846717,-0.844171,0.024295,0.002276,0.010883,0.400739,0.916125,0.725099,-0.724233,0.932003
119,0.991667,-0.027169,-0.003469,-0.399151,-0.916476,0.589180,-0.594490,0.028723,0.064160,0.011041,-0.101034,-0.992751,0.846716,-0.844166,0.024295,0.002273,0.010930,0.400529,0.916216,0.724944,-0.724196,0.932022
120,1.000000,-0.027064,-0.003425,-0.399139,-0.916485,0.589177,-0.594487,0.028729,0.064249,0.011100,-0.101063,-0.992741,0.846713,-0.844161,0.024293,0.002529,0.010721,0.400307,0.916315,0.724776,-0.724143,0.932004
121,1.008333,-0.026980,-0.003362,-0.399129,-0.916491,0.589173,-0.594486,0.028724,0.064095,0.011063,-0.101078,-0.992750,0.846708,-0.844157,0.024300,0.002531,0.010710,0.400080,0.916414,0.724625,-0.724093,0.932005
122,1.016667,-0.026888,-0.003333,-0.399120,-0.916498,0.589164,-0.594483,0.028721,0.064154,0.011094,-0.101060,-0.992748,0.846707,-0.844158,0.024294,0.002546,0.010738,0.399869,0.916506,0.724487,-0.724052,0.932011
123,1.025000,-0.026814,-0.003272,-0.399103,-0.916508,0.589164,-0.594481,0.028730,0.064232,0.011095,-0.101081,-0.992741,0.846703,-0.844158,0.024297,0.002538,0.010660,0.399556,0.916643,0.724315,-0.724033,0.932023
124,1.033333,-0.026820,-0.003219,-0.399096,-0.916511,0.589155,-0.594477,0.028724,0.064195,0.011128,-0.101057,-0.992745,0.846705,-0.844156,0.024302,0.002572,0.010657,0.399263,0.916771,0.724152,-0.723979,0.932022
125,1.041667,-0.026843,-0.003172,-0.399057,-0.916528,0.589155,-0.594477,0.028719,0.064342,0.011146,-0.101069,-0.992734,0.846699,-0.844155,0.024302,0.002637,0.010643,0.399016,0.916879,0.724015,-0.723948,0.932029
126,1.050000,-0.026742,-0.003178,-0.399048,-0.916534,0.589142,-0.594470,0.028720,0.064309,0.011179,-0.101047,-0.992738,0.846697,-0.844157,0.024303,0.003015,0.010224,0.398808,0.916973,0.723881,-0.723921,0.931966
127,1.058333,-0.026680,-0.003139,-0.399036,-0.916542,0.589140,-0.594467,0.028714,0.064402,0.011173,-0.101045,-0.992732,0.846696,-0.844155,0.024299,0.002710,0.010594,0.398503,0.917102,0.723708,-0.723881,0.932032
128,1.066667,-0.026652,-0.003083,-0.399013,-0.916553,0.589138,-0.594462,0.028725,0.064447,0.011189,-0.101021,-0.992732,0.846696,-0.844148,0.024302,0.002785,0.010510,0.398236,0.917219,0.723566,-0.723848,0.932046
129,1.075000,-0.026652,-0.003055,-0.398985,-0.916565,0.589130,-0.594462,0.028717,0.064407,0.011155,-0.101034,-0.992733,0.846695,-0.844143,0.024300,0.002672,0.010660,0.397934,0.917348,0.723404,-0.723813,0.932100
130,1.083333,-0.026625,-0.003021,-0.398963,-0.916575,0.589126,-0.594451,0.028712,0.064348,0.011147,-0.100992,-0.992742,0.846694,-0.844139,0.024304,0.002817,0.010555,0.397634,0.917479,0.723254,-0.723780,0.932074
131,1.091667,-0.026634,-0.002999,-0.398925,-0.916592,0.589122,-0.594453,0.028713,0.064514,0.011180,-0.101016,-0.992728,0.846695,-0.844141,0.024304,0.002873,0.010475,0.397294,0.917627,0.723069,-0.723755,0.932127
132,1.100000,-0.026628,-0.003015,-0.398905,-0.916600,0.589119,-0.594451,0.028711,0.064586,0.011197,-0.101022,-0.992722,0.846693,-0.844136,0.024307,0.002907,0.010386,0.397038,0.917739,0.722922,-0.723738,0.932144
133,1.108333,-0.026620,-0.002997,-0.398890,-0.916607,0.589118,-0.594448,0.028708,0.064558,0.011230,-0.101017,-0.992724,0.846689,-0.844133,0.024306,0.003194,0.010165,0.396763,0.917859,0.722790,-0.723735,0.932090
134,1.116667,-0.026587,-0.002992,-0.398871,-0.916617,0.589107,-0.594444,0.028709,0.064506,0.011217,-0.100992,-0.992730,0.846691,-0.844123,0.024314,0.003563,0.009777,0.396508,0.917972,0.722664,-0.723707,0.932047
135,1.125000,-0.026572,-0.002959,-0.398844,-0.916629,0.589105,-0.594440,0.028705,0.064451,0.011192,-0.101041,-0.992729,0.846682,-0.844123,0.024318,0.003742,0.009650,0.396233,0.918092,0.722537,-0.723694,0.932032
136,1.133333,-0.026542,-0.002968,-0.398790,-0.916653,0.589103,-0.594440,0.028702,0.064498,0.011224,-0.100994,-0.992731,0.846685,-0.844118,0.024317,0.003771,0.009693,0.395862,0.918251,0.722387,-0.723700,0.932023
137,1.141667,-0.026553,-0.002956,-0.398757,-0.916668,0.589095,-0.594438,0.028703,0.064571,0.011240,-0.101017,-0.992724,0.846686,-0.844121,0.024318,0.003956,0.009462,0.395569,0.918379,0.722254,-0.723682,0.932004
138,1.150000,-0.026482,-0.002934,-0.398735,-0.916679,0.589090,-0.594432,0.028697,0.064591,0.011241,-0.100985,-0.992725,0.846683,-0.844115,0.024312,0.004234,0.009151,0.395157,0.918558,0.722073,-0.723681,0.931979
139,1.158333,-0.026381,-0.002943,-0.398698,-0.916698,0.589095,-0.594420,0.028702,0.064732,0.011264,-0.101037,-0.992711,0.846688,-0.844120,0.024316,0.004296,0.009253,0.394871,0.918680,0.721939,-0.723670,0.931988
140,1.166667,-0.026377,-0.002915,-0.398686,-0.916703,0.589094,-0.594417,0.028697,0.064535,0.011189,-0.101016,-0.992726,0.846682,-0.844115,0.024323,0.004138,0.009432,0.394471,0.918851,0.721777,-0.723684,0.932013
141,1.175000,-0.026416,-0.002896,-0.398661,-0.916713,0.589088,-0.594421,0.028702,0.064747,0.011259,-0.101014,-0.992712,0.846682,-0.844116,0.024321,0.003977,0.009608,0.394099,0.919009,0.721626,-0.723667,0.932074
142,1.183333,-0.026414,-0.002911,-0.398639,-0.916723,0.589084,-0.594415,0.028702,0.064771,0.011270,-0.100983,-0.992714,0.846681,-0.844112,0.024317,0.003982,0.009541,0.393792,0.919141,0.721488,-0.723676,0.932082
143,1.191667,-0.026296,-0.002863,-0.398634,-0.916728,0.589084,-0.594417,0.028703,0.064803,0.011258,-0.100993,-0.992711,0.846688,-0.844110,0.024323,0.004046,0.009452,0.393481,0.919275,0.721343,-0.723690,0.932105
144,1.200000,-0.026293,-0.002845,-0.398615,-0.916737,0.589080,-0.594420,0.028695,0.064806,0.011298,-0.100985,-0.992711,0.846687,-0.844109,0.024319,0.003920,0.009487,0.393167,0.919410,0.721198,-0.723714,0.932133
145,1.208333,-0.026232,-0.002774,-0.398570,-0.916759,0.589080,-0.594418,0.028697,0.064807,0.011251,-0.101015,-0.992708,0.846687,-0.844106,0.024324,0.004435,0.008969,0.392774,0.919581,0.721052,-0.723747,0.932060
146,1.216667,-0.026267,-0.002805,-0.398520,-0.916779,0.589075,-0.594413,0.028691,0.064820,0.011297,-0.101001,-0.992708,0.846681,-0.844103,0.024319,0.004335,0.009103,0.392429,0.919727,0.720914,-0.723803,0.932074
147,1.225000,-0.026269,-0.002833,-0.398500,-0.916788,0.589076,-0.594413,0.028696,0.064807,0.011297,-0.100997,-0.992710,0.846684,-0.844099,0.024325,0.004320,0.009080,0.392130,0.919855,0.720787,-0.723839,0.932081
148,1.233333,-0.026241,-0.002809,-0.398479,-0.916798,0.589072,-0.594416,0.028685,0.064827,0.011275,-0.100997,-0.992709,0.846680,-0.844097,0.024319,0.004164,0.009184,0.391780,0.920004,0.720637,-0.723871,0.932132
149,1.241667,-0.026203,-0.002826,-0.398449,-0.916812,0.589069,-0.594413,0.028688,0.064789,0.011271,-0.100965,-0.992714,0.846685,-0.844103,0.024334,0.003581,0.009802,0.391329,0.920191,0.720452,-0.723911,0.932260
150,1.250000,-0.026230,-0.002840,-0.398424,-0.916822,0.589073,-0.594415,0.028684,0.064927,0.011355,-0.100999,-0.992701,0.846682,-0.844100,0.024319,0.003563,0.009809,0.391032,0.920318,0.720300,-0.723945,0.932269
151,1.258333,-0.026248,-0.002830,-0.398407,-0.916829,0.589073,-0.594413,0.028685,0.064833,0.011296,-0.100994,-0.992708,0.846684,-0.844103,0.024320,0.003531,0.009742,0.390779,0.920426,0.720153,-0.723995,0.932298
152,1.266667,-0.026237,-0.002813,-0.398380,-0.916841,0.589066,-0.594409,0.028681,0.064824,0.011253,-0.100976,-0.992711,0.846680,-0.844100,0.024323,0.003884,0.009511,0.390412,0.920583,0.719978,-0.724053,0.932262
153,1.275000,-0.026281,-0.002812,-0.398359,-0.916848,0.589066,-0.594412,0.028674,0.064776,0.011305,-0.100967,-0.992714,0.846683,-0.844094,0.024327,0.003861,0.009481,0.390168,0.920687,0.719825,-0.724104,0.932275
154,1.283333,-0.026329,-0.002845,-0.398336,-0.916857,0.589068,-0.594414,0.028678,0.064729,0.011248,-0.100982,-0.992717,0.846684,-0.844102,0.024330,0.003725,0.009650,0.389894,0.920802,0.719683,-0.724194,0.932275
155,1.291667,-0.026320,-0.002829,-0.398322,-0.916864,0.589067,-0.594411,0.028669,0.064793,0.011333,-0.100964,-0.992713,0.846683,-0.844096,0.024321,0.003670,0.009671,0.389632,0.920913,0.719509,-0.724243,0.932317
156,1.300000,-0.026292,-0.002822,-0.398299,-0.916874,0.589069,-0.594417,0.028672,0.064681,0.011315,-0.100968,-0.992720,0.846685,-0.844100,0.024327,0.003582,0.009975,0.389254,0.921070,0.719374,-0.724329,0.932300
157,1.308333,-0.026337,-0.002811,-0.398287,-0.916878,0.589075,-0.594413,0.028663,0.064746,0.011321,-0.101007,-0.992712,0.846685,-0.844099,0.024326,0.003635,0.010000,0.389000,0.921176,0.719224,-0.724407,0.932297
158,1.316667,-0.026369,-0.002867,-0.398255,-0.916891,0.589072,-0.594417,0.028671,0.064689,0.011299,-0.101026,-0.992714,0.846681,-0.844101,0.024332,0.003531,0.010124,0.388742,0.921284,0.719064,-0.724481,0.932333
159,1.325000,-0.026273,-0.002871,-0.398233,-0.916903,0.589067,-0.594409,0.028667,0.064665,0.011312,-0.101032,-0.992715,0.846684,-0.844101,0.024329,0.003688,0.010059,0.388365,0.921443,0.718886,-0.724582,0.932290
160,1.333333,-0.026217,-0.002841,-0.398207,-0.916917,0.589069,-0.594411,0.028664,0.064704,0.011318,-0.101066,-0.992709,0.846687,-0.844105,0.024326,0.003513,0.010207,0.388076,0.921564,0.718726,-0.724659,0.932346
161,1.341667,-0.026268,-0.002821,-0.398190,-0.916922,0.589061,-0.594411,0.028663,0.064670,0.011345,-0.101063,-0.992711,0.846686,-0.844106,0.024327,0.003142,0.010650,0.387778,0.921686,0.718532,-0.724752,0.932422
162,1.350000,-0.026230,-0.002809,-0.398185,-0.916926,0.589061,-0.594409,0.028671,0.064580,0.011329,-0.101057,-0.992718,0.846683,-0.844102,0.024336,0.002714,0.011138,0.387466,0.921813,0.718331,-0.724854,0.932530
163,1.358333,-0.026245,-0.002799,-0.398136,-0.916947,0.589061,-0.594404,0.028660,0.064646,0.011392,-0.101093,-0.992709,0.846678,-0.844100,0.024326,0.002303,0.011513,0.387122,0.921954,0.718141,-0.724976,0.932643
164,1.366667,-0.026208,-0.002782,-0.398113,-0.916958,0.589054,-0.594406,0.028668,0.064510,0.011343,-0.101134,-0.992714,0.846672,-0.844103,0.024328,0.002539,0.011177,0.386996,0.922010,0.717982,-0.725132,0.932581
165,1.375000,-0.026198,-0.002724,-0.398107,-0.916961,0.589053,-0.594409,0.028656,0.064515,0.011370,-0.101151,-0.992712,0.846676,-0.844110,0.024329,0.002887,0.010796,0.386800,0.922096,0.717776,-0.725267,0.932534
166,1.383333,-0.026184,-0.002736,-0.398060,-0.916982,0.589050,-0.594409,0.028660,0.064565,0.011383,-0.101118,-0.992712,0.846681,-0.844113,0.024331,0.002683,0.011119,0.386570,0.922189,0.717585,-0.725389,0.932585
167,1.391667,-0.026113,-0.002700,-0.398036,-0.916994,0.589044,-0.594413,0.028664,0.064418,0.011384,-0.101120,-0.992721,0.846678,-0.844112,0.024329,0.002333,0.013048,0.386673,0.922122,0.716950,-0.725448,0.932888
168,1.400000,-0.026165,-0.002722,-0.398012,-0.917003,0.589044,-0.594408,0.028654,0.064381,0.011384,-0.101119,-0.992724,0.846672,-0.844112,0.024329,0.002194,0.013403,0.386469,0.922202,0.716763,-0.725573,0.932873
169,1.408333,-0.026132,-0.002706,-0.398021,-0.917000,0.589041,-0.594415,0.028653,0.064395,0.011415,-0.101175,-0.992717,0.846679,-0.844122,0.024332,0.002086,0.013722,0.386237,0.922295,0.716611,-0.725745,0.932837
170,1.416667,-0.026152,-0.002689,-0.397988,-0.917014,0.589035,-0.594409,0.028656,0.064405,0.011431,-0.101212,-0.992712,0.846669,-0.844119,0.024313,0.002210,0.013487,0.386121,0.922347,0.716445,-0.725902,0.932767
171,1.425000,-0.026144,-0.002663,-0.397958,-0.917027,0.589036,-0.594417,0.028647,0.064485,0.011625,-0.101134,-0.992713,0.846689,-0.844108,0.024310,0.002079,0.013501,0.385894,0.922442,0.716195,-0.726066,0.932778
172,1.433333,-0.026224,-0.002645,-0.397916,-0.917043,0.589025,-0.594421,0.028640,0.064310,0.011454,-0.101273,-0.992712,0.846663,-0.844141,0.024321,0.001900,0.013675,0.385794,0.922482,0.716028,-0.726233,0.932773
173,1.441667,-0.026167,-0.002597,-0.397867,-0.917066,0.589021,-0.594420,0.028642,0.064223,0.011437,-0.101305,-0.992714,0.846673,-0.844146,0.024324,0.001727,0.013772,0.385670,0.922533,0.715838,-0.726393,0.932769
174,1.450000,-0.026157,-0.002588,-0.397833,-0.917081,0.589013,-0.594426,0.028641,0.064167,0.011620,-0.101255,-0.992721,0.846692,-0.844130,0.024324,0.001293,0.014283,0.385498,0.922597,0.715680,-0.726602,0.932800
175,1.458333,-0.026160,-0.002570,-0.397807,-0.917093,0.589008,-0.594418,0.028649,0.064054,0.011657,-0.101230,-0.992730,0.846695,-0.844132,0.024315,0.001030,0.014458,0.385402,0.922635,0.715555,-0.726851,0.932731
176,1.466667,-0.026106,-0.002569,-0.397781,-0.917105,0.588996,-0.594425,0.028634,0.063795,0.011566,-0.101282,-0.992743,0.846695,-0.844153,0.024326,0.000952,0.014557,0.385273,0.922687,0.715368,-0.727055,0.932701
177,1.475000,-0.026102,-0.002510,-0.397710,-0.917137,0.588985,-0.594429,0.028647,0.063641,0.011553,-0.101310,-0.992750,0.846689,-0.844167,0.024327,0.000934,0.014672,0.385024,0.922790,0.715154,-0.727251,0.932683
178,1.483333,-0.026109,-0.002508,-0.397679,-0.917149,0.588973,-0.594427,0.028629,0.063333,0.011538,-0.101312,-0.992770,0.846693,-0.844184,0.024336,0.000590,0.014914,0.384867,0.922852,0.714971,-0.727437,0.932719
179,1.491667,-0.026071,-0.002449,-0.397660,-0.917159,0.588974,-0.594434,0.028630,0.063300,0.011563,-0.101377,-0.992765,0.846690,-0.844199,0.024313,0.000142,0.015319,0.384632,0.922943,0.714799,-0.727660,0.932775
180,1.500000,-0.025972,-0.002356,-0.397593,-0.917191,0.588963,-0.594428,0.028633,0.062887,0.011421,-0.101372,-0.992793,0.846690,-0.844226,0.024331,0.001054,0.016203,0.383389,0.923444,0.714514,-0.728194,0.932507
181,1.508333,-0.025967,-0.002375,-0.397545,-0.917212,0.588950,-0.594427,0.028630,0.062709,0.011381,-0.101462,-0.992796,0.846690,-0.844244,0.024328,0.000837,0.016583,0.383260,0.923491,0.714269,-0.728342,0.932585
182,1.516667,-0.025917,-0.002264,-0.397502,-0.917233,0.588940,-0.594428,0.028627,0.062409,0.011314,-0.101535,-0.992808,0.846687,-0.844259,0.024334,0.000627,0.016862,0.382876,0.923646,0.714063,-0.728574,0.932594
183,1.525000,-0.025830,-0.002244,-0.397459,-0.917253,0.588923,-0.594420,0.028623,0.062022,0.011316,-0.101560,-0.992830,0.846696,-0.844289,0.024343,-0.000084,0.017388,0.382541,0.923775,0.713843,-0.728773,0.932692
184,1.533333,-0.025728,-0.002202,-0.397426,-0.917271,0.588910,-0.594416,0.028628,0.061715,0.011225,-0.101607,-0.992845,0.846696,-0.844313,0.024348,-0.000450,0.017678,0.382278,0.923878,0.713649,-0.728949,0.932745
185,1.541667,-0.025743,-0.002149,-0.397373,-0.917294,0.588903,-0.594420,0.028618,0.061532,0.011282,-0.101706,-0.992846,0.846693,-0.844344,0.024343,-0.000800,0.017850,0.382084,0.923955,0.713454,-0.729123,0.932801
186,1.550000,-0.025705,-0.002133,-0.397306,-0.917324,0.588892,-0.594423,0.028621,0.061075,0.011151,-0.101769,-0.992869,0.846697,-0.844374,0.024363,-0.000758,0.017720,0.381906,0.924031,0.713297,-0.729317,0.932753
187,1.558333,-0.025682,-0.002097,-0.397234,-0.917356,0.588878,-0.594429,0.028616,0.060751,0.011136,-0.101800,-0.992886,0.846700,-0.844398,0.024369,-0.001014,0.017914,0.381623,0.924144,0.713138,-0.729572,0.932728
188,1.566667,-0.025699,-0.002033,-0.397148,-0.917392,0.588859,-0.594422,0.028608,0.060376,0.011024,-0.101836,-0.992906,0.846702,-0.844425,0.024377,-0.000943,0.017730,0.381171,0.924334,0.712947,-0.729868,0.932628
189,1.575000,-0.025617,-0.001989,-0.397080,-0.917424,0.588831,-0.594411,0.028609,0.059874,0.010887,-0.101857,-0.992936,0.846700,-0.844449,0.024387,-0.000945,0.017517,0.381039,0.924392,0.712848,-0.730094,0.932570
190,1.583333,-0.025546,-0.001909,-0.397011,-0.917456,0.588816,-0.594415,0.028600,0.059487,0.010863,-0.101884,-0.992957,0.846700,-0.844471,0.024390,-0.000984,0.017788,0.380698,0.924528,0.712677,-0.730314,0.932559
191,1.591667,-0.025495,-0.001862,-0.396910,-0.917502,0.588793,-0.594406,0.028602,0.059180,0.010806,-0.102003,-0.992963,0.846702,-0.844505,0.024398,-0.001237,0.018017,0.380391,0.924649,0.712525,-0.730534,0.932567
192,1.600000,-0.025313,-0.001705,-0.396844,-0.917536,0.588771,-0.594395,0.028595,0.058775,0.010769,-0.102016,-0.992987,0.846711,-0.844528,0.024407,-0.001389,0.017865,0.380154,0.924750,0.712398,-0.730766,0.932594
193,1.608333,-0.025176,-0.001715,-0.396720,-0.917593,0.588746,-0.594383,0.028601,0.058428,0.010725,-0.102111,-0.992998,0.846711,-0.844564,0.024405,-0.001264,0.017788,0.379811,0.924892,0.712257,-0.731051,0.932523
194,1.616667,-0.025021,-0.001615,-0.396613,-0.917644,0.588714,-0.594372,0.028604,0.057971,0.010633,-0.102182,-0.993018,0.846724,-0.844603,0.024421,-0.001617,0.017792,0.379574,0.924989,0.712136,-0.731264,0.932586
195,1.625000,-0.024829,-0.001461,-0.396502,-0.917697,0.588687,-0.594360,0.028600,0.057557,0.010586,-0.102269,-0.993034,0.846721,-0.844630,0.024419,-0.001815,0.017669,0.379360,0.925079,0.712044,-0.731522,0.932587
196,1.633333,-0.024711,-0.001401,-0.396397,-0.917746,0.588660,-0.594349,0.028601,0.057182,0.010616,-0.102541,-0.993027,0.846707,-0.844694,0.024421,-0.002085,0.017283,0.379160,0.925167,0.711995,-0.731794,0.932579
197,1.641667,-0.024618,-0.001307,-0.396302,-0.917789,0.588637,-0.594343,0.028596,0.056795,0.010529,-0.102621,-0.993042,0.846718,-0.844741,0.024426,-0.002834,0.017313,0.378788,0.925317,0.711852,-0.732082,0.932673
198,1.650000,-0.024449,-0.001254,-0.396223,-0.917828,0.588613,-0.594331,0.028603,0.056233,0.010425,-0.102688,-0.993068,0.846739,-0.844775,0.024446,-0.003304,0.017647,0.378216,0.925543,0.711687,-0.732433,0.932703
199,1.658333,-0.024382,-0.001251,-0.396103,-0.917881,0.588590,-0.594329,0.028602,0.055706,0.010257,-0.102767,-0.993091,0.846749,-0.844815,0.024452,-0.003894,0.017948,0.377931,0.925651,0.711519,-0.732666,0.932833
200,1.666667,-0.024369,-0.001163,-0.396014,-0.917920,0.588573,-0.594323,0.028598,0.055170,0.010194,-0.102865,-0.993112,0.846758,-0.844852,0.024452,-0.004328,0.017985,0.377712,0.925738,0.711397,-0.732912,0.932908
201,1.675000,-0.024378,-0.000954,-0.396003,-0.917925,0.588556,-0.594336,0.028575,0.054788,0.010083,-0.102981,-0.993122,0.846772,-0.844898,0.024459,-0.004604,0.018219,0.377476,0.925829,0.711290,-0.733200,0.932915
202,1.683333,-0.024244,-0.000824,-0.395937,-0.917957,0.588540,-0.594335,0.028574,0.054351,0.009988,-0.103049,-0.993140,0.846790,-0.844945,0.024466,-0.004883,0.018366,0.377244,0.925919,0.711174,-0.733451,0.932959
203,1.691667,-0.024236,-0.001084,-0.395873,-0.917985,0.588541,-0.594323,0.028601,0.053791,0.009794,-0.103076,-0.993170,0.846810,-0.844988,0.024481,-0.005259,0.018813,0.376878,0.926057,0.711031,-0.733775,0.932981
204,1.700000,-0.024276,-0.000802,-0.395877,-0.917982,0.588526,-0.594343,0.028572,0.053227,0.009663,-0.103109,-0.993198,0.846829,-0.845031,0.024491,-0.005966,0.019129,0.376665,0.926133,0.710883,-0.734015,0.933084
205,1.708333,-0.024286,-0.000775,-0.395846,-0.917996,0.588517,-0.594347,0.028576,0.052805,0.009563,-0.103209,-0.993211,0.846849,-0.845070,0.024507,-0.006168,0.019662,0.376373,0.926239,0.710830,-0.734349,0.933039
206,1.716667,-0.024305,-0.001024,-0.395821,-0.918005,0.588522,-0.594339,0.028603,0.052265,0.009510,-0.103250,-0.993236,0.846855,-0.845105,0.024514,-0.006225,0.020057,0.376071,0.926353,0.710740,-0.734667,0.932997
207,1.725000,-0.024398,-0.000833,-0.395838,-0.917996,0.588513,-0.594352,0.028577,0.051883,0.009376,-0.103285,-0.993253,0.846872,-0.845146,0.024524,-0.006388,0.020135,0.376019,0.926371,0.710691,-0.734934,0.932992
208,1.733333,-0.024479,-0.000846,-0.395796,-0.918012,0.588510,-0.594361,0.028572,0.051473,0.009353,-0.103342,-0.993269,0.846883,-0.845183,0.024532,-0.006640,0.020490,0.375867,0.926423,0.710609,-0.735186,0.933003
209,1.741667,-0.024426,-0.000734,-0.395827,-0.918000,0.588516,-0.594362,0.028573,0.051072,0.009275,-0.103378,-0.993287,0.846892,-0.845215,0.024536,-0.006078,0.020123,0.375864,0.926436,0.710583,-0.735480,0.932865
210,1.750000,-0.024423,-0.000822,-0.395777,-0.918022,0.588507,-0.594362,0.028579,0.050792,0.009200,-0.103437,-0.993296,0.846903,-0.845258,0.024543,-0.006198,0.020587,0.375573,0.926543,0.710438,-0.735734,0.932892
211,1.758333,-0.024502,-0.000823,-0.395786,-0.918016,0.588505,-0.594366,0.028585,0.050478,0.009127,-0.103459,-0.993310,0.846905,-0.845287,0.024541,-0.006220,0.020545,0.375598,0.926534,0.710394,-0.735931,0.932902
212,1.766667,-0.024440,-0.000797,-0.395774,-0.918022,0.588507,-0.594364,0.028593,0.050114,0.009090,-0.103443,-0.993331,0.846915,-0.845328,0.024540,-0.006240,0.020472,0.375651,0.926514,0.710343,-0.736116,0.932899
213,1.775000,-0.024414,-0.000715,-0.395769,-0.918025,0.588501,-0.594368,0.028592,0.049805,0.009046,-0.103483,-0.993342,0.846919,-0.845365,0.024541,-0.006633,0.020807,0.375628,0.926513,0.710252,-0.736268,0.932987
214,1.783333,-0.024520,-0.000785,-0.395743,-0.918034,0.588503,-0.594369,0.028595,0.049603,0.009062,-0.103534,-0.993347,0.846919,-0.845401,0.024546,-0.006642,0.020932,0.375638,0.926506,0.710245,-0.736506,0.932916
215,1.791667,-0.024509,-0.000714,-0.395723,-0.918043,0.588497,-0.594369,0.028591,0.049414,0.009034,-0.103581,-0.993352,0.846913,-0.845435,0.024545,-0.006713,0.021057,0.375722,0.926469,0.710217,-0.736686,0.932906
216,1.800000,-0.024524,-0.000696,-0.395714,-0.918046,0.588495,-0.594373,0.028593,0.049160,0.008996,-0.103610,-0.993362,0.846912,-0.845457,0.024547,-0.006831,0.021176,0.375792,0.926437,0.710177,-0.736812,0.932926
217,1.808333,-0.024636,-0.000790,-0.395722,-0.918040,0.588493,-0.594375,0.028597,0.049045,0.009001,-0.103505,-0.993378,0.846926,-0.845466,0.024530,-0.006882,0.021202,0.375951,0.926371,0.710193,-0.736984,0.932884
218,1.816667,-0.024762,-0.000860,-0.395700,-0.918045,0.588486,-0.594372,0.028595,0.048803,0.008970,-0.103460,-0.993395,0.846916,-0.845482,0.024532,-0.006912,0.021314,0.376042,0.926332,0.710171,-0.737112,0.932869
219,1.825000,-0.024800,-0.000831,-0.395725,-0.918034,0.588492,-0.594376,0.028594,0.048757,0.009004,-0.103454,-0.993398,0.846915,-0.845500,0.024532,-0.006997,0.021468,0.376146,0.926285,0.710148,-0.737200,0.932877
220,1.833333,-0.024821,-0.000766,-0.395736,-0.918029,0.588495,-0.594383,0.028588,0.048562,0.008989,-0.103446,-0.993408,0.846900,-0.845507,0.024525,-0.007041,0.021647,0.376279,0.926227,0.710120,-0.737282,0.932882
221,1.841667,-0.024887,-0.000846,-0.395722,-0.918033,0.588490,-0.594378,0.028589,0.048546,0.008989,-0.103416,-0.993412,0.846894,-0.845510,0.024527,-0.007070,0.021603,0.376501,0.926137,0.710097,-0.737340,0.932896
222,1.850000,-0.025083,-0.000945,-0.395712,-0.918031,0.588491,-0.594384,0.028589,0.048265,0.009465,-0.103012,-0.993463,0.846862,-0.845480,0.024478,-0.007114,0.021844,0.376605,0.926089,0.710059,-0.737379,0.932922
223,1.858333,-0.025046,-0.000945,-0.395728,-0.918026,0.588488,-0.594386,0.028594,0.048188,0.009065,-0.103386,-0.993432,0.846847,-0.845525,0.024532,-0.006860,0.021715,0.376789,0.926019,0.710038,-0.737426,0.932900
224,1.866667,-0.025133,-0.000934,-0.395746,-0.918015,0.588491,-0.594384,0.028585,0.048236,0.009498,-0.103002,-0.993466,0.846844,-0.845493,0.024474,-0.006729,0.021693,0.376942,0.925959,0.710033,-0.737455,0.932864
225,1.875000,-0.025137,-0.000973,-0.395786,-0.917998,0.588487,-0.594382,0.028579,0.048306,0.009077,-0.103246,-0.993441,0.846854,-0.845518,0.024515,-0.006567,0.021800,0.377227,0.925841,0.710080,-0.737477,0.932827
226,1.883333,-0.025225,-0.001010,-0.395757,-0.918008,0.588496,-0.594382,0.028581,0.048445,0.009066,-0.103352,-0.993423,0.846856,-0.845526,0.024523,-0.006520,0.021764,0.377428,0.925760,0.710068,-0.737482,0.932801
227,1.891667,-0.025033,-0.000944,-0.395729,-0.918026,0.588518,-0.594387,0.028600,0.048327,0.009063,-0.103345,-0.993430,0.846837,-0.845521,0.024519,-0.006510,0.021653,0.377640,0.925676,0.710060,-0.737455,0.932812
228,1.900000,-0.025013,-0.000900,-0.395766,-0.918010,0.588524,-0.594386,0.028599,0.048501,0.009137,-0.103305,-0.993425,0.846836,-0.845521,0.024519,-0.006351,0.021663,0.377820,0.925604,0.710067,-0.737464,0.932739
229,1.908333,-0.024989,-0.000939,-0.395783,-0.918004,0.588523,-0.594386,0.028602,0.048554,0.009175,-0.103285,-0.993424,0.846832,-0.845513,0.024519,-0.006198,0.021503,0.378002,0.925534,0.710074,-0.737440,0.932677
230,1.916667,-0.024995,-0.000894,-0.395831,-0.917983,0.588537,-0.594389,0.028602,0.048525,0.009151,-0.103263,-0.993428,0.846820,-0.845508,0.024512,-0.006048,0.021330,0.378207,0.925455,0.710101,-0.737414,0.932637
231,1.925000,-0.024974,-0.000884,-0.395894,-0.917956,0.588544,-0.594395,0.028607,0.048671,0.009199,-0.103270,-0.993419,0.846820,-0.845500,0.024517,-0.005873,0.021150,0.378414,0.925376,0.710145,-0.737373,0.932595
232,1.933333,-0.025053,-0.000901,-0.395928,-0.917939,0.588549,-0.594399,0.028613,0.048740,0.009247,-0.103245,-0.993418,0.846814,-0.845490,0.024519,-0.005674,0.020900,0.378616,0.925301,0.710172,-0.737330,0.932550
233,1.941667,-0.025062,-0.000944,-0.396016,-0.917901,0.588558,-0.594406,0.028614,0.048934,0.009329,-0.103231,-0.993409,0.846809,-0.845476,0.024510,-0.005456,0.020595,0.378858,0.925210,0.710234,-0.737258,0.932506
234,1.950000,-0.025034,-0.000897,-0.396051,-0.917887,0.588566,-0.594403,0.028621,0.049127,0.009367,-0.103190,-0.993404,0.846807,-0.845459,0.024507,-0.005312,0.020351,0.379100,0.925117,0.710237,-0.737152,0.932497
235,1.958333,-0.025239,-0.001012,-0.396166,-0.917831,0.588544,-0.594396,0.028599,0.049193,0.009390,-0.103124,-0.993407,0.846805,-0.845438,0.024506,-0.005116,0.020268,0.379211,0.925074,0.710277,-0.737101,0.932444
236,1.966667,-0.025319,-0.001038,-0.396197,-0.917816,0.588553,-0.594392,0.028603,0.049432,0.009432,-0.103079,-0.993399,0.846805,-0.845412,0.024503,-0.005080,0.020423,0.379258,0.925052,0.710263,-0.736999,0.932490
237,1.975000,-0.025284,-0.001050,-0.396249,-0.917795,0.588557,-0.594392,0.028608,0.049823,0.009519,-0.103060,-0.993381,0.846811,-0.845399,0.024493,-0.004896,0.020419,0.379355,0.925013,0.710315,-0.736930,0.932436
238,1.983333,-0.025355,-0.001144,-0.396293,-0.917773,0.588568,-0.594392,0.028609,0.050032,0.009464,-0.102957,-0.993382,0.846812,-0.845376,0.024483,-0.004925,0.020139,0.379544,0.924941,0.710337,-0.736795,0.932497
239,1.991667,-0.025378,-0.001198,-0.396383,-0.917734,0.588580,-0.594396,0.028606,0.050174,0.009560,-0.102888,-0.993381,0.846808,-0.845347,0.024481,-0.004833,0.019958,0.379683,0.924889,0.710370,-0.736688,0.932503
240,2.000000,-0.025585,-0.001329,-0.396464,-0.917693,0.588592,-0.594404,0.028608,0.050276,0.009540,-0.103024,-0.993362,0.846794,-0.845334,0.024510,-0.004816,0.019736,0.379836,0.924831,0.710397,-0.736532,0.932536
241,2.008333,-0.025603,-0.001425,-0.396505,-0.917674,0.588615,-0.594393,0.028620,0.050782,0.009649,-0.102828,-0.993355,0.846808,-0.845299,0.024477,-0.004769,0.019884,0.379898,0.924802,0.710433,-0.736429,0.932510
242,2.016667,-0.025703,-0.001406,-0.396587,-0.917636,0.588621,-0.594409,0.028613,0.050878,0.009641,-0.102890,-0.993344,0.846794,-0.845270,0.024488,-0.004679,0.019806,0.379990,0.924767,0.710504,-0.736343,0.932455
243,2.025000,-0.025685,-0.001467,-0.396678,-0.917597,0.588641,-0.594403,0.028633,0.050996,0.009620,-0.102842,-0.993343,0.846795,-0.845248,0.024488,-0.004474,0.019768,0.380075,0.924734,0.710579,-0.736260,0.932376
244,2.033333,-0.025654,-0.001407,-0.396757,-0.917564,0.588650,-0.594424,0.028627,0.051335,0.009707,-0.102747,-0.993335,0.846795,-0.845226,0.024477,-0.004382,0.019689,0.380090,0.924730,0.710648,-0.736165,0.932337
245,2.041667,-0.025650,-0.001489,-0.396822,-0.917536,0.588672,-0.594416,0.028642,0.051645,0.009740,-0.102651,-0.993328,0.846798,-0.845207,0.024479,-0.004459,0.019769,0.380109,0.924720,0.710676,-0.736050,0.932334
246,2.050000,-0.025546,-0.001482,-0.396895,-0.917508,0.588681,-0.594414,0.028641,0.051804,0.009802,-0.102609,-0.993324,0.846803,-0.845177,0.024467,-0.004408,0.019606,0.380211,0.924681,0.710739,-0.735952,0.932296
247,2.058333,-0.025575,-0.001392,-0.396947,-0.917484,0.588685,-0.594432,0.028645,0.052090,0.009805,-0.102534,-0.993316,0.846805,-0.845157,0.024463,-0.004205,0.019610,0.380264,0.924661,0.710811,-0.735868,0.932235
248,2.066667,-0.025576,-0.001422,-0.396981,-0.917469,0.588698,-0.594433,0.028648,0.051425,0.009737,-0.102113,-0.993395,0.846868,-0.845164,0.024546,-0.004339,0.019416,0.380399,0.924609,0.710929,-0.735767,0.932222
249,2.075000,-0.025541,-0.001400,-0.397030,-0.917449,0.588701,-0.594433,0.028644,0.051708,0.009807,-0.102023,-0.993389,0.846878,-0.845157,0.024541,-0.004651,0.019503,0.380485,0.924570,0.710992,-0.735618,0.932292
250,2.083333,-0.025600,-0.001488,-0.397042,-0.917442,0.588722,-0.594421,0.028645,0.051981,0.009860,-0.101988,-0.993378,0.846878,-0.845132,0.024534,-0.004636,0.019498,0.380510,0.924560,0.711046,-0.735514,0.932293
251,2.091667,-0.025519,-0.001433,-0.397069,-0.917433,0.588720,-0.594419,0.028647,0.052213,0.009903,-0.101971,-0.993367,0.846880,-0.845113,0.024529,-0.004540,0.019435,0.380527,0.924554,0.711132,-0.735439,0.932238
252,2.100000,-0.025503,-0.001413,-0.397077,-0.917430,0.588724,-0.594418,0.028648,0.052497,0.009947,-0.101944,-0.993354,0.846884,-0.845090,0.024523,-0.004526,0.019456,0.380638,0.924508,0.711175,-0.735293,0.932231
253,2.108333,-0.025443,-0.001400,-0.397058,-0.917440,0.588723,-0.594413,0.028652,0.052685,0.009977,-0.101906,-0.993348,0.846885,-0.845080,0.024523,-0.004347,0.019379,0.380738,0.924470,0.711250,-0.735174,0.932185
254,2.116667,-0.025486,-0.001400,-0.397061,-0.917437,0.588726,-0.594414,0.028649,0.052967,0.010019,-0.101849,-0.993338,0.846887,-0.845062,0.024521,-0.004282,0.019019,0.380861,0.924427,0.711323,-0.735050,0.932157
255,2.125000,-0.025491,-0.001410,-0.397052,-0.917441,0.588732,-0.594417,0.028649,0.053136,0.010093,-0.101874,-0.993326,0.846886,-0.845037,0.024522,-0.004409,0.019068,0.380882,0.924417,0.711338,-0.734924,0.932171
256,2.133333,-0.025443,-0.001387,-0.397090,-0.917426,0.588734,-0.594420,0.028647,0.053310,0.010087,-0.101845,-0.993320,0.846889,-0.845017,0.024523,-0.004518,0.018924,0.380871,0.924424,0.711418,-0.734825,0.932112
257,2.141667,-0.025473,-0.001462,-0.397090,-0.917425,0.588738,-0.594418,0.028648,0.053291,0.010048,-0.101846,-0.993321,0.846883,-0.844993,0.024520,-0.004807,0.018875,0.380895,0.924413,0.711450,-0.734705,0.932110
258,2.150000,-0.025513,-0.001429,-0.397104,-0.917418,0.588742,-0.594419,0.028645,0.053591,0.010179,-0.101843,-0.993304,0.846885,-0.844979,0.024516,-0.004927,0.018858,0.380987,0.924375,0.711530,-0.734598,0.932042
259,2.158333,-0.025540,-0.001450,-0.397124,-0.917408,0.588745,-0.594424,0.028633,0.053818,0.010203,-0.101840,-0.993292,0.846889,-0.844970,0.024515,-0.005030,0.018532,0.381053,0.924354,0.711609,-0.734510,0.931968
260,2.166667,-0.025632,-0.001520,-0.397142,-0.917398,0.588750,-0.594427,0.028637,0.053910,0.010185,-0.101815,-0.993289,0.846886,-0.844955,0.024506,-0.005356,0.018548,0.381053,0.924352,0.711658,-0.734424,0.931940
261,2.175000,-0.025690,-0.001516,-0.397115,-0.917408,0.588755,-0.594429,0.028633,0.054048,0.010252,-0.101815,-0.993281,0.846891,-0.844950,0.024510,-0.005595,0.018376,0.381094,0.924337,0.711672,-0.734286,0.931953
262,2.183333,-0.025673,-0.001535,-0.397119,-0.917407,0.588759,-0.594426,0.028641,0.054132,0.010265,-0.101812,-0.993277,0.846891,-0.844938,0.024508,-0.005806,0.018291,0.381099,0.924335,0.711723,-0.734207,0.931933
263,2.191667,-0.025760,-0.001545,-0.397130,-0.917400,0.588758,-0.594430,0.028627,0.054146,0.010230,-0.101812,-0.993276,0.846891,-0.844930,0.024510,-0.005992,0.018171,0.381375,0.924222,0.711842,-0.734097,0.931885
264,2.200000,-0.025662,-0.001514,-0.397128,-0.917403,0.588754,-0.594430,0.028631,0.054259,0.010225,-0.101837,-0.993268,0.846893,-0.844926,0.024504,-0.006246,0.018309,0.381367,0.924221,0.711904,-0.734028,0.931847
265,2.208333,-0.025756,-0.001514,-0.397110,-0.917408,0.588765,-0.594437,0.028625,0.054386,0.010292,-0.101807,-0.993263,0.846891,-0.844923,0.024508,-0.006544,0.018228,0.381363,0.924223,0.711957,-0.733955,0.931797
266,2.216667,-0.025685,-0.001503,-0.397105,-0.917412,0.588756,-0.594433,0.028626,0.054379,0.010318,-0.101842,-0.993260,0.846891,-0.844913,0.024516,-0.006731,0.018147,0.381371,0.924219,0.712011,-0.733854,0.931770
267,2.225000,-0.025623,-0.001485,-0.397112,-0.917412,0.588756,-0.594434,0.028625,0.054804,0.010216,-0.102063,-0.993215,0.846795,-0.844900,0.024407,-0.006927,0.018286,0.381314,0.924239,0.712054,-0.733767,0.931751
268,2.233333,-0.025627,-0.001465,-0.397112,-0.917411,0.588754,-0.594437,0.028627,0.054916,0.010222,-0.102053,-0.993209,0.846788,-0.844900,0.024401,-0.007247,0.018389,0.381370,0.924211,0.712090,-0.733682,0.931735
269,2.241667,-0.025666,-0.001517,-0.397098,-0.917416,0.588748,-0.594437,0.028632,0.055079,0.010268,-0.102020,-0.993203,0.846793,-0.844893,0.024400,-0.007534,0.018524,0.381397,0.924195,0.712108,-0.733606,0.931712
270,2.250000,-0.025695,-0.001505,-0.397096,-0.917416,0.588745,-0.594443,0.028624,0.055031,0.010261,-0.102008,-0.993207,0.846783,-0.844888,0.024393,-0.007783,0.018641,0.381407,0.924187,0.712110,-0.733510,0.931726
271,2.258333,-0.025672,-0.001474,-0.397102,-0.917414,0.588746,-0.594441,0.028631,0.055157,0.010322,-0.102070,-0.993193,0.846782,-0.844887,0.024400,-0.007910,0.018708,0.381431,0.924174,0.712125,-0.733430,0.931703
272,2.266667,-0.025637,-0.001482,-0.397093,-0.917419,0.588740,-0.594448,0.028627,0.055087,0.010325,-0.102075,-0.993197,0.846775,-0.844881,0.024396,-0.008273,0.018969,0.381429,0.924167,0.712104,-0.733340,0.931723
273,2.275000,-0.025658,-0.001430,-0.397098,-0.917416,0.588739,-0.594449,0.028622,0.055171,0.010377,-0.102070,-0.993192,0.846771,-0.844875,0.024391,-0.008311,0.018971,0.381487,0.924142,0.712116,-0.733221,0.931679
274,2.283333,-0.025662,-0.001413,-0.397100,-0.917415,0.588737,-0.594442,0.028622,0.055192,0.010383,-0.102055,-0.993192,0.846772,-0.844870,0.024393,-0.008355,0.019068,0.381544,0.924116,0.712127,-0.733124,0.931642
275,2.291667,-0.025604,-0.001384,-0.397120,-0.917408,0.588733,-0.594446,0.028620,0.055283,0.010378,-0.102028,-0.993190,0.846771,-0.844875,0.024388,-0.008500,0.018961,0.381700,0.924053,0.712127,-0.733000,0.931642
276,2.300000,-0.025523,-0.001368,-0.397094,-0.917422,0.588733,-0.594445,0.028623,0.055357,0.010384,-0.102071,-0.993182,0.846773,-0.844878,0.024391,-0.008583,0.019054,0.381759,0.924025,0.712094,-0.732908,0.931650
277,2.308333,-0.025546,-0.001399,-0.397115,-0.917412,0.588731,-0.594445,0.028620,0.055377,0.010372,-0.102050,-0.993183,0.846764,-0.844874,0.024392,-0.008642,0.019168,0.381778,0.924015,0.712079,-0.732804,0.931646
278,2.316667,-0.025433,-0.001314,-0.397127,-0.917410,0.588730,-0.594444,0.028621,0.055463,0.010412,-0.102054,-0.993177,0.846761,-0.844871,0.024394,-0.008669,0.019236,0.381860,0.923979,0.712090,-0.732695,0.931625
279,2.325000,-0.025494,-0.001304,-0.397097,-0.917421,0.588728,-0.594440,0.028613,0.055592,0.010493,-0.102102,-0.993164,0.846758,-0.844873,0.024392,-0.008794,0.019378,0.381891,0.923962,0.712054,-0.732591,0.931654
280,2.333333,-0.025491,-0.001291,-0.397092,-0.917424,0.588724,-0.594442,0.028619,0.055753,0.010541,-0.102104,-0.993154,0.846751,-0.844865,0.024390,-0.008802,0.019390,0.381921,0.923950,0.712047,-0.732490,0.931643
281,2.341667,-0.025387,-0.001316,-0.397103,-0.917422,0.588726,-0.594437,0.028614,0.055768,0.010521,-0.102095,-0.993155,0.846746,-0.844852,0.024388,-0.008884,0.019418,0.381926,0.923946,0.712018,-0.732378,0.931667
282,2.350000,-0.025334,-0.001277,-0.397095,-0.917427,0.588719,-0.594426,0.028617,0.055863,0.010560,-0.102098,-0.993149,0.846748,-0.844845,0.024390,-0.008822,0.019306,0.381972,0.923930,0.712013,-0.732286,0.931647
283,2.358333,-0.025361,-0.001285,-0.397096,-0.917426,0.588724,-0.594429,0.028617,0.055952,0.010609,-0.102121,-0.993141,0.846742,-0.844838,0.024389,-0.008757,0.019305,0.381991,0.923923,0.711985,-0.732157,0.931657
284,2.366667,-0.025305,-0.001252,-0.397083,-0.917433,0.588721,-0.594428,0.028619,0.056088,0.010636,-0.102077,-0.993137,0.846734,-0.844826,0.024384,-0.008720,0.019294,0.381959,0.923937,0.711973,-0.732034,0.931656
285,2.375000,-0.025331,-0.001278,-0.397095,-0.917427,0.588726,-0.594425,0.028617,0.056329,0.010652,-0.101890,-0.993142,0.846748,-0.844801,0.024367,-0.008670,0.019339,0.381992,0.923922,0.711949,-0.731923,0.931659
286,2.383333,-0.025246,-0.001231,-0.397116,-0.917420,0.588722,-0.594424,0.028624,0.056557,0.010775,-0.102072,-0.993110,0.846722,-0.844802,0.024374,-0.008464,0.019165,0.381976,0.923935,0.711926,-0.731806,0.931646
287,2.391667,-0.025254,-0.001238,-0.397151,-0.917405,0.588723,-0.594425,0.028613,0.056750,0.010743,-0.101883,-0.993118,0.846738,-0.844779,0.024367,-0.008346,0.019218,0.382005,0.923923,0.711902,-0.731679,0.931686
288,2.400000,-0.025225,-0.001202,-0.397113,-0.917422,0.588724,-0.594422,0.028628,0.056869,0.010782,-0.101853,-0.993114,0.846733,-0.844766,0.024367,-0.008111,0.019099,0.382056,0.923906,0.711895,-0.731567,0.931687
289,2.408333,-0.025312,-0.001247,-0.397153,-0.917402,0.588724,-0.594423,0.028617,0.057039,0.010848,-0.101851,-0.993104,0.846725,-0.844755,0.024363,-0.008005,0.019288,0.381925,0.923957,0.711850,-0.731437,0.931711
290,2.416667,-0.025143,-0.001135,-0.397145,-0.917411,0.588721,-0.594420,0.028625,0.057098,0.010832,-0.101830,-0.993103,0.846728,-0.844738,0.024361,-0.008229,0.019175,0.382177,0.923854,0.711847,-0.731232,0.931793
291,2.425000,-0.025169,-0.001168,-0.397150,-0.917408,0.588717,-0.594417,0.028627,0.057312,0.010943,-0.101836,-0.993089,0.846721,-0.844728,0.024364,-0.007776,0.018764,0.382443,0.923756,0.711882,-0.731080,0.931709
292,2.433333,-0.025098,-0.001151,-0.397174,-0.917399,0.588719,-0.594414,0.028629,0.057370,0.010977,-0.101802,-0.993088,0.846719,-0.844713,0.024372,-0.007734,0.018772,0.382522,0.923723,0.711865,-0.730949,0.931684
293,2.441667,-0.025136,-0.001159,-0.397150,-0.917409,0.588714,-0.594416,0.028622,0.057577,0.011008,-0.101829,-0.993073,0.846717,-0.844705,0.024363,-0.007633,0.018710,0.382621,0.923684,0.711848,-0.730823,0.931667
294,2.450000,-0.025047,-0.001143,-0.397172,-0.917402,0.588713,-0.594411,0.028631,0.057829,0.011055,-0.101802,-0.993061,0.846716,-0.844700,0.024356,-0.007420,0.018536,0.382783,0.923623,0.711848,-0.730668,0.931641
295,2.458333,-0.024997,-0.001072,-0.397180,-0.917400,0.588711,-0.594411,0.028618,0.057874,0.011064,-0.101790,-0.993060,0.846716,-0.844694,0.024357,-0.007085,0.018365,0.382880,0.923588,0.711879,-0.730550,0.931574
296,2.466667,-0.025027,-0.001078,-0.397141,-0.917416,0.588710,-0.594404,0.028633,0.058015,0.011107,-0.101785,-0.993051,0.846709,-0.844683,0.024358,-0.006906,0.018265,0.382957,0.923560,0.711876,-0.730431,0.931564
297,2.475000,-0.024968,-0.001067,-0.397176,-0.917402,0.588702,-0.594407,0.028628,0.058202,0.011149,-0.101820,-0.993036,0.846705,-0.844673,0.024349,-0.006686,0.018169,0.383005,0.923543,0.711883,-0.730318,0.931536
298,2.483333,-0.024969,-0.001106,-0.397147,-0.917414,0.588711,-0.594403,0.028635,0.058398,0.011199,-0.101815,-0.993025,0.846702,-0.844671,0.024353,-0.006492,0.018210,0.383054,0.923524,0.711880,-0.730211,0.931511
299,2.491667,-0.024969,-0.001063,-0.397170,-0.917405,0.588707,-0.594404,0.028628,0.058481,0.011198,-0.101799,-0.993021,0.846701,-0.844656,0.024352,-0.006196,0.018071,0.383071,0.923521,0.711901,-0.730111,0.931468
300,2.500000,-0.024915,-0.001072,-0.397163,-0.917409,0.588702,-0.594403,0.028633,0.058509,0.011207,-0.101794,-0.993020,0.846698,-0.844653,0.024365,-0.005917,0.018024,0.383068,0.923525,0.711930,-0.730016,0.931439
301,2.508333,-0.024920,-0.001054,-0.397164,-0.917408,0.588706,-0.594401,0.028635,0.058730,0.011285,-0.101815,-0.993004,0.846694,-0.844634,0.024357,-0.005707,0.017965,0.383096,0.923517,0.711943,-0.729922,0.931415
302,2.516667,-0.024807,-0.001035,-0.397150,-0.917418,0.588705,-0.594395,0.028635,0.058951,0.011296,-0.101827,-0.992990,0.846694,-0.844632,0.024349,-0.005580,0.017873,0.383089,0.923522,0.711955,-0.729822,0.931402
303,2.525000,-0.024861,-0.001033,-0.397163,-0.917410,0.588710,-0.594394,0.028635,0.059063,0.011295,-0.101751,-0.992991,0.846690,-0.844618,0.024356,-0.005355,0.017793,0.383093,0.923523,0.711968,-0.729708,0.931393
304,2.533333,-0.024874,-0.001017,-0.397153,-0.917415,0.588716,-0.594394,0.028635,0.059190,0.011339,-0.101729,-0.992985,0.846680,-0.844599,0.024345,-0.005201,0.017787,0.383064,0.923536,0.712002,-0.729625,0.931384
305,2.541667,-0.024892,-0.001072,-0.397165,-0.917409,0.588716,-0.594397,0.028625,0.059431,0.011396,-0.101744,-0.992968,0.846685,-0.844589,0.024342,-0.004984,0.017570,0.383060,0.923543,0.712030,-0.729536,0.931348
306,2.550000,-0.024863,-0.001069,-0.397155,-0.917414,0.588715,-0.594392,0.028638,0.059590,0.011383,-0.101709,-0.992963,0.846683,-0.844579,0.024354,-0.004834,0.017466,0.383027,0.923560,0.712057,-0.729452,0.931327
307,2.558333,-0.024931,-0.001095,-0.397139,-0.917419,0.588716,-0.594389,0.028631,0.059760,0.011417,-0.101692,-0.992954,0.846675,-0.844569,0.024344,-0.004884,0.017533,0.382915,0.923604,0.712069,-0.729363,0.931353
308,2.566667,-0.024941,-0.001070,-0.397157,-0.917411,0.588723,-0.594397,0.028632,0.059734,0.011400,-0.101661,-0.992959,0.846681,-0.844561,0.024352,-0.004851,0.017531,0.382854,0.923630,0.712106,-0.729278,0.931354
309,2.575000,-0.024853,-0.001070,-0.397178,-0.917405,0.588715,-0.594387,0.028624,0.059881,0.011483,-0.101633,-0.992952,0.846677,-0.844550,0.024351,-0.004761,0.017348,0.382882,0.923622,0.712144,-0.729168,0.931319
310,2.583333,-0.024885,-0.001087,-0.397152,-0.917415,0.588721,-0.594389,0.028635,0.059952,0.011509,-0.101649,-0.992946,0.846671,-0.844542,0.024353,-0.004782,0.017372,0.382776,0.923666,0.712169,-0.729085,0.931295
311,2.591667,-0.024903,-0.001119,-0.397149,-0.917416,0.588725,-0.594389,0.028634,0.060102,0.011520,-0.101612,-0.992940,0.846668,-0.844523,0.024341,-0.005015,0.017450,0.382602,0.923735,0.712161,-0.728950,0.931353
312,2.600000,-0.024910,-0.001135,-0.397178,-0.917403,0.588724,-0.594392,0.028632,0.060124,0.011520,-0.101609,-0.992939,0.846671,-0.844526,0.024351,-0.005071,0.017446,0.382515,0.923771,0.712203,-0.728886,0.931298
313,2.608333,-0.024928,-0.001125,-0.397163,-0.917409,0.588722,-0.594397,0.028631,0.060386,0.011579,-0.101551,-0.992928,0.846666,-0.844514,0.024335,-0.005116,0.017258,0.382435,0.923807,0.712253,-0.728817,0.931258
314,2.616667,-0.024861,-0.001109,-0.397149,-0.917417,0.588724,-0.594389,0.028635,0.060578,0.011563,-0.101530,-0.992919,0.846662,-0.844511,0.024330,-0.005294,0.017248,0.382318,0.923855,0.712285,-0.728734,0.931247
315,2.625000,-0.024898,-0.001165,-0.397154,-0.917413,0.588725,-0.594391,0.028626,0.060645,0.011597,-0.101466,-0.992921,0.846660,-0.844499,0.024327,-0.005348,0.017159,0.382187,0.923910,0.712337,-0.728674,0.931213
316,2.633333,-0.024906,-0.001122,-0.397167,-0.917408,0.588730,-0.594392,0.028633,0.060734,0.011603,-0.101485,-0.992914,0.846664,-0.844496,0.024333,-0.005420,0.017187,0.382053,0.923965,0.712383,-0.728600,0.931196
317,2.641667,-0.024926,-0.001126,-0.397185,-0.917399,0.588727,-0.594392,0.028623,0.060700,0.011511,-0.101471,-0.992918,0.846659,-0.844479,0.024339,-0.005365,0.017007,0.381942,0.924014,0.712437,-0.728537,0.931170
318,2.650000,-0.024958,-0.001152,-0.397172,-0.917404,0.588728,-0.594396,0.028622,0.060833,0.011556,-0.101456,-0.992911,0.846664,-0.844475,0.024339,-0.005326,0.017084,0.381753,0.924091,0.712494,-0.728500,0.931132
319,2.658333,-0.025003,-0.001156,-0.397161,-0.917408,0.588733,-0.594398,0.028621,0.060904,0.011621,-0.101431,-0.992909,0.846660,-0.844465,0.024336,-0.005212,0.017055,0.381653,0.924133,0.712564,-0.728448,0.931108
320,2.666667,-0.024928,-0.001154,-0.397186,-0.917399,0.588733,-0.594393,0.028628,0.061025,0.011647,-0.101397,-0.992904,0.846654,-0.844463,0.024328,-0.005278,0.017203,0.381490,0.924198,0.712619,-0.728375,0.931161
321,2.675000,-0.024970,-0.001171,-0.397189,-0.917396,0.588734,-0.594395,0.028633,0.061098,0.011638,-0.101384,-0.992901,0.846651,-0.844452,0.024330,-0.005082,0.017273,0.381323,0.924267,0.712672,-0.728320,0.931131
322,2.683333,-0.024950,-0.001161,-0.397178,-0.917402,0.588732,-0.594394,0.028625,0.061220,0.011666,-0.101341,-0.992898,0.846650,-0.844445,0.024331,-0.004976,0.017371,0.381185,0.924322,0.712741,-0.728270,0.931151
323,2.691667,-0.024906,-0.001150,-0.397203,-0.917392,0.588739,-0.594393,0.028627,0.061405,0.011735,-0.101352,-0.992885,0.846645,-0.844438,0.024318,-0.004481,0.017208,0.381284,0.924287,0.712874,-0.728209,0.931071
324,2.700000,-0.025023,-0.001236,-0.397209,-0.917386,0.588741,-0.594394,0.028633,0.061438,0.011708,-0.101333,-0.992885,0.846645,-0.844434,0.024325,-0.004347,0.017231,0.381157,0.924340,0.712925,-0.728170,0.931076
325,2.708333,-0.024907,-0.001234,-0.397231,-0.917380,0.588742,-0.594397,0.028630,0.061470,0.011769,-0.101322,-0.992883,0.846642,-0.844425,0.024320,-0.004236,0.017257,0.381050,0.924384,0.712974,-0.728125,0.931066
326,2.716667,-0.025010,-0.001224,-0.397256,-0.917366,0.588748,-0.594399,0.028631,0.061451,0.011740,-0.101305,-0.992886,0.846640,-0.844419,0.024325,-0.004108,0.017275,0.381032,0.924391,0.713014,-0.728078,0.931053
327,2.725000,-0.025036,-0.001259,-0.397307,-0.917343,0.588756,-0.594401,0.028621,0.061548,0.011719,-0.101315,-0.992880,0.846638,-0.844406,0.024328,-0.003960,0.017212,0.380993,0.924409,0.713054,-0.728031,0.931039
328,2.733333,-0.025021,-0.001302,-0.397280,-0.917355,0.588761,-0.594400,0.028627,0.061728,0.011765,-0.101279,-0.992872,0.846648,-0.844400,0.024327,-0.003970,0.017363,0.380984,0.924410,0.713085,-0.727988,0.931052
329,2.741667,-0.025101,-0.001347,-0.397286,-0.917351,0.588762,-0.594402,0.028632,0.061694,0.011749,-0.101247,-0.992877,0.846641,-0.844398,0.024325,-0.003767,0.017320,0.381045,0.924386,0.713122,-0.727926,0.931032
330,2.750000,-0.025051,-0.001343,-0.397329,-0.917333,0.588769,-0.594398,0.028634,0.061848,0.011812,-0.101262,-0.992865,0.846644,-0.844389,0.024324,-0.003623,0.017410,0.381073,0.924374,0.713160,-0.727900,0.931023
331,2.758333,-0.025096,-0.001329,-0.397329,-0.917332,0.588774,-0.594400,0.028626,0.061995,0.011795,-0.101277,-0.992855,0.846647,-0.844383,0.024324,-0.003459,0.017475,0.381071,0.924374,0.713166,-0.727857,0.931043
332,2.766667,-0.025108,-0.001332,-0.397333,-0.917330,0.588775,-0.594396,0.028637,0.061982,0.011827,-0.101255,-0.992857,0.846640,-0.844373,0.024326,-0.003406,0.017494,0.381150,0.924341,0.713183,-0.727820,0.931082
333,2.775000,-0.025032,-0.001347,-0.397335,-0.917331,0.588774,-0.594387,0.028632,0.062023,0.011885,-0.101207,-0.992859,0.846647,-0.844368,0.024329,-0.003228,0.017445,0.381291,0.924285,0.713208,-0.727769,0.931087
334,2.783333,-0.025053,-0.001342,-0.397348,-0.917325,0.588770,-0.594389,0.028637,0.062053,0.011830,-0.101208,-0.992858,0.846645,-0.844363,0.024323,-0.003038,0.017436,0.381397,0.924242,0.713229,-0.727728,0.931095
335,2.791667,-0.024981,-0.001332,-0.397373,-0.917316,0.588772,-0.594382,0.028636,0.062141,0.011858,-0.101218,-0.992851,0.846644,-0.844361,0.024316,-0.003044,0.017538,0.381487,0.924203,0.713244,-0.727696,0.931119
336,2.800000,-0.024929,-0.001325,-0.397377,-0.917316,0.588770,-0.594378,0.028637,0.062174,0.011858,-0.101224,-0.992848,0.846642,-0.844351,0.024333,-0.002831,0.017485,0.381674,0.924127,0.713277,-0.727665,0.931090
337,2.808333,-0.024934,-0.001312,-0.397381,-0.917314,0.588770,-0.594378,0.028631,0.062219,0.011845,-0.101207,-0.992847,0.846636,-0.844348,0.024325,-0.002787,0.017485,0.381824,0.924066,0.713294,-0.727631,0.931087
338,2.816667,-0.024946,-0.001313,-0.397380,-0.917314,0.588771,-0.594377,0.028638,0.062312,0.011904,-0.101201,-0.992841,0.846636,-0.844341,0.024323,-0.002751,0.017515,0.381979,0.924001,0.713300,-0.727599,0.931082
339,2.825000,-0.024856,-0.001309,-0.397442,-0.917290,0.588770,-0.594379,0.028639,0.062292,0.011868,-0.101180,-0.992845,0.846631,-0.844328,0.024326,-0.003073,0.017279,0.382210,0.923909,0.713315,-0.727547,0.931168
340,2.833333,-0.024968,-0.001362,-0.397434,-0.917290,0.588774,-0.594385,0.028624,0.062494,0.011895,-0.101216,-0.992829,0.846633,-0.844325,0.024320,-0.003947,0.017812,0.382222,0.923891,0.713229,-0.727459,0.931414
341,2.841667,-0.024955,-0.001368,-0.397486,-0.917268,0.588779,-0.594385,0.028627,0.062470,0.011881,-0.101201,-0.992832,0.846633,-0.844320,0.024324,-0.003583,0.017588,0.382534,0.923767,0.713268,-0.727424,0.931365
342,2.850000,-0.024999,-0.001340,-0.397472,-0.917273,0.588778,-0.594388,0.028633,0.062517,0.011933,-0.101201,-0.992828,0.846637,-0.844312,0.024332,-0.003423,0.016354,0.383504,0.923388,0.713412,-0.727167,0.931274
343,2.858333,-0.025036,-0.001360,-0.397496,-0.917261,0.588782,-0.594391,0.028634,0.062616,0.011903,-0.101182,-0.992824,0.846634,-0.844317,0.024322,-0.003449,0.015805,0.384312,0.923061,0.713550,-0.726963,0.931275
344,2.866667,-0.024992,-0.001336,-0.397509,-0.917257,0.588776,-0.594389,0.028624,0.062610,0.011896,-0.101148,-0.992828,0.846635,-0.844312,0.024327,-0.003495,0.015530,0.384669,0.922917,0.713609,-0.726849,0.931309
345,2.875000,-0.025013,-0.001345,-0.397495,-0.917262,0.588785,-0.594396,0.028628,0.062726,0.011931,-0.101213,-0.992814,0.846638,-0.844307,0.024328,-0.003430,0.015385,0.384829,0.922853,0.713647,-0.726818,0.931285
346,2.883333,-0.025054,-0.001331,-0.397507,-0.917256,0.588779,-0.594396,0.028630,0.062706,0.011961,-0.101193,-0.992817,0.846637,-0.844306,0.024336,-0.003354,0.015268,0.384835,0.922853,0.713657,-0.726801,0.931286
347,2.891667,-0.024989,-0.001350,-0.397486,-0.917267,0.588779,-0.594397,0.028631,0.062777,0.011956,-0.101197,-0.992812,0.846639,-0.844302,0.024334,-0.003240,0.015290,0.384735,0.922895,0.713663,-0.726822,0.931243
348,2.900000,-0.025016,-0.001326,-0.397478,-0.917270,0.588780,-0.594396,0.028619,0.062867,0.011954,-0.101193,-0.992807,0.846635,-0.844300,0.024323,-0.003112,0.015230,0.384555,0.922971,0.713659,-0.726878,0.931208
349,2.908333,-0.025067,-0.001385,-0.397463,-0.917275,0.588780,-0.594395,0.028624,0.062884,0.011956,-0.101164,-0.992808,0.846639,-0.844297,0.024325,-0.003016,0.015378,0.384234,0.923103,0.713628,-0.726947,0.931201
350,2.916667,-0.025028,-0.001387,-0.397481,-0.917268,0.588777,-0.594398,0.028612,0.062852,0.011926,-0.101120,-0.992815,0.846638,-0.844298,0.024327,-0.003108,0.015620,0.383855,0.923256,0.713575,-0.727042,0.931227
351,2.925000,-0.025033,-0.001363,-0.397475,-0.917271,0.588777,-0.594393,0.028622,0.062789,0.011953,-0.101150,-0.992816,0.846641,-0.844291,0.024337,-0.003294,0.016041,0.383440,0.923421,0.713539,-0.727121,0.931284
352,2.933333,-0.025141,-0.001385,-0.397431,-0.917287,0.588780,-0.594396,0.028616,0.062846,0.011987,-0.101149,-0.992812,0.846641,-0.844294,0.024328,-0.003322,0.016177,0.383216,0.923511,0.713549,-0.727180,0.931285
353,2.941667,-0.025155,-0.001436,-0.397440,-0.917282,0.588780,-0.594398,0.028625,0.062861,0.011951,-0.101143,-0.992812,0.846641,-0.844294,0.024327,-0.003289,0.016130,0.383076,0.923570,0.713576,-0.727196,0.931281
354,2.950000,-0.025125,-0.001435,-0.397440,-0.917283,0.588781,-0.594398,0.028619,0.062831,0.011894,-0.101143,-0.992815,0.846639,-0.844292,0.024328,-0.002542,0.016422,0.382557,0.923783,0.713674,-0.727401,0.931056
355,2.958333,-0.025060,-0.001413,-0.397451,-0.917280,0.588786,-0.594402,0.028616,0.062875,0.011953,-0.101152,-0.992810,0.846641,-0.844294,0.024331,-0.002638,0.016494,0.382381,0.923854,0.713691,-0.727432,0.931067
356,2.966667,-0.025136,-0.001389,-0.397434,-0.917286,0.588786,-0.594402,0.028614,0.062880,0.011916,-0.101133,-0.992812,0.846640,-0.844298,0.024325,-0.002729,0.016513,0.382226,0.923917,0.713712,-0.727441,0.931085
357,2.975000,-0.025162,-0.001379,-0.397422,-0.917290,0.588777,-0.594401,0.028612,0.062898,0.011944,-0.101109,-0.992813,0.846639,-0.844297,0.024321,-0.002724,0.016424,0.382055,0.923990,0.713766,-0.727458,0.931093
358,2.983333,-0.025129,-0.001427,-0.397441,-0.917283,0.588780,-0.594398,0.028615,0.062891,0.011896,-0.101112,-0.992814,0.846641,-0.844301,0.024319,-0.002612,0.016343,0.381941,0.924039,0.713809,-0.727485,0.931080
359,2.991667,-0.025104,-0.001369,-0.397425,-0.917290,0.588780,-0.594399,0.028616,0.062936,0.011915,-0.101097,-0.992812,0.846647,-0.844300,0.024327,-0.002759,0.016491,0.381778,0.924103,0.713823,-0.727499,0.931139
360,3.000000,-0.025161,-0.001401,-0.397377,-0.917309,0.588778,-0.594401,0.028613,0.062867,0.011928,-0.101077,-0.992819,0.846646,-0.844299,0.024328,-0.002666,0.016439,0.381616,0.924171,0.713844,-0.727513,0.931145
361,3.008333,-0.025176,-0.001386,-0.397381,-0.917307,0.588779,-0.594400,0.028610,0.062909,0.011895,-0.101095,-0.992815,0.846643,-0.844298,0.024317,-0.002677,0.016357,0.381456,0.924238,0.713874,-0.727552,0.931178
362,3.016667,-0.025198,-0.001401,-0.397393,-0.917302,0.588775,-0.594400,0.028611,0.062866,0.011919,-0.101072,-0.992819,0.846652,-0.844295,0.024321,-0.002670,0.016239,0.381321,0.924296,0.713893,-0.727582,0.931184
363,3.025000,-0.025163,-0.001427,-0.397380,-0.917308,0.588780,-0.594408,0.028610,0.062887,0.011911,-0.101084,-0.992817,0.846654,-0.844297,0.024326,-0.002698,0.016214,0.381161,0.924362,0.713900,-0.727609,0.931226
364,3.033333,-0.025175,-0.001401,-0.397382,-0.917307,0.588782,-0.594404,0.028611,0.062946,0.011903,-0.101084,-0.992813,0.846657,-0.844299,0.024320,-0.002669,0.016099,0.381024,0.924421,0.713924,-0.727647,0.931247
365,3.041667,-0.025225,-0.001441,-0.397369,-0.917311,0.588785,-0.594407,0.028609,0.062926,0.011927,-0.101089,-0.992814,0.846656,-0.844300,0.024322,-0.002718,0.016104,0.380838,0.924498,0.713921,-0.727695,0.931277
366,3.050000,-0.025266,-0.001456,-0.397378,-0.917306,0.588784,-0.594406,0.028614,0.062932,0.011929,-0.101093,-0.992813,0.846658,-0.844295,0.024317,-0.002808,0.016119,0.380689,0.924559,0.713929,-0.727731,0.931322
367,3.058333,-0.025255,-0.001457,-0.397403,-0.917296,0.588784,-0.594407,0.028611,0.062860,0.011910,-0.101105,-0.992817,0.846667,-0.844298,0.024322,-0.002915,0.016226,0.380490,0.924638,0.713914,-0.727785,0.931385
368,3.066667,-0.025302,-0.001494,-0.397374,-0.917306,0.588786,-0.594410,0.028601,0.062835,0.011868,-0.101082,-0.992821,0.846663,-0.844297,0.024316,-0.002828,0.016064,0.380362,0.924694,0.713921,-0.727825,0.931379
369,3.075000,-0.025289,-0.001481,-0.397378,-0.917305,0.588794,-0.594410,0.028609,0.062870,0.011862,-0.101101,-0.992817,0.846668,-0.844302,0.024324,-0.002703,0.015963,0.380226,0.924752,0.713942,-0.727865,0.931386
370,3.083333,-0.025267,-0.001463,-0.397360,-0.917314,0.588787,-0.594413,0.028612,0.062887,0.011855,-0.101088,-0.992817,0.846669,-0.844301,0.024322,-0.002779,0.015988,0.380102,0.924802,0.713934,-0.727910,0.931420
371,3.091667,-0.025304,-0.001491,-0.397349,-0.917318,0.588789,-0.594412,0.028612,0.062955,0.011908,-0.101074,-0.992814,0.846666,-0.844297,0.024310,-0.002713,0.015812,0.380000,0.924847,0.713945,-0.727957,0.931420
372,3.100000,-0.025321,-0.001486,-0.397322,-0.917329,0.588783,-0.594408,0.028608,0.062864,0.011879,-0.101074,-0.992820,0.846669,-0.844302,0.024317,-0.002757,0.015784,0.379909,0.924885,0.713922,-0.727995,0.931455
373,3.108333,-0.025286,-0.001463,-0.397343,-0.917321,0.588784,-0.594414,0.028602,0.062860,0.011888,-0.101058,-0.992822,0.846671,-0.844308,0.024324,-0.002761,0.015697,0.379796,0.924933,0.713920,-0.728042,0.931463
374,3.116667,-0.025367,-0.001513,-0.397317,-0.917330,0.588780,-0.594412,0.028604,0.062892,0.011926,-0.101056,-0.992819,0.846667,-0.844297,0.024313,-0.002659,0.015412,0.379718,0.924970,0.713940,-0.728119,0.931419
375,3.125000,-0.025269,-0.001467,-0.397307,-0.917337,0.588782,-0.594414,0.028607,0.062848,0.011885,-0.101042,-0.992824,0.846667,-0.844300,0.024315,-0.002775,0.015357,0.379596,0.925021,0.713909,-0.728161,0.931457
376,3.133333,-0.025432,-0.001501,-0.397290,-0.917340,0.588773,-0.594420,0.028596,0.062937,0.011954,-0.101030,-0.992819,0.846675,-0.844297,0.024319,-0.002810,0.015308,0.379480,0.925069,0.713909,-0.728216,0.931461
377,3.141667,-0.025354,-0.001484,-0.397285,-0.917344,0.588776,-0.594421,0.028600,0.062870,0.011940,-0.101044,-0.992822,0.846671,-0.844295,0.024319,-0.002822,0.015134,0.379385,0.925111,0.713891,-0.728261,0.931471
378,3.150000,-0.025376,-0.001430,-0.397287,-0.917342,0.588772,-0.594423,0.028602,0.062935,0.011974,-0.101060,-0.992816,0.846670,-0.844297,0.024317,-0.002770,0.014901,0.379270,0.925162,0.713894,-0.728327,0.931435
379,3.158333,-0.025449,-0.001479,-0.397256,-0.917354,0.588773,-0.594423,0.028600,0.062912,0.011941,-0.101043,-0.992819,0.846666,-0.844298,0.024320,-0.002357,0.014696,0.379044,0.925259,0.713882,-0.728448,0.931312
380,3.166667,-0.025442,-0.001446,-0.397252,-0.917356,0.588769,-0.594432,0.028598,0.062867,0.011920,-0.101061,-0.992820,0.846666,-0.844299,0.024316,-0.002412,0.014599,0.378882,0.925327,0.713871,-0.728512,0.931321
381,3.175000,-0.025447,-0.001458,-0.397197,-0.917379,0.588767,-0.594427,0.028605,0.062870,0.011953,-0.101035,-0.992822,0.846662,-0.844297,0.024316,-0.002635,0.014626,0.378760,0.925376,0.713875,-0.728602,0.931302
382,3.183333,-0.025482,-0.001473,-0.397195,-0.917379,0.588764,-0.594432,0.028602,0.062867,0.011956,-0.101039,-0.992822,0.846667,-0.844298,0.024314,-0.003096,0.014643,0.378482,0.925488,0.713789,-0.728657,0.931403
383,3.191667,-0.025430,-0.001419,-0.397169,-0.917392,0.588763,-0.594436,0.028598,0.062877,0.011968,-0.101054,-0.992820,0.846664,-0.844296,0.024314,-0.003264,0.014488,0.378317,0.925557,0.713767,-0.728751,0.931411
384,3.200000,-0.025461,-0.001451,-0.397160,-0.917395,0.588761,-0.594439,0.028603,0.062820,0.011943,-0.101050,-0.992824,0.846663,-0.844294,0.024315,-0.003355,0.014252,0.378168,0.925621,0.713740,-0.728831,0.931386
385,3.208333,-0.025481,-0.001456,-0.397121,-0.917411,0.588756,-0.594440,0.028602,0.062829,0.011940,-0.101010,-0.992828,0.846667,-0.844298,0.024318,-0.003573,0.014190,0.377986,0.925696,0.713696,-0.728907,0.931404
386,3.216667,-0.025519,-0.001440,-0.397108,-0.917416,0.588761,-0.594443,0.028599,0.062720,0.011940,-0.101028,-0.992833,0.846672,-0.844296,0.024321,-0.003690,0.014043,0.377830,0.925761,0.713663,-0.729001,0.931391
387,3.225000,-0.025471,-0.001436,-0.397083,-0.917428,0.588757,-0.594441,0.028602,0.062732,0.011907,-0.101069,-0.992828,0.846671,-0.844302,0.024326,-0.003904,0.014086,0.377575,0.925864,0.713610,-0.729114,0.931411
388,3.233333,-0.025550,-0.001432,-0.397054,-0.917439,0.588752,-0.594445,0.028599,0.062563,0.011907,-0.101036,-0.992842,0.846673,-0.844300,0.024329,-0.004108,0.014168,0.377371,0.925945,0.713556,-0.729213,0.931438
389,3.241667,-0.025512,-0.001475,-0.397040,-0.917445,0.588759,-0.594452,0.028597,0.062647,0.011928,-0.101066,-0.992834,0.846669,-0.844310,0.024327,-0.004120,0.014089,0.377174,0.926026,0.713517,-0.729327,0.931414
390,3.250000,-0.025603,-0.001487,-0.397041,-0.917443,0.588757,-0.594452,0.028598,0.062716,0.011967,-0.101097,-0.992826,0.846679,-0.844321,0.024327,-0.004264,0.013989,0.376989,0.926102,0.713455,-0.729430,0.931424
391,3.258333,-0.025688,-0.001522,-0.397007,-0.917455,0.588756,-0.594457,0.028592,0.062744,0.011992,-0.101062,-0.992827,0.846679,-0.844317,0.024325,-0.003972,0.014125,0.376603,0.926259,0.713376,-0.729585,0.931352
392,3.266667,-0.025719,-0.001515,-0.396995,-0.917459,0.588760,-0.594457,0.028593,0.062554,0.011949,-0.101065,-0.992839,0.846680,-0.844321,0.024326,-0.003626,0.013896,0.376432,0.926333,0.713371,-0.729698,0.931265
393,3.275000,-0.025710,-0.001526,-0.397008,-0.917454,0.588756,-0.594459,0.028590,0.062429,0.011928,-0.101094,-0.992845,0.846680,-0.844320,0.024334,-0.003726,0.014221,0.376130,0.926450,0.713271,-0.729816,0.931295
394,3.283333,-0.025735,-0.001523,-0.396974,-0.917468,0.588757,-0.594462,0.028595,0.062466,0.011935,-0.101093,-0.992842,0.846676,-0.844323,0.024334,-0.003293,0.013858,0.376005,0.926508,0.713267,-0.729927,0.931179
395,3.291667,-0.025765,-0.001560,-0.396962,-0.917472,0.588765,-0.594460,0.028591,0.062504,0.011942,-0.101103,-0.992839,0.846679,-0.844320,0.024329,-0.002876,0.013595,0.375785,0.926603,0.713284,-0.730100,0.931009
396,3.300000,-0.025748,-0.001570,-0.396928,-0.917487,0.588770,-0.594460,0.028590,0.062414,0.011886,-0.101098,-0.992846,0.846678,-0.844326,0.024332,-0.002788,0.013436,0.375557,0.926698,0.713298,-0.730200,0.930976
397,3.308333,-0.025842,-0.001613,-0.396935,-0.917481,0.588766,-0.594463,0.028588,0.062327,0.011888,-0.101066,-0.992854,0.846681,-0.844335,0.024340,-0.003037,0.014144,0.374987,0.926917,0.713207,-0.730265,0.931101
398,3.316667,-0.025902,-0.001642,-0.396936,-0.917479,0.588772,-0.594465,0.028585,0.062267,0.011895,-0.101104,-0.992854,0.846671,-0.844331,0.024323,-0.004093,0.014981,0.374516,0.927090,0.713016,-0.730296,0.931382
399,3.325000,-0.025958,-0.001673,-0.396916,-0.917486,0.588776,-0.594468,0.028586,0.062308,0.011886,-0.101091,-0.992853,0.846671,-0.844340,0.024329,-0.003970,0.014218,0.374301,0.927190,0.713140,-0.730389,0.931172
400,3.333333,-0.025928,-0.001682,-0.396895,-0.917496,0.588772,-0.594464,0.028588,0.062221,0.011880,-0.101120,-0.992856,0.846675,-0.844344,0.024336,-0.003085,0.013066,0.373862,0.927387,0.713368,-0.730563,0.930845
401,3.341667,-0.025930,-0.001686,-0.396861,-0.917511,0.588775,-0.594468,0.028584,0.062188,0.011860,-0.101152,-0.992855,0.846676,-0.844341,0.024328,-0.003438,0.012933,0.373098,0.927695,0.713601,-0.730682,0.930733
402,3.350000,-0.025935,-0.001630,-0.396856,-0.917513,0.588769,-0.594477,0.028583,0.062157,0.011805,-0.101230,-0.992849,0.846693,-0.844358,0.024337,-0.003890,0.012886,0.372548,0.927915,0.713680,-0.730789,0.930746
403,3.358333,-0.025948,-0.001648,-0.396852,-0.917514,0.588770,-0.594473,0.028579,0.061906,0.011724,-0.101326,-0.992856,0.846704,-0.844377,0.024337,-0.004154,0.012993,0.372392,0.927975,0.713625,-0.730812,0.930822
404,3.366667,-0.025912,-0.001654,-0.396805,-0.917536,0.588764,-0.594471,0.028593,0.061570,0.011605,-0.101353,-0.992876,0.846716,-0.844395,0.024346,-0.004306,0.013124,0.372097,0.928091,0.713561,-0.730876,0.930839
405,3.375000,-0.025998,-0.001671,-0.396784,-0.917542,0.588762,-0.594469,0.028590,0.061155,0.011469,-0.101410,-0.992897,0.846718,-0.844426,0.024357,-0.004291,0.013432,0.371693,0.928249,0.713482,-0.730967,0.930816
406,3.383333,-0.025897,-0.001611,-0.396799,-0.917539,0.588758,-0.594472,0.028582,0.060702,0.011396,-0.101475,-0.992919,0.846735,-0.844462,0.024368,-0.004276,0.013801,0.371327,0.928390,0.713421,-0.731019,0.930812
407,3.391667,-0.025922,-0.001612,-0.396777,-0.917547,0.588758,-0.594477,0.028583,0.060170,0.011254,-0.101527,-0.992948,0.846748,-0.844502,0.024380,-0.004355,0.014155,0.371097,0.928476,0.713232,-0.731035,0.930906
408,3.400000,-0.025893,-0.001582,-0.396772,-0.917551,0.588750,-0.594476,0.028588,0.059731,0.011131,-0.101584,-0.992970,0.846754,-0.844530,0.024382,-0.004399,0.014428,0.371066,0.928484,0.713075,-0.731033,0.930987
409,3.408333,-0.025854,-0.001552,-0.396737,-0.917567,0.588743,-0.594471,0.028584,0.059200,0.011082,-0.101629,-0.992998,0.846766,-0.844571,0.024395,-0.004435,0.014705,0.370986,0.928511,0.712897,-0.731039,0.931051
410,3.416667,-0.025767,-0.001534,-0.396751,-0.917563,0.588742,-0.594470,0.028597,0.058694,0.011012,-0.101722,-0.993019,0.846769,-0.844610,0.024397,-0.004558,0.014758,0.371028,0.928493,0.712820,-0.731053,0.931107
411,3.425000,-0.025780,-0.001506,-0.396697,-0.917586,0.588739,-0.594474,0.028589,0.058232,0.010933,-0.101753,-0.993044,0.846779,-0.844645,0.024404,-0.004513,0.014998,0.370895,0.928543,0.712696,-0.731100,0.931123
412,3.433333,-0.025725,-0.001492,-0.396696,-0.917588,0.588724,-0.594466,0.028604,0.057750,0.010794,-0.101771,-0.993072,0.846786,-0.844679,0.024408,-0.004478,0.015130,0.370785,0.928585,0.712577,-0.731131,0.931136
413,3.441667,-0.025642,-0.001458,-0.396692,-0.917592,0.588725,-0.594463,0.028590,0.057326,0.010859,-0.102069,-0.993065,0.846765,-0.844724,0.024418,-0.004521,0.015299,0.370702,0.928615,0.712474,-0.731180,0.931140
414,3.450000,-0.025548,-0.001453,-0.396658,-0.917610,0.588720,-0.594460,0.028599,0.056946,0.010766,-0.102096,-0.993085,0.846766,-0.844770,0.024433,-0.004605,0.015550,0.370583,0.928658,0.712370,-0.731231,0.931158
415,3.458333,-0.025528,-0.001388,-0.396642,-0.917617,0.588716,-0.594454,0.028604,0.056546,0.010661,-0.102135,-0.993105,0.846767,-0.844795,0.024431,-0.004686,0.015647,0.370522,0.928680,0.712243,-0.731282,0.931187
416,3.466667,-0.025505,-0.001375,-0.396634,-0.917622,0.588708,-0.594449,0.028596,0.056077,0.010660,-0.102167,-0.993128,0.846778,-0.844817,0.024438,-0.004672,0.015830,0.370376,0.928735,0.712106,-0.731342,0.931188
417,3.475000,-0.025429,-0.001330,-0.396612,-0.917633,0.588711,-0.594445,0.028597,0.055736,0.010536,-0.102254,-0.993140,0.846778,-0.844846,0.024442,-0.004771,0.015907,0.370391,0.928728,0.711980,-0.731378,0.931206
418,3.483333,-0.025433,-0.001341,-0.396591,-0.917642,0.588710,-0.594439,0.028591,0.055366,0.010478,-0.102264,-0.993160,0.846772,-0.844869,0.024442,-0.004888,0.015995,0.370395,0.928724,0.711833,-0.731417,0.931253
419,3.491667,-0.025407,-0.001337,-0.396578,-0.917648,0.588707,-0.594429,0.028600,0.055139,0.010466,-0.102367,-0.993162,0.846780,-0.844897,0.024454,-0.004916,0.016035,0.370510,0.928677,0.711699,-0.731473,0.931267
420,3.500000,-0.025375,-0.001306,-0.396571,-0.917652,0.588708,-0.594434,0.028591,0.054876,0.010442,-0.102395,-0.993174,0.846788,-0.844922,0.024459,-0.005011,0.016268,0.370541,0.928660,0.711496,-0.731532,0.931290
421,3.508333,-0.025383,-0.001316,-0.396570,-0.917653,0.588702,-0.594427,0.028593,0.054514,0.010349,-0.102403,-0.993194,0.846787,-0.844937,0.024470,-0.005041,0.016400,0.370604,0.928632,0.711304,-0.731579,0.931329
422,3.516667,-0.025365,-0.001289,-0.396535,-0.917668,0.588699,-0.594424,0.028596,0.054208,0.010329,-0.102408,-0.993211,0.846787,-0.844955,0.024466,-0.005080,0.016595,0.370659,0.928607,0.711107,-0.731629,0.931365
423,3.525000,-0.025285,-0.001328,-0.396506,-0.917683,0.588695,-0.594426,0.028601,0.053992,0.010311,-0.102506,-0.993212,0.846795,-0.844986,0.024482,-0.004958,0.016617,0.370834,0.928537,0.710950,-0.731669,0.931359
424,3.533333,-0.025308,-0.001289,-0.396469,-0.917698,0.588692,-0.594424,0.028608,0.053720,0.010143,-0.102493,-0.993230,0.846791,-0.844993,0.024484,-0.004715,0.016707,0.370774,0.928561,0.710725,-0.731736,0.931340
425,3.541667,-0.025296,-0.001251,-0.396476,-0.917696,0.588690,-0.594427,0.028595,0.053386,0.010088,-0.102541,-0.993244,0.846808,-0.845017,0.024493,-0.004756,0.016883,0.370826,0.928537,0.710520,-0.731772,0.931397
426,3.550000,-0.025256,-0.001237,-0.396459,-0.917704,0.588686,-0.594426,0.028593,0.053109,0.010016,-0.102583,-0.993255,0.846818,-0.845045,0.024497,-0.004937,0.017086,0.370857,0.928520,0.710309,-0.731806,0.931455
427,3.558333,-0.025232,-0.001247,-0.396417,-0.917723,0.588678,-0.594423,0.028587,0.052734,0.009902,-0.102585,-0.993276,0.846833,-0.845075,0.024503,-0.004844,0.017128,0.370783,0.928549,0.710126,-0.731891,0.931459
428,3.566667,-0.025129,-0.001202,-0.396373,-0.917745,0.588667,-0.594419,0.028594,0.052350,0.009743,-0.102674,-0.993289,0.846837,-0.845107,0.024512,-0.005033,0.017294,0.370839,0.928523,0.709937,-0.731897,0.931527
429,3.575000,-0.025148,-0.001148,-0.396320,-0.917767,0.588662,-0.594414,0.028597,0.051903,0.009621,-0.102716,-0.993309,0.846853,-0.845137,0.024515,-0.005237,0.017531,0.370778,0.928541,0.709726,-0.731907,0.931608
430,3.583333,-0.025143,-0.001103,-0.396268,-0.917790,0.588649,-0.594418,0.028589,0.051451,0.009462,-0.102750,-0.993331,0.846865,-0.845179,0.024523,-0.005392,0.017597,0.370817,0.928524,0.709553,-0.731916,0.931671
431,3.591667,-0.025129,-0.001155,-0.396222,-0.917810,0.588638,-0.594411,0.028591,0.050777,0.009294,-0.102786,-0.993363,0.846889,-0.845229,0.024537,-0.005557,0.017856,0.370774,0.928535,0.709359,-0.731925,0.931738
432,3.600000,-0.025066,-0.001075,-0.396173,-0.917833,0.588628,-0.594413,0.028585,0.049918,0.008975,-0.102850,-0.993403,0.846922,-0.845298,0.024552,-0.005474,0.017858,0.370811,0.928521,0.709199,-0.731952,0.931739
433,3.608333,-0.025004,-0.001079,-0.396123,-0.917856,0.588615,-0.594406,0.028587,0.048853,0.008737,-0.102991,-0.993443,0.846955,-0.845395,0.024582,-0.005627,0.018012,0.370817,0.928514,0.708998,-0.731939,0.931841
434,3.616667,-0.024914,-0.001004,-0.396077,-0.917879,0.588600,-0.594408,0.028584,0.047601,0.008431,-0.103060,-0.993500,0.846994,-0.845505,0.024607,-0.005810,0.018031,0.370838,0.928504,0.708818,-0.731921,0.931927
435,3.625000,-0.024881,-0.000769,-0.396076,-0.917880,0.588589,-0.594420,0.028562,0.045962,0.008059,-0.103019,-0.993584,0.847029,-0.845586,0.024650,-0.005773,0.018173,0.370820,0.928509,0.708604,-0.731945,0.931974
436,3.633333,-0.024888,-0.000994,-0.395994,-0.917915,0.588583,-0.594397,0.028588,0.043979,0.007687,-0.103019,-0.993677,0.847043,-0.845680,0.024692,-0.005933,0.018066,0.370911,0.928474,0.708415,-0.731920,0.932059
437,3.641667,-0.024846,-0.000763,-0.395979,-0.917923,0.588567,-0.594406,0.028557,0.041587,0.007493,-0.102679,-0.993817,0.847025,-0.845756,0.024698,-0.006023,0.018119,0.370983,0.928443,0.708196,-0.731921,0.932108
438,3.650000,-0.024789,-0.000756,-0.395930,-0.917946,0.588561,-0.594396,0.028555,0.040422,0.007110,-0.103112,-0.993823,0.847058,-0.846012,0.024804,-0.006194,0.018325,0.371021,0.928423,0.707984,-0.731898,0.932175
439,3.658333,-0.024821,-0.000680,-0.395929,-0.917946,0.588561,-0.594393,0.028559,0.038695,0.006747,-0.103181,-0.993887,0.847070,-0.846162,0.024862,-0.006548,0.018600,0.371064,0.928398,0.707736,-0.731844,0.932313
440,3.666667,-0.024848,-0.001001,-0.395864,-0.917973,0.588558,-0.594372,0.028584,0.036967,0.006421,-0.103227,-0.993950,0.847102,-0.846280,0.024942,-0.006757,0.018883,0.371075,0.928387,0.707483,-0.731809,0.932428
441,3.675000,-0.024704,-0.000915,-0.395846,-0.917984,0.588559,-0.594371,0.028586,0.035781,0.006181,-0.103331,-0.993984,0.847092,-0.846389,0.024961,-0.006853,0.019113,0.371049,0.928391,0.707262,-0.731780,0.932476
442,3.683333,-0.024728,-0.000919,-0.395797,-0.918005,0.588548,-0.594368,0.028590,0.034384,0.006055,-0.103457,-0.994021,0.847086,-0.846513,0.024991,-0.007254,0.019426,0.370979,0.928410,0.707022,-0.731732,0.932624
443,3.691667,-0.024680,-0.000693,-0.395772,-0.918017,0.588542,-0.594378,0.028564,0.032859,0.005799,-0.103568,-0.994063,0.847081,-0.846623,0.025020,-0.007365,0.019670,0.370898,0.928436,0.706816,-0.731667,0.932735
444,3.700000,-0.024602,-0.000626,-0.395760,-0.918024,0.588529,-0.594372,0.028565,0.031310,0.005382,-0.103838,-0.994087,0.847079,-0.846732,0.025073,-0.007536,0.019738,0.370730,0.928500,0.706597,-0.731644,0.932815
445,3.708333,-0.024691,-0.000678,-0.395715,-0.918041,0.588528,-0.594372,0.028564,0.029975,0.005470,-0.103703,-0.994142,0.847055,-0.846807,0.025070,-0.007655,0.019732,0.370538,0.928576,0.706389,-0.731642,0.932868
446,3.716667,-0.024384,-0.000545,-0.395603,-0.918098,0.588538,-0.594378,0.028572,0.028669,0.005230,-0.103661,-0.994186,0.847039,-0.846884,0.025098,-0.007799,0.019882,0.370381,0.928634,0.706186,-0.731614,0.932925
447,3.725000,-0.024283,-0.000548,-0.395565,-0.918117,0.588528,-0.594365,0.028578,0.027632,0.005070,-0.103732,-0.994208,0.847022,-0.846960,0.025115,-0.007940,0.020102,0.370242,0.928684,0.706006,-0.731590,0.932967
448,3.733333,-0.024187,-0.000409,-0.395555,-0.918124,0.588522,-0.594359,0.028572,0.026781,0.004870,-0.103813,-0.994224,0.847014,-0.847035,0.025132,-0.008033,0.020222,0.370027,0.928766,0.705819,-0.731589,0.932991
449,3.741667,-0.024031,-0.000382,-0.395502,-0.918151,0.588510,-0.594356,0.028575,0.025943,0.004764,-0.103902,-0.994238,0.847009,-0.847103,0.025159,-0.008152,0.020358,0.369836,0.928838,0.705648,-0.731562,0.933018
450,3.750000,-0.023955,-0.000326,-0.395414,-0.918191,0.588500,-0.594346,0.028581,0.025416,0.004585,-0.104038,-0.994238,0.847004,-0.847171,0.025178,-0.008255,0.020426,0.369731,0.928878,0.705494,-0.731544,0.933022
451,3.758333,-0.023945,-0.000283,-0.395357,-0.918215,0.588488,-0.594337,0.028568,0.024859,0.004452,-0.104154,-0.994241,0.846999,-0.847222,0.025204,-0.008466,0.020873,0.369480,0.928966,0.705303,-0.731503,0.933066
452,3.766667,-0.023907,-0.000231,-0.395341,-0.918223,0.588478,-0.594332,0.028569,0.024535,0.004382,-0.104270,-0.994237,0.846995,-0.847264,0.025225,-0.008655,0.020946,0.369342,0.929017,0.705154,-0.731472,0.933054
453,3.775000,-0.023883,-0.000208,-0.395323,-0.918232,0.588468,-0.594335,0.028564,0.024441,0.004362,-0.104353,-0.994230,0.846990,-0.847308,0.025237,-0.008813,0.020938,0.369227,0.929061,0.705021,-0.731427,0.933059
454,3.783333,-0.023736,-0.000056,-0.395310,-0.918241,0.588458,-0.594336,0.028566,0.024354,0.004304,-0.104381,-0.994230,0.846975,-0.847328,0.025247,-0.008475,0.021225,0.368892,0.929191,0.704813,-0.731452,0.932969
455,3.791667,-0.023721,-0.000051,-0.395288,-0.918251,0.588446,-0.594331,0.028568,0.024482,0.004415,-0.104379,-0.994226,0.846965,-0.847335,0.025252,-0.008474,0.021382,0.368810,0.929220,0.704667,-0.731404,0.932970
456,3.800000,-0.023815,-0.000071,-0.395285,-0.918250,0.588442,-0.594331,0.028561,0.024803,0.004491,-0.104363,-0.994220,0.846958,-0.847318,0.025242,-0.008476,0.021645,0.368734,0.929244,0.704507,-0.731356,0.932974
457,3.808333,-0.023782,-0.000040,-0.395266,-0.918259,0.588432,-0.594332,0.028553,0.025353,0.004610,-0.104349,-0.994207,0.846945,-0.847278,0.025224,-0.008282,0.021639,0.368760,0.929236,0.704393,-0.731306,0.932927
458,3.816667,-0.023641,0.000100,-0.395216,-0.918284,0.588417,-0.594331,0.028561,0.025722,0.004732,-0.104268,-0.994205,0.846937,-0.847228,0.025213,-0.008180,0.021692,0.368823,0.929211,0.704267,-0.731242,0.932924
459,3.825000,-0.023544,0.000179,-0.395210,-0.918289,0.588400,-0.594319,0.028556,0.026193,0.004854,-0.104191,-0.994201,0.846918,-0.847172,0.025181,-0.007822,0.021527,0.369010,0.929143,0.704184,-0.731203,0.932801
460,3.833333,-0.023547,0.000152,-0.395165,-0.918309,0.588392,-0.594310,0.028551,0.026683,0.004968,-0.104164,-0.994190,0.846907,-0.847128,0.025151,-0.007673,0.021705,0.369118,0.929097,0.704082,-0.731122,0.932780
461,3.841667,-0.023348,0.000292,-0.395124,-0.918331,0.588377,-0.594300,0.028562,0.026992,0.005069,-0.104163,-0.994181,0.846892,-0.847088,0.025134,-0.007560,0.021653,0.369404,0.928986,0.704010,-0.731036,0.932735
462,3.850000,-0.023242,0.000350,-0.395100,-0.918344,0.588360,-0.594292,0.028564,0.027296,0.005134,-0.104099,-0.994179,0.846887,-0.847063,0.025120,-0.007465,0.021758,0.369644,0.928889,0.703932,-0.730962,0.932705
463,3.858333,-0.023145,0.000354,-0.395078,-0.918356,0.588348,-0.594283,0.028565,0.027554,0.005247,-0.104102,-0.994171,0.846883,-0.847040,0.025103,-0.006810,0.022684,0.370183,0.928657,0.703613,-0.730831,0.932844
464,3.866667,-0.023008,0.000380,-0.395063,-0.918366,0.588335,-0.594273,0.028563,0.027793,0.005275,-0.104076,-0.994167,0.846868,-0.847015,0.025082,-0.006763,0.022644,0.370522,0.928523,0.703552,-0.730694,0.932836
465,3.875000,-0.022958,0.000535,-0.395073,-0.918363,0.588323,-0.594275,0.028559,0.028028,0.005306,-0.104021,-0.994166,0.846863,-0.846995,0.025071,-0.006859,0.022455,0.370983,0.928343,0.703527,-0.730526,0.932843
466,3.883333,-0.022884,0.000546,-0.395070,-0.918366,0.588317,-0.594272,0.028562,0.028242,0.005323,-0.103993,-0.994163,0.846861,-0.846973,0.025056,-0.007024,0.022419,0.371296,0.928217,0.703485,-0.730392,0.932855
467,3.891667,-0.022872,0.000584,-0.395091,-0.918357,0.588315,-0.594271,0.028560,0.028545,0.005438,-0.103992,-0.994154,0.846851,-0.846953,0.025036,-0.007519,0.022598,0.371497,0.928129,0.703389,-0.730207,0.932982
468,3.900000,-0.022814,0.000675,-0.395088,-0.918360,0.588312,-0.594269,0.028578,0.028843,0.005479,-0.103898,-0.994155,0.846853,-0.846930,0.025023,-0.007890,0.022696,0.371763,0.928017,0.703338,-0.730084,0.932990
469,3.908333,-0.022770,0.000649,-0.395109,-0.918352,0.588308,-0.594269,0.028571,0.029153,0.005574,-0.103869,-0.994148,0.846844,-0.846901,0.025009,-0.007948,0.022741,0.372103,0.927879,0.703303,-0.729923,0.932960
470,3.916667,-0.022715,0.000695,-0.395128,-0.918345,0.588308,-0.594270,0.028575,0.029360,0.005613,-0.103859,-0.994143,0.846839,-0.846877,0.024996,-0.008055,0.022766,0.372391,0.927762,0.703265,-0.729784,0.932955
471,3.925000,-0.022744,0.000672,-0.395182,-0.918321,0.588310,-0.594274,0.028572,0.029559,0.005688,-0.103826,-0.994140,0.846834,-0.846858,0.024985,-0.008229,0.022829,0.372621,0.927666,0.703233,-0.729636,0.932947
472,3.933333,-0.022770,0.000684,-0.395204,-0.918311,0.588314,-0.594275,0.028568,0.029725,0.005746,-0.103734,-0.994144,0.846829,-0.846832,0.024974,-0.008293,0.022794,0.372926,0.927544,0.703198,-0.729505,0.932955
473,3.941667,-0.022767,0.000675,-0.395230,-0.918300,0.588318,-0.594271,0.028572,0.029964,0.005787,-0.103714,-0.994139,0.846832,-0.846818,0.024967,-0.008436,0.022814,0.373137,0.927457,0.703194,-0.729368,0.932983
474,3.950000,-0.022752,0.000701,-0.395270,-0.918283,0.588322,-0.594271,0.028576,0.030060,0.005845,-0.103666,-0.994141,0.846821,-0.846803,0.024949,-0.008589,0.022906,0.373292,0.927391,0.703206,-0.729234,0.933018
475,3.958333,-0.022703,0.000702,-0.395287,-0.918277,0.588325,-0.594266,0.028577,0.030173,0.005885,-0.103585,-0.994145,0.846816,-0.846786,0.024938,-0.008005,0.022300,0.373672,0.927258,0.703319,-0.729103,0.932886
476,3.966667,-0.022684,0.000762,-0.395293,-0.918275,0.588328,-0.594262,0.028582,0.030336,0.005905,-0.103537,-0.994145,0.846812,-0.846775,0.024932,-0.008124,0.022279,0.373999,0.927126,0.703392,-0.728922,0.932880
477,3.975000,-0.022595,0.000745,-0.395349,-0.918253,0.588335,-0.594265,0.028580,0.030481,0.005969,-0.103475,-0.994147,0.846802,-0.846757,0.024924,-0.008108,0.022553,0.374102,0.927078,0.703487,-0.728808,0.932816
478,3.983333,-0.022662,0.000669,-0.395351,-0.918250,0.588333,-0.594261,0.028580,0.030642,0.006028,-0.103408,-0.994149,0.846801,-0.846748,0.024911,-0.008041,0.022555,0.374223,0.927030,0.703552,-0.728665,0.932815
479,3.991667,-0.022555,0.000716,-0.395372,-0.918244,0.588334,-0.594259,0.028583,0.030796,0.006064,-0.103367,-0.994148,0.846796,-0.846724,0.024899,-0.008303,0.022593,0.374316,0.926989,0.703587,-0.728490,0.932865
480,4.000000,-0.022639,0.000710,-0.395407,-0.918227,0.588347,-0.594264,0.028581,0.030933,0.006044,-0.103252,-0.994156,0.846789,-0.846703,0.024887,-0.008238,0.022542,0.374349,0.926977,0.703668,-0.728344,0.932852
481,4.008333,-0.022639,0.000683,-0.395434,-0.918215,0.588347,-0.594257,0.028577,0.031146,0.006186,-0.103196,-0.994154,0.846785,-0.846681,0.024875,-0.008378,0.022507,0.374394,0.926959,0.703751,-0.728180,0.932893
482,4.016667,-0.022727,0.000570,-0.395492,-0.918188,0.588347,-0.594249,0.028572,0.031364,0.006197,-0.103107,-0.994156,0.846780,-0.846657,0.024861,-0.007752,0.022154,0.374615,0.926883,0.703919,-0.728014,0.932752
483,4.025000,-0.022677,0.000658,-0.395481,-0.918194,0.588354,-0.594255,0.028567,0.031596,0.006287,-0.103076,-0.994152,0.846781,-0.846643,0.024853,-0.007539,0.022040,0.374658,0.926870,0.704043,-0.727873,0.932730
484,4.033333,-0.022723,0.000579,-0.395500,-0.918185,0.588360,-0.594256,0.028572,0.031902,0.006345,-0.102974,-0.994152,0.846782,-0.846616,0.024841,-0.007402,0.022016,0.374769,0.926827,0.704203,-0.727703,0.932718
485,4.041667,-0.022673,0.000586,-0.395539,-0.918169,0.588364,-0.594253,0.028573,0.032302,0.006436,-0.102924,-0.994144,0.846777,-0.846595,0.024828,-0.007176,0.021862,0.374828,0.926809,0.704338,-0.727537,0.932680
486,4.050000,-0.022734,0.000556,-0.395572,-0.918153,0.588379,-0.594248,0.028574,0.032554,0.006482,-0.102872,-0.994141,0.846776,-0.846562,0.024815,-0.006871,0.021818,0.375027,0.926732,0.704549,-0.727365,0.932602
487,4.058333,-0.022767,0.000506,-0.395590,-0.918145,0.588377,-0.594249,0.028566,0.032846,0.006530,-0.102800,-0.994138,0.846768,-0.846541,0.024812,-0.006609,0.021281,0.375237,0.926661,0.704661,-0.727155,0.932620
488,4.066667,-0.022727,0.000518,-0.395634,-0.918127,0.588383,-0.594245,0.028565,0.033275,0.006357,-0.103025,-0.994102,0.846778,-0.846540,0.024834,-0.006334,0.021153,0.375324,0.926631,0.704791,-0.726958,0.932614
489,4.075000,-0.022682,0.000540,-0.395681,-0.918108,0.588390,-0.594241,0.028561,0.033338,0.006168,-0.103247,-0.994078,0.846822,-0.846547,0.024895,-0.005929,0.020933,0.375565,0.926541,0.704964,-0.726783,0.932553
490,4.083333,-0.022774,0.000452,-0.395697,-0.918099,0.588388,-0.594239,0.028559,0.033791,0.006220,-0.103278,-0.994059,0.846826,-0.846519,0.024887,-0.005484,0.020743,0.375721,0.926484,0.705144,-0.726625,0.932500
491,4.091667,-0.022737,0.000454,-0.395734,-0.918084,0.588395,-0.594237,0.028560,0.034353,0.006310,-0.103254,-0.994042,0.846826,-0.846485,0.024883,-0.005237,0.020688,0.375995,0.926376,0.705344,-0.726448,0.932481
492,4.100000,-0.022674,0.000484,-0.395761,-0.918074,0.588396,-0.594234,0.028560,0.034951,0.006440,-0.103228,-0.994023,0.846824,-0.846447,0.024873,-0.004918,0.020860,0.376219,0.926283,0.705563,-0.726252,0.932450
493,4.108333,-0.022665,0.000456,-0.395805,-0.918055,0.588407,-0.594238,0.028572,0.033243,0.006614,-0.102120,-0.994195,0.846712,-0.846278,0.024757,-0.004273,0.020538,0.376676,0.926108,0.705737,-0.726046,0.932345
494,4.116667,-0.022720,0.000444,-0.395847,-0.918035,0.588411,-0.594240,0.028569,0.037238,0.006473,-0.103497,-0.993911,0.846847,-0.846429,0.024899,-0.003822,0.020630,0.376940,0.926000,0.705919,-0.725871,0.932294
495,4.125000,-0.022754,0.000439,-0.395875,-0.918022,0.588418,-0.594244,0.028562,0.037822,0.006627,-0.103430,-0.993895,0.846844,-0.846395,0.024881,-0.003423,0.020513,0.377204,0.925897,0.706099,-0.725658,0.932247
496,4.133333,-0.022667,0.000520,-0.395924,-0.918004,0.588428,-0.594249,0.028574,0.038381,0.006719,-0.103436,-0.993873,0.846840,-0.846352,0.024863,-0.003265,0.020455,0.377648,0.925718,0.706283,-0.725417,0.932277
497,4.141667,-0.022765,0.000427,-0.395968,-0.917982,0.588433,-0.594246,0.028565,0.038971,0.006908,-0.103403,-0.993852,0.846841,-0.846318,0.024841,-0.003046,0.020329,0.378167,0.925509,0.706513,-0.725160,0.932270
498,4.150000,-0.022731,0.000411,-0.395996,-0.917971,0.588440,-0.594251,0.028574,0.038997,0.007372,-0.102816,-0.993908,0.846817,-0.846236,0.024776,-0.002687,0.020284,0.378542,0.925358,0.706698,-0.724980,0.932181
499,4.158333,-0.022734,0.000418,-0.396047,-0.917949,0.588449,-0.594249,0.028571,0.039174,0.007404,-0.102764,-0.993907,0.846806,-0.846203,0.024768,-0.002408,0.020263,0.378918,0.925205,0.706853,-0.724774,0.932144
500,4.166667,-0.022770,0.000371,-0.396097,-0.917926,0.588454,-0.594257,0.028574,0.039476,0.007520,-0.102744,-0.993896,0.846813,-0.846176,0.024767,-0.002210,0.020448,0.379406,0.925002,0.707039,-0.724590,0.932097
501,4.175000,-0.022823,0.000335,-0.396138,-0.917907,0.588463,-0.594266,0.028578,0.039849,0.007554,-0.102746,-0.993881,0.846818,-0.846155,0.024750,-0.002101,0.020581,0.380013,0.924750,0.707227,-0.724318,0.932066
502,4.183333,-0.022846,0.000327,-0.396169,-0.917893,0.588466,-0.594261,0.028572,0.040036,0.007579,-0.102698,-0.993878,0.846829,-0.846137,0.024744,-0.002120,0.020583,0.380467,0.924563,0.707352,-0.724103,0.932081
503,4.191667,-0.023010,0.000320,-0.396241,-0.917858,0.588448,-0.594262,0.028571,0.040207,0.007666,-0.102647,-0.993875,0.846825,-0.846100,0.024728,-0.001926,0.020430,0.380960,0.924364,0.707507,-0.723884,0.932070
504,4.200000,-0.023121,0.000233,-0.396264,-0.917846,0.588455,-0.594259,0.028558,0.040288,0.007673,-0.102582,-0.993879,0.846812,-0.846053,0.024689,-0.001889,0.020533,0.381360,0.924197,0.707644,-0.723649,0.932085
505,4.208333,-0.023275,0.000186,-0.396245,-0.917850,0.588457,-0.594256,0.028560,0.039958,0.007662,-0.102505,-0.993900,0.846811,-0.845996,0.024677,-0.001785,0.020971,0.381762,0.924021,0.707830,-0.723442,0.932057
506,4.216667,-0.023218,0.000181,-0.396284,-0.917834,0.588458,-0.594256,0.028561,0.039867,0.007635,-0.102331,-0.993922,0.846792,-0.845947,0.024631,-0.001904,0.021271,0.381985,0.923922,0.707966,-0.723277,0.932033
507,4.225000,-0.023250,0.000137,-0.396285,-0.917833,0.588465,-0.594257,0.028561,0.039687,0.007620,-0.102236,-0.993939,0.846776,-0.845905,0.024614,-0.001921,0.021298,0.382191,0.923836,0.708088,-0.723091,0.932068
508,4.233333,-0.023298,0.000074,-0.396291,-0.917829,0.588471,-0.594257,0.028553,0.039708,0.007641,-0.102152,-0.993947,0.846767,-0.845876,0.024593,-0.001637,0.021520,0.382362,0.923761,0.708271,-0.722919,0.932044
509,4.241667,-0.023268,0.000114,-0.396314,-0.917820,0.588475,-0.594262,0.028562,0.039892,0.007609,-0.102121,-0.993943,0.846765,-0.845863,0.024584,-0.001536,0.021787,0.382465,0.923712,0.708378,-0.722713,0.932140
510,4.250000,-0.023375,0.000063,-0.396316,-0.917816,0.588485,-0.594267,0.028561,0.040166,0.007679,-0.102123,-0.993931,0.846765,-0.845850,0.024579,-0.001424,0.021829,0.382535,0.923682,0.708494,-0.722525,0.932224
511,4.258333,-0.023376,0.000053,-0.396324,-0.917813,0.588489,-0.594265,0.028559,0.040467,0.007714,-0.102124,-0.993918,0.846772,-0.845839,0.024575,-0.000807,0.021783,0.382659,0.923633,0.708770,-0.722375,0.932098
512,4.266667,-0.023419,-0.000010,-0.396372,-0.917791,0.588492,-0.594271,0.028560,0.040771,0.007817,-0.102139,-0.993904,0.846788,-0.845834,0.024584,-0.000900,0.022254,0.382611,0.923641,0.708880,-0.722169,0.932170
513,4.275000,-0.023446,-0.000164,-0.396368,-0.917792,0.588512,-0.594265,0.028579,0.041030,0.007819,-0.102131,-0.993894,0.846799,-0.845830,0.024594,-0.001845,0.022772,0.382488,0.923678,0.709003,-0.722009,0.932212
514,4.283333,-0.023463,-0.000005,-0.396406,-0.917775,0.588511,-0.594285,0.028564,0.041348,0.007878,-0.102128,-0.993880,0.846812,-0.845829,0.024598,-0.002465,0.022792,0.382244,0.923777,0.709226,-0.721883,0.932124
515,4.291667,-0.023481,-0.000034,-0.396404,-0.917776,0.588516,-0.594288,0.028560,0.041624,0.007931,-0.102146,-0.993867,0.846815,-0.845820,0.024595,-0.002543,0.021919,0.382097,0.923859,0.709508,-0.721767,0.932020
516,4.300000,-0.023534,-0.000229,-0.396417,-0.917769,0.588524,-0.594278,0.028580,0.042420,0.008157,-0.102114,-0.993834,0.846815,-0.845810,0.024547,-0.002669,0.021594,0.381960,0.923923,0.709809,-0.721621,0.931951
517,4.308333,-0.023560,-0.000300,-0.396420,-0.917767,0.588530,-0.594279,0.028585,0.042673,0.008240,-0.102088,-0.993826,0.846814,-0.845794,0.024534,-0.002544,0.020969,0.381933,0.923949,0.710197,-0.721563,0.931635
518,4.316667,-0.023573,-0.000268,-0.396402,-0.917774,0.588538,-0.594277,0.028581,0.042864,0.008247,-0.102040,-0.993822,0.846810,-0.845774,0.024527,-0.002438,0.020832,0.381814,0.924001,0.710424,-0.721479,0.931522
519,4.325000,-0.023555,-0.000035,-0.396445,-0.917756,0.588534,-0.594297,0.028559,0.042929,0.008257,-0.101967,-0.993827,0.846800,-0.845750,0.024524,-0.002589,0.021236,0.381650,0.924059,0.710514,-0.721393,0.931550
520,4.333333,-0.023564,-0.000067,-0.396439,-0.917758,0.588532,-0.594299,0.028561,0.043133,0.008296,-0.101952,-0.993819,0.846799,-0.845722,0.024518,-0.002784,0.021603,0.381443,0.924136,0.710579,-0.721313,0.931581
521,4.341667,-0.023626,-0.000302,-0.396413,-0.917768,0.588540,-0.594284,0.028578,0.043359,0.008371,-0.101932,-0.993811,0.846783,-0.845696,0.024506,-0.002962,0.021814,0.381301,0.924189,0.710676,-0.721218,0.931592
522,4.350000,-0.023655,-0.000325,-0.396426,-0.917762,0.588541,-0.594289,0.028576,0.043346,0.008250,-0.101987,-0.993807,0.846766,-0.845696,0.024514,-0.002998,0.021757,0.381324,0.924181,0.710756,-0.721104,0.931610
523,4.358333,-0.023642,-0.000317,-0.396433,-0.917759,0.588537,-0.594285,0.028575,0.043514,0.008299,-0.101900,-0.993808,0.846758,-0.845672,0.024514,-0.003317,0.022161,0.381242,0.924204,0.710793,-0.720990,0.931729
524,4.366667,-0.023603,-0.000290,-0.396427,-0.917763,0.588535,-0.594289,0.028582,0.043798,0.008360,-0.101897,-0.993795,0.846748,-0.845648,0.024507,-0.003276,0.022356,0.381266,0.924189,0.710873,-0.720870,0.931722
525,4.375000,-0.023638,-0.000344,-0.396468,-0.917744,0.588535,-0.594291,0.028576,0.044138,0.008441,-0.101878,-0.993781,0.846749,-0.845616,0.024505,-0.003274,0.022485,0.381240,0.924197,0.710943,-0.720783,0.931712
526,4.383333,-0.023668,-0.000146,-0.396459,-0.917748,0.588525,-0.594303,0.028557,0.045030,0.008732,-0.101681,-0.993759,0.846764,-0.845581,0.024478,-0.003419,0.022657,0.381229,0.924197,0.711018,-0.720683,0.931714
527,4.391667,-0.023713,-0.000367,-0.396493,-0.917731,0.588535,-0.594292,0.028576,0.045119,0.008667,-0.101749,-0.993749,0.846745,-0.845559,0.024497,-0.003634,0.022877,0.381221,0.924194,0.711099,-0.720589,0.931721
528,4.400000,-0.023704,-0.000328,-0.396515,-0.917722,0.588534,-0.594291,0.028573,0.045948,0.008881,-0.101630,-0.993721,0.846757,-0.845527,0.024466,-0.003780,0.023229,0.381212,0.924188,0.711208,-0.720505,0.931710
529,4.408333,-0.023707,-0.000326,-0.396547,-0.917708,0.588531,-0.594288,0.028570,0.045996,0.008813,-0.101660,-0.993716,0.846732,-0.845495,0.024491,-0.003889,0.023370,0.381329,0.924136,0.711323,-0.720416,0.931682
530,4.416667,-0.023696,-0.000328,-0.396549,-0.917708,0.588536,-0.594293,0.028576,0.046716,0.008586,-0.101953,-0.993655,0.846737,-0.845485,0.024507,-0.003629,0.023196,0.381486,0.924077,0.711442,-0.720320,0.931580
531,4.425000,-0.023753,-0.000351,-0.396550,-0.917706,0.588535,-0.594296,0.028569,0.047712,0.008878,-0.101941,-0.993606,0.846755,-0.845440,0.024499,-0.003613,0.023242,0.381622,0.924019,0.711553,-0.720260,0.931551
532,4.433333,-0.023795,-0.000372,-0.396586,-0.917689,0.588537,-0.594305,0.028570,0.048110,0.008867,-0.102037,-0.993577,0.846721,-0.845411,0.024507,-0.003542,0.023346,0.381728,0.923973,0.711660,-0.720181,0.931495
533,4.441667,-0.023824,-0.000379,-0.396587,-0.917688,0.588537,-0.594308,0.028576,0.050299,0.009327,-0.102292,-0.993438,0.846773,-0.845467,0.024530,-0.003703,0.023623,0.381914,0.923889,0.711783,-0.720108,0.931451
534,4.450000,-0.023837,-0.000433,-0.396583,-0.917689,0.588540,-0.594308,0.028575,0.050787,0.009484,-0.102387,-0.993402,0.846747,-0.845423,0.024545,-0.003778,0.023828,0.382191,0.923768,0.711889,-0.720025,0.931449
535,4.458333,-0.023730,-0.000177,-0.396644,-0.917666,0.588535,-0.594324,0.028560,0.051856,0.009786,-0.102248,-0.993358,0.846743,-0.845352,0.024519,-0.003626,0.023845,0.382450,0.923661,0.711998,-0.719930,0.931401
536,4.466667,-0.023807,-0.000348,-0.396639,-0.917666,0.588546,-0.594317,0.028578,0.052477,0.009861,-0.102353,-0.993314,0.846706,-0.845307,0.024535,-0.003526,0.023844,0.382806,0.923514,0.712085,-0.719788,0.931402
537,4.475000,-0.023798,-0.000204,-0.396715,-0.917633,0.588541,-0.594339,0.028564,0.053200,0.010079,-0.102310,-0.993278,0.846672,-0.845228,0.024522,-0.003329,0.023799,0.383083,0.923401,0.712178,-0.719702,0.931351
538,4.483333,-0.023786,-0.000189,-0.396711,-0.917635,0.588540,-0.594336,0.028564,0.054150,0.010306,-0.102287,-0.993227,0.846646,-0.845159,0.024510,-0.003375,0.023751,0.383417,0.923264,0.712280,-0.719573,0.931344
539,4.491667,-0.023804,-0.000389,-0.396715,-0.917633,0.588549,-0.594324,0.028587,0.054974,0.010522,-0.102248,-0.993183,0.846622,-0.845083,0.024506,-0.003343,0.023994,0.383664,0.923155,0.712374,-0.719473,0.931314
540,4.500000,-0.023800,-0.000229,-0.396738,-0.917623,0.588543,-0.594342,0.028569,0.055875,0.010726,-0.102195,-0.993136,0.846598,-0.845013,0.024491,-0.003363,0.024221,0.384000,0.923009,0.712504,-0.719356,0.931274
541,4.508333,-0.023765,-0.000418,-0.396774,-0.917609,0.588552,-0.594325,0.028585,0.056608,0.010879,-0.102146,-0.993098,0.846577,-0.844942,0.024485,-0.003399,0.024457,0.384371,0.922849,0.712641,-0.719218,0.931243
542,4.516667,-0.023805,-0.000425,-0.396825,-0.917585,0.588557,-0.594331,0.028595,0.057713,0.011094,-0.101932,-0.993054,0.846582,-0.844876,0.024446,-0.003132,0.024550,0.384726,0.922699,0.712782,-0.719120,0.931137
543,4.525000,-0.023805,-0.000422,-0.396870,-0.917566,0.588563,-0.594335,0.028596,0.058269,0.011201,-0.101858,-0.993028,0.846565,-0.844819,0.024428,-0.002873,0.024472,0.385132,0.922532,0.712922,-0.718993,0.931062
544,4.533333,-0.023805,-0.000418,-0.396938,-0.917537,0.588570,-0.594343,0.028589,0.058788,0.011261,-0.101775,-0.993005,0.846562,-0.844772,0.024434,-0.002815,0.024472,0.385536,0.922364,0.713069,-0.718850,0.931023
545,4.541667,-0.023886,-0.000464,-0.397016,-0.917501,0.588580,-0.594353,0.028586,0.059225,0.011367,-0.101760,-0.992979,0.846543,-0.844735,0.024414,-0.002786,0.024695,0.385920,0.922198,0.713239,-0.718712,0.930980
546,4.550000,-0.024030,-0.000442,-0.397071,-0.917473,0.588578,-0.594365,0.028588,0.059685,0.011419,-0.101726,-0.992955,0.846535,-0.844698,0.024411,-0.002720,0.024756,0.386396,0.921997,0.713405,-0.718539,0.930941
547,4.558333,-0.024074,-0.000591,-0.397130,-0.917446,0.588601,-0.594361,0.028593,0.060222,0.011474,-0.101742,-0.992920,0.846527,-0.844672,0.024398,-0.002578,0.024598,0.386896,0.921792,0.713568,-0.718320,0.930896
548,4.566667,-0.024109,-0.000614,-0.397207,-0.917412,0.588607,-0.594359,0.028599,0.060516,0.011528,-0.101676,-0.992908,0.846522,-0.844640,0.024396,-0.002479,0.024376,0.387429,0.921574,0.713733,-0.718090,0.930915
549,4.575000,-0.024182,-0.000681,-0.397280,-0.917379,0.588618,-0.594365,0.028595,0.060879,0.011594,-0.101589,-0.992894,0.846519,-0.844606,0.024391,-0.002258,0.024246,0.387897,0.921381,0.713889,-0.717857,0.930874
550,4.583333,-0.024265,-0.000795,-0.397364,-0.917340,0.588629,-0.594365,0.028599,0.061325,0.011652,-0.101581,-0.992867,0.846510,-0.844579,0.024378,-0.002372,0.024389,0.388439,0.921149,0.714096,-0.717629,0.930862
551,4.591667,-0.024440,-0.000848,-0.397434,-0.917305,0.588648,-0.594371,0.028595,0.061629,0.011745,-0.101513,-0.992854,0.846509,-0.844546,0.024384,-0.002221,0.024505,0.388890,0.920956,0.714282,-0.717384,0.930829
552,4.600000,-0.024491,-0.000942,-0.397512,-0.917270,0.588660,-0.594376,0.028598,0.061910,0.011744,-0.101443,-0.992844,0.846504,-0.844526,0.024377,-0.002153,0.024519,0.389229,0.920812,0.714462,-0.717176,0.930825
553,4.608333,-0.024605,-0.001048,-0.397576,-0.917239,0.588678,-0.594376,0.028601,0.062155,0.011750,-0.101396,-0.992833,0.846502,-0.844510,0.024379,-0.001975,0.024506,0.389575,0.920667,0.714641,-0.716958,0.930805
554,4.616667,-0.024562,-0.001060,-0.397643,-0.917211,0.588689,-0.594380,0.028599,0.062276,0.011721,-0.101330,-0.992833,0.846490,-0.844483,0.024365,-0.001916,0.024405,0.390113,0.920442,0.714880,-0.716710,0.930780
555,4.625000,-0.024672,-0.001190,-0.397724,-0.917173,0.588706,-0.594381,0.028606,0.062658,0.011793,-0.101315,-0.992809,0.846492,-0.844462,0.024364,-0.001617,0.024219,0.390606,0.920238,0.715084,-0.716411,0.930783
556,4.633333,-0.024874,-0.001347,-0.397768,-0.917148,0.588723,-0.594385,0.028609,0.062731,0.011802,-0.101293,-0.992807,0.846487,-0.844448,0.024362,-0.001421,0.024075,0.391020,0.920066,0.715285,-0.716136,0.930772
557,4.641667,-0.024882,-0.001408,-0.397840,-0.917116,0.588738,-0.594377,0.028614,0.062989,0.011868,-0.101263,-0.992793,0.846489,-0.844436,0.024370,-0.001233,0.023945,0.391365,0.919923,0.715491,-0.715916,0.930749
558,4.650000,-0.024944,-0.001551,-0.397896,-0.917090,0.588752,-0.594375,0.028617,0.063269,0.011880,-0.101221,-0.992779,0.846485,-0.844425,0.024358,-0.001233,0.024461,0.391684,0.919774,0.715728,-0.715689,0.930686
559,4.658333,-0.025006,-0.001664,-0.397977,-0.917053,0.588769,-0.594365,0.028620,0.063363,0.011868,-0.101139,-0.992782,0.846490,-0.844409,0.024358,-0.001092,0.024476,0.391952,0.919659,0.715938,-0.715471,0.930658
560,4.666667,-0.024966,-0.001705,-0.398046,-0.917024,0.588790,-0.594361,0.028613,0.063566,0.011844,-0.101143,-0.992769,0.846488,-0.844396,0.024357,-0.001084,0.024579,0.392206,0.919548,0.716172,-0.715239,0.930625
561,4.675000,-0.025073,-0.001836,-0.398056,-0.917016,0.588805,-0.594367,0.028621,0.063654,0.011869,-0.101070,-0.992770,0.846487,-0.844371,0.024351,-0.000799,0.024209,0.392481,0.919441,0.716385,-0.714960,0.930605
562,4.683333,-0.025053,-0.001903,-0.398115,-0.916991,0.588818,-0.594351,0.028624,0.063791,0.011855,-0.101021,-0.992766,0.846484,-0.844351,0.024354,-0.000606,0.023891,0.392842,0.919295,0.716617,-0.714644,0.930616
563,4.691667,-0.025184,-0.002022,-0.398176,-0.916961,0.588839,-0.594352,0.028614,0.064026,0.011881,-0.100994,-0.992754,0.846489,-0.844335,0.024345,-0.000373,0.023709,0.393200,0.919147,0.716911,-0.714394,0.930508
564,4.700000,-0.025268,-0.002151,-0.398229,-0.916935,0.588856,-0.594343,0.028619,0.064255,0.011911,-0.100940,-0.992744,0.846494,-0.844321,0.024358,-0.000333,0.023927,0.393340,0.919082,0.717126,-0.714116,0.930510
565,4.708333,-0.025235,-0.002184,-0.398324,-0.916895,0.588879,-0.594342,0.028619,0.064163,0.011731,-0.101066,-0.992739,0.846479,-0.844326,0.024382,-0.000289,0.024134,0.393498,0.919009,0.717348,-0.713853,0.930510
566,4.716667,-0.025270,-0.002254,-0.398378,-0.916871,0.588902,-0.594340,0.028622,0.064279,0.011703,-0.100997,-0.992739,0.846477,-0.844303,0.024381,-0.000122,0.023906,0.393661,0.918945,0.717562,-0.713583,0.930495
567,4.725000,-0.025291,-0.002362,-0.398427,-0.916848,0.588918,-0.594333,0.028623,0.064535,0.011709,-0.100967,-0.992725,0.846488,-0.844292,0.024386,-0.000077,0.023799,0.394038,0.918786,0.717838,-0.713324,0.930479
568,4.733333,-0.025407,-0.002473,-0.398469,-0.916826,0.588924,-0.594336,0.028613,0.064716,0.011713,-0.100957,-0.992715,0.846485,-0.844280,0.024377,0.000113,0.023622,0.394388,0.918640,0.718092,-0.713055,0.930420
569,4.741667,-0.025406,-0.002536,-0.398529,-0.916800,0.588940,-0.594336,0.028624,0.064853,0.011669,-0.100908,-0.992711,0.846490,-0.844259,0.024379,0.000009,0.023552,0.394660,0.918526,0.718284,-0.712782,0.930474
570,4.750000,-0.025346,-0.002505,-0.398577,-0.916781,0.588955,-0.594330,0.028617,0.064842,0.011554,-0.100867,-0.992718,0.846484,-0.844240,0.024376,0.000127,0.023681,0.394782,0.918470,0.718462,-0.712551,0.930454
571,4.758333,-0.025381,-0.002672,-0.398649,-0.916748,0.588972,-0.594324,0.028623,0.065091,0.011665,-0.100835,-0.992703,0.846492,-0.844233,0.024384,0.000078,0.023631,0.395178,0.918301,0.718715,-0.712291,0.930398
572,4.766667,-0.025437,-0.002729,-0.398720,-0.916716,0.588987,-0.594324,0.028621,0.065189,0.011606,-0.100784,-0.992703,0.846491,-0.844216,0.024383,0.000110,0.023765,0.395522,0.918149,0.718930,-0.711997,0.930354
573,4.775000,-0.025383,-0.002764,-0.398780,-0.916691,0.588998,-0.594310,0.028616,0.065388,0.011575,-0.100782,-0.992690,0.846492,-0.844206,0.024376,0.000145,0.023791,0.395811,0.918024,0.719120,-0.711738,0.930338
574,4.783333,-0.025412,-0.002858,-0.398843,-0.916663,0.589013,-0.594309,0.028626,0.065499,0.011607,-0.100769,-0.992684,0.846492,-0.844183,0.024382,0.000354,0.023886,0.395978,0.917949,0.719290,-0.711530,0.930303
575,4.791667,-0.025472,-0.002895,-0.398919,-0.916628,0.589026,-0.594311,0.028621,0.065695,0.011623,-0.100738,-0.992674,0.846494,-0.844182,0.024376,0.000471,0.023979,0.396329,0.917795,0.719467,-0.711269,0.930292
576,4.800000,-0.025480,-0.002941,-0.398975,-0.916603,0.589043,-0.594308,0.028620,0.065784,0.011614,-0.100700,-0.992672,0.846498,-0.844163,0.024380,0.000059,0.024248,0.396694,0.917631,0.719636,-0.710992,0.930340
577,4.808333,-0.025607,-0.003099,-0.399033,-0.916574,0.589054,-0.594300,0.028627,0.065929,0.011547,-0.100700,-0.992663,0.846497,-0.844152,0.024374,0.000141,0.024208,0.396984,0.917506,0.719805,-0.710767,0.930280
578,4.816667,-0.025543,-0.003076,-0.399093,-0.916549,0.589069,-0.594300,0.028620,0.066083,0.011546,-0.100654,-0.992657,0.846509,-0.844141,0.024378,0.000362,0.024215,0.397238,0.917396,0.719953,-0.710579,0.930229
579,4.825000,-0.025542,-0.003156,-0.399157,-0.916521,0.589079,-0.594297,0.028630,0.066223,0.011555,-0.100653,-0.992648,0.846507,-0.844136,0.024379,0.000482,0.023977,0.397514,0.917283,0.720111,-0.710333,0.930197
580,4.833333,-0.025549,-0.003178,-0.399229,-0.916490,0.589094,-0.594297,0.028626,0.066322,0.011540,-0.100595,-0.992647,0.846502,-0.844120,0.024371,0.000380,0.024054,0.397886,0.917119,0.720307,-0.710092,0.930201
581,4.841667,-0.025537,-0.003254,-0.399288,-0.916464,0.589109,-0.594292,0.028633,0.066367,0.011537,-0.100545,-0.992650,0.846504,-0.844112,0.024382,-0.000078,0.024353,0.398187,0.916981,0.720482,-0.709873,0.930272
582,4.850000,-0.025492,-0.003230,-0.399341,-0.916442,0.589111,-0.594294,0.028630,0.066487,0.011563,-0.100555,-0.992640,0.846505,-0.844103,0.024376,-0.000087,0.024480,0.398448,0.916864,0.720635,-0.709700,0.930270
583,4.858333,-0.025555,-0.003267,-0.399392,-0.916418,0.589124,-0.594294,0.028632,0.066643,0.011511,-0.100555,-0.992630,0.846500,-0.844103,0.024367,0.000146,0.024361,0.398722,0.916748,0.720761,-0.709519,0.930243
584,4.866667,-0.025536,-0.003319,-0.399444,-0.916396,0.589129,-0.594293,0.028624,0.066663,0.011576,-0.100503,-0.992634,0.846504,-0.844097,0.024367,0.000506,0.023729,0.399046,0.916624,0.720873,-0.709339,0.930216
585,4.875000,-0.025574,-0.003352,-0.399473,-0.916382,0.589141,-0.594288,0.028635,0.066772,0.011498,-0.100552,-0.992622,0.846502,-0.844097,0.024373,0.000568,0.023867,0.399225,0.916542,0.720983,-0.709192,0.930213
586,4.883333,-0.025539,-0.003448,-0.399501,-0.916371,0.589146,-0.594285,0.028633,0.066809,0.011543,-0.100491,-0.992625,0.846505,-0.844088,0.024369,0.000685,0.023917,0.399545,0.916401,0.721113,-0.709024,0.930210
587,4.891667,-0.025717,-0.003560,-0.399538,-0.916349,0.589154,-0.594281,0.028639,0.066918,0.011503,-0.100504,-0.992617,0.846505,-0.844094,0.024375,0.000807,0.023831,0.399930,0.916236,0.721236,-0.708864,0.930196
588,4.900000,-0.025728,-0.003596,-0.399559,-0.916339,0.589159,-0.594277,0.028634,0.066962,0.011484,-0.100486,-0.992616,0.846503,-0.844083,0.024364,0.000627,0.024314,0.400151,0.916126,0.721334,-0.708719,0.930223
589,4.908333,-0.025631,-0.003580,-0.399632,-0.916310,0.589171,-0.594278,0.028644,0.067111,0.011509,-0.100462,-0.992608,0.846509,-0.844080,0.024364,0.000801,0.024410,0.400357,0.916034,0.721417,-0.708584,0.930220
590,4.916667,-0.025719,-0.003715,-0.399651,-0.916299,0.589176,-0.594270,0.028647,0.067153,0.011532,-0.100473,-0.992604,0.846509,-0.844076,0.024364,0.000840,0.024352,0.400593,0.915932,0.721483,-0.708429,0.930228
591,4.925000,-0.025761,-0.003711,-0.399726,-0.916265,0.589189,-0.594276,0.028645,0.067066,0.011515,-0.100466,-0.992611,0.846505,-0.844068,0.024361,0.000880,0.024392,0.400780,0.915849,0.721549,-0.708304,0.930230
592,4.933333,-0.025798,-0.003788,-0.399785,-0.916238,0.589191,-0.594279,0.028642,0.067181,0.011536,-0.100446,-0.992605,0.846501,-0.844066,0.024368,0.001026,0.024352,0.400976,0.915764,0.721609,-0.708204,0.930207
593,4.941667,-0.025837,-0.003868,-0.399829,-0.916218,0.589197,-0.594283,0.028648,0.067271,0.011509,-0.100470,-0.992597,0.846494,-0.844066,0.024365,0.001110,0.024371,0.401146,0.915689,0.721651,-0.708101,0.930186
594,4.950000,-0.025891,-0.003881,-0.399860,-0.916202,0.589210,-0.594284,0.028643,0.067354,0.011557,-0.100433,-0.992594,0.846501,-0.844063,0.024367,0.001098,0.024520,0.401456,0.915549,0.721732,-0.707989,0.930148
595,4.958333,-0.025933,-0.003939,-0.399923,-0.916173,0.589215,-0.594281,0.028641,0.067399,0.011558,-0.100433,-0.992591,0.846493,-0.844059,0.024364,0.001244,0.024348,0.401839,0.915386,0.721823,-0.707873,0.930138
596,4.966667,-0.025884,-0.003909,-0.399969,-0.916155,0.589220,-0.594282,0.028640,0.067535,0.011547,-0.100409,-0.992584,0.846493,-0.844057,0.024364,0.001648,0.023869,0.402109,0.915279,0.721870,-0.707765,0.930089
597,4.975000,-0.025879,-0.003906,-0.400014,-0.916135,0.589222,-0.594279,0.028640,0.067552,0.011566,-0.100393,-0.992585,0.846493,-0.844052,0.024357,0.001564,0.024024,0.402350,0.915169,0.721924,-0.707668,0.930098
598,4.983333,-0.025764,-0.003890,-0.400022,-0.916135,0.589226,-0.594284,0.028648,0.067570,0.011571,-0.100400,-0.992583,0.846489,-0.844050,0.024356,0.001664,0.024092,0.402494,0.915104,0.721960,-0.707597,0.930070
599,4.991667,-0.025832,-0.003890,-0.400039,-0.916126,0.589228,-0.594275,0.028645,0.067599,0.011555,-0.100401,-0.992581,0.846487,-0.844051,0.024360,0.001781,0.024010,0.402649,0.915038,0.721994,-0.707532,0.930055
600,5.000000,-0.025827,-0.003921,-0.400035,-0.916128,0.589226,-0.594273,0.028649,0.067671,0.011601,-0.100379,-0.992577,0.846481,-0.844045,0.024349,0.001938,0.023856,0.402818,0.914967,0.722030,-0.707472,0.930046
601,5.008333,-0.025844,-0.003891,-0.400055,-0.916119,0.589229,-0.594275,0.028640,0.067683,0.011590,-0.100432,-0.992571,0.846485,-0.844046,0.024357,0.001894,0.024045,0.402928,0.914914,0.722058,-0.707415,0.930041
602,5.016667,-0.025767,-0.003892,-0.400101,-0.916100,0.589233,-0.594271,0.028646,0.067712,0.011608,-0.100418,-0.992571,0.846484,-0.844043,0.024357,0.001880,0.024043,0.403082,0.914846,0.722089,-0.707373,0.930054
603,5.025000,-0.025731,-0.003923,-0.400091,-0.916106,0.589236,-0.594264,0.028648,0.067749,0.011604,-0.100395,-0.992571,0.846483,-0.844039,0.024354,0.001835,0.024139,0.403198,0.914793,0.722113,-0.707329,0.930065
604,5.033333,-0.025771,-0.003919,-0.400110,-0.916096,0.589236,-0.594274,0.028645,0.067624,0.011538,-0.100388,-0.992581,0.846479,-0.844039,0.024349,0.001826,0.024065,0.403287,0.914755,0.722143,-0.707289,0.930065
605,5.041667,-0.025743,-0.003959,-0.400129,-0.916089,0.589245,-0.594272,0.028652,0.067684,0.011532,-0.100387,-0.992577,0.846478,-0.844039,0.024359,0.001815,0.024083,0.403379,0.914714,0.722166,-0.707271,0.930052
606,5.050000,-0.025759,-0.003903,-0.400168,-0.916072,0.589242,-0.594275,0.028648,0.067804,0.011587,-0.100403,-0.992566,0.846476,-0.844040,0.024349,0.001713,0.024180,0.403451,0.914680,0.722196,-0.707238,0.930075
607,5.058333,-0.025767,-0.003884,-0.400178,-0.916067,0.589246,-0.594275,0.028649,0.067741,0.011598,-0.100381,-0.992573,0.846480,-0.844038,0.024354,0.001612,0.024083,0.403663,0.914589,0.722262,-0.707174,0.930104
608,5.066667,-0.025807,-0.003892,-0.400183,-0.916064,0.589252,-0.594279,0.028649,0.067762,0.011600,-0.100375,-0.992572,0.846477,-0.844041,0.024358,0.001520,0.024095,0.403713,0.914567,0.722303,-0.707153,0.930120
609,5.075000,-0.025910,-0.003947,-0.400196,-0.916055,0.589247,-0.594282,0.028640,0.067756,0.011569,-0.100415,-0.992568,0.846467,-0.844036,0.024355,0.001932,0.023582,0.403914,0.914491,0.722395,-0.707130,0.930023
610,5.083333,-0.025858,-0.003899,-0.400197,-0.916056,0.589248,-0.594280,0.028643,0.067796,0.011620,-0.100436,-0.992563,0.846466,-0.844038,0.024359,0.001757,0.023822,0.403943,0.914472,0.722434,-0.707129,0.930014
611,5.091667,-0.025869,-0.003916,-0.400199,-0.916055,0.589252,-0.594281,0.028644,0.067806,0.011676,-0.100431,-0.992562,0.846462,-0.844034,0.024357,0.001944,0.023421,0.404020,0.914448,0.722479,-0.707091,0.930004
612,5.100000,-0.025851,-0.003902,-0.400225,-0.916044,0.589247,-0.594287,0.028639,0.067892,0.011673,-0.100436,-0.992556,0.846463,-0.844034,0.024351,0.001752,0.023728,0.404003,0.914448,0.722555,-0.707104,0.930004
613,5.108333,-0.025954,-0.003886,-0.400204,-0.916050,0.589249,-0.594290,0.028629,0.067855,0.011697,-0.100440,-0.992558,0.846461,-0.844041,0.024349,0.001649,0.023522,0.404083,0.914418,0.722609,-0.707066,0.930058
614,5.116667,-0.025900,-0.003885,-0.400188,-0.916059,0.589248,-0.594289,0.028638,0.067837,0.011669,-0.100438,-0.992559,0.846456,-0.844043,0.024351,0.001788,0.023456,0.404133,0.914398,0.722671,-0.707074,0.930011
615,5.125000,-0.025857,-0.003861,-0.400180,-0.916064,0.589253,-0.594290,0.028637,0.067826,0.011710,-0.100472,-0.992556,0.846454,-0.844041,0.024353,0.001499,0.023674,0.404219,0.914355,0.722723,-0.707065,0.930062
616,5.133333,-0.025856,-0.003815,-0.400181,-0.916063,0.589248,-0.594291,0.028639,0.067818,0.011768,-0.100478,-0.992555,0.846458,-0.844039,0.024350,0.001504,0.023663,0.404249,0.914341,0.722759,-0.707069,0.930077
617,5.141667,-0.025836,-0.003805,-0.400177,-0.916066,0.589249,-0.594288,0.028631,0.067671,0.011768,-0.100506,-0.992563,0.846450,-0.844041,0.024358,0.001465,0.023629,0.404286,0.914326,0.722798,-0.707068,0.930098
618,5.150000,-0.025919,-0.003781,-0.400146,-0.916077,0.589252,-0.594291,0.028626,0.067759,0.011830,-0.100538,-0.992553,0.846455,-0.844045,0.024357,0.001675,0.023257,0.404334,0.914314,0.722849,-0.707076,0.930072
619,5.158333,-0.025976,-0.003844,-0.400142,-0.916077,0.589241,-0.594295,0.028635,0.067772,0.011826,-0.100565,-0.992549,0.846448,-0.844048,0.024358,0.001665,0.023228,0.404380,0.914295,0.722889,-0.707076,0.930095
620,5.166667,-0.025886,-0.003712,-0.400151,-0.916076,0.589245,-0.594301,0.028631,0.067699,0.011796,-0.100544,-0.992557,0.846447,-0.844051,0.024359,0.002295,0.022472,0.404560,0.914233,0.722981,-0.707095,0.929991
621,5.175000,-0.025875,-0.003717,-0.400123,-0.916089,0.589238,-0.594297,0.028635,0.067803,0.011850,-0.100554,-0.992548,0.846450,-0.844049,0.024351,0.002391,0.022205,0.404628,0.914209,0.723029,-0.707080,0.930041
622,5.183333,-0.025938,-0.003674,-0.400109,-0.916093,0.589235,-0.594297,0.028632,0.067768,0.011840,-0.100576,-0.992548,0.846448,-0.844056,0.024361,0.002327,0.022380,0.404638,0.914200,0.723073,-0.707086,0.930076
623,5.191667,-0.025919,-0.003650,-0.400106,-0.916095,0.589231,-0.594302,0.028633,0.067776,0.011873,-0.100591,-0.992546,0.846451,-0.844054,0.024364,0.002626,0.022129,0.404661,0.914195,0.723139,-0.707110,0.930014
624,5.200000,-0.025863,-0.003540,-0.400080,-0.916108,0.589233,-0.594304,0.028634,0.067834,0.011832,-0.100580,-0.992543,0.846443,-0.844051,0.024348,0.002600,0.022105,0.404664,0.914195,0.723179,-0.707120,0.930032
625,5.208333,-0.025885,-0.003560,-0.400069,-0.916112,0.589234,-0.594306,0.028634,0.067800,0.011873,-0.100584,-0.992545,0.846449,-0.844053,0.024360,0.002606,0.022114,0.404706,0.914176,0.723238,-0.707107,0.930053
626,5.216667,-0.025902,-0.003542,-0.400051,-0.916120,0.589228,-0.594307,0.028633,0.067831,0.011885,-0.100574,-0.992543,0.846452,-0.844050,0.024361,0.002711,0.021929,0.404765,0.914154,0.723307,-0.707127,0.930059
627,5.225000,-0.025834,-0.003500,-0.400075,-0.916112,0.589234,-0.594309,0.028627,0.067800,0.011848,-0.100578,-0.992546,0.846447,-0.844041,0.024356,0.002668,0.021991,0.404808,0.914133,0.723355,-0.707136,0.930097
628,5.233333,-0.025913,-0.003560,-0.400053,-0.916119,0.589235,-0.594305,0.028633,0.067870,0.011868,-0.100548,-0.992544,0.846445,-0.844044,0.024355,0.002835,0.021758,0.404857,0.914117,0.723421,-0.707134,0.930069
629,5.241667,-0.025963,-0.003558,-0.400048,-0.916120,0.589230,-0.594306,0.028629,0.067936,0.011872,-0.100611,-0.992533,0.846442,-0.844043,0.024350,0.002807,0.021852,0.404889,0.914100,0.723464,-0.707174,0.930090
630,5.250000,-0.025884,-0.003523,-0.400056,-0.916118,0.589231,-0.594304,0.028633,0.067915,0.011919,-0.100611,-0.992534,0.846445,-0.844036,0.024353,0.002794,0.021924,0.404934,0.914079,0.723510,-0.707201,0.930101
631,5.258333,-0.026014,-0.003610,-0.400031,-0.916125,0.589236,-0.594309,0.028622,0.068017,0.011954,-0.100617,-0.992526,0.846443,-0.844039,0.024353,0.002763,0.021917,0.405010,0.914045,0.723565,-0.707181,0.930125
632,5.266667,-0.026002,-0.003583,-0.400050,-0.916118,0.589235,-0.594313,0.028631,0.067920,0.011902,-0.100606,-0.992534,0.846440,-0.844035,0.024346,0.002817,0.021833,0.405078,0.914017,0.723617,-0.707176,0.930130
633,5.275000,-0.025960,-0.003582,-0.400029,-0.916128,0.589232,-0.594312,0.028626,0.067978,0.011903,-0.100585,-0.992532,0.846442,-0.844041,0.024342,0.002959,0.021782,0.405160,0.913982,0.723679,-0.707184,0.930111
634,5.283333,-0.026056,-0.003606,-0.400043,-0.916119,0.589235,-0.594316,0.028627,0.067964,0.011911,-0.100617,-0.992530,0.846444,-0.844043,0.024347,0.002975,0.021787,0.405234,0.913949,0.723726,-0.707193,0.930109
635,5.291667,-0.026103,-0.003645,-0.400054,-0.916113,0.589234,-0.594314,0.028625,0.067939,0.011910,-0.100601,-0.992533,0.846449,-0.844040,0.024354,0.002914,0.021796,0.405301,0.913919,0.723773,-0.707162,0.930128
636,5.300000,-0.026059,-0.003617,-0.400062,-0.916110,0.589236,-0.594321,0.028626,0.067907,0.011924,-0.100610,-0.992534,0.846440,-0.844043,0.024348,0.002673,0.021958,0.405539,0.913810,0.723855,-0.707110,0.930208
637,5.308333,-0.026072,-0.003626,-0.400049,-0.916116,0.589237,-0.594320,0.028622,0.067891,0.011956,-0.100607,-0.992535,0.846442,-0.844040,0.024346,0.002670,0.022068,0.405572,0.913793,0.723915,-0.707107,0.930204
638,5.316667,-0.026135,-0.003601,-0.400062,-0.916108,0.589238,-0.594321,0.028621,0.067931,0.011923,-0.100644,-0.992529,0.846437,-0.844041,0.024351,0.003104,0.021564,0.405773,0.913714,0.723998,-0.707115,0.930109
639,5.325000,-0.026198,-0.003651,-0.400047,-0.916113,0.589237,-0.594322,0.028616,0.067956,0.011923,-0.100669,-0.992525,0.846435,-0.844042,0.024343,0.003061,0.021552,0.405838,0.913686,0.724034,-0.707107,0.930112
640,5.333333,-0.026074,-0.003635,-0.400058,-0.916112,0.589237,-0.594322,0.028622,0.067943,0.011933,-0.100656,-0.992527,0.846441,-0.844045,0.024352,0.003041,0.021590,0.405890,0.913662,0.724080,-0.707101,0.930110
641,5.341667,-0.026172,-0.003670,-0.400067,-0.916105,0.589239,-0.594319,0.028616,0.067855,0.011922,-0.100649,-0.992534,0.846439,-0.844045,0.024350,0.003122,0.021559,0.405944,0.913638,0.724141,-0.707100,0.930108
642,5.350000,-0.026192,-0.003692,-0.400056,-0.916109,0.589241,-0.594323,0.028620,0.067848,0.011933,-0.100636,-0.992535,0.846440,-0.844046,0.024352,0.003297,0.021424,0.406001,0.913616,0.724195,-0.707098,0.930086
643,5.358333,-0.026132,-0.003622,-0.400047,-0.916115,0.589245,-0.594320,0.028621,0.067917,0.011944,-0.100665,-0.992528,0.846438,-0.844050,0.024353,0.003309,0.021402,0.406087,0.913578,0.724264,-0.707082,0.930109
644,5.366667,-0.026211,-0.003704,-0.400066,-0.916104,0.589245,-0.594321,0.028613,0.067888,0.011899,-0.100654,-0.992531,0.846432,-0.844050,0.024340,0.003368,0.021450,0.406121,0.913561,0.724302,-0.707079,0.930133
645,5.375000,-0.026190,-0.003731,-0.400028,-0.916121,0.589247,-0.594322,0.028625,0.067942,0.011923,-0.100684,-0.992524,0.846438,-0.844053,0.024346,0.003499,0.021317,0.406186,0.913535,0.724358,-0.707062,0.930118
646,5.383333,-0.026218,-0.003745,-0.400038,-0.916116,0.589247,-0.594317,0.028619,0.067985,0.011929,-0.100664,-0.992523,0.846432,-0.844055,0.024345,0.003542,0.021325,0.406217,0.913521,0.724401,-0.707066,0.930132
647,5.391667,-0.026191,-0.003739,-0.400065,-0.916105,0.589248,-0.594320,0.028616,0.068018,0.011983,-0.100691,-0.992518,0.846431,-0.844054,0.024352,0.003695,0.021163,0.406281,0.913496,0.724434,-0.707059,0.930125
648,5.400000,-0.026198,-0.003762,-0.400076,-0.916100,0.589253,-0.594318,0.028620,0.067883,0.011945,-0.100679,-0.992529,0.846424,-0.844049,0.024347,0.003751,0.021122,0.406317,0.913480,0.724464,-0.707044,0.930139
649,5.408333,-0.026203,-0.003760,-0.400083,-0.916096,0.589259,-0.594317,0.028617,0.067947,0.011964,-0.100669,-0.992525,0.846423,-0.844046,0.024345,0.003780,0.021162,0.406372,0.913455,0.724499,-0.707040,0.930148
650,5.416667,-0.026221,-0.003830,-0.400066,-0.916103,0.589265,-0.594316,0.028622,0.068043,0.012002,-0.100619,-0.992523,0.846427,-0.844042,0.024348,0.003788,0.021121,0.406448,0.913422,0.724527,-0.707026,0.930166
651,5.425000,-0.026228,-0.003844,-0.400100,-0.916088,0.589260,-0.594314,0.028615,0.068036,0.011941,-0.100652,-0.992521,0.846425,-0.844044,0.024348,0.003924,0.020995,0.406530,0.913388,0.724562,-0.707013,0.930139
652,5.433333,-0.026267,-0.003826,-0.400096,-0.916089,0.589273,-0.594316,0.028619,0.068002,0.011962,-0.100622,-0.992526,0.846423,-0.844049,0.024347,0.004000,0.020858,0.406675,0.913326,0.724600,-0.707004,0.930136
653,5.441667,-0.026277,-0.003893,-0.400101,-0.916086,0.589273,-0.594314,0.028622,0.068062,0.011927,-0.100648,-0.992520,0.846431,-0.844047,0.024352,0.004001,0.020846,0.406739,0.913298,0.724624,-0.706977,0.930185
654,5.450000,-0.026346,-0.003960,-0.400114,-0.916078,0.589276,-0.594316,0.028628,0.068174,0.011987,-0.100658,-0.992510,0.846422,-0.844047,0.024351,0.004071,0.020643,0.406910,0.913226,0.724652,-0.706969,0.930194
655,5.458333,-0.026301,-0.003911,-0.400150,-0.916064,0.589284,-0.594314,0.028624,0.068065,0.011929,-0.100629,-0.992521,0.846415,-0.844041,0.024347,0.004426,0.020317,0.407058,0.913166,0.724677,-0.706942,0.930163
656,5.466667,-0.026424,-0.003985,-0.400184,-0.916045,0.589289,-0.594315,0.028620,0.068127,0.011949,-0.100633,-0.992516,0.846426,-0.844044,0.024355,0.004602,0.020121,0.407199,0.913106,0.724696,-0.706936,0.930160
657,5.475000,-0.026437,-0.004028,-0.400195,-0.916040,0.589292,-0.594314,0.028620,0.068189,0.011947,-0.100580,-0.992518,0.846424,-0.844040,0.024353,0.004689,0.020061,0.407328,0.913050,0.724711,-0.706918,0.930174
658,5.483333,-0.026553,-0.004173,-0.400188,-0.916039,0.589297,-0.594310,0.028626,0.068342,0.011943,-0.100565,-0.992509,0.846421,-0.844044,0.024352,0.004841,0.019936,0.407503,0.912974,0.724737,-0.706918,0.930166
659,5.491667,-0.026550,-0.004190,-0.400226,-0.916022,0.589302,-0.594310,0.028623,0.068328,0.011970,-0.100564,-0.992509,0.846417,-0.844037,0.024347,0.005003,0.019771,0.407748,0.912867,0.724787,-0.706879,0.930177
660,5.500000,-0.026576,-0.004235,-0.400242,-0.916014,0.589314,-0.594312,0.028623,0.068341,0.011946,-0.100575,-0.992508,0.846416,-0.844034,0.024351,0.005157,0.019523,0.407888,0.912809,0.724803,-0.706878,0.930172
661,5.508333,-0.026699,-0.004334,-0.400232,-0.916014,0.589314,-0.594309,0.028621,0.068341,0.011983,-0.100556,-0.992509,0.846417,-0.844030,0.024355,0.005181,0.019268,0.408071,0.912732,0.724818,-0.706848,0.930212
662,5.516667,-0.026608,-0.004274,-0.400275,-0.915999,0.589316,-0.594310,0.028620,0.068383,0.011922,-0.100596,-0.992503,0.846416,-0.844024,0.024358,0.005221,0.019235,0.408205,0.912673,0.724851,-0.706834,0.930216
663,5.525000,-0.026724,-0.004430,-0.400275,-0.915995,0.589325,-0.594305,0.028626,0.068466,0.011981,-0.100575,-0.992499,0.846413,-0.844021,0.024354,0.005280,0.019076,0.408341,0.912615,0.724874,-0.706837,0.930235
664,5.533333,-0.026687,-0.004421,-0.400295,-0.915987,0.589328,-0.594304,0.028625,0.068539,0.011999,-0.100615,-0.992489,0.846408,-0.844012,0.024352,0.005498,0.018788,0.408595,0.912506,0.724941,-0.706830,0.930180
665,5.541667,-0.026664,-0.004462,-0.400325,-0.915974,0.589340,-0.594310,0.028631,0.068577,0.012060,-0.100584,-0.992489,0.846406,-0.844007,0.024351,0.005632,0.018623,0.408727,0.912449,0.724973,-0.706833,0.930196
666,5.550000,-0.026690,-0.004472,-0.400348,-0.915963,0.589337,-0.594308,0.028642,0.068574,0.011985,-0.100573,-0.992491,0.846411,-0.844003,0.024357,0.005716,0.018538,0.408882,0.912381,0.725003,-0.706827,0.930209
667,5.558333,-0.026730,-0.004516,-0.400362,-0.915956,0.589347,-0.594303,0.028636,0.068593,0.012002,-0.100592,-0.992488,0.846409,-0.843996,0.024350,0.005906,0.018347,0.409027,0.912319,0.725022,-0.706822,0.930224
668,5.566667,-0.026769,-0.004537,-0.400369,-0.915952,0.589355,-0.594306,0.028634,0.068681,0.011999,-0.100594,-0.992482,0.846412,-0.843998,0.024351,0.005989,0.018155,0.409217,0.912237,0.725075,-0.706820,0.930225
669,5.575000,-0.026785,-0.004561,-0.400389,-0.915943,0.589362,-0.594308,0.028636,0.068594,0.011937,-0.100493,-0.992499,0.846408,-0.843985,0.024343,0.006074,0.018070,0.409308,0.912197,0.725099,-0.706820,0.930240
670,5.583333,-0.026879,-0.004629,-0.400389,-0.915939,0.589364,-0.594304,0.028640,0.068865,0.012002,-0.100588,-0.992469,0.846412,-0.843993,0.024338,0.006199,0.017855,0.409407,0.912156,0.725140,-0.706839,0.930227
671,5.591667,-0.026802,-0.004618,-0.400396,-0.915938,0.589368,-0.594301,0.028632,0.068716,0.011955,-0.100596,-0.992480,0.846420,-0.843993,0.024352,0.006266,0.017783,0.409495,0.912117,0.725161,-0.706847,0.930229
672,5.600000,-0.026834,-0.004612,-0.400402,-0.915935,0.589372,-0.594303,0.028631,0.068809,0.012000,-0.100602,-0.992472,0.846426,-0.843990,0.024352,0.006469,0.017460,0.409667,0.912045,0.725238,-0.706852,0.930192
673,5.608333,-0.026861,-0.004658,-0.400377,-0.915945,0.589375,-0.594304,0.028637,0.068835,0.012015,-0.100601,-0.992470,0.846424,-0.843992,0.024350,0.006560,0.017287,0.409683,0.912040,0.725247,-0.706877,0.930187
674,5.616667,-0.026846,-0.004664,-0.400390,-0.915940,0.589374,-0.594302,0.028641,0.068672,0.011948,-0.100532,-0.992489,0.846416,-0.843972,0.024338,0.006591,0.017175,0.409693,0.912038,0.725282,-0.706891,0.930192
675,5.625000,-0.026880,-0.004651,-0.400396,-0.915936,0.589378,-0.594305,0.028639,0.068850,0.012055,-0.100628,-0.992466,0.846426,-0.843984,0.024341,0.006592,0.017152,0.409703,0.912034,0.725306,-0.706916,0.930214
676,5.633333,-0.026868,-0.004643,-0.400399,-0.915935,0.589376,-0.594304,0.028638,0.068829,0.012014,-0.100694,-0.992461,0.846422,-0.843979,0.024341,0.006650,0.016952,0.409702,0.912038,0.725358,-0.706948,0.930191
677,5.641667,-0.026939,-0.004698,-0.400369,-0.915946,0.589376,-0.594306,0.028637,0.068819,0.012029,-0.100659,-0.992465,0.846422,-0.843981,0.024339,0.006585,0.016950,0.409687,0.912045,0.725379,-0.706975,0.930231
678,5.650000,-0.026964,-0.004699,-0.400368,-0.915945,0.589378,-0.594307,0.028639,0.068683,0.011994,-0.100554,-0.992486,0.846422,-0.843962,0.024334,0.006657,0.016819,0.409674,0.912053,0.725405,-0.707011,0.930220
679,5.658333,-0.026865,-0.004673,-0.400376,-0.915945,0.589375,-0.594311,0.028642,0.068854,0.012017,-0.100700,-0.992459,0.846431,-0.843991,0.024343,0.006675,0.016696,0.409612,0.912083,0.725424,-0.707049,0.930216
680,5.666667,-0.026948,-0.004668,-0.400397,-0.915934,0.589379,-0.594309,0.028640,0.068781,0.012057,-0.100667,-0.992467,0.846433,-0.843987,0.024341,0.006667,0.016627,0.409553,0.912110,0.725463,-0.707091,0.930227
681,5.675000,-0.026958,-0.004663,-0.400374,-0.915943,0.589379,-0.594313,0.028637,0.068628,0.012016,-0.100582,-0.992486,0.846423,-0.843965,0.024326,0.006617,0.016640,0.409497,0.912136,0.725488,-0.707136,0.930245
682,5.683333,-0.026979,-0.004703,-0.400351,-0.915953,0.589377,-0.594312,0.028640,0.068620,0.011961,-0.100479,-0.992498,0.846416,-0.843945,0.024287,0.006459,0.016796,0.409373,0.912189,0.725509,-0.707189,0.930262
683,5.691667,-0.026897,-0.004670,-0.400337,-0.915962,0.589377,-0.594312,0.028649,0.068435,0.011741,-0.100413,-0.992520,0.846398,-0.843914,0.024254,0.006429,0.016819,0.409290,0.912227,0.725528,-0.707236,0.930283
684,5.700000,-0.026945,-0.004665,-0.400337,-0.915960,0.589380,-0.594309,0.028643,0.068735,0.012088,-0.100722,-0.992464,0.846436,-0.843988,0.024338,0.006320,0.016712,0.409117,0.912307,0.725519,-0.707322,0.930328
685,5.708333,-0.026991,-0.004654,-0.400328,-0.915963,0.589379,-0.594317,0.028636,0.068910,0.012063,-0.100784,-0.992446,0.846435,-0.844020,0.024360,0.006246,0.016896,0.409003,0.912355,0.725532,-0.707396,0.930327
686,5.716667,-0.027028,-0.004673,-0.400301,-0.915973,0.589375,-0.594318,0.028640,0.068722,0.012090,-0.100736,-0.992463,0.846435,-0.843999,0.024334,0.006340,0.016786,0.408922,0.912393,0.725554,-0.707462,0.930304
687,5.725000,-0.026928,-0.004598,-0.400287,-0.915983,0.589374,-0.594318,0.028641,0.068626,0.012078,-0.100736,-0.992470,0.846436,-0.843990,0.024338,0.006112,0.016899,0.408796,0.912449,0.725602,-0.707512,0.930343
688,5.733333,-0.026869,-0.004543,-0.400279,-0.915988,0.589374,-0.594317,0.028635,0.068651,0.012119,-0.100703,-0.992471,0.846438,-0.843991,0.024339,0.006021,0.016989,0.408703,0.912489,0.725595,-0.707573,0.930352
689,5.741667,-0.026971,-0.004563,-0.400275,-0.915987,0.589368,-0.594317,0.028636,0.068489,0.012077,-0.100760,-0.992477,0.846434,-0.843994,0.024330,0.006083,0.016987,0.408639,0.912518,0.725617,-0.707646,0.930322
690,5.750000,-0.026858,-0.004492,-0.400247,-0.916003,0.589371,-0.594319,0.028643,0.068375,0.012101,-0.100651,-0.992496,0.846428,-0.843991,0.024320,0.005993,0.017111,0.408566,0.912549,0.725630,-0.707712,0.930339
691,5.758333,-0.026858,-0.004504,-0.400254,-0.916000,0.589368,-0.594321,0.028640,0.068440,0.012117,-0.100793,-0.992477,0.846441,-0.844014,0.024341,0.006070,0.017168,0.408361,0.912639,0.725586,-0.707846,0.930319
692,5.766667,-0.026826,-0.004481,-0.400236,-0.916009,0.589366,-0.594322,0.028641,0.068381,0.012089,-0.100795,-0.992481,0.846432,-0.844017,0.024328,0.006122,0.016976,0.408302,0.912668,0.725548,-0.707951,0.930315
693,5.775000,-0.026786,-0.004442,-0.400235,-0.916010,0.589358,-0.594324,0.028639,0.068373,0.012140,-0.100888,-0.992471,0.846440,-0.844025,0.024332,0.006080,0.017031,0.408255,0.912689,0.725534,-0.708035,0.930321
694,5.783333,-0.026818,-0.004428,-0.400226,-0.916014,0.589357,-0.594324,0.028641,0.068416,0.012134,-0.100917,-0.992465,0.846431,-0.844037,0.024333,0.006035,0.017091,0.408219,0.912704,0.725518,-0.708109,0.930330
695,5.791667,-0.026750,-0.004359,-0.400243,-0.916008,0.589354,-0.594323,0.028639,0.068342,0.012126,-0.100877,-0.992475,0.846437,-0.844037,0.024338,0.006000,0.017120,0.408192,0.912716,0.725496,-0.708190,0.930329
696,5.800000,-0.026770,-0.004356,-0.400226,-0.916015,0.589352,-0.594326,0.028634,0.068335,0.012149,-0.100878,-0.992475,0.846434,-0.844034,0.024333,0.006098,0.017075,0.408125,0.912746,0.725459,-0.708277,0.930317
697,5.808333,-0.026722,-0.004314,-0.400213,-0.916022,0.589347,-0.594322,0.028640,0.068293,0.012185,-0.100877,-0.992477,0.846435,-0.844037,0.024335,0.006051,0.017108,0.408138,0.912740,0.725441,-0.708372,0.930314
698,5.816667,-0.026699,-0.004278,-0.400215,-0.916022,0.589353,-0.594323,0.028638,0.068277,0.012171,-0.100892,-0.992477,0.846431,-0.844038,0.024342,0.006044,0.017111,0.408136,0.912741,0.725416,-0.708448,0.930327
699,5.825000,-0.026631,-0.004232,-0.400228,-0.916019,0.589342,-0.594324,0.028637,0.068298,0.012196,-0.100889,-0.992476,0.846429,-0.844043,0.024347,0.006013,0.016948,0.408126,0.912749,0.725375,-0.708523,0.930321
700,5.833333,-0.026702,-0.004237,-0.400219,-0.916021,0.589341,-0.594331,0.028636,0.068415,0.012196,-0.100895,-0.992467,0.846428,-0.844041,0.024331,0.006039,0.017024,0.408174,0.912725,0.725354,-0.708607,0.930315
701,5.841667,-0.026700,-0.004222,-0.400223,-0.916019,0.589343,-0.594327,0.028636,0.068241,0.012127,-0.100878,-0.992482,0.846425,-0.844043,0.024341,0.005986,0.017003,0.408223,0.912704,0.725324,-0.708688,0.930317
702,5.850000,-0.026702,-0.004199,-0.400242,-0.916011,0.589340,-0.594336,0.028635,0.068162,0.012190,-0.100923,-0.992482,0.846424,-0.844042,0.024337,0.006016,0.017005,0.408296,0.912672,0.725296,-0.708766,0.930313
703,5.858333,-0.026671,-0.004178,-0.400249,-0.916009,0.589339,-0.594333,0.028636,0.068225,0.012208,-0.100937,-0.992476,0.846425,-0.844046,0.024337,0.005956,0.017071,0.408372,0.912636,0.725264,-0.708848,0.930312
704,5.866667,-0.026676,-0.004200,-0.400229,-0.916017,0.589336,-0.594332,0.028638,0.068044,0.012183,-0.100922,-0.992490,0.846416,-0.844028,0.024324,0.005904,0.017158,0.408481,0.912586,0.725214,-0.708932,0.930327
705,5.875000,-0.026726,-0.004185,-0.400222,-0.916019,0.589332,-0.594330,0.028639,0.068084,0.012194,-0.101000,-0.992479,0.846426,-0.844046,0.024338,0.005785,0.017366,0.408549,0.912553,0.725160,-0.709024,0.930354
706,5.883333,-0.026687,-0.004166,-0.400197,-0.916031,0.589328,-0.594339,0.028638,0.068074,0.012185,-0.101007,-0.992479,0.846422,-0.844046,0.024343,0.005703,0.017487,0.408621,0.912519,0.725129,-0.709137,0.930348
707,5.891667,-0.026683,-0.004153,-0.400206,-0.916027,0.589332,-0.594338,0.028637,0.068070,0.012201,-0.101013,-0.992479,0.846424,-0.844049,0.024332,0.005665,0.017570,0.408737,0.912466,0.725083,-0.709217,0.930372
708,5.900000,-0.026704,-0.004170,-0.400196,-0.916031,0.589327,-0.594341,0.028635,0.068068,0.012220,-0.101000,-0.992480,0.846426,-0.844046,0.024330,0.005656,0.017648,0.408839,0.912419,0.725038,-0.709283,0.930391
709,5.908333,-0.026656,-0.004102,-0.400228,-0.916018,0.589327,-0.594333,0.028630,0.068126,0.012237,-0.101047,-0.992471,0.846421,-0.844055,0.024328,0.005694,0.017614,0.408954,0.912367,0.724993,-0.709357,0.930400
710,5.916667,-0.026715,-0.004160,-0.400196,-0.916031,0.589325,-0.594332,0.028634,0.068061,0.012241,-0.101049,-0.992475,0.846429,-0.844050,0.024341,0.005766,0.017691,0.408994,0.912347,0.724930,-0.709442,0.930395
711,5.925000,-0.026705,-0.004156,-0.400185,-0.916036,0.589320,-0.594336,0.028633,0.067961,0.012274,-0.101042,-0.992482,0.846424,-0.844051,0.024340,0.005864,0.017561,0.409135,0.912286,0.724881,-0.709492,0.930407
712,5.933333,-0.026762,-0.004157,-0.400186,-0.916034,0.589320,-0.594337,0.028629,0.068060,0.012216,-0.101085,-0.992472,0.846419,-0.844050,0.024331,0.005874,0.017624,0.409254,0.912232,0.724827,-0.709557,0.930418
713,5.941667,-0.026724,-0.004122,-0.400195,-0.916031,0.589321,-0.594339,0.028638,0.068121,0.012250,-0.101067,-0.992469,0.846415,-0.844051,0.024326,0.005824,0.017848,0.409303,0.912205,0.724789,-0.709619,0.930412
714,5.950000,-0.026810,-0.004134,-0.400191,-0.916030,0.589316,-0.594340,0.028629,0.068030,0.012265,-0.101038,-0.992478,0.846415,-0.844051,0.024332,0.005756,0.017754,0.409364,0.912180,0.724733,-0.709678,0.930474
715,5.958333,-0.026704,-0.004060,-0.400162,-0.916046,0.589316,-0.594339,0.028631,0.068062,0.012279,-0.101083,-0.992471,0.846415,-0.844049,0.024330,0.005836,0.017702,0.409472,0.912132,0.724687,-0.709733,0.930450
716,5.966667,-0.026743,-0.004123,-0.400188,-0.916034,0.589314,-0.594339,0.028627,0.068045,0.012283,-0.101054,-0.992475,0.846420,-0.844050,0.024334,0.005834,0.017704,0.409582,0.912083,0.724643,-0.709789,0.930460
717,5.975000,-0.026705,-0.004151,-0.400208,-0.916026,0.589313,-0.594344,0.028635,0.068090,0.012272,-0.101062,-0.992472,0.846410,-0.844049,0.024326,0.005982,0.017463,0.409712,0.912028,0.724612,-0.709839,0.930439
718,5.983333,-0.026714,-0.004122,-0.400207,-0.916026,0.589316,-0.594340,0.028635,0.067967,0.012302,-0.101070,-0.992479,0.846413,-0.844048,0.024326,0.005955,0.017385,0.409836,0.911974,0.724577,-0.709887,0.930443
719,5.991667,-0.026763,-0.004105,-0.400200,-0.916028,0.589304,-0.594343,0.028634,0.068018,0.012366,-0.101107,-0.992471,0.846416,-0.844049,0.024329,0.006108,0.017216,0.409950,0.911925,0.724540,-0.709925,0.930423
720,6.000000,-0.026679,-0.004099,-0.400192,-0.916034,0.589303,-0.594342,0.028632,0.067991,0.012320,-0.101149,-0.992469,0.846410,-0.844045,0.024326,0.006166,0.017059,0.410055,0.911880,0.724502,-0.709977,0.930398
721,6.008333,-0.026721,-0.004105,-0.400180,-0.916038,0.589306,-0.594339,0.028641,0.068006,0.012313,-0.101178,-0.992465,0.846414,-0.844049,0.024336,0.006155,0.017033,0.410185,0.911823,0.724475,-0.710002,0.930411
722,6.016667,-0.026664,-0.004033,-0.400190,-0.916035,0.589299,-0.594338,0.028633,0.067971,0.012301,-0.101152,-0.992470,0.846412,-0.844041,0.024325,0.006117,0.017026,0.410300,0.911771,0.724437,-0.710032,0.930413
723,6.025000,-0.026685,-0.004033,-0.400181,-0.916039,0.589304,-0.594343,0.028634,0.067980,0.012292,-0.101057,-0.992479,0.846401,-0.844021,0.024291,0.006277,0.016923,0.410433,0.911712,0.724402,-0.710080,0.930361
724,6.033333,-0.026762,-0.004046,-0.400180,-0.916037,0.589299,-0.594343,0.028638,0.067981,0.012098,-0.100943,-0.992493,0.846390,-0.843992,0.024259,0.006260,0.016999,0.410535,0.911665,0.724361,-0.710112,0.930377
725,6.041667,-0.026665,-0.004004,-0.400177,-0.916041,0.589292,-0.594340,0.028629,0.067759,0.012098,-0.100854,-0.992517,0.846375,-0.843972,0.024217,0.006278,0.016965,0.410638,0.911619,0.724320,-0.710149,0.930372
726,6.050000,-0.026682,-0.004038,-0.400147,-0.916053,0.589292,-0.594347,0.028632,0.068005,0.012390,-0.101201,-0.992462,0.846418,-0.844048,0.024335,0.006208,0.017114,0.410707,0.911586,0.724282,-0.710191,0.930381
727,6.058333,-0.026683,-0.003996,-0.400149,-0.916053,0.589282,-0.594338,0.028630,0.068364,0.012409,-0.101366,-0.992420,0.846424,-0.844086,0.024361,0.006270,0.017012,0.410803,0.911544,0.724238,-0.710218,0.930384
728,6.066667,-0.026637,-0.003946,-0.400134,-0.916061,0.589283,-0.594342,0.028629,0.068474,0.012443,-0.101405,-0.992408,0.846426,-0.844104,0.024360,0.006198,0.017110,0.410861,0.911516,0.724196,-0.710261,0.930393
729,6.075000,-0.026642,-0.003958,-0.400111,-0.916071,0.589278,-0.594339,0.028629,0.068323,0.012400,-0.101389,-0.992420,0.846417,-0.844080,0.024349,0.005999,0.017285,0.410920,0.911488,0.724146,-0.710303,0.930451
730,6.083333,-0.026655,-0.003980,-0.400098,-0.916076,0.589274,-0.594335,0.028632,0.068207,0.012416,-0.101282,-0.992439,0.846415,-0.844054,0.024324,0.005854,0.017362,0.410832,0.911527,0.724046,-0.710366,0.930506
731,6.091667,-0.026629,-0.003929,-0.400052,-0.916097,0.589269,-0.594331,0.028637,0.067965,0.012285,-0.101162,-0.992470,0.846395,-0.844016,0.024276,0.005790,0.017393,0.410803,0.911540,0.723975,-0.710403,0.930536
732,6.100000,-0.026544,-0.003851,-0.400061,-0.916096,0.589266,-0.594333,0.028631,0.067762,0.012132,-0.100998,-0.992502,0.846380,-0.843977,0.024226,0.005663,0.017495,0.410833,0.911525,0.723909,-0.710443,0.930562
733,6.108333,-0.026614,-0.003896,-0.400040,-0.916103,0.589259,-0.594329,0.028635,0.067448,0.012149,-0.100902,-0.992533,0.846368,-0.843951,0.024211,0.005601,0.017591,0.410829,0.911526,0.723859,-0.710481,0.930586
734,6.116667,-0.026606,-0.003846,-0.400031,-0.916107,0.589258,-0.594334,0.028624,0.067137,0.012092,-0.100856,-0.992560,0.846350,-0.843935,0.024183,0.005515,0.017656,0.410794,0.911541,0.723812,-0.710521,0.930604
735,6.125000,-0.026573,-0.003864,-0.400030,-0.916109,0.589254,-0.594332,0.028626,0.067153,0.012108,-0.100825,-0.992561,0.846350,-0.843933,0.024178,0.006018,0.017118,0.410756,0.911565,0.723754,-0.710604,0.930534
736,6.133333,-0.026566,-0.003798,-0.399999,-0.916123,0.589247,-0.594337,0.028629,0.067119,0.012121,-0.100812,-0.992565,0.846345,-0.843928,0.024182,0.005861,0.017512,0.410622,0.911619,0.723678,-0.710672,0.930551
737,6.141667,-0.026564,-0.003794,-0.399986,-0.916128,0.589245,-0.594335,0.028626,0.067374,0.012157,-0.100881,-0.992540,0.846351,-0.843942,0.024190,0.006005,0.017391,0.410520,0.911666,0.723615,-0.710733,0.930517
738,6.150000,-0.026561,-0.003818,-0.399980,-0.916131,0.589243,-0.594336,0.028635,0.067432,0.012157,-0.100921,-0.992532,0.846358,-0.843951,0.024205,0.005957,0.017440,0.410439,0.911702,0.723574,-0.710770,0.930522
739,6.158333,-0.026480,-0.003747,-0.399979,-0.916134,0.589234,-0.594334,0.028634,0.067662,0.012222,-0.100940,-0.992514,0.846364,-0.843964,0.024223,0.005960,0.017417,0.410358,0.911739,0.723530,-0.710804,0.930511
740,6.166667,-0.026421,-0.003733,-0.399956,-0.916146,0.589233,-0.594332,0.028631,0.067749,0.012253,-0.101021,-0.992499,0.846371,-0.843973,0.024239,0.005920,0.017516,0.410298,0.911764,0.723490,-0.710839,0.930517
741,6.175000,-0.026417,-0.003704,-0.399938,-0.916154,0.589229,-0.594333,0.028626,0.067817,0.012241,-0.101039,-0.992493,0.846376,-0.843985,0.024245,0.005888,0.017532,0.410259,0.911782,0.723444,-0.710882,0.930533
742,6.183333,-0.026422,-0.003673,-0.399945,-0.916151,0.589227,-0.594332,0.028625,0.067795,0.012196,-0.101011,-0.992498,0.846379,-0.843991,0.024244,0.005906,0.017378,0.410212,0.911805,0.723410,-0.710913,0.930524
743,6.191667,-0.026506,-0.003734,-0.399909,-0.916164,0.589227,-0.594331,0.028630,0.067965,0.012516,-0.101336,-0.992449,0.846411,-0.844061,0.024333,0.005903,0.017383,0.410116,0.911849,0.723367,-0.710937,0.930525
744,6.200000,-0.026409,-0.003665,-0.399915,-0.916164,0.589220,-0.594334,0.028627,0.068136,0.012515,-0.101433,-0.992427,0.846411,-0.844093,0.024359,0.005801,0.017463,0.410086,0.911861,0.723337,-0.710981,0.930531
745,6.208333,-0.026488,-0.003697,-0.399900,-0.916168,0.589218,-0.594335,0.028628,0.068133,0.012481,-0.101455,-0.992426,0.846412,-0.844097,0.024359,0.005958,0.017487,0.409923,0.911933,0.723294,-0.711010,0.930494
746,6.216667,-0.026352,-0.003573,-0.399891,-0.916177,0.589212,-0.594334,0.028629,0.067906,0.012526,-0.101347,-0.992452,0.846405,-0.844064,0.024326,0.005845,0.017546,0.409832,0.911974,0.723238,-0.711052,0.930521
747,6.225000,-0.026385,-0.003564,-0.399898,-0.916173,0.589211,-0.594334,0.028633,0.067849,0.012356,-0.101182,-0.992475,0.846384,-0.844021,0.024276,0.005826,0.017495,0.409761,0.912007,0.723204,-0.711080,0.930525
748,6.233333,-0.026290,-0.003501,-0.399895,-0.916177,0.589207,-0.594334,0.028624,0.067841,0.012489,-0.101332,-0.992458,0.846401,-0.844062,0.024326,0.005865,0.017441,0.409698,0.912036,0.723173,-0.711107,0.930516
749,6.241667,-0.026341,-0.003573,-0.399879,-0.916182,0.589204,-0.594334,0.028623,0.068040,0.012551,-0.101358,-0.992441,0.846408,-0.844082,0.024349,0.005885,0.017443,0.409631,0.912066,0.723148,-0.711130,0.930527
750,6.250000,-0.026335,-0.003535,-0.399862,-0.916190,0.589195,-0.594332,0.028616,0.067887,0.012516,-0.101318,-0.992456,0.846405,-0.844065,0.024325,0.005836,0.017493,0.409562,0.912096,0.723115,-0.711156,0.930526
751,6.258333,-0.026334,-0.003575,-0.399839,-0.916200,0.589197,-0.594330,0.028625,0.067826,0.012457,-0.101245,-0.992469,0.846396,-0.844038,0.024294,0.005723,0.017578,0.409519,0.912114,0.723088,-0.711185,0.930552
752,6.266667,-0.026261,-0.003473,-0.399829,-0.916207,0.589194,-0.594330,0.028628,0.067812,0.012275,-0.101116,-0.992485,0.846375,-0.844002,0.024253,0.005799,0.017464,0.409468,0.912139,0.723071,-0.711195,0.930536
753,6.275000,-0.026303,-0.003523,-0.399822,-0.916209,0.589190,-0.594334,0.028623,0.067825,0.012533,-0.101363,-0.992456,0.846405,-0.844064,0.024326,0.005580,0.017746,0.409293,0.912213,0.723010,-0.711233,0.930596
754,6.283333,-0.026320,-0.003535,-0.399821,-0.916209,0.589188,-0.594332,0.028628,0.068073,0.012528,-0.101422,-0.992433,0.846405,-0.844090,0.024352,0.005609,0.017701,0.409297,0.912212,0.722996,-0.711236,0.930590
755,6.291667,-0.026356,-0.003533,-0.399821,-0.916207,0.589189,-0.594332,0.028621,0.067976,0.012524,-0.101426,-0.992439,0.846402,-0.844091,0.024341,0.005598,0.017659,0.409216,0.912249,0.722979,-0.711261,0.930595
756,6.300000,-0.026410,-0.003534,-0.399816,-0.916208,0.589181,-0.594335,0.028615,0.067837,0.012491,-0.101316,-0.992460,0.846402,-0.844075,0.024335,0.005585,0.017738,0.409138,0.912283,0.722966,-0.711268,0.930595
757,6.308333,-0.026369,-0.003528,-0.399807,-0.916213,0.589183,-0.594340,0.028618,0.067753,0.012455,-0.101205,-0.992478,0.846393,-0.844047,0.024299,0.005758,0.017487,0.409078,0.912314,0.722963,-0.711278,0.930538
758,6.316667,-0.026407,-0.003521,-0.399801,-0.916215,0.589185,-0.594342,0.028623,0.067762,0.012501,-0.101314,-0.992465,0.846405,-0.844075,0.024325,0.005649,0.017691,0.409027,0.912333,0.722959,-0.711291,0.930568
759,6.325000,-0.026342,-0.003509,-0.399799,-0.916218,0.589183,-0.594340,0.028618,0.067797,0.012504,-0.101311,-0.992463,0.846402,-0.844071,0.024320,0.005737,0.017592,0.408933,0.912377,0.722961,-0.711297,0.930532
760,6.333333,-0.026380,-0.003516,-0.399817,-0.916209,0.589180,-0.594333,0.028620,0.067716,0.012502,-0.101223,-0.992478,0.846392,-0.844056,0.024311,0.005708,0.017587,0.408860,0.912410,0.722960,-0.711308,0.930544
761,6.341667,-0.026407,-0.003572,-0.399797,-0.916216,0.589177,-0.594339,0.028619,0.067784,0.012508,-0.101313,-0.992464,0.846399,-0.844071,0.024327,0.005777,0.017536,0.408780,0.912446,0.722975,-0.711320,0.930527
762,6.350000,-0.026378,-0.003544,-0.399764,-0.916232,0.589174,-0.594336,0.028621,0.067765,0.012534,-0.101296,-0.992467,0.846398,-0.844070,0.024328,0.005830,0.017454,0.408686,0.912490,0.722982,-0.711330,0.930519
763,6.358333,-0.026294,-0.003486,-0.399767,-0.916233,0.589179,-0.594339,0.028631,0.067741,0.012534,-0.101278,-0.992470,0.846394,-0.844069,0.024322,0.005873,0.017374,0.408643,0.912510,0.723004,-0.711315,0.930512
764,6.366667,-0.026270,-0.003497,-0.399781,-0.916228,0.589174,-0.594331,0.028623,0.067736,0.012487,-0.101278,-0.992471,0.846393,-0.844071,0.024322,0.005938,0.017234,0.408539,0.912559,0.723016,-0.711335,0.930481
765,6.375000,-0.026316,-0.003542,-0.399778,-0.916228,0.589177,-0.594340,0.028629,0.067815,0.012512,-0.101318,-0.992461,0.846393,-0.844075,0.024325,0.005888,0.017308,0.408422,0.912610,0.723040,-0.711329,0.930503
766,6.383333,-0.026271,-0.003512,-0.399776,-0.916230,0.589176,-0.594333,0.028627,0.067764,0.012531,-0.101298,-0.992467,0.846399,-0.844078,0.024330,0.005947,0.017328,0.408186,0.912715,0.723023,-0.711361,0.930482
767,6.391667,-0.026295,-0.003514,-0.399787,-0.916224,0.589175,-0.594336,0.028621,0.067648,0.012496,-0.101210,-0.992484,0.846388,-0.844060,0.024322,0.005908,0.017285,0.408236,0.912694,0.723082,-0.711323,0.930503
768,6.400000,-0.026308,-0.003522,-0.399780,-0.916227,0.589174,-0.594333,0.028629,0.067776,0.012431,-0.101121,-0.992485,0.846381,-0.844037,0.024277,0.006022,0.017185,0.407975,0.912811,0.723071,-0.711351,0.930478
769,6.408333,-0.026320,-0.003541,-0.399754,-0.916238,0.589173,-0.594338,0.028627,0.067802,0.012490,-0.101268,-0.992468,0.846399,-0.844081,0.024337,0.006066,0.017126,0.407882,0.912854,0.723098,-0.711345,0.930474
770,6.416667,-0.026333,-0.003503,-0.399754,-0.916237,0.589170,-0.594334,0.028634,0.067969,0.012541,-0.101282,-0.992454,0.846403,-0.844089,0.024345,0.006103,0.017184,0.407800,0.912889,0.723123,-0.711321,0.930458
771,6.425000,-0.026336,-0.003489,-0.399758,-0.916236,0.589171,-0.594336,0.028626,0.067838,0.012521,-0.101256,-0.992466,0.846398,-0.844080,0.024344,0.006037,0.017195,0.407660,0.912952,0.723150,-0.711329,0.930479
772,6.433333,-0.026299,-0.003483,-0.399747,-0.916242,0.589172,-0.594333,0.028631,0.067716,0.012477,-0.101268,-0.992474,0.846398,-0.844072,0.024337,0.006049,0.017204,0.407528,0.913011,0.723179,-0.711310,0.930487
773,6.441667,-0.026413,-0.003542,-0.399762,-0.916231,0.589172,-0.594333,0.028621,0.067732,0.012514,-0.101264,-0.992472,0.846399,-0.844070,0.024339,0.006063,0.017156,0.407428,0.913056,0.723204,-0.711294,0.930479
774,6.450000,-0.026371,-0.003506,-0.399732,-0.916246,0.589169,-0.594332,0.028626,0.067659,0.012450,-0.101156,-0.992489,0.846390,-0.844055,0.024320,0.006042,0.017168,0.407361,0.913086,0.723238,-0.711274,0.930488
775,6.458333,-0.026252,-0.003481,-0.399747,-0.916243,0.589172,-0.594336,0.028627,0.067728,0.012405,-0.101056,-0.992495,0.846384,-0.844028,0.024290,0.006141,0.017056,0.407287,0.913120,0.723266,-0.711251,0.930466
776,6.466667,-0.026363,-0.003501,-0.399745,-0.916241,0.589172,-0.594335,0.028620,0.067905,0.012539,-0.101232,-0.992464,0.846403,-0.844073,0.024334,0.006191,0.017103,0.407186,0.913164,0.723300,-0.711239,0.930468
777,6.475000,-0.026408,-0.003582,-0.399757,-0.916234,0.589179,-0.594332,0.028627,0.068035,0.012495,-0.101252,-0.992453,0.846397,-0.844082,0.024330,0.006210,0.017052,0.407096,0.913205,0.723333,-0.711207,0.930461
778,6.483333,-0.026384,-0.003550,-0.399763,-0.916232,0.589181,-0.594341,0.028628,0.067918,0.012488,-0.101235,-0.992463,0.846399,-0.844075,0.024341,0.006220,0.017068,0.407012,0.913242,0.723369,-0.711196,0.930444
779,6.491667,-0.026436,-0.003610,-0.399784,-0.916221,0.589189,-0.594339,0.028621,0.067737,0.012452,-0.101188,-0.992481,0.846396,-0.844066,0.024339,0.006117,0.017158,0.406884,0.913298,0.723408,-0.711160,0.930434
780,6.500000,-0.026468,-0.003644,-0.399779,-0.916222,0.589186,-0.594339,0.028618,0.067658,0.012433,-0.101164,-0.992489,0.846383,-0.844043,0.024324,0.006041,0.017197,0.406800,0.913335,0.723449,-0.711130,0.930449
781,6.508333,-0.026492,-0.003639,-0.399790,-0.916217,0.589188,-0.594341,0.028618,0.067734,0.012365,-0.100992,-0.992502,0.846373,-0.844011,0.024281,0.006029,0.017147,0.406841,0.913318,0.723518,-0.711075,0.930443
782,6.516667,-0.026475,-0.003649,-0.399794,-0.916215,0.589193,-0.594339,0.028620,0.067658,0.012157,-0.100933,-0.992516,0.846355,-0.843988,0.024246,0.006008,0.017174,0.406787,0.913342,0.723563,-0.711048,0.930438
783,6.525000,-0.026451,-0.003654,-0.399798,-0.916214,0.589194,-0.594342,0.028621,0.067399,0.012172,-0.100834,-0.992543,0.846349,-0.843967,0.024220,0.005897,0.017260,0.406722,0.913370,0.723607,-0.711011,0.930449
784,6.533333,-0.026370,-0.003581,-0.399814,-0.916210,0.589195,-0.594339,0.028617,0.067324,0.012158,-0.100767,-0.992555,0.846340,-0.843955,0.024200,0.005977,0.017186,0.406669,0.913395,0.723649,-0.710978,0.930423
785,6.541667,-0.026427,-0.003619,-0.399809,-0.916210,0.589197,-0.594339,0.028618,0.067225,0.012147,-0.100703,-0.992568,0.846336,-0.843951,0.024199,0.005873,0.017276,0.406594,0.913427,0.723682,-0.710935,0.930438
786,6.550000,-0.026498,-0.003662,-0.399828,-0.916200,0.589200,-0.594335,0.028615,0.067295,0.012160,-0.100727,-0.992561,0.846339,-0.843945,0.024199,0.005920,0.017199,0.406545,0.913450,0.723726,-0.710902,0.930419
787,6.558333,-0.026484,-0.003659,-0.399795,-0.916215,0.589205,-0.594335,0.028617,0.067362,0.012148,-0.100697,-0.992560,0.846336,-0.843948,0.024199,0.005909,0.017241,0.406482,0.913477,0.723770,-0.710852,0.930418
788,6.566667,-0.026441,-0.003701,-0.399826,-0.916202,0.589209,-0.594334,0.028623,0.067442,0.012167,-0.100736,-0.992550,0.846341,-0.843956,0.024207,0.006063,0.017252,0.406434,0.913497,0.723835,-0.710837,0.930356
789,6.575000,-0.026478,-0.003673,-0.399839,-0.916196,0.589210,-0.594333,0.028615,0.067676,0.012170,-0.100791,-0.992529,0.846350,-0.843969,0.024219,0.006045,0.017233,0.406365,0.913528,0.723877,-0.710789,0.930355
790,6.583333,-0.026474,-0.003686,-0.399846,-0.916192,0.589214,-0.594331,0.028616,0.067709,0.012164,-0.100798,-0.992526,0.846355,-0.843972,0.024219,0.006011,0.017199,0.406321,0.913549,0.723924,-0.710744,0.930342
791,6.591667,-0.026440,-0.003720,-0.399852,-0.916191,0.589219,-0.594337,0.028618,0.067868,0.012209,-0.100822,-0.992512,0.846360,-0.843976,0.024222,0.005968,0.017170,0.406379,0.913524,0.724006,-0.710687,0.930335
792,6.600000,-0.026488,-0.003759,-0.399862,-0.916185,0.589222,-0.594332,0.028622,0.067898,0.012189,-0.100859,-0.992506,0.846361,-0.843978,0.024236,0.005999,0.017145,0.406366,0.913530,0.724060,-0.710644,0.930326
793,6.608333,-0.026476,-0.003722,-0.399892,-0.916172,0.589229,-0.594333,0.028616,0.067904,0.012229,-0.100866,-0.992505,0.846358,-0.843972,0.024238,0.005997,0.017205,0.406292,0.913562,0.724105,-0.710597,0.930309
794,6.616667,-0.026565,-0.003826,-0.399886,-0.916172,0.589230,-0.594333,0.028619,0.067824,0.012177,-0.100844,-0.992513,0.846357,-0.843969,0.024231,0.005960,0.017303,0.406228,0.913589,0.724155,-0.710543,0.930301
795,6.625000,-0.026516,-0.003797,-0.399902,-0.916166,0.589239,-0.594335,0.028618,0.067811,0.012183,-0.100836,-0.992515,0.846360,-0.843966,0.024234,0.005931,0.017364,0.406171,0.913613,0.724205,-0.710497,0.930300
796,6.633333,-0.026443,-0.003794,-0.399923,-0.916159,0.589239,-0.594333,0.028618,0.067797,0.012176,-0.100808,-0.992519,0.846354,-0.843962,0.024222,0.005975,0.017386,0.406114,0.913638,0.724253,-0.710453,0.930311
797,6.641667,-0.026487,-0.003832,-0.399941,-0.916150,0.589244,-0.594331,0.028620,0.067762,0.012144,-0.100795,-0.992523,0.846348,-0.843955,0.024227,0.005925,0.017464,0.406040,0.913669,0.724296,-0.710415,0.930318
798,6.650000,-0.026547,-0.003886,-0.399934,-0.916151,0.589247,-0.594333,0.028610,0.067865,0.012158,-0.100777,-0.992517,0.846348,-0.843954,0.024218,0.006125,0.017163,0.406019,0.913683,0.724346,-0.710376,0.930303
799,6.658333,-0.026525,-0.003872,-0.399953,-0.916143,0.589256,-0.594328,0.028618,0.067813,0.012176,-0.100705,-0.992528,0.846351,-0.843950,0.024221,0.006122,0.017219,0.405965,0.913706,0.724388,-0.710336,0.930302
800,6.666667,-0.026580,-0.003960,-0.399937,-0.916149,0.589255,-0.594325,0.028611,0.067844,0.012167,-0.100728,-0.992524,0.846349,-0.843952,0.024221,0.006001,0.017384,0.405976,0.913699,0.724438,-0.710289,0.930322
801,6.675000,-0.026556,-0.003927,-0.399932,-0.916152,0.589260,-0.594331,0.028616,0.067827,0.012131,-0.100771,-0.992521,0.846347,-0.843953,0.024224,0.005955,0.017509,0.405919,0.913722,0.724479,-0.710249,0.930334
802,6.683333,-0.026572,-0.003929,-0.399977,-0.916131,0.589267,-0.594328,0.028616,0.068213,0.012448,-0.101138,-0.992453,0.846392,-0.844037,0.024332,0.005994,0.017549,0.405864,0.913745,0.724520,-0.710205,0.930327
803,6.691667,-0.026582,-0.003983,-0.399973,-0.916133,0.589273,-0.594327,0.028622,0.068533,0.012446,-0.101218,-0.992423,0.846398,-0.844077,0.024362,0.005951,0.017755,0.405784,0.913777,0.724559,-0.710180,0.930308
804,6.700000,-0.026589,-0.003993,-0.399981,-0.916129,0.589277,-0.594324,0.028621,0.068632,0.012454,-0.101224,-0.992415,0.846398,-0.844085,0.024362,0.005895,0.017902,0.405784,0.913775,0.724609,-0.710145,0.930298
805,6.708333,-0.026603,-0.004041,-0.399971,-0.916133,0.589276,-0.594325,0.028619,0.068567,0.012445,-0.101172,-0.992425,0.846399,-0.844078,0.024361,0.005872,0.017982,0.405713,0.913805,0.724684,-0.710100,0.930302
806,6.716667,-0.026633,-0.004091,-0.399995,-0.916121,0.589283,-0.594324,0.028617,0.068183,0.012414,-0.101047,-0.992465,0.846391,-0.844034,0.024328,0.005867,0.018063,0.405675,0.913820,0.724731,-0.710056,0.930305
807,6.725000,-0.026679,-0.004132,-0.400002,-0.916116,0.589293,-0.594326,0.028617,0.068287,0.012289,-0.100863,-0.992478,0.846370,-0.843986,0.024267,0.005930,0.017985,0.405636,0.913839,0.724781,-0.710025,0.930300
808,6.733333,-0.026574,-0.004057,-0.400014,-0.916115,0.589296,-0.594317,0.028617,0.067907,0.012138,-0.100649,-0.992528,0.846347,-0.843941,0.024213,0.005926,0.018012,0.405572,0.913866,0.724822,-0.709991,0.930300
809,6.741667,-0.026507,-0.004041,-0.400028,-0.916111,0.589299,-0.594320,0.028621,0.067571,0.012103,-0.100524,-0.992564,0.846331,-0.843906,0.024179,0.005892,0.018138,0.405495,0.913898,0.724868,-0.709961,0.930289
810,6.750000,-0.026666,-0.004112,-0.400042,-0.916100,0.589305,-0.594317,0.028617,0.067346,0.012092,-0.100505,-0.992581,0.846319,-0.843894,0.024166,0.005723,0.018374,0.405446,0.913917,0.724911,-0.709948,0.930302
811,6.758333,-0.026654,-0.004107,-0.400043,-0.916099,0.589307,-0.594321,0.028620,0.067347,0.012125,-0.100541,-0.992577,0.846321,-0.843894,0.024162,0.005687,0.018454,0.405379,0.913945,0.724962,-0.709925,0.930291
812,6.766667,-0.026590,-0.004128,-0.400066,-0.916091,0.589312,-0.594321,0.028625,0.067345,0.012097,-0.100519,-0.992580,0.846323,-0.843902,0.024177,0.005720,0.018433,0.405353,0.913956,0.725006,-0.709904,0.930270
813,6.775000,-0.026631,-0.004156,-0.400052,-0.916096,0.589306,-0.594317,0.028622,0.067511,0.012079,-0.100557,-0.992565,0.846331,-0.843907,0.024185,0.005748,0.018372,0.405291,0.913985,0.725045,-0.709873,0.930261
814,6.783333,-0.026683,-0.004200,-0.400037,-0.916101,0.589310,-0.594324,0.028630,0.067665,0.012080,-0.100602,-0.992550,0.846346,-0.843932,0.024207,0.005762,0.018358,0.405274,0.913993,0.725093,-0.709856,0.930247
815,6.791667,-0.026656,-0.004150,-0.400056,-0.916094,0.589321,-0.594322,0.028632,0.068086,0.012116,-0.100679,-0.992513,0.846351,-0.843951,0.024214,0.005670,0.018518,0.405239,0.914005,0.725140,-0.709825,0.930255
816,6.800000,-0.026642,-0.004183,-0.400074,-0.916086,0.589314,-0.594323,0.028625,0.068048,0.012114,-0.100673,-0.992516,0.846363,-0.843960,0.024232,0.005690,0.018472,0.405239,0.914006,0.725179,-0.709808,0.930232
817,6.808333,-0.026729,-0.004238,-0.400079,-0.916081,0.589315,-0.594326,0.028620,0.068208,0.012137,-0.100709,-0.992501,0.846370,-0.843966,0.024244,0.005697,0.018509,0.405261,0.913996,0.725223,-0.709801,0.930228
818,6.816667,-0.026712,-0.004216,-0.400088,-0.916078,0.589316,-0.594320,0.028629,0.068239,0.012172,-0.100748,-0.992494,0.846372,-0.843969,0.024253,0.005665,0.018596,0.405265,0.913993,0.725266,-0.709777,0.930232
819,6.825000,-0.026637,-0.004168,-0.400090,-0.916079,0.589317,-0.594321,0.028625,0.068106,0.012160,-0.100754,-0.992503,0.846366,-0.843965,0.024247,0.005503,0.018462,0.405441,0.913918,0.725336,-0.709731,0.930262
820,6.833333,-0.026691,-0.004197,-0.400103,-0.916072,0.589318,-0.594319,0.028622,0.068143,0.012123,-0.100763,-0.992500,0.846369,-0.843959,0.024230,0.005476,0.018535,0.405481,0.913899,0.725373,-0.709717,0.930255
821,6.841667,-0.026764,-0.004247,-0.400086,-0.916077,0.589321,-0.594320,0.028624,0.068264,0.012412,-0.101058,-0.992458,0.846398,-0.844027,0.024327,0.005366,0.018679,0.405592,0.913848,0.725424,-0.709665,0.930264
822,6.850000,-0.026765,-0.004228,-0.400093,-0.916074,0.589320,-0.594320,0.028618,0.068612,0.012461,-0.101148,-0.992424,0.846405,-0.844064,0.024360,0.005157,0.018904,0.405616,0.913834,0.725460,-0.709639,0.930312
823,6.858333,-0.026780,-0.004256,-0.400105,-0.916068,0.589322,-0.594323,0.028624,0.068634,0.012433,-0.101187,-0.992419,0.846411,-0.844072,0.024361,0.005131,0.018974,0.405708,0.913792,0.725493,-0.709641,0.930302
824,6.866667,-0.026773,-0.004260,-0.400127,-0.916059,0.589323,-0.594327,0.028619,0.068381,0.012394,-0.101077,-0.992448,0.846406,-0.844038,0.024325,0.005140,0.018968,0.405764,0.913767,0.725512,-0.709639,0.930306
825,6.875000,-0.026799,-0.004231,-0.400125,-0.916059,0.589327,-0.594326,0.028615,0.068281,0.012266,-0.100888,-0.992476,0.846384,-0.843995,0.024276,0.005067,0.019130,0.405854,0.913723,0.725530,-0.709639,0.930316
826,6.883333,-0.026737,-0.004304,-0.400099,-0.916072,0.589326,-0.594327,0.028627,0.068039,0.012093,-0.100708,-0.992513,0.846362,-0.843956,0.024225,0.005199,0.019009,0.406063,0.913632,0.725599,-0.709622,0.930251
827,6.891667,-0.026828,-0.004319,-0.400125,-0.916058,0.589328,-0.594326,0.028622,0.068372,0.012384,-0.101057,-0.992451,0.846411,-0.844043,0.024335,0.005169,0.019156,0.406137,0.913597,0.725620,-0.709605,0.930262
828,6.900000,-0.026841,-0.004335,-0.400136,-0.916052,0.589325,-0.594330,0.028626,0.068388,0.012419,-0.101029,-0.992453,0.846405,-0.844038,0.024328,0.005139,0.019167,0.406257,0.913544,0.725650,-0.709595,0.930257
829,6.908333,-0.026793,-0.004287,-0.400149,-0.916048,0.589325,-0.594324,0.028620,0.068373,0.012382,-0.100986,-0.992458,0.846396,-0.844015,0.024313,0.005141,0.019281,0.406360,0.913495,0.725667,-0.709592,0.930247
830,6.916667,-0.026800,-0.004274,-0.400142,-0.916051,0.589326,-0.594320,0.028618,0.068279,0.012287,-0.100890,-0.992476,0.846382,-0.843992,0.024271,0.005039,0.019524,0.406447,0.913452,0.725682,-0.709581,0.930266
831,6.925000,-0.026707,-0.004246,-0.400104,-0.916071,0.589324,-0.594320,0.028630,0.068390,0.012355,-0.101090,-0.992447,0.846400,-0.844037,0.024326,0.005129,0.019456,0.406569,0.913399,0.725707,-0.709568,0.930246
832,6.933333,-0.026813,-0.004336,-0.400119,-0.916061,0.589325,-0.594324,0.028619,0.068509,0.012465,-0.101083,-0.992438,0.846406,-0.844037,0.024321,0.005026,0.019432,0.406741,0.913323,0.725741,-0.709540,0.930267
833,6.941667,-0.026765,-0.004312,-0.400131,-0.916057,0.589323,-0.594320,0.028619,0.068369,0.012449,-0.100983,-0.992458,0.846394,-0.844013,0.024311,0.004986,0.019534,0.406838,0.913278,0.725754,-0.709525,0.930278
834,6.950000,-0.026789,-0.004292,-0.400127,-0.916058,0.589325,-0.594327,0.028629,0.068392,0.012317,-0.100923,-0.992464,0.846383,-0.843993,0.024266,0.005044,0.019554,0.406955,0.913225,0.725767,-0.709517,0.930259
835,6.958333,-0.026811,-0.004350,-0.400124,-0.916058,0.589322,-0.594324,0.028624,0.068361,0.012189,-0.100811,-0.992479,0.846367,-0.843967,0.024241,0.005057,0.019523,0.407077,0.913171,0.725786,-0.709504,0.930247
836,6.966667,-0.026750,-0.004263,-0.400145,-0.916051,0.589326,-0.594328,0.028636,0.068017,0.012180,-0.100755,-0.992509,0.846361,-0.843954,0.024221,0.004989,0.019693,0.407160,0.913131,0.725802,-0.709491,0.930260
837,6.975000,-0.026787,-0.004289,-0.400133,-0.916055,0.589323,-0.594330,0.028631,0.067843,0.012160,-0.100680,-0.992529,0.846349,-0.843937,0.024200,0.004991,0.019681,0.407283,0.913076,0.725811,-0.709479,0.930244
838,6.983333,-0.026800,-0.004288,-0.400148,-0.916049,0.589318,-0.594333,0.028633,0.067691,0.012154,-0.100655,-0.992542,0.846342,-0.843930,0.024194,0.005004,0.019739,0.407416,0.913016,0.725828,-0.709457,0.930269
839,6.991667,-0.026815,-0.004284,-0.400145,-0.916049,0.589320,-0.594330,0.028626,0.067709,0.012126,-0.100682,-0.992538,0.846341,-0.843936,0.024198,0.004976,0.019740,0.407520,0.912970,0.725837,-0.709435,0.930242
840,7.000000,-0.026768,-0.004234,-0.400159,-0.916045,0.589317,-0.594329,0.028633,0.067758,0.012168,-0.100692,-0.992533,0.846339,-0.843931,0.024192,0.005048,0.019734,0.407606,0.912930,0.725843,-0.709422,0.930225
841,7.008333,-0.026722,-0.004256,-0.400160,-0.916046,0.589316,-0.594331,0.028640,0.067813,0.012148,-0.100683,-0.992531,0.846343,-0.843937,0.024207,0.004956,0.019997,0.407693,0.912887,0.725853,-0.709413,0.930251
842,7.016667,-0.026884,-0.004356,-0.400146,-0.916047,0.589314,-0.594331,0.028625,0.067961,0.012162,-0.100736,-0.992515,0.846347,-0.843945,0.024217,0.005069,0.019857,0.407810,0.912837,0.725869,-0.709403,0.930215
843,7.025000,-0.026802,-0.004302,-0.400150,-0.916048,0.589313,-0.594324,0.028636,0.068169,0.012228,-0.100827,-0.992491,0.846354,-0.843951,0.024226,0.005278,0.019813,0.407942,0.912778,0.725879,-0.709373,0.930191
844,7.033333,-0.026752,-0.004244,-0.400146,-0.916051,0.589314,-0.594324,0.028631,0.068175,0.012239,-0.100804,-0.992492,0.846351,-0.843951,0.024227,0.005321,0.019741,0.408035,0.912737,0.725892,-0.709354,0.930168
845,7.041667,-0.026736,-0.004225,-0.400164,-0.916044,0.589313,-0.594327,0.028636,0.068166,0.012174,-0.100842,-0.992490,0.846350,-0.843950,0.024240,0.005314,0.019908,0.408136,0.912688,0.725909,-0.709337,0.930189
846,7.050000,-0.026714,-0.004210,-0.400153,-0.916049,0.589320,-0.594327,0.028637,0.068275,0.012255,-0.100852,-0.992480,0.846354,-0.843950,0.024240,0.005410,0.019835,0.408222,0.912651,0.725911,-0.709331,0.930170
847,7.058333,-0.026776,-0.004301,-0.400141,-0.916052,0.589317,-0.594332,0.028641,0.068222,0.012240,-0.100833,-0.992486,0.846354,-0.843956,0.024246,0.005398,0.019627,0.408543,0.912512,0.725965,-0.709268,0.930173
848,7.066667,-0.026801,-0.004267,-0.400177,-0.916036,0.589310,-0.594328,0.028637,0.068287,0.012233,-0.100862,-0.992479,0.846352,-0.843957,0.024241,0.005461,0.019650,0.408671,0.912454,0.725989,-0.709253,0.930158
849,7.075000,-0.026721,-0.004257,-0.400206,-0.916026,0.589321,-0.594327,0.028640,0.068243,0.012244,-0.100869,-0.992481,0.846355,-0.843954,0.024236,0.005354,0.019811,0.408768,0.912408,0.725998,-0.709238,0.930176
850,7.083333,-0.026788,-0.004231,-0.400203,-0.916025,0.589319,-0.594333,0.028634,0.068218,0.012211,-0.100820,-0.992488,0.846351,-0.843949,0.024234,0.005418,0.019653,0.408889,0.912356,0.726020,-0.709204,0.930176
851,7.091667,-0.026741,-0.004276,-0.400193,-0.916031,0.589318,-0.594333,0.028640,0.068026,0.012200,-0.100845,-0.992499,0.846347,-0.843948,0.024234,0.005365,0.019732,0.409001,0.912305,0.726032,-0.709195,0.930177
852,7.100000,-0.026781,-0.004272,-0.400224,-0.916016,0.589325,-0.594329,0.028631,0.068209,0.012252,-0.100832,-0.992487,0.846348,-0.843943,0.024230,0.005273,0.019931,0.409078,0.912266,0.726053,-0.709177,0.930188
853,7.108333,-0.026861,-0.004309,-0.400214,-0.916018,0.589326,-0.594324,0.028626,0.068228,0.012198,-0.100823,-0.992487,0.846343,-0.843943,0.024225,0.005478,0.019767,0.409323,0.912159,0.726090,-0.709114,0.930166
854,7.116667,-0.026758,-0.004329,-0.400219,-0.916018,0.589325,-0.594324,0.028635,0.068228,0.012213,-0.100852,-0.992484,0.846348,-0.843935,0.024229,0.005462,0.019875,0.409438,0.912105,0.726115,-0.709086,0.930162
855,7.125000,-0.026812,-0.004346,-0.400216,-0.916018,0.589322,-0.594321,0.028632,0.068344,0.012241,-0.100831,-0.992478,0.846342,-0.843932,0.024220,0.005532,0.019795,0.409587,0.912040,0.726137,-0.709047,0.930150
856,7.133333,-0.026847,-0.004392,-0.400223,-0.916014,0.589331,-0.594322,0.028642,0.068437,0.012267,-0.100821,-0.992472,0.846344,-0.843935,0.024213,0.005618,0.019722,0.409725,0.911978,0.726166,-0.709032,0.930109
857,7.141667,-0.026873,-0.004391,-0.400238,-0.916007,0.589333,-0.594322,0.028632,0.068359,0.012268,-0.100820,-0.992478,0.846347,-0.843929,0.024228,0.005655,0.019682,0.409853,0.911922,0.726187,-0.709003,0.930094
858,7.150000,-0.026865,-0.004404,-0.400227,-0.916012,0.589331,-0.594319,0.028641,0.068319,0.012267,-0.100815,-0.992481,0.846349,-0.843938,0.024231,0.005837,0.019765,0.409968,0.911867,0.726208,-0.708988,0.930057
859,7.158333,-0.026842,-0.004397,-0.400251,-0.916002,0.589337,-0.594320,0.028638,0.068265,0.012271,-0.100816,-0.992485,0.846347,-0.843932,0.024230,0.005708,0.019965,0.410120,0.911795,0.726250,-0.708950,0.930062
860,7.166667,-0.026891,-0.004432,-0.400253,-0.915999,0.589334,-0.594326,0.028639,0.068329,0.012305,-0.100836,-0.992478,0.846352,-0.843938,0.024233,0.005906,0.019895,0.410235,0.911744,0.726269,-0.708917,0.930025
861,7.175000,-0.026874,-0.004429,-0.400276,-0.915990,0.589340,-0.594325,0.028645,0.068330,0.012288,-0.100812,-0.992480,0.846347,-0.843935,0.024235,0.005680,0.020017,0.410432,0.911654,0.726303,-0.708871,0.930063
862,7.183333,-0.026960,-0.004452,-0.400280,-0.915985,0.589346,-0.594330,0.028637,0.068298,0.012270,-0.100837,-0.992480,0.846343,-0.843933,0.024234,0.005639,0.020106,0.410555,0.911597,0.726323,-0.708857,0.930066
863,7.191667,-0.026856,-0.004439,-0.400275,-0.915991,0.589350,-0.594328,0.028637,0.068333,0.012269,-0.100846,-0.992477,0.846348,-0.843933,0.024233,0.005675,0.020136,0.410673,0.911543,0.726354,-0.708826,0.930060
864,7.200000,-0.026961,-0.004515,-0.400290,-0.915981,0.589347,-0.594327,0.028638,0.068359,0.012297,-0.100853,-0.992474,0.846344,-0.843929,0.024228,0.005795,0.020245,0.410724,0.911517,0.726354,-0.708815,0.930026
865,7.208333,-0.026925,-0.004501,-0.400303,-0.915976,0.589349,-0.594324,0.028627,0.068355,0.012307,-0.100856,-0.992474,0.846344,-0.843922,0.024226,0.005729,0.020252,0.410929,0.911424,0.726404,-0.708772,0.930025
866,7.216667,-0.026933,-0.004530,-0.400308,-0.915974,0.589348,-0.594327,0.028639,0.068457,0.012294,-0.100875,-0.992465,0.846345,-0.843925,0.024222,0.005685,0.020324,0.411045,0.911371,0.726430,-0.708745,0.930027
867,7.225000,-0.026889,-0.004539,-0.400325,-0.915967,0.589353,-0.594324,0.028637,0.068343,0.012245,-0.100816,-0.992479,0.846349,-0.843930,0.024236,0.005538,0.020407,0.411223,0.911290,0.726462,-0.708706,0.930072
868,7.233333,-0.026981,-0.004572,-0.400326,-0.915964,0.589355,-0.594317,0.028641,0.068480,0.012263,-0.100812,-0.992470,0.846351,-0.843933,0.024224,0.005590,0.020443,0.411338,0.911237,0.726476,-0.708676,0.930104
869,7.241667,-0.026886,-0.004619,-0.400340,-0.915961,0.589354,-0.594314,0.028642,0.068475,0.012283,-0.100822,-0.992469,0.846346,-0.843931,0.024222,0.005583,0.020516,0.411460,0.911180,0.726505,-0.708661,0.930093
870,7.250000,-0.026906,-0.004606,-0.400339,-0.915960,0.589362,-0.594315,0.028645,0.068413,0.012265,-0.100860,-0.992470,0.846345,-0.843925,0.024224,0.005594,0.020554,0.411598,0.911116,0.726532,-0.708637,0.930094
871,7.258333,-0.026945,-0.004630,-0.400329,-0.915963,0.589364,-0.594317,0.028647,0.068390,0.012249,-0.100862,-0.992471,0.846342,-0.843922,0.024232,0.005738,0.020551,0.411719,0.911061,0.726540,-0.708619,0.930111
872,7.266667,-0.026944,-0.004674,-0.400370,-0.915945,0.589361,-0.594316,0.028652,0.068452,0.012287,-0.100874,-0.992466,0.846349,-0.843921,0.024238,0.005680,0.020577,0.411841,0.911006,0.726579,-0.708598,0.930078
873,7.275000,-0.027048,-0.004744,-0.400349,-0.915951,0.589369,-0.594317,0.028649,0.068397,0.012288,-0.100902,-0.992467,0.846350,-0.843923,0.024249,0.005679,0.020714,0.411946,0.910955,0.726583,-0.708582,0.930116
874,7.283333,-0.026954,-0.004672,-0.400387,-0.915938,0.589374,-0.594319,0.028655,0.068507,0.012277,-0.100878,-0.992462,0.846343,-0.843919,0.024238,0.006051,0.020140,0.412270,0.910819,0.726671,-0.708530,0.930009
875,7.291667,-0.027007,-0.004746,-0.400398,-0.915931,0.589376,-0.594315,0.028653,0.068454,0.012272,-0.100874,-0.992466,0.846346,-0.843914,0.024243,0.006160,0.020100,0.412376,0.910771,0.726690,-0.708522,0.930014
876,7.300000,-0.026985,-0.004756,-0.400398,-0.915932,0.589374,-0.594317,0.028658,0.068570,0.012253,-0.100870,-0.992458,0.846351,-0.843915,0.024239,0.006218,0.020138,0.412480,0.910723,0.726719,-0.708498,0.930000
877,7.308333,-0.026928,-0.004709,-0.400410,-0.915928,0.589378,-0.594319,0.028653,0.068582,0.012274,-0.100875,-0.992457,0.846347,-0.843912,0.024235,0.006078,0.020332,0.412570,0.910679,0.726752,-0.708490,0.929993
878,7.316667,-0.027042,-0.004777,-0.400420,-0.915920,0.589383,-0.594316,0.028652,0.068588,0.012289,-0.100867,-0.992457,0.846346,-0.843910,0.024233,0.006116,0.020318,0.412677,0.910631,0.726778,-0.708480,0.929983
879,7.325000,-0.027015,-0.004752,-0.400447,-0.915909,0.589380,-0.594317,0.028651,0.068463,0.012260,-0.100852,-0.992467,0.846351,-0.843904,0.024244,0.006178,0.020229,0.412760,0.910594,0.726792,-0.708466,0.929975
880,7.333333,-0.027042,-0.004765,-0.400416,-0.915922,0.589383,-0.594319,0.028657,0.068452,0.012236,-0.100867,-0.992467,0.846350,-0.843904,0.024242,0.006036,0.020424,0.412891,0.910531,0.726837,-0.708458,0.930001
881,7.341667,-0.026959,-0.004786,-0.400416,-0.915924,0.589380,-0.594313,0.028666,0.068527,0.012249,-0.100836,-0.992465,0.846349,-0.843906,0.024239,0.005933,0.020402,0.413031,0.910469,0.726860,-0.708435,0.930029
882,7.350000,-0.026999,-0.004776,-0.400428,-0.915918,0.589387,-0.594318,0.028659,0.068461,0.012272,-0.100805,-0.992472,0.846348,-0.843903,0.024245,0.005873,0.020558,0.413117,0.910427,0.726882,-0.708431,0.930032
883,7.358333,-0.026939,-0.004790,-0.400439,-0.915915,0.589379,-0.594314,0.028671,0.068459,0.012253,-0.100810,-0.992472,0.846349,-0.843898,0.024241,0.005928,0.020490,0.413208,0.910387,0.726896,-0.708435,0.930036
884,7.366667,-0.027009,-0.004810,-0.400464,-0.915902,0.589383,-0.594319,0.028660,0.068499,0.012257,-0.100811,-0.992469,0.846356,-0.843904,0.024248,0.006112,0.020570,0.413230,0.910374,0.726903,-0.708433,0.930003
885,7.375000,-0.027032,-0.004845,-0.400444,-0.915910,0.589385,-0.594317,0.028658,0.068512,0.012227,-0.100798,-0.992470,0.846348,-0.843901,0.024235,0.005910,0.020649,0.413386,0.910303,0.726937,-0.708408,0.930026
886,7.383333,-0.027027,-0.004849,-0.400453,-0.915906,0.589391,-0.594314,0.028657,0.068505,0.012240,-0.100792,-0.992471,0.846353,-0.843907,0.024241,0.005896,0.020622,0.413539,0.910234,0.726949,-0.708367,0.930058
887,7.391667,-0.026935,-0.004793,-0.400466,-0.915903,0.589388,-0.594313,0.028669,0.068557,0.012242,-0.100843,-0.992462,0.846349,-0.843905,0.024239,0.005898,0.020609,0.413736,0.910145,0.727008,-0.708346,0.930020
888,7.400000,-0.027080,-0.004851,-0.400465,-0.915899,0.589392,-0.594317,0.028653,0.068546,0.012232,-0.100836,-0.992464,0.846349,-0.843899,0.024235,0.005914,0.020658,0.413793,0.910117,0.727018,-0.708350,0.930010
889,7.408333,-0.027101,-0.004886,-0.400477,-0.915893,0.589393,-0.594315,0.028667,0.068523,0.012230,-0.100781,-0.992471,0.846345,-0.843899,0.024234,0.005972,0.020611,0.413886,0.910076,0.727030,-0.708357,0.929987
890,7.416667,-0.027033,-0.004852,-0.400481,-0.915893,0.589387,-0.594318,0.028662,0.068588,0.012257,-0.100787,-0.992465,0.846347,-0.843903,0.024235,0.005934,0.020800,0.413814,0.910105,0.726997,-0.708393,0.930017
891,7.425000,-0.027048,-0.004865,-0.400500,-0.915884,0.589388,-0.594312,0.028664,0.068531,0.012217,-0.100781,-0.992470,0.846348,-0.843905,0.024239,0.006132,0.020612,0.413914,0.910062,0.727013,-0.708398,0.929966
892,7.433333,-0.026995,-0.004822,-0.400498,-0.915887,0.589392,-0.594316,0.028661,0.068471,0.012240,-0.100807,-0.992472,0.846347,-0.843910,0.024240,0.005953,0.020843,0.413985,0.910026,0.727014,-0.708408,0.930010
893,7.441667,-0.027080,-0.004891,-0.400494,-0.915886,0.589390,-0.594316,0.028660,0.068534,0.012227,-0.100846,-0.992463,0.846349,-0.843905,0.024236,0.005915,0.020922,0.414071,0.909985,0.727016,-0.708422,0.930022
894,7.450000,-0.027039,-0.004840,-0.400496,-0.915887,0.589394,-0.594311,0.028663,0.068451,0.012253,-0.100830,-0.992471,0.846343,-0.843901,0.024237,0.006000,0.020782,0.414170,0.909943,0.727013,-0.708427,0.930003
895,7.458333,-0.027052,-0.004850,-0.400506,-0.915882,0.589392,-0.594316,0.028664,0.068448,0.012260,-0.100860,-0.992468,0.846344,-0.843903,0.024239,0.005972,0.020911,0.414262,0.909898,0.727018,-0.708443,0.930021
896,7.466667,-0.027050,-0.004881,-0.400491,-0.915888,0.589389,-0.594319,0.028663,0.068443,0.012236,-0.100908,-0.992463,0.846344,-0.843906,0.024240,0.006019,0.020892,0.414508,0.909786,0.727046,-0.708423,0.930022
897,7.475000,-0.027095,-0.004901,-0.400507,-0.915880,0.589393,-0.594318,0.028663,0.068488,0.012238,-0.100918,-0.992459,0.846344,-0.843912,0.024234,0.006148,0.020716,0.414629,0.909734,0.727037,-0.708440,0.930004
898,7.483333,-0.027038,-0.004865,-0.400496,-0.915887,0.589396,-0.594314,0.028670,0.068564,0.012248,-0.100891,-0.992457,0.846341,-0.843919,0.024230,0.006067,0.020865,0.414719,0.909690,0.727035,-0.708455,0.930019
899,7.491667,-0.027078,-0.004890,-0.400483,-0.915891,0.589389,-0.594312,0.028665,0.068533,0.012224,-0.100863,-0.992462,0.846342,-0.843915,0.024232,0.006002,0.020949,0.414792,0.909655,0.727023,-0.708476,0.930039
900,7.500000,-0.027056,-0.004828,-0.400522,-0.915875,0.589391,-0.594320,0.028660,0.068456,0.012228,-0.100919,-0.992462,0.846341,-0.843915,0.024232,0.005982,0.020901,0.414926,0.909596,0.727023,-0.708500,0.930031
901,7.508333,-0.027072,-0.004875,-0.400514,-0.915878,0.589391,-0.594318,0.028664,0.068436,0.012234,-0.100845,-0.992470,0.846340,-0.843907,0.024237,0.006052,0.020775,0.415022,0.909554,0.727020,-0.708519,0.930019
902,7.516667,-0.027068,-0.004857,-0.400525,-0.915873,0.589389,-0.594316,0.028670,0.068476,0.012230,-0.100918,-0.992460,0.846340,-0.843911,0.024239,0.006013,0.020809,0.415109,0.909514,0.727005,-0.708537,0.930039
903,7.525000,-0.027070,-0.004849,-0.400532,-0.915870,0.589391,-0.594321,0.028670,0.068509,0.012223,-0.100924,-0.992457,0.846336,-0.843904,0.024227,0.006056,0.020784,0.415214,0.909466,0.727006,-0.708555,0.930039
904,7.533333,-0.027057,-0.004843,-0.400528,-0.915872,0.589390,-0.594319,0.028662,0.068500,0.012257,-0.100915,-0.992458,0.846349,-0.843913,0.024240,0.005958,0.020996,0.415300,0.909423,0.726991,-0.708581,0.930066
905,7.541667,-0.027036,-0.004825,-0.400511,-0.915881,0.589386,-0.594320,0.028667,0.068599,0.012279,-0.100925,-0.992450,0.846340,-0.843910,0.024236,0.006059,0.020803,0.415398,0.909382,0.726995,-0.708604,0.930050
906,7.550000,-0.026974,-0.004775,-0.400524,-0.915877,0.589386,-0.594320,0.028678,0.068617,0.012265,-0.100949,-0.992447,0.846338,-0.843911,0.024229,0.006040,0.020850,0.415501,0.909334,0.726987,-0.708618,0.930055
907,7.558333,-0.027040,-0.004801,-0.400522,-0.915875,0.589384,-0.594323,0.028659,0.068523,0.012250,-0.100953,-0.992453,0.846342,-0.843916,0.024232,0.005963,0.020848,0.415593,0.909292,0.726979,-0.708644,0.930084
908,7.566667,-0.027088,-0.004801,-0.400539,-0.915867,0.589387,-0.594324,0.028667,0.068459,0.012275,-0.100940,-0.992459,0.846335,-0.843909,0.024225,0.005953,0.020929,0.415665,0.909257,0.726965,-0.708667,0.930097
909,7.575000,-0.027051,-0.004748,-0.400501,-0.915885,0.589383,-0.594325,0.028664,0.068566,0.012338,-0.100969,-0.992447,0.846342,-0.843908,0.024234,0.005897,0.020999,0.415769,0.909209,0.726935,-0.708689,0.930130
910,7.583333,-0.026975,-0.004697,-0.400530,-0.915874,0.589385,-0.594321,0.028668,0.068497,0.012295,-0.100990,-0.992451,0.846341,-0.843901,0.024228,0.006614,0.020447,0.415910,0.909152,0.726957,-0.708745,0.929935
911,7.591667,-0.026896,-0.004672,-0.400499,-0.915890,0.589378,-0.594320,0.028670,0.068493,0.012284,-0.100973,-0.992453,0.846339,-0.843899,0.024226,0.006552,0.020508,0.415992,0.909113,0.726958,-0.708759,0.929939
912,7.600000,-0.027103,-0.004743,-0.400485,-0.915890,0.589376,-0.594322,0.028662,0.068570,0.012310,-0.100990,-0.992445,0.846338,-0.843904,0.024224,0.006489,0.020618,0.416046,0.909087,0.726959,-0.708777,0.929935
913,7.608333,-0.026918,-0.004660,-0.400524,-0.915879,0.589375,-0.594322,0.028671,0.068337,0.012233,-0.101014,-0.992460,0.846337,-0.843910,0.024232,0.006502,0.020514,0.416121,0.909055,0.726956,-0.708801,0.929915
914,7.616667,-0.026959,-0.004676,-0.400513,-0.915882,0.589373,-0.594318,0.028674,0.068472,0.012301,-0.101031,-0.992448,0.846337,-0.843907,0.024229,0.006591,0.020536,0.416201,0.909017,0.726957,-0.708815,0.929908
915,7.625000,-0.026867,-0.004604,-0.400504,-0.915889,0.589376,-0.594320,0.028671,0.068404,0.012275,-0.101028,-0.992453,0.846336,-0.843908,0.024228,0.006829,0.020261,0.416232,0.909007,0.726951,-0.708874,0.929885
916,7.633333,-0.026991,-0.004663,-0.400489,-0.915892,0.589376,-0.594324,0.028669,0.068482,0.012275,-0.101016,-0.992449,0.846339,-0.843912,0.024228,0.006596,0.020561,0.416294,0.908973,0.726965,-0.708839,0.929893
917,7.641667,-0.026973,-0.004638,-0.400508,-0.915884,0.589369,-0.594327,0.028662,0.068508,0.012306,-0.101016,-0.992447,0.846333,-0.843912,0.024218,0.006577,0.020590,0.416410,0.908920,0.726969,-0.708867,0.929902
918,7.650000,-0.026928,-0.004583,-0.400504,-0.915888,0.589368,-0.594324,0.028670,0.068399,0.012292,-0.101051,-0.992451,0.846337,-0.843910,0.024233,0.006551,0.020586,0.416412,0.908919,0.726969,-0.708879,0.929914
919,7.658333,-0.026905,-0.004591,-0.400496,-0.915892,0.589362,-0.594328,0.028674,0.068434,0.012325,-0.101045,-0.992449,0.846335,-0.843913,0.024235,0.006559,0.020545,0.416406,0.908923,0.726967,-0.708926,0.929912
920,7.666667,-0.027051,-0.004614,-0.400497,-0.915887,0.589365,-0.594330,0.028664,0.068458,0.012324,-0.101072,-0.992445,0.846332,-0.843907,0.024224,0.006451,0.020615,0.416418,0.908917,0.726955,-0.708948,0.929944
921,7.675000,-0.026944,-0.004575,-0.400510,-0.915885,0.589360,-0.594329,0.028676,0.068497,0.012321,-0.101035,-0.992446,0.846336,-0.843913,0.024233,0.006695,0.020263,0.416412,0.908925,0.726954,-0.708973,0.929930
922,7.683333,-0.027002,-0.004589,-0.400494,-0.915890,0.589357,-0.594329,0.028674,0.068431,0.012318,-0.101045,-0.992449,0.846338,-0.843914,0.024232,0.006701,0.020192,0.416469,0.908901,0.726958,-0.708998,0.929929
923,7.691667,-0.026999,-0.004602,-0.400489,-0.915892,0.589358,-0.594331,0.028663,0.068435,0.012274,-0.101027,-0.992451,0.846332,-0.843911,0.024230,0.006690,0.020220,0.416446,0.908911,0.726961,-0.709020,0.929943
924,7.700000,-0.026951,-0.004567,-0.400488,-0.915894,0.589356,-0.594330,0.028673,0.068450,0.012302,-0.101033,-0.992449,0.846335,-0.843912,0.024241,0.006755,0.020152,0.416457,0.908907,0.726975,-0.709037,0.929926
925,7.708333,-0.026933,-0.004549,-0.400483,-0.915897,0.589354,-0.594329,0.028665,0.068507,0.012344,-0.101065,-0.992442,0.846334,-0.843913,0.024231,0.006847,0.020100,0.416448,0.908912,0.726987,-0.709063,0.929904
926,7.716667,-0.027004,-0.004587,-0.400492,-0.915891,0.589354,-0.594334,0.028670,0.068522,0.012351,-0.101065,-0.992440,0.846334,-0.843914,0.024232,0.006785,0.020176,0.416456,0.908907,0.726984,-0.709085,0.929922
927,7.725000,-0.026963,-0.004576,-0.400472,-0.915901,0.589354,-0.594333,0.028670,0.068492,0.012301,-0.101040,-0.992446,0.846334,-0.843917,0.024235,0.006750,0.020119,0.416460,0.908907,0.727007,-0.709114,0.929922
928,7.733333,-0.026961,-0.004534,-0.400452,-0.915910,0.589354,-0.594332,0.028669,0.068327,0.012300,-0.101038,-0.992457,0.846334,-0.843912,0.024242,0.006765,0.020098,0.416466,0.908904,0.727017,-0.709142,0.929914
929,7.741667,-0.027013,-0.004586,-0.400470,-0.915900,0.589355,-0.594336,0.028670,0.068306,0.012304,-0.101039,-0.992459,0.846333,-0.843911,0.024239,0.006719,0.019947,0.416523,0.908881,0.727039,-0.709144,0.929906
930,7.750000,-0.026935,-0.004538,-0.400501,-0.915889,0.589358,-0.594333,0.028668,0.068446,0.012371,-0.101073,-0.992445,0.846334,-0.843909,0.024236,0.006650,0.020037,0.416445,0.908916,0.727039,-0.709181,0.929936
931,7.758333,-0.026983,-0.004565,-0.400482,-0.915896,0.589352,-0.594339,0.028663,0.068348,0.012348,-0.101066,-0.992452,0.846334,-0.843911,0.024240,0.006571,0.020097,0.416451,0.908912,0.727048,-0.709197,0.929947
932,7.766667,-0.026909,-0.004548,-0.400480,-0.915899,0.589353,-0.594335,0.028671,0.068330,0.012320,-0.101025,-0.992458,0.846333,-0.843914,0.024241,0.006215,0.020303,0.416342,0.908960,0.727047,-0.709217,0.930031
933,7.775000,-0.026935,-0.004538,-0.400483,-0.915897,0.589357,-0.594333,0.028661,0.068362,0.012323,-0.101094,-0.992449,0.846336,-0.843915,0.024241,0.006059,0.020333,0.416321,0.908970,0.727049,-0.709232,0.930069
934,7.783333,-0.027088,-0.004593,-0.400496,-0.915887,0.589360,-0.594330,0.028661,0.068363,0.012321,-0.101053,-0.992453,0.846335,-0.843910,0.024239,0.006380,0.020006,0.416368,0.908954,0.727088,-0.709247,0.930012
935,7.791667,-0.027055,-0.004569,-0.400475,-0.915897,0.589358,-0.594335,0.028659,0.068413,0.012283,-0.101062,-0.992449,0.846334,-0.843912,0.024237,0.006090,0.020186,0.416347,0.908961,0.727087,-0.709250,0.930082
936,7.800000,-0.026995,-0.004561,-0.400497,-0.915889,0.589358,-0.594329,0.028659,0.068478,0.012319,-0.101090,-0.992441,0.846335,-0.843917,0.024232,0.006238,0.020010,0.416274,0.908997,0.727093,-0.709298,0.930062
937,7.808333,-0.026998,-0.004533,-0.400486,-0.915894,0.589363,-0.594337,0.028663,0.068415,0.012277,-0.101038,-0.992452,0.846338,-0.843921,0.024234,0.006172,0.020022,0.416206,0.909029,0.727092,-0.709307,0.930090
938,7.816667,-0.027049,-0.004598,-0.400498,-0.915887,0.589359,-0.594338,0.028663,0.068448,0.012274,-0.101056,-0.992447,0.846337,-0.843920,0.024230,0.006316,0.019913,0.416239,0.909015,0.727121,-0.709317,0.930054
939,7.825000,-0.027089,-0.004622,-0.400481,-0.915893,0.589368,-0.594338,0.028668,0.068380,0.012287,-0.101050,-0.992453,0.846339,-0.843917,0.024243,0.006146,0.020019,0.416144,0.909058,0.727116,-0.709328,0.930095
940,7.833333,-0.027083,-0.004568,-0.400505,-0.915883,0.589368,-0.594340,0.028658,0.068477,0.012276,-0.100993,-0.992452,0.846338,-0.843919,0.024229,0.006317,0.019748,0.416115,0.909075,0.727137,-0.709345,0.930064
941,7.841667,-0.027107,-0.004598,-0.400465,-0.915900,0.589367,-0.594343,0.028665,0.068502,0.012304,-0.101006,-0.992448,0.846337,-0.843921,0.024231,0.006345,0.019611,0.416086,0.909092,0.727154,-0.709350,0.930032
942,7.850000,-0.027161,-0.004573,-0.400508,-0.915879,0.589359,-0.594343,0.028660,0.068463,0.012294,-0.100992,-0.992453,0.846338,-0.843920,0.024232,0.006327,0.019671,0.416018,0.909122,0.727168,-0.709355,0.930037
943,7.858333,-0.027068,-0.004562,-0.400490,-0.915890,0.589361,-0.594338,0.028660,0.068336,0.012255,-0.100981,-0.992463,0.846337,-0.843913,0.024232,0.006253,0.019678,0.415938,0.909158,0.727179,-0.709359,0.930022
944,7.866667,-0.027149,-0.004581,-0.400470,-0.915896,0.589365,-0.594347,0.028659,0.068504,0.012322,-0.101026,-0.992446,0.846340,-0.843911,0.024229,0.006321,0.019614,0.415862,0.909194,0.727201,-0.709359,0.930003
945,7.875000,-0.027104,-0.004575,-0.400470,-0.915898,0.589360,-0.594344,0.028654,0.068454,0.012336,-0.100993,-0.992453,0.846341,-0.843915,0.024225,0.006285,0.019610,0.415781,0.909232,0.727218,-0.709367,0.929996
946,7.883333,-0.027176,-0.004582,-0.400459,-0.915900,0.589361,-0.594343,0.028655,0.068444,0.012323,-0.100998,-0.992453,0.846337,-0.843910,0.024228,0.006271,0.019551,0.415730,0.909256,0.727229,-0.709375,0.929995
947,7.891667,-0.027071,-0.004543,-0.400458,-0.915904,0.589355,-0.594340,0.028655,0.068386,0.012296,-0.100954,-0.992462,0.846335,-0.843909,0.024225,0.006313,0.019476,0.415664,0.909288,0.727250,-0.709382,0.929977
948,7.900000,-0.027151,-0.004574,-0.400452,-0.915904,0.589357,-0.594340,0.028659,0.068379,0.012290,-0.100970,-0.992461,0.846343,-0.843913,0.024233,0.005952,0.019665,0.415515,0.909354,0.727230,-0.709375,0.930082
949,7.908333,-0.027130,-0.004581,-0.400422,-0.915918,0.589356,-0.594338,0.028658,0.068324,0.012297,-0.100914,-0.992470,0.846343,-0.843917,0.024236,0.006091,0.019471,0.415485,0.909371,0.727250,-0.709385,0.930037
950,7.916667,-0.027148,-0.004595,-0.400432,-0.915913,0.589352,-0.594344,0.028660,0.068381,0.012317,-0.100948,-0.992463,0.846345,-0.843919,0.024230,0.005940,0.019528,0.415381,0.909418,0.727249,-0.709383,0.930081
951,7.925000,-0.027061,-0.004528,-0.400415,-0.915923,0.589353,-0.594340,0.028663,0.068404,0.012323,-0.100954,-0.992460,0.846341,-0.843926,0.024228,0.006069,0.019377,0.415347,0.909436,0.727265,-0.709389,0.930054
952,7.933333,-0.027207,-0.004610,-0.400384,-0.915932,0.589347,-0.594337,0.028665,0.068318,0.012286,-0.100969,-0.992465,0.846341,-0.843922,0.024229,0.006052,0.019685,0.415070,0.909556,0.727225,-0.709435,0.930045
953,7.941667,-0.027082,-0.004540,-0.400402,-0.915928,0.589351,-0.594339,0.028656,0.068268,0.012318,-0.100943,-0.992471,0.846346,-0.843921,0.024237,0.006094,0.019877,0.414968,0.909598,0.727224,-0.709430,0.929999
954,7.950000,-0.027127,-0.004538,-0.400424,-0.915917,0.589346,-0.594344,0.028650,0.068291,0.012305,-0.100928,-0.992471,0.846345,-0.843920,0.024237,0.005926,0.019876,0.414854,0.909652,0.727207,-0.709404,0.930065
955,7.958333,-0.027054,-0.004534,-0.400400,-0.915930,0.589344,-0.594341,0.028659,0.068439,0.012362,-0.100917,-0.992461,0.846345,-0.843922,0.024234,0.005936,0.019848,0.414766,0.909692,0.727217,-0.709417,0.930010
956,7.966667,-0.027014,-0.004467,-0.400422,-0.915922,0.589349,-0.594340,0.028657,0.068361,0.012330,-0.100927,-0.992466,0.846345,-0.843928,0.024232,0.006137,0.019787,0.414657,0.909742,0.727218,-0.709393,0.929984
957,7.975000,-0.026986,-0.004454,-0.400412,-0.915927,0.589344,-0.594342,0.028660,0.068350,0.012342,-0.100932,-0.992466,0.846345,-0.843925,0.024228,0.006107,0.019707,0.414578,0.909780,0.727215,-0.709388,0.929996
958,7.983333,-0.027053,-0.004462,-0.400397,-0.915932,0.589347,-0.594345,0.028653,0.068358,0.012322,-0.100911,-0.992468,0.846347,-0.843925,0.024236,0.006031,0.019808,0.414448,0.909837,0.727215,-0.709387,0.929994
959,7.991667,-0.027070,-0.004519,-0.400400,-0.915929,0.589344,-0.594343,0.028657,0.068278,0.012328,-0.100958,-0.992469,0.846344,-0.843927,0.024244,0.005993,0.019797,0.414342,0.909886,0.727223,-0.709386,0.929982
960,8.000000,-0.027058,-0.004482,-0.400392,-0.915934,0.589346,-0.594345,0.028655,0.068243,0.012346,-0.100931,-0.992473,0.846344,-0.843925,0.024237,0.006006,0.019811,0.414232,0.909936,0.727223,-0.709380,0.929976
961,8.008333,-0.027175,-0.004540,-0.400410,-0.915922,0.589342,-0.594348,0.028653,0.068291,0.012312,-0.100910,-0.992473,0.846346,-0.843929,0.024235,0.005962,0.019780,0.414109,0.909993,0.727222,-0.709384,0.929985
962,8.016667,-0.027038,-0.004482,-0.400368,-0.915944,0.589341,-0.594341,0.028656,0.068389,0.012320,-0.100910,-0.992466,0.846345,-0.843937,0.024236,0.005942,0.019757,0.413996,0.910045,0.727227,-0.709388,0.929983
963,8.025000,-0.027123,-0.004509,-0.400358,-0.915946,0.589345,-0.594344,0.028659,0.068446,0.012340,-0.100900,-0.992463,0.846347,-0.843937,0.024229,0.006003,0.019714,0.413907,0.910086,0.727231,-0.709399,0.929960
964,8.033333,-0.027117,-0.004491,-0.400377,-0.915938,0.589343,-0.594346,0.028658,0.068504,0.012337,-0.100907,-0.992458,0.846345,-0.843935,0.024224,0.006021,0.019623,0.413793,0.910140,0.727233,-0.709400,0.929953
965,8.041667,-0.027126,-0.004510,-0.400375,-0.915939,0.589341,-0.594348,0.028658,0.068299,0.012343,-0.100902,-0.992473,0.846348,-0.843932,0.024241,0.006005,0.019693,0.413683,0.910188,0.727243,-0.709402,0.929963
966,8.050000,-0.027150,-0.004527,-0.400361,-0.915944,0.589347,-0.594347,0.028649,0.068269,0.012351,-0.100866,-0.992478,0.846345,-0.843929,0.024236,0.005980,0.019724,0.413593,0.910228,0.727242,-0.709412,0.929973
967,8.058333,-0.027161,-0.004510,-0.400362,-0.915944,0.589342,-0.594343,0.028654,0.068415,0.012361,-0.100924,-0.992462,0.846342,-0.843938,0.024227,0.005944,0.019737,0.413510,0.910266,0.727241,-0.709419,0.929981
968,8.066667,-0.027082,-0.004483,-0.400350,-0.915951,0.589334,-0.594342,0.028653,0.068410,0.012368,-0.100885,-0.992466,0.846343,-0.843935,0.024225,0.005998,0.019685,0.413397,0.910318,0.727245,-0.709427,0.929969
969,8.075000,-0.027117,-0.004526,-0.400380,-0.915937,0.589337,-0.594343,0.028649,0.068279,0.012354,-0.100896,-0.992474,0.846343,-0.843931,0.024234,0.005941,0.019798,0.413283,0.910368,0.727225,-0.709445,0.929980
970,8.083333,-0.027069,-0.004436,-0.400350,-0.915952,0.589340,-0.594341,0.028648,0.068261,0.012315,-0.100865,-0.992479,0.846348,-0.843940,0.024241,0.005870,0.019901,0.413181,0.910413,0.727218,-0.709458,0.930011
971,8.091667,-0.027059,-0.004463,-0.400339,-0.915957,0.589343,-0.594338,0.028654,0.068425,0.012367,-0.100882,-0.992466,0.846343,-0.843946,0.024232,0.005858,0.019921,0.413099,0.910450,0.727211,-0.709460,0.930012
972,8.100000,-0.027057,-0.004464,-0.400339,-0.915957,0.589338,-0.594340,0.028651,0.068350,0.012364,-0.100905,-0.992469,0.846345,-0.843942,0.024236,0.005760,0.019954,0.413066,0.910464,0.727199,-0.709468,0.930049
973,8.108333,-0.027071,-0.004473,-0.400346,-0.915953,0.589337,-0.594343,0.028646,0.068295,0.012349,-0.100889,-0.992474,0.846342,-0.843941,0.024234,0.005900,0.019857,0.413014,0.910489,0.727200,-0.709473,0.930020
974,8.116667,-0.027100,-0.004488,-0.400323,-0.915962,0.589338,-0.594342,0.028646,0.068299,0.012370,-0.100914,-0.992471,0.846342,-0.843939,0.024247,0.005814,0.020019,0.412933,0.910523,0.727189,-0.709482,0.930062
975,8.125000,-0.027119,-0.004510,-0.400328,-0.915959,0.589341,-0.594339,0.028641,0.068396,0.012401,-0.100927,-0.992463,0.846339,-0.843942,0.024239,0.005896,0.019989,0.412891,0.910542,0.727182,-0.709482,0.930060
976,8.133333,-0.027092,-0.004459,-0.400332,-0.915959,0.589340,-0.594338,0.028643,0.068341,0.012318,-0.100932,-0.992467,0.846342,-0.843944,0.024233,0.005930,0.019974,0.412847,0.910562,0.727175,-0.709496,0.930055
977,8.141667,-0.027110,-0.004450,-0.400325,-0.915961,0.589341,-0.594337,0.028640,0.068310,0.012329,-0.100929,-0.992469,0.846342,-0.843943,0.024238,0.005867,0.019960,0.412771,0.910597,0.727160,-0.709492,0.930078
978,8.150000,-0.027124,-0.004507,-0.400314,-0.915965,0.589342,-0.594336,0.028647,0.068318,0.012335,-0.100913,-0.992470,0.846338,-0.843943,0.024228,0.005805,0.020310,0.412714,0.910616,0.727165,-0.709498,0.930059
979,8.158333,-0.027067,-0.004457,-0.400295,-0.915976,0.589339,-0.594340,0.028651,0.068358,0.012347,-0.100914,-0.992467,0.846337,-0.843944,0.024231,0.005748,0.020197,0.412684,0.910632,0.727159,-0.709498,0.930086
980,8.166667,-0.027044,-0.004429,-0.400315,-0.915968,0.589340,-0.594336,0.028644,0.068353,0.012361,-0.100933,-0.992465,0.846344,-0.843945,0.024238,0.005718,0.020253,0.412649,0.910647,0.727164,-0.709493,0.930105
981,8.175000,-0.027052,-0.004443,-0.400309,-0.915970,0.589340,-0.594342,0.028651,0.068389,0.012361,-0.100912,-0.992465,0.846341,-0.843946,0.024232,0.005752,0.020236,0.412607,0.910666,0.727165,-0.709492,0.930084
982,8.183333,-0.027048,-0.004459,-0.400314,-0.915968,0.589342,-0.594338,0.028651,0.068462,0.012422,-0.100881,-0.992463,0.846340,-0.843943,0.024228,0.005837,0.020293,0.412573,0.910680,0.727175,-0.709479,0.930044
983,8.191667,-0.027115,-0.004475,-0.400327,-0.915960,0.589343,-0.594341,0.028646,0.068399,0.012341,-0.100922,-0.992464,0.846334,-0.843943,0.024229,0.005827,0.020147,0.412524,0.910705,0.727180,-0.709471,0.930067
984,8.200000,-0.027085,-0.004465,-0.400329,-0.915960,0.589343,-0.594345,0.028649,0.068296,0.012341,-0.100871,-0.992476,0.846335,-0.843942,0.024232,0.005744,0.020211,0.412473,0.910727,0.727183,-0.709461,0.930074
985,8.208333,-0.027004,-0.004437,-0.400318,-0.915968,0.589341,-0.594346,0.028662,0.068278,0.012313,-0.100898,-0.992475,0.846333,-0.843941,0.024240,0.005631,0.020377,0.412409,0.910753,0.727185,-0.709452,0.930095
986,8.216667,-0.027079,-0.004462,-0.400327,-0.915961,0.589341,-0.594346,0.028646,0.068287,0.012370,-0.100907,-0.992473,0.846329,-0.843939,0.024240,0.005735,0.020405,0.412375,0.910767,0.727194,-0.709434,0.930042
987,8.225000,-0.027128,-0.004512,-0.400302,-0.915971,0.589339,-0.594345,0.028648,0.068337,0.012355,-0.100919,-0.992468,0.846332,-0.843940,0.024239,0.005723,0.020488,0.412303,0.910799,0.727198,-0.709412,0.930040
988,8.233333,-0.027118,-0.004539,-0.400312,-0.915966,0.589339,-0.594344,0.028647,0.068409,0.012417,-0.100917,-0.992463,0.846333,-0.843946,0.024239,0.005864,0.020343,0.412254,0.910823,0.727210,-0.709387,0.930019
989,8.241667,-0.027098,-0.004484,-0.400321,-0.915963,0.589337,-0.594339,0.028648,0.068256,0.012352,-0.100940,-0.992472,0.846333,-0.843937,0.024243,0.005663,0.020420,0.412196,0.910849,0.727213,-0.709370,0.930073
990,8.250000,-0.027089,-0.004493,-0.400334,-0.915958,0.589337,-0.594334,0.028643,0.068287,0.012381,-0.100909,-0.992472,0.846328,-0.843939,0.024245,0.005639,0.020468,0.412120,0.910882,0.727213,-0.709338,0.930081
991,8.258333,-0.027088,-0.004483,-0.400287,-0.915978,0.589334,-0.594333,0.028650,0.068309,0.012381,-0.100917,-0.992470,0.846329,-0.843934,0.024252,0.005751,0.020494,0.412092,0.910894,0.727230,-0.709319,0.930038
992,8.266667,-0.027074,-0.004508,-0.400298,-0.915974,0.589337,-0.594331,0.028652,0.068294,0.012351,-0.100938,-0.992469,0.846334,-0.843940,0.024254,0.005667,0.020451,0.412033,0.910922,0.727233,-0.709282,0.930074
993,8.275000,-0.027073,-0.004493,-0.400294,-0.915976,0.589338,-0.594333,0.028644,0.068379,0.012400,-0.100912,-0.992465,0.846327,-0.843938,0.024241,0.005707,0.020375,0.412020,0.910929,0.727239,-0.709255,0.930062
994,8.283333,-0.027123,-0.004511,-0.400302,-0.915971,0.589339,-0.594335,0.028649,0.068508,0.012413,-0.100941,-0.992453,0.846331,-0.843942,0.024240,0.005780,0.020545,0.411963,0.910951,0.727258,-0.709218,0.930032
995,8.291667,-0.027162,-0.004534,-0.400311,-0.915965,0.589334,-0.594340,0.028647,0.068380,0.012388,-0.100889,-0.992468,0.846332,-0.843941,0.024250,0.005700,0.020453,0.411918,0.910974,0.727255,-0.709182,0.930072
996,8.300000,-0.027130,-0.004552,-0.400307,-0.915968,0.589339,-0.594338,0.028642,0.068492,0.012417,-0.100891,-0.992459,0.846327,-0.843938,0.024245,0.005750,0.020363,0.411893,0.910987,0.727262,-0.709147,0.930059
997,8.308333,-0.027148,-0.004603,-0.400325,-0.915960,0.589343,-0.594335,0.028644,0.068472,0.012398,-0.100869,-0.992463,0.846323,-0.843937,0.024247,0.005745,0.020442,0.411868,0.910996,0.727275,-0.709111,0.930070
998,8.316667,-0.027138,-0.004598,-0.400313,-0.915965,0.589346,-0.594333,0.028649,0.068479,0.012374,-0.100892,-0.992461,0.846328,-0.843930,0.024253,0.005867,0.020264,0.411868,0.910999,0.727288,-0.709072,0.930059
999,8.325000,-0.027112,-0.004619,-0.400321,-0.915962,0.589347,-0.594330,0.028651,0.068574,0.012399,-0.100913,-0.992452,0.846322,-0.843932,0.024253,0.005856,0.020276,0.411850,0.911007,0.727291,-0.709037,0.930055
1000,8.333333,-0.027160,-0.004631,-0.400323,-0.915960,0.589354,-0.594331,0.028647,0.068534,0.012421,-0.100865,-0.992459,0.846328,-0.843933,0.024252,0.005955,0.020196,0.411849,0.911009,0.727311,-0.709005,0.930037
1001,8.341667,-0.027102,-0.004598,-0.400344,-0.915953,0.589351,-0.594329,0.028655,0.068616,0.012427,-0.100890,-0.992451,0.846323,-0.843926,0.024251,0.006058,0.020184,0.411845,0.911010,0.727310,-0.708931,0.930054
1002,8.350000,-0.027125,-0.004656,-0.400360,-0.915945,0.589355,-0.594323,0.028651,0.068560,0.012401,-0.100872,-0.992457,0.846321,-0.843926,0.024259,0.006048,0.020101,0.411888,0.910993,0.727321,-0.708892,0.930052
1003,8.358333,-0.027040,-0.004608,-0.400391,-0.915934,0.589361,-0.594325,0.028656,0.068653,0.012383,-0.100874,-0.992450,0.846315,-0.843929,0.024240,0.006145,0.020037,0.411915,0.910981,0.727335,-0.708856,0.930052
1004,8.366667,-0.027066,-0.004653,-0.400412,-0.915924,0.589359,-0.594322,0.028656,0.068509,0.012383,-0.100848,-0.992463,0.846315,-0.843929,0.024254,0.006230,0.019932,0.411974,0.910956,0.727351,-0.708812,0.930044
1005,8.375000,-0.027175,-0.004737,-0.400393,-0.915928,0.589364,-0.594327,0.028645,0.068629,0.012367,-0.100797,-0.992460,0.846309,-0.843924,0.024250,0.006528,0.019819,0.412118,0.910892,0.727407,-0.708758,0.929973
1006,8.383333,-0.027080,-0.004706,-0.400418,-0.915920,0.589370,-0.594327,0.028652,0.068621,0.012369,-0.100804,-0.992460,0.846308,-0.843923,0.024253,0.006516,0.019906,0.412185,0.910860,0.727426,-0.708719,0.929980
1007,8.391667,-0.027168,-0.004765,-0.400420,-0.915917,0.589372,-0.594325,0.028647,0.068672,0.012364,-0.100790,-0.992458,0.846312,-0.843918,0.024257,0.006659,0.019757,0.412257,0.910829,0.727450,-0.708676,0.929966
1008,8.400000,-0.027104,-0.004763,-0.400434,-0.915912,0.589371,-0.594321,0.028654,0.068721,0.012379,-0.100768,-0.992457,0.846303,-0.843911,0.024257,0.006757,0.019654,0.412384,0.910773,0.727478,-0.708634,0.929965
1009,8.408333,-0.027161,-0.004822,-0.400450,-0.915903,0.589373,-0.594321,0.028654,0.068794,0.012408,-0.100745,-0.992454,0.846310,-0.843910,0.024256,0.006894,0.019251,0.412548,0.910707,0.727504,-0.708571,0.929973
1010,8.416667,-0.027198,-0.004841,-0.400462,-0.915897,0.589373,-0.594327,0.028654,0.068790,0.012379,-0.100768,-0.992452,0.846305,-0.843902,0.024251,0.006952,0.019326,0.412670,0.910649,0.727530,-0.708524,0.929989
1011,8.425000,-0.027210,-0.004887,-0.400461,-0.915897,0.589376,-0.594325,0.028651,0.068801,0.012356,-0.100772,-0.992451,0.846304,-0.843900,0.024263,0.007091,0.019210,0.412820,0.910582,0.727560,-0.708485,0.929994
1012,8.433333,-0.027332,-0.004913,-0.400477,-0.915886,0.589381,-0.594328,0.028645,0.068959,0.012376,-0.100755,-0.992441,0.846304,-0.843902,0.024252,0.007142,0.019154,0.412947,0.910525,0.727571,-0.708440,0.929991
1013,8.441667,-0.027203,-0.004912,-0.400526,-0.915868,0.589383,-0.594321,0.028654,0.069000,0.012386,-0.100759,-0.992438,0.846302,-0.843888,0.024258,0.006849,0.019386,0.413282,0.910371,0.727653,-0.708324,0.930061
1014,8.450000,-0.027286,-0.004963,-0.400529,-0.915865,0.589386,-0.594321,0.028657,0.069037,0.012367,-0.100750,-0.992437,0.846300,-0.843889,0.024250,0.006821,0.019474,0.413497,0.910272,0.727692,-0.708258,0.930111
1015,8.458333,-0.027267,-0.005014,-0.400524,-0.915867,0.589390,-0.594316,0.028652,0.069074,0.012341,-0.100740,-0.992435,0.846297,-0.843877,0.024256,0.006825,0.019500,0.413693,0.910182,0.727727,-0.708223,0.930150
1016,8.466667,-0.027437,-0.005078,-0.400547,-0.915851,0.589395,-0.594318,0.028652,0.069323,0.012417,-0.100752,-0.992416,0.846300,-0.843877,0.024252,0.006869,0.019415,0.413906,0.910087,0.727756,-0.708174,0.930163
1017,8.475000,-0.027463,-0.005184,-0.400565,-0.915842,0.589396,-0.594323,0.028659,0.069180,0.012360,-0.100741,-0.992428,0.846303,-0.843868,0.024258,0.006810,0.019316,0.414222,0.909945,0.727826,-0.708120,0.930187
1018,8.483333,-0.027481,-0.005167,-0.400587,-0.915832,0.589397,-0.594323,0.028659,0.069373,0.012378,-0.100726,-0.992416,0.846296,-0.843863,0.024252,0.006836,0.019331,0.414439,0.909846,0.727865,-0.708070,0.930198
1019,8.491667,-0.027501,-0.005147,-0.400608,-0.915822,0.589411,-0.594324,0.028660,0.069390,0.012339,-0.100710,-0.992416,0.846298,-0.843869,0.024251,0.007032,0.019130,0.414720,0.909721,0.727926,-0.708013,0.930184
1020,8.500000,-0.027518,-0.005229,-0.400623,-0.915815,0.589415,-0.594322,0.028663,0.069523,0.012405,-0.100714,-0.992406,0.846303,-0.843858,0.024258,0.007046,0.019119,0.414928,0.909626,0.727970,-0.707972,0.930192
1021,8.508333,-0.027493,-0.005203,-0.400657,-0.915801,0.589419,-0.594320,0.028665,0.069905,0.012627,-0.100759,-0.992372,0.846274,-0.843843,0.024221,0.007142,0.018910,0.415185,0.909513,0.728031,-0.707935,0.930184
1022,8.516667,-0.027573,-0.005286,-0.400670,-0.915792,0.589424,-0.594326,0.028664,0.069893,0.012578,-0.100729,-0.992376,0.846277,-0.843841,0.024226,0.007146,0.018971,0.415405,0.909411,0.728072,-0.707896,0.930206
1023,8.525000,-0.027604,-0.005296,-0.400695,-0.915780,0.589430,-0.594329,0.028663,0.069905,0.012585,-0.100720,-0.992376,0.846278,-0.843833,0.024222,0.007157,0.018973,0.415607,0.909318,0.728111,-0.707857,0.930210
1024,8.533333,-0.027664,-0.005357,-0.400712,-0.915771,0.589435,-0.594328,0.028662,0.069978,0.012560,-0.100717,-0.992372,0.846276,-0.843824,0.024219,0.007161,0.018989,0.415957,0.909158,0.728200,-0.707787,0.930234
1025,8.541667,-0.027594,-0.005324,-0.400754,-0.915755,0.589436,-0.594323,0.028669,0.070020,0.012603,-0.100706,-0.992369,0.846283,-0.843825,0.024217,0.007514,0.018695,0.416274,0.909016,0.728306,-0.707754,0.930151
1026,8.550000,-0.027695,-0.005453,-0.400769,-0.915744,0.589441,-0.594328,0.028666,0.070065,0.012602,-0.100696,-0.992367,0.846286,-0.843818,0.024223,0.007412,0.018693,0.416530,0.908900,0.728377,-0.707709,0.930193
1027,8.558333,-0.027712,-0.005470,-0.400787,-0.915736,0.589445,-0.594330,0.028664,0.070176,0.012607,-0.100696,-0.992359,0.846287,-0.843813,0.024220,0.007208,0.018859,0.416619,0.908857,0.728398,-0.707666,0.930268
1028,8.566667,-0.027775,-0.005517,-0.400788,-0.915733,0.589451,-0.594327,0.028675,0.070188,0.012532,-0.100708,-0.992358,0.846299,-0.843812,0.024221,0.007621,0.018331,0.417020,0.908681,0.728514,-0.707642,0.930202
1029,8.575000,-0.027814,-0.005553,-0.400798,-0.915727,0.589453,-0.594332,0.028670,0.070187,0.012548,-0.100686,-0.992360,0.846297,-0.843799,0.024222,0.007848,0.017949,0.417239,0.908586,0.728576,-0.707605,0.930178
1030,8.583333,-0.027875,-0.005623,-0.400821,-0.915715,0.589458,-0.594330,0.028677,0.070162,0.012498,-0.100656,-0.992366,0.846300,-0.843802,0.024230,0.007899,0.017982,0.417427,0.908498,0.728636,-0.707581,0.930187
1031,8.591667,-0.027751,-0.005575,-0.400831,-0.915715,0.589463,-0.594327,0.028677,0.070278,0.012559,-0.100648,-0.992357,0.846308,-0.843799,0.024219,0.008245,0.017741,0.417645,0.908400,0.728725,-0.707541,0.930121
1032,8.600000,-0.027980,-0.005702,-0.400848,-0.915700,0.589467,-0.594330,0.028669,0.070342,0.012505,-0.100654,-0.992353,0.846312,-0.843796,0.024220,0.008136,0.017806,0.417844,0.908308,0.728778,-0.707509,0.930134
1033,8.608333,-0.027828,-0.005635,-0.400890,-0.915686,0.589472,-0.594326,0.028683,0.070465,0.012548,-0.100677,-0.992341,0.846314,-0.843794,0.024214,0.008123,0.017745,0.418014,0.908231,0.728835,-0.707494,0.930149
1034,8.616667,-0.027939,-0.005706,-0.400871,-0.915691,0.589478,-0.594327,0.028683,0.070388,0.012517,-0.100665,-0.992349,0.846312,-0.843791,0.024217,0.008249,0.017617,0.418150,0.908170,0.728882,-0.707484,0.930121
1035,8.625000,-0.027926,-0.005697,-0.400915,-0.915672,0.589487,-0.594332,0.028683,0.070410,0.012478,-0.100688,-0.992345,0.846318,-0.843786,0.024218,0.008197,0.017735,0.418238,0.908127,0.728924,-0.707477,0.930139
1036,8.633333,-0.028005,-0.005764,-0.400912,-0.915670,0.589492,-0.594333,0.028676,0.070409,0.012457,-0.100679,-0.992346,0.846311,-0.843786,0.024214,0.008227,0.017728,0.418359,0.908071,0.728964,-0.707471,0.930150
1037,8.641667,-0.028013,-0.005765,-0.400920,-0.915667,0.589496,-0.594338,0.028679,0.070449,0.012543,-0.100683,-0.992342,0.846321,-0.843789,0.024223,0.008309,0.017672,0.418461,0.908025,0.729009,-0.707478,0.930143
1038,8.650000,-0.027987,-0.005771,-0.400935,-0.915661,0.589497,-0.594333,0.028688,0.070483,0.012494,-0.100697,-0.992339,0.846319,-0.843784,0.024218,0.007893,0.017946,0.418672,0.907926,0.729070,-0.707455,0.930222
1039,8.658333,-0.028028,-0.005797,-0.400952,-0.915652,0.589496,-0.594339,0.028675,0.070470,0.012469,-0.100723,-0.992337,0.846314,-0.843782,0.024212,0.007837,0.017971,0.418762,0.907884,0.729104,-0.707466,0.930238
1040,8.666667,-0.027967,-0.005806,-0.400957,-0.915651,0.589495,-0.594332,0.028687,0.070582,0.012494,-0.100689,-0.992333,0.846317,-0.843784,0.024213,0.007811,0.017960,0.418888,0.907827,0.729138,-0.707456,0.930267
1041,8.675000,-0.027976,-0.005794,-0.400959,-0.915650,0.589496,-0.594340,0.028691,0.070508,0.012490,-0.100681,-0.992339,0.846317,-0.843779,0.024209,0.007698,0.018057,0.418992,0.907778,0.729160,-0.707461,0.930292
1042,8.683333,-0.028019,-0.005842,-0.401000,-0.915631,0.589500,-0.594336,0.028692,0.070503,0.012484,-0.100659,-0.992341,0.846317,-0.843770,0.024213,0.007689,0.018018,0.419076,0.907740,0.729186,-0.707490,0.930299
1043,8.691667,-0.028022,-0.005819,-0.401003,-0.915630,0.589509,-0.594342,0.028693,0.070548,0.012496,-0.100659,-0.992338,0.846322,-0.843779,0.024215,0.007727,0.017991,0.419177,0.907693,0.729207,-0.707498,0.930309
1044,8.700000,-0.027999,-0.005817,-0.400999,-0.915632,0.589510,-0.594344,0.028690,0.070539,0.012500,-0.100674,-0.992337,0.846317,-0.843770,0.024215,0.007676,0.018041,0.419290,0.907641,0.729224,-0.707514,0.930320
1045,8.708333,-0.027979,-0.005796,-0.401030,-0.915619,0.589509,-0.594343,0.028701,0.070545,0.012464,-0.100680,-0.992337,0.846321,-0.843773,0.024216,0.007604,0.018064,0.419404,0.907588,0.729238,-0.707545,0.930316
1046,8.716667,-0.028057,-0.005881,-0.401042,-0.915611,0.589509,-0.594348,0.028689,0.070487,0.012460,-0.100693,-0.992339,0.846322,-0.843774,0.024219,0.007621,0.018098,0.419516,0.907536,0.729250,-0.707562,0.930325
1047,8.725000,-0.028064,-0.005900,-0.401075,-0.915596,0.589515,-0.594348,0.028704,0.070565,0.012447,-0.100688,-0.992335,0.846321,-0.843774,0.024215,0.007522,0.018099,0.419647,0.907476,0.729266,-0.707589,0.930340
1048,8.733333,-0.028041,-0.005839,-0.401099,-0.915587,0.589520,-0.594351,0.028690,0.070530,0.012488,-0.100660,-0.992339,0.846320,-0.843775,0.024215,0.007514,0.018064,0.419790,0.907410,0.729267,-0.707618,0.930336
1049,8.741667,-0.028056,-0.005941,-0.401089,-0.915590,0.589522,-0.594348,0.028689,0.070591,0.012487,-0.100671,-0.992334,0.846321,-0.843774,0.024209,0.007518,0.018184,0.419929,0.907344,0.729264,-0.707666,0.930336
1050,8.750000,-0.028086,-0.005895,-0.401105,-0.915582,0.589517,-0.594352,0.028698,0.070570,0.012511,-0.100690,-0.992333,0.846322,-0.843777,0.024211,0.007915,0.017634,0.420218,0.907217,0.729312,-0.707686,0.930240
1051,8.758333,-0.028081,-0.005921,-0.401109,-0.915581,0.589520,-0.594347,0.028704,0.070585,0.012556,-0.100683,-0.992332,0.846323,-0.843779,0.024207,0.007874,0.017597,0.420370,0.907148,0.729315,-0.707733,0.930242
1052,8.766667,-0.028147,-0.005919,-0.401105,-0.915581,0.589523,-0.594352,0.028696,0.070453,0.012458,-0.100676,-0.992343,0.846323,-0.843778,0.024213,0.007905,0.017655,0.420516,0.907079,0.729315,-0.707772,0.930226
1053,8.775000,-0.028054,-0.005901,-0.401127,-0.915574,0.589523,-0.594350,0.028700,0.070557,0.012478,-0.100721,-0.992331,0.846325,-0.843780,0.024208,0.007861,0.017721,0.420664,0.907009,0.729316,-0.707808,0.930223
1054,8.783333,-0.028096,-0.005891,-0.401136,-0.915569,0.589520,-0.594351,0.028693,0.070624,0.012431,-0.100747,-0.992324,0.846320,-0.843780,0.024196,0.007896,0.017643,0.420858,0.906921,0.729314,-0.707865,0.930215
1055,8.791667,-0.028104,-0.005907,-0.401149,-0.915563,0.589522,-0.594348,0.028697,0.070584,0.012506,-0.100745,-0.992326,0.846324,-0.843774,0.024209,0.007823,0.017702,0.421002,0.906853,0.729309,-0.707911,0.930233
1056,8.800000,-0.028117,-0.005883,-0.401163,-0.915556,0.589527,-0.594360,0.028703,0.070467,0.012464,-0.100774,-0.992332,0.846325,-0.843774,0.024217,0.007643,0.017781,0.421150,0.906785,0.729290,-0.707923,0.930237
1057,8.808333,-0.028119,-0.005930,-0.401181,-0.915548,0.589523,-0.594354,0.028699,0.070488,0.012479,-0.100773,-0.992331,0.846320,-0.843768,0.024214,0.007546,0.017718,0.421332,0.906702,0.729254,-0.707947,0.930309
1058,8.816667,-0.028156,-0.005968,-0.401178,-0.915548,0.589522,-0.594358,0.028702,0.070485,0.012433,-0.100774,-0.992332,0.846321,-0.843773,0.024216,0.007420,0.017861,0.421535,0.906606,0.729243,-0.707987,0.930347
1059,8.825000,-0.028119,-0.005938,-0.401174,-0.915551,0.589524,-0.594357,0.028699,0.070563,0.012516,-0.100753,-0.992327,0.846321,-0.843772,0.024206,0.007443,0.017808,0.421728,0.906517,0.729221,-0.708045,0.930362
1060,8.833333,-0.028229,-0.005949,-0.401198,-0.915537,0.589520,-0.594359,0.028703,0.070549,0.012463,-0.100781,-0.992326,0.846320,-0.843772,0.024214,0.007305,0.017959,0.421901,0.906434,0.729205,-0.708099,0.930393
1061,8.841667,-0.028170,-0.005951,-0.401183,-0.915545,0.589518,-0.594361,0.028708,0.070575,0.012449,-0.100775,-0.992325,0.846327,-0.843779,0.024213,0.007264,0.018143,0.422132,0.906324,0.729225,-0.708263,0.930405
1062,8.850000,-0.028213,-0.005928,-0.401209,-0.915533,0.589518,-0.594362,0.028702,0.070588,0.012507,-0.100762,-0.992324,0.846325,-0.843776,0.024208,0.007263,0.018097,0.422336,0.906229,0.729213,-0.708319,0.930424
1063,8.858333,-0.028220,-0.005955,-0.401214,-0.915530,0.589522,-0.594363,0.028707,0.070567,0.012494,-0.100780,-0.992324,0.846322,-0.843777,0.024209,0.007152,0.018318,0.422504,0.906147,0.729207,-0.708379,0.930453
1064,8.866667,-0.028283,-0.005937,-0.401199,-0.915535,0.589521,-0.594371,0.028702,0.070612,0.012546,-0.100804,-0.992318,0.846324,-0.843781,0.024205,0.007489,0.017879,0.422755,0.906037,0.729220,-0.708435,0.930374
1065,8.875000,-0.028267,-0.005928,-0.401239,-0.915518,0.589520,-0.594365,0.028701,0.070539,0.012480,-0.100789,-0.992326,0.846325,-0.843780,0.024208,0.007393,0.017892,0.422934,0.905954,0.729218,-0.708474,0.930384
1066,8.883333,-0.028300,-0.005959,-0.401233,-0.915519,0.589516,-0.594367,0.028701,0.070567,0.012540,-0.100800,-0.992322,0.846322,-0.843777,0.024203,0.007345,0.017945,0.423083,0.905883,0.729203,-0.708530,0.930410
1067,8.891667,-0.028255,-0.005877,-0.401235,-0.915520,0.589517,-0.594374,0.028709,0.070531,0.012524,-0.100860,-0.992318,0.846325,-0.843781,0.024202,0.007253,0.018075,0.423231,0.905813,0.729194,-0.708583,0.930438
1068,8.900000,-0.028223,-0.005879,-0.401256,-0.915512,0.589513,-0.594376,0.028698,0.070453,0.012542,-0.100815,-0.992328,0.846318,-0.843783,0.024205,0.007346,0.017933,0.423409,0.905731,0.729189,-0.708616,0.930415
1069,8.908333,-0.028335,-0.005922,-0.401271,-0.915502,0.589516,-0.594377,0.028704,0.070591,0.012567,-0.100857,-0.992314,0.846317,-0.843784,0.024189,0.007341,0.017926,0.423544,0.905668,0.729190,-0.708664,0.930398
1070,8.916667,-0.028290,-0.005831,-0.401238,-0.915518,0.589514,-0.594372,0.028707,0.070627,0.012562,-0.100883,-0.992309,0.846320,-0.843788,0.024199,0.007270,0.018010,0.423664,0.905611,0.729179,-0.708714,0.930420
1071,8.925000,-0.028235,-0.005837,-0.401241,-0.915519,0.589510,-0.594373,0.028698,0.070541,0.012578,-0.100870,-0.992316,0.846317,-0.843792,0.024200,0.007177,0.017971,0.423791,0.905553,0.729177,-0.708768,0.930430
1072,8.933333,-0.028274,-0.005828,-0.401244,-0.915516,0.589507,-0.594377,0.028712,0.070538,0.012594,-0.100855,-0.992318,0.846320,-0.843791,0.024201,0.007147,0.018009,0.423895,0.905504,0.729170,-0.708822,0.930449
1073,8.941667,-0.028198,-0.005764,-0.401233,-0.915524,0.589501,-0.594375,0.028708,0.070586,0.012582,-0.100891,-0.992311,0.846313,-0.843788,0.024194,0.007167,0.017900,0.424001,0.905456,0.729154,-0.708865,0.930464
1074,8.950000,-0.028181,-0.005769,-0.401233,-0.915524,0.589504,-0.594372,0.028711,0.070517,0.012604,-0.100899,-0.992314,0.846317,-0.843791,0.024197,0.007227,0.017918,0.424083,0.905417,0.729143,-0.708915,0.930478
1075,8.958333,-0.028145,-0.005661,-0.401240,-0.915523,0.589505,-0.594379,0.028705,0.070469,0.012619,-0.100871,-0.992320,0.846316,-0.843788,0.024199,0.007135,0.017908,0.424178,0.905374,0.729136,-0.708966,0.930488
1076,8.966667,-0.028169,-0.005669,-0.401238,-0.915523,0.589494,-0.594378,0.028708,0.070472,0.012583,-0.100915,-0.992316,0.846315,-0.843787,0.024205,0.007140,0.018002,0.424148,0.905386,0.729099,-0.709040,0.930493
1077,8.975000,-0.028142,-0.005664,-0.401234,-0.915526,0.589494,-0.594378,0.028707,0.070433,0.012607,-0.100915,-0.992319,0.846318,-0.843791,0.024203,0.007349,0.017790,0.424291,0.905321,0.729115,-0.709082,0.930451
1078,8.983333,-0.028022,-0.005567,-0.401219,-0.915537,0.589497,-0.594379,0.028707,0.070431,0.012607,-0.100906,-0.992320,0.846315,-0.843795,0.024197,0.007159,0.017906,0.424266,0.905332,0.729086,-0.709148,0.930493
1079,8.991667,-0.028158,-0.005615,-0.401212,-0.915535,0.589490,-0.594375,0.028701,0.070466,0.012621,-0.100971,-0.992311,0.846321,-0.843798,0.024204,0.007131,0.017966,0.424341,0.905296,0.729088,-0.709206,0.930487
1080,9.000000,-0.028143,-0.005585,-0.401201,-0.915541,0.589485,-0.594379,0.028698,0.070309,0.012638,-0.100950,-0.992324,0.846310,-0.843795,0.024197,0.007098,0.018000,0.424369,0.905283,0.729068,-0.709256,0.930495
1081,9.008333,-0.028052,-0.005492,-0.401194,-0.915547,0.589487,-0.594382,0.028705,0.070331,0.012606,-0.100995,-0.992318,0.846317,-0.843802,0.024203,0.006952,0.017858,0.424452,0.905248,0.729057,-0.709310,0.930525
1082,9.016667,-0.028162,-0.005517,-0.401208,-0.915538,0.589480,-0.594379,0.028696,0.070344,0.012589,-0.100964,-0.992320,0.846318,-0.843805,0.024194,0.006930,0.017870,0.424473,0.905238,0.729045,-0.709360,0.930537
1083,9.025000,-0.028111,-0.005547,-0.401205,-0.915540,0.589481,-0.594383,0.028699,0.070230,0.012528,-0.101036,-0.992322,0.846314,-0.843808,0.024204,0.007252,0.017628,0.424518,0.905219,0.729044,-0.709418,0.930453
1084,9.033333,-0.028124,-0.005507,-0.401165,-0.915558,0.589474,-0.594386,0.028698,0.070224,0.012615,-0.100989,-0.992326,0.846317,-0.843803,0.024202,0.007283,0.017480,0.424542,0.905210,0.729054,-0.709486,0.930422
1085,9.041667,-0.028143,-0.005538,-0.401201,-0.915541,0.589469,-0.594388,0.028690,0.070185,0.012599,-0.100985,-0.992329,0.846313,-0.843806,0.024197,0.007237,0.017481,0.424571,0.905197,0.729042,-0.709542,0.930404
1086,9.050000,-0.028082,-0.005449,-0.401153,-0.915564,0.589464,-0.594389,0.028697,0.070220,0.012647,-0.101029,-0.992322,0.846315,-0.843815,0.024207,0.007156,0.017532,0.424601,0.905183,0.729037,-0.709599,0.930397
1087,9.058333,-0.028124,-0.005449,-0.401183,-0.915550,0.589466,-0.594391,0.028691,0.070167,0.012614,-0.100991,-0.992330,0.846316,-0.843815,0.024198,0.007078,0.017590,0.424648,0.905160,0.729029,-0.709662,0.930416
1088,9.066667,-0.028127,-0.005427,-0.401159,-0.915560,0.589462,-0.594389,0.028695,0.070273,0.012672,-0.101050,-0.992316,0.846313,-0.843818,0.024203,0.006988,0.017689,0.424673,0.905147,0.729014,-0.709715,0.930438
1089,9.075000,-0.028087,-0.005434,-0.401180,-0.915552,0.589456,-0.594389,0.028691,0.070196,0.012656,-0.101020,-0.992324,0.846310,-0.843817,0.024196,0.006975,0.017785,0.424663,0.905150,0.728992,-0.709777,0.930449
1090,9.083333,-0.028060,-0.005427,-0.401192,-0.915548,0.589459,-0.594392,0.028696,0.070183,0.012698,-0.101019,-0.992325,0.846312,-0.843822,0.024195,0.006863,0.017776,0.424708,0.905130,0.728968,-0.709823,0.930464
1091,9.091667,-0.028002,-0.005393,-0.401156,-0.915566,0.589454,-0.594389,0.028697,0.070101,0.012648,-0.101054,-0.992328,0.846307,-0.843816,0.024203,0.006962,0.018074,0.424634,0.905158,0.728918,-0.709875,0.930455
1092,9.100000,-0.028053,-0.005391,-0.401192,-0.915548,0.589453,-0.594384,0.028690,0.070133,0.012662,-0.101027,-0.992328,0.846312,-0.843824,0.024201,0.006763,0.017945,0.424830,0.905070,0.728928,-0.709918,0.930492
1093,9.108333,-0.028052,-0.005391,-0.401165,-0.915560,0.589451,-0.594389,0.028686,0.070155,0.012668,-0.101019,-0.992327,0.846305,-0.843819,0.024201,0.006718,0.017936,0.424913,0.905031,0.728912,-0.709963,0.930506
1094,9.116667,-0.028042,-0.005398,-0.401153,-0.915566,0.589452,-0.594388,0.028695,0.070040,0.012662,-0.101035,-0.992334,0.846306,-0.843822,0.024198,0.006753,0.018037,0.424980,0.904998,0.728890,-0.710005,0.930503
1095,9.125000,-0.027955,-0.005327,-0.401167,-0.915563,0.589454,-0.594389,0.028692,0.070009,0.012690,-0.101061,-0.992333,0.846307,-0.843822,0.024206,0.006702,0.018411,0.424929,0.905015,0.728834,-0.710052,0.930534
1096,9.133333,-0.028062,-0.005376,-0.401178,-0.915554,0.589456,-0.594387,0.028689,0.070106,0.012652,-0.101052,-0.992327,0.846306,-0.843833,0.024190,0.006732,0.018357,0.425038,0.904965,0.728810,-0.710091,0.930526
1097,9.141667,-0.027943,-0.005325,-0.401186,-0.915555,0.589456,-0.594385,0.028692,0.070019,0.012641,-0.101066,-0.992332,0.846300,-0.843830,0.024192,0.006755,0.018337,0.425130,0.904922,0.728788,-0.710122,0.930507
1098,9.150000,-0.027976,-0.005372,-0.401178,-0.915557,0.589455,-0.594387,0.028698,0.070009,0.012711,-0.101115,-0.992327,0.846305,-0.843833,0.024197,0.006716,0.018460,0.425222,0.904876,0.728757,-0.710163,0.930535
1099,9.158333,-0.027975,-0.005368,-0.401165,-0.915563,0.589451,-0.594382,0.028698,0.070003,0.012723,-0.101096,-0.992329,0.846306,-0.843829,0.024198,0.006688,0.018552,0.425291,0.904842,0.728739,-0.710189,0.930523
1100,9.166667,-0.027937,-0.005325,-0.401185,-0.915555,0.589451,-0.594386,0.028696,0.069939,0.012720,-0.101081,-0.992335,0.846305,-0.843833,0.024197,0.006771,0.018450,0.425376,0.904803,0.728718,-0.710215,0.930523
1101,9.175000,-0.027968,-0.005339,-0.401198,-0.915549,0.589459,-0.594386,0.028694,0.070014,0.012689,-0.101087,-0.992330,0.846307,-0.843836,0.024189,0.006646,0.018600,0.425449,0.904767,0.728686,-0.710239,0.930537
1102,9.183333,-0.027999,-0.005349,-0.401190,-0.915551,0.589456,-0.594385,0.028694,0.070020,0.012673,-0.101094,-0.992329,0.846309,-0.843842,0.024189,0.006716,0.018464,0.425527,0.904732,0.728673,-0.710263,0.930525
1103,9.191667,-0.027954,-0.005314,-0.401185,-0.915555,0.589456,-0.594384,0.028696,0.070028,0.012697,-0.101102,-0.992327,0.846305,-0.843833,0.024194,0.006660,0.018580,0.425560,0.904715,0.728650,-0.710291,0.930535
1104,9.200000,-0.027930,-0.005324,-0.401184,-0.915556,0.589460,-0.594387,0.028695,0.069964,0.012669,-0.101107,-0.992332,0.846306,-0.843837,0.024201,0.006709,0.018565,0.425608,0.904693,0.728629,-0.710315,0.930533
1105,9.208333,-0.027951,-0.005348,-0.401191,-0.915552,0.589458,-0.594383,0.028697,0.070063,0.012663,-0.101093,-0.992326,0.846303,-0.843841,0.024187,0.006637,0.018526,0.425662,0.904668,0.728597,-0.710335,0.930536
1106,9.216667,-0.027985,-0.005395,-0.401218,-0.915539,0.589461,-0.594385,0.028699,0.070114,0.012707,-0.101102,-0.992321,0.846308,-0.843839,0.024192,0.006625,0.018582,0.425712,0.904644,0.728585,-0.710358,0.930542
1107,9.225000,-0.027968,-0.005341,-0.401223,-0.915538,0.589460,-0.594387,0.028695,0.070136,0.012692,-0.101134,-0.992316,0.846303,-0.843835,0.024191,0.006564,0.018654,0.425740,0.904629,0.728567,-0.710388,0.930541
1108,9.233333,-0.028021,-0.005387,-0.401221,-0.915537,0.589457,-0.594391,0.028687,0.070050,0.012696,-0.101100,-0.992326,0.846307,-0.843839,0.024193,0.006542,0.018674,0.425749,0.904625,0.728547,-0.710401,0.930558
1109,9.241667,-0.027991,-0.005400,-0.401225,-0.915536,0.589460,-0.594389,0.028703,0.070054,0.012658,-0.101135,-0.992323,0.846303,-0.843840,0.024199,0.006487,0.018716,0.425739,0.904629,0.728552,-0.710481,0.930538
1110,9.250000,-0.028029,-0.005423,-0.401221,-0.915536,0.589462,-0.594384,0.028695,0.069940,0.012671,-0.101088,-0.992335,0.846307,-0.843834,0.024201,0.006167,0.018942,0.425719,0.904636,0.728511,-0.710508,0.930620
1111,9.258333,-0.028056,-0.005455,-0.401187,-0.915550,0.589460,-0.594382,0.028702,0.070089,0.012689,-0.101085,-0.992325,0.846304,-0.843840,0.024187,0.006197,0.018858,0.425713,0.904641,0.728501,-0.710524,0.930624
1112,9.266667,-0.028090,-0.005472,-0.401209,-0.915539,0.589460,-0.594383,0.028705,0.069982,0.012651,-0.101098,-0.992332,0.846301,-0.843839,0.024189,0.006016,0.019016,0.425692,0.904648,0.728485,-0.710543,0.930652
1113,9.275000,-0.028069,-0.005499,-0.401230,-0.915531,0.589463,-0.594383,0.028706,0.070062,0.012654,-0.101064,-0.992329,0.846302,-0.843842,0.024188,0.006097,0.018984,0.425683,0.904653,0.728484,-0.710563,0.930649
1114,9.283333,-0.028020,-0.005473,-0.401223,-0.915536,0.589463,-0.594383,0.028704,0.070027,0.012677,-0.101046,-0.992333,0.846304,-0.843841,0.024191,0.006057,0.018952,0.425665,0.904662,0.728468,-0.710578,0.930654
1115,9.291667,-0.028111,-0.005556,-0.401222,-0.915533,0.589464,-0.594383,0.028702,0.069919,0.012649,-0.101054,-0.992340,0.846302,-0.843830,0.024196,0.006072,0.019285,0.425563,0.904703,0.728454,-0.710624,0.930614
1116,9.300000,-0.028064,-0.005490,-0.401245,-0.915525,0.589467,-0.594381,0.028697,0.069946,0.012660,-0.101059,-0.992338,0.846302,-0.843835,0.024191,0.006990,0.018314,0.425705,0.904649,0.728507,-0.710645,0.930403
1117,9.308333,-0.028060,-0.005516,-0.401233,-0.915529,0.589473,-0.594380,0.028701,0.069939,0.012656,-0.101056,-0.992339,0.846308,-0.843834,0.024197,0.006198,0.019340,0.425498,0.904732,0.728447,-0.710684,0.930553
1118,9.316667,-0.028102,-0.005516,-0.401240,-0.915525,0.589472,-0.594381,0.028699,0.069950,0.012662,-0.101055,-0.992338,0.846305,-0.843831,0.024194,0.006186,0.019474,0.425469,0.904742,0.728440,-0.710689,0.930562
1119,9.325000,-0.028223,-0.005567,-0.401236,-0.915523,0.589472,-0.594381,0.028694,0.069953,0.012692,-0.101089,-0.992334,0.846302,-0.843831,0.024201,0.006129,0.019480,0.425466,0.904744,0.728431,-0.710710,0.930581
1120,9.333333,-0.028226,-0.005598,-0.401211,-0.915534,0.589477,-0.594374,0.028695,0.069839,0.012644,-0.101081,-0.992343,0.846306,-0.843833,0.024201,0.006975,0.018448,0.425627,0.904684,0.728478,-0.710695,0.930413
1121,9.341667,-0.028179,-0.005622,-0.401218,-0.915532,0.589481,-0.594378,0.028701,0.069976,0.012626,-0.101066,-0.992335,0.846302,-0.843836,0.024200,0.006328,0.019334,0.425423,0.904766,0.728415,-0.710730,0.930544
1122,9.350000,-0.028118,-0.005602,-0.401206,-0.915539,0.589474,-0.594370,0.028707,0.069905,0.012632,-0.101074,-0.992339,0.846302,-0.843837,0.024200,0.006235,0.019482,0.425424,0.904763,0.728401,-0.710730,0.930576
1123,9.358333,-0.028231,-0.005671,-0.401203,-0.915536,0.589477,-0.594376,0.028697,0.069874,0.012621,-0.101085,-0.992341,0.846305,-0.843833,0.024202,0.007148,0.018218,0.425631,0.904685,0.728465,-0.710720,0.930391
1124,9.366667,-0.028159,-0.005649,-0.401208,-0.915537,0.589480,-0.594377,0.028699,0.069966,0.012642,-0.101039,-0.992339,0.846304,-0.843838,0.024199,0.007189,0.018223,0.425607,0.904696,0.728456,-0.710725,0.930395
1125,9.375000,-0.028200,-0.005681,-0.401201,-0.915538,0.589482,-0.594370,0.028700,0.070028,0.012617,-0.101052,-0.992333,0.846305,-0.843837,0.024192,0.007190,0.018191,0.425616,0.904693,0.728459,-0.710731,0.930376
1126,9.383333,-0.028148,-0.005637,-0.401215,-0.915534,0.589477,-0.594372,0.028704,0.070004,0.012621,-0.101085,-0.992332,0.846305,-0.843837,0.024195,0.007095,0.018344,0.425581,0.904706,0.728447,-0.710737,0.930402
1127,9.391667,-0.028259,-0.005717,-0.401208,-0.915533,0.589482,-0.594373,0.028693,0.069986,0.012658,-0.101066,-0.992334,0.846302,-0.843833,0.024198,0.007072,0.018304,0.425595,0.904701,0.728440,-0.710737,0.930399
1128,9.400000,-0.028215,-0.005697,-0.401210,-0.915534,0.589481,-0.594374,0.028695,0.069980,0.012645,-0.101061,-0.992335,0.846306,-0.843831,0.024194,0.006309,0.019334,0.425394,0.904780,0.728381,-0.710761,0.930564
1129,9.408333,-0.028241,-0.005697,-0.401238,-0.915521,0.589483,-0.594378,0.028696,0.069992,0.012712,-0.101086,-0.992331,0.846308,-0.843832,0.024206,0.007195,0.018160,0.425590,0.904705,0.728434,-0.710743,0.930398
1130,9.416667,-0.028212,-0.005676,-0.401228,-0.915526,0.589483,-0.594372,0.028700,0.069933,0.012616,-0.101080,-0.992337,0.846302,-0.843833,0.024192,0.007229,0.018098,0.425571,0.904715,0.728428,-0.710751,0.930378
1131,9.425000,-0.028220,-0.005701,-0.401217,-0.915531,0.589486,-0.594375,0.028700,0.069931,0.012668,-0.101067,-0.992338,0.846304,-0.843832,0.024197,0.007207,0.018153,0.425551,0.904724,0.728428,-0.710750,0.930390
1132,9.433333,-0.028191,-0.005661,-0.401227,-0.915527,0.589486,-0.594371,0.028701,0.069957,0.012667,-0.101081,-0.992335,0.846301,-0.843836,0.024190,0.007248,0.017992,0.425558,0.904723,0.728400,-0.710757,0.930384
1133,9.441667,-0.028152,-0.005650,-0.401214,-0.915534,0.589485,-0.594371,0.028701,0.070042,0.012660,-0.101106,-0.992326,0.846303,-0.843838,0.024188,0.007249,0.018090,0.425533,0.904733,0.728390,-0.710762,0.930398
1134,9.450000,-0.028179,-0.005656,-0.401209,-0.915536,0.589479,-0.594372,0.028704,0.069960,0.012674,-0.101085,-0.992334,0.846307,-0.843834,0.024199,0.007342,0.017845,0.425581,0.904715,0.728761,-0.710844,0.930323
1135,9.458333,-0.028212,-0.005657,-0.401206,-0.915536,0.589485,-0.594374,0.028698,0.069950,0.012661,-0.101100,-0.992333,0.846302,-0.843834,0.024193,0.007265,0.017905,0.425554,0.904727,0.728714,-0.710853,0.930366
1136,9.466667,-0.028095,-0.005617,-0.401192,-0.915546,0.589485,-0.594376,0.028704,0.069894,0.012634,-0.101092,-0.992339,0.846304,-0.843838,0.024201,0.007126,0.018142,0.425472,0.904761,0.728721,-0.710855,0.930394
1137,9.475000,-0.028217,-0.005665,-0.401216,-0.915531,0.589480,-0.594371,0.028697,0.069890,0.012692,-0.101098,-0.992337,0.846304,-0.843832,0.024194,0.007189,0.017662,0.425533,0.904742,0.728700,-0.710870,0.930389
1138,9.483333,-0.028254,-0.005672,-0.401193,-0.915540,0.589493,-0.594379,0.028700,0.069873,0.012643,-0.101091,-0.992340,0.846307,-0.843834,0.024197,0.007061,0.017885,0.425496,0.904756,0.728687,-0.710878,0.930418
1139,9.491667,-0.028208,-0.005630,-0.401207,-0.915536,0.589473,-0.594378,0.028695,0.069844,0.012680,-0.101077,-0.992343,0.846303,-0.843832,0.024195,0.006984,0.017953,0.425466,0.904769,0.728667,-0.710886,0.930439
1140,9.500000,-0.028219,-0.005624,-0.401188,-0.915544,0.589483,-0.594377,0.028697,0.069888,0.012655,-0.101080,-0.992340,0.846306,-0.843835,0.024194,0.006929,0.017950,0.425474,0.904766,0.728661,-0.710886,0.930451
1141,9.508333,-0.028098,-0.005613,-0.401195,-0.915544,0.589481,-0.594373,0.028704,0.069879,0.012664,-0.101043,-0.992344,0.846303,-0.843838,0.024193,0.006975,0.017718,0.425471,0.904772,0.728664,-0.710898,0.930430
1142,9.516667,-0.028109,-0.005564,-0.401199,-0.915543,0.589483,-0.594380,0.028693,0.069853,0.012655,-0.101087,-0.992342,0.846307,-0.843838,0.024198,0.007101,0.017555,0.425488,0.904766,0.728658,-0.710902,0.930396
1143,9.525000,-0.028059,-0.005559,-0.401209,-0.915540,0.589478,-0.594373,0.028706,0.069954,0.012678,-0.101085,-0.992334,0.846302,-0.843846,0.024189,0.007053,0.017706,0.425474,0.904770,0.728640,-0.710898,0.930416
1144,9.533333,-0.028204,-0.005609,-0.401186,-0.915545,0.589478,-0.594373,0.028698,0.069785,0.012597,-0.101119,-0.992344,0.846307,-0.843845,0.024202,0.007039,0.017879,0.425466,0.904771,0.728613,-0.710898,0.930415
1145,9.541667,-0.028086,-0.005556,-0.401186,-0.915549,0.589483,-0.594373,0.028698,0.069998,0.012704,-0.101086,-0.992331,0.846309,-0.843844,0.024198,0.007128,0.017625,0.425508,0.904755,0.728610,-0.710903,0.930385
1146,9.550000,-0.028073,-0.005539,-0.401197,-0.915545,0.589475,-0.594374,0.028704,0.069875,0.012648,-0.101110,-0.992338,0.846298,-0.843839,0.024193,0.007147,0.017724,0.425507,0.904753,0.728580,-0.710905,0.930376
1147,9.558333,-0.028069,-0.005474,-0.401195,-0.915546,0.589478,-0.594373,0.028698,0.069791,0.012661,-0.101112,-0.992343,0.846303,-0.843842,0.024202,0.007224,0.017721,0.425522,0.904746,0.728575,-0.710901,0.930337
1148,9.566667,-0.028090,-0.005546,-0.401183,-0.915551,0.589469,-0.594375,0.028698,0.069962,0.012685,-0.101129,-0.992329,0.846307,-0.843852,0.024188,0.007185,0.017717,0.425545,0.904735,0.728567,-0.710898,0.930334
1149,9.575000,-0.028108,-0.005479,-0.401188,-0.915548,0.589471,-0.594382,0.028699,0.069991,0.012694,-0.101101,-0.992330,0.846308,-0.843854,0.024190,0.006396,0.019021,0.425358,0.904803,0.728427,-0.710907,0.930563
1150,9.583333,-0.028073,-0.005482,-0.401161,-0.915561,0.589472,-0.594376,0.028694,0.069959,0.012704,-0.101150,-0.992327,0.846304,-0.843854,0.024190,0.007208,0.017735,0.425595,0.904711,0.728502,-0.710903,0.930349
1151,9.591667,-0.028024,-0.005461,-0.401170,-0.915558,0.589466,-0.594373,0.028700,0.069897,0.012721,-0.101158,-0.992330,0.846305,-0.843844,0.024199,0.006346,0.018933,0.425406,0.904782,0.728375,-0.710906,0.930597
1152,9.600000,-0.028051,-0.005454,-0.401155,-0.915564,0.589462,-0.594372,0.028695,0.069803,0.012716,-0.101164,-0.992337,0.846303,-0.843843,0.024202,0.006332,0.018977,0.425425,0.904773,0.728340,-0.710906,0.930623
1153,9.608333,-0.027976,-0.005386,-0.401135,-0.915576,0.589465,-0.594369,0.028700,0.069948,0.012732,-0.101167,-0.992326,0.846296,-0.843840,0.024196,0.006241,0.019000,0.425449,0.904761,0.728312,-0.710916,0.930643
1154,9.616667,-0.028000,-0.005364,-0.401151,-0.915568,0.589464,-0.594377,0.028696,0.069894,0.012780,-0.101169,-0.992329,0.846303,-0.843840,0.024204,0.006989,0.017808,0.425655,0.904684,0.728373,-0.710918,0.930455
1155,9.625000,-0.028065,-0.005402,-0.401165,-0.915560,0.589460,-0.594377,0.028694,0.069910,0.012731,-0.101182,-0.992327,0.846297,-0.843839,0.024196,0.007567,0.017192,0.425631,0.904702,0.728348,-0.710932,0.930319
1156,9.633333,-0.027958,-0.005370,-0.401124,-0.915581,0.589456,-0.594378,0.028695,0.069955,0.012797,-0.101181,-0.992323,0.846302,-0.843838,0.024198,0.008085,0.016952,0.425642,0.904697,0.728325,-0.710938,0.930207
1157,9.641667,-0.027891,-0.005367,-0.401146,-0.915574,0.589453,-0.594367,0.028703,0.069917,0.012736,-0.101185,-0.992326,0.846300,-0.843839,0.024197,0.007548,0.018077,0.425454,0.904768,0.728196,-0.710932,0.930381
1158,9.650000,-0.027887,-0.005351,-0.401132,-0.915580,0.589459,-0.594368,0.028695,0.069885,0.012733,-0.101197,-0.992327,0.846300,-0.843838,0.024204,0.007654,0.017937,0.425484,0.904756,0.728180,-0.710939,0.930316
1159,9.658333,-0.027848,-0.005326,-0.401166,-0.915567,0.589451,-0.594368,0.028704,0.069918,0.012742,-0.101166,-0.992328,0.846297,-0.843835,0.024199,0.007645,0.017923,0.425478,0.904759,0.728150,-0.710928,0.930304
1160,9.666667,-0.027823,-0.005339,-0.401132,-0.915582,0.589455,-0.594366,0.028703,0.069941,0.012777,-0.101203,-0.992322,0.846299,-0.843838,0.024206,0.007732,0.017661,0.425514,0.904747,0.728130,-0.710934,0.930266
1161,9.675000,-0.027814,-0.005326,-0.401116,-0.915590,0.589452,-0.594366,0.028702,0.069949,0.012716,-0.101220,-0.992321,0.846295,-0.843835,0.024198,0.007759,0.017625,0.425507,0.904750,0.728088,-0.710933,0.930286
1162,9.683333,-0.027763,-0.005271,-0.401114,-0.915592,0.589454,-0.594360,0.028703,0.070017,0.012790,-0.101213,-0.992315,0.846295,-0.843836,0.024197,0.007727,0.017471,0.425448,0.904781,0.728045,-0.710918,0.930227
1163,9.691667,-0.027880,-0.005350,-0.401116,-0.915587,0.589452,-0.594366,0.028692,0.069986,0.012770,-0.101177,-0.992322,0.846300,-0.843839,0.024198,0.007833,0.017528,0.425478,0.904765,0.727993,-0.710894,0.930169
1164,9.700000,-0.027786,-0.005299,-0.401116,-0.915590,0.589445,-0.594366,0.028698,0.069888,0.012742,-0.101170,-0.992330,0.846299,-0.843834,0.024201,0.006385,0.018815,0.425310,0.904830,0.727799,-0.710891,0.930487
1165,9.708333,-0.027814,-0.005298,-0.401112,-0.915591,0.589440,-0.594364,0.028698,0.070030,0.012790,-0.101211,-0.992315,0.846297,-0.843837,0.024197,0.006469,0.018626,0.425385,0.904798,0.727585,-0.710849,0.930602
1166,9.716667,-0.027824,-0.005306,-0.401073,-0.915608,0.589440,-0.594361,0.028687,0.069947,0.012823,-0.101202,-0.992321,0.846302,-0.843831,0.024201,0.007954,0.018072,0.425406,0.904787,0.727417,-0.710853,0.930426
1167,9.725000,-0.027690,-0.005219,-0.401115,-0.915594,0.589440,-0.594363,0.028698,0.069909,0.012783,-0.101188,-0.992326,0.846301,-0.843835,0.024203,0.007582,0.018563,0.425356,0.904804,0.727276,-0.710853,0.930568
1168,9.733333,-0.027785,-0.005225,-0.401114,-0.915592,0.589443,-0.594361,0.028695,0.069969,0.012761,-0.101235,-0.992317,0.846298,-0.843837,0.024196,0.007399,0.018903,0.425379,0.904787,0.727214,-0.710831,0.930618
1169,9.741667,-0.027815,-0.005238,-0.401088,-0.915602,0.589439,-0.594365,0.028687,0.070024,0.012823,-0.101201,-0.992316,0.846302,-0.843838,0.024202,0.007510,0.018696,0.425354,0.904803,0.727185,-0.710836,0.930574
1170,9.750000,-0.027746,-0.005211,-0.401083,-0.915606,0.589435,-0.594359,0.028692,0.069935,0.012776,-0.101226,-0.992320,0.846293,-0.843839,0.024202,0.007676,0.018444,0.425330,0.904818,0.727175,-0.710846,0.930512
1171,9.758333,-0.027780,-0.005184,-0.401077,-0.915608,0.589435,-0.594365,0.028686,0.069976,0.012815,-0.101189,-0.992320,0.846300,-0.843837,0.024204,0.007816,0.018300,0.425278,0.904844,0.727195,-0.710850,0.930435
1172,9.766667,-0.027774,-0.005198,-0.401093,-0.915601,0.589438,-0.594362,0.028685,0.069926,0.012773,-0.101203,-0.992323,0.846294,-0.843836,0.024202,0.007655,0.018173,0.425221,0.904875,0.727210,-0.710861,0.930408
1173,9.775000,-0.027749,-0.005166,-0.401081,-0.915607,0.589430,-0.594366,0.028686,0.070004,0.012851,-0.101191,-0.992318,0.846287,-0.843838,0.024199,0.006780,0.018535,0.425123,0.904921,0.727216,-0.710875,0.930534
1174,9.783333,-0.027718,-0.005155,-0.401085,-0.915607,0.589432,-0.594361,0.028683,0.069978,0.012848,-0.101190,-0.992320,0.846291,-0.843841,0.024199,0.006439,0.018980,0.424995,0.904974,0.727225,-0.710894,0.930560
1175,9.791667,-0.027717,-0.005181,-0.401080,-0.915609,0.589430,-0.594361,0.028679,0.069967,0.012817,-0.101203,-0.992320,0.846289,-0.843836,0.024197,0.006683,0.019027,0.424829,0.905049,0.727189,-0.710908,0.930519
1176,9.800000,-0.027705,-0.005119,-0.401080,-0.915610,0.589429,-0.594363,0.028675,0.070044,0.012846,-0.101186,-0.992316,0.846292,-0.843839,0.024192,0.006500,0.019181,0.424748,0.905085,0.727155,-0.710912,0.930547
1177,9.808333,-0.027661,-0.005106,-0.401054,-0.915623,0.589425,-0.594355,0.028677,0.070020,0.012845,-0.101198,-0.992316,0.846292,-0.843838,0.024197,0.006761,0.018967,0.424698,0.905111,0.727128,-0.710920,0.930479
1178,9.816667,-0.027597,-0.005057,-0.401045,-0.915628,0.589425,-0.594358,0.028676,0.070013,0.012887,-0.101174,-0.992319,0.846289,-0.843839,0.024190,0.006625,0.018843,0.424609,0.905157,0.727063,-0.710925,0.930525
1179,9.825000,-0.027748,-0.005128,-0.401048,-0.915622,0.589424,-0.594364,0.028672,0.069966,0.012836,-0.101173,-0.992323,0.846290,-0.843841,0.024199,0.006670,0.018726,0.424553,0.905185,0.727013,-0.710930,0.930549
1180,9.833333,-0.027614,-0.005085,-0.401047,-0.915627,0.589417,-0.594362,0.028677,0.069962,0.012825,-0.101189,-0.992321,0.846286,-0.843841,0.024187,0.006677,0.018576,0.424463,0.905230,0.726953,-0.710926,0.930562
1181,9.841667,-0.027724,-0.005147,-0.401011,-0.915639,0.589418,-0.594364,0.028674,0.069986,0.012822,-0.101195,-0.992319,0.846290,-0.843842,0.024188,0.006649,0.018634,0.424371,0.905272,0.726903,-0.710939,0.930596
1182,9.850000,-0.027673,-0.005088,-0.401008,-0.915642,0.589418,-0.594361,0.028674,0.069875,0.012823,-0.101157,-0.992331,0.846297,-0.843849,0.024197,0.006706,0.018532,0.424303,0.905306,0.726868,-0.710950,0.930572
1183,9.858333,-0.027728,-0.005099,-0.400984,-0.915651,0.589414,-0.594359,0.028675,0.069994,0.012847,-0.101173,-0.992320,0.846294,-0.843853,0.024194,0.006686,0.018498,0.424176,0.905366,0.726823,-0.710957,0.930591
1184,9.866667,-0.027668,-0.005057,-0.400983,-0.915654,0.589414,-0.594362,0.028676,0.069878,0.012831,-0.101184,-0.992328,0.846298,-0.843848,0.024197,0.006611,0.018544,0.424084,0.905409,0.726801,-0.710971,0.930593
1185,9.875000,-0.027636,-0.005043,-0.400999,-0.915648,0.589414,-0.594360,0.028669,0.069919,0.012863,-0.101218,-0.992321,0.846295,-0.843844,0.024202,0.006504,0.018727,0.423939,0.905474,0.726776,-0.711000,0.930592
1186,9.883333,-0.027691,-0.005063,-0.400979,-0.915655,0.589415,-0.594364,0.028674,0.069812,0.012842,-0.101210,-0.992330,0.846290,-0.843846,0.024193,0.006450,0.018805,0.423838,0.905520,0.726772,-0.711021,0.930601
1187,9.891667,-0.027675,-0.004999,-0.400996,-0.915648,0.589413,-0.594361,0.028669,0.069817,0.012837,-0.101251,-0.992325,0.846289,-0.843846,0.024194,0.006363,0.018817,0.423737,0.905568,0.726767,-0.711047,0.930608
1188,9.900000,-0.027708,-0.005066,-0.400956,-0.915664,0.589413,-0.594363,0.028670,0.069813,0.012838,-0.101217,-0.992329,0.846293,-0.843849,0.024196,0.006537,0.018358,0.423670,0.905607,0.726775,-0.711063,0.930554
1189,9.908333,-0.027648,-0.004984,-0.400965,-0.915662,0.589411,-0.594364,0.028674,0.069873,0.012883,-0.101206,-0.992325,0.846295,-0.843851,0.024189,0.006562,0.018262,0.423390,0.905740,0.726735,-0.711117,0.930537
1190,9.916667,-0.027623,-0.004991,-0.400961,-0.915665,0.589410,-0.594362,0.028673,0.069695,0.012852,-0.101195,-0.992339,0.846290,-0.843852,0.024200,0.006439,0.018506,0.423236,0.905808,0.726721,-0.711155,0.930550
1191,9.925000,-0.027708,-0.004981,-0.400949,-0.915668,0.589412,-0.594364,0.028673,0.069766,0.012845,-0.101186,-0.992335,0.846291,-0.843852,0.024194,0.006388,0.018468,0.423143,0.905852,0.726717,-0.711184,0.930549
1192,9.933333,-0.027694,-0.004983,-0.400956,-0.915665,0.589405,-0.594361,0.028675,0.069783,0.012844,-0.101167,-0.992336,0.846289,-0.843856,0.024188,0.006521,0.018396,0.423103,0.905871,0.726734,-0.711195,0.930557
1193,9.941667,-0.027723,-0.004996,-0.400940,-0.915671,0.589405,-0.594365,0.028669,0.069763,0.012847,-0.101180,-0.992336,0.846288,-0.843857,0.024188,0.006366,0.018489,0.423013,0.905913,0.726727,-0.711221,0.930574
1194,9.950000,-0.027727,-0.004988,-0.400922,-0.915679,0.589397,-0.594363,0.028668,0.069636,0.012789,-0.101193,-0.992344,0.846286,-0.843859,0.024193,0.006381,0.018302,0.422854,0.905991,0.726713,-0.711266,0.930580
1195,9.958333,-0.027604,-0.004934,-0.400907,-0.915690,0.589391,-0.594363,0.028670,0.069531,0.012826,-0.101196,-0.992351,0.846289,-0.843856,0.024197,0.006224,0.018477,0.422718,0.906052,0.726683,-0.711293,0.930614
1196,9.966667,-0.027641,-0.004948,-0.400892,-0.915695,0.589394,-0.594364,0.028668,0.069616,0.012850,-0.101254,-0.992339,0.846290,-0.843862,0.024194,0.006149,0.018539,0.422646,0.906085,0.726673,-0.711325,0.930630
1197,9.975000,-0.027589,-0.004909,-0.400903,-0.915692,0.589383,-0.594360,0.028665,0.069546,0.012856,-0.101234,-0.992346,0.846294,-0.843866,0.024196,0.006148,0.018511,0.422531,0.906139,0.726664,-0.711340,0.930641
1198,9.983333,-0.027548,-0.004849,-0.400901,-0.915694,0.589383,-0.594362,0.028669,0.069570,0.012817,-0.101277,-0.992340,0.846297,-0.843874,0.024196,0.006239,0.018467,0.422442,0.906180,0.726674,-0.711362,0.930609
1199,9.991667,-0.027537,-0.004868,-0.400877,-0.915705,0.589381,-0.594364,0.028666,0.069555,0.012859,-0.101247,-0.992344,0.846294,-0.843866,0.024191,0.005977,0.018579,0.422256,0.906267,0.726631,-0.711396,0.930657
1200,10.000000,-0.027549,-0.004861,-0.400891,-0.915699,0.589381,-0.594361,0.028671,0.069428,0.012856,-0.101251,-0.992352,0.846290,-0.843873,0.024195,0.006140,0.018466,0.422172,0.906307,0.726649,-0.711410,0.930618
1201,10.008333,-0.027653,-0.004881,-0.400883,-0.915699,0.589381,-0.594363,0.028667,0.069506,0.012821,-0.101270,-0.992345,0.846294,-0.843882,0.024193,0.006188,0.018701,0.421935,0.906412,0.726621,-0.711428,0.930591
1202,10.016667,-0.027582,-0.004884,-0.400876,-0.915704,0.589383,-0.594363,0.028671,0.069453,0.012840,-0.101239,-0.992352,0.846292,-0.843876,0.024193,0.006101,0.018742,0.421834,0.906459,0.726600,-0.711451,0.930597
1203,10.025000,-0.027561,-0.004834,-0.400894,-0.915697,0.589378,-0.594364,0.028666,0.069526,0.012850,-0.101231,-0.992347,0.846287,-0.843879,0.024192,0.006019,0.018893,0.421656,0.906539,0.726598,-0.711474,0.930601
1204,10.033333,-0.027532,-0.004835,-0.400884,-0.915702,0.589376,-0.594358,0.028673,0.069474,0.012885,-0.101212,-0.992353,0.846291,-0.843876,0.024198,0.005961,0.018885,0.421545,0.906591,0.726588,-0.711490,0.930605
1205,10.041667,-0.027544,-0.004821,-0.400863,-0.915711,0.589376,-0.594367,0.028661,0.069444,0.012851,-0.101242,-0.992352,0.846286,-0.843873,0.024198,0.005928,0.018844,0.421436,0.906643,0.726580,-0.711500,0.930609
1206,10.050000,-0.027582,-0.004855,-0.400872,-0.915706,0.589376,-0.594365,0.028664,0.069425,0.012879,-0.101248,-0.992352,0.846286,-0.843874,0.024195,0.005894,0.019078,0.421270,0.906716,0.726582,-0.711509,0.930623
1207,10.058333,-0.027634,-0.004854,-0.400878,-0.915702,0.589371,-0.594372,0.028659,0.069354,0.012867,-0.101211,-0.992361,0.846284,-0.843871,0.024202,0.005720,0.019157,0.421069,0.906808,0.726565,-0.711526,0.930658
1208,10.066667,-0.027475,-0.004815,-0.400842,-0.915722,0.589375,-0.594360,0.028669,0.069438,0.012881,-0.101235,-0.992353,0.846286,-0.843877,0.024198,0.005795,0.018956,0.420948,0.906868,0.726556,-0.711533,0.930643
1209,10.075000,-0.027550,-0.004860,-0.400836,-0.915722,0.589376,-0.594362,0.028665,0.069511,0.012869,-0.101235,-0.992348,0.846288,-0.843885,0.024194,0.005886,0.018910,0.420835,0.906921,0.726551,-0.711542,0.930609
1210,10.083333,-0.027509,-0.004799,-0.400835,-0.915725,0.589374,-0.594365,0.028663,0.069447,0.012869,-0.101207,-0.992355,0.846287,-0.843881,0.024200,0.005833,0.018890,0.420707,0.906981,0.726555,-0.711544,0.930610
1211,10.091667,-0.027587,-0.004885,-0.400841,-0.915719,0.589375,-0.594359,0.028666,0.069562,0.012915,-0.101188,-0.992348,0.846285,-0.843880,0.024189,0.005745,0.019030,0.420562,0.907046,0.726542,-0.711548,0.930633
1212,10.100000,-0.027543,-0.004898,-0.400811,-0.915734,0.589378,-0.594359,0.028673,0.069451,0.012865,-0.101207,-0.992355,0.846288,-0.843874,0.024194,0.005729,0.019074,0.420435,0.907104,0.726535,-0.711544,0.930642
1213,10.108333,-0.027522,-0.004854,-0.400841,-0.915721,0.589374,-0.594358,0.028664,0.069436,0.012876,-0.101238,-0.992353,0.846292,-0.843878,0.024198,0.005728,0.019068,0.420323,0.907156,0.726532,-0.711527,0.930640
1214,10.116667,-0.027523,-0.004919,-0.400821,-0.915730,0.589375,-0.594356,0.028663,0.069506,0.012890,-0.101178,-0.992354,0.846291,-0.843880,0.024199,0.005796,0.018906,0.420228,0.907203,0.726528,-0.711531,0.930616
1215,10.125000,-0.027544,-0.004915,-0.400821,-0.915729,0.589376,-0.594357,0.028663,0.069427,0.012881,-0.101182,-0.992359,0.846289,-0.843880,0.024195,0.005734,0.018889,0.420109,0.907259,0.726522,-0.711518,0.930623
1216,10.133333,-0.027420,-0.004784,-0.400841,-0.915725,0.589379,-0.594356,0.028654,0.069496,0.012824,-0.101164,-0.992357,0.846286,-0.843878,0.024189,0.005761,0.018681,0.420011,0.907308,0.726522,-0.711513,0.930635
1217,10.141667,-0.027549,-0.004855,-0.400827,-0.915727,0.589377,-0.594358,0.028658,0.069464,0.012853,-0.101195,-0.992355,0.846284,-0.843883,0.024193,0.006055,0.018768,0.419780,0.907412,0.726500,-0.711518,0.930521
1218,10.150000,-0.027535,-0.004847,-0.400809,-0.915735,0.589378,-0.594353,0.028656,0.069467,0.012839,-0.101092,-0.992366,0.846285,-0.843881,0.024187,0.006247,0.018462,0.419681,0.907463,0.726500,-0.711498,0.930499
1219,10.158333,-0.027542,-0.004853,-0.400805,-0.915736,0.589383,-0.594357,0.028656,0.069505,0.012845,-0.101142,-0.992358,0.846287,-0.843883,0.024190,0.006280,0.018408,0.419575,0.907512,0.726498,-0.711488,0.930478
1220,10.166667,-0.027538,-0.004898,-0.400798,-0.915739,0.589375,-0.594351,0.028659,0.069431,0.012885,-0.101080,-0.992369,0.846285,-0.843876,0.024197,0.006430,0.018460,0.419443,0.907571,0.726492,-0.711465,0.930412
1221,10.175000,-0.027593,-0.004861,-0.400806,-0.915735,0.589378,-0.594357,0.028656,0.069376,0.012848,-0.101067,-0.992375,0.846288,-0.843881,0.024195,0.006399,0.018344,0.419349,0.907617,0.726492,-0.711446,0.930420
1222,10.183333,-0.027525,-0.004894,-0.400795,-0.915741,0.589374,-0.594352,0.028661,0.069380,0.012847,-0.101098,-0.992371,0.846284,-0.843877,0.024198,0.006460,0.018246,0.419254,0.907663,0.726492,-0.711414,0.930398
1223,10.191667,-0.027533,-0.004869,-0.400810,-0.915735,0.589379,-0.594356,0.028662,0.069474,0.012865,-0.101100,-0.992364,0.846285,-0.843879,0.024191,0.006403,0.018277,0.419139,0.907716,0.726487,-0.711390,0.930403
1224,10.200000,-0.027534,-0.004883,-0.400818,-0.915731,0.589375,-0.594352,0.028655,0.069374,0.012859,-0.101071,-0.992374,0.846287,-0.843883,0.024194,0.006408,0.018293,0.419040,0.907761,0.726483,-0.711363,0.930389
1225,10.208333,-0.027542,-0.004890,-0.400803,-0.915737,0.589380,-0.594350,0.028653,0.069502,0.012914,-0.101101,-0.992362,0.846284,-0.843876,0.024196,0.006451,0.018229,0.418945,0.907806,0.726482,-0.711343,0.930376
1226,10.216667,-0.027550,-0.004863,-0.400795,-0.915741,0.589374,-0.594350,0.028650,0.069388,0.012851,-0.101082,-0.992372,0.846289,-0.843880,0.024198,0.006292,0.018442,0.418827,0.907857,0.726478,-0.711313,0.930397
1227,10.225000,-0.027527,-0.004884,-0.400779,-0.915748,0.589379,-0.594351,0.028655,0.069447,0.012859,-0.101090,-0.992367,0.846289,-0.843874,0.024200,0.006289,0.018381,0.418767,0.907886,0.726482,-0.711289,0.930370
1228,10.233333,-0.027493,-0.004814,-0.400799,-0.915741,0.589372,-0.594351,0.028656,0.069477,0.012884,-0.101101,-0.992364,0.846284,-0.843878,0.024193,0.006298,0.018497,0.418662,0.907932,0.726491,-0.711258,0.930343
1229,10.241667,-0.027555,-0.004866,-0.400802,-0.915737,0.589378,-0.594353,0.028653,0.069506,0.012877,-0.101117,-0.992360,0.846278,-0.843876,0.024189,0.006550,0.018447,0.418568,0.907974,0.726491,-0.711240,0.930284
1230,10.250000,-0.027586,-0.004870,-0.400805,-0.915735,0.589377,-0.594356,0.028662,0.069513,0.012866,-0.101084,-0.992363,0.846285,-0.843883,0.024195,0.006247,0.018673,0.418547,0.907982,0.726501,-0.711208,0.930340
1231,10.258333,-0.027615,-0.004878,-0.400782,-0.915744,0.589374,-0.594355,0.028645,0.069475,0.012837,-0.101102,-0.992364,0.846281,-0.843881,0.024194,0.006401,0.018499,0.418439,0.908034,0.726485,-0.711169,0.930305
1232,10.266667,-0.027545,-0.004924,-0.400793,-0.915741,0.589380,-0.594356,0.028661,0.069633,0.012888,-0.101110,-0.992352,0.846280,-0.843882,0.024187,0.006452,0.018432,0.418427,0.908041,0.726497,-0.711131,0.930315
1233,10.275000,-0.027509,-0.004879,-0.400778,-0.915749,0.589376,-0.594350,0.028652,0.069498,0.012876,-0.101094,-0.992363,0.846278,-0.843881,0.024192,0.006413,0.018552,0.418376,0.908062,0.726500,-0.711106,0.930290
1234,10.283333,-0.027519,-0.004921,-0.400801,-0.915739,0.589378,-0.594348,0.028653,0.069521,0.012876,-0.101094,-0.992361,0.846280,-0.843881,0.024192,0.006400,0.018455,0.418392,0.908056,0.726519,-0.711073,0.930293
1235,10.291667,-0.027509,-0.004905,-0.400791,-0.915743,0.589378,-0.594350,0.028660,0.069528,0.012897,-0.101112,-0.992359,0.846278,-0.843877,0.024199,0.006417,0.018611,0.418318,0.908087,0.726515,-0.711049,0.930286
1236,10.300000,-0.027499,-0.004936,-0.400788,-0.915745,0.589378,-0.594350,0.028654,0.069095,0.012633,-0.101059,-0.992398,0.846301,-0.843882,0.024231,0.006528,0.018527,0.418273,0.908109,0.726529,-0.711024,0.930273
1237,10.308333,-0.027552,-0.004920,-0.400791,-0.915742,0.589384,-0.594351,0.028659,0.069149,0.012609,-0.101076,-0.992393,0.846302,-0.843875,0.024236,0.006530,0.018564,0.418268,0.908110,0.726537,-0.710987,0.930280
1238,10.316667,-0.027492,-0.004945,-0.400809,-0.915736,0.589377,-0.594347,0.028658,0.069660,0.012929,-0.101088,-0.992352,0.846273,-0.843875,0.024199,0.006570,0.018362,0.418339,0.908082,0.726531,-0.710899,0.930327
1239,10.325000,-0.027478,-0.004944,-0.400801,-0.915740,0.589381,-0.594347,0.028653,0.069563,0.012880,-0.101085,-0.992359,0.846270,-0.843875,0.024205,0.006671,0.018282,0.418340,0.908082,0.726546,-0.710866,0.930320
1240,10.333333,-0.027515,-0.004909,-0.400817,-0.915732,0.589378,-0.594345,0.028659,0.069068,0.012641,-0.101058,-0.992400,0.846298,-0.843864,0.024241,0.006654,0.018350,0.418348,0.908077,0.726558,-0.710837,0.930334
1241,10.341667,-0.027480,-0.004925,-0.400814,-0.915734,0.589386,-0.594346,0.028658,0.069643,0.012877,-0.101119,-0.992350,0.846276,-0.843870,0.024203,0.006655,0.018453,0.418330,0.908083,0.726560,-0.710816,0.930326
1242,10.350000,-0.027576,-0.004964,-0.400823,-0.915727,0.589379,-0.594344,0.028649,0.069585,0.012910,-0.101107,-0.992355,0.846274,-0.843868,0.024213,0.006684,0.018459,0.418355,0.908071,0.726571,-0.710778,0.930325
1243,10.358333,-0.027528,-0.004910,-0.400812,-0.915733,0.589385,-0.594349,0.028660,0.069146,0.012636,-0.101045,-0.992396,0.846305,-0.843873,0.024250,0.006652,0.018441,0.418369,0.908066,0.726578,-0.710740,0.930349
1244,10.366667,-0.027527,-0.004905,-0.400826,-0.915728,0.589387,-0.594350,0.028661,0.069615,0.012920,-0.101091,-0.992355,0.846276,-0.843867,0.024217,0.006282,0.018736,0.418510,0.907998,0.726628,-0.710690,0.930409
1245,10.375000,-0.027422,-0.004913,-0.400843,-0.915723,0.589389,-0.594352,0.028659,0.069219,0.012672,-0.101090,-0.992386,0.846299,-0.843861,0.024241,0.006222,0.018777,0.418525,0.907990,0.726636,-0.710661,0.930426
1246,10.383333,-0.027431,-0.004878,-0.400847,-0.915721,0.589386,-0.594346,0.028663,0.069676,0.012857,-0.101144,-0.992346,0.846271,-0.843861,0.024205,0.006265,0.018698,0.418545,0.907982,0.726652,-0.710637,0.930428
1247,10.391667,-0.027481,-0.004927,-0.400846,-0.915720,0.589391,-0.594346,0.028658,0.069607,0.012890,-0.101095,-0.992355,0.846272,-0.843860,0.024214,0.006335,0.018719,0.418534,0.907986,0.726673,-0.710599,0.930434
1248,10.400000,-0.027459,-0.004940,-0.400851,-0.915718,0.589392,-0.594346,0.028658,0.069314,0.012615,-0.101074,-0.992381,0.846298,-0.843860,0.024239,0.006401,0.018738,0.418537,0.907984,0.726689,-0.710576,0.930418
1249,10.408333,-0.027429,-0.004911,-0.400849,-0.915721,0.589389,-0.594342,0.028664,0.069674,0.012925,-0.101113,-0.992348,0.846277,-0.843854,0.024212,0.006424,0.018494,0.418592,0.907963,0.726716,-0.710544,0.930432
1250,10.416667,-0.027498,-0.004955,-0.400862,-0.915712,0.589393,-0.594349,0.028663,0.069316,0.012683,-0.101109,-0.992377,0.846302,-0.843858,0.024242,0.006383,0.018565,0.418614,0.907952,0.726746,-0.710500,0.930437
1251,10.425000,-0.027453,-0.004919,-0.400833,-0.915727,0.589396,-0.594345,0.028664,0.069326,0.012653,-0.101103,-0.992377,0.846305,-0.843863,0.024246,0.006370,0.018649,0.418603,0.907955,0.726771,-0.710462,0.930421
1252,10.433333,-0.027477,-0.004985,-0.400865,-0.915711,0.589398,-0.594344,0.028666,0.069304,0.012615,-0.101056,-0.992384,0.846302,-0.843865,0.024248,0.006438,0.018618,0.418604,0.907955,0.726801,-0.710429,0.930397
1253,10.441667,-0.027427,-0.004973,-0.400862,-0.915714,0.589396,-0.594347,0.028664,0.069794,0.012888,-0.101135,-0.992338,0.846280,-0.843869,0.024213,0.006520,0.018634,0.418614,0.907950,0.726833,-0.710395,0.930369
1254,10.450000,-0.027459,-0.004938,-0.400873,-0.915709,0.589400,-0.594347,0.028659,0.069720,0.012940,-0.101130,-0.992343,0.846278,-0.843862,0.024210,0.006564,0.018635,0.418617,0.907948,0.726862,-0.710355,0.930346
1255,10.458333,-0.027399,-0.004932,-0.400872,-0.915711,0.589397,-0.594346,0.028661,0.069351,0.012698,-0.101079,-0.992377,0.846304,-0.843864,0.024244,0.006437,0.018831,0.418595,0.907955,0.726900,-0.710324,0.930358
1256,10.466667,-0.027396,-0.004984,-0.400886,-0.915705,0.589401,-0.594347,0.028666,0.069692,0.012890,-0.101174,-0.992341,0.846273,-0.843858,0.024210,0.006440,0.018821,0.418602,0.907952,0.726925,-0.710290,0.930347
1257,10.475000,-0.027423,-0.004959,-0.400901,-0.915698,0.589401,-0.594346,0.028661,0.069744,0.012892,-0.101159,-0.992339,0.846275,-0.843854,0.024216,0.006472,0.018743,0.418627,0.907942,0.726959,-0.710263,0.930341
1258,10.483333,-0.027376,-0.004935,-0.400893,-0.915703,0.589403,-0.594346,0.028660,0.069731,0.012930,-0.101124,-0.992343,0.846272,-0.843857,0.024213,0.006366,0.018816,0.418643,0.907934,0.726985,-0.710223,0.930364
1259,10.491667,-0.027387,-0.004968,-0.400905,-0.915697,0.589403,-0.594347,0.028661,0.069900,0.012942,-0.101130,-0.992330,0.846273,-0.843858,0.024205,0.006362,0.018388,0.418672,0.907929,0.727017,-0.710188,0.930388
1260,10.500000,-0.027454,-0.004955,-0.400900,-0.915697,0.589409,-0.594346,0.028661,0.069834,0.012943,-0.101103,-0.992338,0.846270,-0.843850,0.024202,0.006188,0.018567,0.418695,0.907916,0.727038,-0.710160,0.930425
1261,10.508333,-0.027533,-0.005022,-0.400886,-0.915700,0.589403,-0.594351,0.028654,0.069859,0.012895,-0.101120,-0.992335,0.846270,-0.843857,0.024198,0.006326,0.018272,0.418858,0.907846,0.727130,-0.710127,0.930367
1262,10.516667,-0.027555,-0.005005,-0.400901,-0.915694,0.589408,-0.594349,0.028655,0.069891,0.012907,-0.101105,-0.992334,0.846274,-0.843855,0.024203,0.006562,0.018134,0.418924,0.907817,0.727179,-0.710081,0.930349
1263,10.525000,-0.027552,-0.005060,-0.400899,-0.915694,0.589396,-0.594343,0.028662,0.069857,0.012904,-0.101103,-0.992336,0.846271,-0.843850,0.024203,0.006454,0.018208,0.418950,0.907804,0.727221,-0.710052,0.930326
1264,10.533333,-0.027566,-0.005036,-0.400894,-0.915696,0.589405,-0.594350,0.028658,0.069828,0.012919,-0.101119,-0.992337,0.846268,-0.843849,0.024201,0.006237,0.018631,0.419019,0.907765,0.727295,-0.709994,0.930325
1265,10.541667,-0.027622,-0.005115,-0.400903,-0.915690,0.589405,-0.594355,0.028650,0.069823,0.012941,-0.101099,-0.992339,0.846268,-0.843838,0.024203,0.006098,0.018826,0.419031,0.907756,0.727334,-0.709956,0.930336
1266,10.550000,-0.027583,-0.005081,-0.400906,-0.915690,0.589404,-0.594351,0.028647,0.069805,0.012923,-0.101148,-0.992335,0.846270,-0.843839,0.024206,0.006185,0.018742,0.419086,0.907732,0.727372,-0.709917,0.930317
1267,10.558333,-0.027552,-0.005072,-0.400924,-0.915683,0.589409,-0.594346,0.028657,0.069815,0.012961,-0.101131,-0.992336,0.846272,-0.843844,0.024209,0.006172,0.018713,0.419050,0.907749,0.727396,-0.709890,0.930321
1268,10.566667,-0.027552,-0.005124,-0.400953,-0.915670,0.589409,-0.594341,0.028657,0.069862,0.012904,-0.101139,-0.992332,0.846272,-0.843845,0.024203,0.006242,0.018689,0.419141,0.907707,0.727448,-0.709831,0.930286
1269,10.575000,-0.027530,-0.005113,-0.400946,-0.915674,0.589410,-0.594349,0.028653,0.069906,0.012900,-0.101100,-0.992333,0.846275,-0.843843,0.024205,0.006259,0.018744,0.419159,0.907698,0.727487,-0.709789,0.930284
1270,10.583333,-0.027554,-0.005080,-0.400944,-0.915674,0.589413,-0.594347,0.028656,0.069968,0.012957,-0.101048,-0.992334,0.846275,-0.843838,0.024203,0.006226,0.018718,0.419179,0.907690,0.727519,-0.709752,0.930286
1271,10.591667,-0.027494,-0.005080,-0.400965,-0.915667,0.589410,-0.594344,0.028658,0.069978,0.012922,-0.101118,-0.992326,0.846275,-0.843846,0.024204,0.006309,0.018803,0.419188,0.907683,0.727557,-0.709712,0.930274
1272,10.600000,-0.027574,-0.005154,-0.400966,-0.915664,0.589415,-0.594344,0.028658,0.070048,0.012906,-0.101113,-0.992322,0.846277,-0.843846,0.024202,0.006321,0.018804,0.419243,0.907657,0.727589,-0.709676,0.930254
1273,10.608333,-0.027656,-0.005191,-0.400955,-0.915665,0.589415,-0.594344,0.028663,0.069956,0.012901,-0.101068,-0.992333,0.846280,-0.843844,0.024203,0.006304,0.018946,0.419257,0.907648,0.727652,-0.709662,0.930224
1274,10.616667,-0.027624,-0.005196,-0.400979,-0.915656,0.589418,-0.594350,0.028658,0.069973,0.012893,-0.101063,-0.992333,0.846285,-0.843845,0.024206,0.006308,0.018964,0.419301,0.907627,0.727660,-0.709610,0.930254
1275,10.625000,-0.027662,-0.005223,-0.400984,-0.915652,0.589421,-0.594350,0.028663,0.070061,0.012927,-0.101071,-0.992325,0.846276,-0.843845,0.024198,0.005840,0.019220,0.419305,0.907623,0.727697,-0.709582,0.930346
1276,10.633333,-0.027633,-0.005229,-0.400986,-0.915652,0.589420,-0.594350,0.028664,0.070117,0.012939,-0.101047,-0.992324,0.846281,-0.843841,0.024199,0.006024,0.019369,0.419461,0.907547,0.727753,-0.709514,0.930339
1277,10.641667,-0.027654,-0.005244,-0.401013,-0.915640,0.589426,-0.594354,0.028655,0.070024,0.012923,-0.101065,-0.992328,0.846276,-0.843836,0.024200,0.005823,0.019222,0.419550,0.907510,0.727800,-0.709458,0.930419
1278,10.650000,-0.027763,-0.005300,-0.400974,-0.915653,0.589425,-0.594351,0.028660,0.070039,0.012906,-0.101055,-0.992329,0.846276,-0.843835,0.024199,0.005796,0.019310,0.419563,0.907502,0.727837,-0.709427,0.930452
1279,10.658333,-0.027738,-0.005294,-0.401001,-0.915642,0.589426,-0.594349,0.028658,0.070084,0.012958,-0.101028,-0.992328,0.846282,-0.843838,0.024204,0.005718,0.019479,0.419583,0.907490,0.727855,-0.709392,0.930465
1280,10.666667,-0.027690,-0.005338,-0.400992,-0.915647,0.589429,-0.594347,0.028667,0.070119,0.012945,-0.101054,-0.992323,0.846281,-0.843835,0.024204,0.005621,0.019588,0.419612,0.907475,0.727891,-0.709368,0.930496
1281,10.675000,-0.027643,-0.005287,-0.401025,-0.915635,0.589432,-0.594351,0.028666,0.070198,0.012916,-0.101013,-0.992322,0.846283,-0.843836,0.024200,0.005677,0.019421,0.419673,0.907450,0.727927,-0.709334,0.930495
1282,10.683333,-0.027570,-0.005262,-0.401015,-0.915641,0.589433,-0.594343,0.028671,0.070175,0.012928,-0.101041,-0.992320,0.846285,-0.843832,0.024203,0.005638,0.019567,0.419699,0.907435,0.727961,-0.709307,0.930497
1283,10.691667,-0.027675,-0.005307,-0.401007,-0.915642,0.589431,-0.594347,0.028667,0.070144,0.012899,-0.101056,-0.992321,0.846284,-0.843831,0.024200,0.005528,0.019770,0.419723,0.907420,0.727990,-0.709289,0.930516
1284,10.700000,-0.027622,-0.005280,-0.401025,-0.915635,0.589432,-0.594354,0.028664,0.070199,0.012926,-0.101078,-0.992315,0.846283,-0.843834,0.024200,0.005549,0.019804,0.419739,0.907412,0.728016,-0.709259,0.930512
1285,10.708333,-0.027717,-0.005389,-0.401027,-0.915631,0.589434,-0.594349,0.028665,0.070232,0.012909,-0.101058,-0.992315,0.846278,-0.843834,0.024196,0.005609,0.019788,0.419833,0.907368,0.728058,-0.709231,0.930487
1286,10.716667,-0.027755,-0.005381,-0.401028,-0.915630,0.589429,-0.594351,0.028665,0.070219,0.012914,-0.101026,-0.992319,0.846287,-0.843843,0.024201,0.005563,0.019903,0.419881,0.907344,0.728090,-0.709212,0.930497
1287,10.725000,-0.027722,-0.005375,-0.401040,-0.915626,0.589435,-0.594352,0.028664,0.070283,0.012939,-0.101040,-0.992312,0.846282,-0.843837,0.024195,0.005897,0.019506,0.420073,0.907262,0.728169,-0.709179,0.930398
1288,10.733333,-0.027674,-0.005334,-0.401063,-0.915617,0.589440,-0.594352,0.028666,0.070218,0.012859,-0.101056,-0.992316,0.846284,-0.843842,0.024200,0.005902,0.019614,0.420132,0.907232,0.728204,-0.709157,0.930388
1289,10.741667,-0.027643,-0.005338,-0.401041,-0.915627,0.589435,-0.594349,0.028672,0.070222,0.012921,-0.101052,-0.992316,0.846280,-0.843841,0.024198,0.005781,0.019695,0.420208,0.907196,0.728237,-0.709129,0.930403
1290,10.750000,-0.027777,-0.005374,-0.401068,-0.915611,0.589438,-0.594352,0.028658,0.070260,0.012889,-0.101037,-0.992315,0.846282,-0.843835,0.024196,0.005995,0.019804,0.420238,0.907178,0.728245,-0.709129,0.930333
1291,10.758333,-0.027745,-0.005433,-0.401052,-0.915619,0.589435,-0.594344,0.028671,0.070217,0.012854,-0.101028,-0.992319,0.846282,-0.843828,0.024196,0.006019,0.019852,0.420348,0.907126,0.728286,-0.709112,0.930294
1292,10.766667,-0.027807,-0.005439,-0.401061,-0.915613,0.589439,-0.594345,0.028665,0.070197,0.012891,-0.101038,-0.992319,0.846282,-0.843827,0.024195,0.005969,0.019940,0.420404,0.907098,0.728315,-0.709095,0.930292
1293,10.775000,-0.027641,-0.005390,-0.401087,-0.915607,0.589437,-0.594347,0.028668,0.070272,0.012894,-0.101087,-0.992309,0.846282,-0.843829,0.024194,0.005976,0.019923,0.420499,0.907055,0.728345,-0.709067,0.930292
1294,10.783333,-0.027717,-0.005397,-0.401107,-0.915596,0.589439,-0.594347,0.028670,0.070233,0.012906,-0.101051,-0.992315,0.846287,-0.843828,0.024205,0.006280,0.019578,0.420728,0.906954,0.728410,-0.709029,0.930224
1295,10.791667,-0.027716,-0.005461,-0.401090,-0.915603,0.589443,-0.594345,0.028672,0.070282,0.012888,-0.101044,-0.992313,0.846291,-0.843828,0.024199,0.006115,0.019850,0.420725,0.906950,0.728417,-0.709019,0.930254
1296,10.800000,-0.027738,-0.005445,-0.401115,-0.915592,0.589444,-0.594348,0.028672,0.070292,0.012910,-0.101033,-0.992313,0.846288,-0.843829,0.024198,0.006186,0.019688,0.420853,0.906894,0.728458,-0.708990,0.930225
1297,10.808333,-0.027779,-0.005483,-0.401092,-0.915600,0.589448,-0.594351,0.028674,0.070308,0.012823,-0.101069,-0.992309,0.846283,-0.843831,0.024187,0.006143,0.019777,0.420946,0.906850,0.728480,-0.708975,0.930233
1298,10.816667,-0.027795,-0.005534,-0.401103,-0.915595,0.589445,-0.594351,0.028675,0.070313,0.012867,-0.101058,-0.992309,0.846289,-0.843828,0.024194,0.006177,0.019804,0.421000,0.906824,0.728500,-0.708957,0.930221
1299,10.825000,-0.027827,-0.005525,-0.401098,-0.915596,0.589444,-0.594352,0.028678,0.070278,0.012850,-0.101049,-0.992313,0.846289,-0.843829,0.024196,0.006086,0.019774,0.421082,0.906786,0.728522,-0.708941,0.930241
1300,10.833333,-0.027782,-0.005574,-0.401087,-0.915602,0.589451,-0.594347,0.028677,0.070294,0.012837,-0.101078,-0.992309,0.846285,-0.843824,0.024198,0.005974,0.020125,0.421300,0.906678,0.728580,-0.708896,0.930270
1301,10.841667,-0.027752,-0.005531,-0.401135,-0.915582,0.589445,-0.594347,0.028676,0.070385,0.012884,-0.101067,-0.992303,0.846290,-0.843819,0.024200,0.005890,0.020120,0.421381,0.906641,0.728594,-0.708890,0.930292
1302,10.850000,-0.027823,-0.005559,-0.401148,-0.915574,0.589454,-0.594348,0.028665,0.070309,0.012872,-0.101050,-0.992310,0.846287,-0.843818,0.024196,0.005913,0.020073,0.421475,0.906599,0.728615,-0.708865,0.930301
1303,10.858333,-0.027813,-0.005584,-0.401128,-0.915582,0.589455,-0.594345,0.028677,0.070325,0.012847,-0.101082,-0.992306,0.846291,-0.843817,0.024200,0.005918,0.020200,0.421538,0.906566,0.728634,-0.708852,0.930313
1304,10.866667,-0.027893,-0.005642,-0.401130,-0.915579,0.589453,-0.594349,0.028677,0.070305,0.012837,-0.101034,-0.992313,0.846287,-0.843812,0.024196,0.005969,0.020069,0.421607,0.906537,0.728655,-0.708832,0.930309
1305,10.875000,-0.027775,-0.005576,-0.401133,-0.915582,0.589457,-0.594346,0.028679,0.070371,0.012888,-0.101058,-0.992305,0.846287,-0.843815,0.024197,0.005910,0.020248,0.421677,0.906501,0.728676,-0.708817,0.930327
1306,10.883333,-0.027880,-0.005611,-0.401159,-0.915567,0.589455,-0.594351,0.028671,0.070347,0.012855,-0.101024,-0.992311,0.846290,-0.843819,0.024207,0.005939,0.020407,0.421753,0.906462,0.728695,-0.708789,0.930303
1307,10.891667,-0.027930,-0.005673,-0.401146,-0.915571,0.589465,-0.594350,0.028671,0.070420,0.012858,-0.101076,-0.992300,0.846291,-0.843818,0.024203,0.006060,0.020215,0.421839,0.906425,0.728715,-0.708769,0.930274
1308,10.900000,-0.027833,-0.005621,-0.401166,-0.915565,0.589460,-0.594349,0.028681,0.070359,0.012863,-0.101072,-0.992305,0.846285,-0.843815,0.024200,0.006034,0.020299,0.421932,0.906380,0.728737,-0.708753,0.930269
1309,10.908333,-0.027855,-0.005672,-0.401174,-0.915560,0.589463,-0.594349,0.028689,0.070326,0.012825,-0.101073,-0.992307,0.846284,-0.843814,0.024201,0.006030,0.020347,0.421996,0.906349,0.728765,-0.708735,0.930269
1310,10.916667,-0.027831,-0.005656,-0.401210,-0.915546,0.589473,-0.594352,0.028682,0.070345,0.012831,-0.101065,-0.992307,0.846290,-0.843810,0.024202,0.005912,0.020633,0.422102,0.906294,0.728791,-0.708718,0.930285
1311,10.925000,-0.027885,-0.005691,-0.401209,-0.915545,0.589472,-0.594348,0.028684,0.070293,0.012813,-0.101100,-0.992307,0.846285,-0.843809,0.024208,0.005930,0.020751,0.422162,0.906264,0.728810,-0.708702,0.930276
1312,10.933333,-0.027876,-0.005730,-0.401219,-0.915540,0.589476,-0.594354,0.028680,0.070388,0.012848,-0.101101,-0.992300,0.846288,-0.843808,0.024206,0.005909,0.020735,0.422235,0.906230,0.728829,-0.708680,0.930278
1313,10.941667,-0.027866,-0.005725,-0.401190,-0.915553,0.589478,-0.594346,0.028691,0.070400,0.012864,-0.101096,-0.992299,0.846289,-0.843811,0.024203,0.005882,0.020957,0.422335,0.906178,0.728851,-0.708658,0.930283
1314,10.950000,-0.027815,-0.005724,-0.401200,-0.915550,0.589470,-0.594340,0.028687,0.070378,0.012833,-0.101123,-0.992299,0.846289,-0.843812,0.024206,0.005894,0.020959,0.422429,0.906134,0.728872,-0.708640,0.930277
1315,10.958333,-0.027875,-0.005781,-0.401184,-0.915555,0.589478,-0.594344,0.028689,0.070421,0.012839,-0.101113,-0.992296,0.846287,-0.843810,0.024202,0.006340,0.020393,0.422615,0.906058,0.728942,-0.708605,0.930187
1316,10.966667,-0.027903,-0.005782,-0.401208,-0.915544,0.589482,-0.594340,0.028686,0.070397,0.012834,-0.101105,-0.992299,0.846284,-0.843801,0.024203,0.006395,0.020516,0.422733,0.905999,0.728965,-0.708581,0.930162
1317,10.975000,-0.027932,-0.005849,-0.401216,-0.915539,0.589478,-0.594341,0.028696,0.070296,0.012832,-0.101132,-0.992303,0.846283,-0.843805,0.024209,0.006512,0.020410,0.422818,0.905961,0.729003,-0.708568,0.930129
1318,10.983333,-0.027932,-0.005871,-0.401223,-0.915536,0.589484,-0.594341,0.028694,0.070416,0.012863,-0.101130,-0.992295,0.846287,-0.843803,0.024206,0.006400,0.020572,0.422884,0.905928,0.729030,-0.708549,0.930144
1319,10.991667,-0.027954,-0.005895,-0.401258,-0.915520,0.589486,-0.594340,0.028697,0.070484,0.012845,-0.101099,-0.992293,0.846283,-0.843809,0.024198,0.006479,0.020660,0.422938,0.905900,0.729054,-0.708540,0.930112
1320,11.000000,-0.027993,-0.005906,-0.401257,-0.915518,0.589495,-0.594344,0.028697,0.070457,0.012812,-0.101098,-0.992296,0.846287,-0.843807,0.024200,0.006518,0.020600,0.423016,0.905865,0.729077,-0.708518,0.930108
1321,11.008333,-0.027941,-0.005882,-0.401258,-0.915520,0.589494,-0.594341,0.028708,0.070473,0.012839,-0.101123,-0.992292,0.846280,-0.843802,0.024200,0.006387,0.020732,0.423070,0.905837,0.729100,-0.708514,0.930141
1322,11.016667,-0.027971,-0.005925,-0.401256,-0.915520,0.589495,-0.594341,0.028705,0.070508,0.012868,-0.101122,-0.992289,0.846281,-0.843798,0.024203,0.006550,0.020580,0.423166,0.905795,0.729130,-0.708496,0.930095
1323,11.025000,-0.028053,-0.005973,-0.401269,-0.915511,0.589498,-0.594345,0.028701,0.070589,0.012863,-0.101128,-0.992283,0.846281,-0.843795,0.024200,0.006670,0.020546,0.423277,0.905743,0.729175,-0.708470,0.930061
1324,11.033333,-0.028049,-0.005994,-0.401276,-0.915508,0.589493,-0.594340,0.028699,0.070516,0.012855,-0.101077,-0.992293,0.846278,-0.843798,0.024197,0.006890,0.020296,0.423336,0.905719,0.729178,-0.708456,0.930029
1325,11.041667,-0.028147,-0.006065,-0.401280,-0.915503,0.589499,-0.594343,0.028702,0.070554,0.012861,-0.101067,-0.992291,0.846282,-0.843802,0.024199,0.006802,0.020474,0.423427,0.905673,0.729224,-0.708441,0.930039
1326,11.050000,-0.028002,-0.006006,-0.401297,-0.915500,0.589504,-0.594340,0.028704,0.070558,0.012843,-0.101090,-0.992289,0.846285,-0.843797,0.024207,0.006748,0.020476,0.423501,0.905639,0.729237,-0.708425,0.930062
1327,11.058333,-0.027995,-0.005980,-0.401315,-0.915493,0.589506,-0.594341,0.028709,0.070483,0.012811,-0.101081,-0.992296,0.846277,-0.843791,0.024202,0.006064,0.021005,0.423540,0.905613,0.729277,-0.708395,0.930195
1328,11.066667,-0.028052,-0.006010,-0.401343,-0.915478,0.589506,-0.594344,0.028703,0.070588,0.012875,-0.101075,-0.992288,0.846282,-0.843797,0.024203,0.005991,0.021004,0.423599,0.905586,0.729303,-0.708378,0.930220
1329,11.075000,-0.028030,-0.006086,-0.401333,-0.915483,0.589502,-0.594341,0.028712,0.070556,0.012874,-0.101109,-0.992287,0.846279,-0.843787,0.024210,0.005975,0.020975,0.423672,0.905553,0.729327,-0.708362,0.930254
1330,11.083333,-0.028145,-0.006107,-0.401350,-0.915472,0.589505,-0.594343,0.028708,0.070489,0.012843,-0.101102,-0.992293,0.846282,-0.843787,0.024211,0.006119,0.020795,0.423918,0.905441,0.729382,-0.708290,0.930281
1331,11.091667,-0.028104,-0.006085,-0.401350,-0.915473,0.589507,-0.594344,0.028713,0.070498,0.012841,-0.101092,-0.992293,0.846279,-0.843788,0.024209,0.005982,0.021017,0.423948,0.905423,0.729412,-0.708316,0.930294
1332,11.100000,-0.028068,-0.006111,-0.401363,-0.915469,0.589513,-0.594341,0.028710,0.070516,0.012830,-0.101109,-0.992290,0.846282,-0.843787,0.024205,0.005907,0.020900,0.424030,0.905388,0.729428,-0.708266,0.930363
1333,11.108333,-0.028127,-0.006166,-0.401377,-0.915460,0.589516,-0.594342,0.028705,0.070626,0.012864,-0.101153,-0.992278,0.846281,-0.843784,0.024203,0.006080,0.020814,0.424002,0.905402,0.729446,-0.708283,0.930328
1334,11.116667,-0.028166,-0.006196,-0.401398,-0.915450,0.589523,-0.594342,0.028711,0.070581,0.012872,-0.101109,-0.992285,0.846281,-0.843786,0.024205,0.006028,0.020893,0.424101,0.905354,0.729470,-0.708233,0.930363
1335,11.125000,-0.028129,-0.006207,-0.401376,-0.915460,0.589520,-0.594338,0.028715,0.070633,0.012831,-0.101163,-0.992276,0.846280,-0.843781,0.024207,0.006002,0.020879,0.424146,0.905333,0.729484,-0.708237,0.930385
1336,11.133333,-0.028191,-0.006171,-0.401403,-0.915447,0.589526,-0.594342,0.028710,0.070661,0.012858,-0.101164,-0.992274,0.846281,-0.843785,0.024204,0.006014,0.021098,0.424137,0.905333,0.729529,-0.708273,0.930365
1337,11.141667,-0.028163,-0.006197,-0.401421,-0.915440,0.589527,-0.594339,0.028713,0.070614,0.012825,-0.101164,-0.992278,0.846281,-0.843782,0.024208,0.006414,0.020722,0.424191,0.905313,0.729516,-0.708237,0.930322
1338,11.150000,-0.028169,-0.006218,-0.401414,-0.915442,0.589521,-0.594337,0.028719,0.070514,0.012830,-0.101169,-0.992284,0.846281,-0.843776,0.024216,0.006469,0.020918,0.424203,0.905302,0.729558,-0.708284,0.930281
1339,11.158333,-0.028145,-0.006209,-0.401417,-0.915442,0.589529,-0.594339,0.028713,0.070544,0.012831,-0.101172,-0.992282,0.846279,-0.843773,0.024212,0.006450,0.020839,0.424249,0.905283,0.729565,-0.708240,0.930312
1340,11.166667,-0.028219,-0.006233,-0.401400,-0.915447,0.589529,-0.594338,0.028705,0.070635,0.012852,-0.101130,-0.992279,0.846282,-0.843775,0.024208,0.006197,0.021034,0.424141,0.905331,0.729571,-0.708228,0.930265
1341,11.175000,-0.028232,-0.006236,-0.401428,-0.915434,0.589528,-0.594341,0.028713,0.070655,0.012821,-0.101156,-0.992276,0.846281,-0.843779,0.024210,0.006578,0.020558,0.424244,0.905291,0.729611,-0.708263,0.930237
1342,11.183333,-0.028185,-0.006255,-0.401442,-0.915430,0.589528,-0.594341,0.028708,0.070642,0.012842,-0.101150,-0.992277,0.846281,-0.843776,0.024205,0.006509,0.020691,0.424355,0.905236,0.729635,-0.708250,0.930258
1343,11.191667,-0.028198,-0.006227,-0.401442,-0.915429,0.589529,-0.594340,0.028700,0.070653,0.012880,-0.101151,-0.992276,0.846282,-0.843778,0.024204,0.006466,0.020902,0.424396,0.905213,0.729684,-0.708295,0.930230
1344,11.200000,-0.028246,-0.006242,-0.401441,-0.915428,0.589531,-0.594339,0.028702,0.070582,0.012804,-0.101167,-0.992280,0.846282,-0.843775,0.024215,0.006316,0.021006,0.424415,0.905202,0.729699,-0.708297,0.930257
1345,11.208333,-0.028223,-0.006226,-0.401423,-0.915437,0.589532,-0.594340,0.028701,0.070642,0.012850,-0.101164,-0.992275,0.846277,-0.843780,0.024202,0.006318,0.020842,0.424459,0.905185,0.729722,-0.708311,0.930255
1346,11.216667,-0.028186,-0.006205,-0.401442,-0.915430,0.589528,-0.594339,0.028709,0.070572,0.012837,-0.101218,-0.992275,0.846284,-0.843783,0.024210,0.006293,0.020922,0.424468,0.905179,0.729743,-0.708312,0.930257
1347,11.225000,-0.028233,-0.006238,-0.401429,-0.915434,0.589527,-0.594338,0.028700,0.070610,0.012809,-0.101199,-0.992275,0.846278,-0.843781,0.024204,0.006254,0.020912,0.424519,0.905156,0.729755,-0.708324,0.930271
1348,11.233333,-0.028213,-0.006245,-0.401455,-0.915423,0.589530,-0.594344,0.028702,0.070569,0.012835,-0.101204,-0.992277,0.846285,-0.843781,0.024209,0.006248,0.020966,0.424546,0.905142,0.729778,-0.708328,0.930271
1349,11.241667,-0.028253,-0.006261,-0.401470,-0.915415,0.589528,-0.594337,0.028702,0.070486,0.012782,-0.101220,-0.992282,0.846279,-0.843780,0.024209,0.006212,0.020811,0.424575,0.905132,0.729785,-0.708331,0.930282
1350,11.250000,-0.028265,-0.006236,-0.401471,-0.915414,0.589530,-0.594343,0.028703,0.070595,0.012816,-0.101213,-0.992274,0.846283,-0.843780,0.024201,0.006323,0.020722,0.424635,0.905105,0.729814,-0.708346,0.930244
1351,11.258333,-0.028232,-0.006266,-0.401447,-0.915426,0.589531,-0.594338,0.028713,0.070577,0.012792,-0.101200,-0.992277,0.846285,-0.843787,0.024206,0.006350,0.020700,0.424654,0.905097,0.729823,-0.708353,0.930237
1352,11.266667,-0.028255,-0.006231,-0.401453,-0.915422,0.589531,-0.594347,0.028713,0.070569,0.012808,-0.101163,-0.992281,0.846287,-0.843794,0.024206,0.006358,0.020784,0.424681,0.905082,0.729834,-0.708365,0.930238
1353,11.275000,-0.028283,-0.006269,-0.401463,-0.915417,0.589535,-0.594335,0.028704,0.070606,0.012776,-0.101200,-0.992275,0.846286,-0.843792,0.024201,0.006425,0.020783,0.424680,0.905082,0.729841,-0.708372,0.930208
1354,11.283333,-0.028299,-0.006295,-0.401454,-0.915420,0.589536,-0.594341,0.028705,0.070603,0.012813,-0.101197,-0.992275,0.846283,-0.843795,0.024197,0.006378,0.020789,0.424698,0.905074,0.729855,-0.708389,0.930217
1355,11.291667,-0.028250,-0.006250,-0.401453,-0.915423,0.589532,-0.594342,0.028705,0.070695,0.012798,-0.101137,-0.992275,0.846281,-0.843788,0.024194,0.006392,0.020793,0.424714,0.905066,0.729872,-0.708396,0.930204
1356,11.300000,-0.028228,-0.006247,-0.401478,-0.915412,0.589534,-0.594341,0.028710,0.070660,0.012841,-0.101144,-0.992276,0.846282,-0.843790,0.024201,0.006346,0.020769,0.424716,0.905066,0.729876,-0.708414,0.930209
1357,11.308333,-0.028200,-0.006205,-0.401450,-0.915425,0.589536,-0.594345,0.028708,0.070618,0.012875,-0.101145,-0.992279,0.846284,-0.843789,0.024206,0.006234,0.020963,0.424643,0.905097,0.729872,-0.708421,0.930227
1358,11.316667,-0.028249,-0.006206,-0.401470,-0.915416,0.589536,-0.594341,0.028699,0.070554,0.012867,-0.101167,-0.992281,0.846277,-0.843789,0.024199,0.006349,0.020720,0.424700,0.905075,0.729897,-0.708444,0.930198
1359,11.325000,-0.028302,-0.006242,-0.401445,-0.915425,0.589536,-0.594343,0.028709,0.070558,0.012867,-0.101184,-0.992279,0.846277,-0.843788,0.024194,0.006286,0.020768,0.424685,0.905081,0.729900,-0.708464,0.930200
1360,11.333333,-0.028187,-0.006169,-0.401467,-0.915419,0.589533,-0.594347,0.028706,0.070528,0.012845,-0.101164,-0.992284,0.846281,-0.843794,0.024196,0.006285,0.020791,0.424668,0.905088,0.729912,-0.708485,0.930210
1361,11.341667,-0.028338,-0.006271,-0.401438,-0.915426,0.589533,-0.594347,0.028709,0.070552,0.012826,-0.101184,-0.992280,0.846279,-0.843796,0.024194,0.006331,0.020798,0.424636,0.905103,0.729924,-0.708504,0.930203
1362,11.350000,-0.028277,-0.006218,-0.401432,-0.915431,0.589534,-0.594342,0.028704,0.070596,0.012900,-0.101175,-0.992277,0.846284,-0.843799,0.024197,0.006251,0.020769,0.424656,0.905095,0.729936,-0.708531,0.930210
1363,11.358333,-0.028233,-0.006181,-0.401451,-0.915425,0.589531,-0.594348,0.028706,0.070566,0.012868,-0.101177,-0.992279,0.846281,-0.843802,0.024193,0.006145,0.020911,0.424614,0.905112,0.729935,-0.708551,0.930240
1364,11.366667,-0.028329,-0.006237,-0.401445,-0.915424,0.589535,-0.594349,0.028704,0.070516,0.012808,-0.101192,-0.992282,0.846279,-0.843802,0.024192,0.006255,0.020814,0.424639,0.905102,0.729957,-0.708587,0.930218
1365,11.375000,-0.028257,-0.006210,-0.401477,-0.915412,0.589538,-0.594351,0.028705,0.070580,0.012865,-0.101187,-0.992277,0.846278,-0.843806,0.024195,0.006142,0.020827,0.424627,0.905108,0.729961,-0.708611,0.930256
1366,11.383333,-0.028277,-0.006229,-0.401461,-0.915419,0.589533,-0.594349,0.028707,0.070499,0.012830,-0.101208,-0.992281,0.846279,-0.843809,0.024195,0.006133,0.020818,0.424627,0.905108,0.729970,-0.708635,0.930253
1367,11.391667,-0.028279,-0.006209,-0.401464,-0.915417,0.589533,-0.594347,0.028711,0.070410,0.012832,-0.101210,-0.992287,0.846281,-0.843807,0.024200,0.006158,0.020833,0.424644,0.905100,0.729981,-0.708663,0.930250
1368,11.400000,-0.028307,-0.006198,-0.401469,-0.915414,0.589534,-0.594354,0.028703,0.070509,0.012852,-0.101206,-0.992281,0.846280,-0.843809,0.024197,0.006113,0.020820,0.424679,0.905084,0.729989,-0.708703,0.930255
1369,11.408333,-0.028364,-0.006284,-0.401440,-0.915425,0.589539,-0.594351,0.028706,0.070495,0.012826,-0.101219,-0.992281,0.846274,-0.843800,0.024190,0.006202,0.020756,0.424705,0.905072,0.730002,-0.708727,0.930244
1370,11.416667,-0.028384,-0.006294,-0.401471,-0.915410,0.589537,-0.594348,0.028705,0.070456,0.012822,-0.101218,-0.992284,0.846279,-0.843809,0.024199,0.006169,0.020798,0.424722,0.905064,0.730012,-0.708767,0.930258
1371,11.425000,-0.028362,-0.006245,-0.401458,-0.915417,0.589542,-0.594346,0.028711,0.070484,0.012870,-0.101188,-0.992284,0.846284,-0.843808,0.024202,0.006266,0.020700,0.424757,0.905049,0.730026,-0.708803,0.930244
1372,11.433333,-0.028363,-0.006237,-0.401479,-0.915408,0.589541,-0.594352,0.028700,0.070392,0.012811,-0.101208,-0.992289,0.846286,-0.843813,0.024200,0.006250,0.020726,0.424795,0.905031,0.730032,-0.708837,0.930266
1373,11.441667,-0.028378,-0.006258,-0.401493,-0.915401,0.589536,-0.594350,0.028704,0.070282,0.012800,-0.101203,-0.992298,0.846282,-0.843806,0.024203,0.006324,0.020664,0.424846,0.905008,0.730049,-0.708871,0.930259
1374,11.450000,-0.028387,-0.006245,-0.401469,-0.915411,0.589545,-0.594354,0.028711,0.070340,0.012782,-0.101204,-0.992294,0.846281,-0.843803,0.024197,0.006497,0.020634,0.424882,0.904990,0.730067,-0.708903,0.930247
1375,11.458333,-0.028353,-0.006221,-0.401459,-0.915417,0.589547,-0.594355,0.028710,0.070415,0.012804,-0.101202,-0.992288,0.846283,-0.843809,0.024201,0.006582,0.020501,0.424966,0.904953,0.730093,-0.708941,0.930221
1376,11.466667,-0.028425,-0.006319,-0.401468,-0.915410,0.589546,-0.594353,0.028705,0.070403,0.012790,-0.101219,-0.992288,0.846285,-0.843810,0.024197,0.006642,0.020429,0.425016,0.904931,0.730104,-0.708970,0.930223
1377,11.475000,-0.028438,-0.006278,-0.401453,-0.915416,0.589545,-0.594355,0.028711,0.070450,0.012810,-0.101184,-0.992288,0.846286,-0.843808,0.024199,0.006513,0.020554,0.425031,0.904922,0.730104,-0.709000,0.930246
1378,11.483333,-0.028437,-0.006263,-0.401487,-0.915402,0.589543,-0.594350,0.028708,0.070498,0.012830,-0.101197,-0.992283,0.846283,-0.843809,0.024193,0.006525,0.020583,0.425059,0.904908,0.730121,-0.709023,0.930245
1379,11.491667,-0.028422,-0.006328,-0.401484,-0.915403,0.589547,-0.594348,0.028713,0.070389,0.012786,-0.101177,-0.992293,0.846287,-0.843810,0.024197,0.006476,0.020560,0.425111,0.904885,0.730136,-0.709047,0.930262
1380,11.500000,-0.028416,-0.006260,-0.401481,-0.915405,0.589544,-0.594352,0.028705,0.070465,0.012852,-0.101207,-0.992284,0.846282,-0.843809,0.024197,0.006525,0.020512,0.425114,0.904884,0.730137,-0.709076,0.930252
1381,11.508333,-0.028455,-0.006286,-0.401462,-0.915412,0.589547,-0.594354,0.028709,0.070394,0.012827,-0.101190,-0.992291,0.846289,-0.843805,0.024195,0.006497,0.020260,0.425179,0.904859,0.730148,-0.709095,0.930287
1382,11.516667,-0.028423,-0.006311,-0.401471,-0.915409,0.589550,-0.594353,0.028707,0.070490,0.012816,-0.101235,-0.992279,0.846283,-0.843802,0.024190,0.006397,0.020362,0.425174,0.904860,0.730146,-0.709119,0.930310
1383,11.525000,-0.028418,-0.006285,-0.401478,-0.915406,0.589551,-0.594357,0.028708,0.070349,0.012783,-0.101220,-0.992291,0.846285,-0.843802,0.024193,0.006477,0.020272,0.425176,0.904861,0.730149,-0.709149,0.930285
1384,11.533333,-0.028426,-0.006297,-0.401502,-0.915396,0.589551,-0.594355,0.028707,0.070410,0.012786,-0.101228,-0.992286,0.846285,-0.843799,0.024192,0.006487,0.020393,0.425221,0.904837,0.730157,-0.709175,0.930280
1385,11.541667,-0.028420,-0.006237,-0.401494,-0.915400,0.589550,-0.594357,0.028713,0.070351,0.012795,-0.101229,-0.992290,0.846285,-0.843800,0.024198,0.006395,0.020156,0.425257,0.904826,0.730163,-0.709196,0.930332
1386,11.550000,-0.028510,-0.006304,-0.401479,-0.915403,0.589552,-0.594361,0.028710,0.070472,0.012799,-0.101240,-0.992280,0.846285,-0.843803,0.024190,0.006319,0.020060,0.425238,0.904837,0.730150,-0.709221,0.930346
1387,11.558333,-0.028484,-0.006309,-0.401482,-0.915402,0.589550,-0.594361,0.028710,0.070399,0.012759,-0.101230,-0.992287,0.846290,-0.843806,0.024192,0.006261,0.020001,0.425269,0.904824,0.730149,-0.709238,0.930353
1388,11.566667,-0.028498,-0.006311,-0.401498,-0.915395,0.589557,-0.594366,0.028706,0.070448,0.012760,-0.101199,-0.992287,0.846285,-0.843802,0.024184,0.006259,0.020069,0.425265,0.904825,0.730149,-0.709269,0.930343
1389,11.575000,-0.028537,-0.006342,-0.401499,-0.915393,0.589551,-0.594364,0.028708,0.070414,0.012768,-0.101189,-0.992290,0.846288,-0.843807,0.024184,0.006295,0.020003,0.425312,0.904804,0.730151,-0.709285,0.930346
1390,11.583333,-0.028491,-0.006286,-0.401505,-0.915392,0.589555,-0.594363,0.028704,0.070436,0.012766,-0.101198,-0.992288,0.846289,-0.843807,0.024185,0.006250,0.019994,0.425352,0.904785,0.730147,-0.709316,0.930341
1391,11.591667,-0.028527,-0.006349,-0.401500,-0.915393,0.589553,-0.594366,0.028701,0.070455,0.012748,-0.101172,-0.992289,0.846291,-0.843806,0.024186,0.006223,0.019928,0.425365,0.904781,0.730142,-0.709346,0.930367
1392,11.600000,-0.028488,-0.006307,-0.401505,-0.915392,0.589547,-0.594364,0.028703,0.070417,0.012802,-0.101156,-0.992293,0.846291,-0.843801,0.024180,0.006010,0.020035,0.425295,0.904813,0.730117,-0.709318,0.930378
1393,11.608333,-0.028483,-0.006304,-0.401480,-0.915403,0.589550,-0.594361,0.028702,0.070483,0.012790,-0.101196,-0.992284,0.846289,-0.843804,0.024177,0.006108,0.020004,0.425245,0.904836,0.730093,-0.709375,0.930354
1394,11.616667,-0.028545,-0.006333,-0.401486,-0.915398,0.589549,-0.594358,0.028695,0.070465,0.012828,-0.101197,-0.992285,0.846293,-0.843810,0.024184,0.005958,0.019816,0.425295,0.904818,0.730082,-0.709394,0.930426
1395,11.625000,-0.028518,-0.006331,-0.401469,-0.915407,0.589548,-0.594368,0.028700,0.070529,0.012842,-0.101179,-0.992282,0.846290,-0.843812,0.024183,0.006003,0.019674,0.425290,0.904824,0.730072,-0.709418,0.930426
1396,11.633333,-0.028579,-0.006306,-0.401486,-0.915398,0.589551,-0.594365,0.028699,0.070485,0.012825,-0.101168,-0.992287,0.846293,-0.843812,0.024177,0.006078,0.019870,0.425271,0.904827,0.730051,-0.709450,0.930379
1397,11.641667,-0.028515,-0.006286,-0.401496,-0.915395,0.589551,-0.594363,0.028706,0.070532,0.012761,-0.101180,-0.992283,0.846290,-0.843813,0.024175,0.006122,0.019757,0.425273,0.904829,0.730040,-0.709486,0.930390
1398,11.650000,-0.028532,-0.006335,-0.401493,-0.915396,0.589546,-0.594364,0.028704,0.070539,0.012784,-0.101154,-0.992285,0.846292,-0.843813,0.024173,0.006161,0.019845,0.425246,0.904839,0.730026,-0.709515,0.930374
1399,11.658333,-0.028497,-0.006307,-0.401475,-0.915405,0.589550,-0.594357,0.028705,0.070574,0.012803,-0.101171,-0.992280,0.846298,-0.843810,0.024180,0.006023,0.019686,0.425276,0.904830,0.730021,-0.709524,0.930454
1400,11.666667,-0.028499,-0.006311,-0.401474,-0.915405,0.589557,-0.594357,0.028703,0.070495,0.012802,-0.101183,-0.992285,0.846291,-0.843808,0.024175,0.005993,0.019569,0.425252,0.904844,0.729998,-0.709552,0.930478
1401,11.675000,-0.028464,-0.006272,-0.401483,-0.915403,0.589553,-0.594358,0.028707,0.070404,0.012785,-0.101186,-0.992291,0.846295,-0.843806,0.024183,0.006289,0.019395,0.425316,0.904815,0.729999,-0.709646,0.930462
1402,11.683333,-0.028487,-0.006302,-0.401469,-0.915408,0.589555,-0.594358,0.028693,0.070385,0.012770,-0.101161,-0.992295,0.846288,-0.843805,0.024182,0.006305,0.019292,0.425313,0.904819,0.729981,-0.709679,0.930450
1403,11.691667,-0.028489,-0.006253,-0.401475,-0.915406,0.589555,-0.594353,0.028703,0.070375,0.012771,-0.101205,-0.992291,0.846293,-0.843803,0.024176,0.006361,0.019123,0.425293,0.904831,0.729965,-0.709720,0.930454
1404,11.700000,-0.028471,-0.006269,-0.401443,-0.915420,0.589552,-0.594354,0.028705,0.070303,0.012802,-0.101190,-0.992298,0.846294,-0.843805,0.024180,0.006297,0.019298,0.425232,0.904857,0.729933,-0.709765,0.930475
1405,11.708333,-0.028454,-0.006263,-0.401452,-0.915416,0.589551,-0.594355,0.028699,0.070344,0.012800,-0.101191,-0.992294,0.846292,-0.843804,0.024179,0.006222,0.019466,0.425230,0.904855,0.729896,-0.709800,0.930507
1406,11.716667,-0.028450,-0.006217,-0.401445,-0.915420,0.589555,-0.594358,0.028696,0.070289,0.012809,-0.101166,-0.992301,0.846293,-0.843805,0.024184,0.006167,0.019629,0.425173,0.904878,0.729868,-0.709852,0.930525
1407,11.725000,-0.028421,-0.006216,-0.401435,-0.915425,0.589550,-0.594359,0.028702,0.070325,0.012797,-0.101197,-0.992295,0.846294,-0.843808,0.024184,0.006143,0.019607,0.425168,0.904881,0.729836,-0.709897,0.930541
1408,11.733333,-0.028458,-0.006189,-0.401434,-0.915425,0.589547,-0.594362,0.028694,0.070299,0.012797,-0.101177,-0.992299,0.846294,-0.843806,0.024181,0.006123,0.019573,0.425170,0.904881,0.729790,-0.709942,0.930563
1409,11.741667,-0.028388,-0.006158,-0.401436,-0.915426,0.589539,-0.594352,0.028711,0.070337,0.012846,-0.101170,-0.992297,0.846294,-0.843811,0.024179,0.006026,0.019620,0.425052,0.904936,0.729724,-0.710007,0.930594
1410,11.750000,-0.028319,-0.006168,-0.401433,-0.915430,0.589536,-0.594354,0.028712,0.070361,0.012825,-0.101166,-0.992296,0.846289,-0.843812,0.024174,0.006155,0.019261,0.425114,0.904914,0.729667,-0.710025,0.930617
1411,11.758333,-0.028318,-0.006139,-0.401434,-0.915430,0.589541,-0.594354,0.028707,0.070318,0.012829,-0.101198,-0.992295,0.846285,-0.843810,0.024169,0.006375,0.019027,0.425132,0.904909,0.729634,-0.710077,0.930568
1412,11.766667,-0.028258,-0.006116,-0.401437,-0.915430,0.589532,-0.594354,0.028707,0.070227,0.012814,-0.101203,-0.992301,0.846296,-0.843813,0.024189,0.006344,0.019101,0.425118,0.904914,0.729586,-0.710121,0.930597
1413,11.775000,-0.028302,-0.006079,-0.401419,-0.915437,0.589534,-0.594359,0.028707,0.070282,0.012800,-0.101225,-0.992295,0.846289,-0.843810,0.024177,0.006474,0.019189,0.425108,0.904916,0.729547,-0.710178,0.930561
1414,11.783333,-0.028217,-0.006030,-0.401411,-0.915443,0.589533,-0.594354,0.028705,0.070228,0.012831,-0.101238,-0.992297,0.846289,-0.843808,0.024183,0.006548,0.019256,0.425108,0.904914,0.729504,-0.710219,0.930542
1415,11.791667,-0.028267,-0.006030,-0.401395,-0.915449,0.589532,-0.594356,0.028699,0.070197,0.012848,-0.101249,-0.992298,0.846287,-0.843809,0.024185,0.006670,0.019511,0.424983,0.904966,0.729455,-0.710304,0.930456
1416,11.800000,-0.028268,-0.005999,-0.401436,-0.915431,0.589522,-0.594359,0.028698,0.070123,0.012803,-0.101246,-0.992304,0.846287,-0.843808,0.024190,0.007453,0.018917,0.425051,0.904941,0.729458,-0.710366,0.930262
1417,11.808333,-0.028234,-0.005980,-0.401396,-0.915450,0.589522,-0.594361,0.028703,0.070263,0.012856,-0.101223,-0.992296,0.846288,-0.843823,0.024177,0.006713,0.019593,0.424931,0.904989,0.729371,-0.710425,0.930386
1418,11.816667,-0.028213,-0.005915,-0.401413,-0.915443,0.589513,-0.594358,0.028693,0.070222,0.012868,-0.101222,-0.992299,0.846292,-0.843818,0.024173,0.006647,0.019831,0.424868,0.905014,0.729352,-0.710543,0.930317
1419,11.825000,-0.028200,-0.005926,-0.401399,-0.915450,0.589518,-0.594360,0.028699,0.070093,0.012902,-0.101235,-0.992306,0.846289,-0.843821,0.024181,0.006570,0.019757,0.424852,0.905024,0.729307,-0.710591,0.930317
1420,11.833333,-0.028253,-0.005906,-0.401366,-0.915463,0.589512,-0.594362,0.028693,0.069958,0.012816,-0.101244,-0.992316,0.846287,-0.843817,0.024182,0.006561,0.019589,0.424800,0.905052,0.729255,-0.710655,0.930305
1421,11.841667,-0.028127,-0.005803,-0.401360,-0.915470,0.589506,-0.594360,0.028693,0.070121,0.012874,-0.101321,-0.992296,0.846287,-0.843821,0.024172,0.006440,0.019574,0.424781,0.905062,0.729206,-0.710703,0.930318
1422,11.850000,-0.028132,-0.005810,-0.401378,-0.915462,0.589503,-0.594363,0.028702,0.069922,0.012828,-0.101295,-0.992313,0.846286,-0.843826,0.024188,0.006229,0.019801,0.424687,0.905102,0.729137,-0.710763,0.930389
1423,11.858333,-0.028068,-0.005692,-0.401349,-0.915477,0.589506,-0.594368,0.028701,0.069967,0.012881,-0.101305,-0.992308,0.846291,-0.843828,0.024186,0.006342,0.019575,0.424717,0.905092,0.729102,-0.710795,0.930378
1424,11.866667,-0.028154,-0.005753,-0.401331,-0.915482,0.589499,-0.594368,0.028698,0.070012,0.012882,-0.101285,-0.992307,0.846294,-0.843835,0.024177,0.006328,0.019547,0.424693,0.905104,0.729051,-0.710845,0.930400
1425,11.875000,-0.027971,-0.005644,-0.401344,-0.915483,0.589492,-0.594360,0.028707,0.069874,0.012859,-0.101311,-0.992315,0.846292,-0.843834,0.024193,0.006324,0.019558,0.424631,0.905133,0.728984,-0.710895,0.930422
1426,11.883333,-0.028045,-0.005655,-0.401327,-0.915488,0.589494,-0.594362,0.028701,0.069860,0.012897,-0.101338,-0.992312,0.846288,-0.843831,0.024196,0.006347,0.019508,0.424573,0.905161,0.728925,-0.710946,0.930421
1427,11.891667,-0.027995,-0.005590,-0.401287,-0.915508,0.589488,-0.594364,0.028700,0.069908,0.012854,-0.101308,-0.992313,0.846290,-0.843832,0.024193,0.006412,0.019394,0.424523,0.905187,0.728878,-0.710987,0.930405
1428,11.900000,-0.028030,-0.005596,-0.401289,-0.915506,0.589484,-0.594366,0.028701,0.069926,0.012876,-0.101319,-0.992310,0.846287,-0.843832,0.024185,0.006526,0.019223,0.424499,0.905201,0.728827,-0.711028,0.930377
1429,11.908333,-0.027996,-0.005584,-0.401278,-0.915512,0.589481,-0.594359,0.028693,0.070046,0.012871,-0.101311,-0.992302,0.846283,-0.843838,0.024187,0.006392,0.019227,0.424442,0.905228,0.728773,-0.711055,0.930404
1430,11.916667,-0.028016,-0.005554,-0.401284,-0.915508,0.589480,-0.594367,0.028696,0.069883,0.012876,-0.101278,-0.992317,0.846281,-0.843833,0.024187,0.006489,0.019186,0.424360,0.905267,0.728714,-0.711118,0.930370
1431,11.925000,-0.028001,-0.005558,-0.401275,-0.915512,0.589471,-0.594362,0.028693,0.069918,0.012878,-0.101331,-0.992309,0.846285,-0.843837,0.024192,0.006664,0.018867,0.424239,0.905329,0.728642,-0.711163,0.930353
1432,11.933333,-0.028027,-0.005525,-0.401277,-0.915511,0.589468,-0.594368,0.028697,0.069853,0.012856,-0.101326,-0.992315,0.846280,-0.843836,0.024193,0.006582,0.018846,0.424140,0.905377,0.728583,-0.711214,0.930351
1433,11.941667,-0.028022,-0.005521,-0.401279,-0.915511,0.589458,-0.594364,0.028690,0.069880,0.012921,-0.101333,-0.992311,0.846280,-0.843839,0.024191,0.006726,0.018669,0.424102,0.905397,0.728540,-0.711239,0.930321
1434,11.950000,-0.027949,-0.005481,-0.401254,-0.915524,0.589460,-0.594366,0.028688,0.069856,0.012950,-0.101328,-0.992313,0.846281,-0.843847,0.024186,0.006486,0.018731,0.424024,0.905434,0.728469,-0.711291,0.930367
1435,11.958333,-0.028042,-0.005524,-0.401223,-0.915535,0.589455,-0.594362,0.028697,0.069898,0.012927,-0.101280,-0.992315,0.846280,-0.843846,0.024181,0.006422,0.018803,0.423992,0.905448,0.728409,-0.711347,0.930413
1436,11.966667,-0.027896,-0.005430,-0.401232,-0.915536,0.589451,-0.594359,0.028695,0.069883,0.012902,-0.101275,-0.992317,0.846278,-0.843850,0.024183,0.006542,0.018548,0.423941,0.905476,0.728342,-0.711378,0.930413
1437,11.975000,-0.027955,-0.005435,-0.401237,-0.915532,0.589448,-0.594362,0.028686,0.069839,0.012906,-0.101275,-0.992320,0.846282,-0.843843,0.024181,0.006613,0.018392,0.423918,0.905490,0.728288,-0.711409,0.930409
1438,11.983333,-0.027927,-0.005474,-0.401212,-0.915543,0.589450,-0.594358,0.028689,0.069829,0.012947,-0.101290,-0.992319,0.846273,-0.843843,0.024190,0.006582,0.018319,0.423821,0.905537,0.728210,-0.711463,0.930409
1439,11.991667,-0.027883,-0.005407,-0.401225,-0.915539,0.589449,-0.594363,0.028683,0.069798,0.012913,-0.101296,-0.992321,0.846276,-0.843841,0.024182,0.006680,0.018108,0.423847,0.905528,0.728156,-0.711485,0.930420
1440,12.000000,-0.027888,-0.005379,-0.401245,-0.915530,0.589448,-0.594361,0.028692,0.069874,0.012944,-0.101303,-0.992314,0.846278,-0.843843,0.024196,0.005862,0.018862,0.423654,0.905609,0.728030,-0.711515,0.930618
1441,12.008333,-0.027870,-0.005384,-0.401237,-0.915534,0.589444,-0.594358,0.028691,0.069780,0.012910,-0.101302,-0.992322,0.846273,-0.843843,0.024192,0.006188,0.018773,0.423687,0.905593,0.727990,-0.711543,0.930569
1442,12.016667,-0.027894,-0.005409,-0.401251,-0.915527,0.589446,-0.594354,0.028685,0.069886,0.012946,-0.101349,-0.992309,0.846274,-0.843836,0.024195,0.006179,0.018686,0.423708,0.905585,0.727935,-0.711569,0.930593
1443,12.025000,-0.027892,-0.005446,-0.401231,-0.915536,0.589444,-0.594356,0.028692,0.069906,0.012951,-0.101318,-0.992311,0.846272,-0.843839,0.024194,0.006163,0.018580,0.423703,0.905590,0.727855,-0.711587,0.930647
1444,12.033333,-0.027910,-0.005395,-0.401240,-0.915532,0.589447,-0.594358,0.028684,0.069832,0.012917,-0.101319,-0.992316,0.846270,-0.843841,0.024182,0.006442,0.018224,0.423721,0.905586,0.727807,-0.711614,0.930628
1445,12.041667,-0.027894,-0.005420,-0.401237,-0.915534,0.589449,-0.594351,0.028689,0.069947,0.012953,-0.101295,-0.992310,0.846267,-0.843840,0.024177,0.006468,0.018248,0.423708,0.905592,0.727759,-0.711642,0.930630
1446,12.050000,-0.027844,-0.005343,-0.401238,-0.915535,0.589448,-0.594353,0.028682,0.069926,0.012968,-0.101329,-0.992308,0.846269,-0.843835,0.024177,0.006483,0.018277,0.423689,0.905600,0.727699,-0.711663,0.930636
1447,12.058333,-0.027898,-0.005355,-0.401228,-0.915538,0.589444,-0.594352,0.028683,0.069875,0.012967,-0.101297,-0.992315,0.846272,-0.843844,0.024180,0.006626,0.018104,0.423702,0.905596,0.727661,-0.711677,0.930612
1448,12.066667,-0.027753,-0.005310,-0.401242,-0.915536,0.589445,-0.594349,0.028684,0.069987,0.012993,-0.101311,-0.992305,0.846267,-0.843840,0.024179,0.006659,0.017974,0.423744,0.905579,0.727622,-0.711684,0.930597
1449,12.075000,-0.027899,-0.005355,-0.401235,-0.915535,0.589443,-0.594353,0.028677,0.069969,0.012973,-0.101324,-0.992305,0.846265,-0.843845,0.024169,0.006635,0.017919,0.423738,0.905583,0.727585,-0.711691,0.930601
1450,12.083333,-0.027836,-0.005407,-0.401230,-0.915539,0.589437,-0.594348,0.028684,0.069893,0.013002,-0.101323,-0.992310,0.846267,-0.843836,0.024180,0.006820,0.017589,0.423738,0.905588,0.727546,-0.711701,0.930569
1451,12.091667,-0.027784,-0.005321,-0.401217,-0.915546,0.589441,-0.594347,0.028681,0.069994,0.012994,-0.101362,-0.992299,0.846268,-0.843842,0.024183,0.006706,0.017469,0.423755,0.905584,0.727501,-0.711710,0.930617
1452,12.100000,-0.027855,-0.005338,-0.401222,-0.915542,0.589440,-0.594348,0.028677,0.069811,0.012995,-0.101330,-0.992315,0.846267,-0.843837,0.024188,0.006769,0.017390,0.423765,0.905580,0.727468,-0.711718,0.930613
1453,12.108333,-0.027860,-0.005341,-0.401216,-0.915544,0.589440,-0.594346,0.028675,0.069917,0.012980,-0.101308,-0.992310,0.846266,-0.843837,0.024177,0.006825,0.017346,0.423757,0.905584,0.727440,-0.711742,0.930599
1454,12.116667,-0.027849,-0.005324,-0.401212,-0.915546,0.589439,-0.594352,0.028684,0.069927,0.012983,-0.101334,-0.992307,0.846268,-0.843835,0.024185,0.006829,0.017283,0.423769,0.905580,0.727401,-0.711743,0.930618
1455,12.125000,-0.027824,-0.005313,-0.401204,-0.915551,0.589438,-0.594349,0.028680,0.069972,0.013026,-0.101299,-0.992307,0.846267,-0.843837,0.024183,0.006870,0.017144,0.423773,0.905580,0.727368,-0.711752,0.930616
1456,12.133333,-0.027843,-0.005302,-0.401221,-0.915543,0.589437,-0.594350,0.028679,0.069937,0.012994,-0.101308,-0.992309,0.846268,-0.843839,0.024182,0.006899,0.017156,0.423792,0.905571,0.727337,-0.711766,0.930625
1457,12.141667,-0.027781,-0.005277,-0.401224,-0.915543,0.589443,-0.594352,0.028672,0.069973,0.012981,-0.101258,-0.992312,0.846274,-0.843837,0.024182,0.007028,0.017023,0.423791,0.905573,0.727314,-0.711773,0.930610
1458,12.150000,-0.027873,-0.005334,-0.401205,-0.915548,0.589440,-0.594350,0.028671,0.069983,0.012995,-0.101274,-0.992309,0.846272,-0.843840,0.024181,0.006888,0.017118,0.423794,0.905571,0.727273,-0.711778,0.930637
1459,12.158333,-0.027877,-0.005317,-0.401203,-0.915550,0.589440,-0.594351,0.028672,0.069954,0.012989,-0.101295,-0.992309,0.846268,-0.843843,0.024180,0.006982,0.017071,0.423684,0.905622,0.727216,-0.711814,0.930616
1460,12.166667,-0.027860,-0.005275,-0.401207,-0.915548,0.589442,-0.594345,0.028673,0.069898,0.012970,-0.101339,-0.992309,0.846268,-0.843838,0.024185,0.007101,0.016914,0.423694,0.905620,0.727186,-0.711814,0.930618
1461,12.175000,-0.027859,-0.005324,-0.401196,-0.915553,0.589435,-0.594345,0.028675,0.069880,0.013022,-0.101323,-0.992311,0.846266,-0.843832,0.024186,0.007036,0.017106,0.423653,0.905635,0.727144,-0.711837,0.930625
1462,12.183333,-0.027861,-0.005316,-0.401188,-0.915556,0.589440,-0.594347,0.028667,0.069847,0.012964,-0.101279,-0.992319,0.846270,-0.843829,0.024189,0.007006,0.017064,0.423661,0.905633,0.727113,-0.711847,0.930638
1463,12.191667,-0.027863,-0.005333,-0.401198,-0.915552,0.589436,-0.594349,0.028673,0.069954,0.013019,-0.101342,-0.992304,0.846266,-0.843833,0.024191,0.007219,0.016851,0.423654,0.905639,0.727093,-0.711855,0.930610
1464,12.200000,-0.027836,-0.005337,-0.401198,-0.915553,0.589437,-0.594349,0.028672,0.070035,0.013003,-0.101311,-0.992301,0.846268,-0.843838,0.024183,0.007044,0.016951,0.423628,0.905650,0.727053,-0.711868,0.930653
1465,12.208333,-0.027876,-0.005354,-0.401177,-0.915561,0.589437,-0.594352,0.028675,0.069972,0.013003,-0.101294,-0.992308,0.846265,-0.843836,0.024186,0.007147,0.016867,0.423598,0.905665,0.727028,-0.711883,0.930636
1466,12.216667,-0.027849,-0.005349,-0.401188,-0.915557,0.589438,-0.594347,0.028676,0.069992,0.013012,-0.101309,-0.992305,0.846267,-0.843836,0.024187,0.007165,0.016881,0.423593,0.905667,0.727009,-0.711910,0.930629
1467,12.225000,-0.027838,-0.005351,-0.401212,-0.915547,0.589440,-0.594346,0.028675,0.069941,0.012975,-0.101324,-0.992307,0.846266,-0.843835,0.024191,0.007245,0.016802,0.423558,0.905684,0.726983,-0.711913,0.930605
1468,12.233333,-0.027916,-0.005361,-0.401213,-0.915544,0.589440,-0.594346,0.028672,0.069967,0.012965,-0.101285,-0.992309,0.846265,-0.843840,0.024187,0.007217,0.016923,0.423460,0.905728,0.726944,-0.711947,0.930623
1469,12.241667,-0.027885,-0.005304,-0.401182,-0.915558,0.589445,-0.594351,0.028671,0.070016,0.012990,-0.101294,-0.992305,0.846272,-0.843836,0.024185,0.007178,0.016947,0.423448,0.905733,0.726921,-0.711959,0.930647
1470,12.250000,-0.027843,-0.005270,-0.401176,-0.915563,0.589442,-0.594347,0.028672,0.069998,0.012973,-0.101252,-0.992311,0.846269,-0.843840,0.024186,0.007281,0.016883,0.423430,0.905742,0.726907,-0.711977,0.930623
1471,12.258333,-0.027899,-0.005347,-0.401187,-0.915556,0.589442,-0.594349,0.028668,0.070005,0.012996,-0.101249,-0.992310,0.846276,-0.843837,0.024186,0.007328,0.017146,0.423409,0.905747,0.726892,-0.711993,0.930570
1472,12.266667,-0.027848,-0.005303,-0.401180,-0.915560,0.589448,-0.594350,0.028671,0.070036,0.012986,-0.101280,-0.992305,0.846273,-0.843841,0.024178,0.007303,0.017086,0.423385,0.905759,0.726863,-0.712007,0.930581
1473,12.275000,-0.027818,-0.005276,-0.401199,-0.915553,0.589442,-0.594354,0.028664,0.069950,0.012978,-0.101235,-0.992316,0.846271,-0.843836,0.024185,0.007418,0.017026,0.423406,0.905750,0.726853,-0.712025,0.930561
1474,12.283333,-0.027844,-0.005301,-0.401205,-0.915550,0.589441,-0.594351,0.028666,0.069939,0.012997,-0.101239,-0.992316,0.846271,-0.843834,0.024182,0.007333,0.016951,0.423362,0.905772,0.726824,-0.712028,0.930596
1475,12.291667,-0.027810,-0.005267,-0.401183,-0.915560,0.589440,-0.594353,0.028670,0.069972,0.013018,-0.101254,-0.992312,0.846271,-0.843838,0.024184,0.007354,0.017217,0.423375,0.905761,0.726809,-0.712071,0.930565
1476,12.300000,-0.027780,-0.005251,-0.401200,-0.915554,0.589438,-0.594348,0.028672,0.069896,0.012965,-0.101299,-0.992313,0.846270,-0.843836,0.024183,0.007428,0.016871,0.423385,0.905762,0.726783,-0.712070,0.930586
1477,12.308333,-0.027837,-0.005308,-0.401185,-0.915559,0.589437,-0.594349,0.028668,0.069929,0.012994,-0.101313,-0.992309,0.846269,-0.843842,0.024188,0.007307,0.017062,0.423355,0.905774,0.726760,-0.712086,0.930611
1478,12.316667,-0.027738,-0.005228,-0.401196,-0.915557,0.589438,-0.594351,0.028668,0.069913,0.013000,-0.101297,-0.992312,0.846272,-0.843837,0.024184,0.007453,0.016762,0.423303,0.905802,0.726727,-0.712126,0.930589
1479,12.325000,-0.027749,-0.005260,-0.401208,-0.915552,0.589439,-0.594347,0.028667,0.069909,0.012990,-0.101340,-0.992308,0.846270,-0.843844,0.024190,0.007373,0.016873,0.423382,0.905764,0.726714,-0.712129,0.930616
1480,12.333333,-0.027776,-0.005251,-0.401195,-0.915556,0.589438,-0.594349,0.028665,0.069926,0.012995,-0.101283,-0.992312,0.846267,-0.843840,0.024187,0.007450,0.016889,0.423289,0.905806,0.726681,-0.712187,0.930592
1481,12.341667,-0.027863,-0.005308,-0.401195,-0.915554,0.589440,-0.594351,0.028667,0.070013,0.013030,-0.101298,-0.992304,0.846268,-0.843838,0.024188,0.006631,0.017691,0.423141,0.905867,0.726598,-0.712225,0.930776
1482,12.350000,-0.027790,-0.005253,-0.401186,-0.915560,0.589438,-0.594354,0.028666,0.069960,0.012987,-0.101282,-0.992310,0.846267,-0.843837,0.024186,0.006670,0.017602,0.423146,0.905866,0.726574,-0.712251,0.930777
1483,12.358333,-0.027788,-0.005231,-0.401193,-0.915557,0.589444,-0.594347,0.028666,0.069919,0.013037,-0.101307,-0.992310,0.846265,-0.843832,0.024190,0.006644,0.017571,0.423169,0.905856,0.726546,-0.712279,0.930819
1484,12.366667,-0.027892,-0.005287,-0.401201,-0.915550,0.589439,-0.594350,0.028664,0.069988,0.013017,-0.101328,-0.992303,0.846261,-0.843832,0.024184,0.006625,0.017507,0.423190,0.905848,0.726516,-0.712302,0.930830
1485,12.375000,-0.027846,-0.005294,-0.401183,-0.915559,0.589434,-0.594346,0.028671,0.069988,0.013003,-0.101287,-0.992307,0.846264,-0.843832,0.024182,0.006650,0.017384,0.423169,0.905860,0.726480,-0.712332,0.930845
1486,12.383333,-0.027790,-0.005304,-0.401170,-0.915567,0.589433,-0.594348,0.028673,0.070002,0.013020,-0.101291,-0.992306,0.846257,-0.843832,0.024177,0.006786,0.017295,0.423175,0.905858,0.726459,-0.712349,0.930826
1487,12.391667,-0.027892,-0.005280,-0.401176,-0.915561,0.589435,-0.594354,0.028667,0.069956,0.013012,-0.101298,-0.992308,0.846262,-0.843836,0.024182,0.006766,0.017295,0.423206,0.905843,0.726441,-0.712380,0.930828
1488,12.400000,-0.027863,-0.005276,-0.401184,-0.915558,0.589436,-0.594350,0.028668,0.069884,0.012969,-0.101295,-0.992314,0.846262,-0.843836,0.024191,0.006841,0.017215,0.423238,0.905829,0.726428,-0.712400,0.930812
1489,12.408333,-0.027844,-0.005263,-0.401185,-0.915559,0.589436,-0.594352,0.028672,0.069777,0.013045,-0.101282,-0.992322,0.846271,-0.843829,0.024194,0.006779,0.017383,0.423253,0.905819,0.726416,-0.712429,0.930826
1490,12.416667,-0.027810,-0.005292,-0.401189,-0.915558,0.589438,-0.594349,0.028672,0.069856,0.013000,-0.101343,-0.992311,0.846261,-0.843836,0.024189,0.006830,0.017237,0.423260,0.905819,0.726394,-0.712451,0.930826
1491,12.425000,-0.027843,-0.005303,-0.401182,-0.915560,0.589433,-0.594350,0.028673,0.069874,0.013019,-0.101306,-0.992313,0.846259,-0.843834,0.024184,0.006919,0.017145,0.423291,0.905805,0.726383,-0.712475,0.930805
1492,12.433333,-0.027850,-0.005294,-0.401194,-0.915555,0.589438,-0.594352,0.028669,0.069846,0.013049,-0.101348,-0.992310,0.846263,-0.843834,0.024193,0.006753,0.017379,0.423218,0.905836,0.726356,-0.712461,0.930801
1493,12.441667,-0.027773,-0.005270,-0.401185,-0.915561,0.589441,-0.594341,0.028677,0.069904,0.013064,-0.101318,-0.992309,0.846263,-0.843830,0.024192,0.006842,0.017302,0.423262,0.905816,0.726357,-0.712484,0.930799
1494,12.450000,-0.027848,-0.005322,-0.401212,-0.915546,0.589446,-0.594349,0.028675,0.069887,0.013003,-0.101354,-0.992307,0.846260,-0.843833,0.024190,0.006831,0.017401,0.423275,0.905808,0.726341,-0.712515,0.930812
1495,12.458333,-0.027818,-0.005318,-0.401180,-0.915561,0.589438,-0.594345,0.028682,0.069809,0.012974,-0.101360,-0.992313,0.846259,-0.843836,0.024192,0.007193,0.017509,0.423155,0.905859,0.726330,-0.712615,0.930668
1496,12.466667,-0.027788,-0.005285,-0.401184,-0.915561,0.589447,-0.594343,0.028676,0.069847,0.013055,-0.101338,-0.992311,0.846262,-0.843828,0.024193,0.007217,0.017512,0.423213,0.905832,0.726322,-0.712637,0.930650
1497,12.475000,-0.027795,-0.005277,-0.401186,-0.915560,0.589449,-0.594342,0.028674,0.069715,0.013021,-0.101359,-0.992319,0.846263,-0.843831,0.024196,0.007257,0.017480,0.423255,0.905813,0.726325,-0.712663,0.930667
1498,12.483333,-0.027834,-0.005309,-0.401185,-0.915559,0.589445,-0.594347,0.028672,0.069765,0.013026,-0.101357,-0.992316,0.846261,-0.843836,0.024195,0.007352,0.017262,0.423264,0.905812,0.726328,-0.712711,0.930648
1499,12.491667,-0.027849,-0.005349,-0.401192,-0.915555,0.589447,-0.594347,0.028673,0.069828,0.013040,-0.101357,-0.992311,0.846260,-0.843832,0.024187,0.007320,0.017185,0.423295,0.905799,0.726323,-0.712732,0.930666
1500,12.500000,-0.027871,-0.005300,-0.401190,-0.915556,0.589449,-0.594349,0.028679,0.069890,0.013026,-0.101343,-0.992308,0.846260,-0.843841,0.024188,0.007428,0.017115,0.423323,0.905786,0.726324,-0.712768,0.930624
1501,12.508333,-0.027876,-0.005321,-0.401186,-0.915557,0.589448,-0.594349,0.028676,0.069749,0.012965,-0.101315,-0.992322,0.846252,-0.843835,0.024192,0.007393,0.017102,0.423329,0.905784,0.726317,-0.712788,0.930639
1502,12.516667,-0.027834,-0.005291,-0.401185,-0.915559,0.589448,-0.594344,0.028671,0.069804,0.013015,-0.101376,-0.992311,0.846261,-0.843834,0.024192,0.007281,0.017196,0.423337,0.905780,0.726320,-0.712817,0.930659
1503,12.525000,-0.027859,-0.005338,-0.401183,-0.915559,0.589446,-0.594348,0.028676,0.069838,0.013058,-0.101362,-0.992309,0.846257,-0.843834,0.024187,0.007254,0.017151,0.423334,0.905783,0.726312,-0.712840,0.930646
1504,12.533333,-0.027872,-0.005316,-0.401205,-0.915549,0.589445,-0.594349,0.028667,0.069805,0.013023,-0.101366,-0.992312,0.846256,-0.843835,0.024191,0.007314,0.017036,0.423372,0.905766,0.726305,-0.712869,0.930648
1505,12.541667,-0.027955,-0.005349,-0.401182,-0.915556,0.589449,-0.594344,0.028672,0.069815,0.013037,-0.101341,-0.992313,0.846261,-0.843836,0.024189,0.007329,0.016974,0.423433,0.905739,0.726332,-0.712945,0.930641
1506,12.550000,-0.027920,-0.005353,-0.401202,-0.915549,0.589451,-0.594349,0.028674,0.069740,0.013039,-0.101356,-0.992317,0.846264,-0.843835,0.024193,0.007291,0.016926,0.423450,0.905732,0.726326,-0.712968,0.930626
1507,12.558333,-0.027898,-0.005332,-0.401202,-0.915549,0.589449,-0.594348,0.028675,0.069781,0.013071,-0.101373,-0.992312,0.846262,-0.843833,0.024190,0.007157,0.017088,0.423401,0.905753,0.726296,-0.712947,0.930676
1508,12.566667,-0.027954,-0.005343,-0.401190,-0.915553,0.589447,-0.594347,0.028673,0.069728,0.013035,-0.101408,-0.992313,0.846262,-0.843837,0.024194,0.007180,0.017090,0.423489,0.905712,0.726308,-0.713031,0.930665
1509,12.575000,-0.027942,-0.005265,-0.401210,-0.915545,0.589451,-0.594353,0.028664,0.069759,0.013021,-0.101367,-0.992315,0.846265,-0.843840,0.024194,0.007115,0.017140,0.423530,0.905692,0.726309,-0.713059,0.930665
1510,12.583333,-0.027986,-0.005361,-0.401187,-0.915553,0.589440,-0.594349,0.028674,0.069714,0.013053,-0.101360,-0.992318,0.846261,-0.843845,0.024192,0.007134,0.017172,0.423550,0.905682,0.726305,-0.713091,0.930662
1511,12.591667,-0.027933,-0.005288,-0.401200,-0.915549,0.589444,-0.594351,0.028670,0.069693,0.013009,-0.101381,-0.992318,0.846261,-0.843843,0.024193,0.007101,0.017170,0.423575,0.905670,0.726297,-0.713116,0.930656
1512,12.600000,-0.027907,-0.005280,-0.401197,-0.915551,0.589438,-0.594352,0.028676,0.069542,0.013006,-0.101381,-0.992329,0.846263,-0.843844,0.024195,0.007214,0.017010,0.423671,0.905628,0.726314,-0.713125,0.930633
1513,12.608333,-0.027871,-0.005276,-0.401182,-0.915559,0.589445,-0.594344,0.028676,0.069703,0.013052,-0.101398,-0.992315,0.846262,-0.843845,0.024194,0.007262,0.016949,0.423689,0.905620,0.726309,-0.713138,0.930610
1514,12.616667,-0.027870,-0.005238,-0.401193,-0.915554,0.589436,-0.594346,0.028675,0.069571,0.013055,-0.101388,-0.992326,0.846266,-0.843851,0.024198,0.007179,0.017098,0.423696,0.905615,0.726319,-0.713210,0.930602
1515,12.625000,-0.027872,-0.005219,-0.401182,-0.915559,0.589438,-0.594346,0.028676,0.069607,0.013050,-0.101392,-0.992323,0.846265,-0.843850,0.024199,0.007187,0.017141,0.423690,0.905617,0.726323,-0.713222,0.930586
1516,12.633333,-0.027910,-0.005279,-0.401180,-0.915559,0.589435,-0.594352,0.028683,0.069643,0.013074,-0.101414,-0.992318,0.846268,-0.843848,0.024195,0.007119,0.017234,0.423703,0.905609,0.726317,-0.713247,0.930595
1517,12.641667,-0.027858,-0.005271,-0.401169,-0.915565,0.589438,-0.594348,0.028672,0.069708,0.013056,-0.101419,-0.992313,0.846264,-0.843848,0.024189,0.006927,0.017445,0.423666,0.905624,0.726293,-0.713261,0.930621
1518,12.650000,-0.027857,-0.005260,-0.401190,-0.915556,0.589433,-0.594352,0.028678,0.069644,0.013045,-0.101381,-0.992321,0.846270,-0.843855,0.024196,0.006977,0.017343,0.423706,0.905607,0.726293,-0.713283,0.930613
1519,12.658333,-0.027806,-0.005171,-0.401190,-0.915558,0.589435,-0.594357,0.028672,0.069599,0.012999,-0.101397,-0.992323,0.846266,-0.843859,0.024193,0.006919,0.017396,0.423703,0.905608,0.726283,-0.713292,0.930617
1520,12.666667,-0.027870,-0.005250,-0.401172,-0.915564,0.589424,-0.594349,0.028678,0.069683,0.013020,-0.101409,-0.992316,0.846268,-0.843865,0.024185,0.006891,0.017423,0.423713,0.905603,0.726279,-0.713315,0.930624
1521,12.675000,-0.027841,-0.005260,-0.401158,-0.915571,0.589426,-0.594356,0.028678,0.069563,0.013025,-0.101411,-0.992324,0.846262,-0.843863,0.024197,0.006962,0.017326,0.423735,0.905594,0.726275,-0.713323,0.930619
1522,12.683333,-0.027876,-0.005230,-0.401193,-0.915554,0.589421,-0.594354,0.028678,0.069639,0.013110,-0.101402,-0.992319,0.846265,-0.843860,0.024196,0.006935,0.017408,0.423718,0.905600,0.726264,-0.713340,0.930627
1523,12.691667,-0.027844,-0.005225,-0.401159,-0.915570,0.589420,-0.594354,0.028681,0.069613,0.013075,-0.101449,-0.992316,0.846262,-0.843852,0.024198,0.006972,0.017281,0.423697,0.905612,0.726245,-0.713356,0.930629
1524,12.700000,-0.027789,-0.005147,-0.401137,-0.915582,0.589420,-0.594351,0.028672,0.069647,0.013101,-0.101426,-0.992316,0.846260,-0.843852,0.024192,0.006943,0.017338,0.423716,0.905602,0.726248,-0.713373,0.930623
1525,12.708333,-0.027842,-0.005182,-0.401173,-0.915564,0.589425,-0.594350,0.028690,0.069674,0.013098,-0.101476,-0.992309,0.846261,-0.843852,0.024194,0.007008,0.017387,0.423723,0.905598,0.726225,-0.713392,0.930645
1526,12.716667,-0.027860,-0.005154,-0.401167,-0.915567,0.589417,-0.594353,0.028676,0.069687,0.013134,-0.101444,-0.992311,0.846263,-0.843856,0.024192,0.006971,0.017326,0.423742,0.905591,0.726236,-0.713402,0.930617
1527,12.725000,-0.027699,-0.005109,-0.401171,-0.915570,0.589418,-0.594352,0.028684,0.069613,0.013068,-0.101460,-0.992315,0.846260,-0.843854,0.024191,0.006907,0.017419,0.423729,0.905595,0.726224,-0.713420,0.930631
1528,12.733333,-0.027888,-0.005201,-0.401142,-0.915577,0.589416,-0.594355,0.028672,0.069614,0.013079,-0.101450,-0.992316,0.846268,-0.843855,0.024197,0.006949,0.017350,0.423735,0.905593,0.726224,-0.713436,0.930626
1529,12.741667,-0.027769,-0.005105,-0.401159,-0.915573,0.589417,-0.594352,0.028681,0.069752,0.013052,-0.101498,-0.992302,0.846258,-0.843854,0.024183,0.007042,0.017320,0.423717,0.905602,0.726206,-0.713454,0.930656
1530,12.750000,-0.027731,-0.005110,-0.401150,-0.915578,0.589416,-0.594349,0.028682,0.069553,0.013081,-0.101493,-0.992316,0.846253,-0.843851,0.024189,0.006901,0.017441,0.423727,0.905596,0.726218,-0.713467,0.930637
1531,12.758333,-0.027792,-0.005160,-0.401160,-0.915572,0.589414,-0.594358,0.028684,0.069595,0.013082,-0.101478,-0.992314,0.846261,-0.843856,0.024193,0.007092,0.017311,0.423722,0.905599,0.726202,-0.713495,0.930657
1532,12.766667,-0.027823,-0.005114,-0.401144,-0.915578,0.589407,-0.594357,0.028680,0.069605,0.013074,-0.101505,-0.992311,0.846260,-0.843863,0.024188,0.006915,0.017355,0.423707,0.905607,0.726210,-0.713509,0.930624
1533,12.775000,-0.027774,-0.005071,-0.401142,-0.915581,0.589407,-0.594357,0.028682,0.069658,0.013146,-0.101498,-0.992307,0.846255,-0.843859,0.024176,0.006889,0.017410,0.423651,0.905632,0.726190,-0.713531,0.930637
1534,12.783333,-0.027793,-0.005105,-0.401135,-0.915583,0.589404,-0.594358,0.028685,0.069703,0.013135,-0.101482,-0.992306,0.846254,-0.843862,0.024179,0.006902,0.017470,0.423667,0.905623,0.726197,-0.713554,0.930660
1535,12.791667,-0.027832,-0.005159,-0.401122,-0.915587,0.589405,-0.594356,0.028681,0.069636,0.013120,-0.101455,-0.992313,0.846258,-0.843860,0.024178,0.006813,0.017571,0.423675,0.905618,0.726195,-0.713579,0.930670
1536,12.800000,-0.027806,-0.005081,-0.401127,-0.915586,0.589413,-0.594357,0.028685,0.069588,0.013128,-0.101486,-0.992313,0.846259,-0.843862,0.024196,0.006949,0.017362,0.423674,0.905622,0.726197,-0.713593,0.930649
1537,12.808333,-0.027779,-0.005028,-0.401128,-0.915587,0.589401,-0.594357,0.028679,0.069622,0.013109,-0.101473,-0.992313,0.846256,-0.843861,0.024187,0.006991,0.017407,0.423649,0.905632,0.726212,-0.713615,0.930636
1538,12.816667,-0.027747,-0.005077,-0.401131,-0.915586,0.589404,-0.594356,0.028684,0.069580,0.013082,-0.101488,-0.992314,0.846253,-0.843860,0.024177,0.007044,0.017264,0.423603,0.905656,0.726207,-0.713638,0.930630
1539,12.825000,-0.027792,-0.005103,-0.401139,-0.915581,0.589404,-0.594359,0.028682,0.069533,0.013093,-0.101519,-0.992314,0.846256,-0.843857,0.024186,0.007014,0.017306,0.423587,0.905663,0.726214,-0.713662,0.930615
1540,12.833333,-0.027747,-0.005042,-0.401138,-0.915583,0.589401,-0.594351,0.028678,0.069437,0.013072,-0.101448,-0.992329,0.846255,-0.843854,0.024179,0.006963,0.017275,0.423593,0.905661,0.726234,-0.713678,0.930614
1541,12.841667,-0.027813,-0.005088,-0.401120,-0.915589,0.589407,-0.594356,0.028681,0.069523,0.013055,-0.101451,-0.992323,0.846256,-0.843864,0.024181,0.006972,0.017104,0.423565,0.905677,0.726234,-0.713711,0.930627
1542,12.850000,-0.027762,-0.005080,-0.401121,-0.915590,0.589402,-0.594363,0.028672,0.069504,0.013080,-0.101456,-0.992323,0.846260,-0.843867,0.024183,0.006860,0.017367,0.423525,0.905692,0.726243,-0.713739,0.930641
1543,12.858333,-0.027837,-0.005098,-0.401080,-0.915606,0.589399,-0.594375,0.028680,0.069599,0.013126,-0.101478,-0.992313,0.846263,-0.843882,0.024190,0.006787,0.017389,0.423536,0.905687,0.726250,-0.713762,0.930667
1544,12.866667,-0.027733,-0.005090,-0.401101,-0.915600,0.589399,-0.594376,0.028684,0.069487,0.013140,-0.101457,-0.992323,0.846267,-0.843883,0.024206,0.006819,0.017370,0.423511,0.905699,0.726264,-0.713784,0.930659
1545,12.875000,-0.027823,-0.005157,-0.401109,-0.915593,0.589400,-0.594382,0.028685,0.069424,0.013115,-0.101467,-0.992327,0.846265,-0.843889,0.024212,0.006696,0.017504,0.423458,0.905722,0.726279,-0.713810,0.930682
1546,12.883333,-0.027737,-0.005110,-0.401108,-0.915597,0.589400,-0.594375,0.028683,0.069398,0.013172,-0.101433,-0.992332,0.846267,-0.843887,0.024210,0.006841,0.017382,0.423494,0.905706,0.726290,-0.713833,0.930669
1547,12.891667,-0.027801,-0.005158,-0.401109,-0.915594,0.589404,-0.594374,0.028681,0.069476,0.013102,-0.101491,-0.992321,0.846267,-0.843890,0.024197,0.006908,0.017154,0.423492,0.905711,0.726307,-0.713840,0.930656
1548,12.900000,-0.027803,-0.005097,-0.401115,-0.915592,0.589401,-0.594371,0.028684,0.069540,0.013180,-0.101470,-0.992318,0.846266,-0.843887,0.024193,0.006816,0.017294,0.423479,0.905715,0.726310,-0.713838,0.930688
1549,12.908333,-0.027879,-0.005154,-0.401096,-0.915597,0.589410,-0.594366,0.028683,0.069522,0.013093,-0.101494,-0.992318,0.846265,-0.843889,0.024191,0.006871,0.017177,0.423483,0.905715,0.726337,-0.713847,0.930658
1550,12.916667,-0.027849,-0.005127,-0.401103,-0.915595,0.589409,-0.594364,0.028679,0.069452,0.013111,-0.101471,-0.992325,0.846261,-0.843883,0.024182,0.006786,0.017285,0.423482,0.905714,0.726349,-0.713852,0.930675
1551,12.925000,-0.027863,-0.005182,-0.401123,-0.915586,0.589405,-0.594369,0.028683,0.069421,0.013106,-0.101476,-0.992326,0.846263,-0.843877,0.024199,0.006869,0.017215,0.423487,0.905712,0.726371,-0.713851,0.930652
1552,12.933333,-0.027961,-0.005181,-0.401115,-0.915586,0.589410,-0.594367,0.028670,0.069346,0.013105,-0.101458,-0.992334,0.846260,-0.843877,0.024199,0.006838,0.017214,0.423483,0.905715,0.726385,-0.713850,0.930657
1553,12.941667,-0.027922,-0.005200,-0.401128,-0.915582,0.589411,-0.594364,0.028673,0.069387,0.013103,-0.101513,-0.992325,0.846254,-0.843875,0.024186,0.006743,0.017375,0.423473,0.905717,0.726399,-0.713850,0.930673
1554,12.950000,-0.027968,-0.005197,-0.401132,-0.915579,0.589409,-0.594368,0.028669,0.069418,0.013121,-0.101467,-0.992327,0.846263,-0.843876,0.024192,0.006855,0.017272,0.423495,0.905708,0.726423,-0.713842,0.930649
1555,12.958333,-0.027988,-0.005222,-0.401139,-0.915575,0.589417,-0.594373,0.028677,0.069390,0.013073,-0.101460,-0.992331,0.846259,-0.843872,0.024188,0.006888,0.017174,0.423516,0.905700,0.726446,-0.713838,0.930655
1556,12.966667,-0.027967,-0.005256,-0.401121,-0.915583,0.589406,-0.594370,0.028666,0.069421,0.013115,-0.101490,-0.992325,0.846256,-0.843875,0.024190,0.006667,0.017496,0.423477,0.905713,0.726450,-0.713828,0.930697
1557,12.975000,-0.028065,-0.005282,-0.401125,-0.915578,0.589413,-0.594369,0.028671,0.069389,0.013067,-0.101491,-0.992328,0.846262,-0.843872,0.024192,0.006823,0.017234,0.423531,0.905692,0.726476,-0.713816,0.930672
1558,12.983333,-0.028087,-0.005258,-0.401130,-0.915575,0.589415,-0.594366,0.028663,0.069440,0.013101,-0.101483,-0.992324,0.846262,-0.843873,0.024192,0.006743,0.017415,0.423496,0.905705,0.726489,-0.713803,0.930682
1559,12.991667,-0.028037,-0.005253,-0.401132,-0.915576,0.589408,-0.594365,0.028671,0.069462,0.013085,-0.101470,-0.992324,0.846256,-0.843872,0.024190,0.006812,0.017254,0.423530,0.905692,0.726511,-0.713788,0.930669
1560,13.000000,-0.027945,-0.005267,-0.401121,-0.915584,0.589415,-0.594362,0.028667,0.069515,0.013098,-0.101490,-0.992318,0.846260,-0.843875,0.024187,0.006829,0.017356,0.423508,0.905700,0.726527,-0.713764,0.930678
1561,13.008333,-0.027986,-0.005241,-0.401145,-0.915572,0.589414,-0.594362,0.028674,0.069528,0.013052,-0.101424,-0.992325,0.846257,-0.843876,0.024185,0.006856,0.017222,0.423524,0.905695,0.726542,-0.713741,0.930673
1562,13.016667,-0.027972,-0.005251,-0.401126,-0.915581,0.589416,-0.594361,0.028663,0.069524,0.013074,-0.101468,-0.992320,0.846260,-0.843880,0.024182,0.006885,0.017157,0.423527,0.905695,0.726565,-0.713722,0.930662
1563,13.025000,-0.028026,-0.005315,-0.401129,-0.915578,0.589420,-0.594361,0.028673,0.069595,0.013072,-0.101471,-0.992315,0.846263,-0.843877,0.024183,0.006796,0.017352,0.423519,0.905695,0.726578,-0.713710,0.930680
1564,13.033333,-0.028000,-0.005274,-0.401154,-0.915568,0.589426,-0.594363,0.028673,0.069525,0.013040,-0.101515,-0.992316,0.846263,-0.843877,0.024189,0.006920,0.016900,0.423574,0.905677,0.726619,-0.713677,0.930700
1565,13.041667,-0.027958,-0.005299,-0.401167,-0.915563,0.589421,-0.594364,0.028679,0.069569,0.013051,-0.101498,-0.992315,0.846263,-0.843874,0.024188,0.006880,0.017255,0.423546,0.905684,0.726636,-0.713667,0.930665
1566,13.050000,-0.027942,-0.005282,-0.401147,-0.915572,0.589421,-0.594362,0.028678,0.069023,0.012773,-0.101410,-0.992365,0.846287,-0.843875,0.024224,0.006926,0.017296,0.423602,0.905657,0.726665,-0.713624,0.930641
1567,13.058333,-0.028036,-0.005341,-0.401163,-0.915562,0.589424,-0.594363,0.028675,0.069589,0.013095,-0.101477,-0.992315,0.846260,-0.843867,0.024183,0.006619,0.017508,0.423606,0.905653,0.726696,-0.713606,0.930717
1568,13.066667,-0.027906,-0.005265,-0.401161,-0.915567,0.589425,-0.594362,0.028678,0.069532,0.013142,-0.101513,-0.992314,0.846267,-0.843867,0.024195,0.006743,0.017292,0.423569,0.905674,0.726712,-0.713578,0.930703
1569,13.075000,-0.027880,-0.005265,-0.401194,-0.915554,0.589429,-0.594362,0.028684,0.069645,0.013089,-0.101517,-0.992307,0.846259,-0.843866,0.024181,0.006744,0.017211,0.423564,0.905677,0.726727,-0.713557,0.930695
1570,13.083333,-0.027940,-0.005319,-0.401191,-0.915553,0.589432,-0.594365,0.028678,0.069595,0.013132,-0.101475,-0.992314,0.846264,-0.843863,0.024188,0.006767,0.017226,0.423544,0.905686,0.726744,-0.713544,0.930699
1571,13.091667,-0.027967,-0.005290,-0.401175,-0.915559,0.589431,-0.594364,0.028674,0.069475,0.013065,-0.101457,-0.992325,0.846262,-0.843857,0.024186,0.006611,0.017522,0.423536,0.905686,0.726768,-0.713527,0.930731
1572,13.100000,-0.027870,-0.005283,-0.401202,-0.915550,0.589435,-0.594359,0.028684,0.069657,0.013089,-0.101496,-0.992308,0.846263,-0.843865,0.024185,0.006750,0.017278,0.423509,0.905702,0.726782,-0.713515,0.930692
1573,13.108333,-0.027872,-0.005264,-0.401189,-0.915556,0.589437,-0.594358,0.028679,0.069584,0.013074,-0.101461,-0.992317,0.846263,-0.843862,0.024187,0.006600,0.017540,0.423502,0.905701,0.726803,-0.713495,0.930735
1574,13.116667,-0.027979,-0.005374,-0.401208,-0.915544,0.589441,-0.594355,0.028683,0.069636,0.013125,-0.101447,-0.992314,0.846266,-0.843863,0.024182,0.006785,0.017242,0.423477,0.905717,0.726816,-0.713485,0.930697
1575,13.125000,-0.028014,-0.005318,-0.401212,-0.915541,0.589442,-0.594364,0.028677,0.069645,0.013071,-0.101457,-0.992313,0.846257,-0.843862,0.024177,0.006805,0.017239,0.423469,0.905721,0.726833,-0.713468,0.930693
1576,13.133333,-0.027849,-0.005274,-0.401214,-0.915546,0.589441,-0.594361,0.028680,0.069690,0.013073,-0.101421,-0.992314,0.846267,-0.843870,0.024184,0.006786,0.017233,0.423452,0.905729,0.726850,-0.713457,0.930700
1577,13.141667,-0.027890,-0.005323,-0.401216,-0.915543,0.589447,-0.594362,0.028681,0.069584,0.013069,-0.101455,-0.992318,0.846259,-0.843868,0.024185,0.006763,0.017325,0.423434,0.905736,0.726871,-0.713441,0.930711
1578,13.150000,-0.027954,-0.005315,-0.401225,-0.915538,0.589443,-0.594362,0.028680,0.069667,0.013117,-0.101464,-0.992310,0.846257,-0.843863,0.024188,0.006819,0.017299,0.423436,0.905735,0.726889,-0.713425,0.930688
1579,13.158333,-0.027925,-0.005311,-0.401222,-0.915540,0.589448,-0.594356,0.028685,0.069616,0.013104,-0.101469,-0.992313,0.846263,-0.843867,0.024187,0.006871,0.017481,0.423411,0.905743,0.726903,-0.713413,0.930655
1580,13.166667,-0.027935,-0.005340,-0.401226,-0.915538,0.589442,-0.594360,0.028682,0.069702,0.013124,-0.101433,-0.992311,0.846261,-0.843860,0.024182,0.006817,0.017361,0.423405,0.905748,0.726929,-0.713400,0.930680
1581,13.175000,-0.027945,-0.005314,-0.401245,-0.915529,0.589445,-0.594359,0.028681,0.069543,0.013088,-0.101425,-0.992323,0.846264,-0.843860,0.024190,0.006891,0.017216,0.423430,0.905739,0.726940,-0.713387,0.930664
1582,13.183333,-0.027918,-0.005318,-0.401235,-0.915534,0.589445,-0.594358,0.028684,0.069538,0.013068,-0.101413,-0.992325,0.846262,-0.843857,0.024194,0.006543,0.017657,0.423451,0.905723,0.726964,-0.713377,0.930729
1583,13.191667,-0.027873,-0.005309,-0.401223,-0.915541,0.589450,-0.594364,0.028683,0.069584,0.013087,-0.101480,-0.992315,0.846255,-0.843861,0.024183,0.006824,0.017657,0.423405,0.905743,0.726975,-0.713358,0.930650
1584,13.200000,-0.027936,-0.005289,-0.401240,-0.915531,0.589447,-0.594361,0.028676,0.069667,0.013069,-0.101481,-0.992309,0.846258,-0.843859,0.024184,0.006762,0.017394,0.423439,0.905733,0.726993,-0.713351,0.930681
1585,13.208333,-0.027950,-0.005304,-0.401233,-0.915534,0.589451,-0.594363,0.028676,0.069659,0.013105,-0.101434,-0.992314,0.846255,-0.843861,0.024178,0.006733,0.017462,0.423456,0.905723,0.727004,-0.713345,0.930693
1586,13.216667,-0.027969,-0.005336,-0.401233,-0.915533,0.589449,-0.594362,0.028676,0.069612,0.013098,-0.101441,-0.992317,0.846258,-0.843857,0.024180,0.006788,0.017389,0.423465,0.905720,0.727021,-0.713334,0.930668
1587,13.225000,-0.027868,-0.005296,-0.401248,-0.915530,0.589449,-0.594359,0.028683,0.069685,0.013082,-0.101458,-0.992310,0.846256,-0.843861,0.024180,0.006676,0.017440,0.423501,0.905703,0.727037,-0.713324,0.930702
1588,13.233333,-0.027956,-0.005350,-0.401251,-0.915526,0.589446,-0.594366,0.028677,0.069625,0.013076,-0.101451,-0.992315,0.846253,-0.843862,0.024177,0.007385,0.016855,0.423705,0.905613,0.727118,-0.713300,0.930542
1589,13.241667,-0.027925,-0.005356,-0.401247,-0.915529,0.589449,-0.594362,0.028683,0.069767,0.013114,-0.101494,-0.992300,0.846261,-0.843864,0.024180,0.007352,0.016853,0.423718,0.905607,0.727130,-0.713293,0.930535
1590,13.250000,-0.027932,-0.005344,-0.401248,-0.915528,0.589452,-0.594364,0.028689,0.069669,0.013113,-0.101466,-0.992310,0.846259,-0.843862,0.024183,0.007268,0.016941,0.423749,0.905592,0.727150,-0.713292,0.930539
1591,13.258333,-0.027942,-0.005349,-0.401256,-0.915524,0.589450,-0.594363,0.028684,0.069710,0.013124,-0.101486,-0.992305,0.846264,-0.843860,0.024184,0.007070,0.017135,0.423762,0.905584,0.727159,-0.713289,0.930564
1592,13.266667,-0.027918,-0.005350,-0.401267,-0.915520,0.589454,-0.594362,0.028685,0.069702,0.013123,-0.101476,-0.992307,0.846261,-0.843858,0.024179,0.007089,0.017078,0.423778,0.905577,0.727181,-0.713283,0.930553
1593,13.275000,-0.027850,-0.005287,-0.401273,-0.915520,0.589455,-0.594366,0.028682,0.069719,0.013140,-0.101480,-0.992305,0.846262,-0.843859,0.024184,0.007004,0.017195,0.423740,0.905594,0.727177,-0.713271,0.930566
1594,13.283333,-0.027978,-0.005403,-0.401264,-0.915519,0.589454,-0.594365,0.028680,0.069686,0.013099,-0.101498,-0.992306,0.846260,-0.843855,0.024179,0.007040,0.017111,0.423776,0.905578,0.727190,-0.713264,0.930573
1595,13.291667,-0.028002,-0.005396,-0.401307,-0.915500,0.589452,-0.594367,0.028674,0.069679,0.013097,-0.101471,-0.992309,0.846263,-0.843859,0.024190,0.007039,0.017215,0.423788,0.905571,0.727208,-0.713264,0.930563
1596,13.300000,-0.028029,-0.005427,-0.401289,-0.915507,0.589455,-0.594362,0.028681,0.069732,0.013113,-0.101465,-0.992306,0.846263,-0.843861,0.024181,0.006952,0.017317,0.423766,0.905579,0.727202,-0.713255,0.930584
1597,13.308333,-0.027974,-0.005370,-0.401276,-0.915514,0.589454,-0.594364,0.028686,0.069675,0.013067,-0.101442,-0.992313,0.846259,-0.843864,0.024177,0.007003,0.017208,0.423791,0.905570,0.727214,-0.713253,0.930579
1598,13.316667,-0.028002,-0.005399,-0.401267,-0.915517,0.589450,-0.594366,0.028680,0.069795,0.013152,-0.101486,-0.992299,0.846259,-0.843860,0.024178,0.007009,0.017226,0.423771,0.905579,0.727219,-0.713239,0.930575
1599,13.325000,-0.028083,-0.005393,-0.401298,-0.915501,0.589458,-0.594369,0.028674,0.069758,0.013145,-0.101483,-0.992302,0.846261,-0.843860,0.024180,0.007095,0.017136,0.423765,0.905582,0.727239,-0.713232,0.930570
1600,13.333333,-0.028039,-0.005433,-0.401288,-0.915506,0.589452,-0.594361,0.028682,0.069696,0.013113,-0.101475,-0.992307,0.846261,-0.843860,0.024188,0.007148,0.017083,0.423748,0.905591,0.727245,-0.713217,0.930559
1601,13.341667,-0.027990,-0.005395,-0.401289,-0.915508,0.589456,-0.594361,0.028681,0.069731,0.013148,-0.101481,-0.992304,0.846263,-0.843853,0.024187,0.006979,0.017153,0.423736,0.905596,0.727258,-0.713211,0.930590
1602,13.350000,-0.027981,-0.005398,-0.401291,-0.915507,0.589448,-0.594355,0.028685,0.069693,0.013066,-0.101494,-0.992306,0.846257,-0.843857,0.024183,0.007165,0.016974,0.423774,0.905581,0.727284,-0.713197,0.930537
1603,13.358333,-0.028003,-0.005367,-0.401295,-0.915505,0.589456,-0.594366,0.028680,0.069825,0.013126,-0.101474,-0.992298,0.846261,-0.843862,0.024177,0.007235,0.016773,0.423779,0.905581,0.727299,-0.713177,0.930511
1604,13.366667,-0.027994,-0.005424,-0.401294,-0.915505,0.589450,-0.594362,0.028678,0.069668,0.013095,-0.101455,-0.992311,0.846264,-0.843860,0.024187,0.006991,0.017149,0.423705,0.905611,0.727302,-0.713184,0.930545
1605,13.375000,-0.027957,-0.005420,-0.401283,-0.915511,0.589458,-0.594365,0.028684,0.069698,0.013109,-0.101522,-0.992302,0.846262,-0.843861,0.024186,0.007138,0.016852,0.423754,0.905593,0.727328,-0.713166,0.930516
1606,13.383333,-0.027989,-0.005404,-0.401279,-0.915512,0.589455,-0.594360,0.028676,0.069652,0.013127,-0.101437,-0.992314,0.846264,-0.843860,0.024182,0.007062,0.016972,0.423729,0.905602,0.727345,-0.713162,0.930523
1607,13.391667,-0.028035,-0.005417,-0.401305,-0.915499,0.589459,-0.594366,0.028684,0.069575,0.013132,-0.101463,-0.992317,0.846269,-0.843861,0.024193,0.007070,0.016909,0.423737,0.905600,0.727363,-0.713156,0.930511
1608,13.400000,-0.027974,-0.005431,-0.401279,-0.915512,0.589451,-0.594359,0.028681,0.069660,0.013137,-0.101526,-0.992304,0.846261,-0.843863,0.024185,0.007051,0.017000,0.423726,0.905604,0.727367,-0.713155,0.930497
1609,13.408333,-0.027973,-0.005432,-0.401281,-0.915512,0.589458,-0.594359,0.028681,0.069676,0.013086,-0.101472,-0.992309,0.846266,-0.843865,0.024182,0.007010,0.016870,0.423751,0.905595,0.727360,-0.713096,0.930553
1610,13.416667,-0.027936,-0.005397,-0.401292,-0.915508,0.589454,-0.594356,0.028686,0.069678,0.013068,-0.101447,-0.992312,0.846264,-0.843866,0.024177,0.007031,0.016829,0.423752,0.905595,0.727372,-0.713082,0.930562
1611,13.425000,-0.027931,-0.005382,-0.401304,-0.915503,0.589460,-0.594360,0.028684,0.069647,0.013073,-0.101463,-0.992312,0.846264,-0.843867,0.024182,0.006955,0.017165,0.423713,0.905607,0.727395,-0.713131,0.930549
1612,13.433333,-0.027959,-0.005442,-0.401302,-0.915503,0.589454,-0.594356,0.028689,0.069582,0.013080,-0.101436,-0.992320,0.846264,-0.843863,0.024174,0.007001,0.017007,0.423755,0.905590,0.727384,-0.713070,0.930572
1613,13.441667,-0.027888,-0.005375,-0.401306,-0.915504,0.589458,-0.594357,0.028688,0.069699,0.013108,-0.101463,-0.992308,0.846263,-0.843870,0.024184,0.007011,0.017082,0.423738,0.905597,0.727404,-0.713118,0.930541
1614,13.450000,-0.028037,-0.005453,-0.401298,-0.915502,0.589461,-0.594360,0.028682,0.069685,0.013133,-0.101450,-0.992310,0.846263,-0.843861,0.024177,0.007060,0.016956,0.423745,0.905595,0.727396,-0.713054,0.930555
1615,13.458333,-0.027935,-0.005430,-0.401279,-0.915514,0.589458,-0.594358,0.028685,0.069638,0.013115,-0.101457,-0.992313,0.846263,-0.843865,0.024183,0.007043,0.017172,0.423728,0.905600,0.727421,-0.713095,0.930531
1616,13.466667,-0.027997,-0.005462,-0.401302,-0.915501,0.589457,-0.594352,0.028682,0.069667,0.013101,-0.101475,-0.992309,0.846264,-0.843865,0.024180,0.007307,0.016905,0.423823,0.905558,0.727456,-0.713074,0.930458
1617,13.475000,-0.027979,-0.005471,-0.401285,-0.915510,0.589458,-0.594352,0.028687,0.069653,0.013071,-0.101487,-0.992309,0.846260,-0.843869,0.024185,0.007036,0.017150,0.423742,0.905593,0.727440,-0.713069,0.930506
1618,13.483333,-0.027983,-0.005465,-0.401284,-0.915510,0.589462,-0.594355,0.028683,0.069679,0.013093,-0.101488,-0.992307,0.846258,-0.843858,0.024180,0.007241,0.016842,0.423831,0.905556,0.727462,-0.713005,0.930483
1619,13.491667,-0.028003,-0.005470,-0.401286,-0.915508,0.589457,-0.594362,0.028688,0.069661,0.013104,-0.101511,-0.992306,0.846259,-0.843860,0.024188,0.007020,0.017062,0.423778,0.905578,0.727454,-0.713003,0.930521
1620,13.500000,-0.028032,-0.005472,-0.401278,-0.915511,0.589454,-0.594362,0.028686,0.069655,0.013122,-0.101482,-0.992309,0.846263,-0.843861,0.024188,0.007191,0.016819,0.423857,0.905545,0.727481,-0.712971,0.930488
1621,13.508333,-0.028128,-0.005507,-0.401279,-0.915508,0.589460,-0.594359,0.028678,0.069707,0.013131,-0.101464,-0.992307,0.846261,-0.843860,0.024186,0.007197,0.016823,0.423866,0.905540,0.727493,-0.712966,0.930484
1622,13.516667,-0.028142,-0.005505,-0.401280,-0.915507,0.589459,-0.594363,0.028678,0.069705,0.013111,-0.101506,-0.992303,0.846259,-0.843858,0.024187,0.007221,0.016901,0.423851,0.905545,0.727515,-0.712959,0.930472
1623,13.525000,-0.028053,-0.005495,-0.401267,-0.915515,0.589456,-0.594360,0.028687,0.069666,0.013138,-0.101505,-0.992306,0.846264,-0.843855,0.024192,0.007268,0.016882,0.423852,0.905545,0.727519,-0.712944,0.930467
1624,13.533333,-0.028075,-0.005462,-0.401256,-0.915519,0.589458,-0.594365,0.028685,0.069741,0.013128,-0.101528,-0.992298,0.846259,-0.843857,0.024188,0.007238,0.016849,0.423865,0.905540,0.727530,-0.712926,0.930473
1625,13.541667,-0.028117,-0.005555,-0.401272,-0.915510,0.589456,-0.594358,0.028688,0.069649,0.013124,-0.101501,-0.992308,0.846266,-0.843855,0.024190,0.007197,0.016965,0.423841,0.905549,0.727545,-0.712914,0.930490
1626,13.550000,-0.028084,-0.005516,-0.401256,-0.915519,0.589454,-0.594360,0.028685,0.069675,0.013124,-0.101445,-0.992311,0.846260,-0.843858,0.024188,0.007165,0.017008,0.423849,0.905545,0.727543,-0.712906,0.930491
1627,13.558333,-0.028098,-0.005532,-0.401295,-0.915501,0.589456,-0.594352,0.028685,0.069836,0.013113,-0.101473,-0.992297,0.846259,-0.843858,0.024184,0.007239,0.016993,0.423864,0.905537,0.727554,-0.712897,0.930477
1628,13.566667,-0.028072,-0.005499,-0.401297,-0.915501,0.589458,-0.594361,0.028678,0.069788,0.013129,-0.101482,-0.992300,0.846259,-0.843855,0.024182,0.007311,0.016843,0.423871,0.905537,0.727563,-0.712885,0.930455
1629,13.575000,-0.028171,-0.005523,-0.401295,-0.915499,0.589461,-0.594359,0.028677,0.069803,0.013105,-0.101477,-0.992299,0.846261,-0.843850,0.024186,0.007298,0.016861,0.423880,0.905532,0.727571,-0.712873,0.930459
1630,13.583333,-0.028097,-0.005502,-0.401301,-0.915499,0.589455,-0.594357,0.028682,0.069837,0.013112,-0.101498,-0.992295,0.846260,-0.843857,0.024183,0.007335,0.016846,0.423861,0.905541,0.727577,-0.712857,0.930450
1631,13.591667,-0.028167,-0.005551,-0.401278,-0.915506,0.589457,-0.594357,0.028683,0.069942,0.013160,-0.101533,-0.992283,0.846264,-0.843851,0.024182,0.007258,0.016908,0.423867,0.905538,0.727586,-0.712856,0.930464
1632,13.600000,-0.028148,-0.005558,-0.401269,-0.915511,0.589452,-0.594359,0.028686,0.069779,0.013156,-0.101494,-0.992299,0.846259,-0.843850,0.024187,0.007240,0.016856,0.423859,0.905542,0.727599,-0.712841,0.930466
1633,13.608333,-0.028085,-0.005520,-0.401264,-0.915515,0.589455,-0.594360,0.028686,0.069802,0.013143,-0.101504,-0.992296,0.846260,-0.843851,0.024191,0.007371,0.016883,0.423850,0.905545,0.727608,-0.712835,0.930430
1634,13.616667,-0.028083,-0.005529,-0.401280,-0.915508,0.589459,-0.594360,0.028682,0.069842,0.013141,-0.101500,-0.992294,0.846257,-0.843849,0.024178,0.007382,0.016866,0.423869,0.905537,0.727624,-0.712820,0.930423
1635,13.625000,-0.028184,-0.005578,-0.401264,-0.915512,0.589452,-0.594356,0.028688,0.069840,0.013129,-0.101486,-0.992296,0.846263,-0.843854,0.024177,0.007310,0.016820,0.423865,0.905540,0.727632,-0.712814,0.930444
1636,13.633333,-0.028119,-0.005537,-0.401295,-0.915500,0.589451,-0.594354,0.028683,0.069841,0.013138,-0.101497,-0.992294,0.846257,-0.843860,0.024183,0.007316,0.016945,0.423851,0.905544,0.727633,-0.712807,0.930423
1637,13.641667,-0.028019,-0.005483,-0.401315,-0.915495,0.589456,-0.594357,0.028681,0.069835,0.013183,-0.101498,-0.992294,0.846263,-0.843853,0.024185,0.007316,0.016998,0.423844,0.905546,0.727638,-0.712801,0.930406
1638,13.650000,-0.028050,-0.005549,-0.401267,-0.915515,0.589459,-0.594358,0.028682,0.069721,0.013130,-0.101483,-0.992304,0.846254,-0.843852,0.024186,0.007321,0.016939,0.423834,0.905552,0.727650,-0.712789,0.930422
1639,13.658333,-0.028075,-0.005494,-0.401302,-0.915499,0.589457,-0.594365,0.028681,0.069798,0.013129,-0.101520,-0.992295,0.846259,-0.843851,0.024186,0.007217,0.017016,0.423829,0.905554,0.727647,-0.712780,0.930427
1640,13.666667,-0.028070,-0.005512,-0.401279,-0.915509,0.589456,-0.594354,0.028679,0.069836,0.013141,-0.101532,-0.992291,0.846254,-0.843854,0.024178,0.007180,0.017147,0.423947,0.905496,0.727679,-0.712737,0.930448
1641,13.675000,-0.027979,-0.005456,-0.401297,-0.915504,0.589454,-0.594355,0.028680,0.069698,0.013110,-0.101468,-0.992308,0.846257,-0.843856,0.024181,0.007320,0.016911,0.423828,0.905555,0.727657,-0.712760,0.930409
1642,13.683333,-0.027970,-0.005433,-0.401282,-0.915511,0.589455,-0.594356,0.028678,0.069739,0.013115,-0.101463,-0.992305,0.846254,-0.843852,0.024184,0.007179,0.017067,0.423945,0.905499,0.727685,-0.712726,0.930445
1643,13.691667,-0.027947,-0.005468,-0.401280,-0.915513,0.589458,-0.594358,0.028684,0.069795,0.013121,-0.101482,-0.992299,0.846259,-0.843856,0.024184,0.007220,0.017103,0.423947,0.905496,0.727693,-0.712719,0.930430
1644,13.700000,-0.027981,-0.005432,-0.401273,-0.915515,0.589453,-0.594359,0.028676,0.069780,0.013146,-0.101491,-0.992299,0.846254,-0.843855,0.024182,0.007224,0.017047,0.423938,0.905502,0.727695,-0.712718,0.930428
1645,13.708333,-0.028033,-0.005459,-0.401263,-0.915518,0.589457,-0.594361,0.028684,0.069829,0.013139,-0.101521,-0.992293,0.846258,-0.843857,0.024183,0.007309,0.016967,0.423788,0.905573,0.727662,-0.712742,0.930400
1646,13.716667,-0.028006,-0.005460,-0.401275,-0.915513,0.589454,-0.594365,0.028675,0.069772,0.013137,-0.101498,-0.992299,0.846257,-0.843858,0.024182,0.007182,0.017137,0.423938,0.905501,0.727698,-0.712710,0.930423
1647,13.725000,-0.028007,-0.005497,-0.401267,-0.915516,0.589454,-0.594359,0.028679,0.069793,0.013096,-0.101489,-0.992299,0.846255,-0.843856,0.024175,0.007213,0.017072,0.423918,0.905511,0.727687,-0.712707,0.930413
1648,13.733333,-0.027969,-0.005415,-0.401276,-0.915514,0.589456,-0.594364,0.028683,0.069726,0.013136,-0.101511,-0.992301,0.846257,-0.843858,0.024188,0.007124,0.017167,0.423913,0.905512,0.727694,-0.712698,0.930434
1649,13.741667,-0.028080,-0.005476,-0.401260,-0.915517,0.589456,-0.594364,0.028681,0.069691,0.013113,-0.101510,-0.992304,0.846253,-0.843853,0.024183,0.007179,0.017021,0.423943,0.905501,0.727694,-0.712694,0.930433
1650,13.750000,-0.028054,-0.005456,-0.401263,-0.915517,0.589460,-0.594360,0.028677,0.069722,0.013110,-0.101478,-0.992305,0.846255,-0.843857,0.024185,0.007198,0.017119,0.423913,0.905512,0.727693,-0.712689,0.930423
1651,13.758333,-0.027904,-0.005371,-0.401293,-0.915509,0.589457,-0.594361,0.028679,0.069850,0.013149,-0.101498,-0.992293,0.846250,-0.843856,0.024176,0.006667,0.017320,0.423978,0.905482,0.727684,-0.712672,0.930565
1652,13.766667,-0.028038,-0.005477,-0.401264,-0.915517,0.589458,-0.594364,0.028682,0.069754,0.013134,-0.101500,-0.992300,0.846253,-0.843850,0.024181,0.006577,0.017357,0.423950,0.905496,0.727681,-0.712660,0.930598
1653,13.775000,-0.027991,-0.005455,-0.401292,-0.915506,0.589452,-0.594355,0.028678,0.069844,0.013162,-0.101501,-0.992293,0.846252,-0.843853,0.024184,0.006586,0.017310,0.423990,0.905477,0.727684,-0.712657,0.930611
1654,13.783333,-0.027954,-0.005450,-0.401274,-0.915515,0.589457,-0.594358,0.028682,0.069819,0.013129,-0.101506,-0.992295,0.846255,-0.843852,0.024179,0.006504,0.017308,0.423993,0.905477,0.727675,-0.712656,0.930636
1655,13.791667,-0.027980,-0.005458,-0.401295,-0.915505,0.589457,-0.594357,0.028680,0.069848,0.013162,-0.101450,-0.992298,0.846255,-0.843848,0.024176,0.006531,0.017246,0.423978,0.905485,0.727671,-0.712641,0.930641
1656,13.800000,-0.028055,-0.005480,-0.401282,-0.915508,0.589462,-0.594359,0.028677,0.069847,0.013112,-0.101484,-0.992296,0.846254,-0.843854,0.024178,0.006518,0.017271,0.424041,0.905455,0.727682,-0.712642,0.930648
1657,13.808333,-0.027974,-0.005468,-0.401302,-0.915502,0.589460,-0.594357,0.028681,0.069845,0.013103,-0.101478,-0.992296,0.846252,-0.843849,0.024179,0.006628,0.017269,0.424043,0.905453,0.727687,-0.712625,0.930600
1658,13.816667,-0.027951,-0.005432,-0.401315,-0.915497,0.589458,-0.594359,0.028683,0.069857,0.013150,-0.101489,-0.992294,0.846255,-0.843846,0.024184,0.006526,0.017259,0.424036,0.905457,0.727688,-0.712614,0.930637
1659,13.825000,-0.027995,-0.005452,-0.401288,-0.915508,0.589464,-0.594356,0.028681,0.069915,0.013128,-0.101507,-0.992288,0.846254,-0.843848,0.024184,0.006621,0.017324,0.424058,0.905445,0.727697,-0.712603,0.930602
1660,13.833333,-0.027953,-0.005451,-0.401323,-0.915494,0.589462,-0.594356,0.028689,0.069884,0.013125,-0.101462,-0.992295,0.846251,-0.843852,0.024177,0.006623,0.017042,0.424132,0.905416,0.727703,-0.712574,0.930658
1661,13.841667,-0.028049,-0.005523,-0.401306,-0.915498,0.589464,-0.594356,0.028677,0.069911,0.013188,-0.101469,-0.992292,0.846259,-0.843849,0.024183,0.006649,0.017166,0.424108,0.905425,0.727714,-0.712580,0.930621
1662,13.850000,-0.027979,-0.005470,-0.401305,-0.915501,0.589465,-0.594353,0.028680,0.069969,0.013178,-0.101481,-0.992286,0.846257,-0.843846,0.024188,0.006623,0.017100,0.424154,0.905405,0.727719,-0.712553,0.930653
1663,13.858333,-0.028070,-0.005519,-0.401310,-0.915496,0.589459,-0.594356,0.028673,0.069883,0.013161,-0.101447,-0.992296,0.846255,-0.843845,0.024185,0.006545,0.017048,0.424159,0.905404,0.727720,-0.712538,0.930697
1664,13.866667,-0.027927,-0.005460,-0.401320,-0.915496,0.589457,-0.594353,0.028684,0.069909,0.013147,-0.101494,-0.992290,0.846254,-0.843843,0.024184,0.006652,0.017110,0.424191,0.905387,0.727734,-0.712526,0.930661
1665,13.875000,-0.028035,-0.005519,-0.401290,-0.915505,0.589461,-0.594352,0.028682,0.069849,0.013171,-0.101501,-0.992293,0.846256,-0.843839,0.024188,0.006642,0.017036,0.424164,0.905401,0.727738,-0.712523,0.930672
1666,13.883333,-0.028003,-0.005517,-0.401327,-0.915490,0.589465,-0.594351,0.028675,0.069903,0.013137,-0.101503,-0.992289,0.846256,-0.843840,0.024184,0.006642,0.017212,0.424202,0.905380,0.727752,-0.712503,0.930670
1667,13.891667,-0.028040,-0.005530,-0.401345,-0.915481,0.589465,-0.594354,0.028677,0.069984,0.013181,-0.101517,-0.992282,0.846251,-0.843844,0.024182,0.006734,0.017083,0.424215,0.905375,0.727770,-0.712489,0.930655
1668,13.900000,-0.028052,-0.005564,-0.401337,-0.915484,0.589464,-0.594351,0.028679,0.069888,0.013102,-0.101507,-0.992290,0.846255,-0.843839,0.024186,0.006682,0.017315,0.424182,0.905387,0.727789,-0.712486,0.930629
1669,13.908333,-0.027929,-0.005483,-0.401336,-0.915488,0.589467,-0.594350,0.028685,0.069996,0.013177,-0.101487,-0.992284,0.846255,-0.843841,0.024183,0.006740,0.017048,0.424212,0.905377,0.727795,-0.712469,0.930664
1670,13.916667,-0.027981,-0.005556,-0.401343,-0.915483,0.589471,-0.594348,0.028686,0.069940,0.013117,-0.101476,-0.992290,0.846255,-0.843838,0.024184,0.006666,0.017262,0.424187,0.905385,0.727819,-0.712470,0.930640
1671,13.925000,-0.028022,-0.005546,-0.401359,-0.915475,0.589475,-0.594354,0.028681,0.070020,0.013174,-0.101497,-0.992281,0.846254,-0.843834,0.024180,0.006676,0.017428,0.424151,0.905399,0.727855,-0.712466,0.930619
1672,13.933333,-0.028121,-0.005599,-0.401359,-0.915472,0.589473,-0.594354,0.028683,0.069995,0.013146,-0.101476,-0.992286,0.846262,-0.843837,0.024185,0.006620,0.017259,0.424121,0.905417,0.727844,-0.712463,0.930673
1673,13.941667,-0.028085,-0.005614,-0.401363,-0.915471,0.589473,-0.594356,0.028675,0.069966,0.013075,-0.101456,-0.992291,0.846250,-0.843833,0.024174,0.006580,0.017334,0.424092,0.905429,0.727873,-0.712456,0.930674
1674,13.950000,-0.028160,-0.005672,-0.401343,-0.915478,0.589476,-0.594350,0.028680,0.069992,0.013156,-0.101464,-0.992287,0.846259,-0.843839,0.024178,0.006598,0.017403,0.424076,0.905435,0.727909,-0.712466,0.930646
1675,13.958333,-0.028076,-0.005621,-0.401351,-0.915477,0.589477,-0.594350,0.028684,0.070057,0.013104,-0.101474,-0.992282,0.846258,-0.843835,0.024175,0.006692,0.017123,0.424083,0.905437,0.727919,-0.712448,0.930674
1676,13.966667,-0.028114,-0.005649,-0.401346,-0.915478,0.589476,-0.594346,0.028688,0.070059,0.013120,-0.101487,-0.992280,0.846257,-0.843839,0.024183,0.006654,0.017427,0.424062,0.905441,0.727949,-0.712439,0.930633
1677,13.975000,-0.028198,-0.005718,-0.401345,-0.915475,0.589479,-0.594344,0.028686,0.070035,0.013132,-0.101466,-0.992284,0.846253,-0.843835,0.024177,0.006654,0.017362,0.424011,0.905466,0.727953,-0.712451,0.930650
1678,13.983333,-0.028061,-0.005659,-0.401364,-0.915471,0.589480,-0.594343,0.028685,0.069930,0.013088,-0.101505,-0.992288,0.846259,-0.843833,0.024185,0.006654,0.017403,0.423979,0.905480,0.727970,-0.712444,0.930651
1679,13.991667,-0.028103,-0.005641,-0.401366,-0.915469,0.589479,-0.594338,0.028685,0.069904,0.013108,-0.101489,-0.992291,0.846246,-0.843828,0.024180,0.006766,0.017361,0.423940,0.905498,0.727971,-0.712419,0.930650
1680,14.000000,-0.028201,-0.005730,-0.401344,-0.915475,0.589479,-0.594341,0.028680,0.070002,0.013151,-0.101450,-0.992288,0.846254,-0.843834,0.024182,0.006713,0.017260,0.423929,0.905506,0.727987,-0.712411,0.930666
1681,14.008333,-0.028095,-0.005657,-0.401359,-0.915472,0.589482,-0.594345,0.028681,0.069985,0.013149,-0.101475,-0.992286,0.846249,-0.843834,0.024178,0.006758,0.017221,0.423900,0.905520,0.727993,-0.712398,0.930669
1682,14.016667,-0.028162,-0.005678,-0.401379,-0.915461,0.589481,-0.594348,0.028677,0.070004,0.013129,-0.101457,-0.992287,0.846253,-0.843834,0.024174,0.007374,0.017120,0.423936,0.905500,0.728043,-0.712395,0.930515
1683,14.025000,-0.028196,-0.005705,-0.401340,-0.915478,0.589478,-0.594345,0.028675,0.069914,0.013125,-0.101430,-0.992296,0.846252,-0.843834,0.024175,0.007360,0.017219,0.423882,0.905524,0.728057,-0.712378,0.930530
1684,14.033333,-0.028149,-0.005655,-0.401318,-0.915489,0.589476,-0.594343,0.028663,0.069862,0.013090,-0.101447,-0.992299,0.846254,-0.843831,0.024185,0.007368,0.017411,0.423820,0.905549,0.728067,-0.712368,0.930532
1685,14.041667,-0.028085,-0.005631,-0.401317,-0.915491,0.589473,-0.594334,0.028673,0.069887,0.013075,-0.101520,-0.992289,0.846252,-0.843835,0.024185,0.007336,0.017411,0.423775,0.905570,0.728082,-0.712373,0.930563
1686,14.050000,-0.028062,-0.005616,-0.401278,-0.915509,0.589469,-0.594336,0.028674,0.069848,0.013054,-0.101488,-0.992296,0.846249,-0.843836,0.024184,0.007334,0.017538,0.423727,0.905590,0.728088,-0.712369,0.930568
1687,14.058333,-0.028093,-0.005570,-0.401295,-0.915501,0.589466,-0.594333,0.028665,0.069806,0.013084,-0.101483,-0.992299,0.846251,-0.843832,0.024187,0.006921,0.017730,0.423651,0.905626,0.728080,-0.712377,0.930684
1688,14.066667,-0.028051,-0.005579,-0.401287,-0.915506,0.589461,-0.594328,0.028662,0.069839,0.013094,-0.101471,-0.992298,0.846254,-0.843835,0.024193,0.007163,0.017306,0.423646,0.905634,0.728079,-0.712377,0.930707
1689,14.075000,-0.028053,-0.005587,-0.401259,-0.915518,0.589447,-0.594323,0.028650,0.069748,0.013010,-0.101495,-0.992303,0.846260,-0.843837,0.024198,0.007194,0.017721,0.423505,0.905692,0.728108,-0.712451,0.930582
1690,14.083333,-0.027993,-0.005552,-0.401229,-0.915533,0.589431,-0.594322,0.028651,0.069822,0.013028,-0.101489,-0.992298,0.846255,-0.843834,0.024196,0.007265,0.017401,0.423530,0.905686,0.728113,-0.712439,0.930648
1691,14.091667,-0.027935,-0.005482,-0.401174,-0.915559,0.589424,-0.594311,0.028637,0.069769,0.012969,-0.101463,-0.992305,0.846249,-0.843833,0.024198,0.007240,0.017452,0.423503,0.905698,0.728139,-0.712460,0.930661
1692,14.100000,-0.027842,-0.005444,-0.401158,-0.915570,0.589409,-0.594306,0.028632,0.069845,0.013031,-0.101487,-0.992296,0.846257,-0.843832,0.024199,0.007210,0.017623,0.423434,0.905727,0.728142,-0.712507,0.930641
1693,14.108333,-0.027895,-0.005427,-0.401109,-0.915589,0.589395,-0.594294,0.028624,0.069829,0.013028,-0.101497,-0.992297,0.846259,-0.843827,0.024203,0.007167,0.017584,0.423366,0.905760,0.728172,-0.712569,0.930621
1694,14.116667,-0.027804,-0.005393,-0.401085,-0.915603,0.589376,-0.594283,0.028619,0.069581,0.012903,-0.101477,-0.992318,0.846261,-0.843817,0.024218,0.007179,0.017511,0.423406,0.905743,0.728185,-0.712607,0.930662
1695,14.125000,-0.027690,-0.005376,-0.400992,-0.915647,0.589358,-0.594272,0.028613,0.069608,0.012928,-0.101526,-0.992311,0.846264,-0.843823,0.024224,0.007067,0.017460,0.423374,0.905759,0.728217,-0.712675,0.930685
1696,14.133333,-0.027647,-0.005298,-0.400965,-0.915661,0.589336,-0.594263,0.028602,0.069564,0.012940,-0.101566,-0.992309,0.846272,-0.843822,0.024226,0.006888,0.017636,0.423340,0.905773,0.728250,-0.712762,0.930702
1697,14.141667,-0.027541,-0.005239,-0.400922,-0.915683,0.589314,-0.594248,0.028597,0.069571,0.012897,-0.101575,-0.992308,0.846272,-0.843824,0.024227,0.006786,0.017714,0.423278,0.905801,0.728298,-0.712869,0.930707
1698,14.150000,-0.027488,-0.005212,-0.400871,-0.915707,0.589302,-0.594238,0.028592,0.069509,0.012847,-0.101601,-0.992311,0.846280,-0.843831,0.024238,0.006685,0.017773,0.423207,0.905834,0.728352,-0.712989,0.930683
1699,14.158333,-0.027428,-0.005193,-0.400814,-0.915734,0.589279,-0.594227,0.028592,0.069400,0.012761,-0.101625,-0.992317,0.846278,-0.843827,0.024246,0.006430,0.017965,0.422893,0.905979,0.728393,-0.713209,0.930654
1700,14.166667,-0.027498,-0.005153,-0.400785,-0.915745,0.589264,-0.594223,0.028574,0.069321,0.012730,-0.101601,-0.992325,0.846281,-0.843825,0.024252,0.006263,0.017935,0.422771,0.906038,0.728456,-0.713372,0.930659
1701,14.175000,-0.027382,-0.005111,-0.400751,-0.915763,0.589237,-0.594220,0.028574,0.069336,0.012696,-0.101592,-0.992326,0.846285,-0.843828,0.024253,0.007498,0.017090,0.422658,0.906097,0.728558,-0.713594,0.930393
1702,14.183333,-0.027308,-0.005107,-0.400683,-0.915796,0.589220,-0.594208,0.028578,0.068809,0.012409,-0.101544,-0.992371,0.846312,-0.843819,0.024286,0.006735,0.018065,0.422245,0.906277,0.728574,-0.713844,0.930482
1703,14.191667,-0.027268,-0.005064,-0.400664,-0.915805,0.589201,-0.594201,0.028574,0.069189,0.012623,-0.101578,-0.992338,0.846291,-0.843817,0.024268,0.006334,0.018538,0.421890,0.906435,0.728634,-0.714144,0.930502
1704,14.200000,-0.027258,-0.005076,-0.400615,-0.915827,0.589182,-0.594194,0.028563,0.068734,0.012310,-0.101558,-0.992376,0.846317,-0.843808,0.024300,0.006005,0.018746,0.421652,0.906544,0.728709,-0.714404,0.930554
1705,14.208333,-0.027134,-0.004946,-0.400585,-0.915845,0.589163,-0.594183,0.028556,0.069013,0.012488,-0.101597,-0.992350,0.846302,-0.843818,0.024282,0.005808,0.019136,0.421255,0.906722,0.728742,-0.714698,0.930606
1706,14.216667,-0.027137,-0.004890,-0.400542,-0.915864,0.589140,-0.594176,0.028549,0.069021,0.012475,-0.101603,-0.992349,0.846301,-0.843815,0.024281,0.005088,0.019744,0.420857,0.906898,0.728831,-0.715045,0.930739
1707,14.225000,-0.026903,-0.004738,-0.400502,-0.915889,0.589121,-0.594165,0.028548,0.068438,0.012153,-0.101535,-0.992401,0.846336,-0.843824,0.024325,0.004267,0.020259,0.420430,0.907089,0.728961,-0.715446,0.930829
1708,14.233333,-0.026870,-0.004670,-0.400453,-0.915911,0.589097,-0.594157,0.028543,0.068348,0.012102,-0.101587,-0.992402,0.846337,-0.843821,0.024322,0.004321,0.019857,0.420027,0.907284,0.729149,-0.715933,0.930698
1709,14.241667,-0.026748,-0.004707,-0.400414,-0.915932,0.589075,-0.594142,0.028549,0.068114,0.011990,-0.101563,-0.992422,0.846340,-0.843827,0.024317,0.003552,0.020321,0.419627,0.907462,0.729327,-0.716342,0.930810
1710,14.250000,-0.026571,-0.004525,-0.400347,-0.915967,0.589056,-0.594132,0.028549,0.068045,0.011966,-0.101586,-0.992425,0.846345,-0.843837,0.024325,0.002908,0.020516,0.419128,0.907691,0.729511,-0.716835,0.930850
1711,14.258333,-0.026465,-0.004445,-0.400335,-0.915976,0.589037,-0.594128,0.028541,0.067864,0.011901,-0.101595,-0.992437,0.846353,-0.843849,0.024329,0.002235,0.020772,0.418704,0.907882,0.729732,-0.717385,0.930952
1712,14.266667,-0.026293,-0.004396,-0.400276,-0.916007,0.589015,-0.594121,0.028540,0.067676,0.011804,-0.101593,-0.992451,0.846361,-0.843862,0.024338,0.001709,0.021432,0.418222,0.908091,0.729946,-0.717974,0.930977
1713,14.275000,-0.026204,-0.004372,-0.400222,-0.916033,0.588997,-0.594112,0.028535,0.067356,0.011698,-0.101572,-0.992477,0.846362,-0.843875,0.024346,0.001261,0.021456,0.417889,0.908244,0.730232,-0.718594,0.931022
1714,14.283333,-0.026135,-0.004258,-0.400178,-0.916055,0.588980,-0.594106,0.028534,0.067242,0.011647,-0.101569,-0.992485,0.846364,-0.843888,0.024348,0.000898,0.021443,0.417452,0.908446,0.730516,-0.719226,0.931063
1715,14.291667,-0.026028,-0.004176,-0.400148,-0.916072,0.588974,-0.594099,0.028541,0.066999,0.011605,-0.101594,-0.992500,0.846368,-0.843905,0.024355,0.000768,0.021648,0.417066,0.908618,0.730841,-0.719847,0.931071
