Frame,Time (Seconds),RFoot:Rotation:X,RFoot:Rotation:Y,RFoot:Rotation:Z,RFoot:Rotation:W,RFoot:Position:X,RFoot:Position:Y,RFoot:Position:Z,LFoot:Rotation:X,LFoot:Rotation:Y,LFoot:Rotation:Z,LFoot:Rotation:W,LFoot:Position:X,LFoot:Position:Y,LFoot:Position:Z,Waist:Rotation:X,Waist:Rotation:Y,Waist:Rotation:Z,Waist:Rotation:W,Waist:Position:X,Waist:Position:Y,Waist:Position:Z,gait_type
0,0.0,0.004568,-0.019395,-0.996585,0.080137,1.738793,0.653177,0.048885,0.006641,0.089832,-0.982329,-0.16406,1.711393,0.896214,0.052827,-0.03283,-0.003988,0.999452,0.001537,1.664332,0.77747,0.953709,jog
1,0.008333,0.004652,-0.019566,-0.99659,0.080027,1.73883,0.653199,0.04895,0.006358,0.088756,-0.982217,-0.165324,1.711659,0.896488,0.052808,-0.03489,-0.004435,0.999381,0.001271,1.663492,0.778574,0.953605,jog
2,0.016667,0.004824,-0.019989,-0.996592,0.07989,1.738868,0.653235,0.048998,0.005894,0.089173,-0.981999,-0.166406,1.711879,0.896741,0.052896,-0.036123,-0.004198,0.999338,0.00088,1.662541,0.779552,0.953542,jog
3,0.025,0.004969,-0.020378,-0.99659,0.079802,1.738896,0.653279,0.049025,0.005547,0.088053,-0.981918,-0.167489,1.712083,0.89714,0.052958,-0.037225,-0.004498,0.999296,0.000994,1.661438,0.780593,0.953492,jog
4,0.033333,0.005217,-0.02105,-0.996588,0.079642,1.738921,0.653332,0.049066,0.005249,0.086994,-0.98188,-0.168275,1.712271,0.897435,0.052943,-0.03868,-0.00463,0.99924,0.001064,1.660286,0.781676,0.953446,jog
5,0.041667,0.005344,-0.021701,-0.996585,0.079489,1.738958,0.65341,0.049096,0.004999,0.086013,-0.981883,-0.168767,1.712433,0.897692,0.052915,-0.0395,-0.004444,0.999209,0.000925,1.659051,0.782735,0.953337,jog
6,0.05,0.005618,-0.022841,-0.996582,0.079191,1.738995,0.653479,0.049121,0.004802,0.085102,-0.981922,-0.169009,1.71257,0.897888,0.052875,-0.040418,-0.004231,0.999174,0.000808,1.657781,0.783683,0.953371,jog
7,0.058333,0.005792,-0.02387,-0.996575,0.078965,1.739028,0.653567,0.049134,0.004688,0.084278,-0.981984,-0.169063,1.712702,0.898037,0.052806,-0.041231,-0.003102,0.999145,-0.000216,1.656759,0.7842,0.953534,jog
8,0.066667,0.006102,-0.025379,-0.99656,0.07866,1.739069,0.653659,0.049149,0.0046,0.083361,-0.98209,-0.168904,1.712811,0.898147,0.052732,-0.041635,-0.003128,0.999128,-0.000225,1.655278,0.785482,0.953356,jog
9,0.075,0.006424,-0.027132,-0.996536,0.078352,1.739106,0.653769,0.049161,0.004539,0.082588,-0.982208,-0.168601,1.712909,0.898229,0.052647,-0.042777,-0.002876,0.99908,5.1e-05,1.653903,0.786559,0.95335,jog
10,0.083333,0.006754,-0.029871,-0.996469,0.078171,1.739174,0.65389,0.049171,0.004635,0.082134,-0.9823,-0.168282,1.713012,0.898286,0.052534,-0.044079,-0.00234,0.999025,0.000238,1.652522,0.787663,0.95332,jog
11,0.091667,0.007108,-0.031681,-0.996431,0.077913,1.739189,0.654111,0.049164,0.004749,0.081775,-0.982374,-0.168023,1.713135,0.898314,0.05242,-0.045088,-0.00166,0.998982,0.000336,1.651241,0.788703,0.953293,jog
12,0.1,0.007774,-0.03498,-0.996335,0.077675,1.739254,0.654248,0.049214,0.00498,0.080235,-0.982617,-0.167338,1.71325,0.898237,0.052159,-0.046415,-0.001173,0.998921,0.000589,1.650022,0.789866,0.953247,jog
13,0.108333,0.008702,-0.037673,-0.996243,0.077493,1.739229,0.6545,0.049281,0.005077,0.079551,-0.982706,-0.167136,1.713344,0.898256,0.052024,-0.047917,-0.000763,0.998851,0.000641,1.648907,0.790855,0.953277,jog
14,0.116667,0.009828,-0.037589,-0.996232,0.077545,1.739132,0.654835,0.049587,0.005385,0.079609,-0.982755,-0.16681,1.713434,0.898203,0.051888,-0.050408,-0.000253,0.998728,0.001032,1.647964,0.791901,0.953324,jog
15,0.125,0.011262,-0.039478,-0.996117,0.077886,1.738948,0.655131,0.049804,0.005594,0.081329,-0.982727,-0.16614,1.713482,0.898056,0.05178,-0.052464,-9.4e-05,0.998622,0.00104,1.64719,0.792876,0.953422,jog
16,0.133333,0.013296,-0.040856,-0.995988,0.078498,1.738614,0.655359,0.050166,0.005701,0.081869,-0.982783,-0.16554,1.713467,0.897913,0.05168,-0.056081,0.000578,0.998426,0.000753,1.646358,0.794071,0.953299,jog
17,0.141667,0.015823,-0.041385,-0.995856,0.079424,1.738089,0.65557,0.050615,0.005866,0.081766,-0.982767,-0.165679,1.713509,0.897836,0.051512,-0.058996,0.000397,0.998258,0.000415,1.645612,0.795053,0.953069,jog
18,0.15,0.01932,-0.040734,-0.995754,0.080265,1.737373,0.655751,0.05121,0.006063,0.081914,-0.982677,-0.166132,1.713636,0.897813,0.051355,-0.061985,0.000135,0.998077,-0.000324,1.644887,0.796015,0.952789,jog
19,0.158333,0.023943,-0.038652,-0.995608,0.081842,1.736424,0.655819,0.052163,0.00583,0.081401,-0.982686,-0.16634,1.713736,0.897859,0.051299,-0.064462,-0.00048,0.997919,-0.001286,1.644279,0.796888,0.952274,jog
20,0.166667,0.029999,-0.035183,-0.995426,0.0836,1.735232,0.656069,0.053336,0.005841,0.081475,-0.982695,-0.166245,1.713885,0.897914,0.051197,-0.069991,-0.003705,0.997538,-0.002303,1.643684,0.797837,0.950882,jog
21,0.175,0.037523,-0.027287,-0.995272,0.085334,1.733783,0.656543,0.055162,0.006171,0.082336,-0.982685,-0.165867,1.714001,0.897885,0.051045,-0.070075,-0.003903,0.997528,-0.003395,1.643035,0.79861,0.949939,jog
22,0.183333,0.046901,-0.021713,-0.994889,0.086749,1.732243,0.657387,0.057118,0.006422,0.082475,-0.982683,-0.165806,1.714052,0.89793,0.050962,-0.068928,-0.005101,0.997599,-0.004432,1.642396,0.799063,0.948716,jog
23,0.191667,0.059383,-0.023994,-0.994058,0.088015,1.730912,0.658085,0.059544,0.006353,0.08152,-0.98271,-0.166121,1.714049,0.898059,0.051004,-0.06728,-0.005214,0.997708,-0.005037,1.641699,0.799578,0.947578,jog
24,0.2,0.07251,-0.035541,-0.992743,0.089106,1.729658,0.658685,0.062013,0.006648,0.081412,-0.982663,-0.166435,1.714044,0.898149,0.050983,-0.064201,-0.005251,0.997912,-0.00478,1.641033,0.800138,0.946331,jog
25,0.208333,0.088682,-0.030999,-0.99156,0.089354,1.728667,0.660308,0.065604,0.007536,0.082402,-0.982569,-0.166468,1.714032,0.898149,0.050807,-0.060393,-0.004708,0.998151,-0.005093,1.64011,0.800561,0.944924,jog
26,0.216667,0.102486,-0.033564,-0.989648,0.094692,1.726941,0.661632,0.069082,0.007909,0.083737,-0.982351,-0.167067,1.713874,0.898368,0.050659,-0.056664,-0.004537,0.998369,-0.005273,1.639155,0.801055,0.943282,jog
27,0.225,0.116304,-0.034745,-0.987805,0.097508,1.725183,0.663273,0.073091,0.008127,0.084273,-0.98225,-0.167383,1.71385,0.898423,0.050606,-0.051962,-0.004083,0.998628,-0.005061,1.63808,0.801562,0.941438,jog
28,0.233333,0.130538,-0.038697,-0.985821,0.098076,1.723072,0.665228,0.077641,0.008234,0.084819,-0.982153,-0.167673,1.713866,0.898469,0.050541,-0.047706,-0.003599,0.998844,-0.004724,1.636891,0.802034,0.939327,jog
29,0.241667,0.142702,-0.039777,-0.984219,0.096787,1.720669,0.667679,0.082035,0.008645,0.086004,-0.98203,-0.167765,1.713853,0.898497,0.050434,-0.0419,-0.003238,0.999107,-0.004464,1.635688,0.802493,0.937077,jog
30,0.25,0.150421,-0.0383,-0.983267,0.095352,1.717535,0.670745,0.086943,0.008772,0.08738,-0.981913,-0.167732,1.713873,0.898545,0.050348,-0.036373,-0.00343,0.999325,-0.003951,1.634332,0.80287,0.934677,jog
31,0.258333,0.157458,-0.042015,-0.982418,0.09109,1.713614,0.673777,0.09186,0.008863,0.088785,-0.981809,-0.167603,1.7139,0.898532,0.050265,-0.027024,-0.001266,0.999624,-0.004523,1.632963,0.802823,0.933061,jog
32,0.266667,0.164118,-0.046571,-0.981044,0.091924,1.708247,0.676044,0.096642,0.009067,0.09011,-0.981694,-0.167557,1.713906,0.89853,0.0502,-0.021484,-1.6e-05,0.999759,-0.004476,1.63124,0.803203,0.930701,jog
33,0.275,0.172629,-0.02715,-0.980143,0.09371,1.700235,0.680049,0.101999,0.009282,0.091463,-0.981415,-0.168442,1.713878,0.898765,0.05031,-0.016737,0.000462,0.999851,-0.004233,1.629405,0.803547,0.928363,jog
34,0.283333,0.178778,-0.021615,-0.979214,0.09333,1.69357,0.683238,0.106593,0.00974,0.0929,-0.981236,-0.168671,1.713827,0.898758,0.050315,-0.015171,-0.001951,0.999875,-0.003997,1.627356,0.803873,0.925165,jog
35,0.291667,0.183859,-0.02586,-0.978565,0.089092,1.687317,0.68623,0.110693,0.010563,0.094204,-0.981052,-0.168972,1.713737,0.898717,0.050309,-0.012094,-0.002312,0.999914,-0.004453,1.625343,0.803896,0.923138,jog
36,0.3,0.18669,-0.014572,-0.978016,0.091754,1.679672,0.688888,0.115047,0.013823,0.09032,-0.981552,-0.167947,1.713955,0.898542,0.050812,-0.011968,-0.00297,0.999911,-0.005093,1.623143,0.804397,0.919829,jog
37,0.308333,0.190926,-0.014142,-0.976885,0.095094,1.671647,0.69077,0.118261,0.014772,0.090926,-0.981455,-0.168109,1.713852,0.898448,0.050891,-0.012516,-0.00429,0.999895,-0.005938,1.620683,0.80465,0.916593,jog
38,0.316667,0.195875,-0.008908,-0.975885,0.09593,1.660995,0.694623,0.121075,0.015764,0.091437,-0.98137,-0.168238,1.713753,0.898329,0.050972,-0.01293,-0.004669,0.999885,-0.006472,1.617805,0.804995,0.913635,jog
39,0.325,0.197892,-0.005925,-0.975237,0.098568,1.651133,0.696982,0.123604,0.016745,0.092531,-0.981232,-0.168352,1.713654,0.898244,0.051022,-0.012483,-0.006407,0.999869,-0.008057,1.614879,0.805149,0.910522,jog
40,0.333333,0.197796,-0.010174,-0.975444,0.096346,1.641895,0.699302,0.125455,0.018037,0.09326,-0.981141,-0.168342,1.713547,0.898096,0.051101,-0.010616,0.000962,0.999923,-0.006294,1.612924,0.806687,0.90671,jog
41,0.341667,0.201072,0.000798,-0.973677,0.107344,1.62934,0.700309,0.127542,0.019782,0.087981,-0.981095,-0.171233,1.712916,0.897874,0.051634,-0.006814,-0.010308,0.999865,-0.010823,1.609473,0.805451,0.903736,jog
42,0.35,0.201446,0.005899,-0.973011,0.112405,1.617663,0.701236,0.128971,0.021094,0.088452,-0.981008,-0.171331,1.712777,0.897689,0.05175,-0.008722,-0.010949,0.999839,-0.011227,1.606098,0.805858,0.899735,jog
43,0.358333,0.200194,0.009958,-0.973303,0.111822,1.605421,0.702555,0.129693,0.02077,0.096575,-0.980143,-0.171934,1.712661,0.897226,0.05128,-0.013591,-0.010171,0.999806,-0.01002,1.602606,0.806445,0.895126,jog
44,0.366667,0.200736,0.000697,-0.973338,0.110988,1.593831,0.702559,0.130558,0.021896,0.098986,-0.979805,-0.172349,1.712579,0.897034,0.051216,-0.011697,-0.006235,0.999864,-0.009808,1.599372,0.806524,0.891972,jog
45,0.375,0.194849,0.013655,-0.974247,0.112649,1.579356,0.704025,0.130181,0.023192,0.101957,-0.979472,-0.17234,1.712618,0.896887,0.05114,-0.013181,-0.008121,0.999822,-0.010785,1.595992,0.806168,0.88861,jog
46,0.383333,0.19176,0.021022,-0.974041,0.118447,1.564905,0.704753,0.129598,0.025393,0.103134,-0.979316,-0.172215,1.712484,0.896848,0.051295,-0.01194,-0.008897,0.999825,-0.011289,1.592393,0.805891,0.884994,jog
47,0.391667,0.190999,0.020152,-0.973547,0.12377,1.549807,0.704823,0.12843,0.027694,0.09745,-0.979823,-0.172289,1.71255,0.896945,0.051835,-0.010604,-0.008328,0.999855,-0.010407,1.588451,0.805796,0.880998,jog
48,0.4,0.186378,0.024602,-0.97408,0.125802,1.53466,0.705491,0.127484,0.029007,0.099335,-0.979267,-0.17415,1.712319,0.896444,0.051846,-0.009721,-0.009057,0.999846,-0.011477,1.584345,0.804971,0.878337,jog
49,0.408333,0.173989,0.025854,-0.976573,0.123954,1.51944,0.706268,0.125896,0.029857,0.103048,-0.978922,-0.173787,1.712437,0.896178,0.051676,-0.007381,-0.007351,0.999875,-0.011872,1.580119,0.804167,0.875836,jog
50,0.416667,0.166391,0.019456,-0.977787,0.125969,1.502966,0.705298,0.12365,0.030596,0.103689,-0.978705,-0.174498,1.712446,0.895993,0.051722,-0.011968,-0.007334,0.99985,-0.010153,1.575511,0.803935,0.87192,jog
51,0.425,0.151937,0.022806,-0.979675,0.128966,1.486267,0.706239,0.121627,0.030359,0.115396,-0.977247,-0.175355,1.712317,0.895973,0.050983,-0.011105,-0.008678,0.999857,-0.009346,1.5703,0.802851,0.869633,jog
52,0.433333,0.145859,0.022801,-0.98076,0.127731,1.469788,0.705123,0.119647,0.031286,0.116964,-0.976952,-0.1758,1.71226,0.89583,0.050909,-0.014413,-0.009755,0.999815,-0.008146,1.564925,0.802117,0.866969,jog
53,0.441667,0.131187,0.024396,-0.981843,0.134831,1.451529,0.705681,0.116818,0.032229,0.118764,-0.976541,-0.176701,1.712292,0.895655,0.050902,-0.010093,-0.007675,0.999901,-0.006177,1.559476,0.801562,0.864467,jog
54,0.45,0.117541,0.022864,-0.983457,0.135917,1.434126,0.704342,0.114063,0.033498,0.118723,-0.976345,-0.177579,1.712345,0.895462,0.051019,-0.01178,-0.008319,0.999888,-0.004072,1.553649,0.800876,0.861958,jog
55,0.458333,0.105847,0.024766,-0.984256,0.139366,1.415705,0.702835,0.111688,0.034359,0.118552,-0.976096,-0.178888,1.712438,0.895284,0.051153,-0.012356,-0.008744,0.999883,-0.00211,1.547513,0.79991,0.860338,jog
56,0.466667,0.097376,0.031185,-0.985013,0.138906,1.397667,0.700452,0.10971,0.038961,0.115043,-0.976563,-0.177685,1.712241,0.894839,0.050889,-0.013999,-0.007335,0.999875,-0.000393,1.541098,0.798947,0.859345,jog
57,0.475,0.08733,0.038161,-0.985954,0.137156,1.378965,0.697999,0.107591,0.04107,0.114173,-0.976409,-0.178615,1.712257,0.894575,0.051042,-0.015273,-0.005915,0.999865,0.000984,1.534322,0.797757,0.85932,jog
58,0.483333,0.076172,0.045387,-0.986258,0.139403,1.360052,0.695651,0.10547,0.04298,0.113486,-0.97625,-0.17947,1.712333,0.894277,0.051153,-0.02135,-0.005493,0.99975,0.003711,1.527332,0.797126,0.858358,jog
59,0.491667,0.063911,0.053032,-0.986579,0.140588,1.341228,0.693228,0.103353,0.044073,0.113188,-0.975933,-0.181108,1.71231,0.894071,0.05136,-0.019765,-0.001315,0.999789,0.005416,1.519454,0.796071,0.858606,jog
60,0.5,0.052019,0.05878,-0.98657,0.143245,1.322397,0.690211,0.101164,0.045579,0.113974,-0.975522,-0.182455,1.712316,0.893823,0.051475,-0.021763,-0.000525,0.999743,0.006295,1.511439,0.794762,0.85923,jog
61,0.508333,0.040347,0.06229,-0.986699,0.144627,1.303591,0.686929,0.098789,0.046874,0.115689,-0.974989,-0.18389,1.712332,0.893573,0.051632,-0.019818,0.008503,0.999741,0.007212,1.503661,0.793288,0.862066,jog
62,0.516667,0.027186,0.048524,-0.987426,0.147971,1.284995,0.68235,0.095472,0.048794,0.116319,-0.974617,-0.18496,1.712271,0.893345,0.051816,-0.022905,0.012433,0.999636,0.007034,1.495621,0.791782,0.863868,jog
63,0.525,0.014363,0.052823,-0.986764,0.152647,1.265811,0.678609,0.092969,0.050639,0.1175,-0.9742,-0.185913,1.712167,0.893147,0.052055,-0.024862,0.012277,0.999588,0.007401,1.486582,0.790343,0.865296,jog
64,0.533333,0.00186,0.053698,-0.986342,0.1557,1.247424,0.674735,0.090251,0.053511,0.119004,-0.973702,-0.186761,1.712029,0.892818,0.052313,-0.032144,0.013644,0.999357,0.008126,1.477543,0.788971,0.866939,jog
65,0.541667,-0.01098,0.053775,-0.98599,0.157515,1.229001,0.670592,0.087428,0.056631,0.123302,-0.972775,-0.187877,1.712036,0.892549,0.052802,-0.039443,0.011023,0.999117,0.009416,1.467567,0.787937,0.867224,jog
66,0.55,-0.023365,0.053323,-0.985696,0.158157,1.210794,0.666388,0.08445,0.059051,0.130392,-0.971282,-0.190061,1.711865,0.892313,0.05347,-0.036165,0.00272,0.999331,0.004772,1.457074,0.785941,0.873303,jog
67,0.558333,-0.035039,0.053609,-0.985069,0.159807,1.192968,0.661991,0.081388,0.064364,0.135336,-0.970065,-0.191089,1.711655,0.891949,0.054151,-0.041735,0.006706,0.999098,0.003986,1.447118,0.78414,0.877086,jog
68,0.566667,-0.047645,0.054415,-0.984217,0.161509,1.175591,0.657536,0.078272,0.071639,0.141349,-0.968484,-0.192163,1.711461,0.891772,0.055204,-0.041554,0.00659,0.999103,0.004772,1.436537,0.782564,0.879828,jog
69,0.575,-0.056549,0.054494,-0.983768,0.161351,1.158221,0.653207,0.075367,0.080302,0.145827,-0.967134,-0.192194,1.711213,0.891484,0.056758,-0.054916,0.009933,0.998421,0.006381,1.426421,0.780676,0.880381,jog
70,0.583333,-0.068584,0.059099,-0.981777,0.167085,1.14232,0.647828,0.072782,0.092679,0.141955,-0.966835,-0.191021,1.710817,0.891193,0.058973,-0.066256,0.014393,0.997666,0.008095,1.416324,0.778811,0.882053,jog
71,0.591667,-0.076517,0.058737,-0.980854,0.169175,1.127282,0.643529,0.069885,0.105462,0.144688,-0.965532,-0.188919,1.709983,0.891105,0.061215,-0.073377,0.01628,0.997136,0.008412,1.405052,0.776996,0.884004,jog
72,0.6,-0.081543,0.059405,-0.980412,0.169158,1.113236,0.639833,0.067454,0.124688,0.142376,-0.964313,-0.185158,1.709062,0.890953,0.06384,-0.088288,0.008466,0.99602,0.008872,1.394727,0.774559,0.884647,jog
73,0.608333,-0.076174,0.048591,-0.982518,0.162775,1.101477,0.63783,0.064864,0.144858,0.139527,-0.962537,-0.181853,1.707771,0.890725,0.066422,-0.079443,0.014367,0.996711,0.006998,1.3827,0.771162,0.891854,jog
74,0.616667,-0.066421,0.039513,-0.98344,0.163928,1.092836,0.635132,0.062223,0.164908,0.13801,-0.959725,-0.180793,1.706525,0.890381,0.069227,-0.084983,0.010189,0.996305,0.007079,1.37127,0.768293,0.894909,jog
75,0.625,-0.049354,0.025461,-0.984975,0.163525,1.087911,0.634301,0.059279,0.187561,0.136118,-0.955969,-0.180045,1.70535,0.890202,0.072721,-0.084592,0.006836,0.996372,0.006373,1.359001,0.765175,0.898185,jog
76,0.633333,-0.032006,0.021456,-0.986267,0.160599,1.086233,0.635363,0.056569,0.211805,0.135417,-0.950864,-0.180718,1.704175,0.890033,0.07619,-0.08933,0.004627,0.99596,0.007844,1.347088,0.761638,0.901874,jog
77,0.641667,-0.017698,0.019336,-0.986915,0.159098,1.0875,0.637092,0.054412,0.237217,0.126174,-0.945802,-0.182391,1.70305,0.889613,0.080493,-0.105554,0.001488,0.994378,0.008298,1.335432,0.758043,0.904599,jog
78,0.65,-0.010629,0.018182,-0.987871,0.153842,1.090696,0.639884,0.053518,0.264904,0.121866,-0.938721,-0.183789,1.701865,0.889151,0.084551,-0.114533,-0.007983,0.993361,0.00717,1.324709,0.75437,0.904934,jog
79,0.658333,-0.006025,0.012236,-0.988164,0.152795,1.095032,0.642085,0.05301,0.292166,0.124806,-0.930318,-0.183226,1.700834,0.888995,0.088924,-0.139021,-0.030243,0.989823,0.003113,1.313852,0.748081,0.902453,jog
80,0.666667,-0.004094,0.006123,-0.988934,0.148174,1.099275,0.644756,0.052211,0.314993,0.127079,-0.922648,-0.182622,1.699461,0.888806,0.093361,-0.136856,-0.026042,0.990215,0.008183,1.302436,0.74638,0.905432,jog
81,0.675,0.001052,0.001404,-0.989083,0.147347,1.102777,0.646367,0.051238,0.339453,0.145306,-0.912322,-0.176993,1.698406,0.889113,0.097293,-0.144699,-0.028958,0.989031,0.006392,1.290595,0.741999,0.907803,jog
82,0.683333,0.004546,-0.002167,-0.988974,0.148002,1.105399,0.647497,0.050479,0.36266,0.142992,-0.903479,-0.178203,1.695447,0.888872,0.1013,-0.149357,-0.035127,0.988148,0.00463,1.279247,0.738014,0.908425,jog
83,0.691667,0.003133,-0.006068,-0.989162,0.146671,1.107164,0.648075,0.049847,0.385582,0.142009,-0.893837,-0.179484,1.691183,0.888625,0.105225,-0.14925,-0.03508,0.988171,0.003482,1.266829,0.7337,0.910728,jog
84,0.7,0.003368,-0.008367,-0.989045,0.147342,1.107662,0.648244,0.049632,0.40838,0.153413,-0.881518,-0.180597,1.685191,0.888553,0.109625,-0.148627,-0.032698,0.988348,0.003027,1.255592,0.729928,0.91152,jog
85,0.708333,0.003604,-0.011002,-0.989112,0.146708,1.106992,0.648489,0.049666,0.426531,0.164262,-0.871742,-0.176509,1.678925,0.888437,0.113714,-0.151062,-0.034855,0.987909,0.00071,1.244367,0.7262,0.911869,jog
86,0.716667,0.004159,-0.011195,-0.9891,0.14676,1.105915,0.648285,0.049438,0.440258,0.179968,-0.863957,-0.16542,1.671811,0.887888,0.118207,-0.150327,-0.031892,0.988122,-0.000558,1.233003,0.722623,0.912916,jog
87,0.725,0.006772,-0.012527,-0.989313,0.14511,1.105228,0.648417,0.04927,0.450333,0.188466,-0.856897,-0.165554,1.662371,0.88775,0.124798,-0.152312,-0.032755,0.987774,-0.005564,1.222247,0.717936,0.912523,jog
88,0.733333,0.009464,-0.01089,-0.989267,0.145406,1.105077,0.648032,0.049262,0.457366,0.199462,-0.85235,-0.156622,1.652808,0.885954,0.130434,-0.151209,-0.029719,0.988022,-0.008038,1.210768,0.714146,0.912486,jog
89,0.741667,0.009504,-0.009873,-0.989304,0.145221,1.105282,0.647971,0.049223,0.463575,0.180955,-0.852055,-0.162344,1.639951,0.883224,0.137556,-0.149948,-0.023166,0.988394,-0.007474,1.198936,0.711267,0.912621,jog
90,0.75,0.00915,-0.009491,-0.989328,0.145109,1.105709,0.64806,0.048984,0.467213,0.182564,-0.850172,-0.159972,1.626612,0.880674,0.143877,-0.148552,-0.022567,0.988599,-0.009798,1.187222,0.707612,0.911137,jog
91,0.758333,0.009685,-0.010352,-0.989234,0.145656,1.105892,0.648209,0.04891,0.464293,0.188287,-0.852072,-0.151504,1.611847,0.877906,0.149716,-0.147035,-0.020741,0.988793,-0.015448,1.177227,0.703684,0.909993,jog
92,0.766667,0.010862,-0.011084,-0.989187,0.145836,1.105784,0.648265,0.048906,0.460892,0.196867,-0.854165,-0.138652,1.595798,0.87486,0.155137,-0.146365,-0.020377,0.988818,-0.02002,1.166151,0.699968,0.908169,jog
93,0.775,0.012794,-0.01075,-0.98919,0.145686,1.105624,0.648135,0.048851,0.469174,0.167465,-0.855043,-0.143989,1.576548,0.870423,0.161371,-0.143382,-0.014968,0.9893,-0.022414,1.154784,0.69649,0.907277,jog
94,0.783333,0.014696,-0.009577,-0.989235,0.14528,1.105457,0.647994,0.048807,0.471428,0.161181,-0.856193,-0.136788,1.557722,0.866467,0.166297,-0.143211,-0.011083,0.989275,-0.026526,1.143788,0.692304,0.905807,jog
95,0.791667,0.016512,-0.007976,-0.989238,0.14516,1.105405,0.647852,0.048775,0.475586,0.160371,-0.8551,-0.130011,1.537933,0.862568,0.17109,-0.141754,-0.007721,0.989391,-0.030857,1.132767,0.688485,0.90384,jog
96,0.8,0.018372,-0.006831,-0.989203,0.145235,1.105401,0.647766,0.048776,0.477297,0.161118,-0.854933,-0.12377,1.516444,0.858627,0.175595,-0.140706,-0.004651,0.989443,-0.034388,1.121786,0.684437,0.901779,jog
97,0.808333,0.02169,-0.006267,-0.989102,0.145491,1.105303,0.647848,0.048718,0.479879,0.162805,-0.853815,-0.119209,1.493485,0.854723,0.179769,-0.14646,-0.007881,0.98838,-0.039901,1.110091,0.681722,0.900307,jog
98,0.816667,0.023807,-0.010199,-0.988855,0.146613,1.105093,0.647563,0.048479,0.48099,0.166975,-0.852959,-0.115018,1.469137,0.850844,0.183512,-0.136522,-0.005577,0.989688,-0.042993,1.098909,0.677073,0.898175,jog
99,0.825,0.024952,-0.009047,-0.988746,0.147233,1.105045,0.647643,0.048787,0.480502,0.174296,-0.852515,-0.109348,1.443312,0.846968,0.186711,-0.135937,-0.00766,0.98957,-0.047041,1.08806,0.674159,0.894473,jog
100,0.833333,0.027109,-0.008695,-0.988528,0.148333,1.104954,0.647784,0.048898,0.479488,0.179437,-0.852489,-0.105628,1.415906,0.842972,0.189455,-0.132632,-0.008851,0.989753,-0.052154,1.07758,0.670436,0.891285,jog
101,0.841667,0.029242,-0.007971,-0.988333,0.149262,1.104886,0.648009,0.049082,0.476229,0.18515,-0.853622,-0.101269,1.387274,0.838874,0.191641,-0.129993,-0.013142,0.989656,-0.059254,1.067669,0.667365,0.887641,jog
102,0.85,0.03143,-0.007211,-0.988104,0.150371,1.104789,0.648248,0.04921,0.472836,0.189103,-0.855117,-0.097166,1.357276,0.834396,0.193171,-0.126029,-0.0141,0.989818,-0.064635,1.056952,0.66383,0.884998,jog
103,0.858333,0.033982,-0.009164,-0.987684,0.152455,1.104478,0.648229,0.049169,0.467767,0.194813,-0.857457,-0.089498,1.32659,0.829575,0.193761,-0.123777,-0.015049,0.98972,-0.070056,1.046134,0.660641,0.882505,jog
104,0.866667,0.036123,-0.009137,-0.987338,0.154194,1.104309,0.648453,0.049207,0.459865,0.200198,-0.861381,-0.080425,1.29483,0.824538,0.193605,-0.121055,-0.015728,0.989552,-0.076722,1.034406,0.656939,0.879535,jog
105,0.875,0.037596,-0.011057,-0.986808,0.157077,1.104089,0.648742,0.049054,0.450662,0.198924,-0.867117,-0.073768,1.261792,0.819256,0.192874,-0.118326,-0.016369,0.989367,-0.082972,1.02275,0.653491,0.876891,jog
106,0.883333,0.038147,-0.014944,-0.986503,0.158532,1.103977,0.649062,0.048911,0.445137,0.192993,-0.871532,-0.070984,1.227193,0.813111,0.190801,-0.114489,-0.010301,0.989458,-0.088083,1.009803,0.65025,0.875902,jog
107,0.891667,0.038709,-0.017759,-0.986005,0.161183,1.103797,0.649438,0.048717,0.437047,0.186642,-0.87734,-0.06655,1.191482,0.805343,0.189165,-0.110098,-0.004766,0.989197,-0.096668,0.997279,0.647065,0.875129,jog
108,0.9,0.039127,-0.011788,-0.985987,0.161741,1.103994,0.649858,0.049242,0.419201,0.197023,-0.884548,-0.055021,1.157146,0.799838,0.186323,-0.103994,-0.004429,0.989332,-0.101916,0.985599,0.643189,0.874089,jog
109,0.908333,0.0409,-0.009575,-0.985713,0.163113,1.103943,0.649992,0.04936,0.396583,0.213561,-0.891986,-0.038399,1.121801,0.793156,0.182155,-0.102881,-0.006262,0.988753,-0.108373,0.974372,0.639054,0.872437,jog
110,0.916667,0.04196,-0.00945,-0.985491,0.164188,1.103907,0.650192,0.049487,0.384535,0.189751,-0.90233,-0.043923,1.083485,0.785154,0.178908,-0.104513,-0.00334,0.987763,-0.115716,0.962473,0.635727,0.871885,jog
111,0.925,0.04243,-0.005214,-0.985193,0.166036,1.104089,0.650212,0.049824,0.374795,0.177512,-0.908623,-0.04921,1.045366,0.777635,0.175163,-0.100526,-0.007446,0.98741,-0.121908,0.950472,0.631933,0.87103,jog
112,0.933333,0.044291,-0.004278,-0.984764,0.168106,1.10384,0.650191,0.049942,0.354645,0.174696,-0.917268,-0.048241,1.007824,0.76995,0.170273,-0.095116,-0.009738,0.986973,-0.12939,0.937251,0.627491,0.871977,jog
113,0.941667,0.046655,-0.004449,-0.9844,0.169588,1.103679,0.650401,0.05006,0.331002,0.172845,-0.926266,-0.050931,0.969658,0.762096,0.164885,-0.088401,-0.011118,0.9869,-0.1345,0.9235,0.621667,0.872846,jog
114,0.95,0.050147,-0.00395,-0.984029,0.170754,1.103577,0.650721,0.05034,0.30867,0.175044,-0.933637,-0.049034,0.931295,0.754823,0.160067,-0.087674,-0.013716,0.986095,-0.140504,0.909248,0.617466,0.874744,jog
115,0.958333,0.056364,0.004102,-0.983626,0.171134,1.103632,0.651536,0.051135,0.278658,0.18286,-0.941966,-0.040156,0.893145,0.747116,0.154448,-0.083759,-0.017005,0.985524,-0.146414,0.893957,0.612877,0.877452,jog
116,0.966667,0.062827,0.005435,-0.983156,0.171544,1.103412,0.651862,0.051612,0.263135,0.174545,-0.947719,-0.046071,0.8534,0.738375,0.149342,-0.083823,-0.019539,0.984809,-0.150807,0.878743,0.608041,0.879837,jog
117,0.975,0.070608,0.012532,-0.982303,0.173027,1.103099,0.652148,0.05297,0.234568,0.172283,-0.955189,-0.053957,0.814308,0.728898,0.143386,-0.082188,-0.024174,0.984289,-0.154389,0.862572,0.602407,0.882578,jog
118,0.983333,0.08015,0.016915,-0.981483,0.17315,1.102671,0.652143,0.054646,0.210832,0.165793,-0.96161,-0.058042,0.774723,0.719716,0.137846,-0.08423,-0.023721,0.98358,-0.157842,0.846407,0.597612,0.884929,jog
119,0.991667,0.092799,0.017746,-0.980454,0.17258,1.101976,0.651719,0.05665,0.187009,0.158592,-0.967493,-0.061915,0.73507,0.710389,0.132284,-0.090014,-0.027473,0.98298,-0.157778,0.830524,0.593724,0.888009,jog
120,1.0,0.106797,0.018952,-0.979268,0.171081,1.101164,0.651385,0.059288,0.16186,0.150649,-0.973168,-0.063643,0.6951,0.700655,0.126844,-0.088788,-0.031868,0.982678,-0.159513,0.814138,0.589107,0.892272,jog
121,1.008333,0.12648,0.023037,-0.976956,0.170379,1.099992,0.65083,0.062893,0.135999,0.142273,-0.978251,-0.065479,0.655178,0.690351,0.121514,-0.081298,-0.038909,0.982353,-0.163886,0.795992,0.584154,0.897637,jog
122,1.016667,0.151641,0.038353,-0.972782,0.170967,1.0986,0.650746,0.067244,0.104474,0.134244,-0.983508,-0.061445,0.615003,0.679982,0.116146,-0.081355,-0.042496,0.982192,-0.163932,0.779177,0.579698,0.901878,jog
123,1.025,0.179134,0.049817,-0.967304,0.172489,1.097242,0.650418,0.072121,0.078372,0.123559,-0.987252,-0.062642,0.574505,0.668882,0.111426,-0.078275,-0.048866,0.98202,-0.164688,0.761752,0.574937,0.908041,jog
124,1.033333,0.210218,0.065711,-0.959369,0.176358,1.09594,0.649865,0.077657,0.061144,0.103842,-0.990953,-0.059086,0.53387,0.657784,0.107973,-0.077322,-0.052337,0.981862,-0.165012,0.743967,0.570317,0.913611,jog
125,1.041667,0.240121,0.076657,-0.950744,0.180421,1.094437,0.649154,0.083645,0.035698,0.091233,-0.9937,-0.054429,0.494014,0.646362,0.104442,-0.079033,-0.054972,0.981691,-0.164361,0.726153,0.565646,0.919788,jog
126,1.05,0.273039,0.08508,-0.940932,0.181271,1.092763,0.648818,0.090123,0.001835,0.071146,-0.996204,-0.050119,0.45462,0.63424,0.100977,-0.082433,-0.056309,0.981463,-0.163598,0.708057,0.561002,0.92543,jog
127,1.058333,0.317887,0.096432,-0.925759,0.18061,1.091144,0.648899,0.096129,-0.021084,0.058058,-0.997129,-0.043793,0.416371,0.622635,0.099165,-0.083069,-0.058136,0.981456,-0.162681,0.689881,0.556475,0.930737,jog
128,1.066667,0.357449,0.103016,-0.910117,0.182494,1.089806,0.648273,0.103282,-0.043626,0.043395,-0.997402,-0.037459,0.379371,0.611043,0.097995,-0.086224,-0.059136,0.981373,-0.161168,0.671618,0.551317,0.93613,jog
129,1.075,0.392827,0.118605,-0.892266,0.188363,1.088415,0.647783,0.111554,-0.064482,0.026053,-0.997145,-0.029426,0.344064,0.599528,0.097964,-0.086621,-0.05797,0.981632,-0.159797,0.65304,0.54639,0.940204,jog
130,1.083333,0.425744,0.128223,-0.874429,0.1941,1.087199,0.646819,0.121276,-0.08454,0.009942,-0.996133,-0.021755,0.31102,0.588434,0.098419,-0.089035,-0.059458,0.98162,-0.157987,0.634468,0.541285,0.944328,jog
131,1.091667,0.450221,0.132083,-0.859915,0.201002,1.085084,0.644731,0.133105,-0.106388,-0.000846,-0.994229,-0.013799,0.280325,0.577914,0.099467,-0.092102,-0.059727,0.981616,-0.156144,0.615842,0.536027,0.947613,jog
132,1.1,0.470394,0.120114,-0.851464,0.198274,1.082231,0.642754,0.1466,-0.128932,-0.005601,-0.991626,-0.004782,0.251933,0.568262,0.100599,-0.093852,-0.059037,0.981779,-0.154324,0.59701,0.530836,0.950208,jog
133,1.108333,0.505368,0.098484,-0.837474,0.183146,1.080603,0.642381,0.159217,-0.139927,-0.019118,-0.98997,0.003893,0.226712,0.559303,0.101365,-0.096445,-0.059499,0.981873,-0.151935,0.578476,0.525531,0.952296,jog
134,1.116667,0.538394,0.082897,-0.818767,0.181332,1.077058,0.640094,0.172169,-0.1518,-0.026751,-0.988044,0.003114,0.204243,0.551986,0.101373,-0.096308,-0.05747,0.982437,-0.14913,0.560004,0.520278,0.953207,jog
135,1.125,0.554405,0.073043,-0.805948,0.194284,1.0706,0.635996,0.186843,-0.157638,-0.034508,-0.986887,0.003704,0.185376,0.545958,0.100408,-0.095927,-0.055042,0.983023,-0.146406,0.541627,0.515172,0.953498,jog
136,1.133333,0.567308,0.057884,-0.794575,0.208474,1.064016,0.631375,0.202395,-0.161222,-0.037387,-0.986208,0.001661,0.16917,0.541368,0.09827,-0.093546,-0.054615,0.983664,-0.143775,0.523478,0.510063,0.953297,jog
137,1.141667,0.583137,0.042694,-0.780547,0.221076,1.056535,0.625992,0.218608,-0.161711,-0.038032,-0.986105,-0.000185,0.155669,0.537595,0.095,-0.091432,-0.052223,0.984418,-0.140831,0.505425,0.505022,0.952186,jog
138,1.15,0.603692,0.024868,-0.762728,0.230614,1.048304,0.620329,0.234261,-0.161206,-0.03706,-0.986215,-0.004445,0.144268,0.534693,0.090628,-0.089384,-0.050449,0.985161,-0.137563,0.487698,0.500103,0.950393,jog
139,1.158333,0.620288,0.005637,-0.75056,0.227751,1.037587,0.614204,0.251242,-0.158124,-0.036489,-0.986726,-0.006036,0.135133,0.532056,0.085004,-0.087787,-0.05117,0.985631,-0.13493,0.470106,0.495045,0.947902,jog
140,1.166667,0.636974,-0.006057,-0.737047,0.225808,1.024049,0.607345,0.267337,-0.153854,-0.035537,-0.987441,-0.005126,0.127636,0.529649,0.078369,-0.083288,-0.049541,0.986486,-0.132117,0.45258,0.490269,0.944499,jog
141,1.175,0.651299,-0.005185,-0.723908,0.227462,1.007729,0.600613,0.282944,-0.142245,-0.030496,-0.989361,-0.000533,0.122572,0.527574,0.070729,-0.076397,-0.048362,0.987471,-0.129325,0.435112,0.485582,0.94015,jog
142,1.183333,0.669455,-0.014701,-0.71307,0.207714,0.990908,0.595135,0.2974,-0.121024,-0.021457,-0.992416,0.001565,0.119185,0.525552,0.062173,-0.067447,-0.045389,0.988654,-0.12631,0.417687,0.48088,0.934703,jog
143,1.191667,0.685971,-0.012955,-0.701712,0.192034,0.971781,0.58869,0.311106,-0.090706,0.001418,-0.995871,0.003295,0.117685,0.524036,0.053896,-0.057934,-0.041753,0.989803,-0.123248,0.400493,0.476321,0.928741,jog
144,1.2,0.698681,-0.002629,-0.691584,0.183164,0.951384,0.581193,0.323794,-0.059797,0.026761,-0.997852,0.000701,0.117425,0.523014,0.048426,-0.045708,-0.03936,0.990898,-0.120345,0.383753,0.472007,0.921789,jog
145,1.208333,0.695619,0.028649,-0.691427,0.192929,0.925966,0.573354,0.335092,-0.037698,0.036449,-0.998616,0.004157,0.117278,0.52143,0.046269,-0.036684,-0.03661,0.991785,-0.116946,0.367523,0.46816,0.91473,jog
146,1.216667,0.702187,0.041646,-0.685482,0.187921,0.900871,0.564462,0.3455,-0.025053,0.052284,-0.998305,0.005019,0.115289,0.520841,0.044545,-0.028041,-0.034858,0.992567,-0.113179,0.352037,0.46457,0.907712,jog
147,1.225,0.707205,0.05373,-0.682644,0.17599,0.874012,0.556548,0.354481,-0.01318,0.060276,-0.998092,0.002234,0.112467,0.520781,0.042368,-0.018725,-0.033959,0.993156,-0.110168,0.337338,0.461085,0.900747,jog
148,1.233333,0.712713,0.061319,-0.679423,0.163293,0.846267,0.548216,0.361969,-0.005846,0.073486,-0.997273,-0.003515,0.110149,0.520628,0.040962,-0.006664,-0.036101,0.993712,-0.10578,0.322595,0.457812,0.893377,jog
149,1.241667,0.717838,0.067563,-0.675463,0.154577,0.816984,0.539552,0.367809,-0.002818,0.083078,-0.996516,-0.006813,0.109323,0.519845,0.040707,0.002789,-0.039174,0.994034,-0.101754,0.308401,0.454124,0.886262,jog
150,1.25,0.717463,0.075822,-0.676116,0.149548,0.7865,0.530583,0.372476,0.001305,0.08824,-0.996065,-0.00816,0.109013,0.519319,0.04042,0.012097,-0.043872,0.994056,-0.0989,0.294531,0.449625,0.879345,jog
151,1.258333,0.719665,0.081533,-0.674133,0.144841,0.755379,0.521217,0.375271,0.001641,0.092278,-0.9957,-0.007949,0.109085,0.518815,0.040196,0.021102,-0.05199,0.993849,-0.095479,0.28051,0.445925,0.872983,jog
152,1.266667,0.720786,0.085848,-0.67316,0.141258,0.723643,0.511641,0.37657,0.000354,0.097713,-0.995176,-0.008729,0.109489,0.518368,0.039813,0.025132,-0.058243,0.993791,-0.09141,0.266609,0.44175,0.867284,jog
153,1.275,0.720418,0.088116,-0.673806,0.138632,0.691471,0.501848,0.37624,0.000325,0.101293,-0.994799,-0.010668,0.10954,0.518092,0.0396,0.027335,-0.06683,0.993466,-0.088389,0.253181,0.437572,0.862336,jog
154,1.283333,0.717252,0.092592,-0.676449,0.13926,0.65899,0.492075,0.374184,0.001794,0.104591,-0.994441,-0.012045,0.109424,0.517965,0.039273,0.026646,-0.073351,0.993325,-0.084939,0.238831,0.433473,0.858739,jog
155,1.291667,0.711554,0.094845,-0.681423,0.142687,0.625972,0.481853,0.370527,0.002846,0.105512,-0.994316,-0.013947,0.109298,0.517957,0.039028,0.022624,-0.078632,0.993151,-0.083401,0.224915,0.429731,0.855335,jog
156,1.3,0.70357,0.093505,-0.689477,0.144455,0.592609,0.471596,0.365454,0.004165,0.104861,-0.994365,-0.015011,0.109209,0.517832,0.038829,0.020835,-0.080828,0.993045,-0.083028,0.210846,0.426178,0.85264,jog
157,1.308333,0.690996,0.09539,-0.700145,0.152388,0.558949,0.460976,0.358881,0.004951,0.107085,-0.994104,-0.016326,0.109108,0.517874,0.038666,0.020569,-0.082214,0.992951,-0.082857,0.196434,0.42203,0.850189,jog
158,1.316667,0.678876,0.087897,-0.712305,0.154991,0.525086,0.450482,0.351082,0.005832,0.109015,-0.99386,-0.018019,0.109101,0.517799,0.038603,0.02011,-0.081534,0.99303,-0.082701,0.182644,0.418476,0.848004,jog
159,1.325,0.663262,0.088206,-0.726021,0.158738,0.490957,0.440684,0.341164,0.007116,0.111332,-0.993571,-0.019261,0.109147,0.517695,0.038722,0.02442,-0.079625,0.993091,-0.082673,0.16863,0.414219,0.847018,jog
160,1.333333,0.644237,0.086166,-0.741726,0.165459,0.456927,0.430271,0.330295,0.008335,0.112445,-0.993411,-0.020517,0.109199,0.517482,0.038717,0.027491,-0.076043,0.9933,-0.082565,0.155236,0.409971,0.846559,jog
161,1.341667,0.624263,0.084661,-0.757131,0.172861,0.422729,0.419599,0.318136,0.009637,0.113717,-0.993226,-0.021868,0.109195,0.517271,0.038764,0.028961,-0.06861,0.99396,-0.080601,0.141799,0.405815,0.846514,jog
162,1.35,0.60261,0.081044,-0.773198,0.180159,0.388551,0.408728,0.304517,0.011242,0.114796,-0.993039,-0.023857,0.109197,0.517069,0.038807,0.026468,-0.066856,0.994387,-0.077613,0.128039,0.401607,0.847041,jog
163,1.358333,0.576193,0.079305,-0.791681,0.18696,0.353073,0.397648,0.290497,0.013066,0.117531,-0.992652,-0.025637,0.109213,0.516926,0.038739,0.020987,-0.066256,0.994837,-0.07395,0.113973,0.397173,0.846954,jog
164,1.366667,0.545786,0.079536,-0.811007,0.195088,0.317003,0.386063,0.275573,0.015712,0.118683,-0.992428,-0.027453,0.109233,0.516691,0.03883,0.019755,-0.063312,0.995245,-0.071331,0.099808,0.391674,0.849452,jog
165,1.375,0.512956,0.080331,-0.829884,0.204247,0.28075,0.373891,0.260325,0.018102,0.122267,-0.991886,-0.029749,0.109232,0.516403,0.038846,0.015954,-0.060242,0.995735,-0.068037,0.08563,0.386827,0.850741,jog
166,1.383333,0.480097,0.081016,-0.848235,0.208423,0.242972,0.360739,0.24444,0.022049,0.123155,-0.991635,-0.031742,0.109301,0.515988,0.038979,0.019224,-0.056507,0.996005,-0.066418,0.071286,0.38113,0.854538,jog
167,1.391667,0.446202,0.082037,-0.865407,0.212708,0.204706,0.348004,0.228856,0.026259,0.124338,-0.991291,-0.034538,0.109319,0.515566,0.039356,0.012976,-0.0583,0.996122,-0.064601,0.055836,0.375707,0.857253,jog
168,1.4,0.408052,0.085004,-0.882333,0.218533,0.165109,0.334912,0.213732,0.029547,0.122382,-0.991333,-0.037529,0.109288,0.515128,0.040269,0.012371,-0.05444,0.996352,-0.064536,0.040875,0.369737,0.861422,jog
169,1.408333,0.37848,0.078903,-0.894941,0.222729,0.126171,0.321357,0.198192,0.03308,0.125332,-0.990676,-0.041933,0.109062,0.514321,0.040483,0.022145,-0.047947,0.996233,-0.068786,0.024619,0.361309,0.870685,jog
170,1.416667,0.342215,0.072457,-0.90981,0.223347,0.086198,0.307645,0.18302,0.043157,0.111516,-0.991887,-0.043157,0.109169,0.51356,0.042134,0.015625,-0.039101,0.996837,-0.067395,0.008039,0.356698,0.873566,jog
171,1.425,0.307582,0.081109,-0.919337,0.23159,0.044726,0.292938,0.168952,0.052034,0.1102,-0.991425,-0.047168,0.109119,0.512755,0.043593,0.01693,-0.034835,0.996824,-0.069586,-0.00796,0.350241,0.878678,jog
172,1.433333,0.26934,0.078892,-0.930496,0.235393,0.002949,0.277695,0.155557,0.064016,0.108836,-0.990673,-0.051215,0.109022,0.511881,0.045863,0.008724,-0.033231,0.996595,-0.074953,-0.02366,0.342407,0.88639,jog
173,1.441667,0.234248,0.074785,-0.939323,0.23918,-0.038856,0.262096,0.142396,0.079825,0.113682,-0.988819,-0.054233,0.108417,0.510725,0.04803,0.012661,-0.029145,0.996644,-0.075444,-0.040724,0.335902,0.891413,jog
174,1.45,0.19847,0.075699,-0.946119,0.244413,-0.081134,0.245643,0.130048,0.101472,0.11447,-0.986654,-0.055801,0.107338,0.509629,0.050728,0.012143,-0.022124,0.996574,-0.078767,-0.056999,0.328164,0.898981,jog
175,1.458333,0.163753,0.069053,-0.952481,0.247379,-0.123416,0.228844,0.118275,0.121867,0.119319,-0.983539,-0.059681,0.105711,0.508645,0.053935,0.008404,-0.019725,0.996374,-0.082331,-0.073394,0.319993,0.906045,jog
176,1.466667,0.122579,0.068088,-0.959301,0.245113,-0.1666,0.212109,0.107776,0.149739,0.117894,-0.979768,-0.061107,0.104504,0.507756,0.057916,0.003961,-0.023487,0.996087,-0.085112,-0.090171,0.31246,0.912198,jog
177,1.475,0.08675,0.068342,-0.963014,0.245781,-0.209738,0.194132,0.098538,0.178935,0.110518,-0.975463,-0.06511,0.102532,0.506657,0.062467,-0.001926,-0.021223,0.995981,-0.086989,-0.106482,0.304124,0.91915,jog
178,1.483333,0.049076,0.058777,-0.967417,0.241331,-0.252516,0.1757,0.08995,0.21147,0.111774,-0.968681,-0.06666,0.100166,0.505903,0.067629,-0.006722,-0.022615,0.995776,-0.088729,-0.12346,0.295543,0.926076,jog
179,1.491667,0.010135,0.057078,-0.969948,0.236307,-0.295054,0.157733,0.08393,0.241933,0.107849,-0.961654,-0.071127,0.097169,0.505022,0.073043,-0.008358,-0.028498,0.995517,-0.089803,-0.141615,0.286895,0.932048,jog
180,1.5,-0.0289,0.059481,-0.970562,0.231597,-0.33656,0.139657,0.080029,0.273845,0.111864,-0.952236,-0.075775,0.093456,0.504108,0.078512,-0.007594,-0.032416,0.995245,-0.091539,-0.159274,0.277948,0.938687,jog
181,1.508333,-0.062738,0.05881,-0.969821,0.228152,-0.376618,0.121925,0.078533,0.308085,0.106373,-0.941259,-0.088314,0.088775,0.502511,0.085172,-0.010183,-0.03526,0.994963,-0.093277,-0.17651,0.268989,0.945066,jog
182,1.516667,-0.096532,0.056406,-0.967952,0.224876,-0.414325,0.10472,0.078953,0.340431,0.110864,-0.928498,-0.098526,0.084509,0.501033,0.091821,-0.010581,-0.039648,0.994389,-0.097507,-0.192854,0.259994,0.950659,jog
183,1.525,-0.127835,0.052758,-0.964959,0.222999,-0.449587,0.088342,0.081147,0.372833,0.115562,-0.913971,-0.110897,0.079724,0.499292,0.098872,-0.017278,-0.0424,0.993943,-0.099903,-0.210426,0.251312,0.956418,jog
184,1.533333,-0.154227,0.048295,-0.960703,0.225678,-0.481597,0.072584,0.084466,0.401884,0.124378,-0.898852,-0.12282,0.074375,0.497264,0.10662,-0.020371,-0.05505,0.99303,-0.102201,-0.227447,0.241017,0.960166,jog
185,1.541667,-0.176646,0.042808,-0.955825,0.231004,-0.509942,0.057931,0.088354,0.420936,0.121329,-0.888644,-0.135659,0.067443,0.494531,0.11536,-0.022248,-0.054636,0.992804,-0.104209,-0.244999,0.230668,0.965352,jog
186,1.55,-0.194294,0.034043,-0.950873,0.238602,-0.53494,0.044517,0.092446,0.429431,0.129326,-0.882111,-0.14403,0.060216,0.4915,0.125147,-0.030119,-0.064317,0.991692,-0.107255,-0.261951,0.221586,0.966783,jog
187,1.558333,-0.205475,0.022348,-0.946591,0.24748,-0.556676,0.032593,0.095553,0.439401,0.13407,-0.874108,-0.157757,0.052416,0.488472,0.134886,-0.036135,-0.074164,0.990627,-0.108871,-0.279166,0.212539,0.967962,jog
188,1.566667,-0.213176,0.010782,-0.942087,0.258672,-0.575319,0.022168,0.097462,0.445518,0.149527,-0.866541,-0.168115,0.043815,0.485418,0.144786,-0.038177,-0.068687,0.990465,-0.113157,-0.295138,0.203784,0.971531,jog
189,1.575,-0.218482,0.006382,-0.938648,0.266767,-0.591976,0.014746,0.097573,0.449113,0.168405,-0.858936,-0.179347,0.034204,0.481856,0.155715,-0.040547,-0.070763,0.989828,-0.11657,-0.311365,0.195072,0.972593,jog
190,1.583333,-0.223043,0.008774,-0.935906,0.272498,-0.606067,0.008821,0.096352,0.450748,0.191876,-0.851901,-0.185132,0.023212,0.477654,0.166643,-0.033732,-0.060864,0.990146,-0.121525,-0.326744,0.18752,0.975063,jog
191,1.591667,-0.223438,0.015764,-0.934916,0.275243,-0.618097,0.004348,0.093639,0.457261,0.213897,-0.841979,-0.190346,0.010773,0.472064,0.176841,-0.03469,-0.063687,0.989518,-0.124876,-0.342489,0.178989,0.974429,jog
192,1.6,-0.221635,0.02204,-0.935593,0.273969,-0.628268,0.001308,0.089638,0.463527,0.227332,-0.834134,-0.194124,-0.00303,0.465675,0.186551,-0.034383,-0.063625,0.989057,-0.128595,-0.358339,0.170754,0.972642,jog
193,1.608333,-0.220695,0.034734,-0.936505,0.270268,-0.636956,-0.000374,0.084381,0.468766,0.237589,-0.828452,-0.193593,-0.018002,0.458675,0.195044,-0.032463,-0.063726,0.988638,-0.132214,-0.374084,0.162358,0.969998,jog
194,1.616667,-0.213276,0.04232,-0.938292,0.268943,-0.643577,-0.001411,0.078233,0.474465,0.24738,-0.823081,-0.190327,-0.034425,0.450667,0.202749,-0.029284,-0.062628,0.988256,-0.136273,-0.389497,0.154149,0.966659,jog
195,1.625,-0.201271,0.048621,-0.940427,0.269672,-0.648479,-0.001642,0.070877,0.479999,0.254871,-0.819045,-0.183866,-0.052287,0.441676,0.208837,-0.028253,-0.061183,0.987739,-0.14082,-0.404803,0.14619,0.96255,jog
196,1.633333,-0.185917,0.056752,-0.942933,0.270353,-0.651752,-0.000775,0.062737,0.485947,0.260362,-0.816139,-0.17316,-0.071397,0.432076,0.213785,-0.021771,-0.061348,0.986745,-0.148652,-0.419838,0.139198,0.956816,jog
197,1.641667,-0.164193,0.056368,-0.944781,0.277942,-0.654373,0.000476,0.054213,0.49404,0.263732,-0.812655,-0.161125,-0.091512,0.422099,0.217706,-0.016579,-0.058662,0.986248,-0.153617,-0.434645,0.130763,0.951589,jog
198,1.65,-0.131587,0.048649,-0.947913,0.285971,-0.657276,0.000732,0.046189,0.495718,0.262257,-0.815157,-0.144928,-0.113318,0.411206,0.220743,-0.011012,-0.052379,0.985938,-0.158309,-0.449744,0.12265,0.944956,jog
199,1.658333,-0.09202,0.040723,-0.949823,0.296161,-0.660659,-0.000608,0.040751,0.500615,0.255476,-0.816474,-0.132237,-0.136433,0.39962,0.222762,-0.00287,-0.048421,0.985321,-0.163676,-0.464141,0.114391,0.938404,jog
200,1.666667,-0.053096,0.03271,-0.951588,0.300983,-0.663895,-0.002493,0.03727,0.503378,0.250209,-0.819034,-0.114842,-0.160519,0.387562,0.223951,0.006438,-0.044265,0.984443,-0.169913,-0.477667,0.106393,0.931323,jog
201,1.675,-0.023201,0.02762,-0.954819,0.29499,-0.66744,-0.003575,0.034474,0.503187,0.257074,-0.820297,-0.088482,-0.185549,0.375942,0.223895,0.019215,-0.040731,0.983272,-0.17649,-0.490399,0.098634,0.923934,jog
202,1.683333,-0.000926,0.01603,-0.957125,0.28923,-0.670716,-0.003578,0.032244,0.501602,0.25559,-0.823527,-0.069804,-0.213401,0.363684,0.222782,0.026339,-0.033928,0.981948,-0.184212,-0.502869,0.091332,0.916174,jog
203,1.691667,0.012262,0.002147,-0.95746,0.288297,-0.673159,-0.002927,0.030601,0.497345,0.254866,-0.827875,-0.048109,-0.241904,0.35086,0.221073,0.036428,-0.024906,0.980679,-0.190584,-0.51624,0.08395,0.909783,jog
204,1.7,0.017949,-0.013897,-0.957035,0.289081,-0.674382,-0.00185,0.030563,0.49255,0.244203,-0.834675,-0.032807,-0.271875,0.337322,0.21901,0.042873,-0.018007,0.979187,-0.197563,-0.528841,0.077004,0.902749,jog
205,1.708333,0.017992,-0.022483,-0.955947,0.292124,-0.675104,-0.00125,0.030624,0.492338,0.245393,-0.834934,-0.016489,-0.302381,0.323366,0.215608,0.044899,-0.007533,0.977711,-0.204959,-0.541266,0.070501,0.895667,jog
206,1.716667,0.019388,-0.024755,-0.956609,0.289674,-0.675798,-0.000632,0.030475,0.483044,0.241161,-0.84172,-0.004084,-0.334011,0.3088,0.211119,0.039129,-0.000287,0.976091,-0.21381,-0.554045,0.063443,0.888601,jog
207,1.725,0.023761,-0.028767,-0.955956,0.291129,-0.676214,-0.000409,0.030089,0.474023,0.235265,-0.848444,0.009776,-0.366001,0.294174,0.206455,0.037616,0.009875,0.9745,-0.220991,-0.567208,0.056091,0.884521,jog
208,1.733333,0.027511,-0.030637,-0.954972,0.293824,-0.676278,-0.000493,0.029807,0.461918,0.23079,-0.856068,0.022689,-0.398571,0.279334,0.200526,0.03274,0.015066,0.973021,-0.227883,-0.580322,0.04836,0.880348,jog
209,1.741667,0.030575,-0.029511,-0.954644,0.294701,-0.676644,-0.000529,0.029696,0.446433,0.231485,-0.863692,0.033887,-0.432195,0.264165,0.193883,0.027311,0.018547,0.971961,-0.232813,-0.593314,0.040028,0.876151,jog
210,1.75,0.031974,-0.026574,-0.954408,0.295595,-0.677195,-0.000547,0.02987,0.432433,0.224485,-0.872272,0.041819,-0.466931,0.249237,0.186788,0.027018,0.023695,0.970759,-0.237353,-0.606126,0.031523,0.87396,jog
211,1.758333,0.033516,-0.026112,-0.953879,0.297169,-0.677343,-0.0005,0.029825,0.412806,0.212211,-0.884542,0.046304,-0.500959,0.23326,0.179176,0.023354,0.017879,0.969902,-0.241711,-0.618856,0.023367,0.870598,jog
212,1.766667,0.03276,-0.023594,-0.953534,0.298568,-0.677699,-0.000387,0.030135,0.399587,0.210858,-0.890513,0.053445,-0.536757,0.216376,0.170667,0.027168,0.018818,0.968962,-0.244991,-0.630987,0.015452,0.869149,jog
213,1.775,0.033089,-0.02339,-0.953101,0.299927,-0.677913,-0.00021,0.030212,0.376827,0.208098,-0.900731,0.058139,-0.57366,0.199432,0.162458,0.032113,0.018125,0.967955,-0.248402,-0.643228,0.0075,0.868214,jog
214,1.783333,0.034377,-0.023609,-0.952574,0.301435,-0.678088,-0.000122,0.030144,0.354685,0.206784,-0.909609,0.063639,-0.609697,0.18188,0.153411,0.034348,0.015167,0.966912,-0.252331,-0.655521,-0.000591,0.867423,jog
215,1.791667,0.036917,-0.02247,-0.951892,0.303372,-0.678367,4e-05,0.03023,0.328025,0.199448,-0.920844,0.068305,-0.64545,0.16347,0.144346,0.039683,0.018365,0.965256,-0.257621,-0.667652,-0.008585,0.868331,jog
216,1.8,0.041225,-0.023209,-0.951181,0.304987,-0.678503,0.00046,0.030254,0.293062,0.200081,-0.932003,0.073846,-0.681729,0.145161,0.135045,0.040333,0.016235,0.964209,-0.261553,-0.680553,-0.016836,0.868656,jog
217,1.808333,0.0452,-0.018585,-0.950279,0.307541,-0.678909,0.000761,0.030892,0.265229,0.197547,-0.940258,0.08089,-0.718052,0.125915,0.126106,0.040872,0.013713,0.962694,-0.267136,-0.693132,-0.024371,0.869643,jog
218,1.816667,0.04861,-0.014491,-0.94922,0.310497,-0.67965,0.00104,0.031367,0.241378,0.185792,-0.948879,0.082738,-0.754796,0.105072,0.117674,0.039987,0.008483,0.960781,-0.274278,-0.70545,-0.032966,0.870835,jog
219,1.825,0.053226,-0.008104,-0.948094,0.3134,-0.68054,0.00165,0.032077,0.212044,0.184473,-0.955541,0.089156,-0.791742,0.084152,0.109274,0.037531,0.003323,0.959324,-0.279783,-0.718669,-0.040564,0.872375,jog
220,1.833333,0.057744,-0.001666,-0.946629,0.317107,-0.681352,0.002304,0.033037,0.19052,0.161812,-0.964076,0.08987,-0.828123,0.061601,0.102254,0.035739,8.9e-05,0.957521,-0.286139,-0.731425,-0.048501,0.874857,jog
221,1.841667,0.06193,0.009056,-0.944572,0.322282,-0.682114,0.002282,0.034211,0.164693,0.134389,-0.972916,0.090828,-0.864478,0.038072,0.095945,0.038434,0.00053,0.956594,-0.288879,-0.746156,-0.056881,0.879148,jog
222,1.85,0.062384,0.028989,-0.941835,0.328959,-0.682923,0.002895,0.036735,0.141189,0.137088,-0.975709,0.09625,-0.900242,0.01605,0.08896,0.037772,-0.00086,0.955006,-0.294171,-0.759181,-0.065307,0.88298,jog
223,1.858333,0.078026,0.029961,-0.940349,0.329785,-0.683474,0.003434,0.037774,0.114281,0.126394,-0.980369,0.099206,-0.936505,-0.007924,0.082452,0.036004,-0.003158,0.953036,-0.300693,-0.771967,-0.073657,0.88705,jog
224,1.866667,0.087078,0.039653,-0.938269,0.33241,-0.684364,0.003614,0.040294,0.089231,0.108438,-0.98484,0.101833,-0.972603,-0.032241,0.076256,0.032804,-0.005816,0.951472,-0.305926,-0.784912,-0.081902,0.891217,jog
225,1.875,0.096917,0.051378,-0.936043,0.334351,-0.68531,0.00335,0.043266,0.066532,0.097435,-0.987394,0.105509,-1.008082,-0.057056,0.070881,0.030963,-0.007852,0.950285,-0.309739,-0.798962,-0.090038,0.89574,jog
226,1.883333,0.108276,0.067786,-0.93394,0.333822,-0.686384,0.003441,0.046881,0.036641,0.08417,-0.989421,0.112338,-1.043502,-0.082343,0.066321,0.030695,-0.010049,0.949721,-0.311426,-0.813317,-0.098563,0.900422,jog
227,1.891667,0.122006,0.079871,-0.930925,0.334835,-0.687368,0.002075,0.050448,0.010451,0.078165,-0.990265,0.114704,-1.078577,-0.107355,0.06228,0.028611,-0.011009,0.949068,-0.313576,-0.827429,-0.107343,0.904996,jog
228,1.9,0.140191,0.091094,-0.926671,0.336643,-0.688253,0.000144,0.053398,-0.010335,0.060075,-0.991131,0.118085,-1.11342,-0.133494,0.059868,0.024134,-0.011573,0.948295,-0.31626,-0.841092,-0.115925,0.909913,jog
229,1.908333,0.157196,0.106072,-0.922211,0.336994,-0.689718,-0.001369,0.057125,-0.030751,0.037398,-0.991032,0.124547,-1.147322,-0.159606,0.058675,0.022962,-0.010049,0.947522,-0.318705,-0.855569,-0.125528,0.914459,jog
230,1.916667,0.184038,0.115061,-0.916938,0.334836,-0.691496,-0.003506,0.060983,-0.046256,0.006607,-0.989805,0.134546,-1.180453,-0.185899,0.059786,0.015931,-0.012354,0.94696,-0.320717,-0.870062,-0.134904,0.918127,jog
231,1.925,0.205684,0.125833,-0.910971,0.334652,-0.693678,-0.005723,0.065058,-0.063608,-0.013276,-0.987617,0.142792,-1.211864,-0.211078,0.060814,0.01416,-0.010776,0.945934,-0.323872,-0.884646,-0.143939,0.922897,jog
232,1.933333,0.226707,0.137197,-0.904207,0.33495,-0.696401,-0.007965,0.069405,-0.069215,-0.043721,-0.984963,0.152136,-1.242085,-0.235643,0.062841,0.010216,-0.0095,0.94528,-0.325963,-0.899176,-0.153148,0.92715,jog
233,1.941667,0.25355,0.153492,-0.893955,0.33615,-0.699467,-0.009953,0.073162,-0.082334,-0.062472,-0.981745,0.159672,-1.270198,-0.259139,0.066017,0.008715,-0.006704,0.944236,-0.329086,-0.913764,-0.162846,0.931368,jog
234,1.95,0.275307,0.16677,-0.884373,0.33805,-0.703081,-0.012112,0.077673,-0.086675,-0.095385,-0.977522,0.166855,-1.296467,-0.280758,0.069701,0.006764,-0.003249,0.94372,-0.330661,-0.928199,-0.172815,0.934778,jog
235,1.958333,0.295996,0.180129,-0.873172,0.342798,-0.707031,-0.014577,0.0824,-0.095389,-0.128371,-0.97181,0.173224,-1.320907,-0.300597,0.073093,0.007012,-0.000559,0.942938,-0.332894,-0.943616,-0.182541,0.938229,jog
236,1.966667,0.316335,0.194433,-0.86094,0.347722,-0.711445,-0.016928,0.087288,-0.104131,-0.156046,-0.966099,0.177364,-1.34317,-0.318294,0.076609,0.005037,0.001955,0.942486,-0.334201,-0.958177,-0.192228,0.940813,jog
237,1.975,0.327301,0.207955,-0.850293,0.355852,-0.71638,-0.019896,0.093496,-0.114191,-0.177939,-0.960238,0.18232,-1.36367,-0.333946,0.080557,0.004501,0.00484,0.942638,-0.33375,-0.97362,-0.202752,0.942973,jog
238,1.983333,0.343917,0.222872,-0.836733,0.363219,-0.721491,-0.022895,0.099579,-0.126958,-0.195167,-0.954621,0.185713,-1.382451,-0.348638,0.084368,0.003971,0.00654,0.942472,-0.334199,-0.988554,-0.212509,0.944515,jog
239,1.991667,0.361388,0.235704,-0.822433,0.370738,-0.727071,-0.026039,0.106007,-0.137706,-0.199558,-0.951777,0.187976,-1.399884,-0.361231,0.086884,0.002645,0.009718,0.942778,-0.333268,-1.003059,-0.222279,0.94477,jog
240,2.0,0.379218,0.246589,-0.808178,0.377141,-0.733001,-0.029503,0.112599,-0.145528,-0.197401,-0.950601,0.190293,-1.415869,-0.372307,0.087842,0.003336,0.012082,0.942763,-0.333227,-1.017586,-0.231913,0.944616,jog
241,2.008333,0.39741,0.257078,-0.793451,0.382637,-0.739592,-0.033473,0.119248,-0.151488,-0.187807,-0.952167,0.187505,-1.430543,-0.38128,0.086979,0.003573,0.014814,0.94281,-0.332983,-1.03243,-0.241336,0.943522,jog
242,2.016667,0.423809,0.265404,-0.777272,0.381831,-0.746326,-0.036922,0.125181,-0.159602,-0.172084,-0.956334,0.174183,-1.443936,-0.389028,0.084523,0.003829,0.017422,0.942441,-0.333898,-1.046808,-0.250923,0.941788,jog
243,2.025,0.434837,0.271901,-0.762068,0.39527,-0.753578,-0.043298,0.13227,-0.168829,-0.164173,-0.958071,0.163228,-1.455409,-0.395794,0.080423,0.003586,0.020904,0.942835,-0.332585,-1.060938,-0.260236,0.938733,jog
244,2.033333,0.457502,0.268798,-0.749422,0.395987,-0.761046,-0.048905,0.138182,-0.16781,-0.166282,-0.958005,0.162533,-1.465089,-0.402867,0.075094,0.006361,0.024777,0.942712,-0.332625,-1.075176,-0.270099,0.935384,jog
245,2.041667,0.474769,0.274664,-0.731675,0.404729,-0.769121,-0.055574,0.14436,-0.164078,-0.169516,-0.957759,0.164441,-1.473532,-0.409561,0.068764,0.00602,0.028718,0.942843,-0.331942,-1.08901,-0.279006,0.931019,jog
246,2.05,0.490877,0.272852,-0.717838,0.411461,-0.778462,-0.06335,0.149574,-0.15151,-0.168038,-0.959413,0.16833,-1.479858,-0.415206,0.060918,0.008266,0.032155,0.942722,-0.331922,-1.102881,-0.28821,0.926228,jog
247,2.058333,0.494332,0.270631,-0.708306,0.425086,-0.788587,-0.071832,0.155,-0.13151,-0.155249,-0.964135,0.170429,-1.484442,-0.420701,0.051849,0.012484,0.035485,0.942467,-0.332175,-1.116731,-0.297564,0.920694,jog
248,2.066667,0.492169,0.267904,-0.700806,0.441438,-0.79956,-0.081191,0.160368,-0.093868,-0.129077,-0.973963,0.161012,-1.488221,-0.424103,0.041328,0.017369,0.038545,0.942215,-0.33233,-1.13055,-0.306553,0.91489,jog
249,2.075,0.502425,0.247636,-0.697073,0.447588,-0.811727,-0.093019,0.166496,-0.043102,-0.077023,-0.982833,0.162014,-1.492455,-0.428959,0.030513,0.020411,0.042005,0.941966,-0.332444,-1.143004,-0.315022,0.908455,jog
250,2.083333,0.509209,0.242011,-0.687749,0.457316,-0.823398,-0.104318,0.170865,-0.012982,-0.031779,-0.98639,0.160797,-1.494042,-0.432839,0.024779,0.027403,0.044118,0.942075,-0.331358,-1.155886,-0.323328,0.901438,jog
251,2.091667,0.512749,0.231893,-0.683798,0.464473,-0.836612,-0.117966,0.175604,-0.009295,0.027238,-0.985717,0.165932,-1.493757,-0.435592,0.021634,0.033617,0.04335,0.941916,-0.331339,-1.167938,-0.33026,0.894385,jog
252,2.1,0.51257,0.216181,-0.690206,0.462768,-0.8518,-0.133197,0.179536,-0.013776,0.056806,-0.983232,0.172735,-1.493301,-0.438985,0.021867,0.042056,0.040313,0.942334,-0.329565,-1.179211,-0.336703,0.887194,jog
253,2.108333,0.510241,0.205511,-0.697224,0.459672,-0.867265,-0.148926,0.182004,-0.020711,0.059898,-0.98246,0.175371,-1.493264,-0.441314,0.022319,0.05485,0.034849,0.943026,-0.32631,-1.189513,-0.343327,0.880789,jog
254,2.116667,0.505897,0.197163,-0.706118,0.454525,-0.883294,-0.164834,0.183224,-0.019524,0.05668,-0.983758,0.169192,-1.495704,-0.441832,0.022657,0.066798,0.02497,0.943575,-0.32339,-1.19934,-0.349588,0.875963,jog
255,2.125,0.495499,0.193739,-0.718368,0.44821,-0.900751,-0.181338,0.183449,-0.021005,0.067326,-0.98385,0.164518,-1.499254,-0.442485,0.022264,0.076832,0.015196,0.944331,-0.319538,-1.209345,-0.356052,0.871915,jog
256,2.133333,0.488782,0.188121,-0.730461,0.438325,-0.918889,-0.197698,0.182834,-0.020031,0.074445,-0.983769,0.162035,-1.502597,-0.443909,0.021326,0.080475,0.007979,0.945421,-0.315658,-1.219635,-0.36251,0.869182,jog
257,2.141667,0.479489,0.18896,-0.740742,0.430912,-0.937789,-0.214631,0.181639,-0.019107,0.079409,-0.983337,0.162412,-1.505015,-0.445373,0.020946,0.078836,0.005033,0.946795,-0.311991,-1.229703,-0.369264,0.867839,jog
258,2.15,0.468185,0.189116,-0.753776,0.420547,-0.957499,-0.232008,0.179584,-0.016665,0.077159,-0.983694,0.161602,-1.50702,-0.446959,0.021014,0.078642,0.004542,0.94711,-0.311092,-1.239724,-0.37599,0.867515,jog
259,2.158333,0.453275,0.190845,-0.764489,0.416746,-0.977022,-0.250627,0.176826,-0.017007,0.082408,-0.983664,0.159138,-1.508709,-0.448229,0.020869,0.080422,0.005896,0.947089,-0.310676,-1.249666,-0.383242,0.867565,jog
260,2.166667,0.438942,0.190301,-0.77872,0.405846,-0.997684,-0.268061,0.172959,-0.017293,0.087864,-0.983545,0.156911,-1.509868,-0.449106,0.020629,0.081078,0.009172,0.945859,-0.314156,-1.259629,-0.389052,0.867958,jog
261,2.175,0.42379,0.195398,-0.790158,0.397332,-1.019552,-0.286124,0.167591,-0.017942,0.090889,-0.983424,0.155868,-1.510714,-0.449416,0.020622,0.084018,0.011066,0.944657,-0.316926,-1.269959,-0.394412,0.868895,jog
262,2.183333,0.409837,0.189617,-0.801147,0.392737,-1.040539,-0.304759,0.161227,-0.017549,0.091902,-0.983411,0.1554,-1.510959,-0.449489,0.020606,0.086206,0.011774,0.94337,-0.320129,-1.279551,-0.400141,0.86956,jog
263,2.191667,0.395682,0.172352,-0.814048,0.38866,-1.06153,-0.325694,0.154063,-0.016701,0.091593,-0.983474,0.155274,-1.510829,-0.449342,0.020655,0.091121,0.013414,0.941701,-0.323599,-1.287939,-0.40621,0.871018,jog
264,2.2,0.376623,0.166611,-0.825199,0.386578,-1.083466,-0.345734,0.14654,-0.015252,0.091466,-0.983521,0.1552,-1.51077,-0.449304,0.020667,0.090883,0.015141,0.94032,-0.327581,-1.295462,-0.412309,0.871602,jog
265,2.208333,0.361702,0.152581,-0.835499,0.384489,-1.105812,-0.366023,0.138411,-0.014028,0.092169,-0.983611,0.154332,-1.510876,-0.44946,0.02063,0.093264,0.015359,0.939513,-0.329214,-1.303043,-0.418405,0.87344,jog
266,2.216667,0.342872,0.160384,-0.842647,0.382964,-1.129693,-0.38501,0.130039,-0.012316,0.09136,-0.983722,0.154249,-1.510996,-0.449468,0.02073,0.094026,0.012431,0.939391,-0.329468,-1.310134,-0.42482,0.87585,jog
267,2.225,0.322499,0.160841,-0.849635,0.385027,-1.153534,-0.404996,0.121037,-0.011535,0.091344,-0.983816,0.153719,-1.511011,-0.449559,0.020838,0.096311,0.016932,0.939991,-0.326886,-1.317497,-0.4309,0.879705,jog
268,2.233333,0.289113,0.134414,-0.865833,0.38559,-1.178186,-0.428553,0.113094,-0.010246,0.090854,-0.983988,0.152999,-1.511036,-0.44964,0.021009,0.09844,0.018468,0.941282,-0.322422,-1.324518,-0.436998,0.883033,jog
269,2.241667,0.249558,0.154491,-0.871152,0.393634,-1.203618,-0.450816,0.105715,-0.009092,0.090077,-0.98418,0.152294,-1.511049,-0.449799,0.021139,0.097893,0.016786,0.943295,-0.316748,-1.331436,-0.443419,0.885796,jog
270,2.25,0.216986,0.169172,-0.877338,0.393161,-1.229316,-0.47151,0.096379,-0.007235,0.088455,-0.984353,0.152228,-1.511099,-0.449671,0.021403,0.095066,0.016697,0.945646,-0.310545,-1.338248,-0.449212,0.888337,jog
271,2.258333,0.202218,0.153936,-0.887164,0.385165,-1.255695,-0.494648,0.088435,-0.003483,0.092221,-0.984165,0.151336,-1.511144,-0.449582,0.0212,0.092381,0.010344,0.948006,-0.304373,-1.344999,-0.455158,0.890719,jog
272,2.266667,0.179352,0.142927,-0.896626,0.378771,-1.282581,-0.519203,0.080961,-0.00115,0.091542,-0.984357,0.150532,-1.511192,-0.449591,0.021342,0.089986,0.006624,0.950136,-0.298495,-1.351305,-0.460897,0.893533,jog
273,2.275,0.153185,0.12001,-0.90928,0.367887,-1.310031,-0.543744,0.074098,0.000368,0.090967,-0.984581,0.149419,-1.511223,-0.449638,0.021461,0.088993,0.002657,0.952515,-0.291184,-1.357804,-0.466413,0.896713,jog
274,2.283333,0.125883,0.093934,-0.919826,0.359513,-1.337161,-0.567955,0.065691,0.001751,0.091117,-0.98476,0.148132,-1.511207,-0.449727,0.021617,0.084504,0.00673,0.955415,-0.282836,-1.364627,-0.471097,0.900558,jog
275,2.291667,0.099955,0.080903,-0.927789,0.350245,-1.364606,-0.590271,0.057422,0.003203,0.091659,-0.985026,0.145985,-1.511102,-0.44982,0.021846,0.083085,0.007021,0.957733,-0.27531,-1.371746,-0.476279,0.903969,jog
276,2.3,0.063233,0.056585,-0.933633,0.348035,-1.391957,-0.613766,0.05311,0.002722,0.087323,-0.985662,0.144349,-1.511011,-0.45028,0.0226,0.077419,0.008472,0.959437,-0.270951,-1.377902,-0.481555,0.907706,jog
277,2.308333,0.041004,0.034338,-0.935785,0.348491,-1.418544,-0.637584,0.047344,0.004918,0.085766,-0.986133,0.14199,-1.510887,-0.450673,0.023029,0.075661,0.010773,0.96086,-0.266286,-1.384491,-0.487562,0.911557,jog
278,2.316667,0.020435,0.018096,-0.939066,0.342652,-1.445397,-0.659882,0.043686,0.006494,0.085187,-0.986618,0.138877,-1.510654,-0.451197,0.023425,0.06921,0.011324,0.962457,-0.262218,-1.390432,-0.493244,0.914972,jog
279,2.325,0.000786,0.007527,-0.938825,0.344312,-1.470622,-0.682307,0.040434,0.009261,0.083931,-0.987164,0.135566,-1.510388,-0.451817,0.02396,0.072328,0.014912,0.963578,-0.257029,-1.396941,-0.499595,0.918366,jog
280,2.333333,-0.02173,0.006466,-0.940498,0.339042,-1.495544,-0.704157,0.039279,0.013268,0.083337,-0.987728,0.131427,-1.510113,-0.452539,0.024546,0.069164,0.015248,0.964902,-0.252878,-1.403406,-0.505633,0.921639,jog
281,2.341667,-0.044249,-0.006593,-0.939877,0.338571,-1.519467,-0.725814,0.039272,0.017468,0.083296,-0.988225,0.127152,-1.509802,-0.453435,0.025004,0.065314,0.017551,0.966263,-0.248518,-1.409821,-0.511607,0.923942,jog
282,2.35,-0.067915,-0.017523,-0.942065,0.328016,-1.541342,-0.74362,0.040241,0.02406,0.07664,-0.989217,0.122466,-1.509421,-0.454315,0.025945,0.065798,0.017295,0.967487,-0.243599,-1.4162,-0.517788,0.92591,jog
283,2.358333,-0.088281,-0.025956,-0.944079,0.31662,-1.562068,-0.760162,0.042583,0.028637,0.073678,-0.989891,0.117757,-1.509242,-0.455061,0.02655,0.06687,0.022104,0.967937,-0.241119,-1.422056,-0.523979,0.928606,jog
284,2.366667,-0.107996,-0.031811,-0.945205,0.306453,-1.580758,-0.775222,0.045463,0.031979,0.071752,-0.99053,0.112605,-1.50902,-0.456012,0.026988,0.066953,0.019233,0.968998,-0.237046,-1.428367,-0.53009,0.929682,jog
285,2.375,-0.123816,-0.034498,-0.944721,0.301632,-1.597118,-0.789158,0.048225,0.036682,0.068727,-0.990819,0.110491,-1.508327,-0.456621,0.027834,0.066206,0.018469,0.970382,-0.231592,-1.435077,-0.536262,0.930847,jog
286,2.383333,-0.136316,-0.033791,-0.945107,0.29504,-1.61163,-0.801201,0.050697,0.040398,0.069874,-0.990954,0.107218,-1.508026,-0.457345,0.028375,0.068095,0.016501,0.971365,-0.227027,-1.441543,-0.54264,0.931906,jog
287,2.391667,-0.146997,-0.037099,-0.944742,0.290651,-1.624397,-0.812145,0.052569,0.045579,0.069721,-0.991058,0.104238,-1.507921,-0.458088,0.028986,0.066825,0.016016,0.972697,-0.22167,-1.448135,-0.548325,0.932407,jog
288,2.4,-0.156019,-0.038743,-0.945416,0.283455,-1.63581,-0.820896,0.054053,0.050144,0.071157,-0.991018,0.101514,-1.507705,-0.458711,0.029591,0.065147,0.013468,0.973753,-0.217668,-1.454997,-0.554449,0.93246,jog
289,2.408333,-0.161375,-0.034158,-0.945877,0.279479,-1.644825,-0.828255,0.053994,0.053554,0.07209,-0.991038,0.098889,-1.50747,-0.459277,0.03035,0.066403,0.011322,0.974597,-0.213597,-1.461418,-0.560882,0.932578,jog
290,2.416667,-0.162644,-0.032735,-0.946158,0.277956,-1.652171,-0.835239,0.052981,0.058171,0.073235,-0.990952,0.096261,-1.507354,-0.45986,0.030998,0.067823,0.005226,0.975523,-0.20911,-1.467789,-0.567548,0.931944,jog
291,2.425,-0.159941,-0.026868,-0.948363,0.272589,-1.657568,-0.839364,0.050356,0.062856,0.073349,-0.990864,0.094117,-1.507241,-0.460479,0.031667,0.067566,0.007171,0.976327,-0.205349,-1.473939,-0.573643,0.930345,jog
292,2.433333,-0.152805,-0.020288,-0.949648,0.272777,-1.661015,-0.842837,0.046899,0.067649,0.072772,-0.990913,0.090662,-1.507305,-0.461139,0.032498,0.069301,0.004756,0.976863,-0.202272,-1.480101,-0.579781,0.928388,jog
293,2.441667,-0.140687,-0.014843,-0.950401,0.276992,-1.662614,-0.844621,0.042263,0.073404,0.064029,-0.991417,0.087201,-1.507762,-0.462407,0.033785,0.070115,0.002427,0.977567,-0.198598,-1.48647,-0.585936,0.925923,jog
294,2.45,-0.125365,-0.008621,-0.950929,0.282744,-1.662579,-0.845335,0.037418,0.080354,0.057473,-0.991312,0.086833,-1.507909,-0.463315,0.034879,0.072251,0.000887,0.978012,-0.195633,-1.492376,-0.592297,0.923473,jog
295,2.458333,-0.106348,-0.003513,-0.951071,0.290071,-1.662118,-0.845779,0.033049,0.087688,0.057704,-0.990828,0.0851,-1.508119,-0.463931,0.035855,0.074234,-0.000535,0.9784,-0.19293,-1.498298,-0.598721,0.920574,jog
296,2.466667,-0.085416,-0.000183,-0.950957,0.297296,-1.662612,-0.846142,0.028775,0.096638,0.057647,-0.990154,0.083261,-1.508499,-0.464617,0.037151,0.076221,0.000717,0.978742,-0.190406,-1.503866,-0.604821,0.917898,jog
297,2.475,-0.065375,-0.001311,-0.950923,0.30244,-1.664507,-0.847739,0.025811,0.107031,0.059482,-0.989072,0.082113,-1.508927,-0.465293,0.038795,0.07857,0.003704,0.978902,-0.188586,-1.509169,-0.61079,0.915261,jog
298,2.483333,-0.049408,0.003321,-0.952275,0.301199,-1.66741,-0.84958,0.023158,0.117168,0.065574,-0.987575,0.081655,-1.509511,-0.466015,0.040391,0.083425,0.007448,0.978772,-0.187055,-1.513961,-0.616782,0.91269,jog
299,2.491667,-0.033156,0.010562,-0.954395,0.296513,-1.670084,-0.850981,0.019936,0.131059,0.068637,-0.985822,0.079173,-1.510492,-0.467025,0.042616,0.084445,0.011321,0.978875,-0.185863,-1.518552,-0.62238,0.910184,jog
300,2.5,-0.013486,0.009918,-0.955145,0.295665,-1.671203,-0.85123,0.01765,0.146584,0.073706,-0.983353,0.07809,-1.511395,-0.467987,0.044871,0.083697,0.014196,0.979008,-0.1853,-1.523294,-0.628004,0.90786,jog
301,2.508333,-0.003728,-0.000343,-0.955068,0.296363,-1.671975,-0.850571,0.016451,0.160657,0.091908,-0.979581,0.078507,-1.512416,-0.469776,0.047787,0.085815,0.018328,0.978736,-0.185406,-1.527807,-0.633591,0.906083,jog
302,2.516667,0.001305,-0.014203,-0.95439,0.298223,-1.673219,-0.849922,0.01599,0.173025,0.106179,-0.976345,0.074423,-1.514524,-0.470969,0.050675,0.083841,0.019917,0.978879,-0.18539,-1.532498,-0.639045,0.904109,jog
303,2.525,0.007599,-0.022012,-0.95418,0.298327,-1.67441,-0.849595,0.01549,0.191499,0.127893,-0.970576,0.070382,-1.516125,-0.472104,0.053047,0.082226,0.019864,0.97894,-0.185798,-1.536799,-0.644618,0.902613,jog
304,2.533333,0.008749,-0.028011,-0.954055,0.298191,-1.674966,-0.849579,0.015281,0.211091,0.12274,-0.967678,0.063047,-1.518514,-0.475113,0.057399,0.080709,0.02261,0.978958,-0.186055,-1.540868,-0.649861,0.901521,jog
305,2.541667,0.008467,-0.033319,-0.955106,0.294263,-1.675557,-0.849017,0.015018,0.222038,0.129234,-0.964648,0.058746,-1.520853,-0.478058,0.061629,0.077934,0.023138,0.979059,-0.186639,-1.544855,-0.655102,0.900715,jog
306,2.55,0.010529,-0.033508,-0.955782,0.291972,-1.675823,-0.848684,0.014696,0.230684,0.13525,-0.962056,0.054229,-1.524381,-0.481935,0.065596,0.074504,0.025049,0.979517,-0.185389,-1.548939,-0.660181,0.899903,jog
307,2.558333,0.011971,-0.034551,-0.955819,0.291673,-1.675966,-0.848697,0.014503,0.235029,0.139697,-0.960614,0.049674,-1.528391,-0.485931,0.069649,0.073914,0.027574,0.979719,-0.184192,-1.552832,-0.665198,0.900028,jog
308,2.566667,0.014656,-0.035928,-0.954487,0.295719,-1.675821,-0.849038,0.01433,0.230648,0.142465,-0.961403,0.046999,-1.53318,-0.490564,0.073847,0.073441,0.030064,0.97987,-0.183189,-1.556555,-0.670097,0.900226,jog
309,2.575,0.015713,-0.034985,-0.954837,0.294644,-1.676035,-0.849102,0.014263,0.226377,0.149204,-0.961698,0.040346,-1.539217,-0.495,0.076675,0.074403,0.033677,0.979941,-0.181785,-1.560238,-0.674793,0.90188,jog
310,2.583333,0.016191,-0.034343,-0.954924,0.294413,-1.676089,-0.849202,0.014268,0.2229,0.152079,-0.96218,0.037372,-1.546267,-0.500282,0.078293,0.073941,0.03334,0.980303,-0.180074,-1.563899,-0.678928,0.901913,jog
311,2.591667,0.017042,-0.034611,-0.954682,0.295118,-1.676011,-0.849244,0.014378,0.217516,0.14722,-0.964178,0.037058,-1.554053,-0.506229,0.079266,0.074014,0.03406,0.980563,-0.178488,-1.567321,-0.682878,0.902874,jog
312,2.6,0.016704,-0.029953,-0.954974,0.294701,-1.676002,-0.849616,0.014836,0.208201,0.135386,-0.968045,0.034805,-1.563284,-0.51303,0.080088,0.073607,0.034935,0.980744,-0.177492,-1.570515,-0.686517,0.904226,jog
313,2.608333,0.016281,-0.027799,-0.955189,0.294238,-1.675993,-0.84979,0.01501,0.199761,0.128081,-0.97072,0.037329,-1.572895,-0.520741,0.078748,0.073611,0.035242,0.980945,-0.176315,-1.573827,-0.689964,0.905936,jog
314,2.616667,0.016001,-0.025983,-0.955336,0.293943,-1.675995,-0.849932,0.015136,0.190352,0.116095,-0.974036,0.039274,-1.583062,-0.529188,0.076961,0.072516,0.035115,0.981093,-0.175969,-1.576996,-0.693054,0.907745,jog
315,2.625,0.016079,-0.025122,-0.955312,0.29409,-1.675957,-0.850127,0.015149,0.178882,0.108589,-0.976922,0.042814,-1.594014,-0.53771,0.074307,0.07164,0.033402,0.981311,-0.175444,-1.580129,-0.696407,0.90955,jog
316,2.633333,0.016339,-0.024078,-0.955163,0.294649,-1.675914,-0.850276,0.015237,0.164625,0.109222,-0.979207,0.046082,-1.605217,-0.545445,0.071384,0.0689,0.030742,0.981506,-0.175935,-1.583333,-0.69915,0.911379,jog
317,2.641667,0.016248,-0.023235,-0.954786,0.295938,-1.676137,-0.850374,0.015229,0.150646,0.109594,-0.981189,0.050634,-1.616499,-0.554388,0.067409,0.068426,0.029829,0.981134,-0.178338,-1.585843,-0.702415,0.913592,jog
318,2.65,0.016518,-0.022468,-0.954675,0.296342,-1.676146,-0.850422,0.015282,0.136355,0.105217,-0.98371,0.051484,-1.628915,-0.563329,0.064313,0.067286,0.028227,0.980725,-0.181258,-1.588239,-0.705713,0.915706,jog
319,2.658333,0.016748,-0.021335,-0.954687,0.296374,-1.676116,-0.850451,0.015352,0.118553,0.095593,-0.986987,0.051606,-1.641704,-0.571851,0.060773,0.06534,0.023914,0.980436,-0.184132,-1.590552,-0.709345,0.917209,jog
320,2.666667,0.016693,-0.022737,-0.954616,0.296502,-1.676104,-0.850344,0.015265,0.103361,0.109007,-0.987511,0.047504,-1.656496,-0.580741,0.055726,0.063431,0.021678,0.980078,-0.186958,-1.593105,-0.712237,0.918891,jog
321,2.675,0.01627,-0.018107,-0.954826,0.296167,-1.675997,-0.850256,0.015555,0.081592,0.113924,-0.989102,0.045169,-1.670712,-0.588418,0.05115,0.063485,0.018972,0.979723,-0.189084,-1.594909,-0.715886,0.920695,jog
322,2.683333,0.015876,-0.021539,-0.954454,0.297155,-1.676341,-0.850631,0.015265,0.071682,0.107535,-0.990746,0.041488,-1.685163,-0.596866,0.047253,0.061927,0.017465,0.979285,-0.191992,-1.597317,-0.718741,0.922416,jog
323,2.691667,0.015672,-0.020161,-0.95443,0.29734,-1.676326,-0.850694,0.015288,0.054499,0.100445,-0.992441,0.044749,-1.698673,-0.605613,0.044093,0.061221,0.015524,0.978797,-0.194851,-1.599534,-0.721723,0.924068,jog
324,2.7,0.015738,-0.021233,-0.954293,0.297701,-1.676317,-0.850664,0.015131,0.038161,0.093747,-0.993686,0.048414,-1.712485,-0.61411,0.040797,0.059374,0.013478,0.978343,-0.197836,-1.601666,-0.724611,0.925285,jog
325,2.708333,0.01584,-0.022356,-0.954188,0.297952,-1.676299,-0.850584,0.015023,0.021253,0.086041,-0.994676,0.052579,-1.725908,-0.622486,0.037846,0.057786,0.012255,0.978068,-0.199732,-1.603618,-0.727412,0.926528,jog
326,2.716667,0.016152,-0.023923,-0.954013,0.298372,-1.67634,-0.850447,0.014931,0.008027,0.079047,-0.995234,0.056534,-1.739105,-0.630631,0.034951,0.056365,0.011977,0.977709,-0.201904,-1.605721,-0.729649,0.927602,jog
327,2.725,0.016491,-0.024998,-0.953986,0.298353,-1.676329,-0.850301,0.014849,-0.001882,0.067448,-0.995978,0.05895,-1.75182,-0.638565,0.032721,0.055032,0.009216,0.977454,-0.203641,-1.607637,-0.732314,0.92859,jog
328,2.733333,0.016465,-0.024239,-0.954168,0.297833,-1.676195,-0.850252,0.01491,-0.009701,0.057532,-0.996408,0.06137,-1.763899,-0.645493,0.030671,0.052471,0.007468,0.97705,-0.20631,-1.609829,-0.73501,0.929517,jog
329,2.741667,0.016325,-0.020991,-0.954456,0.297164,-1.675915,-0.849973,0.01511,-0.02419,0.036932,-0.997002,0.063543,-1.775303,-0.652699,0.029442,0.050531,0.006407,0.976816,-0.207934,-1.611643,-0.737157,0.930237,jog
330,2.75,0.016123,-0.020323,-0.954439,0.297277,-1.675858,-0.849896,0.0152,-0.028092,0.013839,-0.997358,0.065547,-1.786308,-0.659425,0.028595,0.048293,0.00498,0.97655,-0.209747,-1.61367,-0.739328,0.930414,jog
331,2.758333,0.015779,-0.020702,-0.95443,0.297299,-1.675854,-0.849912,0.015305,-0.025427,0.000455,-0.997432,0.066954,-1.796415,-0.6652,0.0272,0.046921,0.006235,0.976254,-0.211396,-1.615646,-0.741288,0.930416,jog
332,2.766667,0.015105,-0.02368,-0.954277,0.297602,-1.675951,-0.850113,0.015286,-0.022875,-0.003591,-0.99724,0.070546,-1.804773,-0.669921,0.026442,0.045845,0.007087,0.975887,-0.213289,-1.61758,-0.743287,0.930357,jog
333,2.775,0.014719,-0.024165,-0.954194,0.297847,-1.675946,-0.850134,0.015331,-0.015582,-0.000677,-0.997221,0.072852,-1.81164,-0.674255,0.025113,0.044507,0.007913,0.975423,-0.215652,-1.619491,-0.745379,0.92993,jog
334,2.783333,0.015104,-0.024352,-0.954116,0.298061,-1.675982,-0.850155,0.015486,-0.010281,0.013718,-0.997139,0.073619,-1.817236,-0.677179,0.023493,0.043453,0.008015,0.975366,-0.216121,-1.622057,-0.747628,0.92949,jog
335,2.791667,0.015065,-0.02454,-0.954064,0.298216,-1.675987,-0.850166,0.015459,-0.003011,0.033625,-0.996515,0.076272,-1.820586,-0.679188,0.021899,0.043617,0.007093,0.975099,-0.217322,-1.6243,-0.749837,0.929039,jog
336,2.8,0.014705,-0.024253,-0.954121,0.298074,-1.676043,-0.850185,0.01541,6.8e-05,0.042208,-0.996357,0.074102,-1.822042,-0.680578,0.021516,0.042632,0.008654,0.974634,-0.219536,-1.625932,-0.752039,0.928358,jog
337,2.808333,0.014862,-0.024514,-0.954081,0.298175,-1.67608,-0.850152,0.015382,0.0061,0.042578,-0.996509,0.071555,-1.821768,-0.68117,0.021641,0.043852,0.010435,0.97413,-0.221449,-1.62746,-0.753962,0.927651,jog
338,2.816667,0.015215,-0.024457,-0.954019,0.29836,-1.676045,-0.850092,0.0154,0.005165,0.04775,-0.996511,0.068252,-1.820428,-0.680773,0.021712,0.045344,0.011399,0.973803,-0.222534,-1.629103,-0.756036,0.927035,jog
339,2.825,0.015384,-0.024192,-0.953996,0.298445,-1.676032,-0.850061,0.015378,0.002515,0.049553,-0.996536,0.066746,-1.818515,-0.679991,0.021436,0.04622,0.010663,0.97346,-0.223889,-1.630676,-0.758132,0.926321,jog
340,2.833333,0.01573,-0.023998,-0.953973,0.298516,-1.676033,-0.85004,0.015357,0.00219,0.051359,-0.996408,0.067296,-1.816524,-0.679066,0.021212,0.046934,0.011711,0.973186,-0.224874,-1.632056,-0.759991,0.925777,jog
341,2.841667,0.016263,-0.023989,-0.953989,0.298438,-1.676039,-0.850011,0.015343,0.001151,0.050133,-0.99642,0.068065,-1.814998,-0.678588,0.020925,0.047632,0.012088,0.972926,-0.22583,-1.63319,-0.761806,0.925573,jog
342,2.85,0.016713,-0.023959,-0.953976,0.298455,-1.676057,-0.849994,0.015333,0.000334,0.050717,-0.996245,0.070173,-1.814313,-0.678389,0.020754,0.047438,0.012166,0.972815,-0.226346,-1.634361,-0.763504,0.925501,jog
343,2.858333,0.016953,-0.024094,-0.953958,0.298489,-1.676081,-0.849971,0.015337,-0.000434,0.052083,-0.996097,0.071264,-1.814543,-0.677876,0.020495,0.04745,0.012196,0.972711,-0.22679,-1.635281,-0.765195,0.925536,jog
344,2.866667,0.017321,-0.024977,-0.953923,0.29851,-1.676093,-0.849915,0.015311,-0.000473,0.055722,-0.995894,0.071339,-1.815438,-0.678109,0.020038,0.046571,0.011292,0.972849,-0.226426,-1.636564,-0.766857,0.925531,jog
345,2.875,0.017509,-0.025435,-0.953864,0.298646,-1.676164,-0.849893,0.015324,0.0016,0.056737,-0.995818,0.071592,-1.816357,-0.678105,0.020139,0.046346,0.010248,0.97305,-0.225656,-1.63768,-0.76844,0.925673,jog
346,2.883333,0.017687,-0.025789,-0.953831,0.298711,-1.676237,-0.849875,0.015324,0.001899,0.058294,-0.995806,0.070489,-1.817041,-0.67833,0.020181,0.045904,0.009293,0.973262,-0.224875,-1.638757,-0.769912,0.925883,jog
347,2.891667,0.01788,-0.026347,-0.953773,0.298836,-1.676284,-0.84985,0.015328,0.002177,0.058427,-0.995929,0.06861,-1.81753,-0.67841,0.020211,0.045394,0.0071,0.973425,-0.224349,-1.639724,-0.771641,0.925683,jog
348,2.9,0.017841,-0.026368,-0.953739,0.298945,-1.676307,-0.849832,0.015344,0.003191,0.05804,-0.996006,0.067778,-1.817825,-0.67838,0.020288,0.044814,0.006853,0.973621,-0.223621,-1.640675,-0.772938,0.925814,jog
349,2.908333,0.017917,-0.026941,-0.953689,0.299049,-1.676331,-0.849798,0.015331,0.004362,0.056683,-0.99613,0.067029,-1.817964,-0.678317,0.020364,0.044293,0.006776,0.97384,-0.222773,-1.641727,-0.774127,0.925974,jog
350,2.916667,0.017793,-0.027309,-0.953625,0.299228,-1.67634,-0.849751,0.015313,0.005335,0.05459,-0.996298,0.066204,-1.81804,-0.678288,0.020457,0.04342,0.00672,0.97402,-0.222161,-1.642736,-0.775339,0.925992,jog
351,2.925,0.017683,-0.027715,-0.953567,0.299381,-1.676354,-0.849717,0.015285,0.006269,0.052709,-0.996424,0.065737,-1.818117,-0.678342,0.020565,0.042808,0.007377,0.974243,-0.221276,-1.643755,-0.776414,0.925957,jog
352,2.933333,0.017464,-0.028053,-0.953498,0.299581,-1.67635,-0.849667,0.015261,0.006535,0.050809,-0.996548,0.065334,-1.818163,-0.678291,0.020592,0.042145,0.008081,0.97437,-0.220822,-1.644739,-0.77743,0.925858,jog
353,2.941667,0.017314,-0.028689,-0.953424,0.299767,-1.676345,-0.849602,0.015216,0.006468,0.049404,-0.996639,0.065027,-1.818242,-0.678305,0.0206,0.041388,0.008562,0.974523,-0.22027,-1.645774,-0.77853,0.925718,jog
354,2.95,0.016969,-0.028831,-0.953348,0.300014,-1.676342,-0.849531,0.015193,0.006073,0.04831,-0.996711,0.064779,-1.818314,-0.678349,0.020572,0.040951,0.0086,0.974697,-0.21958,-1.646989,-0.779598,0.925587,jog
355,2.958333,0.016759,-0.029228,-0.953281,0.3002,-1.676316,-0.849504,0.015165,0.005593,0.047693,-0.99675,0.064674,-1.818371,-0.678417,0.02053,0.040132,0.009018,0.974729,-0.219574,-1.648135,-0.780545,0.925443,jog
356,2.966667,0.016421,-0.029328,-0.953205,0.30045,-1.676282,-0.849451,0.015154,0.005506,0.048616,-0.996673,0.065178,-1.818445,-0.678413,0.020579,0.039171,0.009283,0.974911,-0.218925,-1.649307,-0.781433,0.925394,jog
357,2.975,0.016091,-0.029453,-0.953135,0.30068,-1.67622,-0.84942,0.015137,0.004638,0.047715,-0.996745,0.06481,-1.818416,-0.678495,0.020413,0.0382,0.009706,0.975122,-0.218135,-1.650265,-0.782281,0.92531,jog
358,2.983333,0.015723,-0.029204,-0.953067,0.300937,-1.676152,-0.84938,0.015137,0.004772,0.048952,-0.996642,0.065474,-1.818465,-0.678476,0.02042,0.037334,0.010238,0.975328,-0.217342,-1.651237,-0.783012,0.925369,jog
359,2.991667,0.015344,-0.029188,-0.953009,0.301141,-1.676067,-0.849352,0.015124,0.004572,0.049347,-0.996617,0.065558,-1.818448,-0.678441,0.020342,0.036772,0.010479,0.975557,-0.216393,-1.652255,-0.783805,0.925372,jog
360,3.0,0.014794,-0.028808,-0.952926,0.301468,-1.675959,-0.849335,0.015126,0.003942,0.048761,-0.996674,0.065173,-1.818387,-0.678391,0.020171,0.035665,0.011304,0.975782,-0.215521,-1.653014,-0.784372,0.925605,jog
361,3.008333,0.013904,-0.027771,-0.952878,0.301758,-1.675862,-0.849349,0.015149,0.003882,0.049177,-0.996651,0.065221,-1.818408,-0.678321,0.020102,0.035617,0.007364,0.976403,-0.212874,-1.654524,-0.785851,0.925106,jog
362,3.016667,0.013145,-0.027053,-0.952819,0.302046,-1.675753,-0.84935,0.01516,0.003964,0.049751,-0.996622,0.065223,-1.818436,-0.678264,0.020043,0.034883,0.006576,0.976674,-0.211772,-1.655276,-0.786538,0.925308,jog
363,3.025,0.012263,-0.026273,-0.952772,0.302299,-1.675628,-0.84938,0.015157,0.004045,0.050153,-0.9966,0.065247,-1.81847,-0.678198,0.019995,0.033059,0.006008,0.976353,-0.213554,-1.655965,-0.787352,0.925919,jog
364,3.033333,0.011665,-0.02554,-0.952711,0.302577,-1.675488,-0.849412,0.015197,0.004176,0.050479,-0.996583,0.065238,-1.818502,-0.678123,0.01995,0.033052,0.004822,0.97681,-0.211489,-1.656731,-0.788167,0.92618,jog
365,3.041667,0.01118,-0.024748,-0.95264,0.302885,-1.675344,-0.849429,0.015265,0.004377,0.050698,-0.99657,0.065263,-1.818543,-0.678049,0.019921,0.032005,0.007305,0.976964,-0.210866,-1.657671,-0.789262,0.926089,jog
366,3.05,0.010815,-0.023808,-0.952562,0.303219,-1.67519,-0.849453,0.015321,0.004443,0.050845,-0.996561,0.065286,-1.818588,-0.677984,0.019894,0.032264,0.006676,0.977352,-0.209041,-1.65805,-0.789964,0.926549,jog
367,3.058333,0.010266,-0.022722,-0.952508,0.303491,-1.67504,-0.849477,0.015374,0.004521,0.050777,-0.996564,0.065284,-1.818615,-0.677927,0.019871,0.031898,0.006065,0.977518,-0.208338,-1.657864,-0.790717,0.927191,jog
368,3.066667,0.009518,-0.022355,-0.952344,0.304057,-1.674918,-0.849507,0.015469,0.004603,0.050621,-0.996566,0.065365,-1.818634,-0.677885,0.019864,0.032188,0.005285,0.977816,-0.20691,-1.657882,-0.791381,0.927666,jog
369,3.075,0.008462,-0.021246,-0.952338,0.304185,-1.674749,-0.84953,0.015448,0.004613,0.050388,-0.996574,0.065425,-1.818656,-0.677841,0.019862,0.033539,0.001192,0.978433,-0.203822,-1.658131,-0.791907,0.927393,jog
370,3.083333,0.00752,-0.020429,-0.952309,0.304358,-1.674611,-0.849541,0.015445,0.004665,0.050092,-0.996587,0.065452,-1.818678,-0.677829,0.019863,0.034288,0.000276,0.979026,-0.200832,-1.65849,-0.792277,0.927515,jog
371,3.091667,0.006684,-0.019896,-0.952288,0.304478,-1.674501,-0.849568,0.015445,0.004748,0.049705,-0.996603,0.065489,-1.818703,-0.677825,0.019875,0.034071,0.001553,0.979335,-0.199348,-1.657777,-0.7919,0.928189,jog
372,3.1,0.006178,-0.019825,-0.952278,0.304524,-1.674435,-0.849585,0.015444,0.004824,0.049374,-0.996618,0.065514,-1.818719,-0.677835,0.019893,0.033139,0.000854,0.979762,-0.1974,-1.657529,-0.792176,0.928145,jog
373,3.108333,0.005818,-0.019726,-0.95222,0.304721,-1.6744,-0.849564,0.015441,0.004987,0.049056,-0.996631,0.065545,-1.81874,-0.677848,0.01993,0.032037,-0.000337,0.980301,-0.194894,-1.657047,-0.792286,0.928021,jog
374,3.116667,0.005631,-0.019887,-0.952196,0.304786,-1.674389,-0.849568,0.015423,0.005061,0.048813,-0.996642,0.065544,-1.818753,-0.677885,0.019971,0.031127,-0.001409,0.980828,-0.192367,-1.656756,-0.792149,0.927818,jog
375,3.125,0.005545,-0.020047,-0.952169,0.304864,-1.674386,-0.849571,0.015403,0.005405,0.048587,-0.996652,0.065536,-1.818778,-0.677927,0.020036,0.030416,-0.002949,0.981466,-0.189186,-1.656475,-0.791883,0.927573,jog
376,3.133333,0.005496,-0.020065,-0.952124,0.305005,-1.674397,-0.849571,0.015373,0.00573,0.04829,-0.996661,0.065593,-1.818837,-0.67806,0.020095,0.0285,-0.00379,0.981997,-0.186697,-1.65661,-0.791497,0.927052,jog
377,3.141667,0.005406,-0.020307,-0.952059,0.305193,-1.674426,-0.849572,0.015328,0.0061,0.048085,-0.996676,0.065478,-1.818861,-0.67816,0.020177,0.028219,-0.006335,0.982658,-0.183159,-1.656159,-0.791122,0.926786,jog
378,3.15,0.005209,-0.020361,-0.951993,0.305398,-1.674456,-0.849571,0.015285,0.006564,0.047844,-0.996699,0.06526,-1.818893,-0.678236,0.020306,0.027377,-0.007643,0.983395,-0.179241,-1.655526,-0.790865,0.926646,jog
379,3.158333,0.005066,-0.020438,-0.951961,0.305493,-1.67449,-0.849573,0.015239,0.00703,0.047557,-0.996721,0.065081,-1.818906,-0.678294,0.020464,0.026992,-0.008385,0.984136,-0.175148,-1.65448,-0.790089,0.926619,jog
380,3.166667,0.004905,-0.02071,-0.951928,0.305581,-1.674517,-0.849586,0.015178,0.007266,0.047126,-0.996748,0.06496,-1.818862,-0.678362,0.020644,0.026757,-0.009517,0.984808,-0.171311,-1.653499,-0.789285,0.926594,jog
381,3.175,0.004921,-0.02102,-0.951883,0.305699,-1.674534,-0.849581,0.015141,0.008362,0.043558,-0.996986,0.063657,-1.818797,-0.678679,0.021007,0.026581,-0.010468,0.985536,-0.16704,-1.652539,-0.788331,0.926607,jog
382,3.183333,0.004836,-0.021191,-0.951854,0.305782,-1.67453,-0.849579,0.015103,0.008214,0.044373,-0.996965,0.063432,-1.818637,-0.678602,0.021286,0.026579,-0.011372,0.986246,-0.162736,-1.65152,-0.787379,0.92664,jog
383,3.191667,0.00479,-0.021795,-0.951816,0.305857,-1.674528,-0.849595,0.015064,0.007217,0.042984,-0.997052,0.063145,-1.818429,-0.678554,0.02159,0.026705,-0.011971,0.986969,-0.158228,-1.650509,-0.786236,0.926879,jog
384,3.2,0.004488,-0.02196,-0.951795,0.305917,-1.674516,-0.84962,0.015028,0.005033,0.041277,-0.997165,0.062715,-1.818192,-0.678496,0.02198,0.025451,-0.010892,0.987804,-0.153222,-1.649506,-0.784992,0.927376,jog
385,3.208333,0.004598,-0.022379,-0.95178,0.30593,-1.674491,-0.849632,0.015029,0.002385,0.03891,-0.997298,0.062262,-1.817939,-0.678408,0.02251,0.025501,-0.011471,0.988664,-0.14752,-1.648535,-0.783864,0.927694,jog
386,3.216667,0.004443,-0.022897,-0.951739,0.306022,-1.674447,-0.849632,0.014976,-0.000335,0.034862,-0.997549,0.060677,-1.81765,-0.678226,0.023207,0.025562,-0.0117,0.989466,-0.142013,-1.647398,-0.782728,0.928029,jog
387,3.225,0.004281,-0.023449,-0.951682,0.306158,-1.674396,-0.849625,0.014926,-0.00431,0.032196,-0.99775,0.058651,-1.817306,-0.677781,0.023901,0.025729,-0.012051,0.99035,-0.135647,-1.646524,-0.781632,0.928386,jog
388,3.233333,0.004142,-0.023678,-0.951625,0.30632,-1.674352,-0.849603,0.0149,-0.009058,0.029116,-0.998001,0.055347,-1.816899,-0.677091,0.024728,0.026072,-0.012544,0.991075,-0.130127,-1.645418,-0.780441,0.928764,jog
389,3.241667,0.003801,-0.02389,-0.951618,0.30633,-1.674325,-0.849603,0.014869,-0.014414,0.023411,-0.998374,0.049947,-1.816504,-0.676278,0.025671,0.025771,-0.013359,0.991819,-0.124307,-1.644705,-0.779418,0.929039,jog
390,3.25,0.003455,-0.024036,-0.951614,0.306335,-1.674307,-0.8496,0.014843,-0.019962,0.022479,-0.998633,0.042754,-1.816332,-0.674676,0.027113,0.025534,-0.014015,0.992538,-0.118406,-1.643844,-0.778296,0.929378,jog
391,3.258333,0.003191,-0.024047,-0.951603,0.30637,-1.674278,-0.84958,0.014852,-0.02594,0.016965,-0.998995,0.032383,-1.816127,-0.673018,0.028433,0.025574,-0.014901,0.993241,-0.112232,-1.64287,-0.777098,0.929782,jog
392,3.266667,0.002812,-0.023999,-0.951574,0.306467,-1.674245,-0.849564,0.014842,-0.031399,0.010033,-0.99927,0.019334,-1.815864,-0.670778,0.030025,0.025581,-0.016618,0.993908,-0.105903,-1.64186,-0.775901,0.930213,jog
393,3.275,0.00283,-0.024,-0.95157,0.306482,-1.674198,-0.84955,0.014849,-0.034276,0.025342,-0.999091,0.00094,-1.815407,-0.666751,0.030389,0.025473,-0.019075,0.994427,-0.100514,-1.641002,-0.774646,0.930687,jog
394,3.283333,0.002777,-0.023977,-0.951532,0.3066,-1.674149,-0.84951,0.014843,-0.039355,0.025448,-0.998723,-0.018866,-1.815027,-0.662994,0.031638,0.024867,-0.022884,0.994952,-0.094491,-1.640443,-0.77356,0.930961,jog
395,3.291667,0.002917,-0.023924,-0.951526,0.306624,-1.674101,-0.849495,0.014861,-0.043852,0.023414,-0.997988,-0.03936,-1.814556,-0.659031,0.032645,0.024239,-0.026143,0.995441,-0.088468,-1.639875,-0.772261,0.931392,jog
396,3.3,0.002647,-0.023842,-0.951553,0.306548,-1.674064,-0.849498,0.014849,-0.051475,0.023288,-0.996207,-0.066177,-1.813871,-0.65437,0.033396,0.023261,-0.029558,0.995905,-0.082212,-1.639386,-0.770959,0.931741,jog
397,3.308333,0.002468,-0.023697,-0.951567,0.306516,-1.674039,-0.849486,0.014843,-0.056691,0.017209,-0.994116,-0.090685,-1.812795,-0.649737,0.03466,0.022017,-0.032526,0.996294,-0.076529,-1.638824,-0.769682,0.932095,jog
398,3.316667,0.00248,-0.023788,-0.951604,0.306396,-1.674022,-0.849474,0.014837,-0.06073,0.008611,-0.99152,-0.114564,-1.812023,-0.644671,0.036012,0.017786,-0.030917,0.996951,-0.069396,-1.636999,-0.768726,0.931525,jog
399,3.325,0.002432,-0.024197,-0.951598,0.306381,-1.674014,-0.849435,0.014788,-0.068869,-0.0019,-0.988061,-0.137798,-1.810973,-0.639864,0.037432,0.016907,-0.033155,0.99738,-0.062031,-1.635441,-0.767428,0.931869,jog
400,3.333333,0.002035,-0.024153,-0.951639,0.306262,-1.673987,-0.849425,0.014704,-0.075214,-0.009088,-0.983663,-0.163299,-1.809585,-0.634551,0.038844,0.015461,-0.035137,0.997777,-0.054474,-1.634346,-0.766161,0.931992,jog
401,3.341667,0.001581,-0.024252,-0.951681,0.306125,-1.673947,-0.849373,0.014565,-0.080006,-0.015119,-0.978605,-0.188951,-1.808001,-0.629026,0.040251,0.013491,-0.036884,0.998155,-0.0463,-1.633135,-0.765022,0.931969,jog
402,3.35,0.00181,-0.02392,-0.951591,0.306431,-1.673863,-0.849351,0.014346,-0.08378,-0.01293,-0.973657,-0.211673,-1.806172,-0.622471,0.042352,0.004411,-0.039258,0.998495,-0.038046,-1.63155,-0.763683,0.93023,jog
403,3.358333,0.001595,-0.024813,-0.951591,0.306361,-1.673859,-0.84923,0.014157,-0.089832,-0.017215,-0.966747,-0.238816,-1.80365,-0.616425,0.043259,0.00017,-0.042637,0.998622,-0.030603,-1.630396,-0.762637,0.929425,jog
404,3.366667,0.001664,-0.025479,-0.951619,0.306217,-1.67388,-0.849134,0.014087,-0.090015,-0.017884,-0.959914,-0.264843,-1.800941,-0.609493,0.043972,0.000209,-0.042417,0.998887,-0.020633,-1.628708,-0.761074,0.930256,jog
405,3.375,0.001663,-0.025956,-0.951684,0.305977,-1.67389,-0.849096,0.014027,-0.090161,-0.017583,-0.95249,-0.290388,-1.797965,-0.602629,0.044337,-0.000479,-0.045111,0.998914,-0.011678,-1.627467,-0.758922,0.930215,jog
406,3.383333,0.001767,-0.026413,-0.951818,0.305518,-1.673866,-0.849051,0.013967,-0.089639,-0.016008,-0.945107,-0.313816,-1.794652,-0.595887,0.044607,-0.004739,-0.04367,0.999025,-0.004458,-1.626547,-0.75801,0.930181,jog
407,3.391667,0.00181,-0.026441,-0.95194,0.305137,-1.673866,-0.849042,0.013965,-0.08154,-0.002848,-0.936528,-0.340967,-1.791227,-0.588234,0.043555,-0.006631,-0.044555,0.998972,0.005047,-1.625327,-0.756458,0.93032,jog
408,3.4,0.002235,-0.026465,-0.952084,0.30468,-1.67388,-0.849049,0.014046,-0.080555,-0.001277,-0.929247,-0.360568,-1.787336,-0.581299,0.043827,-0.007723,-0.045357,0.998839,0.014267,-1.624109,-0.75489,0.930405,jog
409,3.408333,0.002731,-0.026868,-0.952124,0.304517,-1.673925,-0.849013,0.014129,-0.072454,0.001275,-0.921936,-0.380503,-1.78353,-0.573639,0.043898,-0.008688,-0.046123,0.998624,0.023387,-1.622964,-0.753438,0.930504,jog
410,3.416667,0.003065,-0.027502,-0.952212,0.304181,-1.673975,-0.849011,0.01419,-0.069709,0.000766,-0.915229,-0.396858,-1.77923,-0.566483,0.04383,-0.011183,-0.048431,0.998205,0.033414,-1.621983,-0.751813,0.930239,jog
411,3.425,0.003571,-0.028074,-0.952345,0.303707,-1.674005,-0.848959,0.014269,-0.053936,0.011953,-0.907293,-0.416854,-1.774648,-0.5584,0.043149,-0.011923,-0.048768,0.997829,0.042631,-1.621006,-0.750377,0.930401,jog
412,3.433333,0.004166,-0.027616,-0.952624,0.302865,-1.673923,-0.848885,0.014408,-0.049872,0.014692,-0.901678,-0.429272,-1.770052,-0.550959,0.043204,-0.012336,-0.048939,0.997367,0.052067,-1.620103,-0.749012,0.930569,jog
413,3.441667,0.006107,-0.024301,-0.95291,0.302216,-1.673771,-0.848682,0.014339,-0.046652,0.016814,-0.896372,-0.44052,-1.765217,-0.543437,0.043256,-0.013267,-0.0497,0.996821,0.06084,-1.61828,-0.747378,0.930832,jog
414,3.45,0.006656,-0.024658,-0.952933,0.302104,-1.673728,-0.848628,0.014305,-0.042083,0.020666,-0.891985,-0.449627,-1.760286,-0.535736,0.043307,-0.013887,-0.053754,0.995998,0.07004,-1.617328,-0.746431,0.930119,jog
415,3.458333,0.007254,-0.024656,-0.953058,0.301696,-1.673704,-0.848533,0.014258,-0.040116,0.022621,-0.887864,-0.457795,-1.755163,-0.52804,0.04331,-0.014741,-0.054675,0.995214,0.079645,-1.616448,-0.745259,0.929982,jog
416,3.466667,0.00761,-0.024561,-0.953285,0.300978,-1.673726,-0.848412,0.014193,-0.038828,0.026675,-0.883674,-0.465726,-1.749707,-0.520156,0.04347,-0.015948,-0.050508,0.994546,0.089848,-1.61526,-0.743842,0.930758,jog
417,3.475,0.006981,-0.024718,-0.953415,0.300568,-1.673792,-0.848372,0.014084,-0.037354,0.028313,-0.880089,-0.47249,-1.74415,-0.512323,0.043548,-0.016743,-0.05002,0.993648,0.099402,-1.614044,-0.742719,0.930695,jog
418,3.483333,0.006519,-0.026646,-0.953393,0.300481,-1.67387,-0.848429,0.014023,-0.034253,0.032383,-0.876799,-0.478542,-1.738478,-0.50426,0.043701,-0.017835,-0.050399,0.992627,0.108786,-1.613007,-0.741699,0.930728,jog
419,3.491667,0.005988,-0.02861,-0.953256,0.300746,-1.673982,-0.848454,0.013887,-0.032642,0.034756,-0.873574,-0.484351,-1.732507,-0.49636,0.043842,-0.018722,-0.049724,0.991628,0.117686,-1.611816,-0.740576,0.930661,jog
420,3.5,0.006058,-0.029859,-0.953315,0.300435,-1.674066,-0.848418,0.013883,-0.029746,0.038719,-0.871203,-0.488489,-1.72646,-0.488524,0.043991,-0.019036,-0.049312,0.990612,0.126072,-1.610821,-0.739449,0.930588,jog
421,3.508333,0.006143,-0.030827,-0.953385,0.300115,-1.674134,-0.848366,0.013875,-0.026571,0.043711,-0.868833,-0.492457,-1.720229,-0.480752,0.044022,-0.019092,-0.048954,0.989615,0.133796,-1.610004,-0.738323,0.930544,jog
422,3.516667,0.006127,-0.031748,-0.953437,0.299855,-1.674202,-0.848298,0.013856,-0.023573,0.044328,-0.864807,-0.499588,-1.71373,-0.47232,0.044501,-0.019374,-0.048743,0.988538,0.14157,-1.609279,-0.737134,0.930265,jog
423,3.525,0.006014,-0.032583,-0.953474,0.299648,-1.674259,-0.848227,0.013822,-0.021102,0.047131,-0.861313,-0.505444,-1.707168,-0.464255,0.044723,-0.019102,-0.048298,0.987415,0.149378,-1.608685,-0.735857,0.930073,jog
424,3.533333,0.006214,-0.033342,-0.953528,0.299388,-1.674312,-0.848179,0.013816,-0.019044,0.047374,-0.858407,-0.510422,-1.700545,-0.45646,0.04497,-0.01903,-0.047214,0.98633,0.156725,-1.607977,-0.73445,0.930021,jog
425,3.541667,0.007636,-0.033889,-0.953632,0.298963,-1.674538,-0.848323,0.014152,-0.017107,0.050335,-0.85484,-0.516161,-1.693685,-0.448824,0.045067,-0.019226,-0.049665,0.985082,0.163637,-1.607708,-0.733365,0.928941,jog
426,3.55,0.007609,-0.034102,-0.953748,0.29857,-1.674572,-0.848309,0.01414,-0.016817,0.054843,-0.850522,-0.522803,-1.686831,-0.441321,0.045105,-0.0194,-0.048054,0.984439,0.167914,-1.606418,-0.732156,0.92891,jog
427,3.558333,0.006729,-0.027674,-0.953945,0.298628,-1.674466,-0.848059,0.013645,-0.014296,0.060084,-0.845989,-0.529611,-1.679465,-0.434139,0.045057,-0.020359,-0.048452,0.983268,0.174418,-1.605925,-0.731413,0.928636,jog
428,3.566667,0.00744,-0.028613,-0.953984,0.298397,-1.674479,-0.848,0.013686,-0.012851,0.064487,-0.840486,-0.537828,-1.672043,-0.426464,0.045174,-0.021231,-0.047051,0.982489,0.179026,-1.605082,-0.730354,0.928423,jog
429,3.575,0.007623,-0.029116,-0.954053,0.298123,-1.674517,-0.847952,0.01366,-0.011737,0.065487,-0.835729,-0.545097,-1.664619,-0.419421,0.045279,-0.022059,-0.045618,0.981772,0.183185,-1.604429,-0.729338,0.928059,jog
430,3.583333,0.007807,-0.029578,-0.954114,0.297877,-1.674563,-0.847914,0.013656,-0.009027,0.072102,-0.826462,-0.558283,-1.656758,-0.411179,0.045374,-0.022568,-0.043315,0.981335,0.186001,-1.603279,-0.728531,0.928026,jog
431,3.591667,0.007971,-0.030285,-0.954196,0.29754,-1.674606,-0.847884,0.013654,0.00413,0.079864,-0.817949,-0.569705,-1.647699,-0.403918,0.044816,-0.022653,-0.041008,0.980965,0.18845,-1.602338,-0.727875,0.927941,jog
432,3.6,0.008225,-0.031088,-0.954222,0.297365,-1.674639,-0.847854,0.013636,0.003563,0.085924,-0.809045,-0.581422,-1.640154,-0.396995,0.044641,-0.02442,-0.038872,0.980272,0.192247,-1.601661,-0.726924,0.927539,jog
433,3.608333,0.008384,-0.031742,-0.954254,0.297191,-1.674657,-0.847837,0.013626,0.006597,0.090399,-0.800682,-0.592194,-1.63119,-0.390833,0.04468,-0.026007,-0.03879,0.979485,0.196031,-1.601109,-0.725479,0.926513,jog
434,3.616667,0.008542,-0.0321,-0.95432,0.296933,-1.674683,-0.847814,0.013625,0.007338,0.091522,-0.790399,-0.605673,-1.622753,-0.384501,0.044946,-0.02844,-0.036986,0.978794,0.199461,-1.600508,-0.724195,0.92571,jog
435,3.625,0.008754,-0.032652,-0.95437,0.296706,-1.674721,-0.847802,0.013648,0.00331,0.08948,-0.778325,-0.621443,-1.615126,-0.378506,0.044968,-0.026435,-0.040502,0.97821,0.201905,-1.599844,-0.722274,0.924708,jog
436,3.633333,0.008864,-0.033137,-0.954458,0.296365,-1.67477,-0.847783,0.013645,0.001817,0.090633,-0.764363,-0.638382,-1.606926,-0.372585,0.044948,-0.028106,-0.039763,0.977393,0.205749,-1.599046,-0.72044,0.924112,jog
437,3.641667,0.008994,-0.033488,-0.954546,0.296041,-1.674807,-0.847759,0.013654,0.005745,0.102133,-0.753048,-0.649965,-1.59692,-0.367414,0.045079,-0.028572,-0.039804,0.976591,0.209452,-1.598427,-0.718264,0.923572,jog
438,3.65,0.009153,-0.033834,-0.954635,0.295708,-1.674836,-0.847755,0.013664,0.011164,0.104786,-0.739704,-0.66463,-1.588328,-0.362173,0.044899,-0.029301,-0.037668,0.97584,0.213213,-1.597784,-0.716143,0.923302,jog
439,3.658333,0.009286,-0.03417,-0.954719,0.295394,-1.67487,-0.847738,0.01366,0.014428,0.108651,-0.724913,-0.680065,-1.57967,-0.357334,0.04481,-0.029674,-0.036044,0.975021,0.217152,-1.597166,-0.713687,0.923133,jog
440,3.666667,0.009392,-0.034757,-0.954808,0.295035,-1.674908,-0.847727,0.013655,0.012131,0.10584,-0.712409,-0.693631,-1.571129,-0.353308,0.045301,-0.030044,-0.036005,0.973982,0.221723,-1.596226,-0.710886,0.922848,jog
441,3.675,0.009648,-0.035063,-0.954914,0.294647,-1.674955,-0.847714,0.013681,0.012327,0.107802,-0.698454,-0.707382,-1.562558,-0.349493,0.04532,-0.030617,-0.035049,0.972957,0.22625,-1.595335,-0.707887,0.922717,jog
442,3.683333,0.009731,-0.035254,-0.95504,0.294213,-1.674995,-0.847695,0.01368,0.01258,0.112292,-0.684297,-0.720396,-1.55407,-0.345999,0.045303,-0.031659,-0.032635,0.971838,0.231224,-1.594695,-0.70478,0.922667,jog
443,3.691667,0.009784,-0.035514,-0.955203,0.29365,-1.675039,-0.847673,0.013687,0.010965,0.109269,-0.670323,-0.733899,-1.545967,-0.342859,0.045656,-0.030153,-0.032651,0.971056,0.234679,-1.593708,-0.701654,0.922153,jog
444,3.7,0.009816,-0.035789,-0.955289,0.293334,-1.675069,-0.847667,0.013693,0.006487,0.107459,-0.657553,-0.745678,-1.537998,-0.34005,0.046012,-0.030334,-0.031533,0.969957,0.239312,-1.59277,-0.698327,0.922011,jog
445,3.708333,0.01015,-0.036462,-0.955408,0.292852,-1.67507,-0.847635,0.013645,0.014154,0.117522,-0.640859,-0.758477,-1.530196,-0.336909,0.04535,-0.030967,-0.031353,0.968609,0.24465,-1.591592,-0.694792,0.921733,jog
446,3.716667,0.010393,-0.037143,-0.955528,0.292367,-1.675124,-0.847577,0.013603,0.008525,0.106122,-0.628206,-0.770729,-1.523415,-0.335202,0.045566,-0.030998,-0.031473,0.967479,0.249064,-1.59048,-0.690885,0.921711,jog
447,3.725,0.010492,-0.037465,-0.95563,0.291989,-1.675165,-0.847555,0.013603,-0.000925,0.098933,-0.617396,-0.780406,-1.5168,-0.333871,0.046098,-0.033392,-0.031243,0.965797,0.255233,-1.589036,-0.686772,0.921641,jog
448,3.733333,0.010555,-0.037789,-0.955687,0.291758,-1.675198,-0.847555,0.013602,-0.000666,0.098428,-0.607556,-0.788154,-1.510547,-0.332861,0.045847,-0.034674,-0.028889,0.964378,0.260651,-1.588171,-0.683036,0.921432,jog
449,3.741667,0.010025,-0.039218,-0.955537,0.29208,-1.675073,-0.847515,0.013756,-0.001826,0.099608,-0.598182,-0.795143,-1.504301,-0.332216,0.045384,-0.036144,-0.029167,0.962869,0.265946,-1.586632,-0.678624,0.921231,jog
450,3.75,0.010125,-0.039604,-0.955676,0.291569,-1.675139,-0.847491,0.013764,-0.001204,0.097725,-0.59215,-0.799879,-1.49922,-0.33211,0.044724,-0.036941,-0.029594,0.961373,0.271148,-1.584999,-0.674287,0.921073,jog
451,3.758333,0.01033,-0.039904,-0.955832,0.291008,-1.67518,-0.847456,0.013756,0.014601,0.106938,-0.588466,-0.801286,-1.493957,-0.333415,0.041649,-0.038038,-0.029272,0.960069,0.275616,-1.583349,-0.669945,0.920893,jog
452,3.766667,0.010588,-0.040467,-0.955989,0.290407,-1.675241,-0.847414,0.013779,0.017894,0.103056,-0.585322,-0.804026,-1.490221,-0.334558,0.040446,-0.039585,-0.030097,0.958283,0.281464,-1.581661,-0.665242,0.920713,jog
453,3.775,0.01074,-0.040664,-0.956166,0.28979,-1.675287,-0.847369,0.013787,0.024512,0.103226,-0.587298,-0.802387,-1.486834,-0.33651,0.038271,-0.040748,-0.029747,0.957148,0.285172,-1.579221,-0.660337,0.920881,jog
454,3.783333,0.010969,-0.040742,-0.956324,0.289246,-1.675304,-0.847309,0.013786,0.027098,0.098518,-0.589506,-0.801275,-1.484379,-0.338836,0.036014,-0.042514,-0.030048,0.955534,0.29025,-1.577322,-0.655532,0.920613,jog
455,3.791667,0.011328,-0.040806,-0.956461,0.288771,-1.675304,-0.847265,0.013772,0.02548,0.083298,-0.595108,-0.798911,-1.482166,-0.341204,0.035002,-0.04486,-0.030377,0.953831,0.295419,-1.575566,-0.650572,0.920212,jog
456,3.8,0.011892,-0.040973,-0.956432,0.288822,-1.675257,-0.847257,0.013769,0.027325,0.077654,-0.599771,-0.795925,-1.480948,-0.344338,0.03251,-0.048235,-0.030545,0.952175,0.300171,-1.574384,-0.6456,0.919396,jog
457,3.808333,0.011995,-0.040979,-0.956589,0.288295,-1.67528,-0.847239,0.013787,0.022464,0.070673,-0.604669,-0.793017,-1.480413,-0.347361,0.030344,-0.047601,-0.024175,0.951609,0.302638,-1.572243,-0.641389,0.920087,jog
458,3.816667,0.012082,-0.041299,-0.95668,0.287944,-1.675279,-0.847228,0.013833,0.024394,0.06796,-0.610274,-0.788893,-1.480565,-0.349951,0.027884,-0.050615,-0.024668,0.950184,0.306563,-1.569933,-0.636314,0.919698,jog
459,3.825,0.011819,-0.041773,-0.95683,0.287387,-1.67531,-0.847193,0.013896,0.026898,0.066369,-0.613322,-0.78658,-1.48109,-0.350864,0.026253,-0.052687,-0.024855,0.949038,0.309732,-1.567654,-0.631217,0.919051,jog
460,3.833333,0.011438,-0.042312,-0.957189,0.286127,-1.675373,-0.847072,0.014021,0.031288,0.069917,-0.613979,-0.785597,-1.4813,-0.349522,0.026003,-0.054272,-0.023879,0.94806,0.312515,-1.565486,-0.626236,0.918351,jog
461,3.841667,0.011311,-0.043613,-0.95747,0.284994,-1.675448,-0.846875,0.014168,0.040763,0.074767,-0.614889,-0.784003,-1.481868,-0.346428,0.025987,-0.055734,-0.02282,0.947206,0.31492,-1.563368,-0.621645,0.917594,jog
462,3.85,0.01111,-0.045493,-0.957722,0.283857,-1.675558,-0.846647,0.014293,0.042758,0.074721,-0.617104,-0.782158,-1.482899,-0.343776,0.025767,-0.057952,-0.022657,0.946458,0.316774,-1.561426,-0.616648,0.916834,jog
463,3.858333,0.010843,-0.047654,-0.958059,0.282371,-1.67568,-0.846328,0.014501,0.044511,0.071102,-0.619353,-0.780618,-1.483634,-0.341967,0.025506,-0.061641,-0.023962,0.945845,0.317811,-1.559529,-0.611965,0.915736,jog
464,3.866667,0.010221,-0.050178,-0.958491,0.280487,-1.675807,-0.845968,0.014757,0.043046,0.067965,-0.621618,-0.779178,-1.483808,-0.340591,0.025024,-0.064919,-0.024864,0.945179,0.319067,-1.557501,-0.606975,0.914763,jog
465,3.875,0.00882,-0.051852,-0.959142,0.277993,-1.675893,-0.845517,0.014965,0.03812,0.064452,-0.622894,-0.778714,-1.483826,-0.34004,0.024693,-0.068247,-0.034398,0.943322,0.322958,-1.555819,-0.600126,0.912185,jog
466,3.883333,0.007454,-0.054728,-0.9597,0.275546,-1.67596,-0.844957,0.015304,0.033136,0.058642,-0.621804,-0.780271,-1.483332,-0.340461,0.02471,-0.070017,-0.035206,0.942593,0.324618,-1.554052,-0.594627,0.911122,jog
467,3.891667,0.005521,-0.05759,-0.96045,0.272376,-1.676079,-0.844197,0.015767,0.028839,0.055008,-0.620412,-0.781813,-1.483059,-0.340546,0.024595,-0.070732,-0.035753,0.941858,0.326529,-1.552171,-0.588788,0.910208,jog
468,3.9,0.003371,-0.061382,-0.961241,0.26877,-1.676162,-0.843325,0.016278,0.029089,0.053394,-0.618908,-0.783107,-1.482574,-0.340657,0.024378,-0.070322,-0.037701,0.94096,0.328979,-1.550254,-0.58277,0.909553,jog
469,3.908333,0.000741,-0.065422,-0.962333,0.263886,-1.676386,-0.84221,0.016929,0.026965,0.052151,-0.618653,-0.783468,-1.482558,-0.340814,0.024427,-0.070021,-0.039147,0.940216,0.330997,-1.548243,-0.577082,0.909321,jog
470,3.916667,-0.003127,-0.068759,-0.964921,0.253358,-1.676795,-0.840346,0.017911,0.026258,0.05319,-0.618605,-0.78346,-1.4831,-0.340766,0.024464,-0.069723,-0.030528,0.940099,0.332297,-1.545722,-0.572705,0.911321,jog
471,3.925,-0.006585,-0.073582,-0.968536,0.237656,-1.677684,-0.837743,0.019169,0.026109,0.054849,-0.619184,-0.782893,-1.48324,-0.340799,0.024327,-0.069527,-0.033715,0.938922,0.335342,-1.543738,-0.567038,0.911037,jog
472,3.933333,-0.009904,-0.086631,-0.971657,0.219727,-1.678647,-0.834661,0.020521,0.026348,0.056102,-0.619768,-0.782334,-1.483353,-0.34082,0.024284,-0.069733,-0.036238,0.937803,0.338158,-1.541812,-0.561492,0.910917,jog
473,3.941667,-0.01278,-0.095899,-0.974601,0.201974,-1.679758,-0.831334,0.02188,0.026383,0.056927,-0.620365,-0.781799,-1.483553,-0.340804,0.0242,-0.070769,-0.044093,0.935461,0.343453,-1.539781,-0.55516,0.909611,jog
474,3.95,-0.016951,-0.106093,-0.977921,0.179243,-1.680919,-0.827045,0.023512,0.026986,0.057765,-0.620345,-0.781733,-1.483723,-0.340818,0.024031,-0.070386,-0.043214,0.934674,0.345778,-1.537891,-0.549823,0.909926,jog
475,3.958333,-0.019743,-0.115618,-0.980786,0.155892,-1.681762,-0.822308,0.024928,0.027882,0.058509,-0.622263,-0.78012,-1.483505,-0.34087,0.023956,-0.070531,-0.043501,0.93356,0.348709,-1.536011,-0.543801,0.909936,jog
476,3.966667,-0.024838,-0.122519,-0.983239,0.132712,-1.682331,-0.817306,0.026438,0.028222,0.059438,-0.621224,-0.780866,-1.483676,-0.340845,0.023727,-0.072902,-0.029217,0.932601,0.352259,-1.534338,-0.540426,0.913017,jog
477,3.975,-0.025794,-0.133045,-0.985241,0.104562,-1.682909,-0.811979,0.027129,0.029031,0.060411,-0.620223,-0.781557,-1.483759,-0.340929,0.023569,-0.073372,-0.029138,0.931297,0.355604,-1.532564,-0.535317,0.912921,jog
478,3.983333,-0.026454,-0.135837,-0.987289,0.078158,-1.683178,-0.80564,0.027934,0.029545,0.061219,-0.619865,-0.781759,-1.483775,-0.340935,0.023427,-0.074586,-0.032452,0.929622,0.359425,-1.530697,-0.529746,0.912616,jog
479,3.991667,-0.023906,-0.139445,-0.988563,0.052212,-1.683095,-0.798591,0.029007,0.033513,0.062431,-0.619596,-0.781717,-1.483542,-0.341227,0.023166,-0.074821,-0.033677,0.928163,0.363017,-1.529025,-0.52464,0.912232,jog
480,4.0,-0.017395,-0.142927,-0.989213,0.026985,-1.682862,-0.790883,0.03023,0.033502,0.061645,-0.619526,-0.781834,-1.483558,-0.341216,0.023115,-0.074939,-0.040017,0.92452,0.371544,-1.527394,-0.517991,0.911046,jog
481,4.008333,-0.01183,-0.143575,-0.989565,0.00261,-1.682094,-0.782687,0.031469,0.033413,0.061079,-0.619414,-0.781971,-1.483518,-0.341227,0.023047,-0.074285,-0.041722,0.921477,0.378975,-1.526061,-0.512076,0.910858,jog
482,4.016667,-0.005445,-0.139338,-0.98997,-0.022676,-1.681203,-0.773677,0.032489,0.033207,0.0604,-0.619299,-0.782124,-1.483476,-0.34125,0.023013,-0.073876,-0.040549,0.919271,0.384498,-1.524942,-0.507425,0.911283,jog
483,4.025,-0.002152,-0.125952,-0.990817,-0.049116,-1.68008,-0.763326,0.032648,0.033228,0.060307,-0.619135,-0.78226,-1.483384,-0.341289,0.022942,-0.072233,-0.039134,0.91699,0.39036,-1.523709,-0.502701,0.911953,jog
484,4.033333,0.003774,-0.122429,-0.989735,-0.073634,-1.678856,-0.753221,0.033715,0.031202,0.058296,-0.618523,-0.78298,-1.483342,-0.341142,0.023062,-0.071074,-0.0357,0.91445,0.396806,-1.522353,-0.498048,0.91293,jog
485,4.041667,0.010182,-0.116429,-0.988192,-0.099078,-1.677629,-0.742169,0.034911,0.030029,0.057302,-0.617927,-0.783569,-1.483115,-0.341146,0.02307,-0.066742,-0.034406,0.912754,0.401549,-1.520916,-0.49408,0.913932,jog
486,4.05,0.017602,-0.107091,-0.986629,-0.121594,-1.676208,-0.730987,0.035818,0.029448,0.056457,-0.61792,-0.783658,-1.483147,-0.34118,0.023063,-0.064053,-0.032917,0.91054,0.4071,-1.519687,-0.48989,0.91459,jog
487,4.058333,0.023975,-0.100254,-0.984581,-0.141333,-1.674753,-0.719853,0.036995,0.029027,0.056085,-0.617911,-0.783707,-1.483262,-0.341135,0.023043,-0.061647,-0.030323,0.908014,0.413268,-1.518244,-0.485844,0.915225,jog
488,4.066667,0.031855,-0.095983,-0.982541,-0.156162,-1.673375,-0.709032,0.038121,0.029617,0.057211,-0.618864,-0.782852,-1.483291,-0.341439,0.022802,-0.05919,-0.027409,0.905352,0.419622,-1.51703,-0.482072,0.915839,jog
489,4.075,0.039089,-0.088519,-0.980746,-0.169628,-1.671998,-0.697462,0.039529,0.028089,0.054367,-0.618301,-0.783556,-1.483169,-0.341234,0.023015,-0.058154,-0.022538,0.901534,0.428189,-1.516073,-0.477914,0.916319,jog
490,4.083333,0.044088,-0.085387,-0.978758,-0.1811,-1.670704,-0.686244,0.040989,0.027394,0.053528,-0.617449,-0.784309,-1.48328,-0.341236,0.023027,-0.05629,-0.018389,0.897779,0.436447,-1.515318,-0.474138,0.916773,jog
491,4.091667,0.047938,-0.086109,-0.976786,-0.190198,-1.669554,-0.675132,0.042592,0.027393,0.053535,-0.616474,-0.785075,-1.483428,-0.341309,0.023016,-0.05449,-0.014603,0.894339,0.44382,-1.515172,-0.470524,0.917416,jog
492,4.1,0.052105,-0.087593,-0.975253,-0.196201,-1.668566,-0.664314,0.044183,0.02748,0.053297,-0.616065,-0.78541,-1.483374,-0.341437,0.023007,-0.051623,-0.003923,0.887562,0.457769,-1.514778,-0.465783,0.918796,jog
493,4.108333,0.057681,-0.086053,-0.973896,-0.201977,-1.667893,-0.652563,0.045829,0.027389,0.053153,-0.61569,-0.785717,-1.483299,-0.341561,0.02297,-0.047496,0.002388,0.884716,0.463697,-1.513112,-0.463047,0.919874,jog
494,4.116667,0.06,-0.087431,-0.97262,-0.206799,-1.667352,-0.641356,0.047116,0.027494,0.053058,-0.615345,-0.78599,-1.48324,-0.341629,0.022957,-0.04557,0.012255,0.884064,0.464978,-1.510911,-0.460718,0.921928,jog
495,4.125,0.062303,-0.089877,-0.971481,-0.210391,-1.666978,-0.63012,0.048395,0.027692,0.052952,-0.614898,-0.786339,-1.483148,-0.341698,0.022912,-0.046714,0.028343,0.882481,0.467163,-1.508965,-0.458092,0.925414,jog
496,4.133333,0.062419,-0.092887,-0.970284,-0.214536,-1.666625,-0.618413,0.049436,0.02786,0.052981,-0.614409,-0.786713,-1.483063,-0.341765,0.022893,-0.046461,0.030527,0.878984,0.473599,-1.508658,-0.45494,0.925421,jog
497,4.141667,0.06371,-0.092259,-0.969602,-0.21749,-1.666521,-0.606203,0.050375,0.029063,0.053773,-0.614006,-0.786931,-1.48296,-0.341876,0.022773,-0.046864,0.03376,0.87622,0.478438,-1.508116,-0.45205,0.925802,jog
498,4.15,0.066836,-0.081174,-0.970015,-0.219124,-1.666725,-0.593167,0.051657,0.029576,0.054211,-0.61361,-0.787191,-1.48289,-0.341909,0.022712,-0.04805,0.03721,0.873686,0.48268,-1.507294,-0.449249,0.926099,jog
499,4.158333,0.067533,-0.07894,-0.969446,-0.222223,-1.666909,-0.580639,0.052267,0.02982,0.054421,-0.61307,-0.787587,-1.482811,-0.341949,0.022681,-0.049829,0.040635,0.87147,0.486216,-1.50647,-0.446555,0.926302,jog
500,4.166667,0.068429,-0.075223,-0.968898,-0.225601,-1.667353,-0.567333,0.052829,0.030291,0.054755,-0.612465,-0.788017,-1.482739,-0.342001,0.022613,-0.052549,0.044942,0.869281,0.489458,-1.505315,-0.443937,0.926733,jog
501,4.175,0.070517,-0.067692,-0.968689,-0.228226,-1.668101,-0.55391,0.053542,0.030064,0.054323,-0.611888,-0.788504,-1.482632,-0.342084,0.022618,-0.042932,0.033475,0.863909,0.500696,-1.507002,-0.439971,0.92364,jog
502,4.183333,0.068767,-0.067626,-0.967779,-0.2326,-1.668762,-0.540519,0.053618,0.029152,0.053294,-0.611164,-0.789169,-1.482563,-0.342127,0.022686,-0.040621,0.028351,0.861858,0.504724,-1.506475,-0.435236,0.923276,jog
503,4.191667,0.068098,-0.065163,-0.966793,-0.237546,-1.669624,-0.526524,0.053585,0.029728,0.053724,-0.610562,-0.789585,-1.482498,-0.342149,0.022607,-0.037091,0.019249,0.849862,0.525345,-1.510368,-0.424823,0.921361,jog
504,4.2,0.066725,-0.064509,-0.965455,-0.243482,-1.670612,-0.512501,0.053413,0.029885,0.053679,-0.609965,-0.790043,-1.482428,-0.34221,0.022589,-0.031148,0.019256,0.845183,0.53322,-1.510025,-0.419976,0.922103,jog
505,4.208333,0.065017,-0.061215,-0.963941,-0.250688,-1.671857,-0.497719,0.053425,0.030123,0.053665,-0.609283,-0.790561,-1.482378,-0.342239,0.022569,-0.024942,0.020333,0.840255,0.541235,-1.509611,-0.415369,0.923155,jog
506,4.216667,0.062452,-0.055156,-0.962383,-0.258607,-1.673079,-0.482808,0.053008,0.029944,0.05326,-0.608602,-0.79112,-1.482322,-0.342265,0.022582,-0.010101,0.024423,0.832613,0.553224,-1.509108,-0.409363,0.925418,jog
507,4.225,0.059202,-0.052106,-0.960141,-0.26816,-1.674367,-0.46755,0.052521,0.029023,0.05219,-0.607982,-0.791702,-1.482268,-0.342301,0.02266,-0.002843,0.023906,0.826938,0.561778,-1.508861,-0.404483,0.925965,jog
508,4.233333,0.055759,-0.050514,-0.95757,-0.278207,-1.675882,-0.451961,0.052187,0.02916,0.051797,-0.607133,-0.792374,-1.482252,-0.342301,0.022621,0.002849,0.024033,0.821326,0.569946,-1.508081,-0.399549,0.926816,jog
509,4.241667,0.050679,-0.054626,-0.95432,-0.289347,-1.677385,-0.436351,0.051777,0.029163,0.051449,-0.606366,-0.792984,-1.482218,-0.342308,0.022643,0.01107,0.020907,0.817449,0.575515,-1.508114,-0.394335,0.928366,jog
510,4.25,0.053127,-0.05105,-0.951774,-0.297822,-1.679112,-0.420227,0.05194,0.028992,0.051148,-0.605927,-0.793345,-1.482149,-0.342345,0.022611,0.016725,0.017447,0.81401,0.580348,-1.507975,-0.389499,0.928934,jog
511,4.258333,0.04288,-0.035559,-0.948616,-0.311488,-1.680312,-0.403278,0.050144,0.030499,0.053561,-0.606763,-0.79249,-1.481835,-0.342481,0.022471,0.015201,0.018139,0.810311,0.585522,-1.507735,-0.385916,0.92918,jog
512,4.266667,0.037959,-0.028906,-0.944876,-0.323935,-1.681827,-0.386919,0.04949,0.030533,0.051955,-0.604621,-0.79423,-1.482074,-0.342368,0.02257,0.016203,0.019432,0.80676,0.590337,-1.507536,-0.382537,0.929523,jog
513,4.275,0.03516,-0.028147,-0.941033,-0.335303,-1.683376,-0.369755,0.049212,0.031704,0.053045,-0.604243,-0.7944,-1.481982,-0.342385,0.022383,0.01666,0.018416,0.803555,0.594712,-1.507355,-0.379229,0.929573,jog
514,4.283333,0.031188,-0.030599,-0.936968,-0.346674,-1.685175,-0.353396,0.048952,0.03234,0.053803,-0.60399,-0.794516,-1.481924,-0.342474,0.022273,0.016043,0.01832,0.799893,0.599649,-1.507344,-0.375913,0.929572,jog
515,4.291667,0.025805,-0.033997,-0.932773,-0.357929,-1.686719,-0.336555,0.048778,0.03233,0.05282,-0.6036,-0.794878,-1.481866,-0.342431,0.022374,0.011569,0.022522,0.796438,0.60419,-1.507037,-0.372039,0.930657,jog
516,4.3,0.019312,-0.034546,-0.928214,-0.369936,-1.687949,-0.319385,0.048262,0.031959,0.052695,-0.603531,-0.794954,-1.481874,-0.342413,0.022398,0.013313,0.024666,0.792973,0.608612,-1.506509,-0.368562,0.93085,jog
517,4.308333,0.009688,-0.031006,-0.922897,-0.383675,-1.68921,-0.302194,0.047206,0.032224,0.052711,-0.603213,-0.795184,-1.481858,-0.342433,0.022385,0.016425,0.023276,0.788749,0.614055,-1.506101,-0.36571,0.930986,jog
518,4.316667,0.006531,-0.020802,-0.920159,-0.390938,-1.690579,-0.283801,0.047262,0.032618,0.052744,-0.602799,-0.79548,-1.48182,-0.342472,0.022367,0.016672,0.024572,0.785182,0.618553,-1.505625,-0.361841,0.931311,jog
519,4.325,0.003045,0.006743,-0.914956,-0.403486,-1.692014,-0.265446,0.046554,0.032485,0.052863,-0.602545,-0.795669,-1.481849,-0.342494,0.022349,0.015481,0.02579,0.78195,0.622615,-1.505054,-0.358004,0.931926,jog
520,4.333333,-0.001337,0.011733,-0.909517,-0.4155,-1.692924,-0.24751,0.046616,0.032912,0.053357,-0.602116,-0.795944,-1.481859,-0.342559,0.022311,0.01482,0.026362,0.778481,0.62694,-1.504574,-0.354098,0.932289,jog
521,4.341667,-0.006987,0.014825,-0.904477,-0.426207,-1.693626,-0.229428,0.046708,0.033485,0.052663,-0.601534,-0.796406,-1.481831,-0.342496,0.0224,0.014234,0.027493,0.774974,0.631234,-1.504169,-0.350209,0.93276,jog
522,4.35,-0.011719,0.013846,-0.899082,-0.437404,-1.69426,-0.211557,0.047441,0.034363,0.052775,-0.600949,-0.796803,-1.48181,-0.342539,0.022404,0.015886,0.027674,0.771354,0.635606,-1.503711,-0.346211,0.932427,jog
523,4.358333,-0.014573,0.025309,-0.893146,-0.448817,-1.694489,-0.192804,0.04702,0.03464,0.052776,-0.600421,-0.797189,-1.481824,-0.342563,0.022441,0.014092,0.027267,0.767897,0.639838,-1.503384,-0.342016,0.932422,jog
524,4.366667,-0.017486,0.028438,-0.8875,-0.459596,-1.694547,-0.174766,0.047945,0.035014,0.053033,-0.599909,-0.797541,-1.481852,-0.342573,0.02246,0.016209,0.025845,0.76409,0.644387,-1.503087,-0.337956,0.93202,jog
525,4.375,-0.022179,0.038621,-0.881384,-0.470296,-1.693996,-0.156893,0.048485,0.035922,0.05339,-0.599323,-0.797916,-1.481881,-0.342616,0.022464,0.015544,0.025262,0.760577,0.64857,-1.502714,-0.333682,0.931996,jog
526,4.383333,-0.029498,0.044084,-0.876678,-0.478144,-1.693598,-0.139568,0.049524,0.037116,0.053982,-0.598617,-0.798352,-1.481907,-0.342658,0.022504,0.011702,0.025224,0.756746,0.653117,-1.502614,-0.329373,0.932039,jog
527,4.391667,-0.036072,0.045106,-0.872385,-0.485396,-1.692997,-0.122373,0.051228,0.038898,0.054983,-0.597867,-0.798761,-1.481954,-0.34275,0.022559,0.010237,0.024862,0.752804,0.657695,-1.502359,-0.325078,0.931916,jog
528,4.4,-0.040767,0.047917,-0.867445,-0.493539,-1.69216,-0.105331,0.052809,0.041999,0.057478,-0.597556,-0.798661,-1.481867,-0.342918,0.022365,0.010126,0.024157,0.74923,0.661791,-1.50209,-0.320915,0.931475,jog
529,4.408333,-0.043704,0.051079,-0.862078,-0.502297,-1.691149,-0.088448,0.05441,0.042755,0.05788,-0.59699,-0.799015,-1.481891,-0.342935,0.022353,0.00957,0.023853,0.745388,0.666135,-1.501748,-0.316418,0.931333,jog
530,4.416667,-0.047065,0.053548,-0.85703,-0.510311,-1.689881,-0.07193,0.056359,0.043444,0.058237,-0.596397,-0.799395,-1.481921,-0.342944,0.022346,0.006888,0.021725,0.740475,0.671698,-1.500733,-0.311745,0.92964,jog
531,4.425,-0.051182,0.056326,-0.851377,-0.519003,-1.688191,-0.055699,0.058185,0.044079,0.058542,-0.595818,-0.799769,-1.481961,-0.342961,0.022336,0.015965,0.019156,0.736379,0.676109,-1.500112,-0.305556,0.930151,jog
532,4.433333,-0.055688,0.059134,-0.845648,-0.527524,-1.685921,-0.03982,0.060242,0.044744,0.05857,-0.595328,-0.800095,-1.482013,-0.342946,0.02234,0.016694,0.018813,0.732634,0.680158,-1.499457,-0.300749,0.929692,jog
533,4.441667,-0.058668,0.065675,-0.839134,-0.536748,-1.683292,-0.024265,0.061987,0.045254,0.058478,-0.594852,-0.800427,-1.482095,-0.342933,0.022344,0.014238,0.018276,0.72876,0.684377,-1.498978,-0.295988,0.929276,jog
534,4.45,-0.054765,0.091702,-0.829614,-0.548026,-1.680169,-0.007036,0.062358,0.045448,0.057919,-0.594257,-0.800898,-1.482212,-0.342889,0.022378,0.016661,0.022007,0.724469,0.688754,-1.498237,-0.290936,0.927571,jog
535,4.458333,-0.05181,0.101848,-0.821631,-0.558449,-1.676581,0.008483,0.063862,0.044584,0.052399,-0.59486,-0.800879,-1.48234,-0.343096,0.022806,0.015318,0.023007,0.720936,0.692451,-1.497833,-0.286202,0.926471,jog
536,4.466667,-0.048051,0.112984,-0.812737,-0.569548,-1.673456,0.022652,0.065333,0.045197,0.052417,-0.594463,-0.801139,-1.482431,-0.34302,0.022863,0.013945,0.024065,0.717569,0.695932,-1.497407,-0.281385,0.925886,jog
537,4.475,-0.03963,0.132572,-0.801611,-0.581613,-1.67091,0.036435,0.066454,0.045549,0.051989,-0.594119,-0.801402,-1.482564,-0.343062,0.022888,0.012985,0.024273,0.714508,0.699085,-1.496945,-0.276281,0.925442,jog
538,4.483333,-0.036496,0.144942,-0.79257,-0.59118,-1.667393,0.049835,0.068205,0.044941,0.048974,-0.593214,-0.802296,-1.48266,-0.342792,0.023157,0.012831,0.022998,0.71224,0.701441,-1.496786,-0.271416,0.92506,jog
539,4.491667,-0.030069,0.154784,-0.783745,-0.600735,-1.663521,0.062641,0.069467,0.044363,0.04601,-0.59243,-0.803083,-1.48279,-0.342622,0.02337,0.011502,0.025212,0.709309,0.704353,-1.49643,-0.266369,0.924207,jog
540,4.5,-0.023328,0.165299,-0.775809,-0.608484,-1.659754,0.074687,0.070689,0.045404,0.044228,-0.590912,-0.804242,-1.483109,-0.342478,0.02358,0.006986,0.017502,0.708509,0.70545,-1.49726,-0.261943,0.922721,jog
541,4.508333,-0.016535,0.177016,-0.768078,-0.615182,-1.655828,0.085906,0.071677,0.047344,0.046841,-0.589664,-0.804898,-1.483191,-0.342177,0.023423,0.009669,0.020758,0.705528,0.708312,-1.496742,-0.257248,0.920958,jog
542,4.516667,-0.009946,0.187296,-0.76113,-0.620888,-1.651703,0.096431,0.072468,0.049643,0.049495,-0.588701,-0.805306,-1.483253,-0.341968,0.023271,0.007851,0.022002,0.702786,0.711017,-1.496598,-0.252406,0.920129,jog
543,4.525,-0.002298,0.196938,-0.754546,-0.625996,-1.647431,0.106319,0.073154,0.051857,0.050723,-0.587966,-0.805626,-1.483321,-0.341853,0.023207,0.008091,0.022749,0.701036,0.712717,-1.496568,-0.24745,0.919272,jog
544,4.533333,0.005113,0.207091,-0.74865,-0.62977,-1.642877,0.11543,0.073441,0.055092,0.052311,-0.586537,-0.806352,-1.483256,-0.341607,0.023101,0.007239,0.024811,0.698514,0.71513,-1.496444,-0.242107,0.91839,jog
545,4.541667,0.013369,0.215951,-0.739657,-0.637255,-1.637358,0.123876,0.073772,0.058557,0.053096,-0.585327,-0.806935,-1.483442,-0.341426,0.022973,0.010198,0.019525,0.697595,0.716154,-1.496949,-0.235285,0.919226,jog
546,4.55,0.02261,0.226965,-0.734651,-0.638955,-1.632164,0.13151,0.073975,0.061194,0.052261,-0.584925,-0.807086,-1.483856,-0.341456,0.02296,0.008547,0.019676,0.695942,0.717777,-1.497055,-0.229566,0.918624,jog
547,4.558333,0.03185,0.234421,-0.728225,-0.643212,-1.626276,0.138158,0.073394,0.062306,0.050391,-0.584005,-0.807785,-1.484156,-0.341334,0.023042,0.008312,0.01881,0.694205,0.719484,-1.497086,-0.223895,0.918023,jog
548,4.566667,0.04197,0.241002,-0.723449,-0.645583,-1.621398,0.144019,0.072078,0.063533,0.047875,-0.582998,-0.808569,-1.484304,-0.341222,0.023415,0.006533,0.018518,0.69239,0.721256,-1.497289,-0.217797,0.917926,jog
549,4.575,0.050864,0.245963,-0.71882,-0.648238,-1.616388,0.149062,0.070345,0.064204,0.045221,-0.581819,-0.809518,-1.484554,-0.34108,0.023731,0.011735,0.018325,0.690764,0.722753,-1.497306,-0.212246,0.917165,jog
550,4.583333,0.060525,0.249616,-0.713737,-0.651619,-1.611158,0.153198,0.068189,0.063718,0.041119,-0.581181,-0.810234,-1.484666,-0.341206,0.024237,0.009335,0.017837,0.688998,0.724484,-1.497555,-0.20611,0.916577,jog
551,4.591667,0.069282,0.251773,-0.708573,-0.655542,-1.605838,0.156407,0.065628,0.06421,0.038014,-0.579768,-0.811357,-1.484916,-0.340947,0.024587,0.007252,0.020165,0.68658,0.726739,-1.497579,-0.199001,0.916265,jog
552,4.6,0.078968,0.251467,-0.702709,-0.660854,-1.600455,0.158544,0.062646,0.064385,0.033398,-0.578062,-0.812763,-1.485026,-0.340528,0.025074,0.008099,0.019589,0.684788,0.728434,-1.49777,-0.192777,0.915148,jog
553,4.608333,0.087646,0.251709,-0.696751,-0.665957,-1.595113,0.160032,0.05958,0.06272,0.029532,-0.574956,-0.815242,-1.484964,-0.339952,0.025657,0.007858,0.020279,0.68283,0.730254,-1.498051,-0.18647,0.914708,jog
554,4.616667,0.092473,0.243679,-0.691269,-0.673956,-1.590598,0.160453,0.055897,0.062412,0.024366,-0.572876,-0.816899,-1.484733,-0.339491,0.026351,0.009344,0.019903,0.680827,0.732114,-1.498431,-0.180014,0.91405,jog
555,4.625,0.090988,0.231563,-0.682886,-0.686853,-1.586407,0.160491,0.0521,0.062029,0.020333,-0.570715,-0.81855,-1.484753,-0.339113,0.027005,0.010898,0.019978,0.678723,0.734041,-1.498611,-0.173469,0.912988,jog
556,4.633333,0.07715,0.208765,-0.672277,-0.706052,-1.581676,0.160485,0.048178,0.063536,0.017676,-0.569161,-0.819577,-1.484785,-0.33883,0.027494,0.008773,0.01935,0.676639,0.736008,-1.49924,-0.166868,0.912637,jog
557,4.641667,0.065134,0.169806,-0.667161,-0.722371,-1.576956,0.160917,0.04624,0.06614,0.014551,-0.567918,-0.820295,-1.484817,-0.338557,0.028034,0.01284,0.015576,0.676549,0.736121,-1.49966,-0.159178,0.911876,jog
558,4.65,0.060732,0.130939,-0.66351,-0.734113,-1.57372,0.164257,0.045927,0.068551,0.010057,-0.568251,-0.819933,-1.484715,-0.338418,0.028721,0.013561,0.016363,0.674058,0.738372,-1.500292,-0.152638,0.911202,jog
559,4.658333,0.057385,0.115782,-0.670444,-0.73062,-1.57322,0.168149,0.045515,0.071899,0.004774,-0.568994,-0.819179,-1.484523,-0.338256,0.029574,0.011288,0.016327,0.671593,0.740654,-1.500578,-0.146624,0.909999,jog
560,4.666667,0.047291,0.098819,-0.679511,-0.72544,-1.572264,0.170467,0.043816,0.076233,-0.000976,-0.570073,-0.818049,-1.48429,-0.338078,0.030561,0.007445,0.015274,0.668938,0.743124,-1.501176,-0.140797,0.90966,jog
561,4.675,0.034173,0.081511,-0.68662,-0.721624,-1.57083,0.170699,0.041971,0.080833,-0.007149,-0.570904,-0.816997,-1.484099,-0.337759,0.031544,0.00848,0.017704,0.666366,0.745366,-1.501735,-0.135043,0.909528,jog
562,4.683333,0.027602,0.070174,-0.687451,-0.722305,-1.57043,0.170794,0.041757,0.085581,-0.01603,-0.571524,-0.815953,-1.483947,-0.337398,0.032771,0.017116,0.016058,0.665124,0.746364,-1.502157,-0.127881,0.909456,jog
563,4.691667,0.015552,0.062921,-0.691767,-0.719206,-1.569365,0.170362,0.041389,0.090953,-0.025071,-0.571571,-0.815111,-1.483798,-0.336912,0.034239,0.020778,0.016407,0.663422,0.747777,-1.502728,-0.121246,0.910274,jog
564,4.7,0.009916,0.049676,-0.689965,-0.722068,-1.567567,0.170772,0.040319,0.096242,-0.035871,-0.570138,-0.815104,-1.483876,-0.336188,0.03596,0.026459,0.017964,0.661568,0.749203,-1.503366,-0.115406,0.911632,jog
565,4.708333,0.005782,0.034646,-0.688625,-0.724267,-1.565661,0.17179,0.039186,0.100372,-0.050105,-0.568565,-0.814953,-1.483892,-0.335393,0.037945,0.027077,0.018786,0.66064,0.749979,-1.503746,-0.108746,0.912918,jog
566,4.716667,0.000953,0.02425,-0.689464,-0.723913,-1.565053,0.172245,0.03855,0.098452,-0.072782,-0.564403,-0.816369,-1.484169,-0.334047,0.0404,0.027047,0.017877,0.660035,0.750535,-1.504331,-0.102262,0.914741,jog
567,4.725,1.2e-05,0.022309,-0.689282,-0.724149,-1.564602,0.171923,0.037643,0.102417,-0.08996,-0.560821,-0.816638,-1.483993,-0.332265,0.042799,0.028308,0.018671,0.659224,0.751182,-1.504601,-0.096967,0.915002,jog
568,4.733333,0.000324,0.016627,-0.686612,-0.726834,-1.564051,0.172616,0.037239,0.104403,-0.110762,-0.555976,-0.817143,-1.483574,-0.330513,0.045416,0.026463,0.018668,0.658307,0.752053,-1.504879,-0.091268,0.915459,jog
569,4.741667,0.001183,0.012747,-0.685293,-0.728155,-1.563864,0.173043,0.037228,0.109071,-0.130393,-0.55172,-0.816521,-1.482682,-0.32896,0.048533,0.027465,0.018381,0.657284,0.752918,-1.505388,-0.085839,0.916588,jog
570,4.75,-0.000308,0.010684,-0.685838,-0.727676,-1.563944,0.173159,0.037169,0.113067,-0.151776,-0.545386,-0.816538,-1.482134,-0.326889,0.051863,0.024748,0.020399,0.655704,0.754337,-1.505674,-0.080427,0.917371,jog
571,4.758333,-0.001321,0.00947,-0.686094,-0.72745,-1.563936,0.173275,0.037147,0.115391,-0.176784,-0.53717,-0.816628,-1.481329,-0.324066,0.05518,0.024104,0.020372,0.6544,0.75549,-1.506051,-0.075492,0.918542,jog
572,4.766667,-0.001318,0.008051,-0.686365,-0.727211,-1.563978,0.173549,0.037043,0.120806,-0.196193,-0.530775,-0.815593,-1.480379,-0.321344,0.058365,0.022044,0.021299,0.652901,0.756823,-1.506378,-0.070705,0.919531,jog
573,4.775,-0.001837,0.007296,-0.686877,-0.726735,-1.564014,0.173697,0.036994,0.128349,-0.210779,-0.527443,-0.812959,-1.479889,-0.318542,0.062078,0.021137,0.021377,0.651077,0.758416,-1.506686,-0.066023,0.920553,jog
574,4.783333,-0.004148,0.006319,-0.687144,-0.726482,-1.563931,0.173684,0.037021,0.135793,-0.225597,-0.525315,-0.809142,-1.479474,-0.315244,0.065858,0.021555,0.020619,0.649611,0.759681,-1.507044,-0.061519,0.922034,jog
575,4.791667,-0.00577,0.005339,-0.686929,-0.726682,-1.563757,0.17368,0.036957,0.144633,-0.238975,-0.52379,-0.804746,-1.478991,-0.311418,0.069512,0.01967,0.020392,0.647845,0.761245,-1.507365,-0.057061,0.923345,jog
576,4.8,-0.005802,0.00459,-0.686455,-0.727134,-1.563631,0.173749,0.036798,0.151724,-0.246716,-0.524641,-0.800539,-1.478426,-0.306505,0.073413,0.019467,0.019224,0.646276,0.762613,-1.507637,-0.05268,0.924424,jog
577,4.808333,-0.006733,0.004218,-0.686223,-0.727348,-1.563458,0.173752,0.036725,0.160735,-0.261131,-0.524259,-0.794435,-1.476726,-0.300847,0.078015,0.018322,0.018622,0.644814,0.763893,-1.5078,-0.048464,0.925296,jog
578,4.816667,-0.008551,0.003401,-0.686516,-0.727057,-1.563265,0.173719,0.036691,0.172957,-0.264347,-0.524368,-0.790724,-1.475577,-0.295438,0.081216,0.016711,0.017803,0.643206,0.765304,-1.507864,-0.044105,0.926144,jog
579,4.825,-0.009296,0.002839,-0.686777,-0.726803,-1.563097,0.173819,0.036592,0.186565,-0.267803,-0.523194,-0.787238,-1.473367,-0.289218,0.084694,0.015027,0.01855,0.641776,0.76652,-1.507891,-0.039976,0.927058,jog
580,4.833333,-0.009743,0.001382,-0.686786,-0.726793,-1.562964,0.173898,0.036413,0.195392,-0.253365,-0.520707,-0.791513,-1.470588,-0.282153,0.087212,0.014391,0.01855,0.640247,0.76781,-1.507754,-0.035896,0.92766,jog
581,4.841667,-0.010963,0.000454,-0.686937,-0.726634,-1.562828,0.173863,0.036353,0.198942,-0.245918,-0.510804,-0.799391,-1.466273,-0.27422,0.089519,0.014557,0.018029,0.63876,0.769057,-1.507747,-0.031797,0.928597,jog
582,4.85,-0.011378,-0.000811,-0.68689,-0.726672,-1.562697,0.173884,0.036251,0.206724,-0.230667,-0.499731,-0.808904,-1.461134,-0.265684,0.090669,0.013649,0.017473,0.637302,0.770296,-1.507736,-0.027863,0.929054,jog
583,4.858333,-0.011851,-0.002157,-0.686585,-0.72695,-1.562581,0.173883,0.036129,0.215213,-0.219632,-0.488146,-0.816798,-1.455327,-0.256437,0.091201,0.013725,0.016229,0.63569,0.771652,-1.507661,-0.023849,0.929956,jog
584,4.866667,-0.012815,-0.002762,-0.686668,-0.726853,-1.562536,0.17377,0.036033,0.225108,-0.206195,-0.477032,-0.824166,-1.449145,-0.246654,0.091201,0.013346,0.014428,0.634135,0.772973,-1.507456,-0.020162,0.930703,jog
585,4.875,-0.013526,-0.004539,-0.68721,-0.726318,-1.562276,0.173873,0.036095,0.23166,-0.200211,-0.465536,-0.830377,-1.442394,-0.236264,0.090872,0.012566,0.012686,0.632239,0.774568,-1.507331,-0.016544,0.931609,jog
586,4.883333,-0.013784,-0.005191,-0.687097,-0.726417,-1.562181,0.173926,0.036042,0.213482,-0.187021,-0.442406,-0.85072,-1.433561,-0.223381,0.091196,0.011251,0.011646,0.630535,0.775992,-1.506861,-0.013092,0.932615,jog
587,4.891667,-0.01435,-0.005812,-0.68715,-0.726351,-1.56208,0.173914,0.036033,0.19958,-0.18563,-0.426825,-0.862282,-1.425394,-0.210654,0.090479,0.010064,0.01025,0.628497,0.77768,-1.506507,-0.009719,0.933358,jog
588,4.9,-0.014967,-0.006443,-0.68708,-0.726399,-1.561982,0.173907,0.036031,0.185324,-0.187231,-0.413512,-0.871555,-1.417279,-0.197389,0.088439,0.009329,0.008741,0.626284,0.77949,-1.506111,-0.006367,0.934262,jog
589,4.908333,-0.0155,-0.007188,-0.687004,-0.726453,-1.56189,0.173925,0.036004,0.181812,-0.16997,-0.412124,-0.876475,-1.410261,-0.185137,0.085511,0.008674,0.007648,0.624205,0.781175,-1.505657,-0.002999,0.935334,jog
590,4.916667,-0.016233,-0.00785,-0.687021,-0.726413,-1.561808,0.173928,0.035984,0.171592,-0.15787,-0.409275,-0.882115,-1.402999,-0.17201,0.082111,0.007912,0.006706,0.621849,0.783068,-1.505187,0.000119,0.936195,jog
591,4.925,-0.016837,-0.008374,-0.686953,-0.726459,-1.561754,0.173925,0.03596,0.162652,-0.137333,-0.40802,-0.887808,-1.395222,-0.158489,0.078361,0.008285,0.005359,0.619561,0.784887,-1.504736,0.003274,0.937202,jog
592,4.933333,-0.017095,-0.008042,-0.686544,-0.726843,-1.561835,0.173886,0.035781,0.158981,-0.12668,-0.404256,-0.89177,-1.387377,-0.144035,0.074671,0.007824,0.00408,0.617356,0.786634,-1.5041,0.006307,0.938036,jog
593,4.941667,-0.017613,-0.008614,-0.686493,-0.726872,-1.561783,0.1739,0.035736,0.151579,-0.113685,-0.398208,-0.897513,-1.379518,-0.129232,0.070358,0.006641,0.003147,0.614767,0.788675,-1.503461,0.009292,0.938833,jog
594,4.95,-0.018007,-0.009256,-0.68647,-0.726876,-1.561742,0.173903,0.035722,0.142773,-0.099472,-0.39327,-0.902807,-1.371701,-0.11431,0.065972,0.004864,0.003083,0.611788,0.791001,-1.502739,0.012453,0.939725,jog
595,4.958333,-0.018677,-0.01082,-0.686856,-0.726473,-1.561499,0.17398,0.035801,0.130866,-0.083671,-0.388842,-0.908117,-1.363943,-0.098973,0.061519,0.004792,0.001839,0.608951,0.793192,-1.502028,0.015491,0.940428,jog
596,4.966667,-0.019274,-0.011539,-0.686882,-0.726422,-1.561442,0.173982,0.035775,0.11945,-0.066944,-0.385408,-0.91253,-1.356026,-0.083466,0.057129,0.004265,-6.1e-05,0.606231,0.795277,-1.5012,0.018591,0.940969,jog
597,4.975,-0.019718,-0.012196,-0.687029,-0.72626,-1.561402,0.173903,0.035723,0.107142,-0.053438,-0.382613,-0.916118,-1.348115,-0.067604,0.053031,0.003799,-0.000768,0.603935,0.797024,-1.500483,0.021231,0.941573,jog
598,4.983333,-0.020429,-0.013067,-0.687054,-0.726202,-1.561357,0.173922,0.0357,0.096856,-0.040058,-0.380054,-0.919007,-1.34017,-0.051768,0.049187,0.004747,-0.002097,0.602765,0.797902,-1.499704,0.023788,0.942227,jog
599,4.991667,-0.02115,-0.013804,-0.687123,-0.726102,-1.561293,0.173938,0.035703,0.089765,-0.029167,-0.380166,-0.92009,-1.331983,-0.0358,0.046212,0.004347,-0.00309,0.601272,0.799027,-1.498983,0.026073,0.942607,jog
600,5.0,-0.021993,-0.014647,-0.687183,-0.726004,-1.561253,0.173938,0.035682,0.078014,-0.015245,-0.378139,-0.92233,-1.324844,-0.020094,0.043531,0.003493,-0.003036,0.600239,0.799808,-1.497895,0.028651,0.943017,jog
601,5.008333,-0.022511,-0.015231,-0.687245,-0.725917,-1.561198,0.173923,0.035654,0.066982,-0.001068,-0.378858,-0.923027,-1.317455,-0.004797,0.041262,0.001168,-0.003309,0.598568,0.801065,-1.496875,0.031025,0.943069,jog
602,5.016667,-0.023425,-0.015835,-0.687352,-0.725774,-1.561157,0.173912,0.035616,0.061481,0.010847,-0.37759,-0.923866,-1.31086,0.009819,0.039485,0.001038,-0.004178,0.597435,0.801906,-1.495608,0.033563,0.943135,jog
603,5.025,-0.024356,-0.016276,-0.687478,-0.725614,-1.561105,0.173922,0.035569,0.058948,0.018132,-0.377182,-0.924084,-1.303974,0.023951,0.037883,-0.000337,-0.004743,0.595576,0.803285,-1.494541,0.036046,0.943106,jog
604,5.033333,-0.025125,-0.016581,-0.687534,-0.725528,-1.561057,0.173947,0.035519,0.054739,0.022901,-0.375463,-0.924936,-1.298072,0.037098,0.036781,0.000239,-0.004513,0.595017,0.803701,-1.493433,0.038252,0.943331,jog
605,5.041667,-0.025764,-0.01682,-0.687605,-0.725433,-1.561017,0.173933,0.035459,0.05441,0.028185,-0.373039,-0.92579,-1.292355,0.049024,0.035816,0.000145,-0.004742,0.593919,0.804511,-1.492309,0.040538,0.943434,jog
606,5.05,-0.027012,-0.017051,-0.688025,-0.724984,-1.560917,0.174016,0.035372,0.058913,0.03019,-0.370234,-0.926577,-1.287225,0.059246,0.035015,0.000382,-0.005336,0.593145,0.805078,-1.490976,0.042879,0.943535,jog
607,5.058333,-0.028268,-0.017439,-0.688042,-0.72491,-1.560903,0.174037,0.035247,0.06696,0.032572,-0.367386,-0.927083,-1.282792,0.0681,0.034485,0.00084,-0.005696,0.592025,0.805899,-1.489812,0.045072,0.943546,jog
608,5.066667,-0.028973,-0.017684,-0.688147,-0.724777,-1.560871,0.174042,0.035207,0.073407,0.035511,-0.364535,-0.927612,-1.278827,0.075367,0.034047,0.001133,-0.005348,0.59129,0.80644,-1.488582,0.047184,0.94369,jog
609,5.075,-0.029267,-0.017747,-0.688215,-0.724699,-1.56083,0.17403,0.035171,0.077749,0.037508,-0.362059,-0.92815,-1.275842,0.080613,0.03373,0.001784,-0.005439,0.590753,0.806832,-1.487318,0.049205,0.943796,jog
610,5.083333,-0.029099,-0.017416,-0.688361,-0.724575,-1.560765,0.173975,0.035149,0.079548,0.036821,-0.357668,-0.929726,-1.27337,0.083958,0.033691,0.002785,-0.005825,0.589713,0.807587,-1.486024,0.051061,0.943945,jog
611,5.091667,-0.029173,-0.017481,-0.68848,-0.724458,-1.560705,0.173929,0.035155,0.080286,0.035172,-0.353697,-0.931244,-1.271616,0.085891,0.03365,0.003021,-0.006313,0.588873,0.808195,-1.484615,0.053151,0.943929,jog
612,5.1,-0.029011,-0.01781,-0.688431,-0.724502,-1.560685,0.173874,0.035175,0.080625,0.035245,-0.349785,-0.932688,-1.270597,0.086529,0.033456,0.004299,-0.006365,0.587948,0.808862,-1.483227,0.055001,0.943946,jog
613,5.108333,-0.02887,-0.018289,-0.688478,-0.724452,-1.560649,0.17381,0.03521,0.081902,0.035075,-0.347709,-0.93336,-1.270354,0.086056,0.033271,0.004249,-0.006235,0.587035,0.809526,-1.481637,0.056925,0.94404,jog
614,5.116667,-0.028863,-0.018773,-0.688538,-0.724382,-1.560615,0.173742,0.035231,0.080845,0.034427,-0.347663,-0.933493,-1.270819,0.085028,0.033124,0.004306,-0.005854,0.585953,0.810313,-1.480289,0.058662,0.944168,jog
615,5.125,-0.029002,-0.019417,-0.688578,-0.724322,-1.560594,0.173691,0.035262,0.078873,0.033646,-0.348287,-0.933458,-1.271542,0.084012,0.033028,0.003994,-0.005559,0.584462,0.811392,-1.478941,0.060422,0.944271,jog
616,5.133333,-0.029135,-0.020001,-0.68862,-0.724261,-1.560564,0.173638,0.035301,0.075993,0.033323,-0.348206,-0.933738,-1.272007,0.083396,0.032986,0.003819,-0.005727,0.583196,0.812302,-1.477476,0.062007,0.944362,jog
617,5.141667,-0.029347,-0.020587,-0.68863,-0.724226,-1.560527,0.17362,0.035332,0.075417,0.033051,-0.348763,-0.933587,-1.271984,0.083272,0.033278,0.003679,-0.005548,0.5815,0.813519,-1.476121,0.063825,0.94442,jog
618,5.15,-0.029463,-0.021006,-0.688693,-0.72415,-1.560491,0.173607,0.035389,0.078348,0.032844,-0.349978,-0.932898,-1.271825,0.083529,0.033426,0.004066,-0.005191,0.580496,0.814236,-1.474554,0.065245,0.944782,jog
619,5.158333,-0.02943,-0.02092,-0.688753,-0.724096,-1.560439,0.173592,0.035473,0.081451,0.033912,-0.350341,-0.932458,-1.27167,0.083739,0.033386,0.004441,-0.005099,0.57918,0.815172,-1.47326,0.066737,0.944959,jog
620,5.166667,-0.029687,-0.021317,-0.688767,-0.724061,-1.56048,0.173597,0.035486,0.08316,0.034663,-0.349898,-0.932446,-1.271716,0.083716,0.033313,0.004698,-0.005425,0.577621,0.816274,-1.471779,0.068434,0.944979,jog
621,5.175,-0.030266,-0.021894,-0.688783,-0.724005,-1.56059,0.173616,0.035441,0.083397,0.035013,-0.349395,-0.9326,-1.271861,0.083599,0.033237,0.004372,-0.004836,0.576468,0.817094,-1.470216,0.069816,0.945168,jog
622,5.183333,-0.031065,-0.022761,-0.688844,-0.723886,-1.560622,0.173614,0.035381,0.082643,0.03497,-0.349086,-0.932784,-1.271951,0.083514,0.033161,0.005156,-0.004735,0.575432,0.81782,-1.468844,0.071262,0.945367,jog
623,5.191667,-0.031575,-0.023173,-0.688906,-0.723792,-1.560622,0.173621,0.035356,0.08213,0.035257,-0.349067,-0.932826,-1.271919,0.083464,0.033053,0.005242,-0.0045,0.574304,0.818613,-1.46733,0.072745,0.94545,jog
624,5.2,-0.031812,-0.023274,-0.688929,-0.723757,-1.560606,0.173624,0.035352,0.081356,0.035581,-0.349179,-0.932839,-1.271848,0.083482,0.032965,0.005499,-0.004742,0.573178,0.819399,-1.46582,0.07414,0.945593,jog
625,5.208333,-0.032057,-0.023231,-0.688986,-0.723692,-1.56056,0.173613,0.035354,0.080276,0.035717,-0.349097,-0.932959,-1.27177,0.083446,0.032881,0.00567,-0.004677,0.572089,0.820159,-1.464313,0.075512,0.945682,jog
626,5.216667,-0.03209,-0.022992,-0.689069,-0.72362,-1.560488,0.1736,0.03538,0.078686,0.036095,-0.349134,-0.933065,-1.271635,0.083306,0.032756,0.005776,-0.00434,0.571355,0.820671,-1.462836,0.076724,0.945778,jog
627,5.225,-0.032044,-0.022879,-0.689056,-0.723638,-1.560408,0.173576,0.035412,0.07696,0.036104,-0.349382,-0.933116,-1.271527,0.083157,0.032651,0.005912,-0.004035,0.570152,0.821508,-1.461328,0.078065,0.945737,jog
628,5.233333,-0.031926,-0.022519,-0.689052,-0.723658,-1.560334,0.173552,0.035455,0.075578,0.036132,-0.34962,-0.933139,-1.271433,0.083044,0.032579,0.00544,-0.00325,0.569286,0.822116,-1.459723,0.079235,0.945729,jog
629,5.241667,-0.03178,-0.022374,-0.68903,-0.72369,-1.560264,0.173523,0.035489,0.074737,0.03632,-0.349711,-0.933165,-1.271381,0.082934,0.032509,0.004848,-0.00268,0.568322,0.822787,-1.458174,0.080396,0.945609,jog
630,5.25,-0.031739,-0.022356,-0.688993,-0.723728,-1.560215,0.173499,0.03553,0.074172,0.03651,-0.349759,-0.933185,-1.271357,0.082848,0.032458,0.005166,-0.001993,0.567248,0.823528,-1.456728,0.081451,0.945727,jog
631,5.258333,-0.031789,-0.022517,-0.688968,-0.723745,-1.560179,0.173479,0.035576,0.073811,0.036729,-0.349648,-0.933247,-1.27134,0.082755,0.032406,0.001811,-0.003049,0.566787,0.823857,-1.455271,0.082998,0.946006,jog
632,5.266667,-0.031778,-0.022787,-0.688925,-0.723778,-1.560169,0.173455,0.035589,0.073523,0.036807,-0.349583,-0.93329,-1.271335,0.082683,0.032356,0.000891,-0.002394,0.56537,0.824834,-1.453858,0.084021,0.946044,jog
633,5.275,-0.031893,-0.023077,-0.68893,-0.723758,-1.560156,0.173432,0.035616,0.073388,0.036899,-0.349409,-0.933363,-1.271345,0.082613,0.03231,0.000418,-0.002094,0.564243,0.825606,-1.452446,0.08499,0.946083,jog
634,5.283333,-0.03204,-0.023451,-0.688888,-0.723779,-1.560175,0.173415,0.035611,0.073512,0.037109,-0.349272,-0.933396,-1.271368,0.082564,0.032286,-0.000264,-0.0013,0.563334,0.826228,-1.450984,0.085991,0.946149,jog
635,5.291667,-0.032187,-0.021021,-0.689351,-0.723407,-1.560158,0.172982,0.035352,0.073464,0.037256,-0.349118,-0.933451,-1.271389,0.082515,0.032271,-0.000891,-0.000747,0.562537,0.826772,-1.449386,0.086832,0.946108,jog
636,5.3,-0.032479,-0.021213,-0.689407,-0.723335,-1.560145,0.172976,0.035348,0.073413,0.03747,-0.348935,-0.933515,-1.271407,0.082467,0.032246,-0.000932,-0.000877,0.561434,0.827521,-1.448138,0.087686,0.946167,jog
637,5.308333,-0.032915,-0.02149,-0.689416,-0.723298,-1.560121,0.172972,0.035335,0.07336,0.037601,-0.348793,-0.933567,-1.271426,0.08243,0.03222,-0.001386,0.000187,0.560477,0.828169,-1.446798,0.08839,0.946229,jog
638,5.316667,-0.033328,-0.021791,-0.689658,-0.72304,-1.560117,0.172956,0.035319,0.07317,0.037657,-0.348722,-0.933607,-1.27142,0.082385,0.032193,-0.00175,0.000691,0.559912,0.82855,-1.44558,0.089042,0.946321,jog
639,5.325,-0.033786,-0.022002,-0.689766,-0.722909,-1.560072,0.172948,0.035307,0.072855,0.037664,-0.34864,-0.933662,-1.271417,0.082336,0.032171,-0.00154,0.000572,0.558974,0.829184,-1.444185,0.089851,0.946162,jog
640,5.333333,-0.03424,-0.022263,-0.689784,-0.722863,-1.560027,0.172939,0.035296,0.072483,0.037616,-0.348584,-0.933713,-1.271404,0.082299,0.032155,-0.001867,0.00109,0.558439,0.829543,-1.442915,0.090469,0.946168,jog
641,5.341667,-0.034763,-0.02258,-0.689816,-0.722797,-1.559969,0.172933,0.035287,0.072179,0.037748,-0.348594,-0.933728,-1.271391,0.082255,0.032121,-0.001791,0.001298,0.557413,0.830232,-1.441738,0.09113,0.946142,jog
642,5.35,-0.03516,-0.022861,-0.689841,-0.722745,-1.559924,0.172903,0.035271,0.071891,0.037827,-0.348553,-0.933762,-1.271385,0.082226,0.032099,-0.00212,0.002163,0.556867,0.830596,-1.44063,0.091644,0.946158,jog
643,5.358333,-0.035628,-0.023173,-0.689877,-0.722678,-1.559874,0.172894,0.035278,0.071588,0.037775,-0.348541,-0.933792,-1.271374,0.082194,0.032081,-0.002383,0.002435,0.556469,0.830861,-1.439198,0.092312,0.945995,jog
644,5.366667,-0.036054,-0.023478,-0.689906,-0.72262,-1.559841,0.172856,0.035289,0.07133,0.037837,-0.348551,-0.933806,-1.271368,0.082175,0.032052,-0.002602,0.002907,0.555746,0.831343,-1.438172,0.092938,0.946035,jog
645,5.375,-0.036333,-0.023763,-0.689939,-0.722564,-1.559814,0.172836,0.035288,0.071056,0.037832,-0.348572,-0.933819,-1.271354,0.082158,0.032032,-0.002327,0.003155,0.555817,0.831295,-1.437086,0.09338,0.946049,jog
646,5.383333,-0.036573,-0.023992,-0.689957,-0.722528,-1.559796,0.172795,0.035305,0.070937,0.037866,-0.348569,-0.933827,-1.271352,0.082135,0.032012,-0.00265,0.003252,0.555029,0.831821,-1.435954,0.093993,0.945928,jog
647,5.391667,-0.036848,-0.024363,-0.689979,-0.72248,-1.559774,0.172764,0.035303,0.07081,0.037922,-0.348548,-0.933843,-1.271342,0.082126,0.031991,-0.002641,0.003555,0.555357,0.831601,-1.434878,0.094527,0.945995,jog
648,5.4,-0.036998,-0.024569,-0.690032,-0.722415,-1.559767,0.172731,0.035311,0.070669,0.037943,-0.348573,-0.933843,-1.271328,0.082114,0.031975,-0.00286,0.003427,0.554904,0.831902,-1.433776,0.095098,0.945811,jog
649,5.408333,-0.037114,-0.024706,-0.690089,-0.72235,-1.559772,0.172695,0.035331,0.070537,0.038001,-0.348567,-0.933853,-1.271319,0.082112,0.031973,-0.003687,0.004471,0.554189,0.832371,-1.432649,0.095645,0.945681,jog
650,5.416667,-0.037231,-0.024926,-0.690135,-0.722293,-1.559769,0.172658,0.035336,0.070472,0.03793,-0.348583,-0.933855,-1.271309,0.082102,0.031953,-0.003375,0.00411,0.554402,0.832232,-1.431569,0.096214,0.945612,jog
651,5.425,-0.037272,-0.024983,-0.690174,-0.722251,-1.559779,0.172622,0.035349,0.070484,0.037914,-0.348595,-0.93385,-1.271296,0.082094,0.031946,-0.002872,0.004514,0.554209,0.83236,-1.430653,0.09665,0.945635,jog
652,5.433333,-0.037296,-0.025078,-0.690212,-0.72221,-1.559779,0.172593,0.035352,0.070403,0.037934,-0.348617,-0.933847,-1.271283,0.082103,0.031931,-0.003277,0.003839,0.554029,0.832482,-1.429568,0.097237,0.945507,jog
653,5.441667,-0.037378,-0.02515,-0.69024,-0.722177,-1.559786,0.172558,0.035359,0.070327,0.037954,-0.348672,-0.933832,-1.271272,0.082093,0.031922,-0.003267,0.004204,0.553999,0.8325,-1.428562,0.097741,0.945488,jog
654,5.45,-0.037533,-0.025364,-0.690289,-0.722115,-1.559789,0.17254,0.035368,0.070501,0.03806,-0.348709,-0.9338,-1.271265,0.082086,0.031908,-0.003213,0.003866,0.55417,0.832388,-1.427788,0.098098,0.945522,jog
655,5.458333,-0.037637,-0.025384,-0.690326,-0.722073,-1.559786,0.172516,0.035369,0.07046,0.038098,-0.348801,-0.933767,-1.271265,0.082084,0.031896,-0.003588,0.004225,0.554153,0.832396,-1.426732,0.098671,0.9455,jog
656,5.466667,-0.037819,-0.025611,-0.690346,-0.722036,-1.559784,0.172498,0.035368,0.070442,0.038057,-0.348803,-0.93377,-1.271265,0.082104,0.031897,-0.003927,0.003881,0.55377,0.832652,-1.425946,0.099205,0.945356,jog
657,5.475,-0.037991,-0.025729,-0.690369,-0.722001,-1.559776,0.172483,0.035369,0.070486,0.038123,-0.34884,-0.93375,-1.271263,0.082111,0.031889,-0.003974,0.003922,0.554345,0.832268,-1.424976,0.099628,0.945415,jog
658,5.483333,-0.038256,-0.025963,-0.690415,-0.721935,-1.559764,0.172456,0.03537,0.070497,0.038141,-0.348852,-0.933744,-1.27127,0.08212,0.031886,-0.004395,0.003636,0.5541,0.83243,-1.424223,0.100152,0.945363,jog
659,5.491667,-0.038513,-0.026203,-0.69042,-0.721908,-1.559749,0.172452,0.03536,0.070595,0.038182,-0.348897,-0.933718,-1.271274,0.082134,0.03188,-0.00389,0.003975,0.554287,0.832307,-1.4238,0.100417,0.945652,jog
660,5.5,-0.038767,-0.026472,-0.690474,-0.721832,-1.55973,0.172431,0.035348,0.070687,0.038293,-0.348904,-0.933704,-1.271274,0.082154,0.031873,-0.004844,0.004168,0.554157,0.832388,-1.422667,0.101002,0.945483,jog
661,5.508333,-0.038927,-0.026605,-0.69053,-0.721765,-1.55971,0.172423,0.035357,0.07078,0.038338,-0.348881,-0.933704,-1.271282,0.082162,0.031865,-0.004985,0.004129,0.554169,0.832379,-1.422017,0.101375,0.945518,jog
662,5.516667,-0.03921,-0.026852,-0.690571,-0.721701,-1.559695,0.172411,0.035353,0.070954,0.038359,-0.348871,-0.933693,-1.271291,0.082168,0.03185,-0.00527,0.004335,0.55438,0.832236,-1.421106,0.101795,0.945502,jog
663,5.525,-0.039444,-0.027139,-0.690631,-0.721621,-1.559675,0.172403,0.035344,0.070988,0.038335,-0.348879,-0.933689,-1.271293,0.082171,0.031843,-0.005381,0.003603,0.554544,0.832129,-1.420245,0.10235,0.945437,jog
664,5.533333,-0.039678,-0.027325,-0.690671,-0.721563,-1.559654,0.17239,0.03534,0.071085,0.038371,-0.348886,-0.933677,-1.271295,0.082175,0.031831,-0.00542,0.00371,0.554309,0.832285,-1.419557,0.102847,0.945338,jog
665,5.541667,-0.039857,-0.02742,-0.690711,-0.721511,-1.55963,0.172379,0.035343,0.071068,0.038307,-0.348879,-0.933684,-1.271292,0.082186,0.031837,-0.005465,0.003659,0.554574,0.832108,-1.418753,0.103289,0.94533,jog
666,5.55,-0.040013,-0.027546,-0.690773,-0.721438,-1.559621,0.172364,0.035346,0.071085,0.038305,-0.348869,-0.933686,-1.271304,0.082183,0.031836,-0.005087,0.003021,0.554783,0.831974,-1.418035,0.103771,0.945319,jog
667,5.558333,-0.040224,-0.02774,-0.690804,-0.721389,-1.559603,0.172361,0.03534,0.071165,0.038353,-0.348865,-0.93368,-1.271309,0.082179,0.031817,-0.004838,0.002742,0.554934,0.831876,-1.41742,0.104227,0.945296,jog
668,5.566667,-0.040314,-0.027842,-0.690854,-0.721333,-1.559589,0.172351,0.035337,0.071156,0.038336,-0.348881,-0.933675,-1.271309,0.082179,0.03181,-0.005126,0.003065,0.554637,0.832071,-1.416686,0.104784,0.945221,jog
669,5.575,-0.040385,-0.027897,-0.69093,-0.721253,-1.559583,0.172346,0.035342,0.071194,0.038403,-0.348903,-0.933661,-1.27131,0.082173,0.031807,-0.005019,0.003192,0.555086,0.831772,-1.415979,0.105219,0.945245,jog
670,5.583333,-0.040521,-0.028059,-0.690964,-0.721207,-1.559571,0.172351,0.035342,0.071155,0.038306,-0.348911,-0.933665,-1.271315,0.082172,0.031803,-0.005167,0.003197,0.555439,0.831535,-1.415411,0.105656,0.945267,jog
671,5.591667,-0.040513,-0.02807,-0.69099,-0.721182,-1.559567,0.172351,0.035337,0.071206,0.038255,-0.348946,-0.93365,-1.271321,0.082173,0.031802,-0.004771,0.003171,0.555479,0.831511,-1.414945,0.106055,0.945328,jog
672,5.6,-0.040553,-0.02815,-0.691012,-0.721155,-1.55957,0.172353,0.035344,0.07108,0.038165,-0.34894,-0.933666,-1.271317,0.082189,0.031809,-0.005056,0.003069,0.555705,0.831358,-1.414195,0.106648,0.945302,jog
673,5.608333,-0.040587,-0.028256,-0.691021,-0.721141,-1.559567,0.172357,0.035346,0.071222,0.038235,-0.348976,-0.933639,-1.271328,0.082182,0.031801,-0.005301,0.002735,0.555664,0.831385,-1.413708,0.107169,0.945273,jog
674,5.616667,-0.040468,-0.028378,-0.691057,-0.721108,-1.559568,0.172386,0.035334,0.071332,0.038323,-0.348971,-0.933628,-1.271328,0.082189,0.031794,-0.005163,0.003136,0.555889,0.831235,-1.413239,0.10756,0.9454,jog
675,5.625,-0.0405,-0.028263,-0.691029,-0.721138,-1.559568,0.172367,0.035351,0.071426,0.038289,-0.348979,-0.93362,-1.27134,0.082192,0.031792,-0.005881,0.003792,0.555965,0.831177,-1.412708,0.107872,0.945271,jog
676,5.633333,-0.040419,-0.028243,-0.691078,-0.721096,-1.559577,0.172367,0.035347,0.071495,0.038384,-0.349,-0.933603,-1.27135,0.082191,0.031785,-0.005994,0.003792,0.55612,0.831072,-1.412211,0.108286,0.945218,jog
677,5.641667,-0.040414,-0.028308,-0.691112,-0.721062,-1.559572,0.172374,0.03535,0.071496,0.038384,-0.348989,-0.933607,-1.271362,0.0822,0.031795,-0.006072,0.002876,0.556551,0.830787,-1.411609,0.108735,0.945114,jog
678,5.65,-0.040384,-0.028472,-0.691148,-0.721022,-1.559561,0.172384,0.035332,0.071563,0.038327,-0.348965,-0.933613,-1.271365,0.082216,0.031798,-0.005986,0.00301,0.556705,0.830683,-1.411164,0.109071,0.945126,jog
679,5.658333,-0.040474,-0.028661,-0.691203,-0.720957,-1.559551,0.172394,0.035324,0.071664,0.038403,-0.348976,-0.933598,-1.27138,0.082218,0.031794,-0.006036,0.004165,0.55708,0.830426,-1.410754,0.109296,0.945238,jog
680,5.666667,-0.040522,-0.028739,-0.691234,-0.720921,-1.559535,0.172386,0.035316,0.071811,0.038416,-0.348979,-0.933585,-1.271389,0.082217,0.031781,-0.006696,0.004095,0.557349,0.830241,-1.410126,0.10984,0.945159,jog
681,5.675,-0.04069,-0.028897,-0.691262,-0.720879,-1.55952,0.172378,0.035316,0.071888,0.038438,-0.349001,-0.93357,-1.271399,0.082223,0.031782,-0.006434,0.004056,0.557661,0.830034,-1.409869,0.110094,0.945137,jog
682,5.683333,-0.040749,-0.028966,-0.691367,-0.720772,-1.559498,0.172371,0.035307,0.07193,0.038426,-0.348976,-0.933577,-1.271406,0.082234,0.031783,-0.006491,0.003933,0.558285,0.829614,-1.409629,0.110327,0.945223,jog
683,5.691667,-0.040876,-0.029063,-0.69145,-0.720681,-1.55948,0.172366,0.035293,0.072093,0.038521,-0.349013,-0.933546,-1.271419,0.082241,0.031773,-0.006171,0.003946,0.5588,0.82927,-1.409252,0.110749,0.945211,jog
684,5.7,-0.041013,-0.029213,-0.69151,-0.72061,-1.559463,0.17236,0.035288,0.072166,0.038554,-0.349003,-0.933543,-1.27143,0.082247,0.03178,-0.00602,0.004167,0.559273,0.828951,-1.408673,0.111157,0.945186,jog
685,5.708333,-0.041112,-0.02923,-0.691567,-0.720549,-1.55944,0.172352,0.035282,0.072188,0.038589,-0.348985,-0.933546,-1.271439,0.082243,0.031771,-0.006058,0.004361,0.55952,0.828783,-1.408231,0.111423,0.945055,jog
686,5.716667,-0.041258,-0.029384,-0.691614,-0.720489,-1.559433,0.172353,0.035275,0.072316,0.038569,-0.349,-0.933532,-1.271446,0.082255,0.031772,-0.006476,0.004132,0.5597,0.828659,-1.407912,0.11178,0.945024,jog
687,5.725,-0.041224,-0.029372,-0.691656,-0.720451,-1.559425,0.172361,0.035272,0.072526,0.038636,-0.349001,-0.933513,-1.271455,0.082264,0.031763,-0.006642,0.004719,0.559992,0.828458,-1.407584,0.112074,0.945019,jog
688,5.733333,-0.041311,-0.029442,-0.691692,-0.720409,-1.559414,0.172367,0.035271,0.07264,0.03868,-0.348981,-0.933509,-1.27146,0.082278,0.03176,-0.006378,0.004769,0.560614,0.828039,-1.407351,0.112339,0.945041,jog
689,5.741667,-0.041314,-0.029417,-0.691715,-0.720387,-1.559408,0.172359,0.035264,0.072837,0.038744,-0.349015,-0.933479,-1.271473,0.082285,0.031754,-0.006511,0.004989,0.560858,0.827872,-1.407045,0.112607,0.944951,jog
690,5.75,-0.04133,-0.029452,-0.691757,-0.720345,-1.559406,0.172366,0.035266,0.072891,0.038706,-0.349011,-0.933477,-1.271478,0.082298,0.031767,-0.006613,0.005293,0.561578,0.82738,-1.406638,0.112849,0.944991,jog
691,5.758333,-0.041313,-0.029412,-0.691793,-0.720313,-1.559406,0.172359,0.035259,0.072949,0.038705,-0.349007,-0.933475,-1.271485,0.082314,0.031761,-0.006658,0.005352,0.56201,0.827087,-1.406434,0.113037,0.944995,jog
692,5.766667,-0.041266,-0.02933,-0.691812,-0.720301,-1.559405,0.172354,0.035266,0.07312,0.038819,-0.349007,-0.933456,-1.271499,0.082315,0.031761,-0.006605,0.005526,0.562397,0.826823,-1.406219,0.113211,0.944987,jog
693,5.775,-0.041232,-0.029318,-0.691861,-0.720256,-1.559415,0.172354,0.035269,0.073245,0.038831,-0.34903,-0.933438,-1.271507,0.08232,0.031755,-0.006775,0.00588,0.563119,0.826327,-1.406,0.113313,0.945091,jog
694,5.783333,-0.041318,-0.029341,-0.691896,-0.720216,-1.559412,0.172353,0.035275,0.073371,0.038907,-0.349037,-0.933422,-1.271522,0.082328,0.03176,-0.0073,0.006238,0.563354,0.82616,-1.405562,0.113617,0.94502,jog
695,5.791667,-0.041259,-0.029333,-0.6919,-0.720216,-1.559418,0.17234,0.035264,0.073503,0.03896,-0.349026,-0.933413,-1.271528,0.082336,0.031764,-0.007399,0.006785,0.563699,0.825919,-1.405365,0.113772,0.945012,jog
696,5.8,-0.041299,-0.029339,-0.69195,-0.720166,-1.559417,0.172337,0.035263,0.07363,0.038998,-0.349033,-0.933399,-1.271535,0.082351,0.031757,-0.007435,0.006777,0.564027,0.825695,-1.405204,0.113946,0.944983,jog
697,5.808333,-0.041305,-0.02934,-0.691999,-0.720118,-1.559424,0.172328,0.035257,0.073776,0.03908,-0.349067,-0.933371,-1.27155,0.082359,0.031756,-0.007897,0.00678,0.564248,0.82554,-1.405034,0.114154,0.944852,jog
698,5.816667,-0.041397,-0.029398,-0.692019,-0.720091,-1.559426,0.172316,0.035248,0.073845,0.039053,-0.349059,-0.93337,-1.271563,0.082378,0.031765,-0.007974,0.007076,0.564867,0.825113,-1.404656,0.11441,0.944762,jog
699,5.825,-0.041486,-0.029412,-0.692001,-0.720103,-1.559419,0.172313,0.035256,0.074058,0.039131,-0.34905,-0.933353,-1.271583,0.082384,0.031757,-0.007991,0.007051,0.565414,0.824739,-1.404466,0.114542,0.944759,jog
700,5.833333,-0.041352,-0.029366,-0.692136,-0.719983,-1.559418,0.172331,0.035263,0.074142,0.039204,-0.349071,-0.933336,-1.271599,0.082394,0.031755,-0.008317,0.007213,0.565835,0.824445,-1.404227,0.114728,0.944702,jog
701,5.841667,-0.041396,-0.029351,-0.69217,-0.719948,-1.559413,0.172313,0.035252,0.074241,0.039294,-0.349071,-0.933324,-1.271611,0.082406,0.03176,-0.00807,0.007314,0.566425,0.824041,-1.404165,0.11479,0.944743,jog
702,5.85,-0.041565,-0.029448,-0.69219,-0.719915,-1.559412,0.172313,0.035249,0.074533,0.039416,-0.349095,-0.933287,-1.271635,0.082415,0.031755,-0.0079,0.007393,0.566848,0.823751,-1.404132,0.114882,0.94475,jog
703,5.858333,-0.041682,-0.029542,-0.692201,-0.719894,-1.559419,0.172314,0.035246,0.074637,0.039443,-0.349085,-0.933281,-1.271653,0.082433,0.031762,-0.007826,0.007488,0.567229,0.823489,-1.404037,0.115034,0.944736,jog
704,5.866667,-0.041624,-0.029591,-0.692269,-0.71983,-1.55944,0.172319,0.035219,0.074781,0.039526,-0.349105,-0.933258,-1.271665,0.082445,0.031762,-0.007976,0.007548,0.56775,0.823128,-1.403829,0.115233,0.944701,jog
705,5.875,-0.041656,-0.029891,-0.692301,-0.719785,-1.559478,0.172355,0.035198,0.074946,0.039605,-0.349155,-0.933223,-1.271697,0.082457,0.031773,-0.008935,0.007553,0.568097,0.822879,-1.403581,0.115311,0.944427,jog
706,5.883333,-0.041747,-0.02996,-0.692251,-0.719825,-1.559501,0.172368,0.035181,0.075121,0.039601,-0.349207,-0.93319,-1.271724,0.082467,0.031783,-0.00924,0.008063,0.568313,0.822721,-1.403455,0.115468,0.944376,jog
707,5.891667,-0.041884,-0.029991,-0.6922,-0.719865,-1.559545,0.172386,0.035154,0.075394,0.039716,-0.34922,-0.933158,-1.271752,0.082475,0.031792,-0.009637,0.008432,0.568703,0.822443,-1.403145,0.115571,0.944259,jog
708,5.9,-0.041963,-0.029888,-0.692053,-0.720006,-1.559604,0.172394,0.035128,0.075486,0.039705,-0.349288,-0.933126,-1.27178,0.082502,0.031809,-0.010451,0.00885,0.568868,0.822315,-1.4029,0.115747,0.944158,jog
709,5.908333,-0.042254,-0.029803,-0.691863,-0.720175,-1.559682,0.172389,0.035084,0.075867,0.039611,-0.349368,-0.933069,-1.271829,0.082537,0.031855,-0.010845,0.009086,0.569113,0.822138,-1.402697,0.11587,0.944022,jog
710,5.916667,-0.042037,-0.02935,-0.691701,-0.720362,-1.559786,0.172397,0.03506,0.076129,0.039432,-0.349435,-0.93303,-1.27187,0.082572,0.031917,-0.011552,0.00992,0.569838,0.821616,-1.402256,0.115956,0.943952,jog
711,5.925,-0.041742,-0.028742,-0.691546,-0.720552,-1.559922,0.1724,0.03505,0.076218,0.039421,-0.349343,-0.933058,-1.271903,0.082613,0.032027,-0.012221,0.011298,0.570169,0.821359,-1.401976,0.115947,0.943946,jog
712,5.933333,-0.0429,-0.030817,-0.691659,-0.72029,-1.560271,0.172482,0.034849,0.076064,0.039356,-0.349487,-0.933019,-1.271993,0.082636,0.032119,-0.012832,0.011952,0.570729,0.820951,-1.401729,0.115877,0.943954,jog
713,5.941667,-0.042247,-0.029636,-0.691521,-0.720511,-1.56047,0.172428,0.034893,0.075809,0.039172,-0.34945,-0.933061,-1.272101,0.08264,0.03228,-0.013303,0.012225,0.571335,0.820518,-1.401523,0.115693,0.943949,jog
714,5.95,-0.041694,-0.028828,-0.691413,-0.720679,-1.560635,0.172396,0.034924,0.075411,0.038955,-0.349717,-0.933003,-1.272286,0.082631,0.032451,-0.014828,0.013493,0.571853,0.820111,-1.401166,0.115518,0.944108,jog
715,5.958333,-0.040979,-0.02781,-0.691431,-0.720743,-1.560801,0.172351,0.034959,0.07548,0.03903,-0.350154,-0.93283,-1.272517,0.082587,0.032604,-0.016163,0.01479,0.572334,0.819728,-1.400566,0.11542,0.944161,jog
716,5.966667,-0.040194,-0.026741,-0.691532,-0.720731,-1.560986,0.172266,0.034969,0.075731,0.039262,-0.35043,-0.932696,-1.272772,0.082558,0.032761,-0.018463,0.015339,0.57189,0.819979,-1.400171,0.115179,0.944091,jog
717,5.975,-0.039784,-0.025723,-0.69163,-0.720697,-1.561183,0.172179,0.035006,0.075719,0.039339,-0.35072,-0.932585,-1.272998,0.082516,0.032915,-0.020425,0.01592,0.571876,0.819931,-1.399698,0.11489,0.944151,jog
718,5.983333,-0.039575,-0.025346,-0.691725,-0.72063,-1.561358,0.172145,0.035125,0.075732,0.039532,-0.350995,-0.932472,-1.273162,0.082435,0.033034,-0.021903,0.015764,0.571729,0.819998,-1.399168,0.114561,0.944141,jog
719,5.991667,-0.039036,-0.024844,-0.691929,-0.720481,-1.561552,0.172115,0.035223,0.075671,0.039588,-0.351193,-0.9324,-1.273323,0.082355,0.033191,-0.02456,0.017724,0.571422,0.820098,-1.39841,0.114053,0.944206,jog
720,6.0,-0.038355,-0.022411,-0.692279,-0.720262,-1.561778,0.171916,0.035245,0.075299,0.039092,-0.351506,-0.932333,-1.273497,0.08228,0.033406,-0.026527,0.018899,0.571121,0.82022,-1.397576,0.113604,0.94429,jog
721,6.008333,-0.037682,-0.021006,-0.692745,-0.719891,-1.561998,0.171807,0.035308,0.074992,0.03814,-0.351398,-0.932438,-1.273624,0.082231,0.033704,-0.027972,0.019133,0.570133,0.820853,-1.397021,0.113076,0.94435,jog
722,6.016667,-0.037177,-0.019894,-0.693347,-0.71937,-1.562231,0.171711,0.035343,0.074341,0.037744,-0.351169,-0.932593,-1.273603,0.082189,0.034014,-0.030455,0.020383,0.569112,0.821443,-1.396126,0.112683,0.944414,jog
723,6.025,-0.036861,-0.018806,-0.694034,-0.718752,-1.562463,0.171601,0.03537,0.074169,0.038259,-0.350455,-0.932854,-1.273376,0.082237,0.034376,-0.031223,0.020212,0.567591,0.82247,-1.395523,0.112192,0.94432,jog
724,6.033333,-0.036713,-0.01772,-0.694868,-0.717981,-1.562735,0.171497,0.035412,0.073508,0.039099,-0.349437,-0.933253,-1.273048,0.082433,0.034891,-0.033251,0.021064,0.566312,0.823251,-1.394542,0.111599,0.944273,jog
725,6.041667,-0.035849,-0.016395,-0.696261,-0.716705,-1.56315,0.17135,0.03537,0.073913,0.040477,-0.347429,-0.933912,-1.272506,0.082683,0.035395,-0.033675,0.021569,0.565217,0.823972,-1.393669,0.110959,0.94418,jog
726,6.05,-0.035201,-0.014991,-0.697842,-0.715229,-1.563664,0.171222,0.035367,0.074147,0.042601,-0.344774,-0.934783,-1.271751,0.083022,0.036001,-0.034498,0.021717,0.562313,0.825919,-1.392683,0.110221,0.943916,jog
727,6.058333,-0.03433,-0.013812,-0.699924,-0.713258,-1.564297,0.171112,0.035366,0.075807,0.045119,-0.340537,-0.936084,-1.270686,0.083257,0.036444,-0.034203,0.021855,0.561101,0.826752,-1.391642,0.109999,0.943487,jog
728,6.066667,-0.033205,-0.012254,-0.70257,-0.710734,-1.565043,0.170995,0.03537,0.077404,0.049,-0.334537,-0.937919,-1.269563,0.083233,0.036825,-0.03338,0.022182,0.560425,0.827235,-1.390206,0.109748,0.943189,jog
729,6.075,-0.032965,-0.010966,-0.704942,-0.708414,-1.565712,0.170841,0.035327,0.078692,0.053844,-0.326148,-0.940498,-1.268275,0.082763,0.037291,-0.032366,0.02269,0.55979,0.827691,-1.388914,0.109451,0.943034,jog
730,6.083333,-0.032871,-0.009884,-0.70711,-0.70627,-1.566309,0.170721,0.035327,0.079608,0.056978,-0.315904,-0.943727,-1.266873,0.081861,0.037885,-0.031781,0.022992,0.558831,0.828354,-1.387258,0.109509,0.942532,jog
731,6.091667,-0.032824,-0.008994,-0.708868,-0.70452,-1.566772,0.170623,0.035338,0.080524,0.05974,-0.305037,-0.947048,-1.265558,0.08049,0.038291,-0.030663,0.023151,0.558466,0.828637,-1.385305,0.109431,0.942147,jog
732,6.1,-0.032997,-0.00834,-0.710248,-0.703128,-1.567104,0.170568,0.035402,0.079718,0.060441,-0.294356,-0.950445,-1.264357,0.078822,0.038669,-0.030403,0.023171,0.55786,0.829054,-1.383564,0.109576,0.941769,jog
733,6.108333,-0.033261,-0.007222,-0.710653,-0.702719,-1.567077,0.170521,0.035534,0.073563,0.058115,-0.285766,-0.953703,-1.263306,0.07675,0.039219,-0.032883,0.025046,0.557752,0.828978,-1.381249,0.109119,0.941233,jog
734,6.116667,-0.033436,-0.005901,-0.710606,-0.70277,-1.566979,0.170473,0.035697,0.070649,0.057677,-0.276216,-0.956759,-1.262363,0.074578,0.039464,-0.035189,0.026636,0.557521,0.828989,-1.378844,0.108953,0.94089,jog
735,6.125,-0.034081,-0.005774,-0.710474,-0.702874,-1.566833,0.170448,0.035813,0.070123,0.056891,-0.266901,-0.959484,-1.261648,0.072347,0.039595,-0.037114,0.028606,0.557575,0.828803,-1.376431,0.108859,0.94074,jog
736,6.133333,-0.03468,-0.005465,-0.710078,-0.703247,-1.566653,0.170424,0.035877,0.068208,0.056182,-0.259061,-0.96181,-1.260975,0.070403,0.039702,-0.03867,0.029183,0.557257,0.828926,-1.373979,0.109036,0.94049,jog
737,6.141667,-0.035297,-0.005697,-0.709745,-0.70355,-1.566546,0.170415,0.035934,0.069449,0.055788,-0.251758,-0.963682,-1.260212,0.0684,0.039439,-0.038597,0.027478,0.556426,0.829545,-1.371454,0.110043,0.939807,jog
738,6.15,-0.035842,-0.006318,-0.709599,-0.703665,-1.566476,0.170422,0.035963,0.071674,0.05377,-0.245258,-0.965308,-1.259488,0.066403,0.039022,-0.039892,0.025971,0.555881,0.829898,-1.368831,0.110494,0.939702,jog
739,6.158333,-0.036382,-0.007269,-0.709529,-0.703699,-1.566451,0.170429,0.035979,0.074065,0.050915,-0.240156,-0.966565,-1.258785,0.064673,0.038428,-0.040327,0.025244,0.55514,0.830395,-1.366213,0.110879,0.939783,jog
740,6.166667,-0.03712,-0.00837,-0.710997,-0.702164,-1.567049,0.170601,0.035309,0.076326,0.047755,-0.236337,-0.967491,-1.258167,0.06324,0.037872,-0.041959,0.024494,0.554663,0.830655,-1.36288,0.111577,0.940348,jog
741,6.175,-0.037105,-0.0092,-0.711095,-0.702056,-1.566912,0.170528,0.035186,0.080402,0.043774,-0.233055,-0.968145,-1.257347,0.062108,0.036898,-0.041385,0.025834,0.553448,0.831454,-1.360062,0.111941,0.940573,jog
742,6.183333,-0.038159,-0.010398,-0.710754,-0.702328,-1.566773,0.170581,0.035164,0.083327,0.040565,-0.231985,-0.968294,-1.256919,0.061308,0.036297,-0.042041,0.024277,0.551336,0.83287,-1.357255,0.112616,0.940593,jog
743,6.191667,-0.039339,-0.012243,-0.710491,-0.702499,-1.566661,0.170653,0.035133,0.084361,0.036373,-0.232426,-0.968266,-1.256433,0.060858,0.035359,-0.042302,0.024443,0.549202,0.83426,-1.354185,0.113532,0.940454,jog
744,6.2,-0.040835,-0.014495,-0.709946,-0.702922,-1.566507,0.170703,0.03513,0.084853,0.032096,-0.233454,-0.968127,-1.255981,0.060848,0.034477,-0.041577,0.024303,0.547717,0.835276,-1.350816,0.114234,0.940409,jog
745,6.208333,-0.042318,-0.01731,-0.709448,-0.703273,-1.566385,0.170699,0.03516,0.079106,0.025006,-0.233611,-0.968784,-1.255657,0.062186,0.034107,-0.041086,0.024427,0.54503,0.837053,-1.347624,0.114891,0.940449,jog
746,6.216667,-0.045355,-0.021818,-0.70847,-0.703944,-1.566121,0.170533,0.035387,0.078592,0.023373,-0.234108,-0.968747,-1.2553,0.062635,0.033625,-0.041103,0.023809,0.542762,0.838542,-1.344399,0.115751,0.940546,jog
747,6.225,-0.047664,-0.026242,-0.707855,-0.704259,-1.56572,0.170221,0.035555,0.078139,0.022927,-0.233989,-0.968823,-1.255145,0.062891,0.033277,-0.038587,0.02415,0.54123,0.839641,-1.340737,0.116506,0.9405,jog
748,6.233333,-0.048791,-0.030243,-0.707997,-0.703878,-1.565412,0.169978,0.035781,0.076454,0.023117,-0.233203,-0.969142,-1.255092,0.062733,0.032842,-0.037075,0.023453,0.539389,0.840913,-1.337288,0.117154,0.94055,jog
749,6.241667,-0.050443,-0.033422,-0.707738,-0.703879,-1.565091,0.169719,0.03586,0.074941,0.02498,-0.234204,-0.968973,-1.255252,0.062883,0.03252,-0.035678,0.022537,0.537538,0.842183,-1.334002,0.117764,0.9407,jog
750,6.25,-0.051661,-0.037395,-0.707582,-0.703747,-1.564682,0.169561,0.035974,0.073603,0.026074,-0.235042,-0.968844,-1.25544,0.063069,0.032199,-0.034341,0.021345,0.535128,0.843803,-1.330608,0.118567,0.940575,jog
751,6.258333,-0.053496,-0.042792,-0.707403,-0.703483,-1.564172,0.169553,0.036199,0.072759,0.027415,-0.235318,-0.968803,-1.255571,0.063135,0.031894,-0.029419,0.024121,0.531462,0.846228,-1.326899,0.118664,0.939234,jog
752,6.266667,-0.053519,-0.047447,-0.707401,-0.703184,-1.563548,0.170054,0.036744,0.072674,0.029155,-0.23582,-0.968637,-1.255705,0.063148,0.031618,-0.026377,0.022965,0.528963,0.847924,-1.323681,0.119149,0.93871,jog
753,6.275,-0.054525,-0.051246,-0.707246,-0.702996,-1.562727,0.170255,0.036989,0.072885,0.030437,-0.23638,-0.968445,-1.255909,0.063153,0.031372,-0.024309,0.023039,0.526303,0.849637,-1.320253,0.119718,0.937996,jog
754,6.283333,-0.055796,-0.056646,-0.707068,-0.702662,-1.561736,0.170649,0.037403,0.073874,0.03159,-0.236598,-0.96828,-1.256137,0.063104,0.031196,-0.025939,0.020089,0.525199,0.850347,-1.317088,0.12081,0.937713,jog
755,6.291667,-0.05753,-0.063505,-0.708032,-0.700963,-1.560922,0.171127,0.038024,0.074443,0.03261,-0.236842,-0.968143,-1.256348,0.06299,0.03105,-0.025855,0.018863,0.524426,0.850854,-1.313768,0.121486,0.9369,jog
756,6.3,-0.057321,-0.070751,-0.710369,-0.697914,-1.560162,0.172091,0.039081,0.074386,0.033301,-0.23715,-0.968048,-1.256495,0.0628,0.030916,-0.025604,0.018776,0.523678,0.851325,-1.310479,0.122198,0.936069,jog
757,6.308333,-0.054088,-0.07749,-0.714536,-0.693187,-1.558929,0.173398,0.040706,0.074218,0.033584,-0.237293,-0.968016,-1.256599,0.062589,0.030846,-0.027825,0.015813,0.523923,0.851164,-1.307337,0.123202,0.93503,jog
758,6.316667,-0.050086,-0.087256,-0.719488,-0.687179,-1.556702,0.174926,0.042573,0.073887,0.033832,-0.237601,-0.967958,-1.256667,0.062339,0.030769,-0.027928,0.015232,0.524665,0.850714,-1.304251,0.123886,0.934058,jog
759,6.325,-0.049304,-0.104834,-0.726135,-0.677722,-1.554451,0.176199,0.043878,0.071842,0.033316,-0.238014,-0.968028,-1.256672,0.06229,0.030633,-0.029168,0.014433,0.525635,0.850087,-1.301116,0.124894,0.933083,jog
760,6.333333,-0.053315,-0.122768,-0.729046,-0.671251,-1.550776,0.177895,0.046202,0.071359,0.033253,-0.237982,-0.968074,-1.2567,0.06213,0.030601,-0.028954,0.01362,0.526971,0.849281,-1.298261,0.125795,0.932079,jog
761,6.341667,-0.05225,-0.134507,-0.728555,-0.669616,-1.545288,0.179616,0.049065,0.07074,0.033134,-0.238062,-0.968104,-1.256729,0.062018,0.030579,-0.028779,0.012352,0.527869,0.848748,-1.295359,0.126789,0.931124,jog
762,6.35,-0.036935,-0.146754,-0.734203,-0.66185,-1.538682,0.180406,0.051841,0.068718,0.032156,-0.238206,-0.968247,-1.256773,0.061985,0.03066,-0.025136,0.00907,0.529244,0.848049,-1.292906,0.127847,0.930821,jog
763,6.358333,-0.028934,-0.153158,-0.734611,-0.660343,-1.531278,0.182245,0.054744,0.067054,0.031586,-0.23856,-0.968295,-1.256793,0.061847,0.030685,-0.02334,0.005598,0.530057,0.847622,-1.290345,0.129309,0.929969,jog
764,6.366667,-0.016486,-0.154073,-0.734994,-0.660132,-1.522106,0.184183,0.057366,0.065216,0.030889,-0.238879,-0.968364,-1.256798,0.061694,0.030698,-0.024872,0.007072,0.530351,0.847384,-1.287436,0.13084,0.929386,jog
765,6.375,-0.006396,-0.154098,-0.731755,-0.663888,-1.512376,0.186799,0.060014,0.063796,0.03032,-0.239001,-0.968447,-1.25681,0.061579,0.03072,-0.022355,0.008409,0.530447,0.847382,-1.284813,0.13228,0.929274,jog
766,6.383333,0.006161,-0.147729,-0.723595,-0.674202,-1.500459,0.189833,0.0628,0.062711,0.029973,-0.238894,-0.968555,-1.256794,0.061482,0.030728,-0.024841,0.00486,0.530116,0.847547,-1.282569,0.134128,0.929554,jog
767,6.391667,0.009101,-0.144948,-0.712051,-0.686943,-1.487915,0.193207,0.064505,0.061775,0.029673,-0.238743,-0.968662,-1.256776,0.061395,0.030717,-0.023954,0.004459,0.529868,0.84773,-1.280011,0.136022,0.92969,jog
768,6.4,0.025406,-0.141791,-0.707863,-0.691505,-1.475283,0.198052,0.066402,0.060981,0.029445,-0.238659,-0.96874,-1.256745,0.061286,0.030708,-0.022027,0.006941,0.52939,0.848064,-1.277787,0.137653,0.930479,jog
769,6.408333,0.029015,-0.138125,-0.699365,-0.700691,-1.462678,0.202915,0.067617,0.060223,0.029059,-0.23864,-0.968803,-1.256708,0.061171,0.030704,-0.0213,0.007993,0.5284,0.84869,-1.275468,0.139581,0.930877,jog
770,6.416667,0.047468,-0.125355,-0.695663,-0.705752,-1.448933,0.20922,0.069413,0.059553,0.028607,-0.238613,-0.968865,-1.256662,0.061047,0.030718,-0.018726,0.009331,0.52662,0.849844,-1.272888,0.141945,0.931212,jog
771,6.425,0.054093,-0.113146,-0.69109,-0.711805,-1.435013,0.216788,0.069696,0.059047,0.028655,-0.238541,-0.968912,-1.25663,0.060917,0.030694,-0.016185,0.014664,0.52474,0.850982,-1.270379,0.143433,0.931422,jog
772,6.433333,0.059512,-0.103695,-0.687589,-0.71619,-1.42075,0.224453,0.070147,0.058401,0.028347,-0.238325,-0.969013,-1.256586,0.060841,0.030692,-0.015541,0.015502,0.523733,0.8516,-1.268175,0.145641,0.932249,jog
773,6.441667,0.080761,-0.086141,-0.688984,-0.715093,-1.405287,0.233069,0.070764,0.05806,0.028142,-0.237914,-0.969141,-1.256534,0.060759,0.030678,-0.014173,0.016785,0.521889,0.852731,-1.265887,0.147897,0.932503,jog
774,6.45,0.081571,-0.073582,-0.687303,-0.718016,-1.390984,0.24273,0.070498,0.058885,0.028124,-0.236486,-0.969441,-1.25648,0.060694,0.030586,-0.01244,0.020205,0.520055,0.853803,-1.263344,0.150283,0.932823,jog
775,6.458333,0.085868,-0.060306,-0.688377,-0.717724,-1.376526,0.252914,0.06977,0.066772,0.030531,-0.233858,-0.969495,-1.256589,0.06055,0.030557,-0.012246,0.021419,0.518108,0.85496,-1.26082,0.15281,0.932821,jog
776,6.466667,0.088376,-0.049148,-0.689539,-0.717154,-1.362531,0.264097,0.068988,0.068164,0.031136,-0.233537,-0.969456,-1.256614,0.060557,0.030478,-0.00896,0.024284,0.517072,0.855551,-1.258692,0.154784,0.933366,jog
777,6.475,0.089683,-0.041904,-0.69123,-0.715823,-1.348122,0.276775,0.068474,0.070801,0.032394,-0.233529,-0.969228,-1.256637,0.060649,0.030244,-0.008477,0.025775,0.515547,0.856432,-1.256332,0.15734,0.933404,jog
778,6.483333,0.087812,-0.028554,-0.693141,-0.714863,-1.334532,0.289935,0.067272,0.072396,0.031317,-0.234661,-0.968872,-1.256674,0.060415,0.030328,-0.007471,0.027897,0.513718,0.857473,-1.254011,0.159792,0.933735,jog
779,6.491667,0.084945,-0.022109,-0.693717,-0.714879,-1.320961,0.304312,0.066825,0.074629,0.031824,-0.23446,-0.968734,-1.256682,0.060351,0.030238,-0.004863,0.027814,0.512232,0.858383,-1.251593,0.162304,0.933749,jog
780,6.5,0.082645,-0.011655,-0.698042,-0.711176,-1.30763,0.318387,0.066132,0.07434,0.030232,-0.233691,-0.968993,-1.256641,0.060408,0.030434,-0.002962,0.028819,0.51068,0.859283,-1.248937,0.164846,0.933327,jog
781,6.508333,0.079104,-0.003027,-0.703201,-0.706571,-1.294745,0.332558,0.065431,0.075057,0.029706,-0.233445,-0.969014,-1.256648,0.060355,0.030493,0.00215,0.034342,0.50739,0.861029,-1.245885,0.166869,0.932091,jog
782,6.516667,0.068652,0.001319,-0.707391,-0.70348,-1.282246,0.347232,0.065474,0.073676,0.028165,-0.234178,-0.968989,-1.256528,0.060731,0.030515,0.00333,0.034006,0.50584,0.86195,-1.243267,0.169559,0.932093,jog
783,6.525,0.049865,0.014033,-0.710863,-0.701421,-1.27073,0.363138,0.064401,0.072534,0.027758,-0.23419,-0.969084,-1.256521,0.060894,0.030503,0.004876,0.034441,0.503775,0.863135,-1.240436,0.172307,0.931326,jog
784,6.533333,0.041383,0.026072,-0.715486,-0.696913,-1.258739,0.377935,0.06353,0.072891,0.028159,-0.233576,-0.969194,-1.256517,0.060948,0.030549,0.006504,0.034055,0.502238,0.864034,-1.237417,0.175169,0.930922,jog
785,6.541667,0.037116,0.040254,-0.721075,-0.69069,-1.247188,0.393037,0.062192,0.073439,0.028258,-0.232682,-0.969364,-1.256501,0.060957,0.030563,0.006768,0.035301,0.500091,0.865226,-1.23434,0.178145,0.93007,jog
786,6.55,0.034135,0.054237,-0.722454,-0.688443,-1.234653,0.408743,0.061165,0.073827,0.02853,-0.232166,-0.969451,-1.256541,0.061041,0.030505,0.009457,0.034344,0.498193,0.866334,-1.231118,0.181017,0.929234,jog
787,6.558333,0.028304,0.05779,-0.723889,-0.686909,-1.222179,0.424656,0.06062,0.076031,0.028481,-0.231245,-0.969502,-1.256673,0.061006,0.030328,0.009924,0.033293,0.496495,0.867344,-1.2275,0.18423,0.928789,jog
788,6.566667,0.027992,0.069695,-0.724301,-0.685381,-1.210527,0.440485,0.05992,0.075965,0.028823,-0.230352,-0.96971,-1.256607,0.061057,0.030356,0.008708,0.035534,0.494465,0.868427,-1.22403,0.187582,0.927262,jog
789,6.575,0.029915,0.086525,-0.723243,-0.684498,-1.199498,0.456582,0.059232,0.074253,0.028856,-0.23005,-0.969913,-1.25666,0.06117,0.030501,0.007098,0.034645,0.492935,0.869347,-1.220585,0.191129,0.926232,jog
790,6.583333,0.024124,0.082655,-0.723596,-0.684832,-1.187566,0.472073,0.059191,0.077666,0.028353,-0.228222,-0.970092,-1.25663,0.061084,0.030294,0.004059,0.031692,0.491066,0.870536,-1.217636,0.195131,0.924816,jog
791,6.591667,0.023384,0.085848,-0.721097,-0.687097,-1.175972,0.487718,0.058776,0.079199,0.028183,-0.227085,-0.97024,-1.256644,0.061044,0.030214,0.00507,0.032066,0.488161,0.87215,-1.214086,0.19896,0.92329,jog
792,6.6,0.027163,0.100044,-0.717022,-0.689299,-1.164799,0.502788,0.05853,0.080887,0.028154,-0.22573,-0.970418,-1.256618,0.061106,0.030203,0.004219,0.034868,0.485752,0.873391,-1.210342,0.20253,0.921671,jog
793,6.608333,0.030997,0.104103,-0.709881,-0.695896,-1.153873,0.518779,0.05859,0.08249,0.027914,-0.224431,-0.970591,-1.256614,0.061162,0.03018,-0.000692,0.030605,0.484453,0.874281,-1.206494,0.207022,0.920602,jog
794,6.616667,0.030264,0.10787,-0.708087,-0.697181,-1.143437,0.532941,0.059535,0.083867,0.027091,-0.223288,-0.97076,-1.256577,0.06121,0.030182,0.0003,0.032081,0.482114,0.875521,-1.202504,0.210703,0.919322,jog
795,6.625,0.035454,0.116276,-0.698952,-0.704762,-1.132296,0.547173,0.060004,0.085006,0.026258,-0.221996,-0.97098,-1.25662,0.061247,0.030221,-0.000171,0.034295,0.478832,0.877237,-1.19832,0.214773,0.91719,jog
796,6.633333,0.038068,0.12567,-0.688125,-0.713612,-1.122353,0.56129,0.060445,0.086004,0.02541,-0.220655,-0.97122,-1.256579,0.061352,0.030305,-0.000553,0.037051,0.475607,0.878877,-1.194044,0.218699,0.91579,jog
797,6.641667,0.040464,0.135974,-0.673298,-0.725633,-1.112384,0.574919,0.061223,0.086769,0.023812,-0.219278,-0.971505,-1.25657,0.061464,0.030419,-0.002471,0.039714,0.472604,0.880376,-1.189799,0.222952,0.914186,jog
798,6.65,0.038837,0.14997,-0.656869,-0.737919,-1.102123,0.587885,0.062535,0.087399,0.022087,-0.217933,-0.971792,-1.256558,0.061623,0.030531,-0.00294,0.041015,0.469377,0.88204,-1.185545,0.227102,0.912536,jog
799,6.658333,0.033866,0.157153,-0.641749,-0.749876,-1.092802,0.599653,0.063875,0.088031,0.019993,-0.216397,-0.972123,-1.256584,0.061894,0.030622,-0.004587,0.044169,0.465306,0.884035,-1.181205,0.231572,0.910814,jog
800,6.666667,0.027785,0.162958,-0.626424,-0.761751,-1.084034,0.610919,0.065566,0.088602,0.017695,-0.214832,-0.972463,-1.256619,0.062182,0.03076,-0.008273,0.045407,0.461079,0.886158,-1.17662,0.236587,0.909086,jog
801,6.675,0.011183,0.175597,-0.60732,-0.774728,-1.075755,0.622963,0.06909,0.087553,0.014708,-0.213076,-0.972994,-1.256636,0.062552,0.030789,-0.012493,0.039962,0.456299,0.888841,-1.172521,0.242184,0.906722,jog
802,6.683333,-0.000554,0.175926,-0.589262,-0.788556,-1.066898,0.63279,0.071407,0.086401,0.009175,-0.21078,-0.973664,-1.256658,0.062903,0.031172,-0.012331,0.044103,0.451303,0.891195,-1.1683,0.247616,0.90492,jog
803,6.691667,-0.011505,0.176491,-0.575001,-0.798807,-1.058426,0.642201,0.073393,0.090073,0.00747,-0.209899,-0.973537,-1.256631,0.063106,0.031353,-0.01078,0.052067,0.447455,0.892725,-1.164727,0.252159,0.90425,jog
804,6.7,-0.02176,0.176087,-0.560544,-0.808895,-1.04999,0.650299,0.075066,0.091097,0.004177,-0.208563,-0.973748,-1.256624,0.063329,0.031665,-0.012664,0.056522,0.442053,0.895117,-1.160703,0.257481,0.903566,jog
805,6.708333,-0.035251,0.172083,-0.547264,-0.81832,-1.043131,0.65737,0.076325,0.092838,-0.000552,-0.208137,-0.973684,-1.25653,0.063476,0.032115,-0.01056,0.056762,0.436558,0.897822,-1.156447,0.262909,0.902419,jog
806,6.716667,-0.044166,0.168244,-0.535057,-0.826715,-1.036115,0.663147,0.077225,0.094518,-0.005741,-0.207676,-0.973604,-1.256395,0.063647,0.032637,-0.010984,0.055583,0.432011,0.900087,-1.15163,0.268894,0.901376,jog
807,6.725,-0.050206,0.163598,-0.522196,-0.83548,-1.029948,0.667855,0.07761,0.096847,-0.011108,-0.207393,-0.973389,-1.25625,0.063798,0.033455,-0.010078,0.057604,0.426809,0.902449,-1.146928,0.274826,0.900685,jog
808,6.733333,-0.056121,0.156236,-0.513378,-0.841953,-1.024444,0.670379,0.076704,0.098092,-0.018265,-0.207075,-0.973224,-1.255997,0.064016,0.034348,-0.010907,0.057656,0.421339,0.905003,-1.142276,0.281847,0.898756,jog
809,6.741667,-0.062236,0.144425,-0.5021,-0.850391,-1.020092,0.671358,0.074928,0.101373,-0.024043,-0.207033,-0.972771,-1.255717,0.064283,0.035275,-0.010433,0.061834,0.4174,0.906557,-1.137407,0.288267,0.898323,jog
810,6.75,-0.072189,0.127926,-0.493676,-0.857151,-1.016541,0.671451,0.072009,0.102246,-0.032521,-0.206814,-0.97248,-1.255368,0.064563,0.036464,-0.008404,0.059054,0.412146,0.909163,-1.132519,0.294827,0.897848,jog
811,6.758333,-0.073237,0.109059,-0.484621,-0.864803,-1.013041,0.671217,0.068404,0.10401,-0.041827,-0.206831,-0.971933,-1.254957,0.064875,0.037843,-0.016053,0.060998,0.406511,0.911466,-1.127361,0.303133,0.895116,jog
812,6.766667,-0.071247,0.088104,-0.479499,-0.870197,-1.009978,0.671193,0.064506,0.105958,-0.052519,-0.206833,-0.971203,-1.254448,0.065261,0.039375,-0.047133,0.068573,0.404832,0.910597,-1.123926,0.311163,0.89049,jog
813,6.775,-0.066491,0.07197,-0.476792,-0.873538,-1.007248,0.671116,0.060645,0.110054,-0.061417,-0.207325,-0.97012,-1.253847,0.065622,0.04099,-0.049187,0.068604,0.40218,0.911661,-1.119137,0.318532,0.88947,jog
814,6.783333,-0.065586,0.059962,-0.475362,-0.875291,-1.004779,0.671848,0.05782,0.113893,-0.072128,-0.206961,-0.969017,-1.25324,0.066214,0.042868,-0.041231,0.065845,0.400736,0.912894,-1.114835,0.325374,0.889963,jog
815,6.791667,-0.059307,0.053052,-0.476994,-0.875297,-1.002863,0.672603,0.055287,0.114805,-0.084547,-0.205158,-0.968288,-1.252642,0.067047,0.045325,-0.045595,0.065015,0.400408,0.91289,-1.110952,0.332951,0.888564,jog
816,6.8,-0.051206,0.048894,-0.480433,-0.874169,-1.002094,0.673029,0.052951,0.117531,-0.100986,-0.203683,-0.966696,-1.252017,0.067953,0.047609,-0.043162,0.066896,0.399392,0.913317,-1.106796,0.34062,0.889685,jog
817,6.808333,-0.04132,0.044947,-0.483792,-0.873051,-1.00218,0.673629,0.050697,0.121263,-0.113932,-0.201227,-0.965309,-1.251326,0.069024,0.050304,-0.039425,0.068875,0.398731,0.913628,-1.102337,0.348358,0.891602,jog
818,6.816667,-0.032326,0.039538,-0.48586,-0.872544,-1.002012,0.67435,0.048104,0.127953,-0.131558,-0.199729,-0.962512,-1.250614,0.07009,0.052654,-0.047531,0.070634,0.399023,0.91298,-1.097858,0.356695,0.892253,jog
819,6.825,-0.023727,0.03799,-0.492244,-0.869304,-1.00274,0.675355,0.046651,0.137934,-0.147693,-0.197813,-0.959183,-1.249985,0.071419,0.055119,-0.045156,0.07304,0.399314,0.912784,-1.093214,0.364395,0.894256,jog
820,6.833333,-0.015781,0.037732,-0.496654,-0.866984,-1.002928,0.67604,0.045803,0.141324,-0.168847,-0.193332,-0.956107,-1.249213,0.073268,0.058089,-0.039171,0.077951,0.401317,0.911775,-1.090042,0.371372,0.89576,jog
821,6.841667,-0.013415,0.036676,-0.498923,-0.865766,-1.003268,0.676476,0.045394,0.143191,-0.191546,-0.18813,-0.952582,-1.248244,0.075602,0.061355,-0.03637,0.078327,0.403008,0.911113,-1.085323,0.378961,0.898268,jog
822,6.85,-0.014368,0.031281,-0.499474,-0.865645,-1.003595,0.676811,0.044804,0.148761,-0.212404,-0.183039,-0.948289,-1.246718,0.077912,0.064729,-0.034115,0.078611,0.405254,0.910179,-1.080639,0.386447,0.901392,jog
823,6.858333,-0.015178,0.026721,-0.495261,-0.868201,-1.002768,0.676331,0.044261,0.152759,-0.235772,-0.176802,-0.943301,-1.244675,0.080251,0.068392,-0.032157,0.078748,0.409529,0.908323,-1.076451,0.393026,0.904541,jog
824,6.866667,-0.014324,0.022484,-0.491869,-0.870261,-1.002239,0.676039,0.043902,0.159822,-0.259956,-0.172209,-0.936602,-1.242449,0.082744,0.072304,-0.037067,0.078773,0.412603,0.906741,-1.071917,0.400171,0.906446,jog
825,6.875,-0.015614,0.020169,-0.490482,-0.871078,-1.002036,0.676012,0.04387,0.17283,-0.282863,-0.168072,-0.92837,-1.23973,0.08566,0.076924,-0.026155,0.07738,0.415471,0.905932,-1.068032,0.406416,0.910879,jog
826,6.883333,-0.018242,0.017138,-0.491146,-0.870718,-1.002175,0.676289,0.043891,0.186685,-0.304526,-0.165146,-0.919315,-1.236645,0.088788,0.081957,-0.031651,0.077577,0.417734,0.904698,-1.063426,0.413244,0.912798,jog
827,6.891667,-0.019677,0.014072,-0.492288,-0.870096,-1.002313,0.676509,0.04391,0.204547,-0.326191,-0.162216,-0.908541,-1.23278,0.092342,0.087202,-0.02974,0.075821,0.419245,0.904213,-1.058517,0.420057,0.915698,jog
828,6.9,-0.022493,0.009639,-0.491492,-0.870538,-1.002062,0.676442,0.043622,0.229473,-0.34706,-0.164125,-0.894402,-1.228962,0.096409,0.092239,-0.028098,0.074503,0.420797,0.903654,-1.053949,0.426842,0.917894,jog
829,6.908333,-0.024923,0.006052,-0.490154,-0.871259,-1.001719,0.676414,0.043368,0.252784,-0.35949,-0.166592,-0.882674,-1.224154,0.101583,0.098433,-0.022364,0.074103,0.418862,0.904745,-1.048926,0.434199,0.921229,jog
830,6.916667,-0.027216,0.004011,-0.489545,-0.871544,-1.001486,0.676482,0.04327,0.264178,-0.377885,-0.165049,-0.871879,-1.218966,0.10771,0.105157,-0.023972,0.071016,0.420751,0.904075,-1.04412,0.441575,0.923863,jog
831,6.925,-0.028727,0.001728,-0.489346,-0.871615,-1.001533,0.676698,0.043245,0.272087,-0.39349,-0.163287,-0.862828,-1.21294,0.114931,0.112192,-0.026412,0.071321,0.420269,0.904207,-1.039624,0.447949,0.925076,jog
832,6.933333,-0.028526,0.000872,-0.490077,-0.871212,-1.001627,0.676746,0.043036,0.283004,-0.398358,-0.158825,-0.857901,-1.205807,0.123381,0.120756,-0.023974,0.069076,0.418669,0.90519,-1.034658,0.454996,0.927438,jog
833,6.941667,-0.029887,0.000504,-0.490519,-0.870918,-1.001695,0.676813,0.043078,0.297427,-0.405325,-0.159582,-0.849578,-1.198439,0.132312,0.12769,0.003831,0.053918,0.415185,0.90813,-1.028996,0.462829,0.934869,jog
834,6.95,-0.033204,-0.002094,-0.489233,-0.871518,-1.001832,0.677044,0.043416,0.323555,-0.409683,-0.165381,-0.836732,-1.189835,0.142135,0.13347,0.015818,0.048087,0.413902,0.908913,-1.024461,0.469683,0.938384,jog
835,6.958333,-0.03365,-0.002676,-0.488904,-0.871684,-1.001908,0.677124,0.043478,0.315667,-0.412982,-0.157102,-0.839714,-1.179665,0.154552,0.139118,0.014422,0.051178,0.412683,0.909321,-1.020134,0.476166,0.938759,jog
836,6.966667,-0.032484,-0.003259,-0.488973,-0.871688,-1.002062,0.677219,0.043449,0.315572,-0.409556,-0.15646,-0.841545,-1.16953,0.167258,0.143392,0.011589,0.053557,0.411624,0.909705,-1.015988,0.482692,0.938623,jog
837,6.975,-0.03218,-0.003292,-0.48885,-0.871768,-1.002178,0.677284,0.043517,0.310134,-0.401034,-0.152617,-0.848349,-1.158974,0.181046,0.146295,0.012292,0.055574,0.411466,0.909646,-1.010908,0.489685,0.939808,jog
838,6.983333,-0.032187,-0.003355,-0.488526,-0.871949,-1.002228,0.677304,0.043549,0.315943,-0.384291,-0.158059,-0.852947,-1.147218,0.194703,0.148094,0.01254,0.05373,0.410768,0.910069,-1.006395,0.496714,0.941254,jog
839,6.991667,-0.031413,-0.003516,-0.488445,-0.872022,-1.002263,0.6773,0.043487,0.309516,-0.379029,-0.159744,-0.857332,-1.134669,0.210141,0.14952,0.012428,0.053127,0.409933,0.910482,-1.001875,0.502904,0.942235,jog
840,7.0,-0.030265,-0.003708,-0.4886,-0.871975,-1.002283,0.677266,0.043355,0.302179,-0.367821,-0.164569,-0.863894,-1.122116,0.226257,0.149101,0.012885,0.049364,0.410342,0.910503,-0.997545,0.509455,0.943745,jog
841,7.008333,-0.03004,-0.003752,-0.488754,-0.871896,-1.002227,0.677178,0.043228,0.287716,-0.365368,-0.164183,-0.869925,-1.108282,0.243855,0.148185,0.013121,0.047427,0.410345,0.910602,-0.993173,0.515699,0.944718,jog
842,7.016667,-0.028391,-0.002097,-0.48962,-0.871471,-1.001939,0.676714,0.04277,0.281574,-0.350525,-0.173632,-0.876185,-1.094324,0.261331,0.146334,0.01233,0.045805,0.409889,0.910901,-0.988701,0.521986,0.94574,jog
843,7.025,-0.028981,-0.002446,-0.489826,-0.871335,-1.001847,0.676648,0.042636,0.270923,-0.339711,-0.178229,-0.882854,-1.079682,0.279792,0.143578,0.012026,0.044164,0.409255,0.911271,-0.983962,0.528344,0.946878,jog
844,7.033333,-0.02909,-0.002768,-0.490001,-0.871232,-1.00177,0.676626,0.042523,0.265318,-0.320967,-0.186549,-0.889823,-1.064224,0.298784,0.140569,0.011041,0.043032,0.408751,0.911564,-0.979367,0.534388,0.947751,jog
845,7.041667,-0.028927,-0.003064,-0.491551,-0.870363,-1.001553,0.676365,0.042316,0.263981,-0.306192,-0.194885,-0.893633,-1.048548,0.317984,0.136462,0.008929,0.042163,0.408303,0.911828,-0.974735,0.540594,0.948531,jog
846,7.05,-0.029575,-0.003567,-0.491888,-0.870149,-1.001423,0.676283,0.042201,0.264267,-0.28827,-0.209172,-0.896276,-1.032859,0.337499,0.131069,0.007024,0.04066,0.407507,0.912269,-0.970034,0.546885,0.949272,jog
847,7.058333,-0.03047,-0.003555,-0.49103,-0.870602,-1.00142,0.676382,0.042096,0.221233,-0.283183,-0.19693,-0.912185,-1.013183,0.359691,0.127474,0.003925,0.040004,0.406037,0.912972,-0.965188,0.552985,0.94979,jog
848,7.066667,-0.030882,-0.003935,-0.49119,-0.870496,-1.001373,0.676382,0.042026,0.202254,-0.270288,-0.194439,-0.920995,-0.995274,0.380746,0.122737,0.002301,0.03817,0.405529,0.913282,-0.960238,0.558993,0.950246,jog
849,7.075,-0.031362,-0.00583,-0.492618,-0.869661,-1.00118,0.67628,0.042056,0.185681,-0.252261,-0.193429,-0.92977,-0.977217,0.401397,0.117624,0.001013,0.03749,0.404988,0.913553,-0.955506,0.565466,0.950576,jog
850,7.083333,-0.031371,-0.006608,-0.492981,-0.869449,-1.001032,0.676287,0.04214,0.176623,-0.235907,-0.191742,-0.936156,-0.958747,0.422522,0.11253,-0.001795,0.034154,0.402475,0.914792,-0.95097,0.570924,0.951456,jog
851,7.091667,-0.032061,-0.007949,-0.493305,-0.869229,-1.000955,0.67633,0.04211,0.166009,-0.217486,-0.1863,-0.943628,-0.939593,0.443416,0.107411,-0.002784,0.032691,0.401447,0.915295,-0.94601,0.576609,0.95196,jog
852,7.1,-0.034596,-0.009954,-0.493254,-0.86914,-1.000984,0.676414,0.042129,0.156238,-0.197585,-0.177675,-0.951305,-0.919672,0.464826,0.101889,-0.004338,0.031598,0.400078,0.915926,-0.940894,0.582506,0.952276,jog
853,7.108333,-0.036337,-0.011068,-0.493276,-0.869043,-1.00088,0.676706,0.042111,0.153973,-0.176984,-0.171544,-0.956839,-0.899574,0.48551,0.096423,-0.005579,0.030229,0.399059,0.91641,-0.936015,0.588084,0.952721,jog
854,7.116667,-0.040525,-0.013108,-0.494789,-0.867969,-1.000497,0.677279,0.042111,0.132141,-0.165286,-0.157809,-0.964529,-0.878167,0.507478,0.091833,-0.006409,0.028314,0.39814,0.916865,-0.93075,0.594036,0.952965,jog
855,7.125,-0.041041,-0.014233,-0.495044,-0.867781,-1.000396,0.677506,0.042387,0.120933,-0.14826,-0.147068,-0.970446,-0.856903,0.528905,0.086949,-0.006683,0.028427,0.39785,0.916986,-0.925538,0.59987,0.952978,jog
856,7.133333,-0.040969,-0.016636,-0.495682,-0.867378,-1.000201,0.677513,0.042705,0.117123,-0.127648,-0.139295,-0.97498,-0.835728,0.549658,0.081899,-0.007356,0.026701,0.397302,0.91727,-0.920748,0.605887,0.953077,jog
857,7.141667,-0.045724,-0.020212,-0.49864,-0.865366,-0.999706,0.67821,0.042367,0.107089,-0.107906,-0.131547,-0.979583,-0.814047,0.571175,0.077406,-0.00809,0.026253,0.39739,0.917238,-0.915738,0.6118,0.95311,jog
858,7.15,-0.04722,-0.022565,-0.498609,-0.865246,-0.99965,0.678048,0.042692,0.093503,-0.089918,-0.12384,-0.983786,-0.792257,0.592848,0.073472,-0.008886,0.025986,0.397347,0.917258,-0.910564,0.617637,0.953053,jog
859,7.158333,-0.048633,-0.024131,-0.497039,-0.866028,-0.999829,0.6776,0.042661,0.081797,-0.070968,-0.117586,-0.98714,-0.770438,0.614186,0.069982,-0.009223,0.025725,0.397064,0.917384,-0.9052,0.623477,0.952875,jog
860,7.166667,-0.047676,-0.024928,-0.497219,-0.865955,-0.999699,0.677655,0.042787,0.070983,-0.048814,-0.114343,-0.989699,-0.748774,0.635597,0.066965,-0.009561,0.025401,0.396942,0.917443,-0.899646,0.629427,0.952517,jog
861,7.175,-0.046275,-0.026259,-0.497464,-0.865852,-0.999556,0.677771,0.042897,0.058811,-0.026192,-0.109227,-0.99193,-0.72691,0.656902,0.064369,-0.009172,0.025226,0.397026,0.917415,-0.893947,0.635287,0.952114,jog
862,7.183333,-0.044583,-0.027284,-0.497698,-0.865774,-0.999519,0.677813,0.042982,0.059879,-0.006905,-0.101101,-0.993049,-0.703994,0.67852,0.061336,-0.00939,0.025551,0.396864,0.917474,-0.888056,0.641139,0.951427,jog
863,7.191667,-0.042217,-0.02856,-0.497423,-0.86601,-0.999347,0.677784,0.043103,0.047358,0.0094,-0.096244,-0.994186,-0.681379,0.700457,0.059386,-0.009145,0.025784,0.396328,0.917701,-0.882064,0.646939,0.950704,jog
864,7.2,-0.041113,-0.03007,-0.497587,-0.865917,-0.999206,0.677608,0.043355,0.035446,0.024456,-0.093398,-0.994697,-0.659407,0.721757,0.058592,-0.010688,0.027505,0.395491,0.917996,-0.875982,0.653091,0.949369,jog
865,7.208333,-0.040142,-0.03166,-0.497758,-0.865808,-0.999109,0.677605,0.043618,0.026105,0.037071,-0.093384,-0.994597,-0.637895,0.741919,0.058787,-0.010346,0.026105,0.395936,0.917849,-0.869417,0.659744,0.948235,jog
866,7.216667,-0.039016,-0.033801,-0.498097,-0.865584,-0.998928,0.677743,0.043803,0.014263,0.050678,-0.093895,-0.994189,-0.616728,0.762046,0.059321,-0.010218,0.02613,0.395916,0.917858,-0.863013,0.665901,0.947055,jog
867,7.225,-0.038162,-0.035845,-0.498458,-0.865331,-0.998753,0.677922,0.044041,0.002347,0.060417,-0.09631,-0.993513,-0.596117,0.781471,0.060478,-0.008738,0.02591,0.396303,0.917713,-0.85657,0.672132,0.946039,jog
868,7.233333,-0.036601,-0.038528,-0.499397,-0.864742,-0.998446,0.678083,0.044398,-0.012321,0.067064,-0.102341,-0.99241,-0.5761,0.800117,0.062108,-0.007732,0.025869,0.397162,0.917351,-0.85008,0.678315,0.944826,jog
869,7.241667,-0.035737,-0.041891,-0.499931,-0.864313,-0.998237,0.678275,0.044779,-0.025562,0.074657,-0.107157,-0.991106,-0.557127,0.817655,0.064187,-0.006044,0.025652,0.397951,0.917028,-0.843508,0.68478,0.943628,jog
870,7.25,-0.034644,-0.0452,-0.500537,-0.86384,-0.998025,0.67843,0.045258,-0.039652,0.082595,-0.112591,-0.989408,-0.539103,0.833975,0.066788,-0.004797,0.025048,0.399229,0.916497,-0.836814,0.691117,0.94221,jog
871,7.258333,-0.034216,-0.048992,-0.501293,-0.863212,-0.997787,0.678504,0.045828,-0.051876,0.094499,-0.117855,-0.987162,-0.522134,0.849138,0.069914,-0.003207,0.024346,0.400834,0.915821,-0.83,0.697564,0.940709,jog
872,7.266667,-0.0321,-0.05273,-0.502073,-0.862619,-0.997574,0.678634,0.046434,-0.063833,0.107055,-0.123845,-0.984442,-0.506516,0.863364,0.073358,-0.002046,0.024618,0.402483,0.915094,-0.823019,0.704082,0.939276,jog
873,7.275,-0.029619,-0.056721,-0.502363,-0.862286,-0.99746,0.678765,0.047045,-0.074852,0.12099,-0.128822,-0.981409,-0.491592,0.877134,0.076632,-0.000995,0.023822,0.402928,0.914921,-0.815405,0.710371,0.937623,jog
874,7.283333,-0.024699,-0.057646,-0.502294,-0.86242,-0.997203,0.679294,0.047357,-0.082324,0.131752,-0.136004,-0.978451,-0.477964,0.889638,0.07986,0.000541,0.02293,0.40655,0.913341,-0.808198,0.717841,0.935903,jog
875,7.291667,-0.0218,-0.062257,-0.502668,-0.861959,-0.997052,0.679373,0.048127,-0.085515,0.140916,-0.14271,-0.975942,-0.465182,0.900648,0.083098,0.002174,0.023968,0.40865,0.912374,-0.800858,0.724012,0.934751,jog
876,7.3,-0.018285,-0.066524,-0.50295,-0.861558,-0.996918,0.67954,0.049062,-0.091103,0.148623,-0.150654,-0.973095,-0.453826,0.911662,0.085474,0.003072,0.022898,0.410422,0.911603,-0.792909,0.730826,0.933367,jog
877,7.308333,-0.012118,-0.07063,-0.503297,-0.861137,-0.996769,0.67984,0.05016,-0.094989,0.156441,-0.15733,-0.970438,-0.443757,0.921673,0.087145,0.004149,0.021685,0.412445,0.910715,-0.78484,0.737526,0.932131,jog
878,7.316667,-0.009201,-0.080979,-0.502449,-0.860757,-0.996343,0.680348,0.051794,-0.105843,0.160377,-0.164396,-0.967497,-0.435351,0.931244,0.08847,0.005519,0.019944,0.41423,0.909937,-0.776414,0.744417,0.930885,jog
879,7.325,-0.003345,-0.087025,-0.501741,-0.860623,-0.996123,0.680569,0.05323,-0.113145,0.163783,-0.170233,-0.965088,-0.427881,0.939503,0.088254,0.006826,0.017992,0.415674,0.90931,-0.767389,0.750654,0.930084,jog
880,7.333333,0.002738,-0.094821,-0.50123,-0.860099,-0.996083,0.681151,0.054365,-0.116677,0.16473,-0.174887,-0.963673,-0.421695,0.946671,0.087083,0.007272,0.015159,0.418162,0.908217,-0.758299,0.757702,0.929139,jog
881,7.341667,0.005334,-0.104757,-0.500197,-0.859535,-0.99564,0.681722,0.055939,-0.122178,0.16161,-0.181715,-0.962255,-0.416874,0.95279,0.085121,0.007071,0.013463,0.420136,0.907334,-0.749398,0.76493,0.928012,jog
882,7.35,0.008987,-0.114811,-0.498836,-0.859011,-0.995409,0.682498,0.057747,-0.121787,0.159234,-0.18576,-0.961928,-0.413429,0.957965,0.082425,0.008727,0.013665,0.421765,0.90656,-0.741074,0.772117,0.926979,jog
883,7.358333,0.015051,-0.124939,-0.498313,-0.857816,-0.994959,0.683237,0.0598,-0.119084,0.138278,-0.195952,-0.963484,-0.411207,0.962017,0.077667,0.009728,0.012248,0.423929,0.90556,-0.732002,0.779438,0.926182,jog
884,7.366667,0.022037,-0.135589,-0.498278,-0.856066,-0.994287,0.684111,0.061975,-0.109062,0.126418,-0.197527,-0.965975,-0.409379,0.964848,0.072765,0.010029,0.010059,0.425157,0.905008,-0.722678,0.786942,0.925223,jog
885,7.375,0.029949,-0.148043,-0.498201,-0.853805,-0.993589,0.685055,0.064405,-0.102295,0.100881,-0.195792,-0.970064,-0.408172,0.967376,0.067413,0.01157,0.007978,0.426183,0.904528,-0.713358,0.793968,0.924562,jog
886,7.383333,0.038138,-0.164505,-0.497813,-0.850686,-0.992783,0.686152,0.066896,-0.092941,0.079698,-0.19073,-0.973977,-0.406683,0.96865,0.062453,0.014241,0.006059,0.427504,0.903881,-0.70389,0.800702,0.924178,jog
887,7.391667,0.054728,-0.178463,-0.498475,-0.846569,-0.991275,0.68703,0.070047,-0.075345,0.055822,-0.187806,-0.97772,-0.404548,0.969496,0.058554,0.014437,-0.000416,0.42857,0.903393,-0.693878,0.808488,0.923642,jog
888,7.4,0.068888,-0.195161,-0.500272,-0.84077,-0.989738,0.688117,0.073667,-0.060005,0.037169,-0.183729,-0.980439,-0.402151,0.970643,0.054639,0.014946,-0.002891,0.429386,0.902993,-0.684525,0.814878,0.923837,jog
889,7.408333,0.084416,-0.213684,-0.50225,-0.833641,-0.987639,0.68927,0.078025,-0.044121,0.02911,-0.181825,-0.981909,-0.400835,0.971461,0.052243,0.013728,-0.006685,0.428837,0.903253,-0.675462,0.821235,0.924006,jog
890,7.416667,0.096173,-0.236356,-0.503547,-0.825425,-0.98523,0.691021,0.082804,-0.028011,0.026802,-0.180022,-0.982898,-0.400511,0.97229,0.050637,0.012252,-0.011074,0.427211,0.904001,-0.666417,0.827255,0.92452,jog
891,7.425,0.117669,-0.2609,-0.506845,-0.813138,-0.982029,0.693232,0.087799,-0.014218,0.028142,-0.181083,-0.982962,-0.400829,0.973275,0.049555,0.009154,-0.01601,0.426247,0.904419,-0.657603,0.833323,0.925546,jog
892,7.433333,0.12955,-0.291955,-0.506566,-0.800856,-0.978357,0.695973,0.093758,-0.001457,0.029446,-0.18537,-0.982227,-0.401317,0.974595,0.048973,0.006417,-0.019913,0.424514,0.90518,-0.649127,0.838864,0.926884,jog
893,7.441667,0.137863,-0.325387,-0.504744,-0.787623,-0.973569,0.699432,0.100292,0.008386,0.029161,-0.188715,-0.981563,-0.401706,0.975671,0.048178,0.003839,-0.021922,0.422319,0.906174,-0.640945,0.843967,0.928537,jog
894,7.45,0.160664,-0.358585,-0.504228,-0.768999,-0.968554,0.702696,0.106081,0.012228,0.026379,-0.189076,-0.981532,-0.401716,0.975972,0.047491,-0.000208,-0.027461,0.419019,0.907562,-0.633147,0.849283,0.930062,jog
895,7.458333,0.178328,-0.37943,-0.508646,-0.752004,-0.962992,0.707183,0.114029,0.014693,0.023214,-0.188473,-0.981694,-0.401696,0.975971,0.046842,-0.001996,-0.029053,0.416123,0.908842,-0.625407,0.854018,0.932048,jog
896,7.466667,0.195542,-0.393631,-0.515467,-0.735603,-0.956989,0.712728,0.122655,0.016888,0.019713,-0.187845,-0.981856,-0.401655,0.97582,0.046428,-0.004518,-0.028312,0.412292,0.910601,-0.6182,0.85803,0.934383,jog
897,7.475,0.209594,-0.404803,-0.522226,-0.720753,-0.949908,0.718704,0.132134,0.01712,0.01685,-0.186506,-0.98216,-0.401663,0.975795,0.046074,-0.007695,-0.029042,0.41044,0.911393,-0.610309,0.862564,0.935994,jog
898,7.483333,0.213327,-0.415683,-0.521331,-0.714082,-0.940431,0.726453,0.142142,0.018574,0.015684,-0.186423,-0.982169,-0.401445,0.975746,0.045969,-0.008872,-0.029791,0.408619,0.912176,-0.602642,0.867202,0.937321,jog
899,7.491667,0.216928,-0.430673,-0.521422,-0.703976,-0.931715,0.733887,0.15166,0.018626,0.01546,-0.187223,-0.982019,-0.401367,0.975842,0.045865,-0.00773,-0.029299,0.407455,0.912723,-0.595461,0.871782,0.938849,jog
900,7.5,0.218021,-0.441217,-0.513896,-0.702641,-0.921112,0.742213,0.159975,0.019165,0.015293,-0.188064,-0.981851,-0.401413,0.975915,0.045755,-0.005956,-0.028784,0.405844,0.913469,-0.588083,0.876361,0.940071,jog
901,7.508333,0.216403,-0.449709,-0.502919,-0.705694,-0.908359,0.751431,0.167724,0.019928,0.014636,-0.188321,-0.981796,-0.401498,0.975902,0.045638,-0.004321,-0.028385,0.404091,0.914268,-0.580904,0.880908,0.941387,jog
902,7.516667,0.199683,-0.459304,-0.482155,-0.718813,-0.893643,0.762876,0.175317,0.020396,0.013456,-0.188149,-0.981836,-0.401581,0.975868,0.045548,-0.003127,-0.027878,0.401719,0.915333,-0.573936,0.885597,0.942788,jog
903,7.525,0.201581,-0.457125,-0.475138,-0.724324,-0.879487,0.77357,0.181264,0.021405,0.013254,-0.188239,-0.981801,-0.40166,0.975883,0.045445,-0.000192,-0.027722,0.398977,0.916542,-0.566774,0.890164,0.94419,jog
904,7.533333,0.205664,-0.451398,-0.470718,-0.729635,-0.864933,0.784807,0.186062,0.021873,0.012986,-0.188208,-0.9818,-0.40165,0.975924,0.04542,0.002953,-0.027642,0.396382,0.917665,-0.559828,0.894707,0.945547,jog
905,7.541667,0.208702,-0.441867,-0.467128,-0.736877,-0.848628,0.797107,0.190212,0.023158,0.013022,-0.18862,-0.981691,-0.40164,0.976004,0.045394,0.00594,-0.027419,0.393144,0.919049,-0.552998,0.899439,0.946811,jog
906,7.55,0.210557,-0.435345,-0.464422,-0.741924,-0.8327,0.809285,0.193494,0.024581,0.012939,-0.188694,-0.981643,-0.40167,0.976123,0.045352,0.00929,-0.027993,0.389701,0.920469,-0.546114,0.904241,0.947938,jog
907,7.558333,0.209837,-0.429757,-0.461006,-0.747496,-0.816502,0.821609,0.195979,0.02625,0.01292,-0.188551,-0.981627,-0.401738,0.976271,0.045282,0.012348,-0.027316,0.38643,0.921831,-0.539613,0.90893,0.949161,jog
908,7.566667,0.209484,-0.421641,-0.459302,-0.753244,-0.799928,0.834501,0.197363,0.028308,0.01305,-0.188405,-0.981597,-0.401801,0.976443,0.045202,0.013847,-0.027262,0.383551,0.923013,-0.533366,0.913763,0.950038,jog
909,7.575,0.208597,-0.412744,-0.458838,-0.758681,-0.783027,0.847835,0.197996,0.030569,0.013336,-0.188316,-0.981542,-0.401849,0.97664,0.04511,0.017549,-0.026511,0.379644,0.924586,-0.526912,0.918545,0.950865,jog
910,7.583333,0.208071,-0.403313,-0.459652,-0.76339,-0.76602,0.861346,0.197632,0.03254,0.013747,-0.18852,-0.981434,-0.401969,0.976902,0.044995,0.020598,-0.027343,0.376327,0.925854,-0.520319,0.923425,0.951603,jog
911,7.591667,0.207824,-0.392056,-0.460963,-0.768514,-0.748729,0.87513,0.196135,0.033145,0.01431,-0.188869,-0.981338,-0.402074,0.977151,0.044938,0.021704,-0.028465,0.372191,0.927466,-0.513523,0.928381,0.952295,jog
912,7.6,0.20655,-0.379194,-0.463019,-0.774056,-0.731175,0.889281,0.193851,0.037471,0.014291,-0.187606,-0.981425,-0.402018,0.977255,0.04481,0.02359,-0.029293,0.369231,0.928576,-0.507044,0.933228,0.952766,jog
913,7.608333,0.211423,-0.365131,-0.464472,-0.778618,-0.712794,0.903603,0.190333,0.039324,0.014643,-0.187466,-0.981375,-0.40206,0.977424,0.044704,0.024122,-0.028536,0.366549,0.929648,-0.500731,0.938206,0.953262,jog
914,7.616667,0.208895,-0.350676,-0.467353,-0.7842,-0.694645,0.918518,0.186455,0.04024,0.014816,-0.187334,-0.98136,-0.402078,0.977581,0.044671,0.024551,-0.028133,0.364361,0.930509,-0.494484,0.943228,0.953583,jog
915,7.625,0.205033,-0.336676,-0.470453,-0.789484,-0.676264,0.933838,0.181877,0.042061,0.014891,-0.186758,-0.981392,-0.402044,0.97764,0.044601,0.025105,-0.027359,0.362944,0.931071,-0.488548,0.94818,0.953879,jog
916,7.633333,0.190984,-0.326552,-0.46933,-0.797884,-0.65802,0.948864,0.176264,0.043155,0.015004,-0.186346,-0.981421,-0.402033,0.977732,0.044542,0.025476,-0.027774,0.361114,0.93176,-0.482312,0.953274,0.953829,jog
917,7.641667,0.176947,-0.318464,-0.471446,-0.803125,-0.63981,0.964736,0.169828,0.044238,0.015092,-0.185959,-0.981445,-0.402019,0.977823,0.044496,0.02635,-0.025971,0.360426,0.932054,-0.476574,0.958249,0.953745,jog
918,7.65,0.168238,-0.302338,-0.471723,-0.811027,-0.619691,0.981289,0.163846,0.045057,0.014811,-0.18529,-0.981539,-0.401998,0.977953,0.044493,0.023424,-0.023915,0.359757,0.932445,-0.470875,0.963559,0.953491,jog
919,7.658333,0.166753,-0.277828,-0.476016,-0.817566,-0.599974,0.997916,0.157562,0.045936,0.014666,-0.184781,-0.981596,-0.401989,0.978043,0.04447,0.022215,-0.022529,0.359539,0.932594,-0.465556,0.968585,0.953768,jog
920,7.666667,0.160726,-0.258959,-0.477738,-0.823938,-0.579776,1.01521,0.150699,0.04707,0.01466,-0.184274,-0.981638,-0.401972,0.978121,0.044448,0.021851,-0.02393,0.358504,0.932966,-0.46021,0.973481,0.953666,jog
921,7.675,0.150728,-0.240424,-0.479812,-0.830216,-0.559579,1.033254,0.143404,0.048244,0.014877,-0.183506,-0.981721,-0.401911,0.97828,0.044433,0.023868,-0.031075,0.355301,0.93393,-0.454245,0.97785,0.955607,jog
922,7.683333,0.13555,-0.222373,-0.480826,-0.837247,-0.539111,1.051125,0.135477,0.049874,0.015092,-0.182489,-0.981826,-0.401777,0.978369,0.04443,0.022649,-0.031389,0.353966,0.934457,-0.448238,0.982977,0.955717,jog
923,7.691667,0.128641,-0.19566,-0.481079,-0.844826,-0.51773,1.069767,0.128019,0.050131,0.014535,-0.182023,-0.981908,-0.401731,0.978545,0.044508,0.02214,-0.026156,0.353399,0.934845,-0.441844,0.988113,0.954263,jog
924,7.7,0.140649,-0.168776,-0.486335,-0.845701,-0.495677,1.089518,0.120997,0.051713,0.013783,-0.181271,-0.981976,-0.401657,0.978657,0.044522,0.022268,-0.027799,0.350889,0.93574,-0.435136,0.992623,0.954691,jog
925,7.708333,0.127762,-0.145165,-0.483455,-0.853742,-0.474046,1.108573,0.113721,0.053125,0.012571,-0.181377,-0.981897,-0.401626,0.978883,0.044525,0.022123,-0.026137,0.349654,0.936253,-0.429007,0.997477,0.95436,jog
926,7.716667,0.115199,-0.124645,-0.482259,-0.85943,-0.452356,1.127724,0.106428,0.0555,0.012389,-0.181239,-0.981794,-0.401612,0.978894,0.044457,0.021054,-0.024832,0.348238,0.936841,-0.422709,1.002489,0.95353,jog
927,7.725,0.111621,-0.102369,-0.48289,-0.862484,-0.429993,1.146628,0.099497,0.054765,0.012485,-0.18085,-0.981906,-0.401461,0.979101,0.044475,0.022234,-0.02426,0.346329,0.937536,-0.416124,1.007269,0.952287,jog
928,7.733333,0.098988,-0.079807,-0.480998,-0.867452,-0.407789,1.166187,0.092698,0.055342,0.011311,-0.180052,-0.982034,-0.401442,0.979257,0.044508,0.020876,-0.024877,0.345442,0.937878,-0.409863,1.012303,0.951806,jog
929,7.741667,0.090725,-0.058437,-0.479958,-0.870629,-0.38556,1.18588,0.086958,0.057931,0.012143,-0.179631,-0.981952,-0.401429,0.979264,0.044404,0.019371,-0.025498,0.344537,0.938227,-0.403488,1.017447,0.95086,jog
930,7.75,0.077764,-0.036742,-0.480094,-0.87299,-0.362774,1.204385,0.081433,0.058448,0.010849,-0.178765,-0.982094,-0.401365,0.979511,0.044544,0.021146,-0.027413,0.341587,0.939212,-0.396414,1.022055,0.951785,jog
931,7.758333,0.074546,-0.012298,-0.482009,-0.872902,-0.339968,1.224528,0.077507,0.058143,0.009169,-0.177613,-0.982339,-0.401298,0.979748,0.044713,0.021401,-0.026187,0.340305,0.939707,-0.39,1.027136,0.951218,jog
932,7.766667,0.067255,0.008322,-0.484143,-0.87236,-0.317864,1.244022,0.073938,0.058555,0.007554,-0.176603,-0.98251,-0.401303,0.979914,0.044884,0.021055,-0.025196,0.339396,0.94007,-0.383692,1.032292,0.950574,jog
933,7.775,0.065821,0.03192,-0.485259,-0.871305,-0.295765,1.263571,0.071117,0.058649,0.005887,-0.175538,-0.982707,-0.401282,0.980143,0.045039,0.018388,-0.024053,0.338971,0.94031,-0.3774,1.037768,0.949401,jog
934,7.783333,0.061903,0.055056,-0.487625,-0.869114,-0.274154,1.283032,0.069161,0.060983,0.006067,-0.174174,-0.982806,-0.401249,0.980409,0.045047,0.016555,-0.022552,0.338648,0.940497,-0.371235,1.043166,0.948229,jog
935,7.791667,0.05628,0.076263,-0.48992,-0.8666,-0.252728,1.302347,0.068847,0.061902,0.003134,-0.1734,-0.982899,-0.401221,0.980698,0.045113,0.015741,-0.022913,0.338595,0.940522,-0.364955,1.048729,0.947129,jog
936,7.8,0.050661,0.096067,-0.491905,-0.863848,-0.232103,1.320737,0.069152,0.062015,0.001185,-0.172068,-0.98313,-0.401192,0.980962,0.04529,0.013643,-0.021156,0.338394,0.940668,-0.358583,1.054354,0.945934,jog
937,7.808333,0.046587,0.113732,-0.495673,-0.859769,-0.212729,1.338526,0.070309,0.062921,-7e-05,-0.170569,-0.983335,-0.401143,0.981181,0.045434,0.012545,-0.019784,0.33827,0.940758,-0.352148,1.06,0.944657,jog
938,7.816667,0.043433,0.130473,-0.498756,-0.855765,-0.19435,1.355264,0.072368,0.063258,-0.002239,-0.168802,-0.983615,-0.401171,0.98156,0.045692,0.011404,-0.017977,0.337838,0.940964,-0.345555,1.065759,0.943432,jog
939,7.825,0.040339,0.145907,-0.502549,-0.851192,-0.177211,1.371195,0.074981,0.064018,-0.004093,-0.166713,-0.983917,-0.401173,0.981965,0.045915,0.010628,-0.018902,0.337731,0.940993,-0.339151,1.071683,0.941993,jog
940,7.833333,0.039236,0.160777,-0.506269,-0.846347,-0.161276,1.386184,0.078035,0.070334,-0.002634,-0.163974,-0.983951,-0.401054,0.982281,0.045795,0.008344,-0.017812,0.337028,0.941289,-0.332752,1.077545,0.940551,jog
941,7.841667,0.040583,0.175125,-0.509631,-0.841404,-0.146399,1.400119,0.08136,0.064643,-0.008174,-0.161895,-0.984654,-0.401311,0.982882,0.046698,0.006081,-0.018357,0.336989,0.94131,-0.326449,1.083603,0.939076,jog
942,7.85,0.044816,0.188468,-0.512762,-0.836389,-0.132639,1.412775,0.084615,0.065778,-0.010975,-0.160079,-0.984849,-0.401312,0.983329,0.047026,0.001716,-0.018488,0.33716,0.941264,-0.320488,1.089754,0.93759,jog
943,7.858333,0.048307,0.199421,-0.517952,-0.830436,-0.120461,1.424077,0.087475,0.065917,-0.014607,-0.158519,-0.985045,-0.401335,0.983708,0.047422,-0.001674,-0.018358,0.337134,0.941276,-0.314217,1.095984,0.936081,jog
944,7.866667,0.050778,0.208848,-0.522099,-0.825358,-0.109201,1.433584,0.090001,0.06601,-0.019179,-0.157514,-0.985122,-0.401349,0.983989,0.048046,-0.003333,-0.018351,0.336422,0.941527,-0.307929,1.102084,0.9348,jog
945,7.875,0.051947,0.217846,-0.525352,-0.820884,-0.098945,1.441271,0.091837,0.066165,-0.025047,-0.157412,-0.984996,-0.40135,0.984204,0.048633,-0.006536,-0.017782,0.335408,0.941882,-0.301532,1.108562,0.933494,jog
946,7.883333,0.053361,0.226694,-0.527527,-0.816993,-0.089855,1.447304,0.092733,0.065235,-0.032821,-0.157833,-0.984762,-0.40132,0.98438,0.049325,-0.007921,-0.017442,0.33448,0.942208,-0.29519,1.114824,0.932381,jog
947,7.891667,0.054237,0.231895,-0.529154,-0.81442,-0.082166,1.45174,0.092394,0.062625,-0.039565,-0.157943,-0.984666,-0.401132,0.984492,0.050263,-0.00844,-0.016678,0.333556,0.942545,-0.28885,1.121105,0.93119,jog
948,7.9,0.056566,0.234845,-0.527738,-0.814334,-0.07553,1.45467,0.090474,0.061228,-0.046848,-0.158142,-0.984402,-0.400879,0.984453,0.051252,-0.009567,-0.014367,0.332233,0.94304,-0.28261,1.127327,0.930211,jog
949,7.908333,0.054941,0.232601,-0.52287,-0.818221,-0.069848,1.456071,0.08751,0.060373,-0.054624,-0.158667,-0.98397,-0.400584,0.984446,0.052399,-0.011016,-0.011211,0.330879,0.943542,-0.2762,1.133672,0.928944,jog
950,7.916667,0.050642,0.221597,-0.516574,-0.825519,-0.065349,1.456027,0.083227,0.061643,-0.061527,-0.159048,-0.983422,-0.400087,0.984504,0.053457,-0.009588,-0.008887,0.329591,0.944033,-0.270135,1.139491,0.927436,jog
951,7.925,0.048739,0.206654,-0.510331,-0.833355,-0.061702,1.454758,0.078648,0.062256,-0.071337,-0.160041,-0.982559,-0.399707,0.984527,0.054603,-0.006189,-0.005851,0.326066,0.945309,-0.26276,1.145939,0.926551,jog
952,7.933333,0.051916,0.192049,-0.507284,-0.838501,-0.057881,1.453942,0.074298,0.064154,-0.080283,-0.160031,-0.981748,-0.399152,0.984614,0.055855,-0.006673,-0.006655,0.324813,0.945731,-0.256418,1.15289,0.926686,jog
953,7.941667,0.054234,0.169862,-0.507841,-0.842795,-0.053777,1.455128,0.071099,0.065799,-0.089085,-0.159552,-0.980958,-0.398404,0.98466,0.057619,0.000844,-0.00715,0.322624,0.9465,-0.249517,1.159891,0.925862,jog
954,7.95,0.051482,0.147691,-0.510863,-0.845314,-0.049457,1.458134,0.069035,0.068653,-0.098051,-0.158882,-0.980015,-0.397624,0.984883,0.059577,0.00938,-0.009498,0.320655,0.947102,-0.243048,1.166847,0.925001,jog
955,7.958333,0.040432,0.128393,-0.513137,-0.847686,-0.045953,1.460992,0.067844,0.072482,-0.108342,-0.158611,-0.978699,-0.396739,0.985203,0.061941,0.010245,-0.010937,0.319635,0.947422,-0.2364,1.174325,0.924361,jog
956,7.966667,0.03056,0.113297,-0.516082,-0.848463,-0.043715,1.463129,0.065847,0.075239,-0.124436,-0.15802,-0.97667,-0.395759,0.985706,0.064004,0.010602,-0.010406,0.318621,0.947766,-0.22971,1.181937,0.923697,jog
957,7.975,0.030689,0.101663,-0.517924,-0.848809,-0.042437,1.463633,0.062534,0.073498,-0.145871,-0.155827,-0.974186,-0.394457,0.986582,0.066213,0.010818,-0.010179,0.318151,0.947924,-0.223056,1.189738,0.923319,jog
958,7.983333,0.043852,0.091092,-0.517613,-0.849621,-0.040984,1.463012,0.059736,0.074432,-0.169818,-0.153568,-0.970587,-0.393209,0.987521,0.06912,0.010582,-0.009245,0.318075,0.947962,-0.216571,1.197611,0.923066,jog
959,7.991667,0.027728,0.065489,-0.518749,-0.851963,-0.04032,1.463663,0.058535,0.079115,-0.1949,-0.149722,-0.966094,-0.391802,0.988552,0.072457,0.014028,-0.009771,0.318084,0.947908,-0.210201,1.205485,0.923566,jog
960,8.0,0.016432,0.051159,-0.517794,-0.853816,-0.039075,1.463709,0.058075,0.085894,-0.220533,-0.146902,-0.96042,-0.39006,0.989925,0.076414,0.020541,-0.01093,0.318198,0.947739,-0.204076,1.213078,0.924375,jog
961,8.008333,0.00911,0.043296,-0.514814,-0.85616,-0.037932,1.46339,0.05758,0.096401,-0.244837,-0.143931,-0.953963,-0.387436,0.991689,0.080781,0.024494,-0.01104,0.319265,0.947285,-0.198168,1.220704,0.925619,jog
962,8.016667,0.007919,0.038362,-0.510403,-0.859043,-0.036849,1.462944,0.056826,0.109239,-0.271414,-0.141944,-0.94565,-0.384106,0.993861,0.085525,0.029081,-0.011167,0.320866,0.946612,-0.19251,1.228084,0.926972,jog
963,8.025,0.00758,0.033402,-0.508686,-0.860271,-0.036391,1.462972,0.056354,0.115607,-0.30258,-0.136845,-0.936138,-0.380371,0.997042,0.091076,0.033728,-0.009359,0.322605,0.945886,-0.187035,1.235256,0.92829,jog
964,8.033333,0.007583,0.030363,-0.509294,-0.860024,-0.036352,1.463168,0.055892,0.12718,-0.334924,-0.1333,-0.924058,-0.375945,1.000034,0.09722,0.037856,-0.006016,0.3245,0.945109,-0.181567,1.242214,0.929574,jog
965,8.041667,0.004946,0.026885,-0.510845,-0.859238,-0.036503,1.463225,0.055644,0.136166,-0.366083,-0.129113,-0.911467,-0.371722,1.004297,0.103996,0.041127,-0.006081,0.326853,0.944161,-0.17655,1.249208,0.931753,jog
966,8.05,0.002199,0.025601,-0.511376,-0.858973,-0.0366,1.463176,0.055641,0.137116,-0.396001,-0.118967,-0.900127,-0.364829,1.008626,0.112456,0.043223,-0.004017,0.329132,0.943286,-0.17163,1.255971,0.933453,jog
967,8.058333,-0.000261,0.022996,-0.509874,-0.859942,-0.036191,1.462994,0.055601,0.151194,-0.412432,-0.117661,-0.890616,-0.357127,1.013339,0.121167,0.045414,-0.001388,0.330965,0.942549,-0.166439,1.262817,0.935098,jog
968,8.066667,0.000582,0.022548,-0.508937,-0.860508,-0.036015,1.463052,0.055385,0.165672,-0.427163,-0.117262,-0.881098,-0.348468,1.018954,0.130085,0.04605,0.00156,0.332185,0.942088,-0.160997,1.269689,0.93648,jog
969,8.075,0.002488,0.022158,-0.5089,-0.860537,-0.036109,1.463184,0.055125,0.177282,-0.439639,-0.115762,-0.872862,-0.338746,1.026284,0.138943,0.046499,0.003586,0.333087,0.941742,-0.155945,1.276329,0.937924,jog
970,8.083333,0.00294,0.019704,-0.509182,-0.860428,-0.036179,1.463251,0.054795,0.188005,-0.449137,-0.112336,-0.866205,-0.32757,1.033737,0.147463,0.045274,0.00631,0.333831,0.941524,-0.150931,1.282688,0.938891,jog
971,8.091667,0.002645,0.018641,-0.509006,-0.860557,-0.03618,1.463287,0.054706,0.195211,-0.452876,-0.110297,-0.86292,-0.315312,1.042715,0.154562,0.042769,0.006929,0.336599,0.940651,-0.146576,1.288584,0.939561,jog
972,8.1,0.002301,0.019146,-0.508652,-0.860756,-0.036179,1.463286,0.054759,0.201234,-0.449181,-0.110255,-0.863472,-0.302481,1.052176,0.160943,0.041394,0.009251,0.337397,0.940406,-0.141357,1.294642,0.940007,jog
973,8.108333,0.002029,0.019184,-0.50862,-0.860775,-0.036214,1.463267,0.05475,0.207321,-0.44665,-0.108058,-0.863623,-0.288979,1.062485,0.16633,0.039942,0.006881,0.338467,0.940105,-0.13685,1.300909,0.941374,jog
974,8.116667,0.001556,0.01793,-0.508788,-0.860704,-0.036257,1.463234,0.054583,0.21445,-0.438681,-0.109124,-0.86583,-0.274802,1.073129,0.170384,0.038683,0.005579,0.339939,0.939635,-0.132252,1.30696,0.942486,jog
975,8.125,0.001416,0.017742,-0.508928,-0.860625,-0.036299,1.463179,0.054529,0.218815,-0.432315,-0.109747,-0.867859,-0.260064,1.08444,0.173383,0.03729,0.003723,0.34147,0.939145,-0.127712,1.313016,0.943598,jog
976,8.133333,0.000796,0.017317,-0.508671,-0.860786,-0.036237,1.463092,0.054474,0.221109,-0.425095,-0.110816,-0.870703,-0.244674,1.096281,0.175407,0.036046,0.001695,0.343202,0.938568,-0.123004,1.319098,0.944632,jog
977,8.141667,0.000952,0.017332,-0.508186,-0.861073,-0.036104,1.463011,0.054418,0.22108,-0.417248,-0.112274,-0.874313,-0.228786,1.108737,0.176492,0.035137,-0.000714,0.345499,0.937761,-0.118478,1.324943,0.945892,jog
978,8.15,0.000802,0.017453,-0.507784,-0.861308,-0.03605,1.462962,0.054321,0.218486,-0.410008,-0.11445,-0.878099,-0.212331,1.12186,0.176557,0.034042,-0.002994,0.348082,0.936841,-0.113735,1.330724,0.947038,jog
979,8.158333,6.1e-05,0.016013,-0.50786,-0.861291,-0.035988,1.462842,0.054169,0.216664,-0.399452,-0.11849,-0.882868,-0.195513,1.135305,0.175571,0.03254,-0.005198,0.350922,0.935825,-0.109006,1.336365,0.948225,jog
980,8.166667,-0.00094,0.014823,-0.508197,-0.861113,-0.035951,1.462799,0.054031,0.216547,-0.387786,-0.1249,-0.887203,-0.178422,1.149423,0.173632,0.03099,-0.006938,0.353889,0.934748,-0.104222,1.342029,0.949288,jog
981,8.175,-0.001715,0.014647,-0.50807,-0.86119,-0.035849,1.46272,0.054027,0.212418,-0.376848,-0.130128,-0.89215,-0.16061,1.163436,0.170921,0.029169,-0.008321,0.357006,0.933609,-0.099363,1.347613,0.950273,jog
982,8.183333,-0.002464,0.014318,-0.508066,-0.861196,-0.035808,1.462668,0.053992,0.218364,-0.353787,-0.143225,-0.898131,-0.142708,1.177548,0.16676,0.027484,-0.009599,0.360334,0.932369,-0.094446,1.353134,0.951253,jog
983,8.191667,-0.003784,0.01257,-0.508471,-0.860979,-0.035757,1.462622,0.053857,0.217652,-0.336033,-0.152818,-0.903524,-0.12461,1.192333,0.16227,0.025844,-0.01072,0.363882,0.931025,-0.089602,1.358592,0.952205,jog
984,8.2,-0.004311,0.011292,-0.508834,-0.86078,-0.035678,1.46261,0.053799,0.214024,-0.318258,-0.159174,-0.909708,-0.105776,1.207592,0.157238,0.024386,-0.011475,0.367393,0.929675,-0.084745,1.363889,0.953153,jog
985,8.208333,-0.00481,0.010627,-0.508796,-0.860808,-0.035619,1.462592,0.053729,0.214565,-0.296708,-0.16844,-0.91518,-0.086359,1.223622,0.151645,0.023212,-0.011146,0.370561,0.928451,-0.079687,1.368791,0.953879,jog
986,8.216667,-0.005562,0.010587,-0.508736,-0.86084,-0.035573,1.462534,0.053554,0.177275,-0.293734,-0.159823,-0.925608,-0.065408,1.240888,0.147114,0.022737,-0.011558,0.373777,0.927168,-0.074785,1.373829,0.954749,jog
987,8.225,-0.006543,0.009214,-0.508672,-0.860886,-0.035481,1.462526,0.053529,0.169468,-0.273317,-0.167481,-0.931949,-0.045628,1.258022,0.140748,0.022488,-0.011814,0.376607,0.926025,-0.069744,1.379009,0.955477,jog
988,8.233333,-0.005039,0.008772,-0.50903,-0.86069,-0.035328,1.462567,0.053497,0.165607,-0.253446,-0.170749,-0.937648,-0.025341,1.274935,0.133902,0.022027,-0.01218,0.379438,0.924875,-0.064729,1.384152,0.956141,jog
989,8.241667,-0.004272,0.008,-0.508774,-0.860852,-0.035218,1.462616,0.053276,0.167425,-0.227925,-0.176531,-0.942792,-0.004248,1.292099,0.126734,0.021437,-0.012652,0.38312,0.923363,-0.060119,1.38927,0.956918,jog
990,8.25,-0.009077,0.007311,-0.507972,-0.861295,-0.035164,1.462463,0.052748,0.169867,-0.196912,-0.179905,-0.948686,0.016795,1.309148,0.119512,0.020981,-0.013028,0.386015,0.922162,-0.055247,1.394504,0.957471,jog
991,8.258333,-0.010808,0.006321,-0.508041,-0.861242,-0.035049,1.46241,0.052631,0.169849,-0.170326,-0.180698,-0.953671,0.038384,1.326977,0.112321,0.020777,-0.0134,0.38902,0.920897,-0.050277,1.399709,0.95784,jog
992,8.266667,-0.011333,0.005861,-0.508363,-0.861048,-0.03486,1.462419,0.052594,0.134437,-0.156898,-0.171453,-0.963283,0.061205,1.346007,0.107031,0.020391,-0.013282,0.391805,0.919726,-0.045327,1.404897,0.958019,jog
993,8.275,-0.010186,0.005082,-0.508996,-0.860693,-0.034676,1.462548,0.052693,0.109946,-0.139909,-0.165508,-0.970023,0.084346,1.365679,0.101757,0.020303,-0.013665,0.395127,0.918301,-0.040557,1.41002,0.958384,jog
994,8.283333,-0.009773,0.004081,-0.50975,-0.860258,-0.034397,1.462604,0.05276,0.102626,-0.118002,-0.166359,-0.973585,0.106378,1.384513,0.095239,0.02018,-0.013673,0.39754,0.917261,-0.035561,1.415334,0.958396,jog
995,8.291667,-0.013477,0.000949,-0.50932,-0.860471,-0.034321,1.462448,0.052406,0.107712,-0.087185,-0.165789,-0.976376,0.12884,1.403194,0.088854,0.020336,-0.014013,0.400026,0.916171,-0.030559,1.420627,0.958456,jog
996,8.3,-0.01449,-0.000674,-0.509415,-0.860399,-0.034237,1.462384,0.052331,0.103322,-0.063756,-0.164226,-0.978923,0.151479,1.422495,0.083609,0.020401,-0.013616,0.401929,0.915342,-0.025312,1.425911,0.958236,jog
997,8.308333,-0.015899,-0.002558,-0.508802,-0.860733,-0.034132,1.462284,0.052095,0.099684,-0.042574,-0.161498,-0.980902,0.173705,1.442069,0.078512,0.020706,-0.012972,0.403747,0.914544,-0.020086,1.431181,0.957865,jog
998,8.316667,-0.014945,-0.003195,-0.508856,-0.860716,-0.034009,1.462293,0.052219,0.093446,-0.021074,-0.158726,-0.982665,0.195917,1.461625,0.074474,0.021129,-0.012315,0.40545,0.91379,-0.014809,1.436534,0.957489,jog
999,8.325,-0.015431,-0.00408,-0.508603,-0.860853,-0.033906,1.46228,0.052273,0.080667,-0.003605,-0.155446,-0.984539,0.218006,1.481737,0.07166,0.021251,-0.011698,0.407165,0.913032,-0.009632,1.442022,0.957134,jog
1000,8.333333,-0.015613,-0.005628,-0.509152,-0.860516,-0.033821,1.462195,0.052401,0.064204,0.014588,-0.151638,-0.986241,0.23971,1.502137,0.070042,0.021489,-0.010776,0.409638,0.911932,-0.004649,1.447476,0.957,jog
1001,8.341667,-0.016282,-0.00568,-0.508736,-0.86075,-0.033834,1.462168,0.052505,0.056557,0.034875,-0.149443,-0.986535,0.260805,1.522279,0.069031,0.02192,-0.009784,0.411225,0.911218,0.000653,1.453027,0.956518,jog
1002,8.35,-0.015813,-0.006295,-0.508756,-0.860742,-0.033618,1.461924,0.052695,0.044607,0.050538,-0.148289,-0.986644,0.281098,1.542668,0.069066,0.02273,-0.00872,0.412689,0.910547,0.006156,1.458713,0.955912,jog
1003,8.358333,-0.015576,-0.00732,-0.508447,-0.860922,-0.033525,1.461972,0.052649,0.035906,0.065232,-0.148851,-0.986052,0.300262,1.562895,0.069677,0.023186,-0.010377,0.415853,0.909077,0.011889,1.465303,0.955656,jog
1004,8.366667,-0.016684,-0.008942,-0.509005,-0.860555,-0.033541,1.462075,0.052601,0.028248,0.076919,-0.151679,-0.985027,0.31825,1.582786,0.071011,0.023967,-0.010173,0.417374,0.908362,0.017718,1.471435,0.954873,jog
1005,8.375,-0.017531,-0.010403,-0.509523,-0.860216,-0.033561,1.462168,0.052589,0.01351,0.083036,-0.157222,-0.983974,0.334826,1.602384,0.073589,0.025236,-0.010217,0.418548,0.907787,0.023719,1.477902,0.953907,jog
1006,8.383333,-0.018407,-0.011819,-0.510147,-0.859809,-0.033561,1.462214,0.052651,-0.003217,0.089192,-0.164465,-0.982337,0.350151,1.621312,0.076649,0.026133,-0.009106,0.420164,0.907026,0.029889,1.484176,0.952714,jog
1007,8.391667,-0.018892,-0.013205,-0.51057,-0.859527,-0.033555,1.462291,0.052697,-0.027506,0.096879,-0.174393,-0.979513,0.364238,1.639174,0.080051,0.026861,-0.007715,0.421949,0.906189,0.036191,1.490373,0.951295,jog
1008,8.4,-0.018628,-0.013845,-0.509798,-0.859981,-0.033284,1.462025,0.05293,-0.05465,0.101147,-0.186751,-0.975657,0.377081,1.65574,0.083647,0.027878,-0.006043,0.424221,0.90511,0.04235,1.496329,0.949932,jog
1009,8.408333,-0.018901,-0.015416,-0.509884,-0.859897,-0.033205,1.462049,0.053024,-0.07482,0.10853,-0.201089,-0.970663,0.388715,1.670901,0.087256,0.029027,-0.005644,0.428344,0.903132,0.048608,1.502461,0.949158,jog
1010,8.416667,-0.019107,-0.017096,-0.51003,-0.859775,-0.033114,1.462093,0.053128,-0.097077,0.115889,-0.217941,-0.964182,0.39924,1.685046,0.090688,0.029987,-0.004285,0.43096,0.901862,0.054738,1.508274,0.947772,jog
1011,8.425,-0.01951,-0.019221,-0.510216,-0.85961,-0.032972,1.462184,0.053302,-0.114786,0.11788,-0.233998,-0.958214,0.408368,1.698236,0.094644,0.031052,-0.004241,0.432812,0.900939,0.061125,1.514332,0.946431,jog
1012,8.433333,-0.019441,-0.021135,-0.510345,-0.85949,-0.032838,1.462265,0.053401,-0.132553,0.126605,-0.244002,-0.952294,0.415704,1.709674,0.098106,0.03198,-0.0039,0.435398,0.899661,0.067394,1.520175,0.94522,jog
1013,8.441667,-0.019118,-0.023234,-0.510673,-0.859249,-0.032694,1.462352,0.0535,-0.145555,0.128416,-0.253253,-0.947727,0.421016,1.720787,0.099634,0.03229,-0.003818,0.437415,0.898672,0.073814,1.526049,0.944035,jog
1014,8.45,-0.018817,-0.025374,-0.511139,-0.858918,-0.032555,1.46245,0.053604,-0.150063,0.126898,-0.257566,-0.946064,0.424241,1.730256,0.098986,0.032581,-0.004202,0.439607,0.897589,0.080203,1.531878,0.942905,jog
1015,8.458333,-0.018531,-0.028079,-0.511599,-0.858566,-0.032374,1.462544,0.053835,-0.159258,0.126125,-0.256596,-0.944927,0.426442,1.737102,0.097384,0.032783,-0.005302,0.441709,0.896543,0.086648,1.537833,0.941823,jog
1016,8.466667,-0.016784,-0.030267,-0.511667,-0.858487,-0.032023,1.462503,0.054269,-0.165478,0.120071,-0.259318,-0.943904,0.427539,1.741941,0.094461,0.03301,-0.005843,0.444446,0.895178,0.092781,1.543636,0.940886,jog
1017,8.475,-0.014954,-0.033327,-0.512322,-0.858016,-0.031748,1.462624,0.054625,-0.150399,0.109109,-0.264556,-0.946301,0.427623,1.744862,0.089867,0.033063,-0.007356,0.446676,0.894054,0.099183,1.549632,0.939948,jog
1018,8.483333,-0.013288,-0.037141,-0.513463,-0.857204,-0.031459,1.462777,0.055049,-0.128886,0.099349,-0.270995,-0.948725,0.427634,1.747289,0.085533,0.033082,-0.009149,0.449148,0.892798,0.105636,1.555779,0.939043,jog
1019,8.491667,-0.010284,-0.041137,-0.514674,-0.856337,-0.031075,1.46285,0.055697,-0.117448,0.079016,-0.278061,-0.950076,0.428826,1.750299,0.080719,0.033032,-0.011478,0.451435,0.891619,0.112197,1.561984,0.93815,jog
1020,8.5,-0.004885,-0.045706,-0.51601,-0.855349,-0.030435,1.462839,0.056482,-0.105347,0.059582,-0.279329,-0.952537,0.430329,1.75305,0.076157,0.031909,-0.015399,0.453431,0.890587,0.119096,1.568772,0.93735,jog
1021,8.508333,-0.001161,-0.052199,-0.517375,-0.854164,-0.029627,1.462796,0.057312,-0.09245,0.040708,-0.277286,-0.955463,0.43215,1.754795,0.071871,0.030983,-0.018213,0.45609,0.889208,0.125499,1.574812,0.936717,jog
1022,8.516667,0.004499,-0.059818,-0.519278,-0.852498,-0.02854,1.462717,0.05843,-0.074054,0.021516,-0.275632,-0.958165,0.434349,1.756296,0.067683,0.029856,-0.020601,0.458647,0.887878,0.131799,1.580724,0.936158,jog
1023,8.525,0.008399,-0.068286,-0.521596,-0.850414,-0.027441,1.462767,0.060133,-0.053777,0.011379,-0.267513,-0.961985,0.436062,1.757046,0.065066,0.028373,-0.023336,0.460974,0.886653,0.138055,1.586597,0.935852,jog
1024,8.533333,0.015728,-0.077075,-0.524301,-0.847892,-0.026313,1.462923,0.062041,-0.027772,0.012534,-0.260631,-0.964958,0.436537,1.758286,0.06263,0.024146,-0.025424,0.463048,0.885639,0.144586,1.591876,0.935486,jog
1025,8.541667,0.024691,-0.086098,-0.528343,-0.844293,-0.025112,1.463104,0.064195,-0.016266,0.011069,-0.260696,-0.965221,0.436405,1.759334,0.061552,0.019592,-0.028562,0.46563,0.884302,0.150709,1.597145,0.935749,jog
1026,8.55,0.035291,-0.097776,-0.531385,-0.840728,-0.023768,1.463442,0.066875,0.002197,0.015037,-0.26557,-0.963972,0.435654,1.760637,0.060503,0.015809,-0.03208,0.467951,0.883031,0.156771,1.602374,0.93631,jog
1027,8.558333,0.046289,-0.113161,-0.533506,-0.836913,-0.022066,1.463755,0.070169,0.014501,0.018649,-0.267468,-0.963277,0.43505,1.762145,0.05979,0.012608,-0.036439,0.469446,0.882119,0.16267,1.60773,0.937414,jog
1028,8.566667,0.060189,-0.129051,-0.535744,-0.832287,-0.02029,1.464194,0.073872,0.017675,0.01768,-0.271335,-0.96216,0.434324,1.762891,0.059504,0.009692,-0.040139,0.470331,0.881523,0.168471,1.612922,0.938875,jog
1029,8.575,0.075323,-0.146986,-0.538413,-0.826337,-0.018291,1.46503,0.078123,0.019144,0.017186,-0.271147,-0.962194,0.434217,1.763073,0.059304,0.007583,-0.041234,0.470823,0.881231,0.174245,1.617899,0.940129,jog
1030,8.583333,0.087724,-0.167106,-0.542195,-0.818782,-0.016017,1.466557,0.082959,0.015374,0.014061,-0.271617,-0.96218,0.434097,1.762896,0.059469,0.005899,-0.043343,0.471329,0.880872,0.179992,1.622745,0.941456,jog
1031,8.591667,0.108003,-0.187883,-0.544593,-0.810218,-0.012537,1.468089,0.087815,0.017166,0.014409,-0.271426,-0.962198,0.434117,1.762979,0.059457,0.003801,-0.04304,0.472177,0.880444,0.18542,1.627186,0.94309,jog
1032,8.6,0.128534,-0.208597,-0.546263,-0.800977,-0.008615,1.470238,0.093008,0.018306,0.015684,-0.271015,-0.962273,0.434263,1.763018,0.059592,0.003415,-0.042891,0.473005,0.880009,0.190901,1.631501,0.944569,jog
1033,8.608333,0.140228,-0.234213,-0.549028,-0.789967,-0.005255,1.473333,0.098875,0.018801,0.016252,-0.270525,-0.962392,0.434368,1.763052,0.05961,0.00289,-0.041672,0.474505,0.879261,0.195991,1.63557,0.946519,jog
1034,8.616667,0.150938,-0.259568,-0.55025,-0.779145,-0.00119,1.477281,0.104821,0.018794,0.015673,-0.26956,-0.962673,0.434445,1.763037,0.059526,0.002311,-0.040924,0.475519,0.87875,0.201437,1.639693,0.948008,jog
1035,8.625,0.166408,-0.28467,-0.550444,-0.766996,0.003274,1.481707,0.110283,0.019723,0.015805,-0.268794,-0.962866,0.434517,1.763019,0.059494,0.001388,-0.04071,0.47717,0.877866,0.206566,1.643855,0.949768,jog
1036,8.633333,0.171724,-0.30662,-0.551875,-0.75626,0.008207,1.487345,0.116575,0.020765,0.016005,-0.268389,-0.962954,0.434594,1.763113,0.059491,0.001534,-0.040774,0.479007,0.876862,0.211858,1.648072,0.951283,jog
1037,8.641667,0.17799,-0.323932,-0.554784,-0.745387,0.013483,1.493482,0.123228,0.022076,0.01635,-0.268076,-0.963006,0.434621,1.763233,0.059424,0.002464,-0.038585,0.480374,0.876211,0.21717,1.651828,0.952371,jog
1038,8.65,0.185933,-0.33492,-0.558375,-0.73585,0.019502,1.500206,0.129942,0.023067,0.016289,-0.268229,-0.962941,0.434615,1.763381,0.059299,0.001291,-0.037245,0.482942,0.874859,0.222037,1.655859,0.953567,jog
1039,8.658333,0.191225,-0.343045,-0.562986,-0.727187,0.026256,1.507496,0.13619,0.027079,0.018509,-0.268706,-0.962664,0.434388,1.763485,0.058949,0.001235,-0.035535,0.485979,0.873247,0.226545,1.659662,0.954452,jog
1040,8.666667,0.189109,-0.348105,-0.572735,-0.717659,0.032719,1.516474,0.14255,0.028419,0.018055,-0.269306,-0.962466,0.434342,1.763597,0.058832,3e-06,-0.032638,0.488515,0.871945,0.230939,1.663623,0.954924,jog
1041,8.675,0.188819,-0.348249,-0.578474,-0.713048,0.040071,1.525785,0.148252,0.026735,0.016971,-0.268691,-0.962706,0.434331,1.763909,0.059039,-0.001881,-0.028551,0.490509,0.870966,0.235413,1.667615,0.954779,jog
1042,8.683333,0.188995,-0.342968,-0.586761,-0.708778,0.047955,1.536702,0.152835,0.028868,0.01723,-0.268816,-0.962605,0.434298,1.764008,0.058939,-0.005035,-0.023652,0.492323,0.870076,0.239302,1.671494,0.954882,jog
1043,8.691667,0.188373,-0.343096,-0.59087,-0.70546,0.056578,1.547195,0.156607,0.030259,0.017211,-0.268813,-0.962563,0.434279,1.764129,0.058946,-0.005642,-0.017846,0.493507,0.869541,0.243907,1.675192,0.953665,jog
1044,8.7,0.190115,-0.337382,-0.594689,-0.704539,0.065599,1.55889,0.159084,0.032104,0.018241,-0.268163,-0.962666,0.434129,1.764554,0.058798,-0.007402,-0.017763,0.495283,0.868518,0.247382,1.679006,0.952852,jog
1045,8.708333,0.194657,-0.331798,-0.596757,-0.704201,0.075747,1.570788,0.160153,0.034025,0.018645,-0.268273,-0.962561,0.434105,1.764581,0.058744,-0.010022,-0.015036,0.49703,0.867545,0.250814,1.682833,0.953652,jog
1046,8.716667,0.197164,-0.325634,-0.600004,-0.703622,0.085678,1.583225,0.160752,0.035296,0.019425,-0.267196,-0.9628,0.434106,1.764785,0.058656,-0.011818,-0.006012,0.497786,0.867199,0.254779,1.686467,0.953851,jog
1047,8.725,0.2031,-0.314755,-0.605639,-0.702055,0.096029,1.596047,0.161156,0.036687,0.019454,-0.267659,-0.962619,0.434148,1.764659,0.058673,-0.014029,-0.001809,0.498839,0.866579,0.258573,1.690398,0.954012,jog
1048,8.733333,0.203767,-0.300949,-0.61022,-0.703946,0.107156,1.609303,0.159935,0.036929,0.01916,-0.267516,-0.962655,0.434188,1.764699,0.058737,-0.016797,0.002696,0.499621,0.866077,0.262178,1.694416,0.954589,jog
1049,8.741667,0.205338,-0.289766,-0.613563,-0.705274,0.118156,1.623429,0.158508,0.037039,0.01914,-0.267175,-0.962746,0.434161,1.764775,0.058756,-0.019927,0.004496,0.500419,0.865543,0.26593,1.69833,0.954573,jog
1050,8.75,0.195271,-0.275467,-0.614128,-0.713326,0.130206,1.638629,0.157138,0.037102,0.019183,-0.267769,-0.962577,0.434252,1.764515,0.058768,-0.027655,0.003608,0.502037,0.864396,0.268972,1.702388,0.954038,jog
1051,8.758333,0.189661,-0.261727,-0.618249,-0.716447,0.141382,1.65325,0.154666,0.03759,0.019148,-0.267521,-0.962628,0.434251,1.764545,0.058785,-0.027507,0.004303,0.502719,0.864001,0.272437,1.706209,0.954565,jog
1052,8.766667,0.182185,-0.251911,-0.6248,-0.716223,0.151857,1.668352,0.152046,0.03815,0.019207,-0.26742,-0.962633,0.434228,1.764575,0.058782,-0.026917,0.003162,0.504196,0.863164,0.275457,1.710164,0.955487,jog
1053,8.775,0.176671,-0.236534,-0.626958,-0.720946,0.163082,1.684879,0.14808,0.038943,0.019438,-0.266785,-0.962773,0.434226,1.764705,0.058715,-0.025802,0.003163,0.505032,0.862709,0.278798,1.714098,0.955918,jog
1054,8.783333,0.174077,-0.215411,-0.628765,-0.726602,0.17562,1.701309,0.143762,0.039311,0.019345,-0.266562,-0.962822,0.434205,1.764757,0.058715,-0.023838,0.00095,0.506539,0.861887,0.28186,1.718162,0.956737,jog
1055,8.791667,0.17258,-0.196271,-0.631485,-0.730015,0.187126,1.718587,0.139058,0.039863,0.019213,-0.266501,-0.962818,0.434193,1.764788,0.058708,-0.022304,0.001027,0.506896,0.861718,0.285302,1.722166,0.956848,jog
1056,8.8,0.156799,-0.189581,-0.630745,-0.735958,0.198545,1.736025,0.133201,0.040433,0.019123,-0.266463,-0.962807,0.434185,1.764809,0.05871,-0.022211,0.003171,0.50754,0.861336,0.288591,1.726102,0.957382,jog
1057,8.808333,0.142427,-0.178745,-0.632666,-0.739932,0.210417,1.754341,0.127675,0.04053,0.018707,-0.266515,-0.962797,0.434154,1.764831,0.058756,-0.022087,0.004197,0.50844,0.860804,0.292226,1.730294,0.957108,jog
1058,8.816667,0.121564,-0.173527,-0.640063,-0.738532,0.21982,1.773326,0.121053,0.040683,0.018288,-0.266569,-0.962783,0.434122,1.764827,0.058803,-0.020125,0.005076,0.509435,0.860259,0.295191,1.734297,0.95786,jog
1059,8.825,0.112987,-0.159124,-0.638191,-0.744732,0.231955,1.792498,0.114501,0.040214,0.016985,-0.267433,-0.962587,0.434072,1.764673,0.058965,-0.019767,0.00618,0.5105,0.859628,0.2983,1.73847,0.957928,jog
1060,8.833333,0.10301,-0.135162,-0.645623,-0.744508,0.242037,1.811954,0.11004,0.040916,0.017189,-0.26705,-0.96266,0.434078,1.764767,0.058941,-0.02022,0.007539,0.511561,0.858976,0.30135,1.742595,0.957945,jog
1061,8.841667,0.089887,-0.118071,-0.649905,-0.745388,0.252713,1.831667,0.10458,0.042798,0.016987,-0.268054,-0.962303,0.433884,1.764897,0.058814,-0.019536,0.009157,0.512671,0.858314,0.304171,1.746705,0.958121,jog
1062,8.85,0.078714,-0.094926,-0.659327,-0.741674,0.26235,1.852328,0.100637,0.045248,0.017953,-0.266817,-0.962517,0.433758,1.765126,0.058603,-0.020484,0.009336,0.513728,0.857658,0.306443,1.750607,0.958526,jog
1063,8.858333,0.080174,-0.061148,-0.652037,-0.751453,0.275373,1.875518,0.094937,0.047231,0.018218,-0.26648,-0.96251,0.4338,1.765172,0.058524,-0.020505,0.011011,0.514817,0.856984,0.308805,1.754638,0.958871,jog
1064,8.866667,0.064993,-0.047376,-0.65113,-0.754692,0.2868,1.896167,0.090616,0.050075,0.018569,-0.266109,-0.962462,0.433655,1.765352,0.058474,-0.021977,0.013388,0.515357,0.856589,0.31182,1.75894,0.958345,jog
1065,8.875,0.058321,-0.023137,-0.65396,-0.753923,0.298399,1.91753,0.086617,0.05123,0.01868,-0.265987,-0.962433,0.433633,1.765407,0.058458,-0.02376,0.014173,0.515975,0.856157,0.314145,1.762908,0.95839,jog
1066,8.883333,0.052675,-0.007798,-0.658923,-0.750323,0.307492,1.939231,0.083149,0.052178,0.018898,-0.265768,-0.962438,0.43362,1.76547,0.058461,-0.025278,0.013112,0.516623,0.855739,0.315949,1.766576,0.959137,jog
1067,8.891667,0.047951,0.013618,-0.662545,-0.747362,0.317884,1.961043,0.080363,0.053064,0.018994,-0.265645,-0.962422,0.433599,1.76553,0.058448,-0.027836,0.013362,0.517145,0.855341,0.318269,1.770602,0.959238,jog
1068,8.9,0.039224,0.029988,-0.663816,-0.746265,0.327286,1.982013,0.078304,0.054798,0.019356,-0.265523,-0.962351,0.433546,1.765576,0.058474,-0.03098,0.014068,0.517531,0.854988,0.320751,1.77474,0.95892,jog
1069,8.908333,0.036233,0.054884,-0.675451,-0.734467,0.33427,2.004927,0.078254,0.055943,0.019755,-0.265356,-0.962324,0.43348,1.765625,0.058492,-0.03459,0.014854,0.517862,0.854636,0.323247,1.77901,0.958377,jog
1070,8.916667,0.029454,0.068677,-0.680928,-0.728528,0.342717,2.025766,0.07783,0.056999,0.019892,-0.265189,-0.962305,0.433452,1.765673,0.058503,-0.035814,0.015297,0.520858,0.852754,0.326281,1.784552,0.956739,jog
1071,8.925,0.027451,0.080673,-0.687027,-0.721618,0.35042,2.046019,0.077304,0.057856,0.020021,-0.264999,-0.962303,0.433428,1.765702,0.058496,-0.037634,0.016524,0.521513,0.852253,0.328434,1.78905,0.956489,jog
1072,8.933333,0.028313,0.118144,-0.682921,-0.720318,0.359384,2.06508,0.079842,0.058972,0.020342,-0.264594,-0.96234,0.43342,1.765703,0.058493,-0.041285,0.016973,0.522031,0.851757,0.330573,1.793638,0.956002,jog
1073,8.941667,0.026859,0.130379,-0.688747,-0.712677,0.365297,2.082199,0.081187,0.060162,0.020711,-0.264322,-0.962334,0.433372,1.765705,0.05849,-0.045528,0.017197,0.522652,0.851156,0.332638,1.798415,0.955335,jog
1074,8.95,0.028129,0.148769,-0.693097,-0.704764,0.369995,2.09683,0.082973,0.060612,0.020829,-0.264071,-0.962372,0.433376,1.765722,0.05846,-0.048526,0.017281,0.523502,0.850466,0.334802,1.803254,0.954405,jog
1075,8.958333,0.030328,0.159675,-0.696003,-0.699402,0.374614,2.10981,0.083697,0.061479,0.02054,-0.264553,-0.96219,0.433455,1.76564,0.058529,-0.051537,0.017431,0.524423,0.849718,0.337071,1.808268,0.953236,jog
1076,8.966667,0.02879,0.168928,-0.695685,-0.697608,0.378871,2.121171,0.08495,0.062276,0.020475,-0.264665,-0.96211,0.433434,1.765611,0.058551,-0.055498,0.016711,0.525339,0.848917,0.339133,1.813236,0.952108,jog
1077,8.975,0.026448,0.170566,-0.697262,-0.695725,0.381928,2.130155,0.085378,0.063022,0.020598,-0.265043,-0.961954,0.433458,1.765471,0.058586,-0.059802,0.01524,0.526385,0.848004,0.341274,1.8183,0.950754,jog
1078,8.983333,0.025006,0.169745,-0.695911,-0.69733,0.385118,2.137472,0.084782,0.063001,0.020466,-0.265019,-0.961965,0.433261,1.765634,0.058546,-0.063403,0.014017,0.527512,0.847063,0.343405,1.823333,0.949409,jog
1079,8.991667,0.017606,0.160962,-0.694926,-0.700614,0.388541,2.142193,0.083886,0.063506,0.020459,-0.265044,-0.961925,0.433219,1.765591,0.058575,-0.072375,0.01187,0.527048,0.846665,0.346407,1.828384,0.947058,jog
1080,9.0,0.010753,0.146985,-0.694737,-0.704003,0.391276,2.145257,0.082248,0.063823,0.020396,-0.26527,-0.961843,0.433156,1.765542,0.058605,-0.07645,0.010417,0.528071,0.845688,0.348539,1.833275,0.945722,jog
1081,9.008333,0.007965,0.130823,-0.69243,-0.709481,0.393877,2.146375,0.079279,0.06399,0.020196,-0.26561,-0.961742,0.433089,1.765514,0.058649,-0.079982,0.009375,0.528961,0.844817,0.350497,1.838135,0.944621,jog
1082,9.016667,0.015072,0.119951,-0.687179,-0.716358,0.396012,2.145957,0.076219,0.063356,0.019406,-0.26585,-0.961734,0.433189,1.765412,0.058723,-0.083093,0.008436,0.529602,0.844124,0.352612,1.843044,0.943376,jog
1083,9.025,0.022596,0.10625,-0.682621,-0.722654,0.398538,2.145503,0.072291,0.064512,0.019034,-0.266204,-0.961567,0.433149,1.765515,0.058784,-0.085339,0.007168,0.530035,0.84364,0.35453,1.847947,0.942315,jog
1084,9.033333,0.026081,0.09018,-0.682973,-0.724386,0.399906,2.146317,0.06976,0.066652,0.01907,-0.265735,-0.96155,0.433065,1.765849,0.05876,-0.08683,0.005811,0.530514,0.843197,0.356351,1.852782,0.941352,jog
1085,9.041667,0.01619,0.083489,-0.684763,-0.723787,0.400458,2.147766,0.070876,0.068312,0.018065,-0.265716,-0.961459,0.433006,1.766159,0.058942,-0.087842,0.004133,0.531527,0.842464,0.358175,1.857675,0.940359,jog
1086,9.05,0.012949,0.070827,-0.685845,-0.724177,0.401915,2.148654,0.070493,0.07223,0.018593,-0.264007,-0.961633,0.433448,1.766509,0.059134,-0.087557,0.002851,0.53223,0.842055,0.359922,1.862461,0.939558,jog
1087,9.058333,0.008169,0.064315,-0.686599,-0.72414,0.402608,2.149323,0.069945,0.073665,0.014799,-0.264918,-0.961339,0.433268,1.766837,0.059572,-0.085913,0.002154,0.532911,0.841796,0.361508,1.867185,0.939012,jog
1088,9.066667,0.002891,0.050899,-0.685484,-0.7263,0.404179,2.149291,0.068421,0.077221,0.012969,-0.264154,-0.961297,0.433411,1.76755,0.059783,-0.083328,0.001985,0.533841,0.841467,0.362936,1.871992,0.938561,jog
1089,9.075,0.001602,0.039892,-0.684543,-0.727879,0.405488,2.149384,0.067284,0.082908,0.01249,-0.262674,-0.961235,0.43384,1.768296,0.060276,-0.07979,0.002408,0.534412,0.841446,0.3643,1.87666,0.938381,jog
1090,9.083333,-0.000926,0.033187,-0.685153,-0.727643,0.406222,2.149609,0.066698,0.084321,0.005418,-0.26309,-0.961064,0.433671,1.768807,0.061234,-0.075425,0.003116,0.534527,0.841774,0.365687,1.881353,0.938278,jog
1091,9.091667,-0.005332,0.031612,-0.686854,-0.726088,0.406141,2.150515,0.066386,0.086943,-0.002682,-0.263732,-0.960666,0.433606,1.769367,0.062679,-0.070627,0.005134,0.53556,0.841523,0.366998,1.886302,0.937903,jog
1092,9.1,-0.007555,0.027397,-0.686761,-0.726327,0.406557,2.150876,0.066109,0.097542,-0.006071,-0.261763,-0.960171,0.43441,1.770465,0.064274,-0.06589,0.007842,0.535998,0.841608,0.368201,1.891015,0.937673,jog
1093,9.108333,-0.009651,0.02187,-0.686436,-0.726798,0.406836,2.151259,0.065881,0.103222,-0.016899,-0.26152,-0.959514,0.434746,1.771503,0.06675,-0.061844,0.010527,0.535298,0.84233,0.369199,1.895339,0.937718,jog
1094,9.116667,-0.013366,0.019891,-0.685377,-0.727794,0.407217,2.151404,0.065457,0.108281,-0.032111,-0.26282,-0.958212,0.434701,1.772639,0.069574,-0.055474,0.014188,0.535883,0.842348,0.370389,1.900651,0.937789,jog
1095,9.125,-0.01526,0.01959,-0.685054,-0.728069,0.407079,2.151809,0.065148,0.119693,-0.043709,-0.263056,-0.956329,0.435669,1.774472,0.072363,-0.050108,0.016287,0.534868,0.843291,0.370679,1.90431,0.938235,jog
1096,9.133333,-0.015443,0.019682,-0.684737,-0.728361,0.406891,2.152158,0.064876,0.127491,-0.063225,-0.263383,-0.954137,0.436083,1.775997,0.075653,-0.047302,0.018318,0.533804,0.844085,0.371448,1.908078,0.938492,jog
1097,9.141667,-0.014713,0.019909,-0.684255,-0.728823,0.406762,2.15242,0.064683,0.136729,-0.08109,-0.262633,-0.951711,0.436994,1.777984,0.079489,-0.042035,0.021926,0.53407,0.84411,0.372016,1.912594,0.939342,jog
1098,9.15,-0.012739,0.018702,-0.683825,-0.729295,0.406716,2.152577,0.064585,0.135332,-0.100411,-0.261347,-0.950421,0.437903,1.780496,0.084267,-0.040777,0.02331,0.531451,0.845786,0.373039,1.915883,0.940091,jog
1099,9.158333,-0.010625,0.017244,-0.683532,-0.729639,0.406726,2.152705,0.064517,0.143516,-0.117838,-0.259815,-0.947636,0.438617,1.783664,0.088336,-0.039947,0.024841,0.53174,0.8456,0.373101,1.919646,0.940647,jog
1100,9.166667,-0.008432,0.014806,-0.683547,-0.729707,0.406971,2.15262,0.064556,0.150195,-0.133749,-0.25762,-0.945085,0.439756,1.786993,0.092913,-0.038538,0.024078,0.528637,0.847631,0.373774,1.921674,0.942063,jog
1101,9.175,-0.007455,0.013943,-0.683259,-0.730005,0.407094,2.152593,0.064567,0.180573,-0.146384,-0.25852,-0.937621,0.441203,1.790678,0.096893,-0.037394,0.024832,0.52868,0.847633,0.374146,1.924861,0.942916,jog
1102,9.183333,-0.006704,0.01617,-0.6825,-0.730676,0.407165,2.152576,0.064464,0.198836,-0.151102,-0.253281,-0.934602,0.444055,1.794507,0.101139,-0.039472,0.025414,0.529502,0.847008,0.373696,1.927763,0.943311,jog
1103,9.191667,-0.006182,0.013459,-0.681991,-0.73121,0.4073,2.152477,0.064542,0.182005,-0.167112,-0.247981,-0.936725,0.446089,1.800393,0.106602,-0.039694,0.025884,0.530552,0.846327,0.373694,1.930557,0.944155,jog
1104,9.2,-0.006105,0.013106,-0.681804,-0.731392,0.407498,2.152475,0.064533,0.189272,-0.172078,-0.242887,-0.93572,0.448788,1.805606,0.11084,-0.04212,0.024877,0.532772,0.844844,0.374222,1.933843,0.944987,jog
1105,9.208333,-0.005278,0.012978,-0.681247,-0.73192,0.407537,2.152401,0.064598,0.195841,-0.175336,-0.238389,-0.934919,0.452132,1.811649,0.114705,-0.054461,0.023341,0.533711,0.843589,0.37556,1.937342,0.943351,jog
1106,9.216667,-0.005292,0.013386,-0.680964,-0.732175,0.407586,2.152383,0.064613,0.19882,-0.177413,-0.238274,-0.933928,0.45509,1.818549,0.117955,-0.061942,0.02778,0.544915,0.835739,0.371993,1.939838,0.94218,jog
1107,9.225,-0.007828,0.014179,-0.679926,-0.733102,0.40741,2.152537,0.0646,0.211672,-0.171865,-0.23972,-0.931768,0.458246,1.826353,0.120057,-0.060631,0.025196,0.546439,0.834921,0.372587,1.94294,0.943726,jog
1108,9.233333,-0.007987,0.014341,-0.679789,-0.733224,0.407421,2.152566,0.064602,0.207381,-0.16992,-0.242057,-0.932485,0.462206,1.834978,0.122434,-0.058177,0.022172,0.548595,0.833767,0.373078,1.946116,0.945468,jog
1109,9.241667,-0.008057,0.013977,-0.679777,-0.733242,0.4074,2.152593,0.06457,0.202634,-0.167887,-0.246315,-0.932782,0.466348,1.844148,0.123981,-0.055446,0.018993,0.550443,0.832813,0.373782,1.94902,0.947479,jog
1110,9.25,-0.008505,0.013242,-0.679981,-0.733061,0.407424,2.15269,0.064591,0.19713,-0.166163,-0.252787,-0.932539,0.470364,1.85453,0.124331,-0.053417,0.016738,0.55083,0.832738,0.375118,1.951599,0.949156,jog
1111,9.258333,-0.008883,0.012535,-0.680317,-0.732757,0.407426,2.152801,0.064568,0.190622,-0.163827,-0.257675,-0.932967,0.474495,1.864916,0.124152,-0.05298,0.014522,0.549013,0.834007,0.377337,1.953421,0.950674,jog
1112,9.266667,-0.007878,0.010658,-0.681125,-0.732047,0.407458,2.152921,0.064577,0.186121,-0.159814,-0.26912,-0.931339,0.477824,1.875906,0.123233,-0.053813,0.013761,0.548382,0.834381,0.379185,1.955559,0.951702,jog
1113,9.275,-0.007966,0.009795,-0.681926,-0.731312,0.407483,2.15307,0.064547,0.174236,-0.15472,-0.278025,-0.931883,0.481484,1.887322,0.122298,-0.054638,0.013683,0.550593,0.832872,0.380266,1.957988,0.952621,jog
1114,9.283333,-0.007598,0.008949,-0.682935,-0.730385,0.407477,2.1532,0.064509,0.167559,-0.149816,-0.28696,-0.9312,0.485588,1.898884,0.120453,-0.033299,0.005996,0.551557,0.833451,0.382035,1.961791,0.959239,jog
1115,9.291667,-0.007496,0.008644,-0.683884,-0.729501,0.407462,2.153325,0.064431,0.160165,-0.144134,-0.287995,-0.933076,0.490479,1.910216,0.117838,-0.055403,0.01332,0.554779,0.830044,0.382839,1.962996,0.954569,jog
1116,9.3,-0.002887,0.00762,-0.684204,-0.729245,0.407445,2.153214,0.064495,0.137722,-0.141191,-0.281378,-0.939108,0.497099,1.923267,0.115927,-0.05677,0.013795,0.556901,0.828522,0.384049,1.965178,0.955245,jog
1117,9.308333,-0.001401,0.010829,-0.684461,-0.728968,0.407101,2.153124,0.064755,0.129228,-0.131974,-0.288622,-0.939458,0.501718,1.936697,0.112607,-0.036194,0.007135,0.557229,0.829539,0.385911,1.968629,0.96177,jog
1118,9.316667,-0.001216,0.009868,-0.684252,-0.729178,0.407013,2.153006,0.064777,0.104722,-0.123693,-0.29046,-0.943062,0.507149,1.949217,0.110303,-0.021484,0.004213,0.558828,0.828994,0.386877,1.971421,0.966648,jog
1119,9.325,0.000159,0.008271,-0.684175,-0.729271,0.407424,2.1529,0.064757,0.099913,-0.111196,-0.292815,-0.944411,0.512756,1.963117,0.106653,-0.056494,0.013872,0.56317,0.824291,0.387842,1.972476,0.958517,jog
1120,9.333333,0.000693,0.008088,-0.682709,-0.730645,0.406925,2.152331,0.064537,0.098918,-0.098322,-0.300391,-0.943564,0.51701,1.976978,0.102277,-0.056826,0.014526,0.564737,0.823184,0.389068,1.974766,0.959422,jog
1121,9.341667,-0.002241,-0.005837,-0.686087,-0.727493,0.406995,2.152845,0.063546,0.087534,-0.084321,-0.302832,-0.945262,0.522382,1.990109,0.09887,-0.05798,0.015539,0.566214,0.82207,0.39015,1.976897,0.960174,jog
1122,9.35,-0.004338,-0.010377,-0.685167,-0.7283,0.407236,2.152756,0.063096,0.077195,-0.072216,-0.303751,-0.946869,0.528671,2.004636,0.0954,-0.05861,0.016606,0.567283,0.821267,0.391389,1.979109,0.960838,jog
1123,9.358333,-0.005961,-0.010981,-0.68379,-0.729572,0.407993,2.153105,0.062929,0.057972,-0.062976,-0.307563,-0.94767,0.534321,2.018763,0.092558,-0.062,0.01887,0.568505,0.820123,0.392483,1.981089,0.960924,jog
1124,9.366667,-0.00608,-0.009749,-0.68377,-0.729607,0.4086,2.153632,0.063002,0.033641,-0.056969,-0.314596,-0.946917,0.539704,2.032984,0.090089,-0.064344,0.020849,0.569327,0.819324,0.393704,1.983207,0.961025,jog
1125,9.375,-0.000196,0.004654,-0.689307,-0.724454,0.407397,2.154164,0.064483,0.005948,-0.049819,-0.31965,-0.946206,0.545234,2.046793,0.088035,-0.068452,0.023598,0.569912,0.81851,0.395076,1.985288,0.960693,jog
1126,9.383333,-0.004623,-0.005757,-0.689482,-0.724266,0.407645,2.154234,0.063373,-0.006028,-0.038825,-0.326708,-0.944308,0.551502,2.060515,0.085299,-0.07208,0.025905,0.570816,0.817498,0.396295,1.987302,0.960401,jog
1127,9.391667,-0.004703,-0.010659,-0.68712,-0.726451,0.407847,2.153954,0.062854,-0.005032,-0.026581,-0.332422,-0.942743,0.556327,2.073773,0.082337,-0.076374,0.028906,0.571299,0.81667,0.397726,1.989349,0.959898,jog
1128,9.4,0.015468,0.021921,-0.689475,-0.723812,0.407735,2.154411,0.066532,-0.006693,-0.012891,-0.326547,-0.945069,0.562058,2.088501,0.079026,-0.080209,0.031505,0.57226,0.815532,0.398948,1.991258,0.959387,jog
1129,9.408333,0.01714,0.025089,-0.689808,-0.723355,0.407734,2.154514,0.06688,-0.016261,-0.005738,-0.328353,-0.944398,0.566676,2.101792,0.077082,-0.083528,0.03394,0.572885,0.814662,0.400487,1.993474,0.958907,jog
1130,9.416667,0.006677,0.009322,-0.688196,-0.725435,0.408468,2.154388,0.065456,-0.021019,0.000997,-0.327788,-0.944517,0.570748,2.11354,0.075283,-0.086749,0.036667,0.573599,0.813704,0.401911,1.99543,0.958382,jog
1131,9.425,0.009725,0.015323,-0.6891,-0.724439,0.408402,2.154625,0.066189,-0.037131,0.001392,-0.324288,-0.945229,0.574742,2.124601,0.074813,-0.089173,0.0389,0.574251,0.812878,0.403411,1.997582,0.957908,jog
1132,9.433333,0.004003,0.012881,-0.69027,-0.723426,0.408623,2.154645,0.065595,-0.043017,0.018895,-0.320569,-0.946059,0.578485,2.135135,0.074482,-0.092083,0.041448,0.575068,0.81185,0.404971,1.999636,0.957241,jog
1133,9.441667,0.002671,0.003555,-0.692733,-0.721181,0.407923,2.154859,0.064815,-0.058546,0.010109,-0.32792,-0.942835,0.579993,2.145907,0.074394,-0.094264,0.043708,0.575825,0.810944,0.406639,2.001698,0.956707,jog
1134,9.45,0.001159,-0.0012,-0.693171,-0.720771,0.408056,2.154847,0.064382,-0.058353,-0.006903,-0.346867,-0.936072,0.579684,2.155777,0.073469,-0.095018,0.045663,0.577058,0.809871,0.408275,2.003857,0.956382,jog
1135,9.458333,0.003758,-0.002212,-0.692804,-0.721113,0.408089,2.154624,0.064309,-0.038916,-0.005479,-0.352177,-0.935108,0.580603,2.16219,0.071603,-0.096436,0.047638,0.577754,0.809093,0.410173,2.00592,0.955811,jog
1136,9.466667,0.003622,-0.00387,-0.693463,-0.720473,0.408116,2.1547,0.064324,-0.013221,0.001089,-0.349779,-0.936738,0.581842,2.16638,0.069095,-0.097353,0.049483,0.578538,0.808311,0.41225,2.008145,0.955346,jog
1137,9.475,0.004909,-0.005445,-0.69269,-0.721198,0.407964,2.154427,0.064374,0.015261,0.010575,-0.344882,-0.938462,0.582455,2.168163,0.066153,-0.09688,0.050901,0.57933,0.807713,0.414304,2.010473,0.955177,jog
1138,9.483333,0.00464,-0.005034,-0.69452,-0.719441,0.408072,2.154683,0.064401,0.039029,0.015834,-0.34,-0.939482,0.582515,2.167875,0.063935,-0.094859,0.052445,0.579326,0.807857,0.417014,2.012571,0.95513,jog
1139,9.491667,0.005193,-0.005299,-0.695119,-0.718857,0.408035,2.154716,0.064414,0.043354,0.025406,-0.339323,-0.939327,0.581368,2.16664,0.063765,-0.094204,0.053566,0.580163,0.807259,0.418866,2.014593,0.955006,jog
1140,9.5,0.0062,-0.004623,-0.695399,-0.718582,0.407957,2.154715,0.064372,0.047222,0.031212,-0.342193,-0.937923,0.579747,2.165368,0.063092,-0.094521,0.05463,0.580466,0.806933,0.420832,2.016583,0.954659,jog
1141,9.508333,0.007263,-0.003417,-0.695679,-0.718308,0.407903,2.154744,0.06446,0.029857,0.022854,-0.343946,-0.938236,0.578628,2.165214,0.064408,-0.095375,0.056361,0.581274,0.806131,0.422617,2.01851,0.954243,jog
1142,9.516667,0.008442,0.000983,-0.695892,-0.718097,0.40789,2.154784,0.064935,0.044662,0.03334,-0.347813,-0.935906,0.578114,2.164703,0.063234,-0.097204,0.058024,0.582012,0.805262,0.424195,2.020201,0.953723,jog
1143,9.525,0.011149,0.00148,-0.696387,-0.717579,0.407888,2.154827,0.06505,0.040909,0.029806,-0.347059,-0.936477,0.578514,2.165467,0.063873,-0.100268,0.058621,0.583125,0.804037,0.425778,2.021921,0.953534,jog
1144,9.533333,0.012236,0.001873,-0.696806,-0.717153,0.407951,2.154879,0.065116,0.033851,0.01632,-0.345224,-0.937768,0.579264,2.166574,0.064085,-0.102524,0.058913,0.583995,0.803099,0.427394,2.023621,0.953464,jog
1145,9.541667,0.013193,0.002008,-0.697343,-0.716613,0.40803,2.154987,0.065211,0.03269,0.016968,-0.348954,-0.936416,0.579752,2.166975,0.06389,-0.104766,0.059331,0.584845,0.80216,0.428697,2.025103,0.953518,jog
1146,9.55,0.013794,0.000416,-0.697838,-0.716123,0.408109,2.155052,0.0652,0.030133,0.013825,-0.350449,-0.935995,0.579754,2.167022,0.06351,-0.1062,0.05935,0.585595,0.801422,0.429959,2.026612,0.953657,jog
1147,9.558333,0.015168,0.000622,-0.698243,-0.7157,0.408149,2.155078,0.065329,0.029322,0.01253,-0.348833,-0.936642,0.579999,2.166501,0.063457,-0.107702,0.059094,0.585767,0.801115,0.431402,2.028026,0.953764,jog
1148,9.566667,0.015799,-0.000348,-0.699264,-0.714689,0.408342,2.155149,0.065575,0.030558,0.012765,-0.347881,-0.936954,0.580199,2.166281,0.063224,-0.10701,0.058512,0.586089,0.801015,0.43274,2.029561,0.954261,jog
1149,9.575,0.014144,-0.001842,-0.700785,-0.71323,0.408711,2.155353,0.065892,0.032799,0.013684,-0.347464,-0.93702,0.580298,2.166368,0.063026,-0.107584,0.058546,0.586275,0.8008,0.434128,2.031154,0.954384,jog
1150,9.583333,0.01483,-0.000762,-0.701973,-0.712048,0.408847,2.155455,0.065901,0.037131,0.016523,-0.346025,-0.937345,0.580599,2.166444,0.062861,-0.107618,0.058199,0.586692,0.800515,0.435363,2.03241,0.954661,jog
1151,9.591667,0.015091,-2.6e-05,-0.703025,-0.711006,0.408899,2.155802,0.066038,0.041044,0.018951,-0.344287,-0.937775,0.58081,2.166456,0.062825,-0.109118,0.058928,0.586521,0.800384,0.437152,2.034135,0.95436,jog
1152,9.6,0.016537,0.000612,-0.704577,-0.709435,0.409352,2.155555,0.066236,0.045063,0.021777,-0.342675,-0.93812,0.580989,2.166393,0.062631,-0.111659,0.059983,0.586187,0.800199,0.439276,2.036133,0.953657,jog
1153,9.608333,0.014552,5e-06,-0.706522,-0.707541,0.409547,2.155839,0.066397,0.048746,0.023685,-0.341204,-0.938426,0.581143,2.16632,0.062372,-0.11361,0.060515,0.586003,0.800019,0.441134,2.037679,0.953155,jog
1154,9.616667,0.013911,0.000448,-0.707784,-0.706292,0.409672,2.155784,0.06647,0.051171,0.024803,-0.340077,-0.938677,0.581237,2.166312,0.062147,-0.114597,0.060702,0.585904,0.799937,0.442864,2.039004,0.952875,jog
1155,9.625,0.012606,0.000348,-0.708921,-0.705175,0.409767,2.155751,0.066507,0.052666,0.026516,-0.339882,-0.938618,0.581161,2.166332,0.062134,-0.114537,0.060457,0.585937,0.79994,0.444445,2.039997,0.952887,jog
1156,9.633333,0.011473,0.000374,-0.710036,-0.704072,0.409801,2.155743,0.066564,0.053476,0.02785,-0.339985,-0.938496,0.581019,2.166359,0.062188,-0.116521,0.061154,0.58603,0.799532,0.446423,2.041687,0.952124,jog
1157,9.641667,0.010335,0.000252,-0.711074,-0.703042,0.409827,2.155741,0.06662,0.053415,0.028524,-0.340138,-0.938424,0.580905,2.166463,0.062265,-0.117812,0.061473,0.585981,0.799355,0.448289,2.043141,0.951617,jog
1158,9.65,0.009086,0.00015,-0.711916,-0.702206,0.409782,2.155705,0.066644,0.053709,0.029087,-0.340448,-0.938277,0.580816,2.166538,0.062291,-0.117939,0.061451,0.586354,0.799064,0.449788,2.044236,0.951496,jog
1159,9.658333,0.008249,0.000402,-0.712737,-0.701383,0.409665,2.155674,0.066687,0.053716,0.028653,-0.340684,-0.938205,0.580777,2.166621,0.06223,-0.118568,0.061556,0.586537,0.798828,0.45147,2.045597,0.951118,jog
1160,9.666667,0.007321,0.000635,-0.7134,-0.700718,0.409547,2.155653,0.066755,0.053426,0.02811,-0.341011,-0.938119,0.580713,2.166681,0.062185,-0.118722,0.061493,0.58685,0.79858,0.453113,2.046941,0.950895,jog
1161,9.675,0.006843,0.000986,-0.71401,-0.700101,0.409404,2.155633,0.066809,0.053026,0.027556,-0.341373,-0.938026,0.580674,2.166767,0.062163,-0.118916,0.061602,0.587418,0.798125,0.454607,2.048394,0.950632,jog
1162,9.683333,0.006615,0.001456,-0.714546,-0.699555,0.409272,2.155621,0.066869,0.052643,0.027207,-0.341837,-0.937889,0.5806,2.166843,0.062174,-0.119466,0.06155,0.58782,0.797752,0.45603,2.049738,0.950413,jog
1163,9.691667,0.006327,0.001804,-0.714969,-0.699126,0.409191,2.155607,0.066917,0.052734,0.027045,-0.342078,-0.937801,0.580581,2.166903,0.062129,-0.118452,0.0608,0.588342,0.797575,0.457101,2.050735,0.950683,jog
1164,9.7,0.006197,0.002134,-0.715401,-0.698684,0.409114,2.155586,0.066965,0.053166,0.026979,-0.342078,-0.937778,0.580573,2.166934,0.062066,-0.118093,0.06063,0.588974,0.797175,0.458226,2.051988,0.950797,jog
1165,9.708333,0.006079,0.002416,-0.715814,-0.698261,0.409039,2.155569,0.066993,0.053485,0.026846,-0.342095,-0.937758,0.580541,2.166967,0.061993,-0.118061,0.06091,0.589772,0.796568,0.459412,2.053249,0.950801,jog
1166,9.716667,0.006283,0.003033,-0.716193,-0.697867,0.409011,2.155543,0.06702,0.054375,0.027101,-0.341966,-0.937746,0.580565,2.166975,0.061938,-0.118595,0.061316,0.590624,0.795826,0.460523,2.054504,0.950736,jog
1167,9.725,0.006256,0.00341,-0.716641,-0.697406,0.408986,2.155524,0.067051,0.055337,0.027637,-0.341803,-0.937734,0.580573,2.167002,0.061894,-0.118964,0.061657,0.591295,0.795246,0.461626,2.055788,0.950761,jog
1168,9.733333,0.006552,0.003992,-0.716965,-0.697067,0.408929,2.15551,0.067113,0.055982,0.028049,-0.341705,-0.937719,0.580553,2.167027,0.061864,-0.119109,0.062049,0.591928,0.794723,0.462788,2.057042,0.950805,jog
1169,9.741667,0.009636,0.006423,-0.716862,-0.697119,0.408522,2.155427,0.067395,0.056641,0.028462,-0.341614,-0.9377,0.580514,2.167048,0.061843,-0.120341,0.062554,0.592555,0.79403,0.463681,2.05804,0.950719,jog
1170,9.75,0.009861,0.007274,-0.717301,-0.696655,0.408478,2.155404,0.067467,0.05735,0.029024,-0.341567,-0.937657,0.580481,2.167055,0.061835,-0.114981,0.060631,0.592619,0.794925,0.464908,2.059335,0.951886,jog
1171,9.758333,0.01041,0.008481,-0.717728,-0.696194,0.408418,2.155353,0.067549,0.05785,0.029428,-0.341414,-0.937669,0.580461,2.167077,0.061818,-0.107435,0.057832,0.59362,0.795442,0.466323,2.060761,0.953509,jog
1172,9.766667,0.010943,0.009489,-0.718201,-0.695685,0.40835,2.155293,0.067613,0.058272,0.029709,-0.341341,-0.937661,0.580431,2.167077,0.0618,-0.103621,0.056295,0.594706,0.795248,0.467086,2.062004,0.954319,jog
1173,9.775,0.011717,0.010722,-0.718647,-0.695194,0.408272,2.155244,0.067721,0.058603,0.029973,-0.341224,-0.937674,0.580419,2.16709,0.061784,-0.098639,0.054544,0.595716,0.795247,0.467956,2.063308,0.95537,jog
1174,9.783333,0.012157,0.011752,-0.719136,-0.694664,0.408188,2.155201,0.067831,0.058647,0.029902,-0.341207,-0.93768,0.58039,2.167093,0.061784,-0.094127,0.053028,0.596709,0.795152,0.468733,2.064519,0.956325,jog
1175,9.791667,0.01272,0.012902,-0.719732,-0.694016,0.408082,2.155198,0.067981,0.058775,0.03004,-0.341233,-0.937658,0.580354,2.167091,0.061778,-0.090068,0.051779,0.597741,0.794929,0.469454,2.065659,0.957184,jog
1176,9.8,0.013342,0.013849,-0.720271,-0.693426,0.407999,2.155203,0.068121,0.058896,0.030068,-0.341268,-0.937637,0.580349,2.167078,0.061754,-0.086602,0.050797,0.598685,0.794668,0.470174,2.066692,0.95792,jog
1177,9.808333,0.014088,0.015079,-0.720898,-0.692734,0.407861,2.155212,0.068279,0.058738,0.030031,-0.341329,-0.937626,0.580333,2.167071,0.061739,-0.083648,0.050067,0.599634,0.794314,0.470802,2.067647,0.958579,jog
1178,9.816667,0.015016,0.016471,-0.721595,-0.691956,0.40774,2.155235,0.068473,0.05875,0.029942,-0.341382,-0.937609,0.580317,2.167042,0.061716,-0.115355,0.063204,0.599519,0.789478,0.47297,2.0676,0.952617,jog
1179,9.825,0.015929,0.017769,-0.722238,-0.691233,0.407646,2.155293,0.068639,0.058681,0.029951,-0.341304,-0.937641,0.580325,2.167042,0.0617,-0.116159,0.063365,0.600478,0.788618,0.473662,2.068269,0.95261,jog
1180,9.833333,0.017019,0.0188,-0.722976,-0.690408,0.40757,2.155363,0.068795,0.058665,0.029975,-0.341302,-0.937642,0.580324,2.167023,0.061675,-0.116794,0.063571,0.600996,0.788113,0.474442,2.069079,0.952606,jog
1181,9.841667,0.018063,0.019649,-0.723774,-0.68952,0.407535,2.155484,0.068953,0.05811,0.029192,-0.341127,-0.937765,0.580267,2.167008,0.061728,-0.118294,0.063974,0.601141,0.787746,0.475465,2.069968,0.952423,jog
1182,9.85,0.019518,0.020887,-0.724652,-0.688522,0.407501,2.155607,0.069113,0.057892,0.02911,-0.341078,-0.937799,0.580269,2.166988,0.061709,-0.119621,0.06409,0.601114,0.787556,0.476592,2.070958,0.952341,jog
1183,9.858333,0.021514,0.022464,-0.725473,-0.687548,0.407468,2.155568,0.069221,0.057718,0.02914,-0.341061,-0.937815,0.580253,2.166974,0.061723,-0.119971,0.063661,0.600863,0.787729,0.477884,2.072159,0.952508,jog
1184,9.866667,0.023515,0.024803,-0.726551,-0.686262,0.407412,2.155596,0.06954,0.057555,0.029149,-0.341042,-0.937832,0.58023,2.166938,0.061716,-0.118953,0.06253,0.600443,0.788295,0.479188,2.073608,0.952967,jog
1185,9.875,0.025589,0.027049,-0.727604,-0.684986,0.407405,2.155552,0.0699,0.057811,0.029931,-0.341184,-0.93774,0.580265,2.166888,0.061657,-0.117016,0.060768,0.600075,0.789002,0.480505,2.075083,0.95361,jog
1186,9.883333,0.028635,0.030003,-0.72862,-0.683662,0.407227,2.155423,0.070267,0.058072,0.030096,-0.341029,-0.937775,0.580288,2.16684,0.061626,-0.114545,0.058916,0.599773,0.789735,0.481819,2.076446,0.954417,jog
1187,9.891667,0.030798,0.032288,-0.730045,-0.68194,0.407215,2.15544,0.070653,0.05788,0.03021,-0.340952,-0.937811,0.580281,2.166806,0.061611,-0.111784,0.056824,0.60034,0.789852,0.482635,2.07753,0.95539,jog
1188,9.9,0.033448,0.034489,-0.731569,-0.680072,0.407101,2.155435,0.070994,0.057962,0.030625,-0.340975,-0.937784,0.580302,2.166768,0.061575,-0.109421,0.054727,0.600883,0.789919,0.48353,2.078643,0.956247,jog
1189,9.908333,0.039023,0.034706,-0.732098,-0.679194,0.407097,2.155077,0.071501,0.058288,0.032063,-0.341304,-0.937596,0.58029,2.166734,0.061587,-0.106889,0.052549,0.601352,0.790057,0.484381,2.079796,0.957115,jog
1190,9.916667,0.041232,0.036696,-0.733449,-0.6775,0.407086,2.15511,0.071861,0.056923,0.029189,-0.340777,-0.937965,0.58021,2.16669,0.061703,-0.104544,0.050549,0.601834,0.790134,0.485291,2.080848,0.957936,jog
1191,9.925,0.039043,0.037084,-0.734699,-0.676253,0.406969,2.15505,0.072005,0.05678,0.029225,-0.340773,-0.937974,0.580223,2.166625,0.061658,-0.10227,0.048356,0.602583,0.789998,0.485982,2.08174,0.958798,jog
1192,9.933333,0.040989,0.038301,-0.736239,-0.674393,0.406996,2.155062,0.07239,0.056514,0.029321,-0.340744,-0.937998,0.580229,2.166589,0.061674,-0.090239,0.038471,0.604111,0.790839,0.48688,2.083754,0.962899,jog
1193,9.941667,0.043144,0.040508,-0.73803,-0.672168,0.407034,2.15509,0.072662,0.056082,0.029363,-0.340834,-0.93799,0.580256,2.166542,0.061677,-0.090412,0.038057,0.604989,0.790168,0.487516,2.084396,0.96296,jog
1194,9.95,0.045299,0.041861,-0.740926,-0.668748,0.406775,2.155396,0.07324,0.05646,0.029829,-0.340809,-0.937961,0.580282,2.166451,0.061719,-0.091655,0.03808,0.605611,0.789547,0.488147,2.084938,0.962769,jog
1195,9.958333,0.047378,0.043691,-0.742701,-0.666515,0.407122,2.155619,0.073524,0.05861,0.03124,-0.341416,-0.937563,0.580257,2.166053,0.061955,-0.092348,0.037486,0.606451,0.78885,0.488701,2.085491,0.962745,jog
1196,9.966667,0.05056,0.04505,-0.744193,-0.664523,0.407042,2.15578,0.073928,0.060346,0.03151,-0.340998,-0.937596,0.580458,2.165653,0.061816,-0.092862,0.036783,0.607127,0.788302,0.489291,2.085938,0.962685,jog
1197,9.975,0.052356,0.046482,-0.745745,-0.662543,0.406995,2.156086,0.074313,0.059677,0.031227,-0.340442,-0.93785,0.580522,2.165478,0.061783,-0.093977,0.036574,0.607662,0.787767,0.489768,2.086309,0.962432,jog
1198,9.983333,0.054757,0.047566,-0.747212,-0.660616,0.406936,2.156388,0.074702,0.05913,0.031113,-0.339965,-0.938061,0.580568,2.165313,0.06181,-0.094301,0.036234,0.608329,0.787229,0.490217,2.086741,0.962251,jog
1199,9.991667,0.057591,0.048421,-0.748627,-0.658708,0.406951,2.15661,0.075063,0.058928,0.03101,-0.339533,-0.938234,0.5806,2.165138,0.061861,-0.09438,0.035791,0.608824,0.786857,0.490608,2.087047,0.962105,jog
1200,10.0,0.060214,0.049165,-0.749724,-0.657169,0.406952,2.156894,0.075398,0.05762,0.030902,-0.338942,-0.938533,0.580588,2.165102,0.061928,-0.093988,0.03552,0.609347,0.786512,0.490964,2.087444,0.961991,jog
1201,10.008333,0.064159,0.049423,-0.750834,-0.655507,0.406475,2.1572,0.075868,0.054951,0.031568,-0.339181,-0.938584,0.580402,2.165177,0.062202,-0.093785,0.035172,0.609441,0.786479,0.49147,2.087754,0.961807,jog
1202,10.016667,0.067883,0.05047,-0.751961,-0.653758,0.406388,2.157542,0.076306,0.053034,0.031213,-0.338708,-0.938877,0.580377,2.165268,0.062226,-0.093583,0.035173,0.609484,0.786469,0.49196,2.088339,0.961587,jog
1203,10.025,0.071841,0.05226,-0.75304,-0.65195,0.40628,2.157943,0.076777,0.052539,0.030705,-0.338286,-0.939074,0.580405,2.165294,0.062137,-0.093272,0.034763,0.609517,0.786499,0.492357,2.088756,0.961433,jog
1204,10.033333,0.074283,0.052672,-0.754686,-0.649735,0.406639,2.158177,0.077216,0.051839,0.030548,-0.338319,-0.939106,0.580355,2.165303,0.062113,-0.092563,0.034165,0.609547,0.786586,0.492769,2.089122,0.96139,jog
1205,10.041667,0.077401,0.053463,-0.755865,-0.647935,0.406627,2.158463,0.077623,0.051616,0.030747,-0.338501,-0.939046,0.580302,2.165302,0.062111,-0.092347,0.033857,0.609595,0.786587,0.493249,2.089471,0.961203,jog
1206,10.05,0.080635,0.055251,-0.756916,-0.646161,0.406577,2.158758,0.078023,0.051686,0.030907,-0.338754,-0.938946,0.580239,2.165303,0.062106,-0.092525,0.03347,0.609396,0.786738,0.49373,2.089719,0.96101,jog
1207,10.058333,0.083702,0.057748,-0.757863,-0.64444,0.406514,2.159042,0.078452,0.052245,0.031186,-0.339011,-0.938813,0.580201,2.165302,0.062079,-0.092664,0.033385,0.609249,0.786838,0.494211,2.090016,0.960833,jog
1208,10.066667,0.086649,0.059432,-0.758711,-0.642898,0.406486,2.159292,0.078838,0.05297,0.031698,-0.339222,-0.938679,0.580167,2.165286,0.062072,-0.092721,0.033313,0.609341,0.786763,0.494628,2.090322,0.960659,jog
1209,10.075,0.089772,0.061176,-0.759466,-0.641412,0.406425,2.159531,0.079231,0.05343,0.031944,-0.339485,-0.938549,0.580128,2.16528,0.062055,-0.093021,0.033278,0.609206,0.786834,0.495129,2.090556,0.960478,jog
1210,10.083333,0.092876,0.06343,-0.760241,-0.639832,0.406396,2.159762,0.079614,0.053996,0.032162,-0.339518,-0.938498,0.580108,2.165273,0.062034,-0.093563,0.033413,0.609058,0.786878,0.495624,2.090749,0.960283,jog
1211,10.091667,0.096206,0.065496,-0.76101,-0.638215,0.406315,2.160017,0.080047,0.054742,0.0324,-0.3395,-0.938453,0.580098,2.165265,0.061991,-0.093962,0.033408,0.609019,0.786861,0.49604,2.090954,0.960139,jog
1212,10.1,0.105479,0.069067,-0.760875,-0.636532,0.40573,2.16047,0.081114,0.055103,0.032601,-0.33942,-0.938453,0.580093,2.165283,0.061969,-0.093869,0.033468,0.609271,0.786675,0.496415,2.091201,0.96009,jog
1213,10.108333,0.112142,0.075041,-0.763083,-0.632058,0.405952,2.161005,0.081848,0.055336,0.032854,-0.339341,-0.93846,0.58008,2.1653,0.061959,-0.093775,0.033476,0.609279,0.78668,0.496867,2.091409,0.960082,jog
1214,10.116667,0.108832,0.075362,-0.762567,-0.63322,0.40597,2.160843,0.081697,0.05534,0.032822,-0.33925,-0.938493,0.580072,2.165318,0.061957,-0.093923,0.033562,0.609319,0.786627,0.49728,2.091584,0.960049,jog
1215,10.125,0.112108,0.077619,-0.763171,-0.631646,0.405911,2.161057,0.082138,0.055236,0.032991,-0.339233,-0.9385,0.580063,2.165345,0.061955,-0.094411,0.033837,0.609619,0.786325,0.497716,2.091758,0.959869,jog
1216,10.133333,0.117252,0.080412,-0.763267,-0.630245,0.405312,2.161574,0.082752,0.055349,0.033047,-0.339126,-0.93853,0.58006,2.165358,0.061952,-0.094196,0.033994,0.609783,0.786216,0.498124,2.092027,0.959906,jog
1217,10.141667,0.123833,0.085786,-0.765508,-0.625542,0.4055,2.162122,0.083462,0.055341,0.033024,-0.339083,-0.938547,0.580049,2.165368,0.061945,-0.093977,0.034061,0.609934,0.786123,0.498504,2.092263,0.959976,jog
1218,10.15,0.119739,0.085741,-0.765057,-0.626896,0.405661,2.161764,0.083158,0.055245,0.032962,-0.339017,-0.938578,0.580045,2.165378,0.061953,-0.093474,0.034204,0.610304,0.785889,0.498882,2.092519,0.960081,jog
1219,10.158333,0.121701,0.088381,-0.765633,-0.625446,0.405627,2.161907,0.083421,0.055306,0.033023,-0.339035,-0.938566,0.580039,2.165378,0.061957,-0.093266,0.034292,0.61058,0.785695,0.499298,2.09268,0.960131,jog
1220,10.166667,0.122893,0.091284,-0.766247,-0.624043,0.405565,2.162039,0.083583,0.055418,0.033005,-0.338968,-0.938584,0.580038,2.165377,0.061942,-0.092549,0.034292,0.610929,0.785509,0.499644,2.092926,0.960314,jog
1221,10.175,0.127811,0.095058,-0.766494,-0.622186,0.404675,2.162445,0.084008,0.05523,0.032978,-0.339066,-0.938561,0.580015,2.165383,0.061967,-0.091939,0.034252,0.611474,0.785158,0.499977,2.093158,0.96042,jog
1222,10.183333,0.12975,0.097854,-0.767157,-0.620532,0.4045,2.162545,0.084199,0.055223,0.032937,-0.339114,-0.938546,0.580001,2.165377,0.061965,-0.091197,0.03419,0.611905,0.784912,0.500316,2.093391,0.960604,jog
1223,10.191667,0.131835,0.100547,-0.767841,-0.618813,0.404281,2.162618,0.084346,0.05532,0.03299,-0.339116,-0.938537,0.579991,2.165379,0.061978,-0.090904,0.034304,0.612377,0.784573,0.500679,2.093635,0.96066,jog
1224,10.2,0.132978,0.102581,-0.768644,-0.617236,0.404065,2.162675,0.084377,0.055154,0.032881,-0.339172,-0.938531,0.57997,2.165384,0.06198,-0.090721,0.034444,0.612894,0.784184,0.501061,2.093827,0.960676,jog
1225,10.208333,0.132048,0.103287,-0.769497,-0.616254,0.404075,2.162648,0.084274,0.055595,0.033062,-0.339151,-0.938506,0.579948,2.165373,0.061975,-0.090598,0.034619,0.613378,0.783812,0.501446,2.094036,0.960701,jog
1226,10.216667,0.128342,0.103175,-0.770752,-0.615488,0.404519,2.162455,0.083987,0.055482,0.033033,-0.339188,-0.9385,0.579946,2.165387,0.061981,-0.090585,0.035244,0.613991,0.783306,0.5017,2.094309,0.960639,jog
1227,10.225,0.128467,0.102883,-0.772066,-0.613861,0.403925,2.162688,0.083783,0.055644,0.033112,-0.339227,-0.938473,0.579921,2.165386,0.061975,-0.090256,0.035235,0.614417,0.78301,0.502063,2.094536,0.960703,jog
1228,10.233333,0.132422,0.106362,-0.772613,-0.611736,0.403394,2.16288,0.084055,0.055885,0.033179,-0.339234,-0.938454,0.579922,2.165386,0.061973,-0.089884,0.035193,0.615082,0.782532,0.502346,2.094705,0.960782,jog
1229,10.241667,0.131645,0.107535,-0.772768,-0.611502,0.402975,2.162944,0.083743,0.055851,0.033213,-0.339168,-0.938479,0.57992,2.165409,0.061974,-0.089371,0.035148,0.615543,0.78223,0.502708,2.094935,0.960902,jog
1230,10.25,0.131353,0.107882,-0.77329,-0.610844,0.402869,2.162862,0.083477,0.055801,0.03314,-0.339204,-0.938472,0.579914,2.165422,0.061982,-0.089216,0.035062,0.616111,0.781805,0.502953,2.095123,0.960958,jog
1231,10.258333,0.130766,0.107269,-0.77388,-0.610331,0.40274,2.162773,0.083164,0.056075,0.033381,-0.339242,-0.938433,0.579906,2.165425,0.061973,-0.08883,0.034993,0.61664,0.781434,0.503219,2.095327,0.961081,jog
1232,10.266667,0.130293,0.107824,-0.774021,-0.610155,0.402712,2.162586,0.082951,0.056524,0.0335,-0.339247,-0.9384,0.579904,2.165407,0.061943,-0.088789,0.035098,0.617132,0.781046,0.503591,2.095549,0.961115,jog
1233,10.275,0.130664,0.10965,-0.773707,-0.610148,0.402755,2.162317,0.082865,0.056353,0.033434,-0.339255,-0.93841,0.5799,2.16543,0.061948,-0.088551,0.034991,0.617772,0.780572,0.503833,2.095795,0.961238,jog
1234,10.283333,0.131921,0.11165,-0.773409,-0.609894,0.402776,2.161998,0.082731,0.056387,0.033487,-0.339261,-0.938404,0.579888,2.165444,0.061942,-0.088673,0.035208,0.618274,0.780151,0.504215,2.096027,0.961231,jog
1235,10.291667,0.133069,0.114732,-0.772765,-0.609888,0.402763,2.1617,0.082767,0.056436,0.033527,-0.339288,-0.93839,0.579884,2.165456,0.061939,-0.08853,0.035233,0.618715,0.779816,0.504552,2.096243,0.961305,jog
1236,10.3,0.133702,0.117586,-0.772009,-0.610164,0.402733,2.161398,0.082832,0.056416,0.033493,-0.339377,-0.93836,0.579885,2.16546,0.061928,-0.088595,0.035107,0.619488,0.7792,0.504797,2.096422,0.961341,jog
1237,10.308333,0.134401,0.12041,-0.771471,-0.610139,0.402632,2.161123,0.082886,0.056496,0.033498,-0.339419,-0.938339,0.579866,2.165463,0.061927,-0.088805,0.035441,0.619873,0.778855,0.50516,2.096665,0.961328,jog
1238,10.316667,0.135345,0.123379,-0.771069,-0.609846,0.402443,2.16082,0.082886,0.056572,0.03352,-0.339444,-0.938325,0.579864,2.165464,0.061923,-0.088177,0.035306,0.620409,0.778505,0.505428,2.096918,0.961548,jog
1239,10.325,0.133485,0.12398,-0.770648,-0.610666,0.402704,2.160508,0.083304,0.056591,0.033512,-0.339463,-0.938317,0.579861,2.165478,0.061918,-0.088076,0.035484,0.621008,0.778031,0.50573,2.097133,0.961607,jog
1240,10.333333,0.134411,0.127709,-0.769857,-0.610692,0.402583,2.16023,0.083258,0.056521,0.033569,-0.339486,-0.938311,0.579842,2.165489,0.061926,-0.088141,0.035544,0.621495,0.777632,0.506032,2.097314,0.961634,jog
1241,10.341667,0.136585,0.129684,-0.770421,-0.609079,0.401733,2.160097,0.082912,0.056663,0.033544,-0.339555,-0.938278,0.579842,2.165477,0.061893,-0.088108,0.035529,0.622024,0.777214,0.506334,2.097521,0.961674,jog
1242,10.35,0.136778,0.130752,-0.770517,-0.608686,0.401475,2.159907,0.082863,0.056671,0.033562,-0.339476,-0.938306,0.579832,2.165484,0.061894,-0.088022,0.035749,0.622446,0.776876,0.506722,2.097776,0.961691,jog
1243,10.358333,0.136691,0.132012,-0.77086,-0.608,0.401193,2.159707,0.082771,0.05675,0.033636,-0.339504,-0.938288,0.579824,2.165489,0.061899,-0.088283,0.035684,0.622854,0.776522,0.507049,2.097941,0.961665,jog
1244,10.366667,0.136521,0.133276,-0.771351,-0.607138,0.40089,2.1595,0.082673,0.056808,0.033703,-0.339487,-0.938289,0.579809,2.16548,0.061895,-0.089013,0.035819,0.623472,0.775936,0.507374,2.09801,0.961541,jog
1245,10.375,0.136308,0.134275,-0.771917,-0.606246,0.400599,2.159313,0.082636,0.056812,0.033717,-0.339556,-0.938263,0.579798,2.165478,0.061891,-0.089437,0.036077,0.623924,0.775511,0.507755,2.098126,0.961448,jog
1246,10.383333,0.136408,0.135624,-0.772608,-0.605042,0.400291,2.15913,0.082601,0.05695,0.033739,-0.339515,-0.938269,0.579812,2.165479,0.061881,-0.089507,0.036088,0.624489,0.775048,0.508093,2.098246,0.961477,jog
1247,10.391667,0.136317,0.137053,-0.773347,-0.603795,0.400007,2.158955,0.082598,0.056929,0.033849,-0.339492,-0.938274,0.579803,2.165482,0.061898,-0.089651,0.036137,0.624728,0.774837,0.508425,2.098339,0.961511,jog
1248,10.4,0.136688,0.138806,-0.774163,-0.602263,0.399715,2.158784,0.082614,0.056968,0.033839,-0.339518,-0.938263,0.579801,2.165476,0.061889,-0.089686,0.036518,0.625198,0.774436,0.508705,2.098471,0.96147,jog
1249,10.408333,0.136642,0.140201,-0.775043,-0.600817,0.399479,2.158601,0.08262,0.056967,0.033788,-0.339543,-0.938256,0.579784,2.165458,0.061883,-0.090374,0.036864,0.625333,0.77423,0.509137,2.098513,0.961303,jog
1250,10.416667,0.136349,0.141838,-0.77601,-0.599248,0.399262,2.158448,0.08266,0.057146,0.033866,-0.339552,-0.938239,0.579774,2.165445,0.061867,-0.09039,0.036832,0.625703,0.77393,0.509379,2.098623,0.961302,jog
1251,10.425,0.136135,0.143381,-0.776984,-0.597666,0.399062,2.158301,0.082752,0.05701,0.033906,-0.339583,-0.938234,0.579777,2.165444,0.061875,-0.090784,0.037013,0.626081,0.773571,0.509646,2.098763,0.961201,jog
1252,10.433333,0.135327,0.144753,-0.777982,-0.596219,0.398923,2.158178,0.082878,0.057241,0.034051,-0.339585,-0.938214,0.579762,2.165428,0.061863,-0.091651,0.037194,0.626294,0.773287,0.509942,2.098886,0.961051,jog
1253,10.441667,0.134569,0.145703,-0.779125,-0.594665,0.398799,2.158075,0.08298,0.057123,0.033962,-0.339582,-0.938226,0.579748,2.165424,0.061861,-0.092058,0.037295,0.62661,0.772978,0.510215,2.098984,0.961014,jog
1254,10.45,0.134184,0.146816,-0.780257,-0.592992,0.398669,2.157983,0.083056,0.057104,0.034203,-0.339269,-0.938331,0.579752,2.165454,0.061838,-0.092595,0.037411,0.626918,0.772658,0.510457,2.09908,0.960938,jog
1255,10.458333,0.133896,0.148048,-0.78144,-0.59119,0.398562,2.157903,0.083133,0.057109,0.034297,-0.339088,-0.938393,0.579746,2.165461,0.061824,-0.093203,0.037479,0.627336,0.772242,0.510669,2.099131,0.960845,jog
1256,10.466667,0.133783,0.14926,-0.782768,-0.58915,0.398453,2.157845,0.083141,0.057292,0.034417,-0.339085,-0.938379,0.579731,2.165436,0.061808,-0.09391,0.037681,0.627616,0.771919,0.510883,2.099259,0.960695,jog
1257,10.475,0.133398,0.150181,-0.78399,-0.587376,0.398395,2.1578,0.083188,0.057302,0.034397,-0.339127,-0.938364,0.579733,2.165428,0.0618,-0.093703,0.037503,0.62754,0.772015,0.511222,2.099419,0.960767,jog
1258,10.483333,0.132994,0.150848,-0.785228,-0.585641,0.398376,2.157754,0.083245,0.057494,0.034397,-0.339165,-0.938338,0.579731,2.1654,0.061791,-0.090326,0.036401,0.626552,0.773271,0.511757,2.099275,0.96148,jog
1259,10.491667,0.132741,0.151488,-0.786477,-0.583854,0.398351,2.157728,0.083236,0.057485,0.03444,-0.339185,-0.93833,0.579719,2.165388,0.061793,-0.092419,0.037477,0.627849,0.771919,0.511454,2.0995,0.960865,jog
1260,10.5,0.131942,0.15187,-0.787612,-0.582404,0.398376,2.157712,0.083209,0.057475,0.034254,-0.339174,-0.938341,0.57973,2.165364,0.061779,-0.09194,0.037346,0.627898,0.771943,0.51159,2.099558,0.960952,jog
1261,10.508333,0.1315,0.15216,-0.788866,-0.580729,0.398382,2.157707,0.083096,0.057164,0.034177,-0.339229,-0.938343,0.579724,2.165363,0.061793,-0.092036,0.037383,0.628101,0.771765,0.511645,2.099606,0.960902,jog
1262,10.516667,0.131047,0.152549,-0.789974,-0.579221,0.398416,2.157729,0.083019,0.057171,0.034131,-0.339231,-0.938344,0.579714,2.16534,0.061797,-0.092212,0.037385,0.628296,0.771585,0.511756,2.09962,0.960884,jog
1263,10.525,0.130909,0.152437,-0.791129,-0.577703,0.398493,2.157745,0.082932,0.057149,0.033978,-0.339227,-0.938352,0.579713,2.165314,0.061796,-0.092789,0.037517,0.628465,0.771372,0.511877,2.099649,0.960772,jog
1264,10.533333,0.13036,0.152306,-0.792178,-0.576422,0.398619,2.157795,0.082872,0.056767,0.033854,-0.339248,-0.938372,0.579698,2.165303,0.061829,-0.093368,0.037647,0.628694,0.771109,0.511976,2.099755,0.960648,jog
1265,10.541667,0.129591,0.152464,-0.792996,-0.575428,0.398743,2.157883,0.082876,0.056539,0.0336,-0.339253,-0.938393,0.579708,2.165292,0.061851,-0.094103,0.037797,0.628809,0.770919,0.51207,2.099811,0.960508,jog
1266,10.55,0.129069,0.152389,-0.793738,-0.574543,0.398903,2.157956,0.082887,0.056163,0.033287,-0.339269,-0.938421,0.579712,2.165279,0.061864,-0.094829,0.037921,0.628936,0.770719,0.512168,2.099854,0.960379,jog
1267,10.558333,0.129067,0.152332,-0.794395,-0.573649,0.399056,2.158051,0.082951,0.055998,0.033156,-0.339233,-0.938449,0.579703,2.165259,0.061888,-0.095338,0.037945,0.628854,0.770723,0.512336,2.09997,0.960301,jog
1268,10.566667,0.12862,0.154106,-0.793905,-0.573955,0.3995,2.158464,0.083186,0.055719,0.032852,-0.339246,-0.938471,0.579702,2.165229,0.06189,-0.096061,0.038104,0.6289,0.770587,0.512451,2.10002,0.960148,jog
1269,10.575,0.127012,0.141487,-0.796102,-0.574519,0.3999,2.158568,0.082208,0.055362,0.032679,-0.339165,-0.938528,0.579697,2.165224,0.061919,-0.096334,0.038099,0.628919,0.770538,0.512595,2.100101,0.960083,jog
1270,10.583333,0.126852,0.140921,-0.79594,-0.574917,0.400196,2.158798,0.082214,0.055338,0.032402,-0.339584,-0.938387,0.579707,2.165148,0.061943,-0.096442,0.038056,0.628984,0.770474,0.512713,2.10019,0.960055,jog
1271,10.591667,0.126721,0.140075,-0.795771,-0.575387,0.400474,2.159103,0.082152,0.055035,0.032223,-0.339528,-0.938431,0.579701,2.165134,0.061941,-0.096702,0.038063,0.62898,0.770444,0.512833,2.100265,0.959981,jog
1272,10.6,0.12688,0.138989,-0.795606,-0.575843,0.40075,2.159429,0.082027,0.054826,0.032201,-0.339559,-0.938433,0.579697,2.165111,0.061958,-0.097096,0.038175,0.629043,0.770337,0.512915,2.100342,0.959875,jog
1273,10.608333,0.128065,0.136614,-0.795862,-0.575794,0.400926,2.159713,0.081682,0.054677,0.032122,-0.33947,-0.938477,0.579685,2.165089,0.061963,-0.097115,0.03819,0.629045,0.770332,0.51303,2.100434,0.959852,jog
1274,10.616667,0.128934,0.134867,-0.79559,-0.576388,0.401143,2.160009,0.081463,0.054681,0.032185,-0.339444,-0.938484,0.579662,2.165056,0.061951,-0.097094,0.038288,0.629109,0.770278,0.513165,2.100515,0.959816,jog
1275,10.625,0.129601,0.133574,-0.795073,-0.577253,0.401397,2.160332,0.081319,0.05437,0.031964,-0.339509,-0.938486,0.579666,2.165043,0.061964,-0.097204,0.038382,0.629046,0.770311,0.513318,2.100618,0.959777,jog
1276,10.633333,0.130213,0.132585,-0.794451,-0.578199,0.401631,2.160654,0.081188,0.054316,0.031988,-0.33948,-0.938499,0.57965,2.165022,0.061955,-0.097107,0.038383,0.628998,0.770363,0.513459,2.100698,0.959795,jog
1277,10.641667,0.130956,0.131942,-0.793662,-0.579261,0.401863,2.16098,0.081128,0.054232,0.032068,-0.339503,-0.938493,0.579644,2.165011,0.061965,-0.09711,0.038452,0.629056,0.770311,0.513546,2.10078,0.959782,jog
1278,10.65,0.131623,0.131614,-0.792856,-0.580287,0.402087,2.161291,0.081109,0.054328,0.032075,-0.33948,-0.938495,0.579631,2.164986,0.061948,-0.097126,0.038502,0.629139,0.770239,0.513693,2.100836,0.95975,jog
1279,10.658333,0.132305,0.131631,-0.792004,-0.58129,0.402319,2.161539,0.081112,0.054521,0.032226,-0.33949,-0.938475,0.579622,2.164966,0.061943,-0.096976,0.038405,0.629237,0.770183,0.513812,2.100917,0.959773,jog
1280,10.666667,0.133431,0.131529,-0.791299,-0.582016,0.402484,2.161758,0.081071,0.054313,0.032186,-0.339518,-0.938478,0.57961,2.164948,0.061932,-0.097114,0.038454,0.629399,0.770031,0.513903,2.10099,0.959732,jog
1281,10.675,0.134509,0.131226,-0.790754,-0.582577,0.402631,2.161911,0.080984,0.054376,0.032296,-0.33951,-0.938474,0.579612,2.164948,0.061929,-0.097265,0.038591,0.629424,0.769984,0.514053,2.101061,0.959705,jog
1282,10.683333,0.134609,0.140887,-0.791219,-0.579658,0.402121,2.161947,0.081702,0.054427,0.03242,-0.339449,-0.938489,0.579585,2.164941,0.061928,-0.09736,0.038588,0.629614,0.769817,0.514241,2.101174,0.959665,jog
1283,10.691667,0.134623,0.141565,-0.790869,-0.579967,0.402222,2.161918,0.081805,0.054553,0.032384,-0.339487,-0.938469,0.579579,2.164922,0.061905,-0.09728,0.038646,0.629694,0.769759,0.514378,2.101264,0.959689,jog
1284,10.7,0.135162,0.143057,-0.790618,-0.579818,0.402248,2.161814,0.081917,0.054574,0.03242,-0.339465,-0.938474,0.579572,2.164918,0.061892,-0.097346,0.03861,0.629824,0.769646,0.51452,2.101339,0.959677,jog
1285,10.708333,0.134917,0.144391,-0.790792,-0.579307,0.402201,2.161659,0.082144,0.054608,0.032567,-0.339502,-0.938454,0.579563,2.164916,0.061889,-0.097297,0.038558,0.629964,0.76954,0.514635,2.101432,0.95968,jog
1286,10.716667,0.134481,0.145246,-0.791102,-0.578771,0.402211,2.161447,0.082412,0.054634,0.032663,-0.339475,-0.938459,0.579554,2.164917,0.061864,-0.097363,0.038558,0.630155,0.769376,0.514752,2.101522,0.95967,jog
1287,10.725,0.133907,0.145883,-0.791537,-0.578149,0.402204,2.161199,0.082723,0.054749,0.032775,-0.339488,-0.938443,0.579536,2.16491,0.06187,-0.097481,0.038612,0.63024,0.769288,0.514906,2.101616,0.959653,jog
1288,10.733333,0.133249,0.146775,-0.792078,-0.577334,0.402159,2.16092,0.082961,0.05481,0.032804,-0.339541,-0.93842,0.579524,2.164901,0.061862,-0.097476,0.03864,0.63042,0.76914,0.515032,2.101781,0.959632,jog
1289,10.741667,0.13248,0.147723,-0.792711,-0.5764,0.402107,2.160627,0.083198,0.054891,0.032849,-0.339477,-0.938437,0.579504,2.164906,0.061857,-0.097642,0.038744,0.630509,0.76904,0.515212,2.101859,0.959592,jog
1290,10.75,0.13173,0.148247,-0.793282,-0.575651,0.40211,2.160324,0.083432,0.055078,0.033026,-0.339549,-0.938393,0.579496,2.164902,0.061844,-0.097422,0.038671,0.630655,0.768952,0.515323,2.101977,0.959644,jog
1291,10.758333,0.131362,0.149123,-0.793915,-0.574635,0.402036,2.160043,0.083591,0.055024,0.032926,-0.339583,-0.938388,0.579493,2.164908,0.061847,-0.097344,0.038681,0.63071,0.768917,0.515436,2.10211,0.959667,jog
1292,10.766667,0.131171,0.149652,-0.794504,-0.573727,0.401948,2.159803,0.083766,0.055254,0.033166,-0.33957,-0.938371,0.579498,2.164917,0.061844,-0.097467,0.038672,0.630738,0.768879,0.515529,2.102237,0.959638,jog
1293,10.775,0.130987,0.149816,-0.795127,-0.572861,0.401836,2.159629,0.083933,0.055497,0.033263,-0.339646,-0.938325,0.579472,2.164897,0.061827,-0.097477,0.038721,0.630854,0.76878,0.515622,2.10236,0.959633,jog
1294,10.783333,0.130621,0.149814,-0.795784,-0.572033,0.401736,2.159491,0.084083,0.055577,0.033323,-0.33963,-0.938324,0.579474,2.164904,0.061812,-0.097534,0.038837,0.630894,0.768734,0.515763,2.10254,0.959621,jog
1295,10.791667,0.130323,0.150039,-0.796354,-0.571249,0.401659,2.159393,0.084244,0.055801,0.033495,-0.339597,-0.938317,0.579469,2.164905,0.061805,-0.097528,0.038806,0.631087,0.768578,0.515875,2.10264,0.959592,jog
1296,10.8,0.130049,0.150435,-0.796953,-0.570371,0.40157,2.159346,0.084343,0.05579,0.033457,-0.339667,-0.938293,0.579456,2.164905,0.061805,-0.097104,0.038661,0.631161,0.768578,0.515965,2.10281,0.959692,jog
1297,10.808333,0.129991,0.150723,-0.797517,-0.569519,0.401449,2.159341,0.084424,0.055947,0.033536,-0.339671,-0.93828,0.579453,2.1649,0.061784,-0.097262,0.038731,0.631266,0.768468,0.516036,2.102924,0.959667,jog
1298,10.816667,0.129995,0.150901,-0.798082,-0.568678,0.401361,2.15935,0.084484,0.055888,0.033548,-0.339638,-0.938295,0.579446,2.164916,0.061786,-0.09734,0.038691,0.631301,0.768431,0.516127,2.103055,0.959663,jog
1299,10.825,0.129975,0.151055,-0.798601,-0.567914,0.401242,2.159415,0.084536,0.056112,0.033729,-0.339618,-0.938282,0.579446,2.164914,0.061772,-0.097232,0.038695,0.631519,0.768265,0.516173,2.103182,0.959694,jog
1300,10.833333,0.13038,0.151786,-0.799017,-0.56704,0.401129,2.159465,0.084545,0.056295,0.033803,-0.339604,-0.938274,0.57944,2.164912,0.061771,-0.09744,0.038731,0.631585,0.768183,0.516262,2.103274,0.95966,jog
1301,10.841667,0.130668,0.152219,-0.799474,-0.566212,0.401059,2.159536,0.084558,0.056229,0.033695,-0.339624,-0.938274,0.579436,2.164919,0.061764,-0.09742,0.038621,0.631632,0.768153,0.516384,2.103379,0.959668,jog
1302,10.85,0.131088,0.152783,-0.799821,-0.565473,0.401012,2.159597,0.084557,0.056317,0.033722,-0.339603,-0.938276,0.579438,2.164922,0.061758,-0.097418,0.038694,0.631779,0.768028,0.516457,2.103468,0.959674,jog
1303,10.858333,0.131398,0.153406,-0.800178,-0.564726,0.401005,2.159663,0.084579,0.056315,0.033824,-0.339618,-0.938267,0.57942,2.164932,0.061772,-0.097417,0.038669,0.631889,0.76794,0.516508,2.103554,0.959679,jog
1304,10.866667,0.131763,0.15394,-0.800466,-0.564089,0.401001,2.159739,0.084607,0.056383,0.033953,-0.339233,-0.938397,0.579416,2.164974,0.061759,-0.0974,0.038655,0.631987,0.767862,0.516577,2.103654,0.959687,jog
1305,10.875,0.132423,0.15456,-0.800739,-0.563376,0.400984,2.1598,0.084606,0.05641,0.034101,-0.339235,-0.938389,0.579409,2.164982,0.061742,-0.097422,0.038646,0.632096,0.76777,0.516616,2.103745,0.959698,jog
1306,10.883333,0.132779,0.155065,-0.800994,-0.56279,0.401015,2.15986,0.084615,0.056455,0.034038,-0.33921,-0.938398,0.579403,2.164991,0.061728,-0.097452,0.038719,0.632163,0.767707,0.516689,2.103863,0.959702,jog
1307,10.891667,0.133346,0.155748,-0.801182,-0.5622,0.401044,2.15992,0.084636,0.056664,0.034125,-0.339172,-0.938396,0.579409,2.165003,0.061731,-0.097564,0.038758,0.632264,0.767607,0.516748,2.10395,0.959683,jog
1308,10.9,0.133726,0.156065,-0.801436,-0.56166,0.401113,2.15999,0.084697,0.056687,0.034155,-0.339136,-0.938406,0.57941,2.165009,0.061709,-0.09749,0.038778,0.632363,0.767535,0.516815,2.104074,0.95972,jog
1309,10.908333,0.134201,0.156293,-0.801548,-0.561323,0.40116,2.160039,0.084752,0.056903,0.034188,-0.339104,-0.938404,0.579408,2.165009,0.0617,-0.097641,0.038877,0.632425,0.767459,0.516881,2.104174,0.95969,jog
1310,10.916667,0.132284,0.154716,-0.802072,-0.561467,0.401137,2.160247,0.084814,0.057023,0.034243,-0.339151,-0.938377,0.57942,2.165015,0.061684,-0.097583,0.03891,0.632501,0.767402,0.516953,2.104263,0.959722,jog
1311,10.925,0.132583,0.155019,-0.802147,-0.561205,0.401198,2.160289,0.084819,0.057025,0.03421,-0.33912,-0.93839,0.579415,2.165028,0.061683,-0.097508,0.038927,0.632587,0.76734,0.516975,2.104362,0.959757,jog
1312,10.933333,0.133639,0.155425,-0.802013,-0.561034,0.401408,2.160208,0.084918,0.056932,0.034241,-0.33913,-0.938391,0.579415,2.16504,0.061689,-0.097666,0.039058,0.63266,0.767253,0.517014,2.104444,0.959744,jog
1313,10.941667,0.134269,0.154841,-0.801977,-0.561096,0.401566,2.160177,0.085092,0.057165,0.034312,-0.339144,-0.938369,0.579408,2.165038,0.061674,-0.09766,0.039057,0.632731,0.767196,0.517091,2.104568,0.959772,jog
1314,10.95,0.134981,0.154868,-0.801878,-0.56106,0.401743,2.160128,0.085187,0.057381,0.034401,-0.339132,-0.938357,0.5794,2.165031,0.061671,-0.097446,0.039117,0.632809,0.767155,0.517092,2.104675,0.959852,jog
1315,10.958333,0.135585,0.155153,-0.801562,-0.561287,0.401971,2.160065,0.08525,0.057267,0.03433,-0.33916,-0.938356,0.5794,2.165052,0.06168,-0.097244,0.039171,0.633075,0.766959,0.517065,2.104815,0.959911,jog
1316,10.966667,0.134111,0.154827,-0.802054,-0.561027,0.401872,2.160254,0.085206,0.057213,0.034325,-0.339186,-0.93835,0.579388,2.165061,0.061684,-0.097534,0.039288,0.633134,0.766867,0.517112,2.104876,0.959858,jog
1317,10.975,0.13425,0.155278,-0.802162,-0.560715,0.401913,2.160303,0.08518,0.057461,0.034349,-0.339157,-0.938345,0.5794,2.165058,0.061672,-0.097397,0.039341,0.63319,0.766835,0.517142,2.104976,0.95992,jog
1318,10.983333,0.134572,0.156867,-0.80242,-0.559826,0.401817,2.160373,0.085182,0.057593,0.034365,-0.339188,-0.938325,0.579408,2.165049,0.061654,-0.097426,0.039436,0.633253,0.766775,0.51716,2.105047,0.959938,jog
1319,10.991667,0.135385,0.157725,-0.802513,-0.559255,0.401734,2.160455,0.085184,0.057631,0.03442,-0.339118,-0.938346,0.579407,2.165061,0.061655,-0.097525,0.039599,0.633291,0.766723,0.517214,2.105124,0.95993,jog
1320,11.0,0.136031,0.158372,-0.802546,-0.558868,0.401703,2.160543,0.085204,0.057673,0.034439,-0.339176,-0.938322,0.57941,2.165058,0.061659,-0.097219,0.039561,0.633373,0.766695,0.517209,2.105229,0.96004,jog
1321,11.008333,0.136325,0.158571,-0.802536,-0.558755,0.401718,2.160626,0.085208,0.057417,0.034353,-0.339185,-0.938337,0.579407,2.165066,0.061663,-0.097278,0.039641,0.633414,0.76665,0.517219,2.105308,0.960034,jog
1322,11.016667,0.13662,0.158713,-0.802567,-0.558598,0.401726,2.160701,0.085213,0.05773,0.034439,-0.339147,-0.938329,0.579406,2.165061,0.061656,-0.096854,0.039645,0.633497,0.766635,0.517213,2.105418,0.960168,jog
1323,11.025,0.137131,0.158923,-0.802573,-0.558404,0.401733,2.160764,0.085204,0.057792,0.034458,-0.339152,-0.938322,0.579408,2.165054,0.061645,-0.096845,0.039756,0.63351,0.766619,0.517216,2.105503,0.960173,jog
1324,11.033333,0.137618,0.15886,-0.802456,-0.558471,0.401753,2.160836,0.085239,0.057836,0.034459,-0.33913,-0.938328,0.579394,2.165051,0.061663,-0.096614,0.039769,0.633976,0.766263,0.517052,2.105622,0.96022,jog
1325,11.041667,0.139019,0.159147,-0.802294,-0.558275,0.401693,2.160908,0.085387,0.057939,0.03446,-0.339091,-0.938335,0.579393,2.165048,0.061654,-0.096527,0.039784,0.63407,0.766195,0.516973,2.105718,0.960266,jog
1326,11.05,0.13949,0.15879,-0.802007,-0.558671,0.401777,2.160915,0.085455,0.057758,0.034358,-0.339037,-0.93837,0.579375,2.165054,0.061666,-0.096252,0.039847,0.634178,0.766137,0.516919,2.105795,0.960348,jog
1327,11.058333,0.139938,0.1587,-0.801688,-0.559042,0.401897,2.160897,0.0855,0.057848,0.034424,-0.339033,-0.938363,0.579378,2.165052,0.061658,-0.095949,0.039916,0.633941,0.766368,0.517026,2.105858,0.960445,jog
1328,11.066667,0.140377,0.158991,-0.801368,-0.559309,0.402019,2.16087,0.085536,0.057919,0.034392,-0.339041,-0.938357,0.579367,2.165048,0.061654,-0.095898,0.039983,0.634151,0.766196,0.516968,2.105953,0.960455,jog
1329,11.075,0.140694,0.159252,-0.801102,-0.559535,0.402118,2.160832,0.085597,0.057831,0.034403,-0.339017,-0.938371,0.579369,2.165054,0.06167,-0.095507,0.039952,0.634542,0.765923,0.516856,2.106056,0.960516,jog
1330,11.083333,0.140965,0.159514,-0.800838,-0.559769,0.402226,2.160798,0.085671,0.057765,0.034384,-0.339001,-0.938381,0.579364,2.165064,0.061671,-0.095573,0.04005,0.634749,0.765739,0.516816,2.106174,0.960491,jog
1331,11.091667,0.141484,0.160224,-0.800651,-0.559704,0.402248,2.160751,0.085698,0.05803,0.034408,-0.338991,-0.938368,0.579364,2.165054,0.06166,-0.09577,0.040066,0.635501,0.765089,0.516551,2.106285,0.960432,jog
1332,11.1,0.141947,0.160917,-0.800661,-0.559374,0.402184,2.160709,0.085737,0.05794,0.034347,-0.339002,-0.938372,0.579353,2.165061,0.061677,-0.095346,0.039913,0.636119,0.764636,0.516316,2.106377,0.960525,jog
1333,11.108333,0.142379,0.161582,-0.800552,-0.559229,0.402161,2.160674,0.08577,0.057906,0.034329,-0.339035,-0.938362,0.579341,2.165061,0.061684,-0.095016,0.039857,0.636569,0.764305,0.516153,2.106452,0.96063,jog
1334,11.116667,0.142517,0.161789,-0.800502,-0.559204,0.402132,2.160648,0.085814,0.058113,0.034485,-0.338992,-0.938359,0.579352,2.165065,0.061652,-0.094989,0.039773,0.63689,0.764046,0.516061,2.106475,0.96065,jog
1335,11.125,0.142797,0.162075,-0.800505,-0.559045,0.402076,2.160629,0.085875,0.058284,0.034515,-0.33895,-0.938363,0.579355,2.165068,0.061649,-0.094818,0.039716,0.637147,0.763856,0.515927,2.106533,0.960722,jog
1336,11.133333,0.142747,0.162087,-0.800575,-0.558956,0.402029,2.160615,0.085911,0.05816,0.034446,-0.339004,-0.938353,0.57936,2.165074,0.061649,-0.09481,0.03971,0.637386,0.763658,0.515816,2.10655,0.960763,jog
1337,11.141667,0.143022,0.162428,-0.800757,-0.558526,0.40192,2.160606,0.085942,0.058258,0.034434,-0.338989,-0.938353,0.579347,2.165073,0.061644,-0.094731,0.039712,0.637582,0.763504,0.515711,2.106567,0.960823,jog
1338,11.15,0.143296,0.162622,-0.800902,-0.55819,0.401797,2.160599,0.085963,0.058207,0.034409,-0.338991,-0.938357,0.579353,2.16509,0.061654,-0.096261,0.040271,0.636095,0.764523,0.516383,2.106167,0.960593,jog
1339,11.158333,0.143415,0.162818,-0.801156,-0.557738,0.401701,2.1606,0.085983,0.058344,0.034572,-0.338995,-0.938341,0.579357,2.165092,0.061654,-0.095874,0.040277,0.634939,0.765531,0.516548,2.106105,0.960799,jog
1340,11.166667,0.143477,0.162978,-0.801358,-0.557384,0.401615,2.160608,0.086007,0.05833,0.034547,-0.339017,-0.938335,0.579345,2.165108,0.061656,-0.095045,0.040067,0.635074,0.765534,0.516373,2.10608,0.960961,jog
1341,11.175,0.143488,0.162833,-0.801478,-0.557251,0.401595,2.160625,0.08602,0.058381,0.034433,-0.338979,-0.938349,0.579369,2.165102,0.061633,-0.094325,0.039927,0.635025,0.765671,0.516307,2.106171,0.961117,jog
1342,11.183333,0.143568,0.162817,-0.801647,-0.556993,0.401554,2.160643,0.08605,0.058434,0.034481,-0.338966,-0.938349,0.579364,2.165103,0.061635,-0.094286,0.040068,0.634846,0.765817,0.516393,2.106314,0.961132,jog
1343,11.191667,0.143753,0.162754,-0.801797,-0.556748,0.40152,2.160668,0.086083,0.058433,0.034519,-0.338997,-0.938336,0.579356,2.165106,0.061636,-0.094459,0.04034,0.634611,0.765975,0.516491,2.10655,0.961117,jog
1344,11.2,0.143858,0.162756,-0.801888,-0.556589,0.401514,2.160694,0.086097,0.058489,0.03455,-0.338989,-0.938335,0.579348,2.165103,0.061631,-0.094227,0.040321,0.635533,0.765241,0.516247,2.106696,0.961063,jog
1345,11.208333,0.143934,0.162702,-0.801959,-0.556482,0.401525,2.16072,0.086119,0.058532,0.034534,-0.338995,-0.93833,0.57935,2.1651,0.06163,-0.094168,0.040333,0.636146,0.764738,0.515981,2.10701,0.961005,jog
1346,11.216667,0.144242,0.162766,-0.801984,-0.556348,0.401543,2.160753,0.086141,0.058508,0.034526,-0.338993,-0.938333,0.579365,2.165103,0.061619,-0.093802,0.040166,0.637107,0.763991,0.515521,2.107228,0.961063,jog
1347,11.225,0.144439,0.162659,-0.802035,-0.556255,0.401582,2.160788,0.086166,0.058451,0.03447,-0.338991,-0.938339,0.579368,2.165101,0.061614,-0.093808,0.040051,0.637485,0.763681,0.515418,2.107321,0.961069,jog
1348,11.233333,0.144595,0.162531,-0.802022,-0.556271,0.401628,2.160821,0.08619,0.058582,0.034577,-0.339016,-0.938318,0.579362,2.165096,0.061622,-0.093903,0.040029,0.637675,0.763512,0.515381,2.107379,0.961081,jog
1349,11.241667,0.144723,0.162526,-0.802056,-0.55619,0.401699,2.16086,0.086212,0.058478,0.034628,-0.339001,-0.938328,0.579356,2.1651,0.061631,-0.093856,0.040027,0.637817,0.7634,0.515299,2.107438,0.961152,jog
1350,11.25,0.145039,0.162559,-0.801978,-0.55621,0.401756,2.160884,0.086225,0.058391,0.03461,-0.339026,-0.938325,0.579337,2.16511,0.061642,-0.094065,0.040043,0.637993,0.763226,0.515202,2.107447,0.961164,jog
1351,11.258333,0.145122,0.162267,-0.802015,-0.556221,0.401837,2.160913,0.086243,0.058396,0.034549,-0.338976,-0.938345,0.579351,2.165097,0.06163,-0.094432,0.040071,0.638187,0.763016,0.515059,2.10743,0.961142,jog
1352,11.266667,0.145306,0.162074,-0.802017,-0.556225,0.401906,2.160946,0.086273,0.058495,0.034648,-0.338996,-0.938328,0.579338,2.165099,0.061647,-0.09485,0.040174,0.638338,0.762833,0.514907,2.107396,0.961127,jog
1353,11.275,0.14557,0.162099,-0.802036,-0.556122,0.401966,2.160981,0.086299,0.058452,0.034582,-0.339055,-0.938312,0.579337,2.165087,0.061637,-0.095215,0.040309,0.638367,0.762756,0.514859,2.107343,0.961093,jog
1354,11.283333,0.145655,0.162076,-0.802103,-0.55601,0.402039,2.161016,0.086322,0.05825,0.034482,-0.338967,-0.93836,0.57935,2.165095,0.061638,-0.095567,0.040487,0.638373,0.762697,0.514826,2.107275,0.961045,jog
1355,11.291667,0.145853,0.162034,-0.802095,-0.555981,0.402111,2.161033,0.086339,0.058467,0.034577,-0.339012,-0.938327,0.579337,2.165082,0.061639,-0.095599,0.040473,0.638427,0.762649,0.51474,2.107265,0.961066,jog
1356,11.3,0.145985,0.161849,-0.802112,-0.555976,0.402173,2.161059,0.086374,0.058261,0.034629,-0.339023,-0.938334,0.579339,2.165096,0.061649,-0.09554,0.040522,0.638439,0.762644,0.514651,2.107264,0.961099,jog
1357,11.308333,0.146015,0.1617,-0.802215,-0.555863,0.40223,2.161073,0.086379,0.058285,0.034489,-0.338949,-0.938364,0.579353,2.165088,0.061626,-0.095335,0.040534,0.63846,0.762651,0.514537,2.107292,0.961165,jog
1358,11.316667,0.146273,0.161628,-0.802198,-0.555841,0.402273,2.161093,0.086402,0.058231,0.03451,-0.338984,-0.938354,0.579334,2.165103,0.061645,-0.095068,0.04047,0.638615,0.762558,0.514319,2.107348,0.961248,jog
1359,11.325,0.146618,0.161937,-0.802194,-0.555666,0.402232,2.161153,0.08638,0.058299,0.034518,-0.338951,-0.938361,0.57934,2.165102,0.061632,-0.094659,0.040345,0.638699,0.762545,0.514162,2.107407,0.961335,jog
1360,11.333333,0.146569,0.161674,-0.802243,-0.555685,0.402255,2.16118,0.086394,0.058262,0.0345,-0.338935,-0.93837,0.579352,2.165098,0.061629,-0.094314,0.040244,0.63876,0.762542,0.514025,2.10745,0.961415,jog
1361,11.341667,0.146652,0.161582,-0.802285,-0.555629,0.40228,2.161211,0.086385,0.058469,0.034521,-0.338894,-0.938371,0.579347,2.16509,0.061625,-0.094248,0.040344,0.638763,0.762542,0.513898,2.107456,0.961421,jog
1362,11.35,0.146591,0.161401,-0.80238,-0.55556,0.402326,2.161235,0.086375,0.058383,0.034494,-0.338902,-0.938375,0.579349,2.165088,0.061616,-0.09391,0.040278,0.638761,0.762589,0.513795,2.107482,0.961487,jog
1363,11.358333,0.146606,0.16126,-0.802398,-0.555571,0.402349,2.16127,0.086386,0.058308,0.034433,-0.338919,-0.938376,0.579347,2.165094,0.061624,-0.093893,0.040334,0.638763,0.762587,0.513669,2.107474,0.961486,jog
1364,11.366667,0.1466,0.161196,-0.802451,-0.555515,0.402375,2.161302,0.086367,0.058266,0.034495,-0.338906,-0.93838,0.579349,2.165097,0.06162,-0.093926,0.040413,0.638757,0.762584,0.513548,2.107462,0.961468,jog
1365,11.375,0.146607,0.160916,-0.802479,-0.555554,0.402403,2.161328,0.08637,0.058366,0.034493,-0.338885,-0.938382,0.579349,2.165097,0.061617,-0.093688,0.040352,0.638758,0.762616,0.513428,2.107478,0.96153,jog
1366,11.383333,0.14672,0.160988,-0.802456,-0.555536,0.402428,2.161369,0.086352,0.058377,0.034614,-0.338844,-0.938392,0.579351,2.165099,0.06162,-0.094069,0.040524,0.638689,0.762617,0.513338,2.107431,0.961454,jog
1367,11.391667,0.14682,0.160677,-0.802502,-0.555534,0.402423,2.161396,0.086369,0.058295,0.03451,-0.338822,-0.938408,0.579354,2.165108,0.061623,-0.0943,0.040561,0.638686,0.762589,0.513212,2.107405,0.961415,jog
1368,11.4,0.146701,0.160297,-0.802458,-0.555738,0.402484,2.161405,0.086386,0.058371,0.034588,-0.338856,-0.938389,0.579323,2.165107,0.061625,-0.094628,0.040744,0.638591,0.762618,0.513138,2.107343,0.961357,jog
1369,11.408333,0.146871,0.160212,-0.802418,-0.555775,0.402529,2.161406,0.086391,0.058221,0.03451,-0.338848,-0.938404,0.57934,2.165111,0.061619,-0.094605,0.040639,0.638671,0.76256,0.512928,2.107349,0.96138,jog
1370,11.416667,0.146727,0.159987,-0.80242,-0.555875,0.402588,2.161403,0.086404,0.058191,0.034514,-0.338863,-0.9384,0.579327,2.165113,0.061624,-0.09482,0.040758,0.63854,0.762636,0.512876,2.107293,0.961338,jog
1371,11.425,0.146515,0.159963,-0.80248,-0.555852,0.402638,2.161393,0.086388,0.058041,0.034416,-0.338827,-0.938426,0.579324,2.165115,0.061618,-0.094793,0.040609,0.638545,0.762643,0.51267,2.10728,0.961373,jog
1372,11.433333,0.14665,0.159605,-0.802602,-0.555744,0.402705,2.1614,0.086447,0.058135,0.034542,-0.338829,-0.938415,0.579312,2.165119,0.061643,-0.094935,0.04065,0.638502,0.76266,0.512563,2.10725,0.961349,jog
1373,11.441667,0.146483,0.159551,-0.80245,-0.556021,0.402733,2.161355,0.08642,0.058345,0.034483,-0.338807,-0.938412,0.579341,2.165094,0.061616,-0.095038,0.040712,0.638365,0.762758,0.512491,2.10721,0.961339,jog
1374,11.45,0.146552,0.159478,-0.802493,-0.555963,0.40275,2.161335,0.086422,0.058343,0.034462,-0.338816,-0.938409,0.579343,2.165087,0.061622,-0.095008,0.040704,0.638268,0.762844,0.512398,2.107184,0.961364,jog
1375,11.458333,0.146758,0.1595,-0.802659,-0.555663,0.402781,2.161352,0.086471,0.058287,0.034505,-0.338804,-0.938416,0.579343,2.165085,0.061623,-0.096225,0.041208,0.636513,0.764129,0.513042,2.106821,0.961137,jog
1376,11.466667,0.14599,0.158172,-0.802868,-0.555942,0.402334,2.161788,0.086396,0.05824,0.03445,-0.338742,-0.938443,0.579346,2.165082,0.06162,-0.095864,0.041116,0.635169,0.765298,0.513214,2.106661,0.961299,jog
1377,11.475,0.145856,0.157853,-0.802998,-0.55588,0.402334,2.16184,0.086397,0.058249,0.034529,-0.33871,-0.938451,0.579352,2.165075,0.061616,-0.095186,0.040984,0.634692,0.765785,0.513087,2.106593,0.961446,jog
1378,11.483333,0.145814,0.157197,-0.802964,-0.556126,0.402382,2.161902,0.086345,0.058165,0.034418,-0.338707,-0.938461,0.579348,2.165068,0.061622,-0.094683,0.040992,0.634531,0.76598,0.512935,2.106651,0.961535,jog
1379,11.491667,0.145814,0.156711,-0.80286,-0.556413,0.40244,2.161978,0.08626,0.058011,0.034418,-0.338665,-0.938486,0.579353,2.165068,0.061627,-0.094295,0.041082,0.63434,0.766181,0.512882,2.106776,0.961613,jog
1380,11.5,0.14573,0.156633,-0.802717,-0.556663,0.402498,2.162082,0.086137,0.058064,0.034409,-0.338592,-0.938509,0.579361,2.165059,0.061615,-0.094353,0.041323,0.635373,0.765305,0.512491,2.106985,0.961465,jog
1381,11.508333,0.145769,0.156856,-0.802507,-0.556894,0.402545,2.162193,0.086025,0.058057,0.034429,-0.338613,-0.938501,0.579353,2.165045,0.061618,-0.094283,0.041422,0.635231,0.765426,0.512414,2.107013,0.961492,jog
1382,11.516667,0.146095,0.156984,-0.802281,-0.557097,0.402586,2.1623,0.085931,0.058001,0.034364,-0.338596,-0.938514,0.579358,2.165033,0.061613,-0.094343,0.041436,0.634971,0.765633,0.512427,2.106901,0.96148,jog
1383,11.525,0.146569,0.157258,-0.801987,-0.557319,0.402631,2.162412,0.085854,0.057745,0.034254,-0.338551,-0.93855,0.579362,2.165039,0.061624,-0.090917,0.040005,0.633916,0.766997,0.513197,2.106413,0.962196,jog
1384,11.533333,0.147236,0.157611,-0.801703,-0.557452,0.402643,2.162507,0.08578,0.057724,0.034197,-0.338571,-0.938546,0.579359,2.165025,0.061619,-0.093224,0.04147,0.634794,0.765916,0.512072,2.106973,0.961724,jog
1385,11.541667,0.147812,0.158046,-0.801343,-0.557694,0.402675,2.162598,0.085724,0.057649,0.034233,-0.33852,-0.938567,0.579357,2.16502,0.061622,-0.093255,0.041491,0.63484,0.765872,0.511927,2.106945,0.961706,jog
1386,11.55,0.148493,0.158503,-0.800982,-0.557902,0.402691,2.162668,0.085661,0.057678,0.034232,-0.338458,-0.938588,0.579352,2.165002,0.061621,-0.093042,0.041524,0.634855,0.765884,0.511788,2.106901,0.961782,jog
1387,11.558333,0.149,0.158797,-0.800705,-0.558081,0.402709,2.162748,0.085612,0.057686,0.034262,-0.338454,-0.938588,0.579356,2.164996,0.061616,-0.093478,0.041677,0.634904,0.765782,0.511661,2.106771,0.961722,jog
1388,11.566667,0.149242,0.15868,-0.800464,-0.558395,0.402752,2.162811,0.085617,0.057691,0.034235,-0.338403,-0.938607,0.579363,2.164983,0.061618,-0.09394,0.04172,0.634865,0.765755,0.51162,2.106694,0.961668,jog
1389,11.575,0.149505,0.159074,-0.800283,-0.558471,0.402739,2.16285,0.08561,0.057564,0.034148,-0.338319,-0.938648,0.579361,2.164979,0.061607,-0.0946,0.041837,0.634933,0.765611,0.511515,2.106565,0.96156,jog
