Frame,Time (Seconds),RFoot:Rotation:X,RFoot:Rotation:Y,RFoot:Rotation:Z,RFoot:Rotation:W,RFoot:Position:X,RFoot:Position:Y,RFoot:Position:Z,LFoot:Rotation:X,LFoot:Rotation:Y,LFoot:Rotation:Z,LFoot:Rotation:W,LFoot:Position:X,LFoot:Position:Y,LFoot:Position:Z,Waist:Rotation:X,Waist:Rotation:Y,Waist:Rotation:Z,Waist:Rotation:W,Waist:Position:X,Waist:Position:Y,Waist:Position:Z,gait_type
0,0.0,0.045914,0.004245,0.411087,0.910429,-1.531835,-0.697152,0.018346,-0.06825,-0.000584,-0.052672,0.996277,-1.476356,-0.920981,0.012842,-0.027898,0.000222,-0.269587,-0.962572,-1.491518,-0.856004,0.923572,quasi
1,0.008333,0.043315,0.003425,0.410859,0.910663,-1.531977,-0.696907,0.018568,-0.068389,-0.000617,-0.052627,0.99627,-1.476354,-0.920966,0.012849,-0.027778,0.000767,-0.269212,-0.96268,-1.491681,-0.855668,0.923463,quasi
2,0.016667,0.042402,0.003158,0.411009,0.910639,-1.532009,-0.696827,0.018599,-0.068528,-0.000611,-0.052675,0.996257,-1.476345,-0.92096,0.01284,-0.027432,0.000414,-0.269165,-0.962703,-1.491677,-0.855203,0.923443,quasi
3,0.025,0.042236,0.003358,0.411416,0.910462,-1.532003,-0.696767,0.018594,-0.066811,-0.002454,-0.053478,0.996328,-1.47629,-0.920869,0.012483,-0.026693,3.2e-05,-0.26902,-0.962765,-1.491674,-0.854635,0.923398,quasi
4,0.033333,0.041733,0.003126,0.41147,0.910462,-1.53199,-0.69671,0.018674,-0.067051,-0.00245,-0.053497,0.996311,-1.476274,-0.92086,0.012476,-0.02641,-1.5e-05,-0.269137,-0.96274,-1.491655,-0.854163,0.923359,quasi
5,0.041667,0.041787,0.00333,0.411704,0.910353,-1.531934,-0.696694,0.018694,-0.067088,-0.002482,-0.053505,0.996308,-1.476264,-0.920848,0.012476,-0.026398,0.000442,-0.268927,-0.962799,-1.491658,-0.853672,0.923436,quasi
6,0.05,0.042713,0.004023,0.412057,0.910147,-1.53183,-0.696722,0.018632,-0.067185,-0.002461,-0.053508,0.996302,-1.47626,-0.920843,0.012483,-0.026197,0.000379,-0.268948,-0.962798,-1.49162,-0.853172,0.923459,quasi
7,0.058333,0.04389,0.00419,0.41229,0.909985,-1.531746,-0.696849,0.018547,-0.06702,-0.002472,-0.0535,0.996313,-1.476257,-0.92084,0.012479,-0.02566,6.8e-05,-0.268234,-0.963012,-1.491788,-0.852513,0.923575,quasi
8,0.066667,0.044656,0.004031,0.412209,0.909985,-1.531722,-0.697015,0.018463,-0.067087,-0.002344,-0.053507,0.996309,-1.476247,-0.920829,0.012492,-0.025527,0.000153,-0.268016,-0.963076,-1.49181,-0.852031,0.923513,quasi
9,0.075,0.04543,0.003993,0.412197,0.909953,-1.531718,-0.697134,0.018384,-0.067247,-0.002391,-0.05352,0.996297,-1.476262,-0.920826,0.012486,-0.025184,4e-05,-0.268072,-0.96307,-1.491763,-0.851496,0.923429,quasi
10,0.083333,0.045889,0.003843,0.411941,0.910046,-1.531753,-0.697213,0.018336,-0.067237,-0.002399,-0.05356,0.996296,-1.476243,-0.920829,0.012478,-0.025082,0.000493,-0.268143,-0.963053,-1.491825,-0.850957,0.923374,quasi
11,0.091667,0.046062,0.003827,0.411505,0.910235,-1.531828,-0.697248,0.018304,-0.067487,-0.002447,-0.053519,0.996281,-1.476245,-0.92083,0.012482,-0.024693,0.000164,-0.26794,-0.963119,-1.491874,-0.850269,0.923429,quasi
12,0.1,0.04618,0.003819,0.411275,0.910333,-1.531875,-0.697276,0.018258,-0.067736,-0.002487,-0.053516,0.996264,-1.476241,-0.92082,0.012476,-0.024352,0.000186,-0.267991,-0.963114,-1.491832,-0.849669,0.923389,quasi
13,0.108333,0.046476,0.004365,0.411107,0.910391,-1.531889,-0.697338,0.018159,-0.067706,-0.002498,-0.0536,0.996261,-1.476236,-0.920822,0.012463,-0.024502,0.000211,-0.268013,-0.963104,-1.491827,-0.849137,0.923331,quasi
14,0.116667,0.046678,0.004121,0.410726,0.910554,-1.531953,-0.697365,0.01815,-0.067808,-0.002476,-0.053638,0.996252,-1.47624,-0.920821,0.012455,-0.024442,8e-06,-0.267358,-0.963287,-1.492008,-0.84847,0.92339,quasi
15,0.125,0.04655,0.004217,0.410742,0.910553,-1.531999,-0.697337,0.018134,-0.067977,-0.002513,-0.053662,0.99624,-1.476228,-0.920818,0.012453,-0.024219,0.000291,-0.267767,-0.963179,-1.491928,-0.847729,0.92344,quasi
16,0.133333,0.046554,0.004648,0.410662,0.910587,-1.532029,-0.697308,0.018093,-0.068054,-0.002585,-0.053568,0.996239,-1.476226,-0.920821,0.012449,-0.024145,0.000596,-0.268158,-0.963072,-1.491848,-0.847021,0.923417,quasi
17,0.141667,0.04634,0.004041,0.410421,0.910709,-1.532079,-0.69731,0.018168,-0.068,-0.002536,-0.053678,0.996237,-1.47623,-0.920814,0.012443,-0.023593,0.000377,-0.267859,-0.963169,-1.491883,-0.846238,0.923442,quasi
18,0.15,0.046377,0.00404,0.410458,0.91069,-1.532095,-0.697292,0.018185,-0.068133,-0.002606,-0.053626,0.996231,-1.476222,-0.920803,0.012445,-0.02294,-1e-06,-0.267488,-0.963288,-1.491898,-0.845515,0.923431,quasi
19,0.158333,0.04656,0.004365,0.41052,0.910652,-1.53205,-0.697309,0.018129,-0.068302,-0.002582,-0.053699,0.996215,-1.476218,-0.920801,0.012444,-0.023056,0.00018,-0.267325,-0.96333,-1.491915,-0.844934,0.923256,quasi
20,0.166667,0.046499,0.004152,0.410561,0.910637,-1.532049,-0.697326,0.018136,-0.068296,-0.002588,-0.05377,0.996212,-1.476215,-0.920791,0.012431,-0.022453,0.000183,-0.267156,-0.963392,-1.491976,-0.84415,0.923237,quasi
21,0.175,0.046463,0.004231,0.410713,0.910571,-1.532026,-0.697331,0.018118,-0.068324,-0.002615,-0.053806,0.996208,-1.476213,-0.920779,0.012422,-0.022395,0.00013,-0.267178,-0.963387,-1.491995,-0.843396,0.923225,quasi
22,0.183333,0.046481,0.004542,0.410844,0.910509,-1.531999,-0.697333,0.018075,-0.068388,-0.002685,-0.053752,0.996206,-1.476207,-0.920773,0.012413,-0.022225,0.000613,-0.267505,-0.9633,-1.491945,-0.842573,0.923265,quasi
23,0.191667,0.046327,0.004549,0.410913,0.910485,-1.531996,-0.697334,0.018058,-0.06856,-0.002642,-0.053789,0.996192,-1.4762,-0.920772,0.012428,-0.021868,0.000453,-0.267664,-0.963264,-1.491907,-0.841678,0.923272,quasi
24,0.2,0.043651,0.003089,0.410689,0.910725,-1.532166,-0.697107,0.018348,-0.068676,-0.002631,-0.053892,0.996179,-1.476196,-0.920752,0.012425,-0.021764,0.000535,-0.267668,-0.963265,-1.491932,-0.840902,0.923235,quasi
25,0.208333,0.042595,0.002444,0.410729,0.910759,-1.532211,-0.697034,0.018424,-0.068743,-0.002604,-0.053858,0.996176,-1.476187,-0.920743,0.012429,-0.021495,4.3e-05,-0.267541,-0.963307,-1.491981,-0.840044,0.923139,quasi
26,0.216667,0.042637,0.002929,0.410811,0.910719,-1.53218,-0.697027,0.018352,-0.06879,-0.002589,-0.053898,0.996171,-1.476188,-0.920737,0.012421,-0.021602,-0.000114,-0.267828,-0.963225,-1.491997,-0.83924,0.923022,quasi
27,0.225,0.042649,0.003449,0.410929,0.910663,-1.532144,-0.696994,0.0183,-0.068691,-0.002058,-0.053911,0.996178,-1.476104,-0.920772,0.012484,-0.021497,-0.000169,-0.268404,-0.963067,-1.491953,-0.838278,0.923053,quasi
28,0.233333,0.043024,0.003686,0.411027,0.9106,-1.532094,-0.697011,0.018257,-0.069354,-0.001162,-0.053852,0.996137,-1.476001,-0.920771,0.012637,-0.020807,-0.000523,-0.267998,-0.963195,-1.492069,-0.837314,0.923023,quasi
29,0.241667,0.043893,0.003989,0.411144,0.910504,-1.53203,-0.697052,0.018207,-0.069616,-0.001042,-0.053826,0.99612,-1.475972,-0.920749,0.012674,-0.020482,0.000458,-0.268353,-0.963103,-1.492018,-0.836276,0.923193,quasi
30,0.25,0.045377,0.004356,0.411064,0.910466,-1.531898,-0.697219,0.018118,-0.069543,-0.001047,-0.05401,0.996115,-1.475973,-0.920716,0.012667,-0.020298,-0.000178,-0.268429,-0.963086,-1.492048,-0.835233,0.923255,quasi
31,0.258333,0.046221,0.004238,0.411131,0.910394,-1.531966,-0.697357,0.018019,-0.069731,-0.000925,-0.054121,0.996096,-1.475964,-0.92069,0.012683,-0.020127,0.000307,-0.268424,-0.963091,-1.492142,-0.83437,0.923166,quasi
32,0.266667,0.04338,0.003612,0.410884,0.910648,-1.532131,-0.697072,0.018216,-0.069719,-0.000865,-0.054274,0.996089,-1.475969,-0.920667,0.012676,-0.019828,2e-05,-0.26825,-0.963145,-1.492226,-0.833346,0.923151,quasi
33,0.275,0.043337,0.0035,0.41075,0.910711,-1.532159,-0.697097,0.018202,-0.06999,-0.000883,-0.054295,0.996069,-1.475954,-0.920639,0.01268,-0.019618,0.000273,-0.268398,-0.963108,-1.49227,-0.832288,0.923092,quasi
34,0.283333,0.043363,0.003357,0.410643,0.910758,-1.532177,-0.697105,0.018209,-0.069993,-0.000791,-0.054475,0.996059,-1.475955,-0.920612,0.012672,-0.019048,-5.6e-05,-0.268464,-0.963101,-1.49231,-0.831092,0.923137,quasi
35,0.291667,0.043463,0.002597,0.410508,0.910817,-1.532194,-0.697146,0.018238,-0.070295,-0.000666,-0.054571,0.996032,-1.475937,-0.920586,0.012692,-0.018764,-2.1e-05,-0.268764,-0.963023,-1.492234,-0.83003,0.923065,quasi
36,0.3,0.044009,0.00298,0.410357,0.910858,-1.532152,-0.697216,0.018158,-0.070427,-0.000687,-0.054644,0.996019,-1.47593,-0.920569,0.012684,-0.018578,-0.000552,-0.268054,-0.963225,-1.492392,-0.828995,0.923091,quasi
37,0.308333,0.043511,0.00307,0.4104,0.910862,-1.5322,-0.69717,0.018157,-0.070733,-0.000638,-0.054794,0.995989,-1.475937,-0.920552,0.012679,-0.016533,0.001475,-0.27145,-0.962309,-1.491968,-0.826724,0.92361,quasi
38,0.316667,0.044938,0.003467,0.407711,0.911998,-1.532552,-0.696958,0.018212,-0.070974,-0.000623,-0.054812,0.995971,-1.475919,-0.920527,0.012677,-0.016877,0.001373,-0.270934,-0.962449,-1.492023,-0.82583,0.92356,quasi
39,0.325,0.04761,0.003084,0.407792,0.911828,-1.53259,-0.69709,0.018207,-0.071151,-0.000693,-0.054924,0.995952,-1.475934,-0.920507,0.01265,-0.017177,-0.000916,-0.267437,-0.963422,-1.492374,-0.825716,0.922741,quasi
40,0.333333,0.045785,0.002351,0.40787,0.911888,-1.532613,-0.697231,0.018049,-0.071633,-0.000525,-0.054923,0.995918,-1.475933,-0.9205,0.01267,-0.015485,0.000604,-0.270946,-0.96247,-1.492025,-0.823223,0.9234,quasi
41,0.341667,0.045516,0.00076,0.407544,0.91205,-1.53274,-0.697335,0.018099,-0.071885,-0.000542,-0.054994,0.995896,-1.475905,-0.920482,0.012688,-0.015369,7.2e-05,-0.270424,-0.962619,-1.492127,-0.822086,0.923217,quasi
42,0.35,0.046741,0.000623,0.407154,0.912163,-1.532864,-0.697241,0.018213,-0.072254,-0.000608,-0.055018,0.995867,-1.475888,-0.920453,0.012687,-0.015198,-0.000474,-0.270147,-0.962699,-1.492214,-0.82081,0.923156,quasi
43,0.358333,0.046642,0.000566,0.407053,0.912213,-1.53292,-0.697224,0.018238,-0.072536,-0.00061,-0.055163,0.995839,-1.475893,-0.920426,0.012689,-0.014865,2.6e-05,-0.270056,-0.96273,-1.492264,-0.819522,0.923146,quasi
44,0.366667,0.046424,0.000558,0.406756,0.912356,-1.532985,-0.697168,0.018271,-0.072626,-0.000643,-0.055204,0.99583,-1.475906,-0.920399,0.012674,-0.014355,0.00023,-0.269624,-0.962859,-1.49219,-0.818138,0.9232,quasi
45,0.375,0.046252,0.000642,0.406754,0.912366,-1.533,-0.697138,0.018263,-0.072979,-0.000563,-0.055258,0.995801,-1.475884,-0.920367,0.012695,-0.015062,0.000714,-0.269483,-0.962887,-1.492309,-0.816781,0.923321,quasi
46,0.383333,0.047252,0.001376,0.406182,0.912569,-1.532984,-0.697258,0.018123,-0.074987,-0.001461,-0.054731,0.99568,-1.475888,-0.920434,0.012594,-0.01465,0.000607,-0.269296,-0.962946,-1.492292,-0.815452,0.923242,quasi
47,0.391667,0.047338,0.001658,0.405994,0.912647,-1.532989,-0.697232,0.018083,-0.075334,-0.00143,-0.054667,0.995658,-1.475898,-0.920437,0.012588,-0.014206,0.000442,-0.269244,-0.962967,-1.492189,-0.814125,0.923097,quasi
48,0.4,0.047412,0.00197,0.40597,0.912653,-1.532971,-0.697212,0.018045,-0.075425,-0.002209,-0.05478,0.995643,-1.476032,-0.920405,0.012458,-0.013655,0.00017,-0.269134,-0.963006,-1.492234,-0.812502,0.923136,quasi
49,0.408333,0.047538,0.000716,0.405677,0.912779,-1.533028,-0.697246,0.018156,-0.076543,-0.003342,-0.054684,0.99556,-1.47611,-0.920383,0.012316,-0.013309,-3.2e-05,-0.268763,-0.963114,-1.49221,-0.811143,0.923072,quasi
50,0.416667,0.047229,0.000428,0.405647,0.912809,-1.533039,-0.697216,0.018169,-0.077165,-0.003773,-0.054527,0.995519,-1.476122,-0.920385,0.012258,-0.013415,0.000693,-0.268412,-0.963211,-1.492306,-0.809655,0.923198,quasi
51,0.425,0.046893,0.000206,0.405763,0.912775,-1.533039,-0.697179,0.01818,-0.077839,-0.004231,-0.054359,0.995474,-1.476108,-0.920402,0.012214,-0.013384,0.000854,-0.26875,-0.963117,-1.492208,-0.808135,0.92318,quasi
52,0.433333,0.046471,0.000165,0.405886,0.912742,-1.533043,-0.697132,0.018177,-0.078598,-0.004418,-0.054286,0.995417,-1.476092,-0.920391,0.012206,-0.013342,0.001479,-0.268419,-0.963209,-1.492273,-0.806523,0.923254,quasi
53,0.441667,0.045965,-0.000131,0.406002,0.912716,-1.533038,-0.697113,0.018167,-0.079261,-0.004634,-0.054201,0.995368,-1.476093,-0.920381,0.012177,-0.012924,0.000871,-0.268348,-0.963235,-1.492264,-0.804726,0.923383,quasi
54,0.45,0.045868,-0.000144,0.406152,0.912654,-1.533,-0.697101,0.018121,-0.079723,-0.004698,-0.054198,0.995332,-1.476079,-0.920351,0.012181,-0.012908,0.001287,-0.268089,-0.963307,-1.492297,-0.803214,0.923206,quasi
55,0.458333,0.048053,0.002072,0.406007,0.912603,-1.532863,-0.697426,0.01763,-0.080301,-0.004813,-0.054303,0.995279,-1.476073,-0.920317,0.012168,-0.012972,0.001008,-0.267849,-0.963373,-1.492285,-0.801485,0.923304,quasi
56,0.466667,0.047667,0.002027,0.406417,0.912441,-1.532791,-0.697507,0.017546,-0.080708,-0.004735,-0.054383,0.995242,-1.47605,-0.920276,0.012188,-0.012887,0.001512,-0.267799,-0.963387,-1.492314,-0.799742,0.923352,quasi
57,0.475,0.048651,0.002355,0.405695,0.91271,-1.532895,-0.69748,0.017468,-0.081613,-0.00384,-0.054541,0.995163,-1.47598,-0.920208,0.01234,-0.01267,0.001319,-0.267283,-0.963534,-1.492302,-0.797946,0.923352,quasi
58,0.483333,0.047715,0.001964,0.405421,0.912882,-1.532884,-0.697688,0.017189,-0.08345,-0.004316,-0.054655,0.995003,-1.476059,-0.920153,0.012273,-0.012455,0.001256,-0.267493,-0.963478,-1.492172,-0.796274,0.923188,quasi
59,0.491667,0.048876,0.002353,0.404895,0.913053,-1.532915,-0.697794,0.017074,-0.084539,-0.003958,-0.054712,0.994909,-1.476056,-0.920086,0.012317,-0.012164,0.001611,-0.267109,-0.963588,-1.492137,-0.794447,0.923173,quasi
60,0.5,0.049789,0.002332,0.404654,0.91311,-1.532961,-0.697918,0.01694,-0.085217,-0.003528,-0.054855,0.994845,-1.476045,-0.920034,0.012402,-0.012113,0.001603,-0.266695,-0.963704,-1.492109,-0.79273,0.923165,quasi
61,0.508333,0.050348,0.002366,0.404435,0.913177,-1.532992,-0.698042,0.016846,-0.084178,-0.005135,-0.055337,0.9949,-1.476207,-0.920039,0.012162,-0.010813,0.001296,-0.264883,-0.964219,-1.491763,-0.79031,0.923014,quasi
62,0.516667,0.05046,0.002325,0.404261,0.913248,-1.533012,-0.698096,0.016801,-0.084918,-0.004882,-0.055339,0.994838,-1.476174,-0.919998,0.012205,-0.011251,0.001786,-0.264394,-0.964347,-1.491827,-0.788557,0.922998,quasi
63,0.525,0.050355,0.002301,0.404058,0.913343,-1.53304,-0.698123,0.016765,-0.084885,-0.004659,-0.055605,0.994827,-1.476188,-0.919885,0.012195,-0.010706,0.002723,-0.264425,-0.964343,-1.491764,-0.786661,0.922772,quasi
64,0.533333,0.049974,0.002237,0.403946,0.913414,-1.533068,-0.698088,0.016745,-0.086059,-0.00237,-0.055657,0.994731,-1.476034,-0.919737,0.012492,-0.010699,0.003364,-0.264243,-0.964391,-1.491692,-0.7848,0.922657,quasi
65,0.541667,0.049295,0.002184,0.403991,0.913431,-1.533069,-0.698018,0.016744,-0.086549,-0.001675,-0.05586,0.994679,-1.476002,-0.919648,0.012612,-0.011381,0.003894,-0.264427,-0.964331,-1.491689,-0.782809,0.922813,quasi
66,0.55,0.048471,0.001954,0.404021,0.913462,-1.533085,-0.697949,0.016749,-0.086951,-0.001296,-0.05617,0.994627,-1.475977,-0.919555,0.012679,-0.010754,0.004119,-0.263999,-0.964454,-1.491657,-0.780847,0.922536,quasi
67,0.558333,0.047582,0.001787,0.404001,0.913519,-1.533077,-0.697863,0.016779,-0.084517,-0.003266,-0.057255,0.99477,-1.476062,-0.919416,0.012318,-0.01173,0.005406,-0.26469,-0.964247,-1.491673,-0.7788,0.922637,quasi
68,0.566667,0.046957,0.001706,0.404048,0.91353,-1.53307,-0.697789,0.016783,-0.084412,-0.002921,-0.058097,0.994732,-1.476019,-0.919224,0.012349,-0.012101,0.005404,-0.264601,-0.964267,-1.491637,-0.776918,0.922445,quasi
69,0.575,0.046492,0.001611,0.404056,0.913551,-1.53306,-0.69771,0.016799,-0.086652,-0.000236,-0.05793,0.994553,-1.475779,-0.919143,0.012772,-0.011836,0.006192,-0.2649,-0.964183,-1.491685,-0.774875,0.922192,quasi
70,0.583333,0.045749,0.001413,0.403996,0.913615,-1.533096,-0.697601,0.016845,-0.08723,0.000372,-0.058473,0.994471,-1.475754,-0.919047,0.012832,-0.01165,0.005092,-0.264526,-0.964295,-1.491684,-0.772888,0.922097,quasi
71,0.591667,0.04348,0.000376,0.403725,0.913847,-1.533159,-0.697153,0.017245,-0.088088,0.000714,-0.05912,0.994356,-1.475685,-0.918882,0.012901,-0.01239,0.00552,-0.264941,-0.964169,-1.491785,-0.770819,0.922042,quasi
72,0.6,0.043452,0.000945,0.40359,0.913907,-1.533079,-0.697125,0.017176,-0.093909,0.001012,-0.058871,0.993838,-1.475636,-0.919186,0.012955,-0.011972,0.005878,-0.265048,-0.964143,-1.491831,-0.769052,0.921547,quasi
73,0.608333,0.04331,0.001267,0.403516,0.913946,-1.533058,-0.697073,0.017145,-0.096052,0.002109,-0.058594,0.993648,-1.475547,-0.919162,0.013152,-0.01238,0.005756,-0.265527,-0.964007,-1.491922,-0.767033,0.921443,quasi
74,0.616667,0.042726,0.001347,0.403399,0.914025,-1.533055,-0.697016,0.0172,-0.096772,0.002336,-0.058633,0.993575,-1.475389,-0.919057,0.013177,-0.012084,0.005382,-0.265181,-0.964108,-1.491913,-0.765108,0.921272,quasi
75,0.625,0.042485,0.001462,0.403266,0.914095,-1.533051,-0.697014,0.017199,-0.098416,0.003383,-0.058553,0.993415,-1.475269,-0.919015,0.013378,-0.011654,0.005037,-0.265357,-0.964067,-1.491988,-0.763178,0.920936,quasi
76,0.633333,0.041989,0.001337,0.403173,0.914159,-1.533068,-0.696971,0.017203,-0.10017,0.004656,-0.058301,0.99325,-1.475133,-0.918976,0.013632,-0.011952,0.00499,-0.265612,-0.963993,-1.492158,-0.76128,0.920795,quasi
77,0.641667,0.041444,0.001035,0.403077,0.914227,-1.533097,-0.69692,0.017236,-0.096307,0.006331,-0.058164,0.993631,-1.474743,-0.918346,0.013906,-0.012528,0.004521,-0.266342,-0.963787,-1.492155,-0.759426,0.920584,quasi
78,0.65,0.040745,4.2e-05,0.402879,0.914346,-1.533128,-0.696886,0.017327,-0.0957,0.008895,-0.057642,0.9937,-1.474512,-0.918128,0.014313,-0.013129,0.004818,-0.26629,-0.963792,-1.492647,-0.75762,0.920326,quasi
79,0.658333,0.039074,-0.000915,0.402981,0.914373,-1.533181,-0.696731,0.01746,-0.096475,0.010197,-0.057889,0.993598,-1.474272,-0.918045,0.014707,-0.013325,0.004592,-0.26726,-0.963521,-1.492737,-0.755716,0.920179,quasi
80,0.666667,0.03796,-0.001215,0.403172,0.914336,-1.53319,-0.69657,0.017504,-0.097283,0.013058,-0.05741,0.993514,-1.473923,-0.918051,0.015279,-0.013632,0.003917,-0.267046,-0.96358,-1.493066,-0.75395,0.919899,quasi
81,0.675,0.037186,-0.001228,0.403244,0.914336,-1.533173,-0.696492,0.01748,-0.098795,0.016753,-0.056497,0.993361,-1.473566,-0.918152,0.016015,-0.01381,0.003701,-0.267361,-0.96349,-1.493527,-0.752229,0.919438,quasi
82,0.683333,0.036679,-0.001335,0.403222,0.914366,-1.533155,-0.696446,0.017487,-0.101506,0.021392,-0.055854,0.993035,-1.47322,-0.918144,0.016927,-0.01454,0.003335,-0.268033,-0.963294,-1.493946,-0.750547,0.919246,quasi
83,0.691667,0.03638,-0.001616,0.403057,0.91445,-1.533145,-0.69645,0.017497,-0.104802,0.026652,-0.053478,0.992696,-1.472799,-0.918269,0.017997,-0.014578,0.003675,-0.268562,-0.963145,-1.494235,-0.748943,0.918794,quasi
84,0.7,0.036372,-0.001633,0.402888,0.914525,-1.533132,-0.696462,0.017478,-0.105424,0.032849,-0.052437,0.9925,-1.472279,-0.918198,0.019162,-0.014358,0.003132,-0.268636,-0.96313,-1.494541,-0.747388,0.918365,quasi
85,0.708333,0.036554,-0.001688,0.402689,0.914605,-1.533131,-0.696502,0.017442,-0.107145,0.038021,-0.051408,0.992185,-1.471822,-0.918002,0.020274,-0.015103,0.003807,-0.26939,-0.962905,-1.494947,-0.745787,0.918196,quasi
86,0.716667,0.036791,-0.001583,0.402486,0.914685,-1.533123,-0.696556,0.017378,-0.112306,0.043655,-0.050079,0.99145,-1.471314,-0.917842,0.021872,-0.01541,0.003967,-0.269856,-0.962769,-1.495206,-0.744374,0.917834,quasi
87,0.725,0.037615,-0.001307,0.402143,0.914803,-1.533157,-0.696631,0.017289,-0.113157,0.049347,-0.04925,0.991128,-1.470625,-0.91723,0.023097,-0.015359,0.004337,-0.270411,-0.962613,-1.495422,-0.743034,0.917386,quasi
88,0.733333,0.037708,-0.001211,0.402154,0.914795,-1.533144,-0.696647,0.017233,-0.117172,0.054421,-0.049128,0.990402,-1.46998,-0.916579,0.024681,-0.015824,0.005053,-0.270748,-0.962507,-1.495848,-0.741514,0.917221,quasi
89,0.741667,0.037887,-0.000974,0.402307,0.91472,-1.533134,-0.696612,0.017206,-0.12375,0.059767,-0.045324,0.989474,-1.468435,-0.915794,0.026501,-0.016768,0.005169,-0.271492,-0.962281,-1.496228,-0.740192,0.917037,quasi
90,0.75,0.0379,-0.000966,0.402311,0.914718,-1.533146,-0.696625,0.017168,-0.127944,0.065675,-0.04494,0.988584,-1.46792,-0.91486,0.028127,-0.017113,0.005512,-0.272431,-0.962007,-1.496394,-0.738844,0.916673,quasi
91,0.758333,0.038081,-0.000987,0.402122,0.914793,-1.533206,-0.69671,0.017095,-0.132082,0.072281,-0.0433,0.987651,-1.467067,-0.913678,0.029864,-0.017349,0.005965,-0.273134,-0.961801,-1.496614,-0.737522,0.916169,quasi
92,0.766667,0.037969,-0.000889,0.402137,0.914791,-1.533222,-0.696659,0.017109,-0.135733,0.078627,-0.041614,0.986743,-1.465804,-0.912201,0.031658,-0.018178,0.006145,-0.27342,-0.961704,-1.497026,-0.73623,0.915817,quasi
93,0.775,0.037872,-0.000755,0.40223,0.914755,-1.533173,-0.696652,0.017066,-0.138583,0.083472,-0.039386,0.98604,-1.464501,-0.910471,0.033386,-0.018651,0.005913,-0.274092,-0.961505,-1.49731,-0.734832,0.915591,quasi
94,0.783333,0.038163,-0.000578,0.402277,0.914722,-1.533172,-0.696627,0.017074,-0.140582,0.088635,-0.035901,0.98544,-1.462735,-0.908407,0.035131,-0.019323,0.006335,-0.274756,-0.961299,-1.497403,-0.733593,0.915277,quasi
95,0.791667,0.039805,0.000176,0.40157,0.914963,-1.533535,-0.696626,0.016839,-0.142403,0.093034,-0.030611,0.984951,-1.460293,-0.905871,0.036778,-0.019896,0.006901,-0.27596,-0.960939,-1.497399,-0.73239,0.914993,quasi
96,0.8,0.039351,-0.000228,0.401629,0.914957,-1.533479,-0.696629,0.016889,-0.143722,0.095742,-0.024663,0.984667,-1.45757,-0.902894,0.038303,-0.020642,0.007836,-0.277621,-0.960437,-1.49719,-0.73128,0.914678,quasi
97,0.808333,0.039129,-0.000339,0.401646,0.914959,-1.533443,-0.696622,0.016926,-0.144024,0.096658,-0.01753,0.984686,-1.454566,-0.899573,0.039632,-0.021555,0.009045,-0.278673,-0.960101,-1.497045,-0.730184,0.914474,quasi
98,0.816667,0.039266,-0.000209,0.401853,0.914862,-1.533358,-0.696613,0.016958,-0.144591,0.09584,-0.007045,0.984814,-1.450721,-0.895639,0.040877,-0.021465,0.009789,-0.279848,-0.959755,-1.496929,-0.728929,0.914303,quasi
99,0.825,0.039283,-6.9e-05,0.401918,0.914833,-1.53336,-0.696592,0.016952,-0.142865,0.096477,-0.00057,0.985029,-1.447191,-0.891638,0.04158,-0.021671,0.010649,-0.280812,-0.959459,-1.496759,-0.727778,0.914118,quasi
100,0.833333,0.039238,8.2e-05,0.402226,0.914699,-1.53323,-0.696591,0.017,-0.14204,0.09525,0.010752,0.985209,-1.44286,-0.887155,0.042189,-0.021812,0.011852,-0.282343,-0.958992,-1.496483,-0.726518,0.91422,quasi
101,0.841667,0.039175,0.000316,0.402559,0.914555,-1.533112,-0.696595,0.017043,-0.144267,0.092844,0.021178,0.984946,-1.438467,-0.88284,0.042478,-0.026062,0.014895,-0.283979,-0.958361,-1.496145,-0.725903,0.914759,quasi
102,0.85,0.03875,0.000406,0.402764,0.914483,-1.533025,-0.696587,0.017064,-0.142288,0.093544,0.029202,0.984962,-1.433257,-0.878114,0.042937,-0.026039,0.016205,-0.285185,-0.957982,-1.495934,-0.724755,0.91475,quasi
103,0.858333,0.03888,0.00047,0.402872,0.91443,-1.533004,-0.696585,0.017062,-0.136676,0.091036,0.038106,0.985688,-1.427695,-0.872548,0.043111,-0.025994,0.017543,-0.28651,-0.957564,-1.495647,-0.723578,0.914865,quasi
104,0.866667,0.03901,0.000694,0.402946,0.914392,-1.532994,-0.696565,0.017057,-0.139,0.086495,0.0459,0.985439,-1.422119,-0.867735,0.042856,-0.026465,0.018575,-0.287871,-0.957123,-1.49522,-0.722619,0.914835,quasi
105,0.875,0.039073,0.000818,0.403042,0.914347,-1.532974,-0.696556,0.017045,-0.136644,0.081539,0.049704,0.986007,-1.41618,-0.8624,0.042665,-0.026267,0.019632,-0.288965,-0.956778,-1.494853,-0.721401,0.914931,quasi
106,0.883333,0.039137,0.000847,0.40316,0.914292,-1.53297,-0.696535,0.017044,-0.134335,0.07657,0.05385,0.986505,-1.409787,-0.856859,0.042458,-0.026275,0.020326,-0.289638,-0.95656,-1.494411,-0.720416,0.914908,quasi
107,0.891667,0.039333,0.001007,0.403225,0.914255,-1.532955,-0.696536,0.017035,-0.13376,0.068419,0.060919,0.986771,-1.403242,-0.851207,0.041777,-0.025896,0.021106,-0.290602,-0.956261,-1.494011,-0.719343,0.914877,quasi
108,0.9,0.039826,0.001033,0.403333,0.914186,-1.532932,-0.696525,0.017004,-0.13297,0.062276,0.06589,0.986965,-1.396529,-0.845693,0.041328,-0.025769,0.021923,-0.291463,-0.955984,-1.493552,-0.718248,0.914919,quasi
109,0.908333,0.040194,0.001091,0.403408,0.914136,-1.532917,-0.696522,0.016982,-0.130703,0.055562,0.068845,0.987466,-1.389484,-0.839867,0.040756,-0.02542,0.022844,-0.292353,-0.9557,-1.493043,-0.717131,0.914986,quasi
110,0.916667,0.040586,0.000762,0.403174,0.914223,-1.53292,-0.696495,0.016903,-0.128584,0.049342,0.071594,0.987879,-1.382233,-0.833819,0.04014,-0.025662,0.023467,-0.29302,-0.955474,-1.492523,-0.716264,0.914952,quasi
111,0.925,0.041066,0.000179,0.403434,0.914087,-1.532863,-0.696497,0.016815,-0.126599,0.042551,0.074451,0.98824,-1.374733,-0.827811,0.039557,-0.025487,0.024405,-0.293827,-0.955207,-1.491882,-0.715283,0.914888,quasi
112,0.933333,0.041151,0.000369,0.40352,0.914045,-1.532852,-0.696514,0.016807,-0.118448,0.031832,0.071379,0.98988,-1.367701,-0.821268,0.038193,-0.024888,0.025311,-0.294251,-0.955069,-1.491472,-0.714146,0.914914,quasi
113,0.941667,0.0412,0.000477,0.403618,0.913999,-1.53283,-0.696518,0.016806,-0.116801,0.024234,0.072306,0.990223,-1.360031,-0.815173,0.037593,-0.024888,0.025244,-0.294963,-0.954851,-1.490807,-0.713179,0.914961,quasi
114,0.95,0.041339,0.000669,0.403679,0.913966,-1.532807,-0.696532,0.016809,-0.109253,0.015,0.073636,0.991169,-1.352155,-0.808541,0.036202,-0.024449,0.025745,-0.295404,-0.954713,-1.490162,-0.712219,0.914927,quasi
115,0.958333,0.041279,0.000724,0.403784,0.913922,-1.53279,-0.696533,0.016818,-0.107622,0.00877,0.07594,0.991249,-1.344156,-0.802043,0.035759,-0.023652,0.026655,-0.295716,-0.954611,-1.489667,-0.711154,0.914894,quasi
116,0.966667,0.04122,0.000896,0.403964,0.913845,-1.532714,-0.696446,0.017017,-0.105282,0.002592,0.076645,0.991481,-1.336037,-0.795533,0.035326,-0.02574,0.026376,-0.297666,-0.953959,-1.488804,-0.709974,0.91446,quasi
117,0.975,0.041708,0.001177,0.403869,0.913865,-1.532752,-0.696543,0.016837,-0.100132,-0.004313,0.077434,0.991947,-1.328343,-0.788909,0.034881,-0.025355,0.026774,-0.298197,-0.953792,-1.488229,-0.708976,0.914505,quasi
118,0.983333,0.041707,0.001348,0.403979,0.913816,-1.532728,-0.696552,0.016822,-0.096857,-0.009634,0.076877,0.992278,-1.320734,-0.78237,0.034522,-0.025075,0.027236,-0.298741,-0.953616,-1.487497,-0.708041,0.914386,quasi
119,0.991667,0.04196,0.001623,0.40411,0.913746,-1.532706,-0.696554,0.01682,-0.095181,-0.017404,0.076952,0.992329,-1.312752,-0.775315,0.034049,-0.024802,0.027885,-0.299684,-0.953308,-1.486995,-0.706819,0.914294,quasi
120,1.0,0.042036,0.001652,0.404139,0.91373,-1.532684,-0.696551,0.016814,-0.091077,-0.022702,0.078749,0.992466,-1.305099,-0.768286,0.033787,-0.026627,0.027626,-0.299284,-0.953392,-1.485893,-0.706508,0.914487,quasi
121,1.008333,0.042341,0.001778,0.4042,0.913688,-1.532672,-0.696571,0.016809,-0.090153,-0.025877,0.081682,0.992235,-1.29725,-0.761324,0.033928,-0.02641,0.028154,-0.300176,-0.953103,-1.485374,-0.705576,0.914535,quasi
122,1.016667,0.043026,0.002237,0.40444,0.913549,-1.532654,-0.69655,0.016767,-0.092603,-0.024846,0.088828,0.991422,-1.288579,-0.754131,0.034769,-0.026388,0.031505,-0.300019,-0.953048,-1.484462,-0.703957,0.914209,quasi
123,1.025,0.045923,0.004624,0.405286,0.913024,-1.532589,-0.696357,0.016458,-0.091951,-0.028039,0.092885,0.991025,-1.280971,-0.747091,0.034974,-0.026455,0.032185,-0.301035,-0.952703,-1.48388,-0.703013,0.914187,quasi
124,1.033333,0.047887,0.006262,0.4056,0.912774,-1.532558,-0.696347,0.016294,-0.091682,-0.031751,0.093625,0.990869,-1.274094,-0.74027,0.034966,-0.026801,0.033037,-0.301871,-0.952399,-1.483002,-0.702218,0.914081,quasi
125,1.041667,0.047291,0.007325,0.405867,0.912679,-1.532533,-0.696366,0.016385,-0.092486,-0.034767,0.09739,0.99033,-1.266453,-0.733246,0.035189,-0.02667,0.033534,-0.302541,-0.952173,-1.482388,-0.701252,0.914146,quasi
126,1.05,0.047584,0.007926,0.405965,0.912615,-1.532534,-0.696382,0.016433,-0.09149,-0.0376,0.098322,0.990227,-1.259313,-0.72642,0.03497,-0.026946,0.034841,-0.303898,-0.951686,-1.481713,-0.700161,0.914114,quasi
127,1.058333,0.047674,0.008045,0.406167,0.912519,-1.532439,-0.696483,0.016441,-0.091697,-0.039142,0.103132,0.989658,-1.251895,-0.719552,0.035166,-0.027191,0.035539,-0.305124,-0.951261,-1.480959,-0.699251,0.914076,quasi
128,1.066667,0.047415,0.007682,0.405957,0.912629,-1.532437,-0.696558,0.016523,-0.092157,-0.037948,0.110588,0.988857,-1.243894,-0.712152,0.035518,-0.027238,0.036285,-0.305861,-0.950995,-1.480121,-0.698411,0.914064,quasi
129,1.075,0.044187,0.006124,0.407927,0.911924,-1.53238,-0.696817,0.016421,-0.092679,-0.040961,0.113521,0.988355,-1.236588,-0.704924,0.03521,-0.026945,0.036655,-0.307239,-0.950544,-1.479385,-0.697511,0.914009,quasi
130,1.083333,0.04327,0.005811,0.407624,0.912106,-1.532344,-0.696945,0.016509,-0.094428,-0.047658,0.118669,0.987284,-1.229341,-0.698439,0.03498,-0.026427,0.037604,-0.307669,-0.950383,-1.478773,-0.696608,0.914111,quasi
131,1.091667,0.04264,0.004853,0.408373,0.911806,-1.531993,-0.6971,0.016683,-0.093044,-0.049199,0.122175,0.986912,-1.222243,-0.69162,0.034746,-0.02593,0.037239,-0.308378,-0.950181,-1.477787,-0.695985,0.914221,quasi
132,1.1,0.042065,0.003684,0.408247,0.911894,-1.531837,-0.697401,0.016663,-0.093633,-0.049884,0.125404,0.986417,-1.215098,-0.685018,0.034903,-0.025228,0.037849,-0.309611,-0.949775,-1.476895,-0.695351,0.914308,quasi
133,1.108333,0.041974,0.003719,0.408857,0.911625,-1.531726,-0.697534,0.016568,-0.094063,-0.047759,0.129767,0.985917,-1.207714,-0.678425,0.035506,-0.025271,0.037472,-0.311061,-0.949315,-1.476109,-0.694817,0.914508,quasi
134,1.116667,0.041458,0.003429,0.408952,0.911607,-1.531727,-0.697664,0.016458,-0.094328,-0.050244,0.131478,0.985541,-1.200849,-0.672029,0.035897,-0.024955,0.036888,-0.312387,-0.94891,-1.475363,-0.694131,0.914599,quasi
135,1.125,0.040354,0.002569,0.408369,0.911921,-1.53178,-0.697819,0.016481,-0.094677,-0.056339,0.132472,0.985045,-1.193997,-0.665615,0.035631,-0.02448,0.036086,-0.313712,-0.948516,-1.474288,-0.693618,0.914762,quasi
136,1.133333,0.04137,0.003329,0.408894,0.911638,-1.531718,-0.697799,0.016424,-0.093894,-0.053741,0.134679,0.984966,-1.187215,-0.659315,0.036225,-0.023882,0.034724,-0.314995,-0.948157,-1.473264,-0.692931,0.914836,quasi
137,1.141667,0.041678,0.00373,0.40892,0.911611,-1.531725,-0.697723,0.016402,-0.089967,-0.053941,0.1362,0.985112,-1.180745,-0.653307,0.036701,-0.024314,0.033352,-0.31708,-0.9475,-1.472073,-0.691427,0.914419,quasi
138,1.15,0.04182,0.00402,0.408771,0.911669,-1.531761,-0.697617,0.016428,-0.08999,-0.055694,0.13645,0.984978,-1.17413,-0.647182,0.037108,-0.023858,0.032909,-0.318095,-0.947187,-1.47105,-0.6903,0.914269,quasi
139,1.158333,0.043589,0.004032,0.409405,0.911302,-1.531736,-0.69776,0.016584,-0.082307,-0.054393,0.138392,0.985452,-1.167762,-0.641157,0.037512,-0.02381,0.03308,-0.31876,-0.946959,-1.470046,-0.689346,0.914186,quasi
140,1.166667,0.044872,0.003574,0.408913,0.911463,-1.531801,-0.697783,0.016734,-0.077418,-0.057627,0.139536,0.985503,-1.161556,-0.635229,0.037376,-0.024317,0.033417,-0.319497,-0.946686,-1.468956,-0.688271,0.91391,quasi
141,1.175,0.044394,0.003713,0.409059,0.91142,-1.531812,-0.69753,0.016743,-0.0716,-0.056795,0.141105,0.985767,-1.15553,-0.629471,0.037743,-0.024207,0.034646,-0.320513,-0.946301,-1.467674,-0.687238,0.913982,quasi
142,1.183333,0.043006,0.004523,0.408569,0.911703,-1.531957,-0.697745,0.016557,-0.065884,-0.056503,0.142375,0.986,-1.149715,-0.623678,0.038106,-0.02442,0.035574,-0.321698,-0.945859,-1.466341,-0.686245,0.914048,quasi
143,1.191667,0.043306,0.00474,0.408617,0.911666,-1.531941,-0.697751,0.016528,-0.063289,-0.054464,0.145148,0.98588,-1.143623,-0.617899,0.038583,-0.025568,0.036294,-0.323321,-0.945247,-1.465062,-0.684582,0.913413,quasi
144,1.2,0.043292,0.00493,0.408339,0.91179,-1.531998,-0.697749,0.016594,-0.051434,-0.063244,0.145764,0.985955,-1.137821,-0.611819,0.03814,-0.027152,0.036959,-0.324915,-0.944631,-1.463604,-0.683475,0.913105,quasi
145,1.208333,0.043542,0.004996,0.408478,0.911715,-1.531977,-0.697768,0.016604,-0.049338,-0.065684,0.148798,0.985449,-1.132282,-0.606417,0.038529,-0.025386,0.035068,-0.326175,-0.944317,-1.461973,-0.68174,0.912134,quasi
146,1.216667,0.043579,0.005041,0.408642,0.91164,-1.531963,-0.697796,0.01659,-0.044131,-0.067286,0.154976,0.984636,-1.126402,-0.601246,0.039275,-0.025525,0.035212,-0.326507,-0.944194,-1.460751,-0.680675,0.912052,quasi
147,1.225,0.043703,0.005094,0.408784,0.91157,-1.531942,-0.697813,0.01659,-0.041013,-0.070694,0.158296,0.984003,-1.12096,-0.596216,0.039695,-0.02523,0.034995,-0.327734,-0.943784,-1.459218,-0.679347,0.911765,quasi
148,1.233333,0.044736,0.006416,0.408509,0.911635,-1.531874,-0.698025,0.016341,-0.036687,-0.072346,0.161656,0.983508,-1.115795,-0.591295,0.04029,-0.025191,0.036481,-0.330349,-0.942817,-1.457008,-0.678153,0.911597,quasi
149,1.241667,0.043484,0.005255,0.408941,0.911509,-1.531877,-0.697916,0.016498,-0.033558,-0.074967,0.165427,0.982796,-1.110475,-0.586396,0.040874,-0.025968,0.035908,-0.331995,-0.94224,-1.455364,-0.676959,0.911305,quasi
150,1.25,0.043727,0.005516,0.409443,0.91127,-1.531874,-0.697875,0.016494,-0.027503,-0.07763,0.168242,0.982299,-1.105906,-0.582584,0.041243,-0.025897,0.035903,-0.333386,-0.941751,-1.45365,-0.675812,0.911175,quasi
151,1.258333,0.043922,0.005724,0.40981,0.911095,-1.531851,-0.697854,0.016496,-0.030437,-0.083968,0.175471,0.980425,-1.100803,-0.57878,0.041384,-0.026311,0.03549,-0.3349,-0.941217,-1.451907,-0.674652,0.910879,quasi
152,1.266667,0.044076,0.006003,0.410016,0.910993,-1.531845,-0.697858,0.01649,-0.02781,-0.088199,0.180054,0.9793,-1.09603,-0.574813,0.041906,-0.027075,0.035367,-0.336326,-0.940692,-1.450209,-0.673611,0.910663,quasi
153,1.275,0.044517,0.00641,0.410197,0.910887,-1.53182,-0.697875,0.016499,-0.027281,-0.091227,0.185884,0.977947,-1.091421,-0.570968,0.04219,-0.027446,0.035641,-0.337768,-0.940154,-1.448574,-0.672497,0.910409,quasi
154,1.283333,0.044858,0.006651,0.410445,0.910757,-1.531804,-0.69789,0.016513,-0.026622,-0.092481,0.19061,0.976937,-1.0871,-0.567153,0.042325,-0.026933,0.034567,-0.339475,-0.939594,-1.446773,-0.671148,0.910081,quasi
155,1.291667,0.045143,0.00693,0.410464,0.910732,-1.531796,-0.697901,0.016529,-0.026256,-0.092607,0.195483,0.975972,-1.082954,-0.563334,0.042547,-0.027755,0.034164,-0.341076,-0.939005,-1.444881,-0.670003,0.909663,quasi
156,1.3,0.045383,0.007254,0.410685,0.910618,-1.531781,-0.697928,0.016519,-0.026292,-0.093268,0.203582,0.974251,-1.078775,-0.559799,0.042775,-0.027593,0.03405,-0.342569,-0.93847,-1.44302,-0.66871,0.909397,quasi
157,1.308333,0.045319,0.007381,0.411235,0.910372,-1.53168,-0.697989,0.016529,-0.026584,-0.093093,0.210661,0.972753,-1.074979,-0.556517,0.043149,-0.028184,0.034021,-0.343721,-0.938032,-1.441142,-0.667647,0.909058,quasi
158,1.316667,0.045101,0.007476,0.411603,0.910216,-1.531635,-0.698045,0.016514,-0.025671,-0.094515,0.215682,0.971539,-1.071695,-0.553266,0.043447,-0.028239,0.032887,-0.34563,-0.937369,-1.439056,-0.666226,0.908693,quasi
159,1.325,0.045259,0.007657,0.411808,0.910114,-1.531627,-0.698071,0.016512,-0.019943,-0.094592,0.222329,0.970167,-1.068453,-0.550032,0.043746,-0.028381,0.032362,-0.347108,-0.936837,-1.436928,-0.66499,0.908339,quasi
160,1.333333,0.045442,0.007837,0.41198,0.910025,-1.531628,-0.698096,0.016523,-0.019977,-0.096637,0.228847,0.968448,-1.065969,-0.546824,0.043392,-0.028802,0.032198,-0.348785,-0.936207,-1.434896,-0.663627,0.907922,quasi
161,1.341667,0.045761,0.008046,0.412306,0.90986,-1.531597,-0.698146,0.016519,-0.015264,-0.096915,0.23484,0.96707,-1.063668,-0.544046,0.0433,-0.02979,0.032556,-0.350061,-0.935687,-1.432844,-0.662529,0.90755,quasi
162,1.35,0.045924,0.008211,0.41249,0.909767,-1.531589,-0.698166,0.016518,-0.012529,-0.096438,0.238984,0.966142,-1.06159,-0.541663,0.042922,-0.029543,0.031696,-0.351878,-0.935043,-1.430496,-0.661133,0.907284,quasi
163,1.358333,0.046132,0.008491,0.412776,0.909624,-1.531566,-0.698194,0.01652,-0.01209,-0.095801,0.241103,0.965684,-1.060059,-0.538821,0.042047,-0.02999,0.031031,-0.353504,-0.934437,-1.428284,-0.659747,0.906739,quasi
164,1.366667,0.046298,0.008708,0.413002,0.909511,-1.531553,-0.69821,0.016528,-0.009465,-0.096172,0.244814,0.964742,-1.059094,-0.536898,0.040766,-0.030064,0.031133,-0.354562,-0.93403,-1.425934,-0.658531,0.906248,quasi
165,1.375,0.046546,0.008945,0.413215,0.909399,-1.531529,-0.698222,0.016535,-0.005544,-0.091794,0.247638,0.964478,-1.058515,-0.535238,0.03976,-0.029682,0.030009,-0.354972,-0.933924,-1.423831,-0.657238,0.905716,quasi
166,1.383333,0.046679,0.009204,0.413483,0.909268,-1.531501,-0.698233,0.016551,-0.002494,-0.086443,0.25047,0.964254,-1.058705,-0.534281,0.037869,-0.031047,0.029447,-0.357006,-0.933122,-1.421375,-0.656041,0.90526,quasi
167,1.391667,0.046701,0.009543,0.413744,0.909145,-1.531463,-0.698239,0.01656,-0.001713,-0.08041,0.252863,0.964153,-1.059078,-0.533651,0.035438,-0.031404,0.029537,-0.358025,-0.932716,-1.419154,-0.65483,0.904876,quasi
168,1.4,0.046981,0.009901,0.413961,0.909028,-1.531429,-0.698251,0.016569,-0.00314,-0.073076,0.254749,0.964237,-1.05959,-0.533359,0.032965,-0.030818,0.028545,-0.358899,-0.932431,-1.416569,-0.653636,0.904291,quasi
169,1.408333,0.047244,0.010283,0.414267,0.90887,-1.531363,-0.698255,0.016573,-0.008262,-0.065607,0.256516,0.964275,-1.059731,-0.533142,0.030545,-0.031381,0.028514,-0.359227,-0.932287,-1.414617,-0.652648,0.903869,quasi
170,1.416667,0.047341,0.010585,0.414529,0.908742,-1.531311,-0.698275,0.016588,-0.011193,-0.057821,0.257019,0.96461,-1.059594,-0.533105,0.028711,-0.030974,0.028143,-0.360476,-0.931829,-1.412009,-0.651482,0.903511,quasi
171,1.425,0.047461,0.010999,0.414831,0.908594,-1.531239,-0.698308,0.016598,-0.013119,-0.050109,0.25476,0.965616,-1.058837,-0.532281,0.027891,-0.031246,0.028195,-0.361104,-0.931576,-1.409788,-0.650552,0.903125,quasi
172,1.433333,0.047726,0.011448,0.415147,0.908429,-1.531176,-0.698341,0.016601,-0.015398,-0.045286,0.252931,0.966301,-1.05775,-0.531668,0.027194,-0.030572,0.027559,-0.361785,-0.931353,-1.407353,-0.649453,0.902625,quasi
173,1.441667,0.048092,0.011979,0.415528,0.908229,-1.531091,-0.698369,0.016608,-0.022825,-0.041449,0.250267,0.96702,-1.056861,-0.531243,0.026209,-0.030812,0.02824,-0.362446,-0.931067,-1.405151,-0.648484,0.902417,quasi
174,1.45,0.048886,0.012757,0.415885,0.908013,-1.530973,-0.698444,0.016557,-0.031695,-0.036495,0.247507,0.96768,-1.055859,-0.531103,0.02562,-0.029209,0.027713,-0.362555,-0.931092,-1.402693,-0.647363,0.901986,quasi
175,1.458333,0.048145,0.01263,0.416785,0.907641,-1.530937,-0.698601,0.016504,-0.032135,-0.030578,0.241429,0.969404,-1.055459,-0.53063,0.024918,-0.029864,0.028485,-0.363126,-0.930826,-1.400565,-0.646638,0.901726,quasi
176,1.466667,0.049578,0.013474,0.417141,0.907389,-1.530853,-0.698673,0.016527,-0.033704,-0.027598,0.239073,0.970024,-1.055245,-0.53091,0.024438,-0.029135,0.028235,-0.362763,-0.930998,-1.398293,-0.645716,0.901284,quasi
177,1.475,0.050598,0.0141,0.417629,0.907098,-1.530728,-0.698667,0.016583,-0.035101,-0.024671,0.236728,0.970628,-1.05491,-0.531046,0.024188,-0.028854,0.028898,-0.362925,-0.930923,-1.396071,-0.644873,0.901036,quasi
178,1.483333,0.051487,0.014584,0.418028,0.906857,-1.5306,-0.698645,0.016634,-0.036287,-0.023278,0.236285,0.970727,-1.054825,-0.530997,0.023999,-0.02919,0.029682,-0.362758,-0.930953,-1.394043,-0.644233,0.900846,quasi
179,1.491667,0.05228,0.015055,0.41841,0.906627,-1.530472,-0.698638,0.016663,-0.039576,-0.020865,0.237129,0.970447,-1.054994,-0.53103,0.02372,-0.028817,0.030485,-0.362893,-0.930886,-1.391948,-0.643475,0.900822,quasi
180,1.5,0.051966,0.015812,0.41761,0.907001,-1.530798,-0.698281,0.016838,-0.041019,-0.020025,0.23898,0.969951,-1.055057,-0.530843,0.0236,-0.028588,0.032018,-0.363045,-0.930782,-1.38956,-0.643502,0.901377,quasi
181,1.508333,0.052426,0.016158,0.417973,0.906802,-1.530701,-0.698324,0.016846,-0.041035,-0.02218,0.240448,0.969541,-1.055443,-0.531324,0.022951,-0.028314,0.03182,-0.362645,-0.930954,-1.387612,-0.643018,0.901356,quasi
182,1.516667,0.052898,0.016454,0.418293,0.906621,-1.530611,-0.69836,0.016875,-0.043476,-0.022013,0.242093,0.969029,-1.055389,-0.531321,0.023096,-0.026807,0.032084,-0.362943,-0.930873,-1.385652,-0.642352,0.901306,quasi
183,1.525,0.05367,0.016811,0.418547,0.906452,-1.530554,-0.698401,0.016911,-0.046317,-0.021244,0.242661,0.968772,-1.055405,-0.531445,0.023065,-0.0268,0.031731,-0.364496,-0.930278,-1.384,-0.640926,0.899974,quasi
184,1.533333,0.053966,0.017018,0.418845,0.906293,-1.530499,-0.698452,0.016943,-0.050145,-0.022644,0.244071,0.968195,-1.055088,-0.531613,0.023,-0.026921,0.031554,-0.364141,-0.93042,-1.381998,-0.640535,0.89979,quasi
185,1.541667,0.054256,0.017229,0.419072,0.906167,-1.530453,-0.698498,0.01696,-0.053005,-0.023325,0.244195,0.967996,-1.054827,-0.531539,0.022925,-0.026182,0.031452,-0.364268,-0.930394,-1.380099,-0.639926,0.899757,quasi
186,1.55,0.054704,0.017623,0.41933,0.906013,-1.530389,-0.698529,0.016984,-0.053735,-0.023363,0.243595,0.968105,-1.05475,-0.531489,0.022829,-0.025975,0.032136,-0.364655,-0.930225,-1.378294,-0.639409,0.899528,quasi
187,1.558333,0.055346,0.018053,0.419635,0.905824,-1.530306,-0.698568,0.017018,-0.054342,-0.023854,0.243614,0.968055,-1.054712,-0.531475,0.022734,-0.026018,0.031782,-0.364343,-0.930359,-1.376511,-0.638997,0.899361,quasi
188,1.566667,0.055807,0.018336,0.419897,0.905669,-1.53023,-0.698607,0.017044,-0.053854,-0.024322,0.243424,0.968118,-1.054674,-0.53133,0.02266,-0.024884,0.030878,-0.364085,-0.930521,-1.37484,-0.638255,0.899059,quasi
189,1.575,0.056246,0.018723,0.420196,0.905495,-1.530149,-0.698641,0.017059,-0.053375,-0.025106,0.243655,0.968067,-1.054652,-0.531178,0.022593,-0.024465,0.031112,-0.363843,-0.930619,-1.373185,-0.637936,0.898862,quasi
190,1.583333,0.056493,0.019021,0.420459,0.905351,-1.530082,-0.69867,0.017081,-0.052463,-0.025628,0.243711,0.968089,-1.054651,-0.531016,0.022527,-0.024013,0.031248,-0.363892,-0.930607,-1.371506,-0.63754,0.898717,quasi
191,1.591667,0.05719,0.019469,0.420777,0.90515,-1.530033,-0.69869,0.017124,-0.050727,-0.025426,0.243022,0.96836,-1.054677,-0.530846,0.022456,-0.023428,0.030961,-0.363943,-0.930612,-1.369756,-0.63718,0.898663,quasi
192,1.6,0.057565,0.019728,0.420992,0.905021,-1.529988,-0.69873,0.017144,-0.049409,-0.025431,0.242676,0.968515,-1.054675,-0.530711,0.022392,-0.022553,0.029902,-0.364337,-0.930514,-1.368321,-0.636814,0.898627,quasi
193,1.608333,0.057793,0.019871,0.421101,0.904952,-1.529948,-0.698754,0.017172,-0.048143,-0.025019,0.242029,0.968751,-1.054702,-0.530601,0.022306,-0.022052,0.029138,-0.364374,-0.930535,-1.367098,-0.63644,0.898629,quasi
194,1.616667,0.058038,0.020021,0.421199,0.904888,-1.529938,-0.698776,0.017181,-0.047494,-0.025127,0.241787,0.968841,-1.054688,-0.530547,0.022229,-0.021661,0.030577,-0.36355,-0.930821,-1.365485,-0.636284,0.898764,quasi
195,1.625,0.058276,0.020062,0.421269,0.904839,-1.529933,-0.69878,0.017194,-0.0471,-0.025105,0.241647,0.968895,-1.054666,-0.53054,0.022148,-0.020984,0.030929,-0.362721,-0.931148,-1.364573,-0.635795,0.89887,quasi
196,1.633333,0.058403,0.020064,0.421292,0.90482,-1.529944,-0.698796,0.017204,-0.046894,-0.025267,0.241707,0.968886,-1.054633,-0.530553,0.022102,-0.02022,0.027222,-0.364549,-0.930566,-1.363361,-0.637106,0.899247,quasi
197,1.641667,0.05859,0.020073,0.421301,0.904804,-1.529956,-0.698812,0.017208,-0.046813,-0.025221,0.241631,0.96891,-1.054616,-0.530592,0.022059,-0.019019,0.026601,-0.364234,-0.930733,-1.362187,-0.637223,0.899441,quasi
198,1.65,0.05872,0.020017,0.421369,0.904765,-1.529966,-0.698834,0.017204,-0.046969,-0.025261,0.241638,0.9689,-1.054587,-0.530657,0.022033,-0.019082,0.02603,-0.36412,-0.930793,-1.361271,-0.637579,0.899659,quasi
199,1.658333,0.05884,0.019995,0.42142,0.904734,-1.529988,-0.698868,0.017191,-0.047198,-0.025304,0.24172,0.968867,-1.054569,-0.530728,0.022021,-0.018132,0.025443,-0.364214,-0.930791,-1.360218,-0.637742,0.899917,quasi
200,1.666667,0.058953,0.01994,0.421458,0.90471,-1.530004,-0.698913,0.017181,-0.047503,-0.025108,0.241682,0.968867,-1.054544,-0.530795,0.022017,-0.017537,0.024158,-0.364375,-0.930774,-1.359341,-0.637959,0.899983,quasi
201,1.675,0.059144,0.019818,0.421575,0.904646,-1.530017,-0.698944,0.017175,-0.047843,-0.025052,0.241774,0.968829,-1.054502,-0.530867,0.022041,-0.016237,0.022922,-0.364442,-0.930802,-1.358425,-0.63804,0.900046,quasi
202,1.683333,0.059227,0.019712,0.421581,0.90464,-1.530029,-0.698981,0.017169,-0.04808,-0.02496,0.241865,0.968797,-1.054472,-0.530926,0.022069,-0.015658,0.022629,-0.364477,-0.930806,-1.357766,-0.638237,0.900079,quasi
203,1.691667,0.059452,0.019566,0.421724,0.904561,-1.530034,-0.699021,0.017147,-0.048248,-0.024889,0.24195,0.968769,-1.054434,-0.530977,0.022101,-0.014954,0.021309,-0.364772,-0.930733,-1.356863,-0.63834,0.900069,quasi
204,1.7,0.05955,0.01947,0.421772,0.904535,-1.53006,-0.699063,0.01714,-0.048306,-0.024669,0.24198,0.968764,-1.054417,-0.531028,0.022115,-0.014108,0.020097,-0.364759,-0.930778,-1.356152,-0.638366,0.900001,quasi
205,1.708333,0.059679,0.019285,0.421888,0.904476,-1.530087,-0.699102,0.017116,-0.048208,-0.024445,0.241932,0.968787,-1.054404,-0.531066,0.022134,-0.014728,0.021866,-0.363889,-0.931069,-1.35502,-0.638316,0.899929,quasi
206,1.716667,0.059796,0.01908,0.421962,0.904438,-1.530123,-0.699134,0.017112,-0.04799,-0.02424,0.241864,0.968819,-1.054394,-0.531099,0.022144,-0.015002,0.021895,-0.364011,-0.931017,-1.354196,-0.638472,0.899953,quasi
207,1.725,0.059773,0.018884,0.422045,0.904405,-1.530161,-0.699166,0.017095,-0.047712,-0.024048,0.241772,0.968861,-1.054393,-0.531133,0.022146,-0.015007,0.021379,-0.364339,-0.9309,-1.353494,-0.638652,0.899888,quasi
208,1.733333,0.059751,0.018548,0.42205,0.904411,-1.530214,-0.699214,0.017087,-0.047485,-0.023996,0.241794,0.968868,-1.05438,-0.531166,0.022163,-0.014898,0.020942,-0.364488,-0.930853,-1.352836,-0.638751,0.899827,quasi
209,1.741667,0.059805,0.018315,0.422153,0.904364,-1.530261,-0.699252,0.017079,-0.047199,-0.023955,0.241709,0.968904,-1.054362,-0.531172,0.022162,-0.015257,0.020286,-0.364811,-0.930735,-1.352249,-0.639054,0.899879,quasi
210,1.75,0.059837,0.018071,0.422196,0.904347,-1.53032,-0.69929,0.017068,-0.046951,-0.023905,0.241682,0.968924,-1.054343,-0.53119,0.022156,-0.015265,0.019555,-0.364656,-0.930812,-1.351747,-0.639242,0.899804,quasi
211,1.758333,0.059771,0.017781,0.422274,0.904321,-1.530378,-0.699333,0.017046,-0.046511,-0.023804,0.241628,0.968961,-1.054326,-0.531204,0.022149,-0.01482,0.018791,-0.364852,-0.930758,-1.351193,-0.639428,0.899707,quasi
212,1.766667,0.059819,0.017573,0.422341,0.90429,-1.530414,-0.699349,0.017045,-0.046143,-0.023809,0.241483,0.969015,-1.054321,-0.531231,0.02214,-0.014717,0.018615,-0.36493,-0.930733,-1.350636,-0.639627,0.899738,quasi
213,1.775,0.060158,0.01731,0.42243,0.904231,-1.530453,-0.699385,0.017004,-0.04567,-0.023704,0.241471,0.969043,-1.05432,-0.53125,0.022141,-0.014233,0.017916,-0.364816,-0.930798,-1.35017,-0.639844,0.899688,quasi
214,1.783333,0.059923,0.017168,0.42249,0.904221,-1.530501,-0.699442,0.017014,-0.045309,-0.023636,0.241331,0.969096,-1.054318,-0.531279,0.022134,-0.013912,0.017582,-0.364709,-0.930851,-1.349641,-0.640042,0.8996,quasi
215,1.791667,0.059892,0.016945,0.422629,0.904163,-1.53055,-0.699479,0.017008,-0.044992,-0.023636,0.241298,0.969119,-1.054309,-0.531295,0.022136,-0.013474,0.017252,-0.364957,-0.930767,-1.349092,-0.640284,0.899621,quasi
216,1.8,0.060208,0.016632,0.422717,0.904107,-1.530593,-0.699524,0.016975,-0.03984,-0.024334,0.239535,0.969765,-1.0545,-0.531136,0.021728,-0.013296,0.016688,-0.364845,-0.930824,-1.348746,-0.640514,0.899628,quasi
217,1.808333,0.060286,0.016415,0.422877,0.90403,-1.530642,-0.699561,0.016953,-0.039121,-0.024376,0.239553,0.969789,-1.054491,-0.531128,0.021701,-0.012879,0.016367,-0.364749,-0.930873,-1.348254,-0.640629,0.899646,quasi
218,1.816667,0.060355,0.016194,0.423044,0.903952,-1.5307,-0.699591,0.016953,-0.038318,-0.024383,0.239541,0.969824,-1.054476,-0.531127,0.021671,-0.012347,0.016244,-0.364925,-0.930813,-1.347774,-0.64092,0.899454,quasi
219,1.825,0.060208,0.015917,0.42321,0.903889,-1.530756,-0.699624,0.016936,-0.037433,-0.024396,0.239531,0.96986,-1.054475,-0.531126,0.021651,-0.011743,0.015996,-0.365089,-0.930761,-1.347241,-0.641077,0.899443,quasi
220,1.833333,0.06026,0.015635,0.423319,0.903839,-1.530842,-0.699638,0.016909,-0.036984,-0.024413,0.239802,0.96981,-1.054427,-0.531153,0.021682,-0.011159,0.015388,-0.365219,-0.930728,-1.346814,-0.641213,0.899436,quasi
221,1.841667,0.059778,0.014873,0.42352,0.90379,-1.530973,-0.699624,0.01697,-0.038734,-0.022675,0.240216,0.969681,-1.054592,-0.5314,0.021616,-0.010987,0.015937,-0.365451,-0.930629,-1.346218,-0.641425,0.899271,quasi
222,1.85,0.059549,0.014602,0.423651,0.903748,-1.531056,-0.699633,0.016951,-0.043294,-0.021148,0.239252,0.969761,-1.054855,-0.531952,0.021931,-0.010576,0.014803,-0.366019,-0.930429,-1.345806,-0.64164,0.899335,quasi
223,1.858333,0.059363,0.014339,0.423834,0.903679,-1.531112,-0.69964,0.016941,-0.045271,-0.020792,0.239913,0.969515,-1.054777,-0.532114,0.022117,-0.010064,0.01376,-0.366531,-0.93025,-1.345449,-0.641848,0.89936,quasi
224,1.866667,0.059138,0.014102,0.423957,0.903639,-1.531164,-0.699637,0.016945,-0.047637,-0.020402,0.240751,0.969203,-1.054695,-0.532317,0.022291,-0.009566,0.013469,-0.36692,-0.930106,-1.345071,-0.641983,0.899323,quasi
225,1.875,0.059055,0.013865,0.424099,0.903582,-1.531213,-0.699634,0.016929,-0.05016,-0.019619,0.241335,0.968946,-1.054669,-0.532532,0.022473,-0.009105,0.013318,-0.367334,-0.929949,-1.344575,-0.642115,0.899312,quasi
226,1.883333,0.058952,0.013714,0.424277,0.903507,-1.531269,-0.699648,0.016927,-0.052083,-0.019086,0.241768,0.968747,-1.05466,-0.532723,0.022634,-0.00868,0.01202,-0.367862,-0.929762,-1.344217,-0.642374,0.899378,quasi
227,1.891667,0.058403,0.013685,0.424422,0.903475,-1.531332,-0.699657,0.016969,-0.053354,-0.018848,0.241932,0.968642,-1.054676,-0.532874,0.022725,-0.008415,0.011283,-0.368248,-0.929621,-1.343845,-0.642545,0.899437,quasi
228,1.9,0.058331,0.013534,0.424538,0.903428,-1.53139,-0.699673,0.016975,-0.052852,-0.019204,0.241815,0.968692,-1.054643,-0.532883,0.022629,-0.008265,0.010364,-0.368811,-0.92941,-1.343431,-0.642802,0.899612,quasi
229,1.908333,0.058131,0.013263,0.424627,0.903403,-1.531443,-0.699703,0.01696,-0.05281,-0.019522,0.241956,0.968652,-1.054656,-0.532906,0.022605,-0.007166,0.009364,-0.369326,-0.929225,-1.342945,-0.642862,0.899492,quasi
230,1.916667,0.058384,0.013248,0.424759,0.903325,-1.531477,-0.699721,0.016965,-0.052153,-0.019788,0.242116,0.968643,-1.054654,-0.532871,0.022557,-0.00509,0.008885,-0.369507,-0.929171,-1.342654,-0.642742,0.898991,quasi
231,1.925,0.05849,0.013238,0.424848,0.903276,-1.531526,-0.699733,0.016962,-0.051,-0.020152,0.241915,0.968747,-1.054674,-0.532799,0.022453,-0.006539,0.010392,-0.369757,-0.929047,-1.342059,-0.642769,0.899395,quasi
232,1.933333,0.058541,0.013148,0.42499,0.903207,-1.531577,-0.699754,0.016968,-0.049829,-0.02039,0.241837,0.968822,-1.054673,-0.532727,0.022377,-0.007339,0.010145,-0.370475,-0.928758,-1.341221,-0.642754,0.899801,quasi
233,1.941667,0.058653,0.013153,0.425086,0.903155,-1.531607,-0.699773,0.016962,-0.04854,-0.020883,0.241583,0.96894,-1.054707,-0.532633,0.022297,-0.008073,0.011013,-0.371394,-0.928375,-1.340503,-0.642791,0.899839,quasi
234,1.95,0.058686,0.01307,0.425164,0.903117,-1.53164,-0.699802,0.016959,-0.047592,-0.021117,0.241399,0.969028,-1.054734,-0.532552,0.022225,-0.00819,0.009282,-0.372653,-0.927888,-1.340185,-0.642887,0.900279,quasi
235,1.958333,0.058763,0.013133,0.425237,0.903077,-1.531667,-0.699813,0.016961,-0.046981,-0.021286,0.241137,0.969119,-1.054776,-0.532475,0.022163,-0.008574,0.008885,-0.373615,-0.927502,-1.339683,-0.643016,0.900243,quasi
236,1.966667,0.058825,0.013134,0.425283,0.903051,-1.531693,-0.699845,0.016961,-0.046613,-0.021333,0.240975,0.969177,-1.054819,-0.532412,0.02212,-0.008291,0.008689,-0.374507,-0.927146,-1.339181,-0.642973,0.900169,quasi
237,1.975,0.059039,0.013186,0.425359,0.903001,-1.531711,-0.699863,0.016956,-0.046566,-0.021349,0.240803,0.969221,-1.054841,-0.532366,0.022108,-0.008731,0.009431,-0.375595,-0.926695,-1.338626,-0.643017,0.90007,quasi
238,1.983333,0.059116,0.013191,0.425434,0.902961,-1.53174,-0.699888,0.016949,-0.046678,-0.021366,0.240752,0.969228,-1.054864,-0.532344,0.022107,-0.00822,0.009301,-0.376384,-0.926381,-1.338205,-0.642877,0.899938,quasi
239,1.991667,0.059266,0.013259,0.425468,0.902933,-1.531752,-0.699901,0.016964,-0.047023,-0.021349,0.240754,0.969211,-1.054879,-0.532337,0.022116,-0.007618,0.008392,-0.377391,-0.925985,-1.337719,-0.642966,0.899757,quasi
240,2.0,0.059352,0.013392,0.425481,0.90292,-1.531758,-0.699924,0.016949,-0.04758,-0.021464,0.240854,0.969157,-1.05488,-0.53233,0.022136,-0.006986,0.008698,-0.378275,-0.925626,-1.336996,-0.642835,0.899532,quasi
241,2.008333,0.059506,0.013521,0.425484,0.902906,-1.531755,-0.699943,0.016961,-0.048174,-0.021545,0.241,0.969089,-1.054884,-0.532328,0.022137,-0.006194,0.007709,-0.379286,-0.925227,-1.336372,-0.642776,0.899512,quasi
242,2.016667,0.059729,0.013682,0.425493,0.902885,-1.531744,-0.699946,0.016967,-0.049329,-0.021488,0.240981,0.969037,-1.0549,-0.532333,0.02216,-0.005508,0.006974,-0.379827,-0.925015,-1.33585,-0.642666,0.899412,quasi
243,2.025,0.059891,0.013871,0.425483,0.902876,-1.531725,-0.699935,0.016966,-0.050429,-0.021614,0.241278,0.968904,-1.054869,-0.532341,0.02218,-0.00493,0.006899,-0.380473,-0.924753,-1.335056,-0.642583,0.899276,quasi
244,2.033333,0.05987,0.013957,0.425505,0.902866,-1.53173,-0.699952,0.016968,-0.050971,-0.021909,0.241458,0.968824,-1.054886,-0.532266,0.022146,-0.004854,0.006946,-0.381204,-0.924452,-1.33429,-0.642572,0.899289,quasi
245,2.041667,0.059927,0.014069,0.425545,0.902842,-1.531729,-0.699945,0.016972,-0.049505,-0.022683,0.241462,0.968881,-1.054684,-0.532009,0.022284,-0.004868,0.005886,-0.381871,-0.924184,-1.333515,-0.642602,0.899309,quasi
246,2.05,0.059981,0.014267,0.425567,0.902824,-1.53173,-0.699948,0.016969,-0.049063,-0.022948,0.241496,0.968889,-1.054535,-0.531699,0.022336,-0.004826,0.006138,-0.38265,-0.92386,-1.332683,-0.642469,0.899333,quasi
247,2.058333,0.059907,0.01439,0.425559,0.902831,-1.531715,-0.699952,0.016985,-0.04849,-0.023163,0.241325,0.968955,-1.054525,-0.531561,0.022245,-0.004683,0.00565,-0.383002,-0.923719,-1.331766,-0.642352,0.899226,quasi
248,2.066667,0.060193,0.014702,0.425515,0.902827,-1.531705,-0.699941,0.016984,-0.048363,-0.023529,0.241303,0.968958,-1.054516,-0.531399,0.022157,-0.004472,0.006093,-0.383681,-0.923435,-1.330703,-0.64215,0.899128,quasi
249,2.075,0.060152,0.014755,0.425595,0.902792,-1.531694,-0.699953,0.016974,-0.047805,-0.023994,0.241183,0.969005,-1.054539,-0.531271,0.022072,-0.004607,0.005036,-0.383964,-0.923323,-1.330029,-0.642003,0.899065,quasi
250,2.083333,0.060106,0.015016,0.425645,0.902767,-1.531687,-0.699951,0.016992,-0.04742,-0.024393,0.240993,0.969061,-1.05457,-0.531169,0.021986,-0.007919,0.00366,-0.385275,-0.922761,-1.330226,-0.641785,0.899964,quasi
251,2.091667,0.060192,0.015169,0.42568,0.902742,-1.531666,-0.699948,0.01698,-0.04697,-0.024673,0.240694,0.96915,-1.054643,-0.531098,0.021893,-0.008491,0.002647,-0.386002,-0.922455,-1.329491,-0.641578,0.90008,quasi
252,2.1,0.060247,0.015338,0.425698,0.902727,-1.531662,-0.699958,0.016982,-0.046523,-0.024949,0.240377,0.969243,-1.054707,-0.53103,0.021826,-0.007991,0.002499,-0.386208,-0.922374,-1.328485,-0.641375,0.899729,quasi
253,2.108333,0.060682,0.015869,0.425601,0.902734,-1.531618,-0.699995,0.016926,-0.046844,-0.025489,0.240227,0.969251,-1.054806,-0.530938,0.021809,-0.007998,0.00198,-0.387066,-0.922015,-1.327449,-0.641151,0.899765,quasi
254,2.116667,0.060813,0.016155,0.425569,0.902736,-1.531592,-0.699991,0.016932,-0.046841,-0.025451,0.240058,0.969294,-1.054828,-0.530915,0.021798,-0.008413,0.002128,-0.387088,-0.922002,-1.326547,-0.640818,0.899646,quasi
255,2.125,0.060893,0.016497,0.425504,0.902755,-1.531562,-0.69999,0.016946,-0.046579,-0.025205,0.240045,0.969316,-1.054771,-0.530935,0.021796,-0.008471,0.000652,-0.387166,-0.921971,-1.325547,-0.640534,0.899655,quasi
256,2.133333,0.060936,0.016752,0.42541,0.902791,-1.531564,-0.700007,0.01695,-0.046668,-0.025091,0.240074,0.969307,-1.054767,-0.530964,0.021838,-0.007858,0.000761,-0.387593,-0.921797,-1.324329,-0.64028,0.89945,quasi
257,2.141667,0.061097,0.017059,0.425359,0.902799,-1.531557,-0.700005,0.016956,-0.046868,-0.025005,0.24007,0.969301,-1.05476,-0.530981,0.021905,-0.007604,0.001224,-0.387691,-0.921757,-1.32306,-0.639916,0.899209,quasi
258,2.15,0.061134,0.017459,0.425254,0.902838,-1.531543,-0.699995,0.016973,-0.04706,-0.024904,0.240051,0.969299,-1.05473,-0.531026,0.021985,-0.007722,-0.000123,-0.387615,-0.921789,-1.321964,-0.639646,0.899162,quasi
259,2.158333,0.061264,0.01789,0.425142,0.902874,-1.531514,-0.700003,0.016978,-0.047208,-0.024916,0.239936,0.96932,-1.054675,-0.531063,0.022078,-0.007328,0.000529,-0.387806,-0.921712,-1.320609,-0.639373,0.898934,quasi
260,2.166667,0.061287,0.018298,0.425068,0.902899,-1.531488,-0.700004,0.016996,-0.048739,-0.023792,0.24,0.969257,-1.054855,-0.531291,0.02202,-0.006694,0.000154,-0.388077,-0.921603,-1.319209,-0.639064,0.898764,quasi
261,2.175,0.061492,0.018707,0.424985,0.902916,-1.531467,-0.699999,0.017004,-0.049052,-0.024257,0.240286,0.969158,-1.054781,-0.531371,0.022163,-0.005858,0.000281,-0.38798,-0.921649,-1.317829,-0.638807,0.89837,quasi
262,2.183333,0.061606,0.019151,0.424929,0.902925,-1.531447,-0.699996,0.017008,-0.049236,-0.02448,0.240143,0.969179,-1.054758,-0.53153,0.022276,-0.005241,0.000102,-0.388298,-0.921519,-1.316343,-0.638464,0.898252,quasi
263,2.191667,0.061713,0.019691,0.424868,0.902935,-1.53142,-0.699998,0.017025,-0.04873,-0.024494,0.238629,0.969578,-1.05497,-0.5318,0.022266,-0.002181,0.000477,-0.388343,-0.921512,-1.314564,-0.637875,0.897397,quasi
264,2.2,0.061824,0.020124,0.42481,0.902945,-1.531409,-0.699986,0.017059,-0.047278,-0.025155,0.236935,0.970048,-1.055226,-0.532074,0.022278,-0.001805,0.001149,-0.388221,-0.921564,-1.31302,-0.637498,0.897143,quasi
265,2.208333,0.062022,0.020558,0.424766,0.902942,-1.531396,-0.699976,0.017087,-0.047461,-0.025534,0.23676,0.970072,-1.054931,-0.53201,0.022589,-0.001467,-0.000547,-0.388989,-0.921241,-1.311615,-0.637177,0.897148,quasi
266,2.216667,0.062041,0.020976,0.424676,0.902974,-1.531375,-0.699977,0.017114,-0.046411,-0.025986,0.235513,0.970414,-1.054933,-0.532248,0.022714,-0.000556,-0.000228,-0.389391,-0.921072,-1.309887,-0.636647,0.897029,quasi
267,2.225,0.061975,0.021451,0.424596,0.903005,-1.531362,-0.699974,0.017147,-0.045296,-0.026724,0.234188,0.970768,-1.054946,-0.532472,0.022845,0.000242,-0.001497,-0.389547,-0.921005,-1.308194,-0.636298,0.896831,quasi
268,2.233333,0.061737,0.021679,0.424656,0.902987,-1.53135,-0.699986,0.017182,-0.043344,-0.028408,0.233803,0.970902,-1.05461,-0.532426,0.023223,0.000781,-0.001293,-0.389218,-0.921145,-1.306434,-0.635736,0.896674,quasi
269,2.241667,0.061635,0.022016,0.424668,0.902981,-1.531354,-0.699987,0.017225,-0.042365,-0.02988,0.233007,0.971092,-1.054614,-0.532531,0.023396,0.001959,-0.000533,-0.389573,-0.920993,-1.304465,-0.635029,0.896641,quasi
270,2.25,0.061386,0.022309,0.424688,0.902981,-1.531353,-0.699985,0.017265,-0.042018,-0.031489,0.231835,0.971337,-1.054666,-0.532662,0.023569,0.003375,-0.000907,-0.389253,-0.921124,-1.302432,-0.634498,0.896309,quasi
271,2.258333,0.061137,0.022482,0.424765,0.902957,-1.53136,-0.699973,0.017322,-0.042208,-0.032957,0.229959,0.971726,-1.054732,-0.532864,0.023727,0.004023,-0.001517,-0.38949,-0.921021,-1.300486,-0.633748,0.896442,quasi
272,2.266667,0.060606,0.022594,0.424898,0.902927,-1.531371,-0.699969,0.017403,-0.043222,-0.034423,0.227121,0.972298,-1.054824,-0.53324,0.023809,0.007384,-0.005791,-0.38932,-0.921055,-1.298699,-0.633535,0.895808,quasi
273,2.275,0.059917,0.022752,0.425054,0.902896,-1.531385,-0.699947,0.017488,-0.049569,-0.035486,0.222926,0.972927,-1.055021,-0.533963,0.024196,0.008422,-0.005198,-0.388857,-0.921245,-1.296623,-0.632798,0.895842,quasi
274,2.283333,0.059059,0.022951,0.425186,0.902886,-1.531389,-0.699911,0.017593,-0.052434,-0.036223,0.21751,0.973976,-1.055004,-0.534854,0.024237,0.010028,-0.005487,-0.388124,-0.921536,-1.294465,-0.632085,0.895692,quasi
275,2.291667,0.057998,0.023226,0.425408,0.902843,-1.531363,-0.699866,0.01772,-0.051716,-0.038405,0.213859,0.974738,-1.055244,-0.535836,0.024297,0.012155,-0.00499,-0.387728,-0.92168,-1.292007,-0.631323,0.895593,quasi
276,2.3,0.056481,0.023652,0.425751,0.902766,-1.531326,-0.699819,0.017889,-0.053992,-0.03935,0.210841,0.975235,-1.055193,-0.536523,0.024457,0.014598,-0.005555,-0.387053,-0.921925,-1.289434,-0.630508,0.89537,quasi
277,2.308333,0.054568,0.024232,0.426306,0.902607,-1.531264,-0.699803,0.018098,-0.056183,-0.039968,0.209201,0.975439,-1.055157,-0.53704,0.024583,0.014799,-0.00675,-0.386255,-0.922249,-1.287607,-0.629612,0.895432,quasi
278,2.316667,0.052361,0.02485,0.427221,0.902287,-1.531134,-0.69981,0.018326,-0.058229,-0.040206,0.208986,0.975355,-1.05505,-0.537339,0.024724,0.016131,-0.007714,-0.38541,-0.922572,-1.285912,-0.628675,0.895166,quasi
279,2.325,0.049686,0.024818,0.428692,0.901742,-1.531024,-0.700015,0.018643,-0.058519,-0.040974,0.210226,0.975039,-1.05497,-0.537448,0.024869,0.018102,-0.007514,-0.384754,-0.922811,-1.283445,-0.627897,0.895086,quasi
280,2.333333,0.046973,0.025649,0.430306,0.901095,-1.530758,-0.700122,0.018981,-0.058379,-0.041219,0.211779,0.974701,-1.054735,-0.537381,0.025088,0.019612,-0.007733,-0.384055,-0.923069,-1.281061,-0.626923,0.895134,quasi
281,2.341667,0.043872,0.026942,0.432336,0.900242,-1.530391,-0.700248,0.019377,-0.057347,-0.040281,0.212251,0.974699,-1.054711,-0.537421,0.025093,0.021477,-0.008894,-0.382945,-0.923479,-1.278696,-0.625909,0.895016,quasi
282,2.35,0.040017,0.028376,0.434916,0.899134,-1.52991,-0.700179,0.019835,-0.055105,-0.039522,0.211927,0.97493,-1.054606,-0.537567,0.025075,0.022511,-0.007491,-0.382245,-0.923757,-1.276341,-0.624781,0.894994,quasi
283,2.358333,0.03591,0.03057,0.436976,0.898236,-1.529245,-0.699975,0.02029,-0.047077,-0.040384,0.210509,0.975622,-1.054525,-0.537522,0.024469,0.024533,-0.007391,-0.381395,-0.924057,-1.27392,-0.623627,0.894899,quasi
284,2.366667,0.031285,0.032186,0.439438,0.897151,-1.528524,-0.69993,0.020827,-0.045285,-0.038595,0.211308,0.975607,-1.053993,-0.537556,0.024705,0.025376,-0.00731,-0.381277,-0.924084,-1.271348,-0.622466,0.895002,quasi
285,2.375,0.025682,0.033075,0.441677,0.896197,-1.527843,-0.700006,0.021368,-0.040859,-0.037813,0.211252,0.975845,-1.053684,-0.537673,0.024697,0.025175,-0.007868,-0.380727,-0.924311,-1.268966,-0.621115,0.895282,quasi
286,2.383333,0.022338,0.037715,0.446057,0.89393,-1.527059,-0.700257,0.022291,-0.035541,-0.037644,0.210807,0.976156,-1.053548,-0.537785,0.024577,0.024482,-0.007898,-0.380211,-0.924542,-1.266416,-0.619765,0.895783,quasi
287,2.391667,0.017899,0.040678,0.449669,0.892089,-1.526421,-0.700336,0.023156,-0.029418,-0.037487,0.209091,0.976734,-1.053694,-0.538006,0.024282,0.025077,-0.005983,-0.379445,-0.924855,-1.2638,-0.618328,0.896086,quasi
288,2.4,0.012677,0.043396,0.45265,0.890541,-1.525729,-0.700365,0.024062,-0.025344,-0.037284,0.20912,0.97685,-1.053566,-0.538092,0.024185,0.025781,-0.003469,-0.378438,-0.925261,-1.261248,-0.616952,0.896753,quasi
289,2.408333,0.006492,0.046885,0.455199,0.889131,-1.525072,-0.700361,0.02512,-0.02272,-0.037045,0.208669,0.97702,-1.053517,-0.538364,0.024255,0.027065,-0.003244,-0.377264,-0.925705,-1.258548,-0.615578,0.896742,quasi
290,2.416667,-0.000484,0.050569,0.457182,0.887934,-1.524415,-0.700156,0.026296,-0.019841,-0.036831,0.208597,0.977106,-1.053393,-0.538563,0.024288,0.027714,-0.002106,-0.37627,-0.926093,-1.256029,-0.6141,0.897188,quasi
291,2.425,-0.014975,0.051693,0.456771,0.887955,-1.524298,-0.70081,0.027475,-0.017405,-0.036405,0.208654,0.977157,-1.053236,-0.5388,0.024369,0.027952,-0.001376,-0.375002,-0.926601,-1.253366,-0.612536,0.897797,quasi
292,2.433333,-0.022558,0.054396,0.458137,0.886929,-1.523585,-0.700364,0.028797,-0.015443,-0.036073,0.208619,0.977209,-1.053149,-0.538975,0.024408,0.026704,-0.002233,-0.374743,-0.926742,-1.250798,-0.610685,0.898312,quasi
293,2.441667,-0.031818,0.059377,0.460208,0.885252,-1.522864,-0.699966,0.030376,-0.014452,-0.035898,0.208909,0.977169,-1.053101,-0.53909,0.024447,0.024064,-0.001519,-0.374988,-0.926716,-1.248646,-0.608987,0.899258,quasi
294,2.45,-0.037478,0.067012,0.462084,0.883506,-1.522064,-0.699452,0.032403,-0.013832,-0.035766,0.209448,0.977067,-1.053095,-0.539119,0.024456,0.023173,-0.00106,-0.37421,-0.927054,-1.246217,-0.607494,0.899964,quasi
295,2.458333,-0.047422,0.074414,0.463158,0.881872,-1.521124,-0.699153,0.034299,-0.013568,-0.035608,0.209949,0.97697,-1.053092,-0.539096,0.024469,0.020781,0.000177,-0.373133,-0.927545,-1.243812,-0.606075,0.901064,quasi
296,2.466667,-0.056792,0.079293,0.4645,0.880186,-1.520132,-0.698478,0.036291,-0.013798,-0.035443,0.210634,0.976825,-1.053117,-0.539008,0.024447,0.019053,0.000635,-0.37309,-0.927599,-1.241962,-0.604139,0.903308,quasi
297,2.475,-0.062548,0.088674,0.466791,0.877685,-1.519153,-0.697808,0.038818,-0.014274,-0.035219,0.211409,0.976659,-1.053163,-0.538848,0.024372,0.017652,0.001735,-0.371717,-0.928177,-1.239324,-0.602915,0.904076,quasi
298,2.483333,-0.072278,0.096911,0.469237,0.874757,-1.51787,-0.697234,0.041381,-0.015144,-0.034764,0.212149,0.976501,-1.053368,-0.538614,0.024156,0.014637,0.002215,-0.370289,-0.928799,-1.236716,-0.601709,0.905329,quasi
299,2.491667,-0.082643,0.09605,0.474376,0.871156,-1.517147,-0.69672,0.044101,-0.017246,-0.034598,0.213898,0.976091,-1.053402,-0.538297,0.024034,0.013046,-0.000831,-0.368363,-0.92959,-1.23409,-0.600776,0.905801,quasi
300,2.5,-0.089804,0.115739,0.471416,0.869659,-1.515752,-0.695114,0.046869,-0.018574,-0.03416,0.215182,0.9758,-1.053541,-0.537991,0.023887,0.009288,0.001305,-0.36734,-0.930039,-1.2316,-0.599618,0.907159,quasi
301,2.508333,-0.100046,0.131671,0.470614,0.866704,-1.514123,-0.693916,0.049532,-0.019161,-0.033695,0.216511,0.97551,-1.053765,-0.537665,0.023771,0.007282,0.001501,-0.365946,-0.930607,-1.229192,-0.598499,0.908222,quasi
302,2.516667,-0.09569,0.160657,0.464726,0.865484,-1.51203,-0.691262,0.053597,-0.020533,-0.033427,0.217657,0.975237,-1.054028,-0.537373,0.023719,0.004507,0.001357,-0.364736,-0.931099,-1.226872,-0.59745,0.909345,quasi
303,2.525,-0.106968,0.176475,0.46398,0.861474,-1.509891,-0.689612,0.056636,-0.023589,-0.032503,0.219162,0.974862,-1.053837,-0.536864,0.023958,0.002001,0.002481,-0.36387,-0.931445,-1.224315,-0.596464,0.910354,quasi
304,2.533333,-0.109782,0.201276,0.461498,0.857004,-1.50745,-0.687312,0.060288,-0.022431,-0.030643,0.218655,0.975063,-1.054044,-0.536747,0.023451,9.3e-05,0.002786,-0.362719,-0.931894,-1.221847,-0.595439,0.911352,quasi
305,2.541667,-0.113398,0.217723,0.459412,0.853626,-1.504763,-0.684453,0.063834,-0.023261,-0.030519,0.220331,0.97467,-1.054154,-0.536541,0.023587,-0.002209,0.004395,-0.362067,-0.932139,-1.219287,-0.594467,0.912261,quasi
306,2.55,-0.121204,0.232145,0.458088,0.849455,-1.502068,-0.681941,0.066992,-0.024684,-0.03102,0.2229,0.974035,-1.054056,-0.536288,0.023872,-0.001981,0.006643,-0.361095,-0.932504,-1.215954,-0.593356,0.91335,quasi
307,2.558333,-0.130605,0.248909,0.456809,0.843986,-1.499514,-0.679778,0.069701,-0.025235,-0.031267,0.224665,0.973607,-1.053975,-0.536128,0.024007,-0.003097,0.007186,-0.360393,-0.932768,-1.213507,-0.592348,0.914131,quasi
308,2.566667,-0.139134,0.270766,0.450485,0.83928,-1.49711,-0.677959,0.072283,-0.025771,-0.030816,0.225302,0.97346,-1.053963,-0.536092,0.024001,-0.00511,0.008036,-0.360055,-0.932883,-1.210892,-0.591493,0.915008,quasi
309,2.575,-0.139792,0.289369,0.446551,0.835055,-1.494052,-0.674609,0.075747,-0.026402,-0.030668,0.225657,0.973366,-1.053973,-0.536055,0.024006,-0.006158,0.008721,-0.359644,-0.933029,-1.208333,-0.590584,0.915653,quasi
310,2.583333,-0.136768,0.308771,0.439624,0.832277,-1.490655,-0.670634,0.079006,-0.026859,-0.030249,0.225799,0.973334,-1.053956,-0.536078,0.023973,-0.007282,0.009309,-0.359595,-0.933034,-1.2062,-0.589672,0.916394,quasi
311,2.591667,-0.134932,0.322747,0.431394,0.831581,-1.486879,-0.666782,0.082246,-0.028914,-0.028714,0.223902,0.97376,-1.054191,-0.53638,0.023939,-0.008318,0.010365,-0.359781,-0.932942,-1.20401,-0.588867,0.916959,quasi
312,2.6,-0.128778,0.325307,0.425879,0.834397,-1.48273,-0.66301,0.084965,-0.029411,-0.028332,0.223921,0.973751,-1.054174,-0.536443,0.023879,-0.009444,0.010761,-0.3598,-0.93292,-1.201897,-0.588029,0.917599,quasi
313,2.608333,-0.120816,0.331164,0.418439,0.837044,-1.47837,-0.659006,0.087992,-0.026502,-0.027213,0.221716,0.974371,-1.054315,-0.53659,0.023232,-0.010651,0.012096,-0.359571,-0.932979,-1.199685,-0.587181,0.918086,quasi
314,2.616667,-0.108235,0.332251,0.417532,0.838786,-1.474235,-0.654163,0.091333,-0.02642,-0.026931,0.221736,0.974377,-1.054278,-0.536679,0.023147,-0.01182,0.012518,-0.358766,-0.933269,-1.197474,-0.586276,0.918683,quasi
315,2.625,-0.110724,0.331687,0.419371,0.837766,-1.468304,-0.648873,0.094114,-0.026569,-0.026421,0.221617,0.974414,-1.054208,-0.536792,0.023069,-0.01325,0.013734,-0.358085,-0.933494,-1.195328,-0.585447,0.919092,quasi
316,2.633333,-0.104942,0.332209,0.421162,0.837405,-1.462459,-0.643092,0.095813,-0.026175,-0.025821,0.221246,0.974525,-1.054107,-0.53686,0.022895,-0.0148,0.013961,-0.357128,-0.933834,-1.193253,-0.584693,0.91964,quasi
317,2.641667,-0.094204,0.326536,0.426042,0.838444,-1.456879,-0.636253,0.097215,-0.025764,-0.025863,0.220833,0.974628,-1.054013,-0.536919,0.022797,-0.015707,0.015252,-0.356922,-0.933878,-1.191245,-0.583894,0.920013,quasi
318,2.65,-0.098256,0.315859,0.43443,0.837765,-1.449897,-0.629069,0.098181,-0.025973,-0.026072,0.220674,0.974653,-1.053846,-0.536926,0.022801,-0.016983,0.015398,-0.355939,-0.934228,-1.189234,-0.583148,0.920501,quasi
319,2.658333,-0.09518,0.309118,0.438237,0.838651,-1.442795,-0.621743,0.098475,-0.026616,-0.024693,0.221002,0.974597,-1.053889,-0.537029,0.022618,-0.018526,0.017465,-0.354775,-0.934605,-1.18716,-0.582364,0.920754,quasi
320,2.666667,-0.086948,0.304367,0.43842,0.841183,-1.435596,-0.614193,0.098147,-0.02806,-0.023618,0.222363,0.974274,-1.05394,-0.537024,0.022536,-0.019706,0.017879,-0.353545,-0.935039,-1.185087,-0.581512,0.92125,quasi
321,2.675,-0.095475,0.295069,0.446508,0.839315,-1.426745,-0.606536,0.097817,-0.028247,-0.022759,0.22274,0.974203,-1.053925,-0.537017,0.022349,-0.021198,0.020145,-0.352502,-0.935354,-1.183092,-0.580631,0.921565,quasi
322,2.683333,-0.081477,0.289169,0.442281,0.845062,-1.418889,-0.598824,0.096187,-0.030419,-0.022424,0.222749,0.974143,-1.053897,-0.537044,0.022368,-0.022344,0.020038,-0.351153,-0.935837,-1.181056,-0.579822,0.92209,quasi
323,2.691667,-0.076534,0.278178,0.440322,0.850221,-1.410673,-0.590789,0.094094,-0.031422,-0.022328,0.222752,0.974113,-1.053863,-0.537069,0.022344,-0.02408,0.02115,-0.350052,-0.936182,-1.179073,-0.579105,0.922549,quasi
324,2.7,-0.076491,0.262553,0.444316,0.853111,-1.401973,-0.581962,0.09215,-0.032449,-0.02208,0.222646,0.974109,-1.053817,-0.537099,0.022315,-0.025411,0.021188,-0.34889,-0.93658,-1.177118,-0.578333,0.923086,quasi
325,2.708333,-0.065256,0.253076,0.44318,0.857488,-1.39231,-0.572667,0.08993,-0.033957,-0.022083,0.222652,0.974056,-1.053791,-0.537086,0.022293,-0.026446,0.022552,-0.34785,-0.936906,-1.175041,-0.577576,0.923408,quasi
326,2.716667,-0.070311,0.235445,0.449264,0.858943,-1.381902,-0.562713,0.088097,-0.035203,-0.022087,0.222738,0.973992,-1.053798,-0.537063,0.022247,-0.028106,0.022564,-0.346602,-0.93732,-1.17309,-0.577068,0.923821,quasi
327,2.725,-0.063465,0.224982,0.450739,0.861505,-1.372117,-0.553303,0.085636,-0.036351,-0.022034,0.222942,0.973905,-1.053798,-0.537044,0.022207,-0.029597,0.023741,-0.345234,-0.93775,-1.171349,-0.576508,0.924044,quasi
328,2.733333,-0.054096,0.213992,0.451399,0.864593,-1.362058,-0.543332,0.082786,-0.036132,-0.021941,0.223005,0.9739,-1.05379,-0.537024,0.022076,-0.031,0.023649,-0.344569,-0.937951,-1.169564,-0.575764,0.924669,quasi
329,2.741667,-0.053191,0.19966,0.455552,0.865898,-1.35183,-0.53333,0.079736,-0.038001,-0.022094,0.223127,0.973798,-1.053784,-0.537003,0.022116,-0.032184,0.025215,-0.344325,-0.93796,-1.167779,-0.574781,0.925203,quasi
330,2.75,-0.062495,0.183254,0.460624,0.86622,-1.34008,-0.520142,0.078905,-0.0385,-0.022052,0.223109,0.973783,-1.053769,-0.536982,0.022059,-0.033676,0.02631,-0.343392,-0.938219,-1.165988,-0.574031,0.925609,quasi
331,2.758333,-0.069524,0.171725,0.458265,0.869293,-1.328678,-0.510035,0.07567,-0.037933,-0.022084,0.22304,0.973821,-1.053749,-0.536971,0.021916,-0.034118,0.025974,-0.341966,-0.938734,-1.16388,-0.573238,0.925951,quasi
332,2.766667,-0.066641,0.160143,0.461468,0.870035,-1.31815,-0.499207,0.072861,-0.036355,-0.02213,0.222693,0.973959,-1.053754,-0.536918,0.021713,-0.03546,0.026729,-0.341503,-0.938831,-1.162126,-0.572529,0.926306,quasi
333,2.775,-0.062131,0.154674,0.461755,0.871205,-1.307858,-0.489798,0.069307,-0.034948,-0.022039,0.222271,0.974109,-1.053742,-0.536873,0.02152,-0.036623,0.026781,-0.341216,-0.938889,-1.160378,-0.572075,0.926502,quasi
334,2.783333,-0.03906,0.141895,0.46977,0.870435,-1.296737,-0.476797,0.066608,-0.034301,-0.021999,0.222034,0.974187,-1.053695,-0.536829,0.021357,-0.036425,0.028735,-0.339658,-0.939404,-1.158327,-0.571413,0.926103,quasi
335,2.791667,-0.030941,0.139248,0.468153,0.872058,-1.286361,-0.466461,0.063343,-0.034127,-0.022128,0.22207,0.974182,-1.053581,-0.536745,0.021288,-0.036969,0.028608,-0.339136,-0.939575,-1.156692,-0.570644,0.926391,quasi
336,2.8,-0.014019,0.134763,0.468447,0.873041,-1.275505,-0.454946,0.061114,-0.034054,-0.022287,0.221849,0.974231,-1.053503,-0.53668,0.021187,-0.03697,0.028793,-0.338846,-0.939674,-1.154965,-0.569829,0.926557,quasi
337,2.808333,-0.007493,0.115649,0.472389,0.873738,-1.264382,-0.44456,0.05767,-0.036699,-0.023992,0.221507,0.974173,-1.053544,-0.536736,0.021372,-0.037584,0.029614,-0.338886,-0.93961,-1.153297,-0.569218,0.92668,quasi
338,2.816667,0.00575,0.096897,0.470511,0.877039,-1.253507,-0.433818,0.054616,-0.036579,-0.022713,0.219473,0.974668,-1.053635,-0.536873,0.021218,-0.038434,0.030526,-0.338507,-0.939683,-1.151647,-0.568473,0.926718,quasi
339,2.825,-0.002865,0.075269,0.47291,0.877885,-1.242255,-0.423456,0.052383,-0.037807,-0.024728,0.221401,0.974136,-1.053475,-0.536678,0.021472,-0.038876,0.031981,-0.338202,-0.939726,-1.149952,-0.567738,0.926593,quasi
340,2.833333,0.001842,0.057705,0.472287,0.879552,-1.23043,-0.411927,0.050599,-0.039755,-0.025019,0.222852,0.97372,-1.053229,-0.536512,0.021569,-0.039298,0.031789,-0.338374,-0.939653,-1.148563,-0.567139,0.926746,quasi
341,2.841667,0.006955,0.041546,0.475276,0.878828,-1.220225,-0.401239,0.048733,-0.040456,-0.024548,0.22339,0.97358,-1.053138,-0.536399,0.021491,-0.039983,0.033216,-0.337952,-0.939727,-1.14698,-0.56659,0.926566,quasi
342,2.85,0.012397,0.032809,0.473518,0.880086,-1.20863,-0.39025,0.047294,-0.041691,-0.024156,0.223463,0.973521,-1.053141,-0.536368,0.02142,-0.04071,0.034326,-0.337741,-0.939732,-1.145499,-0.565918,0.926513,quasi
343,2.858333,0.020914,0.023522,0.47096,0.881593,-1.19714,-0.379185,0.045168,-0.043369,-0.024273,0.223452,0.973447,-1.053142,-0.536309,0.021402,-0.040823,0.033895,-0.337348,-0.939884,-1.143978,-0.565362,0.926445,quasi
344,2.866667,0.020604,0.011968,0.469041,0.882855,-1.185806,-0.369257,0.044175,-0.04508,-0.022481,0.223795,0.973334,-1.05346,-0.536442,0.021161,-0.041108,0.036016,-0.336739,-0.94001,-1.142437,-0.564791,0.926043,quasi
345,2.875,0.020192,-0.001485,0.46755,0.883735,-1.175268,-0.359476,0.043278,-0.050397,-0.022752,0.222546,0.973353,-1.053756,-0.536652,0.021372,-0.040841,0.037406,-0.336346,-0.940109,-1.140888,-0.563999,0.925791,quasi
346,2.883333,0.023895,-0.007348,0.465414,0.88474,-1.164321,-0.349345,0.043218,-0.052532,-0.022834,0.222569,0.973233,-1.053758,-0.536637,0.021378,-0.040667,0.038239,-0.336154,-0.940151,-1.139497,-0.563245,0.925635,quasi
347,2.891667,0.022944,-0.016061,0.463118,0.885854,-1.153947,-0.339911,0.042587,-0.054402,-0.02267,0.221285,0.973427,-1.053563,-0.536573,0.021321,-0.040674,0.040093,-0.33553,-0.940297,-1.137889,-0.562699,0.925154,quasi
348,2.9,0.031941,-0.014607,0.459739,0.887359,-1.143126,-0.330907,0.04231,-0.055694,-0.022456,0.220697,0.973492,-1.053484,-0.53656,0.021335,-0.041122,0.041324,-0.335417,-0.940264,-1.136553,-0.56197,0.925132,quasi
349,2.908333,0.033227,-0.02192,0.457366,0.888387,-1.133543,-0.321966,0.041712,-0.055863,-0.022363,0.221399,0.973325,-1.053672,-0.536584,0.021431,-0.04102,0.043335,-0.334928,-0.940353,-1.134871,-0.561294,0.92469,quasi
350,2.916667,0.040974,-0.030208,0.455755,0.888648,-1.123689,-0.312693,0.041463,-0.056034,-0.022292,0.22065,0.973487,-1.053541,-0.536531,0.021492,-0.041246,0.045858,-0.334677,-0.940312,-1.133358,-0.560539,0.924381,quasi
351,2.925,0.049437,-0.032029,0.455276,0.8884,-1.114102,-0.303589,0.041139,-0.053299,-0.021105,0.22096,0.973597,-1.053487,-0.536526,0.021856,-0.040823,0.048142,-0.334491,-0.940283,-1.131732,-0.559833,0.923973,quasi
352,2.933333,0.052882,-0.035753,0.453387,0.889025,-1.104957,-0.294984,0.040885,-0.049369,-0.018796,0.221271,0.973781,-1.05382,-0.536518,0.022079,-0.04079,0.048648,-0.334233,-0.94035,-1.130373,-0.559249,0.923834,quasi
353,2.941667,0.055465,-0.038191,0.450694,0.890135,-1.095769,-0.286925,0.040795,-0.054567,-0.021798,0.220821,0.973543,-1.053661,-0.536545,0.021644,-0.040334,0.050899,-0.333812,-0.9404,-1.12873,-0.558588,0.923362,quasi
354,2.95,0.05595,-0.040655,0.450307,0.890191,-1.087124,-0.278919,0.041038,-0.050807,-0.020195,0.221688,0.973584,-1.054074,-0.536674,0.02176,-0.040022,0.052288,-0.33366,-0.940391,-1.127132,-0.558025,0.923051,quasi
355,2.958333,0.056474,-0.040081,0.448439,0.891126,-1.078471,-0.271551,0.040811,-0.051643,-0.020286,0.221637,0.97355,-1.05423,-0.536784,0.021606,-0.039973,0.052702,-0.333444,-0.940447,-1.125757,-0.557339,0.923085,quasi
356,2.966667,0.054011,-0.038014,0.44403,0.893574,-1.069622,-0.265397,0.040285,-0.05344,-0.020242,0.221095,0.973577,-1.054264,-0.536702,0.021601,-0.039895,0.054623,-0.33244,-0.940696,-1.124088,-0.556723,0.922592,quasi
357,2.975,0.053264,-0.0376,0.444795,0.893256,-1.061544,-0.258405,0.040318,-0.054554,-0.020887,0.221235,0.973469,-1.054335,-0.536744,0.021445,-0.039524,0.054523,-0.332243,-0.940787,-1.122653,-0.55634,0.922452,quasi
358,2.983333,0.036,-0.044569,0.445962,0.893216,-1.052947,-0.251134,0.041871,-0.055283,-0.021468,0.221264,0.973409,-1.054343,-0.536721,0.021423,-0.038764,0.055135,-0.331558,-0.941024,-1.121152,-0.555482,0.922339,quasi
359,2.991667,0.028081,-0.04875,0.445884,0.893321,-1.045329,-0.244545,0.042615,-0.057334,-0.022742,0.222041,0.973084,-1.05434,-0.536656,0.021304,-0.038603,0.056406,-0.330307,-0.941396,-1.119472,-0.55507,0.921727,quasi
360,3.0,0.024503,-0.052728,0.444803,0.893739,-1.038463,-0.238597,0.043404,-0.054018,-0.021054,0.220032,0.973768,-1.053945,-0.5361,0.02184,-0.037785,0.056784,-0.329819,-0.941577,-1.118135,-0.554345,0.921626,quasi
361,3.008333,0.03899,-0.059187,0.444909,0.892767,-1.031234,-0.233133,0.0427,-0.054209,-0.021254,0.220241,0.973706,-1.053896,-0.536041,0.021868,-0.037523,0.057876,-0.329185,-0.941743,-1.116529,-0.553755,0.921252,quasi
362,3.016667,0.028913,-0.067627,0.447429,0.89129,-1.02448,-0.227001,0.044975,-0.054128,-0.021531,0.220553,0.973634,-1.053671,-0.53596,0.022027,-0.03691,0.058453,-0.328059,-0.942124,-1.115167,-0.553199,0.920931,quasi
363,3.025,0.021918,-0.069013,0.446516,0.891841,-1.016936,-0.221791,0.048122,-0.05466,-0.022045,0.22054,0.973596,-1.053568,-0.535889,0.022053,-0.035959,0.05931,-0.327181,-0.942413,-1.113547,-0.552554,0.920461,quasi
364,3.033333,0.028306,-0.076631,0.445835,0.89138,-1.010734,-0.216746,0.04928,-0.055072,-0.022456,0.220335,0.973609,-1.053504,-0.535822,0.022034,-0.035665,0.059657,-0.326322,-0.9427,-1.112051,-0.552071,0.920011,quasi
365,3.041667,0.028534,-0.081696,0.444311,0.891683,-1.004692,-0.212138,0.05079,-0.055377,-0.022712,0.220013,0.973659,-1.053429,-0.535761,0.021986,-0.03419,0.059395,-0.325174,-0.943168,-1.110652,-0.551332,0.919545,quasi
366,3.05,0.025511,-0.083789,0.442831,0.892317,-0.999009,-0.207833,0.05235,-0.053846,-0.023394,0.220324,0.973658,-1.053421,-0.535654,0.021991,-0.033218,0.060168,-0.324731,-0.943306,-1.109345,-0.55061,0.91924,quasi
367,3.058333,0.020032,-0.082948,0.439191,0.894332,-0.993804,-0.204096,0.054025,-0.053754,-0.023616,0.219925,0.973748,-1.053395,-0.535604,0.021945,-0.032338,0.060485,-0.324058,-0.943548,-1.108089,-0.54993,0.919006,quasi
368,3.066667,0.030457,-0.09034,0.438262,0.893777,-0.989053,-0.200446,0.05349,-0.054108,-0.024129,0.219213,0.973877,-1.053352,-0.535554,0.021919,-0.031475,0.061574,-0.32321,-0.943797,-1.106613,-0.549291,0.918459,quasi
369,3.075,0.043016,-0.092537,0.438884,0.89273,-0.984901,-0.196666,0.053449,-0.054087,-0.024606,0.219017,0.97391,-1.053362,-0.535511,0.021872,-0.030626,0.061364,-0.322214,-0.944179,-1.105248,-0.548712,0.918053,quasi
370,3.083333,0.047343,-0.095734,0.437697,0.892757,-0.980952,-0.19351,0.05375,-0.054103,-0.024677,0.219056,0.973899,-1.053391,-0.53546,0.021806,-0.029765,0.060748,-0.321272,-0.944568,-1.103999,-0.547989,0.9179,quasi
371,3.091667,0.03011,-0.100083,0.436518,0.893605,-0.97666,-0.190708,0.055952,-0.046967,-0.025271,0.216872,0.974742,-1.053619,-0.535284,0.021131,-0.029672,0.061649,-0.320404,-0.944807,-1.102626,-0.547289,0.917488,quasi
372,3.1,0.030695,-0.100875,0.433402,0.895011,-0.973268,-0.188641,0.055988,-0.051147,-0.021409,0.215097,0.975017,-1.053547,-0.535001,0.021521,-0.028922,0.062306,-0.319323,-0.945153,-1.101412,-0.546581,0.917073,quasi
373,3.108333,0.026984,-0.10162,0.433235,0.895127,-0.969933,-0.186406,0.056818,-0.049913,-0.021679,0.215215,0.975049,-1.053776,-0.53505,0.021231,-0.028442,0.062389,-0.318807,-0.945336,-1.099999,-0.54605,0.916684,quasi
374,3.116667,0.02159,-0.104297,0.43225,0.895442,-0.967177,-0.184655,0.057288,-0.049076,-0.021819,0.215169,0.975099,-1.053817,-0.534943,0.021059,-0.027303,0.061589,-0.317481,-0.945868,-1.098767,-0.545488,0.916263,quasi
375,3.125,0.01653,-0.109686,0.431686,0.895178,-0.964743,-0.183572,0.057166,-0.049245,-0.022174,0.215183,0.975079,-1.053783,-0.534837,0.020936,-0.026654,0.062944,-0.316425,-0.946152,-1.097316,-0.544664,0.915813,quasi
376,3.133333,0.011457,-0.117411,0.430522,0.894838,-0.962031,-0.181984,0.05739,-0.049255,-0.022226,0.215046,0.975108,-1.053758,-0.534782,0.020791,-0.025909,0.063021,-0.315476,-0.946484,-1.096054,-0.543938,0.915523,quasi
377,3.141667,0.009395,-0.119532,0.430444,0.894618,-0.959987,-0.180682,0.057403,-0.047845,-0.022879,0.214644,0.975251,-1.053859,-0.534868,0.020829,-0.025537,0.063624,-0.314937,-0.946633,-1.09478,-0.543215,0.915219,quasi
378,3.15,0.010002,-0.121949,0.432272,0.893403,-0.957764,-0.179534,0.057101,-0.046998,-0.027635,0.217538,0.974528,-1.053753,-0.535063,0.020561,-0.023992,0.063264,-0.313682,-0.947114,-1.09351,-0.542395,0.914699,quasi
379,3.158333,0.009359,-0.123145,0.432171,0.893295,-0.956428,-0.17889,0.056481,-0.049779,-0.02861,0.217965,0.974266,-1.053646,-0.535149,0.020537,-0.023475,0.064553,-0.312946,-0.947284,-1.092228,-0.541709,0.914127,quasi
380,3.166667,0.009911,-0.122442,0.43311,0.892931,-0.955441,-0.178498,0.055887,-0.0522,-0.028449,0.218055,0.974124,-1.053598,-0.535156,0.020648,-0.023072,0.064706,-0.312416,-0.947458,-1.091119,-0.540927,0.913936,quasi
381,3.175,0.010781,-0.121512,0.434209,0.892514,-0.954861,-0.178174,0.055188,-0.054581,-0.027928,0.218174,0.973982,-1.053559,-0.535166,0.020812,-0.022764,0.064314,-0.311159,-0.947906,-1.089923,-0.540159,0.913619,quasi
382,3.183333,0.010084,-0.123169,0.43354,0.89262,-0.954358,-0.178362,0.053743,-0.056757,-0.027404,0.218378,0.973827,-1.053556,-0.535196,0.020988,-0.022125,0.064567,-0.310526,-0.948112,-1.088708,-0.539353,0.913266,quasi
383,3.191667,0.009988,-0.12228,0.433021,0.892995,-0.954251,-0.178869,0.052472,-0.059048,-0.027134,0.218782,0.973607,-1.053541,-0.535232,0.021163,-0.020782,0.063339,-0.30999,-0.9484,-1.087373,-0.538487,0.913076,quasi
384,3.2,0.008683,-0.119745,0.433682,0.893032,-0.954059,-0.179673,0.051374,-0.060546,-0.026876,0.218844,0.973509,-1.053576,-0.535248,0.021276,-0.020328,0.06447,-0.30982,-0.948389,-1.086167,-0.537662,0.912749,quasi
385,3.208333,0.009666,-0.116094,0.434018,0.89334,-0.954322,-0.180497,0.049772,-0.061522,-0.026762,0.218852,0.973449,-1.053608,-0.535259,0.021334,-0.019018,0.063935,-0.309121,-0.948681,-1.084767,-0.536562,0.912569,quasi
386,3.216667,0.007662,-0.114119,0.433004,0.894106,-0.954849,-0.181635,0.048434,-0.062235,-0.026724,0.218856,0.973404,-1.053626,-0.535255,0.02137,-0.01803,0.064298,-0.308787,-0.948784,-1.083498,-0.535704,0.912165,quasi
387,3.225,0.009738,-0.111708,0.429591,0.896035,-0.955877,-0.182576,0.046685,-0.062677,-0.026844,0.218837,0.973376,-1.053623,-0.53525,0.021361,-0.016925,0.063524,-0.308482,-0.948956,-1.082305,-0.534794,0.911813,quasi
388,3.233333,0.012969,-0.107693,0.430044,0.896268,-0.956503,-0.182852,0.04511,-0.06291,-0.027145,0.219372,0.973232,-1.053563,-0.535262,0.02136,-0.016007,0.063317,-0.308046,-0.949127,-1.081357,-0.533783,0.911393,quasi
389,3.241667,0.014872,-0.104192,0.431303,0.896047,-0.956441,-0.182712,0.044411,-0.06276,-0.027196,0.219437,0.973226,-1.053562,-0.535241,0.021327,-0.015412,0.063309,-0.307997,-0.949154,-1.080026,-0.532738,0.911071,quasi
390,3.25,0.011833,-0.108618,0.432775,0.894857,-0.956128,-0.181841,0.044756,-0.062573,-0.027058,0.219329,0.973266,-1.053556,-0.535189,0.021284,-0.015039,0.063299,-0.307826,-0.949215,-1.079038,-0.531723,0.910777,quasi
391,3.258333,0.010183,-0.108204,0.43291,0.894862,-0.954697,-0.181016,0.044979,-0.062443,-0.026928,0.219206,0.973306,-1.053564,-0.535141,0.021229,-0.014497,0.062235,-0.307721,-0.949328,-1.078318,-0.530826,0.910584,quasi
392,3.266667,0.019791,-0.112649,0.429595,0.895749,-0.954259,-0.179342,0.043379,-0.062242,-0.026961,0.219142,0.973332,-1.053581,-0.535098,0.021177,-0.01454,0.062021,-0.307837,-0.949304,-1.077088,-0.529745,0.91037,quasi
393,3.275,0.02039,-0.110861,0.428704,0.896385,-0.953194,-0.178311,0.043452,-0.062256,-0.027055,0.219006,0.97336,-1.053597,-0.535043,0.02113,-0.014017,0.061636,-0.307872,-0.949326,-1.076296,-0.528688,0.910289,quasi
394,3.283333,0.019905,-0.107609,0.428148,0.897058,-0.95226,-0.177466,0.043463,-0.062267,-0.027242,0.218967,0.973362,-1.053631,-0.535008,0.021075,-0.014275,0.060964,-0.308545,-0.949147,-1.075437,-0.527804,0.910234,quasi
395,3.291667,0.019051,-0.103043,0.427843,0.897758,-0.951502,-0.176697,0.04381,-0.062499,-0.027594,0.218948,0.973342,-1.053651,-0.534967,0.021024,-0.014363,0.060561,-0.308846,-0.949073,-1.074408,-0.52674,0.910125,quasi
396,3.3,0.017425,-0.097738,0.427792,0.898408,-0.950988,-0.176184,0.043678,-0.062652,-0.027992,0.218882,0.973336,-1.053679,-0.534942,0.020982,-0.013887,0.05857,-0.309481,-0.948999,-1.073688,-0.525764,0.910207,quasi
397,3.308333,0.017423,-0.091529,0.429432,0.89828,-0.950658,-0.175757,0.043095,-0.062836,-0.028296,0.218891,0.973313,-1.053707,-0.53491,0.020952,-0.014038,0.059254,-0.310054,-0.948767,-1.072926,-0.524832,0.909902,quasi
398,3.316667,0.015308,-0.087203,0.429423,0.898753,-0.950472,-0.175738,0.042226,-0.063098,-0.028574,0.218895,0.973287,-1.053725,-0.53488,0.020928,-0.013316,0.057489,-0.310898,-0.94861,-1.072185,-0.523902,0.909883,quasi
399,3.325,0.012841,-0.080882,0.43078,0.898734,-0.950213,-0.175794,0.041642,-0.063419,-0.02892,0.21885,0.973266,-1.053748,-0.534858,0.020907,-0.01327,0.057526,-0.312531,-0.948071,-1.071545,-0.522928,0.90989,quasi
400,3.333333,0.009614,-0.077085,0.43199,0.898527,-0.949991,-0.175868,0.041032,-0.063659,-0.029037,0.21883,0.973251,-1.053772,-0.534826,0.020898,-0.012708,0.057456,-0.313342,-0.947815,-1.070822,-0.521888,0.909798,quasi
401,3.341667,0.003965,-0.071598,0.435517,0.89732,-0.949438,-0.175733,0.040541,-0.064038,-0.029222,0.218824,0.973222,-1.053813,-0.5348,0.020882,-0.012134,0.056334,-0.314291,-0.947576,-1.070226,-0.521047,0.909752,quasi
402,3.35,-0.000245,-0.068855,0.436468,0.897081,-0.949285,-0.175598,0.039653,-0.064354,-0.029446,0.218898,0.973178,-1.053849,-0.534782,0.020868,-0.011544,0.056147,-0.315963,-0.947038,-1.069123,-0.519862,0.909808,quasi
403,3.358333,-0.000188,-0.069297,0.432782,0.898831,-0.94969,-0.175586,0.038226,-0.064754,-0.029579,0.219006,0.973123,-1.053886,-0.53476,0.020853,-0.011532,0.055881,-0.317168,-0.946651,-1.06882,-0.518985,0.9098,quasi
404,3.366667,-0.000216,-0.066343,0.434108,0.898415,-0.949489,-0.175107,0.03696,-0.065024,-0.029684,0.219064,0.973089,-1.053914,-0.534732,0.020862,-0.01078,0.054992,-0.318384,-0.946304,-1.068255,-0.518059,0.909707,quasi
405,3.375,-0.002589,-0.063466,0.434164,0.898592,-0.949531,-0.174566,0.035911,-0.065457,-0.0298,0.219071,0.973055,-1.053936,-0.534716,0.02085,-0.010365,0.05553,-0.319716,-0.945828,-1.067384,-0.516993,0.909572,quasi
406,3.383333,-0.000698,-0.055863,0.433705,0.899321,-0.949804,-0.173521,0.035263,-0.065844,-0.029938,0.219098,0.973018,-1.053955,-0.534686,0.020852,-0.009893,0.054931,-0.320943,-0.945453,-1.066739,-0.516005,0.909607,quasi
407,3.391667,-0.003193,-0.052528,0.434061,0.899345,-0.94968,-0.173028,0.034591,-0.06623,-0.030088,0.219133,0.97298,-1.053981,-0.534667,0.020845,-0.009762,0.054015,-0.321831,-0.945205,-1.066252,-0.515195,0.909561,quasi
408,3.4,-0.00197,-0.051896,0.435854,0.898518,-0.949338,-0.172823,0.03322,-0.066492,-0.030265,0.219161,0.97295,-1.054014,-0.534653,0.020838,-0.009294,0.054275,-0.322874,-0.944839,-1.065609,-0.513952,0.909558,quasi
409,3.408333,-0.004239,-0.048993,0.436591,0.898315,-0.949276,-0.172481,0.032502,-0.066831,-0.0304,0.219182,0.972918,-1.05404,-0.534638,0.020827,-0.009061,0.053892,-0.323828,-0.944536,-1.065005,-0.513264,0.909425,quasi
410,3.416667,-0.005689,-0.046395,0.437548,0.897979,-0.949276,-0.172019,0.031954,-0.067035,-0.03056,0.2192,0.972895,-1.054059,-0.534612,0.020821,-0.008547,0.054045,-0.324143,-0.944425,-1.064202,-0.512208,0.909236,quasi
411,3.425,-0.005679,-0.043328,0.438449,0.897693,-0.949191,-0.171516,0.031627,-0.06748,-0.030846,0.219188,0.972858,-1.054072,-0.534595,0.020808,-0.008409,0.053003,-0.324809,-0.944256,-1.063859,-0.511286,0.909184,quasi
412,3.433333,-0.005086,-0.040406,0.439186,0.897473,-0.949036,-0.171092,0.031354,-0.063834,-0.030457,0.217718,0.973446,-1.054183,-0.534569,0.020342,-0.008191,0.052932,-0.32541,-0.944055,-1.063182,-0.510167,0.908958,quasi
413,3.441667,-0.00405,-0.037649,0.439674,0.897359,-0.948825,-0.170829,0.031036,-0.063416,-0.031138,0.217224,0.973562,-1.054086,-0.534469,0.02018,-0.008511,0.05254,-0.326137,-0.943823,-1.06281,-0.509253,0.908821,quasi
414,3.45,-0.002149,-0.035031,0.439765,0.897427,-0.948504,-0.170726,0.030778,-0.064865,-0.031523,0.217564,0.973378,-1.054269,-0.534601,0.020319,-0.007654,0.051628,-0.326417,-0.943784,-1.062365,-0.508153,0.908521,quasi
415,3.458333,0.003356,-0.031495,0.438836,0.898009,-0.948202,-0.170773,0.030226,-0.063617,-0.031172,0.217024,0.973592,-1.054156,-0.534636,0.020164,-0.007718,0.050929,-0.326773,-0.943698,-1.061836,-0.507142,0.908243,quasi
416,3.466667,0.006557,-0.028664,0.438529,0.898236,-0.947712,-0.170836,0.030002,-0.063198,-0.031598,0.21689,0.973636,-1.054154,-0.534621,0.020054,-0.008227,0.051363,-0.327321,-0.94348,-1.061536,-0.506164,0.908113,quasi
417,3.475,0.009674,-0.027127,0.437625,0.898696,-0.947352,-0.170969,0.029897,-0.062992,-0.032368,0.217105,0.973576,-1.05414,-0.534546,0.019994,-0.007851,0.050154,-0.327728,-0.943407,-1.061029,-0.505106,0.907942,quasi
418,3.483333,0.016547,-0.021063,0.436581,0.899266,-0.946535,-0.171611,0.028995,-0.064288,-0.033545,0.217733,0.973311,-1.054053,-0.534406,0.020117,-0.007924,0.051095,-0.329081,-0.942885,-1.060537,-0.50388,0.907902,quasi
419,3.491667,0.019368,-0.020542,0.437457,0.898796,-0.946176,-0.171723,0.028803,-0.063524,-0.03349,0.217687,0.973373,-1.054011,-0.534308,0.020019,-0.007705,0.050186,-0.330039,-0.942601,-1.060067,-0.502865,0.907773,quasi
420,3.5,0.022408,-0.020812,0.437905,0.898501,-0.94586,-0.171951,0.028435,-0.062786,-0.033436,0.217819,0.973393,-1.05399,-0.534252,0.019879,-0.007482,0.049377,-0.330378,-0.942527,-1.059832,-0.501629,0.907865,quasi
421,3.508333,0.022701,-0.020181,0.439744,0.897609,-0.945527,-0.171877,0.028471,-0.061767,-0.033496,0.218072,0.9734,-1.053981,-0.534232,0.01975,-0.00752,0.048864,-0.331302,-0.942229,-1.059359,-0.500561,0.907726,quasi
422,3.516667,0.024135,-0.019927,0.442851,0.896049,-0.945031,-0.171978,0.028215,-0.061236,-0.033513,0.218185,0.973408,-1.05398,-0.534204,0.01966,-0.008464,0.048908,-0.33213,-0.941927,-1.059014,-0.499507,0.907743,quasi
423,3.525,0.022783,-0.016953,0.444863,0.895148,-0.944695,-0.171723,0.028535,-0.061161,-0.033653,0.218167,0.973412,-1.054005,-0.534169,0.019612,-0.008532,0.047232,-0.333101,-0.941669,-1.058477,-0.498546,0.90771,quasi
424,3.533333,0.021304,-0.015093,0.446251,0.894527,-0.944569,-0.17153,0.028799,-0.065051,-0.034336,0.217984,0.973176,-1.054128,-0.534334,0.019938,-0.008846,0.046395,-0.333729,-0.941485,-1.058318,-0.497907,0.907438,quasi
425,3.541667,0.018246,-0.015744,0.448652,0.893381,-0.944411,-0.17108,0.029053,-0.066583,-0.035062,0.218148,0.97301,-1.054175,-0.534387,0.019805,-0.013766,0.046597,-0.33423,-0.941238,-1.057373,-0.497443,0.906842,quasi
426,3.55,0.017057,-0.016318,0.449527,0.892955,-0.944226,-0.171033,0.029157,-0.067301,-0.03511,0.218109,0.972968,-1.054216,-0.534342,0.019836,-0.013168,0.044584,-0.334624,-0.941204,-1.057014,-0.496499,0.907067,quasi
427,3.558333,0.016484,-0.016829,0.450381,0.892525,-0.944056,-0.170924,0.029227,-0.067877,-0.034244,0.217729,0.973044,-1.054254,-0.534343,0.0199,-0.013641,0.044785,-0.335217,-0.940977,-1.05681,-0.495613,0.907132,quasi
428,3.566667,0.015593,-0.018237,0.450797,0.892304,-0.943954,-0.170928,0.029261,-0.068584,-0.03398,0.217702,0.97301,-1.054289,-0.534334,0.019982,-0.014018,0.044509,-0.335739,-0.940799,-1.056346,-0.494602,0.907243,quasi
429,3.575,0.015175,-0.019815,0.451522,0.891911,-0.943893,-0.170868,0.029236,-0.06924,-0.033765,0.217703,0.97297,-1.054312,-0.534343,0.02004,-0.013465,0.042845,-0.336419,-0.940641,-1.056019,-0.493839,0.907447,quasi
430,3.583333,0.014881,-0.021223,0.451898,0.891693,-0.943918,-0.170817,0.029182,-0.069594,-0.03353,0.217713,0.972951,-1.054324,-0.53435,0.020093,-0.014647,0.04399,-0.337722,-0.940103,-1.055552,-0.493034,0.907414,quasi
431,3.591667,0.014755,-0.020867,0.451482,0.891914,-0.94405,-0.170727,0.029156,-0.070119,-0.033364,0.217722,0.972917,-1.054337,-0.534351,0.020129,-0.014138,0.04266,-0.337773,-0.940154,-1.055299,-0.49218,0.907633,quasi
432,3.6,0.01489,-0.020158,0.451048,0.892148,-0.944207,-0.17062,0.029095,-0.070238,-0.033269,0.21771,0.972914,-1.054352,-0.534364,0.020139,-0.013802,0.042212,-0.338228,-0.940016,-1.054964,-0.491426,0.9076,quasi
433,3.608333,0.014667,-0.019809,0.450598,0.892387,-0.944418,-0.170512,0.029088,-0.070401,-0.033233,0.217685,0.972909,-1.05437,-0.534362,0.020157,-0.013724,0.04155,-0.338326,-0.940011,-1.0546,-0.490496,0.907724,quasi
434,3.616667,0.014496,-0.019935,0.450135,0.89262,-0.944635,-0.170418,0.029081,-0.070295,-0.033122,0.21765,0.972929,-1.054368,-0.534373,0.020167,-0.013282,0.041041,-0.338148,-0.940104,-1.054504,-0.489771,0.907889,quasi
435,3.625,0.01898,-0.018779,0.450807,0.892222,-0.944722,-0.170175,0.028722,-0.070187,-0.033224,0.217645,0.972934,-1.054385,-0.534406,0.020141,-0.01335,0.04053,-0.338505,-0.939996,-1.05388,-0.48888,0.908004,quasi
436,3.633333,0.019036,-0.019289,0.450634,0.892297,-0.944864,-0.170073,0.028715,-0.070079,-0.03321,0.217522,0.97297,-1.054392,-0.534412,0.020119,-0.012546,0.039498,-0.338547,-0.940036,-1.053891,-0.488259,0.908206,quasi
437,3.641667,0.019207,-0.019619,0.4505,0.892354,-0.944972,-0.169977,0.028715,-0.069947,-0.033359,0.21755,0.972968,-1.054404,-0.534417,0.020104,-0.012384,0.038566,-0.3385,-0.940094,-1.053372,-0.487336,0.908186,quasi
438,3.65,0.019555,-0.019961,0.450441,0.892369,-0.945016,-0.169904,0.028722,-0.069699,-0.033576,0.21756,0.972976,-1.054419,-0.534421,0.020078,-0.012216,0.038447,-0.338382,-0.940144,-1.053299,-0.486649,0.908229,quasi
439,3.658333,0.019781,-0.020252,0.450585,0.892284,-0.945022,-0.169891,0.028682,-0.069706,-0.033585,0.217505,0.972988,-1.054425,-0.534422,0.020072,-0.011719,0.037136,-0.338269,-0.940243,-1.053017,-0.485958,0.908374,quasi
440,3.666667,0.02008,-0.020373,0.450713,0.892211,-0.944983,-0.169899,0.028636,-0.069366,-0.033064,0.217267,0.973083,-1.054478,-0.534469,0.019999,-0.011508,0.036565,-0.338204,-0.940292,-1.052663,-0.485148,0.908441,quasi
441,3.675,0.020544,-0.020212,0.450899,0.892109,-0.944909,-0.169924,0.028604,-0.06923,-0.032991,0.217325,0.973082,-1.054509,-0.534461,0.019962,-0.010778,0.03536,-0.338077,-0.940392,-1.052427,-0.48432,0.908501,quasi
442,3.683333,0.018578,-0.020555,0.452605,0.891281,-0.944497,-0.169866,0.028755,-0.069018,-0.033011,0.21729,0.973104,-1.054515,-0.534448,0.019927,-0.011013,0.03557,-0.338383,-0.940272,-1.052106,-0.483543,0.908642,quasi
443,3.691667,0.018966,-0.019762,0.45304,0.891069,-0.944296,-0.169874,0.028814,-0.069298,-0.033078,0.217317,0.973076,-1.054514,-0.534427,0.019944,-0.010737,0.035042,-0.339089,-0.94004,-1.05184,-0.482836,0.90884,quasi
444,3.7,0.019017,-0.019291,0.453578,0.890805,-0.94409,-0.169885,0.028861,-0.069576,-0.033214,0.217325,0.97305,-1.054524,-0.534429,0.019921,-0.009579,0.034525,-0.339528,-0.939913,-1.05144,-0.481724,0.909035,quasi
445,3.708333,0.018818,-0.018792,0.454158,0.890524,-0.943882,-0.169909,0.028915,-0.069687,-0.033166,0.217276,0.973055,-1.054528,-0.534399,0.019939,-0.009372,0.032719,-0.338341,-0.940408,-1.05119,-0.481629,0.908078,quasi
446,3.716667,0.01948,-0.016753,0.454045,0.890608,-0.943731,-0.170132,0.028745,-0.069899,-0.033182,0.217206,0.973054,-1.054543,-0.534394,0.019933,-0.011309,0.032551,-0.337471,-0.940705,-1.050833,-0.481226,0.908329,quasi
447,3.725,0.019144,-0.016963,0.454585,0.890336,-0.943588,-0.170172,0.028789,-0.07014,-0.033317,0.217268,0.973018,-1.054559,-0.53439,0.019933,-0.012104,0.032701,-0.337484,-0.940685,-1.050368,-0.48061,0.908448,quasi
448,3.733333,0.018886,-0.017286,0.455238,0.890002,-0.943465,-0.170161,0.028843,-0.070264,-0.033279,0.217176,0.973031,-1.054555,-0.53438,0.019947,-0.0117,0.032156,-0.337321,-0.940768,-1.050197,-0.480128,0.908581,quasi
449,3.741667,0.018301,-0.017839,0.455788,0.889722,-0.943383,-0.170119,0.028882,-0.070444,-0.033221,0.21715,0.973026,-1.054562,-0.534376,0.019952,-0.012424,0.032394,-0.336993,-0.940868,-1.049839,-0.479465,0.90848,quasi
450,3.75,0.018753,-0.01699,0.45545,0.889902,-0.943358,-0.170225,0.028817,-0.07055,-0.033397,0.21728,0.972984,-1.054573,-0.534396,0.019948,-0.009109,0.029449,-0.336517,-0.941173,-1.049562,-0.478736,0.908305,quasi
451,3.758333,0.018752,-0.01675,0.455384,0.88994,-0.943381,-0.170225,0.028818,-0.070666,-0.033454,0.217282,0.972973,-1.054576,-0.534387,0.019957,-0.008495,0.029337,-0.336377,-0.941232,-1.049484,-0.478009,0.908189,quasi
452,3.766667,0.018677,-0.017188,0.455658,0.889793,-0.943398,-0.170163,0.028831,-0.070648,-0.033255,0.217179,0.973004,-1.054574,-0.534398,0.019952,-0.011319,0.031244,-0.336441,-0.941118,-1.049459,-0.47727,0.908896,quasi
453,3.775,0.018264,-0.017558,0.455651,0.889798,-0.943458,-0.170111,0.028861,-0.070763,-0.033296,0.217254,0.972977,-1.05457,-0.534398,0.019974,-0.011031,0.029949,-0.33657,-0.941117,-1.04913,-0.476504,0.909355,quasi
454,3.783333,0.018412,-0.017393,0.455656,0.889795,-0.94351,-0.170001,0.028872,-0.070835,-0.033351,0.217269,0.972967,-1.054569,-0.534395,0.019983,-0.010806,0.029027,-0.336195,-0.941283,-1.04868,-0.475589,0.909412,quasi
455,3.791667,0.019125,-0.017172,0.455745,0.88974,-0.943588,-0.169842,0.028866,-0.071013,-0.033346,0.217305,0.972946,-1.054565,-0.53439,0.019981,-0.011745,0.029321,-0.3363,-0.941225,-1.048416,-0.475099,0.909625,quasi
456,3.8,0.018135,-0.017855,0.455765,0.889736,-0.943569,-0.169854,0.028974,-0.071025,-0.033283,0.21727,0.972955,-1.054574,-0.534384,0.019986,-0.011254,0.02826,-0.336036,-0.941358,-1.04821,-0.474507,0.909838,quasi
457,3.808333,0.017567,-0.018327,0.45574,0.889751,-0.943583,-0.16987,0.029055,-0.071029,-0.033278,0.217316,0.972945,-1.054573,-0.534401,0.019976,-0.011211,0.02812,-0.336114,-0.941335,-1.047925,-0.473986,0.909933,quasi
458,3.816667,0.017423,-0.018467,0.455726,0.889758,-0.943598,-0.169869,0.029092,-0.071099,-0.033316,0.217347,0.972931,-1.054569,-0.534399,0.019991,-0.011351,0.028188,-0.336192,-0.941303,-1.047702,-0.473596,0.909949,quasi
459,3.825,0.017547,-0.01844,0.455762,0.889738,-0.943609,-0.169871,0.029092,-0.071149,-0.033356,0.217343,0.972927,-1.054571,-0.534411,0.019956,-0.010945,0.02708,-0.336105,-0.941371,-1.047272,-0.473013,0.909984,quasi
460,3.833333,0.017923,-0.018252,0.455826,0.889701,-0.943623,-0.169872,0.029058,-0.071154,-0.033237,0.217318,0.972936,-1.054562,-0.534401,0.019972,-0.010908,0.026586,-0.335912,-0.941455,-1.047065,-0.472698,0.910109,quasi
461,3.841667,0.018425,-0.017966,0.45577,0.889726,-0.943651,-0.169862,0.029034,-0.07105,-0.03319,0.217286,0.972953,-1.054551,-0.534401,0.019973,-0.011193,0.02695,-0.335935,-0.941433,-1.04676,-0.472272,0.910148,quasi
462,3.85,0.018611,-0.018018,0.455627,0.889794,-0.943682,-0.16989,0.029036,-0.071059,-0.033335,0.217328,0.972938,-1.054556,-0.534407,0.019965,-0.011071,0.026854,-0.336232,-0.941331,-1.04635,-0.471762,0.910059,quasi
463,3.858333,0.018637,-0.016896,0.454611,0.890335,-0.943734,-0.170194,0.02893,-0.071082,-0.033312,0.217403,0.97292,-1.054551,-0.534415,0.019956,-0.010139,0.025431,-0.335834,-0.941523,-1.04614,-0.471236,0.910164,quasi
464,3.866667,0.018571,-0.017137,0.454238,0.890522,-0.943764,-0.170292,0.028935,-0.07109,-0.033374,0.217451,0.972907,-1.054554,-0.534413,0.019964,-0.01096,0.026645,-0.335645,-0.941548,-1.045911,-0.470699,0.910226,quasi
465,3.875,0.018515,-0.017203,0.454005,0.890641,-0.943818,-0.170332,0.028915,-0.071083,-0.033396,0.217425,0.972912,-1.054553,-0.534419,0.019973,-0.010835,0.025731,-0.335438,-0.941649,-1.045303,-0.470001,0.910296,quasi
466,3.883333,0.019249,-0.01672,0.454074,0.890599,-0.943865,-0.170219,0.028894,-0.071032,-0.033243,0.21741,0.972925,-1.054555,-0.53444,0.01996,-0.010918,0.02567,-0.33514,-0.941755,-1.045121,-0.469472,0.910465,quasi
467,3.891667,0.019393,-0.016576,0.453989,0.890642,-0.943887,-0.170235,0.02885,-0.071033,-0.033328,0.217447,0.972913,-1.054559,-0.534451,0.019945,-0.010766,0.024972,-0.335171,-0.941765,-1.044645,-0.468753,0.910569,quasi
468,3.9,0.01975,-0.016318,0.453881,0.890694,-0.94391,-0.170244,0.028807,-0.07098,-0.033209,0.217326,0.972948,-1.054558,-0.534444,0.019951,-0.010939,0.025068,-0.335141,-0.941771,-1.044407,-0.468269,0.910616,quasi
469,3.908333,0.019659,-0.016091,0.454054,0.890612,-0.943896,-0.170211,0.028775,-0.071062,-0.033311,0.217378,0.972927,-1.054556,-0.534442,0.019942,-0.0113,0.024691,-0.334719,-0.941927,-1.044034,-0.467534,0.910789,quasi
470,3.916667,0.020055,-0.015706,0.45375,0.890765,-0.943947,-0.170245,0.028755,-0.071295,-0.034181,0.217684,0.972812,-1.054447,-0.53436,0.020054,-0.010933,0.023997,-0.334697,-0.941957,-1.043652,-0.466982,0.910834,quasi
471,3.925,0.020046,-0.015678,0.453719,0.890782,-0.943944,-0.17027,0.028751,-0.071822,-0.034035,0.21758,0.972801,-1.054385,-0.534241,0.020172,-0.010909,0.02361,-0.33444,-0.942058,-1.043207,-0.466273,0.910825,quasi
472,3.933333,0.02001,-0.015634,0.45374,0.890772,-0.943938,-0.170287,0.028744,-0.071192,-0.033676,0.217474,0.972884,-1.054537,-0.534454,0.019938,-0.010298,0.023023,-0.334413,-0.942089,-1.042771,-0.465537,0.910822,quasi
473,3.941667,0.020114,-0.015519,0.453738,0.890773,-0.943926,-0.170301,0.028734,-0.071937,-0.033099,0.217345,0.972878,-1.054557,-0.5345,0.019966,-0.010165,0.022377,-0.334536,-0.942063,-1.042368,-0.464909,0.910879,quasi
474,3.95,0.020012,-0.015499,0.453792,0.890748,-0.943907,-0.170304,0.028748,-0.07157,-0.033406,0.217516,0.972856,-1.054552,-0.534476,0.019932,-0.010855,0.022609,-0.334412,-0.942093,-1.041946,-0.464292,0.91094,quasi
475,3.958333,0.019964,-0.015482,0.453844,0.890723,-0.943893,-0.170315,0.028752,-0.071729,-0.034038,0.217576,0.972809,-1.054446,-0.534331,0.02007,-0.011151,0.022909,-0.334468,-0.942063,-1.041567,-0.46381,0.910877,quasi
476,3.966667,0.019884,-0.015405,0.453896,0.890699,-0.943881,-0.170333,0.028758,-0.072209,-0.03384,0.217417,0.972816,-1.054382,-0.534183,0.020183,-0.011375,0.022703,-0.333984,-0.942237,-1.041209,-0.463038,0.911066,quasi
477,3.975,0.019686,-0.015241,0.453948,0.89068,-0.943888,-0.170331,0.02877,-0.070881,-0.033485,0.217347,0.972941,-1.054353,-0.534126,0.02005,-0.011115,0.022244,-0.333744,-0.942336,-1.040819,-0.462266,0.911057,quasi
478,3.983333,0.020751,-0.014759,0.453458,0.890914,-0.943937,-0.170424,0.028679,-0.069347,-0.032511,0.215473,0.973502,-1.054683,-0.534051,0.019813,-0.011478,0.022595,-0.33378,-0.94231,-1.040338,-0.461444,0.911051,quasi
479,3.991667,0.022064,-0.0141,0.452907,0.891173,-0.944035,-0.170443,0.02856,-0.069329,-0.03241,0.215654,0.973466,-1.054686,-0.534015,0.01977,-0.010766,0.021321,-0.333304,-0.942517,-1.040079,-0.460926,0.911072,quasi
480,4.0,0.023255,-0.01363,0.452258,0.89148,-0.944186,-0.170444,0.02847,-0.069496,-0.03247,0.215751,0.973431,-1.054672,-0.534014,0.01975,-0.011536,0.021832,-0.333109,-0.942565,-1.039629,-0.459993,0.911143,quasi
481,4.008333,0.023976,-0.013455,0.451501,0.891847,-0.944359,-0.170432,0.028414,-0.06965,-0.032545,0.21579,0.973409,-1.054662,-0.533998,0.019763,-0.011596,0.021474,-0.332898,-0.942647,-1.03925,-0.459355,0.911119,quasi
482,4.016667,0.024111,-0.013149,0.45052,0.892344,-0.944554,-0.170372,0.028435,-0.073194,-0.033353,0.215813,0.973116,-1.054883,-0.534333,0.019899,-0.011557,0.022314,-0.332691,-0.942701,-1.038965,-0.458677,0.911061,quasi
483,4.025,0.025352,-0.013164,0.450372,0.892384,-0.944665,-0.170409,0.028264,-0.074193,-0.033412,0.216064,0.972983,-1.054903,-0.534471,0.019953,-0.016741,0.024382,-0.331815,-0.942881,-1.038144,-0.45796,0.912046,quasi
484,4.033333,0.025987,-0.012691,0.449814,0.892654,-0.9448,-0.170401,0.028171,-0.074836,-0.033151,0.216116,0.972931,-1.054896,-0.534488,0.020034,-0.017069,0.023646,-0.332198,-0.942759,-1.037319,-0.456999,0.912021,quasi
485,4.041667,0.026461,-0.012958,0.449689,0.892699,-0.944874,-0.170453,0.028039,-0.075823,-0.032705,0.216286,0.972832,-1.054868,-0.534461,0.020159,-0.017614,0.022532,-0.331696,-0.942953,-1.037022,-0.456257,0.912471,quasi
486,4.05,0.026659,-0.013226,0.449653,0.892707,-0.944928,-0.170496,0.027951,-0.077002,-0.032259,0.21644,0.97272,-1.054815,-0.534405,0.020304,-0.018454,0.020858,-0.331849,-0.942921,-1.035983,-0.455123,0.912324,quasi
487,4.058333,0.026681,-0.013614,0.449695,0.89268,-0.944965,-0.170531,0.027899,-0.076567,-0.03166,0.216277,0.97281,-1.054746,-0.534306,0.020386,-0.018407,0.020952,-0.331548,-0.943026,-1.035421,-0.454091,0.912167,quasi
488,4.066667,0.026809,-0.013431,0.449669,0.892692,-0.944966,-0.170536,0.027893,-0.075196,-0.03104,0.215912,0.973018,-1.054655,-0.534147,0.020424,-0.017889,0.019817,-0.331373,-0.943122,-1.035083,-0.453283,0.912377,quasi
489,4.075,0.026665,-0.013459,0.449773,0.892643,-0.944957,-0.17054,0.027904,-0.074342,-0.030381,0.215859,0.973116,-1.054623,-0.534042,0.02034,-0.017839,0.019719,-0.330929,-0.943281,-1.034481,-0.452214,0.912228,quasi
490,4.083333,0.026556,-0.013192,0.449863,0.892605,-0.944932,-0.170541,0.027928,-0.073734,-0.030403,0.21601,0.973128,-1.054654,-0.534019,0.020174,-0.018076,0.019497,-0.330589,-0.9434,-1.03421,-0.451335,0.912489,quasi
491,4.091667,0.026484,-0.012988,0.449983,0.89255,-0.944884,-0.170539,0.02796,-0.073276,-0.030767,0.216012,0.973151,-1.054687,-0.534017,0.020033,-0.01212,0.02032,-0.330813,-0.9434,-1.033955,-0.44937,0.912833,quasi
492,4.1,0.026366,-0.012619,0.450078,0.892511,-0.944837,-0.17052,0.028014,-0.072618,-0.03106,0.215809,0.973236,-1.054713,-0.534009,0.019936,-0.011768,0.020504,-0.330459,-0.943524,-1.033657,-0.448435,0.912992,quasi
493,4.108333,0.026265,-0.012536,0.450276,0.892415,-0.944784,-0.170514,0.028032,-0.072029,-0.03152,0.215561,0.97332,-1.05472,-0.533964,0.019887,-0.011731,0.020673,-0.330564,-0.943484,-1.033255,-0.447693,0.913103,quasi
494,4.116667,0.026082,-0.012211,0.450357,0.892384,-0.944743,-0.170512,0.028089,-0.071746,-0.031917,0.215214,0.973405,-1.054722,-0.533935,0.019865,-0.011478,0.020375,-0.329835,-0.943749,-1.032758,-0.446629,0.913035,quasi
495,4.125,0.026076,-0.011756,0.450382,0.892378,-0.944701,-0.1705,0.02812,-0.071964,-0.032518,0.215112,0.973391,-1.054734,-0.533939,0.01983,-0.012064,0.020116,-0.32927,-0.943945,-1.03222,-0.445483,0.913325,quasi
496,4.133333,0.025994,-0.011527,0.450455,0.892346,-0.944663,-0.170498,0.028147,-0.072331,-0.03279,0.215008,0.973378,-1.05477,-0.533956,0.019781,-0.012152,0.020484,-0.329082,-0.944001,-1.0317,-0.444485,0.913251,quasi
497,4.141667,0.025907,-0.011312,0.450536,0.892311,-0.944631,-0.170506,0.028156,-0.072731,-0.032829,0.214874,0.973376,-1.054784,-0.533943,0.019784,-0.011709,0.02073,-0.329079,-0.944002,-1.031333,-0.443393,0.913407,quasi
498,4.15,0.026099,-0.011034,0.45056,0.892296,-0.944613,-0.170492,0.02818,-0.073025,-0.032717,0.214805,0.973373,-1.054801,-0.533928,0.019802,-0.011884,0.021236,-0.328796,-0.944088,-1.030776,-0.442163,0.913375,quasi
499,4.158333,0.026135,-0.01094,0.450623,0.892265,-0.944586,-0.170513,0.028164,-0.073363,-0.032578,0.214797,0.973354,-1.0548,-0.533918,0.019819,-0.011381,0.020037,-0.328572,-0.944198,-1.030005,-0.44074,0.913296,quasi
500,4.166667,0.026264,-0.010878,0.450727,0.892209,-0.944591,-0.170522,0.028174,-0.073688,-0.03243,0.214688,0.973359,-1.054809,-0.533905,0.019865,-0.011943,0.020984,-0.328412,-0.944226,-1.029434,-0.439457,0.913192,quasi
501,4.175,0.026433,-0.010799,0.450726,0.892205,-0.944579,-0.170536,0.028156,-0.073846,-0.032044,0.214625,0.973374,-1.054815,-0.533877,0.019906,-0.011884,0.019752,-0.328258,-0.944307,-1.028899,-0.438353,0.91321,quasi
502,4.183333,0.026724,-0.010844,0.450481,0.89232,-0.944585,-0.170627,0.028154,-0.077089,-0.033143,0.215047,0.972992,-1.055051,-0.534193,0.019873,-0.012065,0.01928,-0.327913,-0.944434,-1.028211,-0.43697,0.91306,quasi
503,4.191667,0.026893,-0.010525,0.450708,0.892204,-0.944581,-0.17056,0.028109,-0.078068,-0.032962,0.215171,0.972893,-1.05508,-0.534184,0.01993,-0.01158,0.01871,-0.327654,-0.944542,-1.02759,-0.435487,0.913001,quasi
504,4.2,0.027283,-0.010266,0.45064,0.89223,-0.944565,-0.170612,0.028059,-0.078754,-0.03163,0.214689,0.972988,-1.055105,-0.534173,0.020008,-0.012015,0.019367,-0.327433,-0.9446,-1.026947,-0.434105,0.912903,quasi
505,4.208333,0.027322,-0.01022,0.450885,0.892105,-0.944518,-0.170647,0.027974,-0.079519,-0.031494,0.215104,0.972839,-1.055183,-0.534059,0.020109,-0.011789,0.018773,-0.327207,-0.944693,-1.026322,-0.432657,0.912991,quasi
506,4.216667,0.027117,-0.010379,0.451019,0.892042,-0.944445,-0.170729,0.027925,-0.080897,-0.031588,0.215697,0.972591,-1.05526,-0.534027,0.020142,-0.012023,0.017667,-0.326435,-0.944978,-1.025455,-0.431065,0.912875,quasi
507,4.225,0.026177,-0.011486,0.450981,0.892076,-0.944377,-0.170899,0.027953,-0.08134,-0.031538,0.215906,0.972509,-1.055283,-0.534023,0.020198,-0.011953,0.017521,-0.326225,-0.945054,-1.024915,-0.429507,0.912953,quasi
508,4.233333,0.027104,-0.010825,0.450662,0.892217,-0.944203,-0.171177,0.027803,-0.081349,-0.031017,0.215725,0.972565,-1.05528,-0.533993,0.020199,-0.011739,0.017598,-0.325867,-0.945179,-1.024194,-0.428012,0.912667,quasi
509,4.241667,0.027885,-0.009864,0.450765,0.892152,-0.944062,-0.171365,0.027594,-0.081471,-0.030426,0.215716,0.972576,-1.055264,-0.533908,0.020218,-0.011311,0.016408,-0.32551,-0.945329,-1.023528,-0.42645,0.912766,quasi
510,4.25,0.02803,-0.009435,0.450834,0.892118,-0.943963,-0.171429,0.027538,-0.080887,-0.030015,0.215546,0.972675,-1.055255,-0.533811,0.0202,-0.011188,0.016792,-0.325248,-0.945414,-1.022848,-0.424834,0.912557,quasi
511,4.258333,0.028211,-0.008835,0.450847,0.892111,-0.943873,-0.171455,0.027481,-0.080639,-0.02982,0.215489,0.972714,-1.055245,-0.53372,0.020153,-0.011222,0.016738,-0.324963,-0.945512,-1.02226,-0.423245,0.912583,quasi
512,4.266667,0.028253,-0.008494,0.450929,0.892072,-0.943829,-0.171422,0.027483,-0.080417,-0.029786,0.215397,0.972754,-1.055232,-0.533609,0.020124,-0.011287,0.017006,-0.325016,-0.945488,-1.021585,-0.421607,0.91278,quasi
513,4.275,0.028423,-0.008132,0.450908,0.892081,-0.943789,-0.171415,0.027506,-0.080207,-0.029994,0.215065,0.972838,-1.055231,-0.533545,0.020074,-0.011102,0.016868,-0.324761,-0.945581,-1.020837,-0.419865,0.912655,quasi
514,4.283333,0.028657,-0.007901,0.450887,0.892086,-0.943723,-0.171385,0.027576,-0.08019,-0.030174,0.214788,0.972895,-1.055227,-0.5335,0.020048,-0.010616,0.016438,-0.324258,-0.945766,-1.020191,-0.418249,0.912429,quasi
515,4.291667,0.029226,-0.007575,0.450831,0.892099,-0.943653,-0.171368,0.027604,-0.08019,-0.030248,0.214362,0.972987,-1.055236,-0.533459,0.020028,-0.010898,0.017404,-0.324449,-0.94568,-1.019287,-0.41637,0.912247,quasi
516,4.3,0.029615,-0.006967,0.450727,0.892143,-0.943626,-0.171365,0.02763,-0.079948,-0.029784,0.213572,0.973195,-1.055262,-0.533402,0.020048,-0.010008,0.014727,-0.323548,-0.946044,-1.018432,-0.414537,0.912041,quasi
517,4.308333,0.030085,-0.006589,0.450611,0.892189,-0.943579,-0.171371,0.027646,-0.079929,-0.029301,0.212871,0.973365,-1.055293,-0.533366,0.020066,-0.01161,0.0156,-0.323231,-0.94612,-1.017711,-0.412571,0.912501,quasi
518,4.316667,0.030667,-0.006124,0.450585,0.892186,-0.943523,-0.171378,0.027638,-0.080306,-0.029176,0.212566,0.973404,-1.055291,-0.533329,0.020118,-0.012464,0.016462,-0.323047,-0.946158,-1.016831,-0.410637,0.9124,quasi
519,4.325,0.031884,-0.004715,0.449767,0.892564,-0.943685,-0.171084,0.027841,-0.080716,-0.028863,0.212169,0.973466,-1.055294,-0.533303,0.020172,-0.011891,0.015226,-0.322523,-0.946364,-1.015999,-0.408636,0.912158,quasi
520,4.333333,0.032832,-0.00434,0.449713,0.892559,-0.943658,-0.171133,0.027719,-0.081139,-0.028607,0.211938,0.973489,-1.055284,-0.533277,0.020238,-0.011653,0.014787,-0.32213,-0.946508,-1.015265,-0.406656,0.91206,quasi
521,4.341667,0.033986,-0.003869,0.449734,0.892508,-0.943668,-0.171191,0.027545,-0.081644,-0.028129,0.211603,0.973533,-1.055279,-0.533255,0.020307,-0.011858,0.01443,-0.321759,-0.946637,-1.014381,-0.404683,0.911732,quasi
522,4.35,0.035097,-0.003416,0.449579,0.892544,-0.943691,-0.171241,0.027382,-0.081925,-0.027525,0.211254,0.973603,-1.055275,-0.533208,0.02039,-0.011954,0.014735,-0.321563,-0.946698,-1.013673,-0.402507,0.911841,quasi
523,4.358333,0.036302,-0.003003,0.449507,0.892534,-0.943732,-0.171315,0.027197,-0.082314,-0.02682,0.210942,0.973657,-1.055263,-0.533175,0.020459,-0.011433,0.014227,-0.321312,-0.946797,-1.012889,-0.40041,0.911697,quasi
524,4.366667,0.037039,-0.00312,0.44934,0.892587,-0.943738,-0.17135,0.027073,-0.08276,-0.026191,0.210584,0.973714,-1.055254,-0.533131,0.020533,-0.011864,0.014311,-0.321032,-0.946886,-1.011972,-0.398204,0.911541,quasi
525,4.375,0.037683,-0.003155,0.449168,0.892647,-0.943743,-0.171383,0.026972,-0.084058,-0.026122,0.210777,0.973563,-1.055213,-0.533196,0.020655,-0.010869,0.013439,-0.320791,-0.946992,-1.01115,-0.395911,0.911326,quasi
526,4.383333,0.03832,-0.002983,0.448961,0.892724,-0.94373,-0.171404,0.026884,-0.083321,-0.025343,0.210124,0.973788,-1.055173,-0.533111,0.020735,-0.01094,0.012543,-0.320323,-0.947162,-1.010293,-0.39369,0.911211,quasi
527,4.391667,0.039017,-0.002942,0.448928,0.892711,-0.943711,-0.171439,0.026799,-0.083181,-0.024428,0.209516,0.973955,-1.05515,-0.533052,0.020847,-0.010789,0.011955,-0.320163,-0.947226,-1.009515,-0.391522,0.911145,quasi
528,4.4,0.039321,-0.00252,0.448561,0.892883,-0.94367,-0.171389,0.026805,-0.083188,-0.023509,0.208985,0.974091,-1.055117,-0.532978,0.020943,-0.009945,0.011597,-0.3197,-0.947396,-1.008608,-0.388949,0.910898,quasi
529,4.408333,0.039696,-0.002607,0.448624,0.892835,-0.943604,-0.171425,0.026748,-0.083336,-0.02262,0.20834,0.974237,-1.055096,-0.532894,0.021053,-0.011183,0.012603,-0.320198,-0.947201,-1.007775,-0.386737,0.91113,quasi
530,4.416667,0.039861,-0.002469,0.448445,0.892918,-0.943579,-0.171427,0.026704,-0.083252,-0.021582,0.20743,0.974462,-1.055108,-0.532823,0.021139,-0.011059,0.0114,-0.319585,-0.947425,-1.006946,-0.384387,0.910944,quasi
531,4.425,0.040183,-0.002382,0.448387,0.892933,-0.943512,-0.171454,0.02667,-0.083155,-0.020495,0.2066,0.97467,-1.055113,-0.532749,0.021239,-0.0097,0.010156,-0.319279,-0.947557,-1.005957,-0.381694,0.910706,quasi
532,4.433333,0.040509,-0.002211,0.448363,0.892931,-0.94344,-0.171479,0.02664,-0.083642,-0.019661,0.205834,0.974808,-1.055098,-0.532711,0.021382,-0.010646,0.010103,-0.318792,-0.947711,-1.005141,-0.379333,0.910858,quasi
533,4.441667,0.04063,-0.002143,0.448331,0.892941,-0.943366,-0.171498,0.026623,-0.083105,-0.018168,0.204939,0.975071,-1.055116,-0.532625,0.021506,-0.010134,0.00875,-0.318162,-0.947942,-1.004246,-0.376794,0.910403,quasi
534,4.45,0.040908,-0.002342,0.448541,0.892823,-0.943287,-0.171543,0.026551,-0.083508,-0.017126,0.204054,0.975241,-1.055114,-0.532555,0.021692,-0.00957,0.008682,-0.318846,-0.947719,-1.003326,-0.374222,0.91039,quasi
535,4.458333,0.040753,-0.002392,0.44867,0.892765,-0.943238,-0.171591,0.026469,-0.083576,-0.015809,0.203302,0.975414,-1.055104,-0.532465,0.021892,-0.010779,0.009664,-0.318377,-0.947854,-1.002398,-0.371531,0.910687,quasi
536,4.466667,0.040495,-0.002519,0.448559,0.892832,-0.9432,-0.171527,0.026513,-0.082422,-0.013563,0.202158,0.975784,-1.055153,-0.53227,0.022218,-0.009891,0.006812,-0.317829,-0.948072,-1.001382,-0.368929,0.910313,quasi
537,4.475,0.040481,-0.00255,0.448534,0.892845,-0.943184,-0.171521,0.026483,-0.082598,-0.012061,0.201447,0.975936,-1.055127,-0.532235,0.022447,-0.010054,0.007678,-0.317797,-0.948075,-1.000611,-0.366258,0.910529,quasi
538,4.483333,0.04036,-0.002586,0.44872,0.892757,-0.943172,-0.171559,0.026376,-0.082117,-0.010058,0.20067,0.97616,-1.055071,-0.532149,0.022761,-0.010157,0.006799,-0.317245,-0.948265,-0.999623,-0.363441,0.910489,quasi
539,4.491667,0.03974,-0.002925,0.448517,0.892885,-0.943217,-0.171463,0.026407,-0.081889,-0.007883,0.200081,0.97632,-1.055,-0.532061,0.023108,-0.009698,0.005713,-0.316732,-0.948448,-0.998931,-0.36091,0.910331,quasi
540,4.5,0.039387,-0.002788,0.448183,0.893069,-0.943258,-0.171389,0.026431,-0.081924,-0.005732,0.199685,0.976413,-1.054942,-0.531997,0.023521,-0.010034,0.005868,-0.316727,-0.948446,-0.997952,-0.358007,0.910603,quasi
541,4.508333,0.039057,-0.00306,0.448194,0.893078,-0.943285,-0.171431,0.026338,-0.081527,-0.00312,0.199381,0.97652,-1.054861,-0.531937,0.023973,-0.009376,0.004621,-0.316683,-0.948474,-0.997111,-0.35526,0.910642,quasi
542,4.516667,0.038493,-0.0034,0.447917,0.89324,-0.943384,-0.171323,0.02636,-0.080945,-0.000626,0.198813,0.976689,-1.054787,-0.531909,0.024542,-0.011312,0.005497,-0.31645,-0.948526,-0.996545,-0.352676,0.910989,quasi
543,4.525,0.037961,-0.003827,0.447707,0.893366,-0.943466,-0.171283,0.026338,-0.081423,0.001955,0.198645,0.976682,-1.054594,-0.531871,0.025065,-0.011827,0.003416,-0.315825,-0.948738,-0.995647,-0.349847,0.911361,quasi
544,4.533333,0.037441,-0.004308,0.447472,0.893503,-0.943565,-0.17126,0.026306,-0.081308,0.005275,0.198669,0.976674,-1.054421,-0.531828,0.025662,-0.012465,0.003548,-0.315819,-0.948731,-0.994963,-0.347098,0.91169,quasi
545,4.541667,0.037032,-0.004807,0.447305,0.893601,-0.94362,-0.171303,0.02624,-0.082653,0.00861,0.199251,0.976419,-1.054153,-0.531726,0.026247,-0.013747,0.004984,-0.316008,-0.948644,-0.994106,-0.34413,0.912249,quasi
546,4.55,0.036528,-0.005495,0.447191,0.893676,-0.943675,-0.17136,0.026166,-0.08256,0.013543,0.199546,0.97631,-1.053838,-0.531564,0.027003,-0.013839,0.004251,-0.315975,-0.948657,-0.993365,-0.341265,0.912434,quasi
547,4.558333,0.035866,-0.006146,0.447085,0.893751,-0.943686,-0.171418,0.026104,-0.082601,0.018597,0.199896,0.976152,-1.053511,-0.531479,0.027882,-0.014137,0.003958,-0.316408,-0.94851,-0.992903,-0.338585,0.912656,quasi
548,4.566667,0.03461,-0.007162,0.447369,0.893651,-0.943747,-0.171538,0.025964,-0.083265,0.024067,0.200611,0.975829,-1.053124,-0.531378,0.028835,-0.015038,0.004156,-0.316075,-0.948606,-0.992207,-0.335678,0.912808,quasi
549,4.575,0.033474,-0.008125,0.443713,0.895507,-0.94426,-0.171367,0.025943,-0.083757,0.030322,0.201189,0.975494,-1.052702,-0.531275,0.029886,-0.015796,0.003522,-0.316321,-0.948514,-0.991543,-0.332944,0.913073,quasi
550,4.583333,0.033971,-0.007368,0.441955,0.896364,-0.944643,-0.170769,0.026237,-0.080268,0.037169,0.200324,0.975728,-1.052182,-0.530958,0.030747,-0.016209,0.003596,-0.316278,-0.948521,-0.990856,-0.329998,0.913391,quasi
551,4.591667,0.034025,-0.007744,0.441581,0.896543,-0.944758,-0.170754,0.026169,-0.083277,0.04376,0.201193,0.975024,-1.051795,-0.530816,0.031971,-0.015813,0.002954,-0.316713,-0.948385,-0.990075,-0.326982,0.913793,quasi
552,4.6,0.033759,-0.008218,0.441417,0.896629,-0.944849,-0.170742,0.026112,-0.084569,0.053081,0.200995,0.974491,-1.051223,-0.530225,0.033429,-0.01627,0.002984,-0.316138,-0.948569,-0.989568,-0.324065,0.914029,quasi
553,4.608333,0.03361,-0.008739,0.441214,0.89673,-0.944944,-0.170762,0.026049,-0.085629,0.063059,0.201481,0.973703,-1.050649,-0.529798,0.035002,-0.017021,0.003129,-0.316263,-0.948514,-0.988972,-0.321185,0.914411,quasi
554,4.616667,0.03339,-0.009223,0.440994,0.896841,-0.945045,-0.170773,0.025984,-0.085769,0.073729,0.201242,0.97299,-1.049548,-0.529338,0.036674,-0.016955,0.00294,-0.316802,-0.948336,-0.988317,-0.318213,0.914876,quasi
555,4.625,0.033047,-0.00958,0.440714,0.896988,-0.945143,-0.170773,0.025945,-0.088534,0.085036,0.199968,0.972082,-1.048954,-0.528664,0.038679,-0.017959,0.003538,-0.317659,-0.948028,-0.987933,-0.315078,0.915897,quasi
556,4.633333,0.032393,-0.009977,0.44049,0.897118,-0.945235,-0.170768,0.025931,-0.089424,0.098192,0.199547,0.970846,-1.048063,-0.527778,0.040787,-0.018728,0.004236,-0.317967,-0.947907,-0.98735,-0.312169,0.916311,quasi
557,4.641667,0.03169,-0.010414,0.440282,0.89724,-0.945317,-0.170762,0.025915,-0.089024,0.111962,0.19969,0.969362,-1.046923,-0.526791,0.042932,-0.019486,0.004798,-0.318435,-0.947732,-0.986859,-0.30926,0.916797,quasi
558,4.65,0.031161,-0.010785,0.440045,0.89737,-0.945392,-0.170766,0.025913,-0.096224,0.12627,0.198772,0.967102,-1.045958,-0.526266,0.045687,-0.021008,0.005603,-0.318594,-0.947642,-0.986181,-0.306382,0.917042,quasi
559,4.658333,0.030346,-0.011234,0.439934,0.897447,-0.945471,-0.170749,0.025911,-0.100505,0.139971,0.198333,0.964868,-1.04455,-0.525223,0.048185,-0.020411,0.005054,-0.31902,-0.947515,-0.98573,-0.303463,0.917439,quasi
560,4.666667,0.029437,-0.011685,0.439672,0.8976,-0.945561,-0.170736,0.025929,-0.104383,0.15592,0.195912,0.962503,-1.043354,-0.523693,0.051208,-0.020335,0.005542,-0.319107,-0.947484,-0.985337,-0.300501,0.917993,quasi
561,4.675,0.028664,-0.012076,0.439466,0.897721,-0.945656,-0.170708,0.025941,-0.110212,0.172004,0.194916,0.95931,-1.041719,-0.522107,0.053904,-0.021926,0.005993,-0.319405,-0.947346,-0.984764,-0.297967,0.91793,quasi
562,4.683333,0.02479,-0.011817,0.440458,0.897353,-0.945594,-0.170538,0.026248,-0.112999,0.191147,0.192569,0.95583,-1.040035,-0.519859,0.056919,-0.023209,0.007548,-0.319904,-0.947136,-0.984174,-0.2952,0.918173,quasi
563,4.691667,0.023898,-0.012176,0.440295,0.897453,-0.945664,-0.170499,0.02628,-0.123364,0.207542,0.191065,0.951421,-1.037956,-0.517895,0.059934,-0.022563,0.006074,-0.320001,-0.947129,-0.983531,-0.292625,0.918404,quasi
564,4.7,0.023005,-0.012426,0.440168,0.897535,-0.945732,-0.170463,0.026316,-0.133926,0.223155,0.190647,0.94653,-1.035561,-0.515473,0.06307,-0.023392,0.006091,-0.320234,-0.94703,-0.983035,-0.290027,0.918606,quasi
565,4.708333,0.022022,-0.012842,0.440032,0.89762,-0.945831,-0.170423,0.026361,-0.14368,0.236402,0.189632,0.942078,-1.033278,-0.512609,0.066429,-0.024045,0.007762,-0.32079,-0.946813,-0.982297,-0.287559,0.918591,quasi
566,4.716667,0.02117,-0.013266,0.43974,0.897778,-0.94597,-0.170402,0.026378,-0.145977,0.24252,0.187309,0.940633,-1.03085,-0.50895,0.069674,-0.024701,0.008233,-0.3211,-0.946687,-0.981721,-0.284941,0.918755,quasi
567,4.725,0.020094,-0.014435,0.439519,0.897892,-0.946123,-0.170386,0.026346,-0.152203,0.250463,0.18533,0.937953,-1.028133,-0.505454,0.073323,-0.024902,0.008553,-0.322189,-0.946309,-0.981083,-0.282325,0.918989,quasi
568,4.733333,0.020253,-0.015131,0.438889,0.898186,-0.94631,-0.170429,0.026232,-0.158014,0.261184,0.183385,0.934443,-1.025602,-0.502315,0.076039,-0.025669,0.009585,-0.32241,-0.946204,-0.980253,-0.280116,0.918762,quasi
569,4.741667,0.019972,-0.015771,0.437968,0.89863,-0.94659,-0.170372,0.026174,-0.16477,0.264393,0.181842,0.932674,-1.022223,-0.498502,0.079561,-0.024895,0.009938,-0.32291,-0.94605,-0.979427,-0.277545,0.918959,quasi
570,4.75,0.018797,-0.016101,0.437439,0.898907,-0.946648,-0.170114,0.026401,-0.169214,0.271272,0.174497,0.931305,-1.018474,-0.494035,0.083086,-0.025729,0.012005,-0.324147,-0.94558,-0.978725,-0.27523,0.919246,quasi
571,4.758333,0.017712,-0.017332,0.437167,0.899039,-0.946619,-0.169813,0.026645,-0.169647,0.265816,0.171617,0.933332,-1.013603,-0.488662,0.085466,-0.025271,0.012649,-0.324922,-0.945318,-0.977749,-0.272863,0.91937,quasi
572,4.766667,0.016503,-0.017792,0.437162,0.899055,-0.946735,-0.169758,0.026651,-0.174692,0.258063,0.170639,0.934756,-1.008885,-0.483809,0.087761,-0.02577,0.014127,-0.325638,-0.945038,-0.976532,-0.270812,0.919265,quasi
573,4.775,0.015452,-0.017664,0.437558,0.898884,-0.94677,-0.169718,0.02668,-0.175903,0.253564,0.16758,0.936312,-1.00332,-0.478405,0.090161,-0.025426,0.015606,-0.326499,-0.944727,-0.975551,-0.268388,0.919378,quasi
574,4.783333,0.014494,-0.017803,0.437801,0.898779,-0.946809,-0.169672,0.02668,-0.173555,0.255712,0.159768,0.937531,-0.997066,-0.471609,0.091951,-0.0256,0.017395,-0.327731,-0.944264,-0.974744,-0.26624,0.919582,quasi
575,4.791667,0.01379,-0.018019,0.437835,0.898769,-0.946856,-0.169628,0.026683,-0.168635,0.251987,0.154848,0.940259,-0.990074,-0.464942,0.093069,-0.024455,0.018311,-0.328745,-0.943925,-0.973632,-0.263837,0.919772,quasi
576,4.8,0.013123,-0.01815,0.437966,0.898712,-0.946873,-0.169589,0.026683,-0.173634,0.24722,0.154034,0.940748,-0.983647,-0.458578,0.093922,-0.024178,0.019551,-0.329899,-0.943504,-0.972358,-0.261801,0.919818,quasi
577,4.808333,0.012735,-0.01825,0.438073,0.898664,-0.946905,-0.169541,0.026642,-0.172341,0.241019,0.151028,0.94308,-0.976354,-0.451647,0.094361,-0.024338,0.022314,-0.330746,-0.943142,-0.971339,-0.259542,0.919974,quasi
578,4.816667,0.0117,-0.018112,0.438762,0.898345,-0.946887,-0.169316,0.026641,-0.169448,0.233784,0.150358,0.945529,-0.968824,-0.44445,0.09404,-0.022642,0.022187,-0.331401,-0.942957,-0.970012,-0.257356,0.920127,quasi
579,4.825,0.00952,-0.01887,0.439397,0.898044,-0.946686,-0.169183,0.026835,-0.170865,0.221409,0.153117,0.947807,-0.960917,-0.437391,0.093036,-0.022255,0.023177,-0.331982,-0.942738,-0.968595,-0.255451,0.920059,quasi
580,4.833333,0.008228,-0.019369,0.439647,0.897924,-0.946579,-0.169133,0.026924,-0.170681,0.218817,0.153229,0.948424,-0.952547,-0.429557,0.091472,-0.022136,0.026015,-0.332465,-0.942497,-0.967562,-0.253171,0.920373,quasi
581,4.841667,0.007203,-0.019887,0.439838,0.897828,-0.946532,-0.169119,0.026974,-0.167756,0.210005,0.15438,0.950748,-0.944036,-0.422033,0.089995,-0.023119,0.028203,-0.333101,-0.942186,-0.966298,-0.251386,0.920557,quasi
582,4.85,0.006842,-0.020041,0.439848,0.897823,-0.946523,-0.169078,0.026972,-0.162422,0.204107,0.151669,0.953392,-0.934531,-0.413326,0.08724,-0.022036,0.028699,-0.33275,-0.942321,-0.964723,-0.249289,0.920698,quasi
583,4.858333,0.006551,-0.020291,0.439756,0.897864,-0.946541,-0.169037,0.02697,-0.15477,0.194216,0.148995,0.957145,-0.924789,-0.405052,0.085469,-0.021987,0.030461,-0.332597,-0.942321,-0.963516,-0.24731,0.92082,quasi
584,4.866667,0.005701,-0.02023,0.439669,0.897914,-0.946579,-0.169027,0.027009,-0.153929,0.181824,0.148603,0.959772,-0.915114,-0.397076,0.08316,-0.022267,0.032935,-0.332935,-0.942111,-0.962509,-0.245245,0.921193,quasi
585,4.875,-0.000695,-0.020145,0.438314,0.898596,-0.946831,-0.169254,0.027476,-0.152864,0.168986,0.146783,0.962565,-0.905008,-0.388904,0.080823,-0.021658,0.032717,-0.332433,-0.942311,-0.960665,-0.243621,0.921206,quasi
586,4.883333,-0.001438,-0.020271,0.438288,0.898605,-0.946861,-0.169222,0.027492,-0.151014,0.157338,0.144743,0.965137,-0.894515,-0.380528,0.078354,-0.02198,0.033077,-0.331776,-0.942522,-0.959158,-0.241791,0.921537,quasi
587,4.891667,-0.001711,-0.020291,0.438317,0.89859,-0.946878,-0.169229,0.027473,-0.139185,0.151854,0.136219,0.969027,-0.883887,-0.371281,0.075136,-0.022276,0.034272,-0.331765,-0.942476,-0.957743,-0.240181,0.921835,quasi
588,4.9,-0.002339,-0.020236,0.438306,0.898595,-0.946912,-0.169206,0.027494,-0.139979,0.135262,0.136654,0.971306,-0.872976,-0.363008,0.072406,-0.021649,0.034969,-0.330655,-0.942855,-0.955753,-0.238562,0.921935,quasi
589,4.908333,-0.00364,-0.019911,0.438385,0.898559,-0.946997,-0.168998,0.027584,-0.136263,0.119593,0.137681,0.973742,-0.861918,-0.354482,0.069659,-0.021818,0.035704,-0.330165,-0.942995,-0.954205,-0.236972,0.922215,quasi
590,4.916667,-0.004027,-0.017472,0.438593,0.898507,-0.947088,-0.168901,0.027797,-0.124646,0.112446,0.135551,0.976445,-0.850407,-0.345538,0.067718,-0.021482,0.036225,-0.330297,-0.942937,-0.952716,-0.235384,0.922562,quasi
591,4.925,-0.003955,-0.016201,0.438937,0.898363,-0.947109,-0.168853,0.027845,-0.12202,0.102008,0.134628,0.97805,-0.83927,-0.336903,0.065408,-0.022081,0.037491,-0.33027,-0.942883,-0.951394,-0.233853,0.922756,quasi
592,4.933333,-0.005846,-0.015421,0.439493,0.898094,-0.947222,-0.168544,0.028219,-0.119417,0.086076,0.135732,0.979749,-0.828017,-0.328195,0.062953,-0.021391,0.037695,-0.330402,-0.942845,-0.949856,-0.232332,0.923033,quasi
593,4.941667,-0.011479,-0.015375,0.438692,0.898433,-0.947445,-0.168815,0.028576,-0.116165,0.07441,0.134163,0.98131,-0.816807,-0.319379,0.060793,-0.021506,0.038777,-0.330468,-0.942775,-0.9484,-0.230916,0.923255,quasi
594,4.95,-0.012678,-0.016743,0.437483,0.898982,-0.947794,-0.169136,0.028605,-0.110704,0.064654,0.132703,0.98283,-0.805602,-0.310413,0.058852,-0.021269,0.038945,-0.330858,-0.942637,-0.946878,-0.229466,0.923455,quasi
595,4.958333,-0.015529,-0.017522,0.437265,0.899028,-0.94788,-0.169156,0.028831,-0.10436,0.05803,0.130349,0.984251,-0.794524,-0.301194,0.057274,-0.021524,0.040852,-0.33142,-0.942353,-0.945451,-0.228082,0.923434,quasi
596,4.966667,-0.017013,-0.017856,0.437342,0.898957,-0.947912,-0.16918,0.028859,-0.096307,0.051599,0.129263,0.985573,-0.783856,-0.291973,0.055895,-0.021132,0.040595,-0.332137,-0.94212,-0.943684,-0.226781,0.923568,quasi
597,4.975,-0.016932,-0.017584,0.437537,0.898869,-0.9479,-0.169119,0.028836,-0.099748,0.04011,0.131292,0.985497,-0.772944,-0.283846,0.054229,-0.021615,0.041661,-0.332779,-0.941836,-0.942306,-0.225332,0.923602,quasi
598,4.983333,-0.015584,-0.016945,0.437835,0.89876,-0.947847,-0.169053,0.028706,-0.094114,0.031602,0.131875,0.986282,-0.762006,-0.275268,0.053173,-0.021414,0.042232,-0.334188,-0.941316,-0.940884,-0.224052,0.923763,quasi
599,4.991667,-0.015208,-0.016507,0.438032,0.898679,-0.947849,-0.168792,0.028685,-0.09238,0.027694,0.131281,0.986643,-0.751441,-0.266705,0.05223,-0.021392,0.043037,-0.335113,-0.940951,-0.939319,-0.222719,0.9237,quasi
600,5.0,-0.013995,-0.017334,0.438539,0.898436,-0.94775,-0.168661,0.028558,-0.087649,0.020729,0.131713,0.987188,-0.740787,-0.258376,0.051504,-0.02129,0.044342,-0.336333,-0.940458,-0.937844,-0.221441,0.923637,quasi
601,5.008333,-0.011598,-0.019608,0.439054,0.898172,-0.947585,-0.168621,0.02826,-0.084573,0.011622,0.13196,0.987572,-0.730514,-0.250215,0.050692,-0.021678,0.045545,-0.337485,-0.939979,-0.93629,-0.220105,0.923602,quasi
602,5.016667,-0.008038,-0.020275,0.439287,0.898082,-0.947424,-0.168659,0.027886,-0.080722,0.006536,0.13218,0.987912,-0.720509,-0.242126,0.050173,-0.021588,0.045697,-0.338937,-0.939451,-0.93489,-0.21874,0.923739,quasi
603,5.025,-0.005921,-0.020024,0.439722,0.897891,-0.947276,-0.168615,0.0277,-0.075595,0.001493,0.133477,0.988164,-0.710731,-0.234046,0.050003,-0.021896,0.047114,-0.340693,-0.938738,-0.93336,-0.21728,0.923518,quasi
604,5.033333,-0.002935,-0.017769,0.4411,0.897277,-0.947022,-0.16831,0.027354,-0.071142,-0.003923,0.134348,0.988369,-0.701244,-0.226365,0.049801,-0.021776,0.048308,-0.34187,-0.938252,-0.93175,-0.215887,0.92343,quasi
605,5.041667,-0.000468,-0.015147,0.442482,0.896649,-0.946581,-0.168043,0.027117,-0.0677,-0.008335,0.135159,0.988473,-0.69189,-0.218799,0.04979,-0.021777,0.049196,-0.342987,-0.937798,-0.930282,-0.214705,0.923371,quasi
606,5.05,0.005811,-0.012424,0.443498,0.89617,-0.946118,-0.168127,0.026554,-0.065746,-0.012524,0.136396,0.988391,-0.682728,-0.211545,0.049849,-0.021963,0.051151,-0.344159,-0.93726,-0.928914,-0.213431,0.923123,quasi
607,5.058333,0.007515,-0.011742,0.443951,0.895943,-0.945991,-0.168138,0.026429,-0.063066,-0.016887,0.137291,0.988377,-0.673882,-0.204386,0.049867,-0.022458,0.052153,-0.345098,-0.936847,-0.927304,-0.212108,0.923007,quasi
608,5.066667,0.00255,-0.011748,0.442522,0.896677,-0.946122,-0.168614,0.02685,-0.062998,-0.020541,0.137974,0.988217,-0.66533,-0.197644,0.050016,-0.022664,0.052925,-0.346763,-0.936184,-0.92615,-0.210761,0.922968,quasi
609,5.075,0.009239,-0.011063,0.444495,0.895666,-0.945768,-0.168185,0.026288,-0.063148,-0.023653,0.137476,0.988207,-0.657073,-0.191111,0.05063,-0.022883,0.05406,-0.347414,-0.935873,-0.924487,-0.209393,0.92271,quasi
610,5.083333,0.009587,-0.010775,0.44475,0.895539,-0.945656,-0.1682,0.026262,-0.059362,-0.023503,0.134668,0.988832,-0.649106,-0.184042,0.051385,-0.023513,0.055931,-0.348866,-0.935207,-0.923234,-0.20809,0.92249,quasi
611,5.091667,0.009976,-0.010489,0.444932,0.895448,-0.945563,-0.168227,0.026235,-0.061666,-0.025882,0.138605,0.988087,-0.640781,-0.177734,0.052164,-0.023845,0.056293,-0.34969,-0.934869,-0.921816,-0.206674,0.922367,quasi
612,5.1,0.010407,-0.010377,0.445085,0.895368,-0.945477,-0.168313,0.026196,-0.066158,-0.027291,0.140661,0.987468,-0.633094,-0.171708,0.053027,-0.02459,0.057727,-0.351208,-0.934193,-0.92049,-0.205318,0.922198,quasi
613,5.108333,0.011041,-0.00977,0.445342,0.895239,-0.945378,-0.168252,0.026185,-0.065919,-0.030551,0.138838,0.987646,-0.626009,-0.165591,0.053413,-0.024508,0.058801,-0.351753,-0.933923,-0.919143,-0.203841,0.921848,quasi
614,5.116667,0.01158,-0.009072,0.445637,0.895093,-0.945273,-0.168138,0.026172,-0.064578,-0.034088,0.140666,0.987361,-0.618612,-0.159807,0.053687,-0.025179,0.060024,-0.353414,-0.9332,-0.917945,-0.202534,0.921625,quasi
615,5.125,0.011014,-0.009282,0.44568,0.895077,-0.945165,-0.168146,0.026073,-0.062385,-0.037105,0.142422,0.987141,-0.611334,-0.15382,0.053917,-0.027947,0.061866,-0.355304,-0.932283,-0.915768,-0.200487,0.920722,quasi
616,5.133333,0.011461,-0.008788,0.446043,0.894895,-0.945039,-0.168164,0.02605,-0.049108,-0.044942,0.142064,0.987617,-0.604146,-0.147119,0.052946,-0.028378,0.063054,-0.356674,-0.931667,-0.914567,-0.199174,0.920467,quasi
617,5.141667,0.012311,-0.008158,0.446311,0.894756,-0.944925,-0.168223,0.02604,-0.050358,-0.046845,0.143971,0.987189,-0.597044,-0.141375,0.053286,-0.028914,0.063733,-0.358101,-0.931056,-0.913534,-0.197565,0.920168,quasi
618,5.15,0.012668,-0.007894,0.446233,0.894792,-0.944855,-0.168175,0.026001,-0.047968,-0.049552,0.1457,0.986922,-0.590142,-0.135796,0.053479,-0.03018,0.06581,-0.359289,-0.930414,-0.911992,-0.196166,0.920016,quasi
619,5.158333,0.013718,-0.007377,0.44634,0.894728,-0.944833,-0.168074,0.026007,-0.042171,-0.051675,0.147297,0.986841,-0.583469,-0.130233,0.053659,-0.031348,0.066925,-0.360285,-0.92991,-0.910753,-0.194799,0.919826,quasi
620,5.166667,0.014548,-0.007263,0.446503,0.894634,-0.944724,-0.168096,0.025981,-0.026798,-0.057532,0.147451,0.987031,-0.577057,-0.124249,0.052655,-0.031948,0.068619,-0.361554,-0.929274,-0.909601,-0.193399,0.919392,quasi
621,5.175,0.014847,-0.006822,0.44634,0.894714,-0.944574,-0.168205,0.025836,-0.030438,-0.060035,0.149497,0.986468,-0.57062,-0.11939,0.052398,-0.032886,0.069535,-0.36272,-0.928718,-0.908101,-0.191856,0.919064,quasi
622,5.183333,0.015134,-0.006343,0.446575,0.894596,-0.944486,-0.168156,0.025701,-0.027775,-0.060619,0.152437,0.986061,-0.564447,-0.114473,0.052593,-0.033334,0.070281,-0.364246,-0.928049,-0.906987,-0.190406,0.918611,quasi
623,5.191667,0.016172,-0.006418,0.446549,0.89459,-0.9444,-0.168276,0.025747,-0.022843,-0.061461,0.156305,0.98553,-0.558347,-0.109537,0.052857,-0.034223,0.070324,-0.365392,-0.927562,-0.90546,-0.189003,0.918452,quasi
624,5.2,0.016766,-0.006189,0.446643,0.894534,-0.944319,-0.168324,0.025747,-0.020836,-0.063407,0.160311,0.984808,-0.552432,-0.104997,0.052964,-0.034433,0.071426,-0.366967,-0.926849,-0.904287,-0.187427,0.917877,quasi
625,5.208333,0.017144,-0.004937,0.447726,0.893993,-0.944048,-0.168378,0.025819,-0.018169,-0.065848,0.163535,0.98417,-0.546846,-0.100279,0.052917,-0.035253,0.07169,-0.368059,-0.926364,-0.902951,-0.186027,0.917546,quasi
626,5.216667,0.018024,-0.004389,0.448193,0.893744,-0.943889,-0.168453,0.025805,-0.015975,-0.0686,0.166878,0.983459,-0.541594,-0.095641,0.052929,-0.040706,0.075554,-0.370508,-0.924856,-0.901005,-0.184157,0.917017,quasi
627,5.225,0.01887,-0.003896,0.448422,0.893614,-0.943785,-0.168485,0.025772,-0.012283,-0.071591,0.170948,0.982599,-0.536517,-0.090937,0.052974,-0.041184,0.074723,-0.371923,-0.924334,-0.900055,-0.182848,0.916785,quasi
628,5.233333,0.02006,-0.003113,0.448359,0.893623,-0.943763,-0.168572,0.025723,-0.008491,-0.074616,0.174815,0.981733,-0.531866,-0.086418,0.053076,-0.041037,0.074177,-0.373366,-0.923803,-0.898685,-0.181407,0.916346,quasi
629,5.241667,0.021526,-0.002264,0.448332,0.893605,-0.943741,-0.168632,0.025652,-0.004419,-0.0764,0.180236,0.980642,-0.527451,-0.082181,0.053278,-0.04074,0.073852,-0.374351,-0.923443,-0.897306,-0.179845,0.915809,quasi
630,5.25,0.02234,-0.00182,0.44906,0.89322,-0.943461,-0.168632,0.025595,4.7e-05,-0.078055,0.186213,0.979404,-0.523297,-0.078096,0.053393,-0.041559,0.073566,-0.375539,-0.922947,-0.895787,-0.178421,0.915455,quasi
631,5.258333,0.023548,-0.000816,0.449555,0.892942,-0.943296,-0.168602,0.025528,0.003132,-0.079512,0.192157,0.978133,-0.519556,-0.074247,0.05337,-0.041287,0.073851,-0.376695,-0.922465,-0.894539,-0.176806,0.914773,quasi
632,5.266667,0.02453,-0.000352,0.449691,0.892847,-0.943202,-0.168723,0.02549,0.005962,-0.081313,0.19715,0.976977,-0.516181,-0.069869,0.053148,-0.044538,0.074602,-0.378877,-0.92136,-0.893072,-0.174841,0.914361,quasi
633,5.275,0.025577,0.000167,0.44978,0.892773,-0.943126,-0.168798,0.025447,0.009722,-0.083833,0.204854,0.975147,-0.512934,-0.066262,0.052817,-0.044526,0.074718,-0.379869,-0.920942,-0.891543,-0.173333,0.91368,quasi
634,5.283333,0.026567,0.000704,0.44988,0.892694,-0.943055,-0.168864,0.025411,0.010507,-0.085115,0.211819,0.973539,-0.510224,-0.06293,0.052436,-0.044734,0.074028,-0.380683,-0.920652,-0.89027,-0.171695,0.913294,quasi
635,5.291667,0.027323,0.001145,0.450028,0.892596,-0.942984,-0.168909,0.025376,0.012904,-0.085591,0.218566,0.971976,-0.507966,-0.059776,0.052395,-0.04514,0.074106,-0.381171,-0.920424,-0.88862,-0.170027,0.912666,quasi
636,5.3,0.02818,0.001449,0.449803,0.892682,-0.943001,-0.168925,0.0253,0.013893,-0.085886,0.225477,0.970356,-0.505978,-0.056957,0.052156,-0.046165,0.073199,-0.383225,-0.919592,-0.887583,-0.169152,0.912382,quasi
637,5.308333,0.028872,0.00174,0.450093,0.892513,-0.942921,-0.169011,0.025242,0.015511,-0.087003,0.232125,0.968663,-0.504373,-0.054356,0.051848,-0.047355,0.074818,-0.383272,-0.919381,-0.885726,-0.167288,0.911637,quasi
638,5.316667,0.029706,0.001559,0.450275,0.892394,-0.942855,-0.169247,0.025164,0.015896,-0.088561,0.238684,0.96692,-0.50294,-0.05195,0.051274,-0.047859,0.07396,-0.384571,-0.918882,-0.884346,-0.166051,0.911147,quasi
639,5.325,0.030173,0.001433,0.450528,0.892251,-0.942794,-0.169423,0.025074,0.013557,-0.089986,0.243971,0.965503,-0.501949,-0.049958,0.050434,-0.047764,0.074069,-0.385016,-0.918692,-0.883028,-0.164491,0.910478,quasi
640,5.333333,0.030513,0.00107,0.45043,0.89229,-0.942865,-0.169585,0.024955,0.013358,-0.090238,0.249071,0.96418,-0.501354,-0.048271,0.049619,-0.048804,0.073136,-0.385769,-0.918396,-0.881684,-0.162987,0.910053,quasi
641,5.341667,0.030728,0.002433,0.451674,0.89165,-0.942599,-0.169581,0.024955,0.012547,-0.089551,0.254244,0.962903,-0.501083,-0.046913,0.048634,-0.04966,0.073182,-0.385853,-0.918312,-0.880153,-0.161252,0.909538,quasi
642,5.35,0.031492,0.003025,0.451831,0.891542,-0.942567,-0.16966,0.024952,0.010547,-0.08804,0.257396,0.962229,-0.501206,-0.045845,0.047322,-0.050177,0.072368,-0.386538,-0.91806,-0.878762,-0.159974,0.909001,quasi
643,5.358333,0.03257,0.003603,0.451893,0.89147,-0.94253,-0.169735,0.024952,0.009569,-0.08551,0.260806,0.961549,-0.501432,-0.045141,0.045854,-0.051115,0.072268,-0.387357,-0.917671,-0.877414,-0.158543,0.908477,quasi
644,5.366667,0.033588,0.004306,0.451882,0.891435,-0.942489,-0.169787,0.024971,0.007379,-0.081966,0.263346,0.961185,-0.501825,-0.044578,0.044171,-0.051858,0.071287,-0.387445,-0.917668,-0.875975,-0.157155,0.908126,quasi
645,5.375,0.034495,0.00496,0.451928,0.891373,-0.942397,-0.169832,0.02502,0.003734,-0.078079,0.265248,0.961006,-0.502286,-0.044242,0.042443,-0.052059,0.071037,-0.387435,-0.917681,-0.874371,-0.155804,0.907593,quasi
646,5.383333,0.035155,0.005331,0.451915,0.891352,-0.942329,-0.169768,0.024998,-0.00096,-0.073399,0.266997,0.960898,-0.502457,-0.043936,0.041091,-0.052437,0.071145,-0.387411,-0.917661,-0.872992,-0.154334,0.907163,quasi
647,5.391667,0.035742,0.005692,0.451798,0.891386,-0.942317,-0.169746,0.025013,-0.00359,-0.070277,0.267743,0.960917,-0.502381,-0.043438,0.040382,-0.052315,0.070799,-0.387208,-0.91778,-0.871715,-0.152781,0.906806,quasi
648,5.4,0.036171,0.005949,0.451622,0.891456,-0.942305,-0.169727,0.025022,-0.006895,-0.069366,0.26775,0.960963,-0.502063,-0.042756,0.039866,-0.050844,0.068969,-0.387024,-0.91808,-0.870479,-0.151715,0.90664,quasi
649,5.408333,0.036296,0.005969,0.451461,0.891532,-0.942317,-0.169718,0.025012,-0.011293,-0.069317,0.268395,0.960746,-0.501502,-0.042036,0.039336,-0.049935,0.067296,-0.387005,-0.918262,-0.869305,-0.150836,0.906487,quasi
650,5.416667,0.036412,0.005908,0.45124,0.89164,-0.94233,-0.169739,0.024999,-0.015989,-0.069767,0.268964,0.960487,-0.500953,-0.041414,0.038953,-0.048652,0.066279,-0.387143,-0.918347,-0.868297,-0.149744,0.906204,quasi
651,5.425,0.036571,0.00598,0.451189,0.891659,-0.942314,-0.169784,0.025008,-0.017469,-0.067927,0.269898,0.960331,-0.500563,-0.040682,0.038573,-0.048229,0.066126,-0.38751,-0.918225,-0.867026,-0.148719,0.906074,quasi
652,5.433333,0.036879,0.00618,0.451262,0.891608,-0.942278,-0.169837,0.025014,-0.020154,-0.066176,0.270593,0.960205,-0.500441,-0.040139,0.037934,-0.047931,0.065486,-0.387281,-0.918383,-0.86571,-0.147824,0.906157,quasi
653,5.441667,0.037305,0.008168,0.452814,0.890787,-0.941847,-0.169852,0.025142,-0.021575,-0.063698,0.271485,0.96009,-0.500411,-0.039654,0.037394,-0.047927,0.066739,-0.386565,-0.918595,-0.864326,-0.14645,0.905975,quasi
654,5.45,0.03763,0.008594,0.452981,0.890684,-0.941813,-0.169941,0.025182,-0.023897,-0.062203,0.272383,0.959879,-0.500511,-0.039398,0.036727,-0.047524,0.066265,-0.386634,-0.918621,-0.862971,-0.145568,0.906103,quasi
655,5.458333,0.037972,0.008871,0.453066,0.890624,-0.941764,-0.169988,0.025191,-0.026694,-0.060653,0.273419,0.95961,-0.500432,-0.039317,0.036098,-0.047587,0.066893,-0.386684,-0.918551,-0.861746,-0.14442,0.90604,quasi
656,5.466667,0.038176,0.009161,0.453137,0.890576,-0.941723,-0.170028,0.025195,-0.027418,-0.058487,0.273763,0.959626,-0.500225,-0.039116,0.035715,-0.048046,0.066299,-0.386543,-0.91863,-0.860429,-0.143663,0.906197,quasi
657,5.475,0.038463,0.009425,0.45333,0.890462,-0.94167,-0.170066,0.025208,-0.027559,-0.056672,0.274617,0.959487,-0.499947,-0.039096,0.035356,-0.04844,0.067655,-0.386907,-0.918357,-0.859128,-0.142536,0.906025,quasi
658,5.483333,0.03873,0.009757,0.453398,0.890413,-0.941629,-0.170088,0.02522,-0.02987,-0.05524,0.273414,0.959844,-0.49968,-0.03916,0.034951,-0.048828,0.067561,-0.387108,-0.918259,-0.857723,-0.141695,0.906221,quasi
659,5.491667,0.038873,0.010055,0.453534,0.890334,-0.941575,-0.170112,0.025241,-0.031071,-0.054011,0.273265,0.959918,-0.499159,-0.039259,0.034522,-0.049141,0.067548,-0.387376,-0.91813,-0.856521,-0.140845,0.906199,quasi
660,5.5,0.039197,0.010077,0.453585,0.890293,-0.941536,-0.17007,0.025186,-0.033462,-0.052729,0.272483,0.960132,-0.498812,-0.039376,0.033996,-0.049236,0.066798,-0.388009,-0.917912,-0.855176,-0.139957,0.906249,quasi
661,5.508333,0.039358,0.009931,0.453228,0.89047,-0.94164,-0.170078,0.025169,-0.034634,-0.051292,0.272047,0.960292,-0.498419,-0.039488,0.033613,-0.049454,0.067119,-0.388452,-0.91769,-0.85386,-0.139049,0.906067,quasi
662,5.516667,0.039269,0.009595,0.452834,0.890678,-0.941748,-0.170087,0.025148,-0.035619,-0.049789,0.271626,0.960454,-0.498112,-0.039621,0.033286,-0.049057,0.067774,-0.388251,-0.917748,-0.852153,-0.138162,0.905978,quasi
663,5.525,0.039448,0.01116,0.454062,0.890026,-0.941385,-0.170077,0.025288,-0.03702,-0.048384,0.271057,0.960633,-0.497878,-0.039711,0.033003,-0.048936,0.066671,-0.38871,-0.917641,-0.851036,-0.137432,0.906006,quasi
664,5.533333,0.039454,0.011529,0.454075,0.890015,-0.941396,-0.170152,0.025357,-0.037554,-0.046749,0.270664,0.960805,-0.497728,-0.039727,0.03278,-0.048062,0.065961,-0.389069,-0.917586,-0.849847,-0.13667,0.905928,quasi
665,5.541667,0.039612,0.011657,0.453995,0.890047,-0.941381,-0.170226,0.025385,-0.038169,-0.04506,0.270629,0.960871,-0.49765,-0.039634,0.032571,-0.04726,0.065332,-0.388934,-0.91773,-0.848739,-0.136275,0.905962,quasi
666,5.55,0.039946,0.011903,0.453776,0.890141,-0.941432,-0.17029,0.025398,-0.038716,-0.043227,0.270806,0.960883,-0.497554,-0.039512,0.032427,-0.045683,0.064296,-0.389179,-0.917779,-0.84759,-0.135683,0.905978,quasi
667,5.558333,0.040047,0.012075,0.453725,0.89016,-0.941465,-0.170316,0.025405,-0.039476,-0.041397,0.270653,0.960976,-0.497515,-0.03939,0.032263,-0.044487,0.063166,-0.389471,-0.917793,-0.846368,-0.13509,0.90599,quasi
668,5.566667,0.039938,0.012126,0.453602,0.890227,-0.941579,-0.170341,0.025418,-0.040054,-0.039851,0.270152,0.961159,-0.497482,-0.0393,0.032076,-0.04335,0.062429,-0.389428,-0.917916,-0.845265,-0.134427,0.905889,quasi
669,5.575,0.039623,0.012525,0.454008,0.890028,-0.941549,-0.170216,0.025414,-0.041177,-0.038718,0.269536,0.96133,-0.497444,-0.039262,0.031904,-0.042501,0.061309,-0.389427,-0.918032,-0.843969,-0.133864,0.905961,quasi
670,5.583333,0.039633,0.01255,0.454264,0.889896,-0.941472,-0.17009,0.025352,-0.041136,-0.037934,0.269016,0.961509,-0.497405,-0.039232,0.03177,-0.041697,0.061304,-0.389471,-0.91805,-0.842733,-0.133264,0.905903,quasi
671,5.591667,0.039474,0.01243,0.454126,0.889976,-0.941483,-0.170092,0.025354,-0.041885,-0.037244,0.268556,0.961632,-0.497325,-0.039213,0.031668,-0.041553,0.061173,-0.388985,-0.918271,-0.841572,-0.132616,0.90593,quasi
672,5.6,0.039226,0.012028,0.453873,0.890121,-0.941519,-0.170101,0.025359,-0.042786,-0.036706,0.268214,0.961709,-0.497251,-0.039192,0.031563,-0.041356,0.060241,-0.388224,-0.918664,-0.840195,-0.131915,0.906138,quasi
673,5.608333,0.038815,0.011463,0.453394,0.890391,-0.941608,-0.170152,0.02537,-0.043696,-0.036211,0.26792,0.961768,-0.497176,-0.039155,0.031446,-0.041207,0.060753,-0.388101,-0.918688,-0.839116,-0.131323,0.906124,quasi
674,5.616667,0.0389,0.011689,0.453526,0.890317,-0.94155,-0.17014,0.025382,-0.04464,-0.035822,0.267752,0.961786,-0.497113,-0.039125,0.031351,-0.041028,0.0602,-0.387771,-0.918872,-0.837877,-0.130762,0.906293,quasi
675,5.625,0.039014,0.011944,0.453609,0.890266,-0.94151,-0.170136,0.025395,-0.045569,-0.035716,0.267453,0.96183,-0.497093,-0.039013,0.031261,-0.041123,0.059968,-0.387226,-0.919113,-0.836683,-0.130195,0.906401,quasi
676,5.633333,0.040172,0.014513,0.45489,0.889523,-0.94128,-0.170149,0.025525,-0.046304,-0.035674,0.267339,0.961828,-0.497042,-0.038959,0.031186,-0.041103,0.06,-0.386421,-0.91945,-0.83547,-0.129614,0.906477,quasi
677,5.641667,0.040356,0.014829,0.455042,0.889431,-0.941239,-0.170162,0.025534,-0.046758,-0.035542,0.267182,0.961855,-0.497017,-0.038927,0.031125,-0.040987,0.060155,-0.386137,-0.919565,-0.834288,-0.129211,0.906515,quasi
678,5.65,0.040619,0.015012,0.455381,0.889243,-0.941184,-0.170189,0.025535,-0.046965,-0.035374,0.267085,0.961878,-0.496999,-0.038881,0.031076,-0.040996,0.058884,-0.385637,-0.919857,-0.833149,-0.128818,0.90683,quasi
679,5.658333,0.040561,0.01512,0.455391,0.889238,-0.941177,-0.170195,0.025547,-0.047217,-0.035226,0.266901,0.961922,-0.496996,-0.038847,0.03102,-0.040576,0.058462,-0.385324,-0.920033,-0.832282,-0.128328,0.906854,quasi
680,5.666667,0.040534,0.015221,0.455419,0.889224,-0.941181,-0.170202,0.025555,-0.047379,-0.034996,0.266776,0.961957,-0.496972,-0.038816,0.030984,-0.040305,0.058219,-0.385119,-0.920147,-0.831043,-0.128028,0.906945,quasi
681,5.675,0.040509,0.015361,0.455431,0.889216,-0.941179,-0.170209,0.025571,-0.047697,-0.034743,0.266573,0.962007,-0.496942,-0.038792,0.030947,-0.039975,0.057945,-0.384689,-0.920358,-0.829977,-0.127536,0.906995,quasi
682,5.683333,0.040439,0.015482,0.455484,0.88919,-0.941178,-0.170215,0.025585,-0.047926,-0.034494,0.266175,0.962115,-0.496914,-0.038801,0.030915,-0.039798,0.056627,-0.384746,-0.920424,-0.828939,-0.127192,0.9072,quasi
683,5.691667,0.040358,0.015536,0.455446,0.889213,-0.941194,-0.170228,0.025595,-0.048383,-0.034231,0.265893,0.962179,-0.496884,-0.038794,0.03087,-0.039147,0.056441,-0.384855,-0.920418,-0.828053,-0.126729,0.907238,quasi
684,5.7,0.040267,0.015606,0.455474,0.889201,-0.941199,-0.170226,0.025613,-0.049071,-0.03403,0.265748,0.962191,-0.496815,-0.038765,0.030893,-0.03906,0.056331,-0.384934,-0.920395,-0.82684,-0.126364,0.907336,quasi
685,5.708333,0.040086,0.015658,0.455504,0.889193,-0.941219,-0.170228,0.025633,-0.04943,-0.034018,0.265542,0.96223,-0.496778,-0.038718,0.03086,-0.038351,0.056087,-0.38556,-0.920178,-0.825773,-0.126133,0.907289,quasi
686,5.716667,0.039353,0.015658,0.454907,0.889531,-0.941336,-0.170252,0.025717,-0.049875,-0.033954,0.265264,0.962286,-0.496765,-0.038697,0.030805,-0.038519,0.05517,-0.385822,-0.920116,-0.824815,-0.125721,0.907449,quasi
687,5.725,0.039238,0.015695,0.454952,0.889513,-0.941359,-0.170228,0.025734,-0.050244,-0.033854,0.264981,0.962349,-0.496752,-0.038683,0.030752,-0.038852,0.054453,-0.3862,-0.919987,-0.823905,-0.125381,0.907641,quasi
688,5.733333,0.038949,0.015729,0.454907,0.889548,-0.94138,-0.170222,0.025768,-0.050552,-0.033826,0.26473,0.962402,-0.496744,-0.038655,0.030691,-0.038221,0.054559,-0.386645,-0.91982,-0.822767,-0.125084,0.907475,quasi
689,5.741667,0.038706,0.015805,0.454953,0.889534,-0.941405,-0.170214,0.025804,-0.050704,-0.033996,0.264452,0.962465,-0.496745,-0.038626,0.030606,-0.038418,0.053735,-0.387187,-0.919632,-0.821903,-0.1248,0.907669,quasi
690,5.75,0.03849,0.015889,0.455012,0.889511,-0.941406,-0.17019,0.025817,-0.050945,-0.034073,0.264299,0.962491,-0.49673,-0.038584,0.03055,-0.038541,0.053557,-0.387231,-0.919619,-0.820915,-0.124345,0.90784,quasi
691,5.758333,0.038271,0.015945,0.454987,0.889533,-0.941428,-0.170183,0.025852,-0.051922,-0.034045,0.264192,0.96247,-0.496686,-0.038552,0.030532,-0.038417,0.052907,-0.387783,-0.919429,-0.819941,-0.124008,0.907954,quasi
692,5.766667,0.038389,0.016093,0.455475,0.889275,-0.94134,-0.170173,0.025784,-0.052423,-0.03405,0.264089,0.96247,-0.496665,-0.038505,0.030499,-0.038302,0.053129,-0.387874,-0.919382,-0.819174,-0.123534,0.907918,quasi
693,5.775,0.038344,0.016276,0.455552,0.889234,-0.941328,-0.170181,0.025808,-0.052918,-0.034056,0.263981,0.962473,-0.49665,-0.03846,0.030472,-0.037764,0.052146,-0.388058,-0.919383,-0.818003,-0.123283,0.907956,quasi
694,5.783333,0.038103,0.016264,0.455633,0.889203,-0.941346,-0.170162,0.025801,-0.053501,-0.033939,0.263861,0.962478,-0.496643,-0.038423,0.030435,-0.037278,0.05131,-0.388553,-0.919241,-0.817333,-0.12298,0.908013,quasi
695,5.791667,0.037825,0.016263,0.455709,0.889176,-0.941355,-0.170162,0.025807,-0.053987,-0.034033,0.263786,0.962468,-0.496641,-0.038375,0.030402,-0.0375,0.050672,-0.390065,-0.918627,-0.816768,-0.12307,0.908246,quasi
696,5.8,0.037778,0.016406,0.455786,0.889136,-0.941344,-0.170171,0.025835,-0.05446,-0.034057,0.263652,0.962477,-0.496627,-0.038323,0.030372,-0.037578,0.050845,-0.390272,-0.918526,-0.815575,-0.122838,0.908436,quasi
697,5.808333,0.037634,0.016458,0.455817,0.889125,-0.941354,-0.170195,0.025856,-0.054826,-0.034061,0.263554,0.962483,-0.496612,-0.03828,0.030349,-0.036871,0.050537,-0.390775,-0.918358,-0.814744,-0.122678,0.908426,quasi
698,5.816667,0.037485,0.016502,0.455891,0.889093,-0.941354,-0.170188,0.025866,-0.05534,-0.03405,0.263458,0.96248,-0.496615,-0.038236,0.030332,-0.035687,0.049532,-0.391478,-0.91816,-0.813934,-0.122557,0.908372,quasi
699,5.825,0.037314,0.016585,0.455984,0.889051,-0.941358,-0.170173,0.025865,-0.055526,-0.034072,0.263637,0.96242,-0.496627,-0.038175,0.03032,-0.034959,0.048856,-0.392212,-0.917911,-0.813137,-0.122425,0.908418,quasi
700,5.833333,0.037132,0.016646,0.456079,0.889009,-0.941363,-0.17015,0.025875,-0.055745,-0.034074,0.263571,0.962425,-0.496643,-0.038129,0.030291,-0.034602,0.04898,-0.392288,-0.917886,-0.812202,-0.122136,0.908475,quasi
701,5.841667,0.036852,0.016657,0.456109,0.889005,-0.941402,-0.170148,0.025881,-0.055972,-0.03417,0.263546,0.962415,-0.496643,-0.03809,0.030282,-0.03406,0.048242,-0.392786,-0.917732,-0.811443,-0.121922,0.908656,quasi
702,5.85,0.036538,0.016729,0.45617,0.888985,-0.94141,-0.170127,0.02589,-0.056066,-0.03429,0.263451,0.962432,-0.496638,-0.038061,0.030284,-0.033743,0.047601,-0.393344,-0.917538,-0.81074,-0.121743,0.908863,quasi
703,5.858333,0.036329,0.016767,0.456247,0.888953,-0.941438,-0.170118,0.025909,-0.056402,-0.034384,0.263281,0.962455,-0.49665,-0.038023,0.030277,-0.033581,0.048081,-0.393667,-0.91738,-0.809805,-0.121533,0.908887,quasi
704,5.866667,0.035985,0.016854,0.456304,0.888936,-0.94146,-0.170104,0.025934,-0.05662,-0.034471,0.263252,0.962447,-0.496673,-0.037996,0.030268,-0.033658,0.047473,-0.394093,-0.917226,-0.809052,-0.121357,0.909094,quasi
705,5.875,0.034955,0.016424,0.456233,0.889022,-0.9415,-0.170172,0.02596,-0.057048,-0.034671,0.263113,0.962453,-0.496689,-0.037949,0.030249,-0.033527,0.047739,-0.394629,-0.916987,-0.808078,-0.12122,0.909153,quasi
706,5.883333,0.035066,0.016772,0.456438,0.888906,-0.941532,-0.170069,0.025997,-0.057304,-0.034787,0.262953,0.962477,-0.496713,-0.037927,0.030217,-0.033652,0.047571,-0.394968,-0.916845,-0.807293,-0.121039,0.909325,quasi
707,5.891667,0.034405,0.016757,0.456523,0.888888,-0.941565,-0.170038,0.026032,-0.057638,-0.034958,0.262835,0.962483,-0.496733,-0.037897,0.030212,-0.033194,0.047276,-0.395296,-0.916736,-0.806289,-0.120819,0.909398,quasi
708,5.9,0.033852,0.016764,0.456662,0.888838,-0.941589,-0.170001,0.026066,-0.057931,-0.035166,0.262706,0.962493,-0.496746,-0.03786,0.03019,-0.033347,0.046913,-0.395748,-0.916554,-0.805515,-0.120673,0.909568,quasi
709,5.908333,0.032151,0.016544,0.456069,0.88921,-0.94171,-0.170069,0.026205,-0.058085,-0.035326,0.262507,0.962532,-0.496775,-0.037827,0.030145,-0.033336,0.04697,-0.395726,-0.91656,-0.804669,-0.120432,0.909669,quasi
710,5.916667,0.032247,0.01696,0.456305,0.889077,-0.94172,-0.169959,0.026265,-0.058405,-0.035482,0.262391,0.962539,-0.496796,-0.037799,0.030118,-0.033298,0.046068,-0.396047,-0.916469,-0.803803,-0.120335,0.909853,quasi
711,5.925,0.030742,0.016573,0.45625,0.889166,-0.941747,-0.170012,0.026329,-0.058607,-0.035561,0.262243,0.962564,-0.496828,-0.037774,0.030085,-0.033156,0.04552,-0.396413,-0.916344,-0.802991,-0.120219,0.909924,quasi
712,5.933333,0.030065,0.016538,0.456376,0.889125,-0.941772,-0.169986,0.026397,-0.05878,-0.035619,0.262117,0.962585,-0.496851,-0.037751,0.030064,-0.033299,0.045483,-0.396587,-0.916265,-0.801953,-0.120117,0.91003,quasi
713,5.941667,0.029502,0.016604,0.456487,0.889086,-0.941793,-0.169964,0.026457,-0.058885,-0.035684,0.262009,0.962606,-0.496868,-0.037729,0.030039,-0.033166,0.044926,-0.396809,-0.916201,-0.801176,-0.119995,0.910065,quasi
714,5.95,0.028885,0.016641,0.456581,0.889057,-0.941797,-0.169937,0.026511,-0.059102,-0.035754,0.261871,0.962628,-0.496877,-0.037709,0.030021,-0.033032,0.044694,-0.397085,-0.916097,-0.800337,-0.11987,0.910085,quasi
715,5.958333,0.028238,0.016599,0.456735,0.889,-0.941818,-0.169919,0.026564,-0.059234,-0.035809,0.261716,0.96266,-0.496876,-0.037689,0.03,-0.033741,0.044276,-0.397716,-0.915818,-0.799195,-0.119656,0.910133,quasi
716,5.966667,0.027726,0.016627,0.456823,0.88897,-0.941825,-0.169892,0.026602,-0.059432,-0.03588,0.261656,0.962661,-0.496887,-0.037668,0.029981,-0.03348,0.043809,-0.397834,-0.915799,-0.798475,-0.11955,0.9102,quasi
717,5.975,0.02728,0.016633,0.456949,0.888919,-0.941832,-0.169873,0.026644,-0.059649,-0.035978,0.261546,0.962674,-0.496897,-0.037645,0.029973,-0.033116,0.043331,-0.398124,-0.915709,-0.797695,-0.119446,0.910321,quasi
718,5.983333,0.026949,0.016652,0.457062,0.88887,-0.941845,-0.169854,0.02667,-0.059785,-0.036024,0.261457,0.962688,-0.496915,-0.037629,0.029963,-0.033134,0.042598,-0.398041,-0.915779,-0.796751,-0.119343,0.910504,quasi
719,5.991667,0.026668,0.01666,0.457156,0.888831,-0.941851,-0.169847,0.026697,-0.059966,-0.036033,0.261394,0.962694,-0.496924,-0.037613,0.029959,-0.033235,0.043105,-0.398196,-0.915684,-0.795547,-0.119068,0.910361,quasi
720,6.0,0.026532,0.016709,0.457255,0.888783,-0.941857,-0.169836,0.026712,-0.060179,-0.036052,0.261271,0.962713,-0.496939,-0.037598,0.029944,-0.033131,0.042062,-0.39862,-0.915552,-0.794774,-0.119045,0.910486,quasi
721,6.008333,0.026416,0.01672,0.457348,0.888738,-0.941868,-0.169845,0.026731,-0.060377,-0.036227,0.261246,0.962701,-0.496952,-0.03758,0.029942,-0.033059,0.041505,-0.398756,-0.915521,-0.793985,-0.11906,0.910569,quasi
722,6.016667,0.026441,0.01673,0.457422,0.888699,-0.941878,-0.169852,0.026729,-0.060564,-0.036253,0.261175,0.962707,-0.496963,-0.037559,0.029928,-0.03309,0.041796,-0.399,-0.9154,-0.792869,-0.118868,0.910505,quasi
723,6.025,0.026428,0.016721,0.457439,0.888691,-0.941892,-0.16987,0.026734,-0.060739,-0.036271,0.261138,0.962706,-0.496973,-0.037545,0.029928,-0.033067,0.041189,-0.399072,-0.915397,-0.79201,-0.118777,0.910552,quasi
724,6.033333,0.026537,0.01671,0.457494,0.88866,-0.94191,-0.169879,0.02673,-0.061009,-0.036413,0.261111,0.962691,-0.497001,-0.037525,0.029923,-0.033074,0.041276,-0.398955,-0.915444,-0.791013,-0.118629,0.910517,quasi
725,6.041667,0.026669,0.016678,0.457539,0.888633,-0.94192,-0.169884,0.026713,-0.06126,-0.036495,0.261089,0.962677,-0.497025,-0.03751,0.029916,-0.033217,0.040838,-0.399288,-0.915313,-0.790094,-0.118608,0.91062,quasi
726,6.05,0.026761,0.016666,0.45755,0.888625,-0.941921,-0.169897,0.026704,-0.061575,-0.03659,0.261062,0.962661,-0.497042,-0.03749,0.029908,-0.033098,0.04011,-0.399403,-0.915299,-0.78907,-0.118529,0.910643,quasi
727,6.058333,0.026294,0.01689,0.458038,0.888383,-0.941832,-0.169716,0.026706,-0.061703,-0.036617,0.261027,0.962661,-0.497068,-0.037479,0.029906,-0.032904,0.040425,-0.399558,-0.915225,-0.788032,-0.118446,0.910568,quasi
728,6.066667,0.026397,0.016941,0.458112,0.888341,-0.941835,-0.169725,0.026696,-0.061812,-0.036703,0.261032,0.96265,-0.497088,-0.037472,0.029904,-0.033055,0.040007,-0.399731,-0.915162,-0.787059,-0.118454,0.910671,quasi
729,6.075,0.026642,0.016948,0.458123,0.888328,-0.941853,-0.169744,0.026683,-0.061916,-0.036691,0.261054,0.962637,-0.497104,-0.03747,0.029907,-0.032854,0.038649,-0.40011,-0.915062,-0.786174,-0.11843,0.910791,quasi
730,6.083333,0.02693,0.017126,0.458129,0.888313,-0.941853,-0.169757,0.026675,-0.061944,-0.036758,0.261087,0.962624,-0.497124,-0.037465,0.029904,-0.03284,0.039152,-0.399985,-0.915096,-0.784949,-0.118361,0.910734,quasi
731,6.091667,0.02716,0.017174,0.458178,0.888279,-0.941855,-0.169773,0.026667,-0.061994,-0.036718,0.261036,0.962636,-0.497144,-0.037474,0.0299,-0.032794,0.037961,-0.400425,-0.914956,-0.78402,-0.11836,0.910797,quasi
732,6.1,0.027302,0.017215,0.458119,0.888305,-0.941874,-0.169799,0.026675,-0.062247,-0.036847,0.260823,0.962673,-0.497163,-0.037498,0.029895,-0.032387,0.038495,-0.400184,-0.915053,-0.782659,-0.118148,0.910566,quasi
733,6.108333,0.027448,0.017308,0.458111,0.888302,-0.941882,-0.169823,0.026675,-0.062338,-0.036972,0.260765,0.962678,-0.497175,-0.037517,0.029902,-0.032298,0.037501,-0.400537,-0.914943,-0.781778,-0.118192,0.910647,quasi
734,6.116667,0.027544,0.017335,0.458134,0.888287,-0.941894,-0.169834,0.026669,-0.06232,-0.036996,0.260803,0.962668,-0.497183,-0.037517,0.029907,-0.032244,0.037494,-0.400661,-0.914891,-0.780558,-0.118148,0.910582,quasi
735,6.125,0.027653,0.017365,0.45814,0.88828,-0.941915,-0.169856,0.026668,-0.062121,-0.036725,0.26097,0.962646,-0.497205,-0.037506,0.0299,-0.032218,0.03676,-0.400967,-0.914788,-0.779533,-0.118105,0.910615,quasi
736,6.133333,0.027721,0.017434,0.458114,0.88829,-0.941925,-0.169859,0.02667,-0.062205,-0.036858,0.260977,0.962633,-0.497207,-0.037512,0.029903,-0.032171,0.036825,-0.400985,-0.914779,-0.778303,-0.117967,0.910519,quasi
737,6.141667,0.027814,0.017506,0.458143,0.888271,-0.941934,-0.169872,0.026666,-0.062234,-0.037022,0.260911,0.962643,-0.497219,-0.037522,0.029903,-0.032098,0.036103,-0.401426,-0.914616,-0.777328,-0.118079,0.910551,quasi
738,6.15,0.027936,0.017581,0.458159,0.888257,-0.941945,-0.16988,0.026673,-0.062238,-0.037092,0.260913,0.96264,-0.497227,-0.03752,0.029907,-0.031906,0.036038,-0.401406,-0.914635,-0.776099,-0.118005,0.910421,quasi
739,6.158333,0.028104,0.017736,0.458209,0.888223,-0.941951,-0.169889,0.026674,-0.062409,-0.036787,0.260939,0.962633,-0.49722,-0.03752,0.029952,-0.03188,0.03515,-0.40186,-0.914471,-0.775061,-0.118093,0.910467,quasi
740,6.166667,0.02816,0.017875,0.458273,0.888185,-0.941952,-0.169896,0.026675,-0.062187,-0.035819,0.260799,0.962722,-0.497234,-0.037525,0.029933,-0.031593,0.03501,-0.401975,-0.914436,-0.773901,-0.118065,0.910335,quasi
741,6.175,0.028367,0.018022,0.45832,0.888152,-0.941964,-0.169909,0.026674,-0.061784,-0.035248,0.260889,0.962745,-0.497209,-0.037512,0.029961,-0.031581,0.034065,-0.402393,-0.914288,-0.772757,-0.118122,0.910342,quasi
742,6.183333,0.028602,0.018232,0.458359,0.888119,-0.941964,-0.169916,0.026683,-0.061317,-0.0348,0.261131,0.962725,-0.497115,-0.037489,0.030051,-0.031541,0.032772,-0.402871,-0.914126,-0.771699,-0.118186,0.910382,quasi
743,6.191667,0.029546,0.018519,0.459239,0.887628,-0.941844,-0.169852,0.026574,-0.06055,-0.034459,0.261182,0.962772,-0.49704,-0.037502,0.030063,-0.031099,0.03229,-0.403286,-0.913975,-0.770248,-0.118218,0.910263,quasi
744,6.2,0.029866,0.018752,0.459307,0.887577,-0.941851,-0.169866,0.026553,-0.060037,-0.034383,0.261153,0.962815,-0.497023,-0.037544,0.030093,-0.0312,0.030645,-0.404289,-0.913585,-0.76934,-0.11845,0.910363,quasi
745,6.208333,0.03007,0.018952,0.459326,0.887556,-0.941867,-0.169892,0.026544,-0.05919,-0.034503,0.261208,0.962848,-0.497061,-0.037604,0.030132,-0.03049,0.031034,-0.40403,-0.91371,-0.767804,-0.11832,0.910173,quasi
746,6.216667,0.030374,0.019167,0.459363,0.887522,-0.941877,-0.169911,0.026528,-0.058944,-0.034663,0.261161,0.96287,-0.497109,-0.037661,0.030241,-0.030081,0.03016,-0.40487,-0.913382,-0.766377,-0.118463,0.910093,quasi
747,6.225,0.030574,0.019368,0.459406,0.887489,-0.941895,-0.169937,0.026519,-0.059139,-0.034971,0.261057,0.962875,-0.497147,-0.037718,0.030375,-0.029625,0.029696,-0.404852,-0.91342,-0.765046,-0.118343,0.909981,quasi
748,6.233333,0.03079,0.019624,0.459437,0.88746,-0.941913,-0.169965,0.026513,-0.059124,-0.035208,0.261002,0.962883,-0.497194,-0.03777,0.030511,-0.02956,0.029252,-0.40501,-0.913366,-0.763575,-0.118374,0.909928,quasi
749,6.241667,0.031007,0.019936,0.459441,0.887443,-0.941932,-0.16999,0.026511,-0.058905,-0.035847,0.260938,0.96289,-0.497275,-0.037829,0.030619,-0.028921,0.028857,-0.40517,-0.913328,-0.761868,-0.118195,0.909755,quasi
750,6.25,0.031033,0.020233,0.459445,0.887433,-0.941957,-0.170025,0.026527,-0.058758,-0.036592,0.26067,0.962943,-0.497366,-0.037916,0.030729,-0.029004,0.028218,-0.405311,-0.913283,-0.760487,-0.118205,0.909835,quasi
751,6.258333,0.031076,0.020598,0.459385,0.887455,-0.941985,-0.170054,0.026552,-0.058449,-0.038181,0.260342,0.962989,-0.497479,-0.038027,0.030857,-0.028436,0.027752,-0.405314,-0.913314,-0.758781,-0.118118,0.90967,quasi
752,6.266667,0.030973,0.021015,0.459366,0.887458,-0.941997,-0.170078,0.026604,-0.0588,-0.039747,0.259683,0.963082,-0.497574,-0.038166,0.030998,-0.027893,0.028569,-0.404706,-0.913575,-0.756828,-0.11774,0.909406,quasi
753,6.275,0.030763,0.021554,0.459329,0.887472,-0.942005,-0.17011,0.026679,-0.058868,-0.041267,0.259258,0.963129,-0.497634,-0.038261,0.031139,-0.027697,0.028448,-0.404934,-0.913484,-0.754956,-0.117683,0.909375,quasi
754,6.283333,0.030536,0.022223,0.459383,0.887435,-0.941997,-0.170122,0.026777,-0.059112,-0.042443,0.258758,0.963197,-0.497678,-0.03837,0.031302,-0.027566,0.027216,-0.40555,-0.913252,-0.753291,-0.117613,0.909393,quasi
755,6.291667,0.030109,0.022978,0.459485,0.887377,-0.941981,-0.170123,0.026901,-0.059711,-0.044164,0.257946,0.963301,-0.497705,-0.038565,0.03142,-0.027287,0.027324,-0.405582,-0.913242,-0.751252,-0.117446,0.909321,quasi
756,6.3,0.028923,0.023932,0.459059,0.887612,-0.942034,-0.17014,0.02715,-0.060207,-0.045279,0.256595,0.963579,-0.497663,-0.038814,0.031506,-0.027342,0.027591,-0.40562,-0.913216,-0.749307,-0.117357,0.909312,quasi
757,6.308333,0.028089,0.02488,0.459222,0.887529,-0.942016,-0.170135,0.027335,-0.061109,-0.046171,0.254528,0.964028,-0.497541,-0.039169,0.031572,-0.027374,0.025949,-0.406137,-0.913033,-0.747353,-0.117275,0.909496,quasi
758,6.316667,0.027123,0.025892,0.459228,0.887527,-0.941999,-0.170138,0.027576,-0.061473,-0.046449,0.252082,0.964634,-0.497372,-0.039561,0.031571,-0.027156,0.02591,-0.40636,-0.912942,-0.745234,-0.11712,0.909469,quasi
759,6.325,0.025961,0.0271,0.459441,0.887415,-0.941937,-0.170116,0.027845,-0.061593,-0.04698,0.250137,0.965107,-0.497243,-0.039908,0.031588,-0.026723,0.025827,-0.406374,-0.912951,-0.742932,-0.116834,0.909518,quasi
760,6.333333,0.024946,0.02851,0.459655,0.887289,-0.941858,-0.170062,0.028116,-0.061814,-0.047729,0.248878,0.965381,-0.497166,-0.040167,0.031612,-0.026271,0.02553,-0.406873,-0.91275,-0.740674,-0.116658,0.909498,quasi
761,6.341667,0.023746,0.029596,0.46023,0.886989,-0.941716,-0.170017,0.028364,-0.061968,-0.048119,0.248522,0.965444,-0.497121,-0.040283,0.031599,-0.025767,0.025938,-0.406799,-0.912786,-0.738233,-0.116337,0.909428,quasi
762,6.35,0.021784,0.031537,0.460133,0.887022,-0.941658,-0.16998,0.028816,-0.062002,-0.048292,0.249012,0.965306,-0.497115,-0.040249,0.031574,-0.025913,0.025335,-0.407509,-0.912482,-0.736032,-0.116269,0.909607,quasi
763,6.358333,0.019841,0.033109,0.46015,0.887002,-0.941591,-0.169956,0.029216,-0.062682,-0.048195,0.249912,0.965035,-0.497122,-0.040121,0.031526,-0.02577,0.025097,-0.407907,-0.912315,-0.733528,-0.116036,0.909745,quasi
764,6.366667,0.018071,0.03497,0.460396,0.88684,-0.941461,-0.169859,0.029614,-0.062609,-0.048775,0.25061,0.96483,-0.497177,-0.040015,0.031449,-0.024955,0.02531,-0.407458,-0.912532,-0.730738,-0.115453,0.909791,quasi
765,6.375,0.016507,0.036505,0.460983,0.886504,-0.941257,-0.169751,0.029948,-0.062052,-0.048857,0.25081,0.964809,-0.497172,-0.039979,0.031366,-0.024822,0.024954,-0.407527,-0.912515,-0.728301,-0.115158,0.909992,quasi
766,6.383333,0.014247,0.03909,0.461023,0.886412,-0.941139,-0.169664,0.030508,-0.061472,-0.047987,0.250503,0.96497,-0.497093,-0.040005,0.031288,-0.024608,0.025772,-0.407879,-0.91234,-0.725359,-0.114724,0.910093,quasi
767,6.391667,0.012139,0.041335,0.461154,0.886274,-0.941033,-0.16958,0.031032,-0.061,-0.047393,0.250403,0.965055,-0.496991,-0.040039,0.031286,-0.024233,0.025398,-0.40817,-0.912231,-0.722732,-0.114402,0.910347,quasi
768,6.4,0.010103,0.04394,0.461264,0.886117,-0.940886,-0.169462,0.031591,-0.060415,-0.046875,0.25054,0.965082,-0.496907,-0.040057,0.031263,-0.023998,0.0251,-0.408501,-0.912097,-0.720024,-0.114112,0.910592,quasi
769,6.408333,0.008194,0.046594,0.461633,0.885809,-0.94068,-0.169304,0.032152,-0.059855,-0.046237,0.250716,0.965102,-0.496824,-0.040054,0.03122,-0.024161,0.02534,-0.408706,-0.911994,-0.717141,-0.113633,0.910838,quasi
770,6.416667,-0.001489,0.048424,0.457354,0.887964,-0.941358,-0.169903,0.033389,-0.059031,-0.045925,0.250886,0.965123,-0.496769,-0.040056,0.031151,-0.023328,0.024539,-0.408214,-0.912258,-0.714321,-0.11305,0.911189,quasi
771,6.425,-0.002555,0.052344,0.455916,0.888478,-0.94151,-0.16984,0.034269,-0.058528,-0.045246,0.250848,0.965196,-0.496693,-0.040077,0.031068,-0.022544,0.025034,-0.40741,-0.912624,-0.711293,-0.112482,0.911337,quasi
772,6.433333,-0.006671,0.05455,0.456789,0.887876,-0.941111,-0.169742,0.03483,-0.057713,-0.044505,0.250719,0.965313,-0.49658,-0.040122,0.030989,-0.021605,0.023662,-0.407655,-0.912574,-0.708678,-0.112276,0.911868,quasi
773,6.441667,-0.009297,0.05795,0.456717,0.887674,-0.940897,-0.169568,0.035549,-0.056746,-0.043778,0.250531,0.965452,-0.49647,-0.040207,0.030911,-0.021348,0.022775,-0.407453,-0.912693,-0.705679,-0.112204,0.912381,quasi
774,6.45,-0.012365,0.061574,0.456865,0.887317,-0.940649,-0.169447,0.036385,-0.055569,-0.043016,0.250516,0.965559,-0.496348,-0.040309,0.030841,-0.020065,0.022721,-0.406551,-0.913125,-0.70245,-0.111669,0.912631,quasi
775,6.458333,-0.01281,0.067606,0.455727,0.887456,-0.940512,-0.169145,0.03748,-0.054307,-0.042108,0.250475,0.965681,-0.496205,-0.040406,0.030757,-0.019349,0.022234,-0.406431,-0.913206,-0.699435,-0.111362,0.91298,quasi
776,6.466667,-0.014849,0.073013,0.455831,0.886942,-0.940095,-0.168829,0.038541,-0.053265,-0.041255,0.250505,0.965768,-0.496049,-0.040511,0.030658,-0.018219,0.021587,-0.406659,-0.913143,-0.696334,-0.110959,0.913473,quasi
777,6.475,-0.015735,0.078789,0.456107,0.886291,-0.939596,-0.168334,0.039727,-0.051305,-0.040551,0.250523,0.965899,-0.495912,-0.040635,0.030511,-0.018252,0.022415,-0.406,-0.913416,-0.692915,-0.110338,0.913971,quasi
778,6.483333,-0.019836,0.084057,0.455916,0.885822,-0.939246,-0.168251,0.040855,-0.050264,-0.039694,0.250499,0.965996,-0.495769,-0.040746,0.030444,-0.017997,0.023544,-0.406342,-0.91324,-0.689112,-0.109823,0.914775,quasi
779,6.491667,-0.021739,0.090753,0.456237,0.884951,-0.938723,-0.16777,0.042144,-0.049394,-0.039264,0.250481,0.966063,-0.495636,-0.04087,0.030407,-0.017936,0.023446,-0.406306,-0.91326,-0.685995,-0.10939,0.91529,quasi
780,6.5,-0.025345,0.097472,0.456294,0.884111,-0.937944,-0.167423,0.0435,-0.048248,-0.038709,0.250616,0.966108,-0.495528,-0.040978,0.030354,-0.018282,0.023572,-0.405454,-0.913629,-0.682806,-0.108644,0.915761,quasi
781,6.508333,-0.030004,0.104003,0.45643,0.883151,-0.937514,-0.167085,0.045059,-0.047114,-0.038092,0.250853,0.966127,-0.495437,-0.041073,0.030311,-0.018637,0.024574,-0.405383,-0.913627,-0.679523,-0.108027,0.916489,quasi
782,6.516667,-0.031576,0.112212,0.455751,0.882441,-0.936916,-0.166437,0.046956,-0.045683,-0.037198,0.25105,0.96618,-0.495366,-0.041164,0.030223,-0.018532,0.024916,-0.405497,-0.913569,-0.676199,-0.107466,0.917185,quasi
783,6.525,-0.039099,0.119703,0.457482,0.880257,-0.935458,-0.165511,0.049251,-0.044754,-0.03663,0.251315,0.966176,-0.495302,-0.041228,0.030195,-0.018081,0.025276,-0.40533,-0.913642,-0.67277,-0.106905,0.917818,quasi
784,6.533333,-0.043989,0.128768,0.457727,0.878618,-0.934664,-0.164892,0.051333,-0.044574,-0.036203,0.251607,0.966125,-0.495227,-0.041294,0.030247,-0.018187,0.02621,-0.404879,-0.913813,-0.669337,-0.106347,0.918427,quasi
785,6.541667,-0.048062,0.139171,0.45718,0.877102,-0.933357,-0.164194,0.053551,-0.043131,-0.035642,0.252079,0.966088,-0.495204,-0.041315,0.030181,-0.018225,0.0261,-0.405182,-0.913682,-0.666049,-0.10603,0.919241,quasi
786,6.55,-0.057895,0.149677,0.457528,0.874593,-0.931526,-0.162859,0.056879,-0.042208,-0.035457,0.252612,0.965996,-0.49519,-0.041362,0.030146,-0.017799,0.026701,-0.40475,-0.913864,-0.662642,-0.105547,0.919841,quasi
787,6.558333,-0.063754,0.15966,0.458052,0.872142,-0.930279,-0.162179,0.059229,-0.040748,-0.035226,0.253136,0.96593,-0.495188,-0.041407,0.030112,-0.017778,0.026242,-0.405135,-0.913707,-0.659496,-0.105362,0.920708,quasi
788,6.566667,-0.067808,0.17163,0.456921,0.870154,-0.929239,-0.16134,0.061748,-0.038736,-0.035146,0.253937,0.965805,-0.495232,-0.041422,0.030102,-0.017495,0.027342,-0.405567,-0.913489,-0.655988,-0.105149,0.921639,quasi
789,6.575,-0.075884,0.181547,0.465899,0.862682,-0.927532,-0.16012,0.065118,-0.03815,-0.034771,0.254792,0.965617,-0.495239,-0.041439,0.030126,-0.017184,0.026509,-0.405068,-0.913741,-0.652867,-0.104976,0.922201,quasi
790,6.583333,-0.079395,0.203264,0.460678,0.860323,-0.925305,-0.158602,0.068049,-0.037241,-0.03438,0.25548,0.965485,-0.495234,-0.041464,0.030162,-0.017391,0.026607,-0.405621,-0.913488,-0.649687,-0.104847,0.923039,quasi
791,6.591667,-0.091035,0.221714,0.458647,0.855686,-0.923045,-0.157241,0.070522,-0.035994,-0.033941,0.255887,0.96544,-0.495229,-0.041536,0.030164,-0.0167,0.027083,-0.404921,-0.913798,-0.646757,-0.104327,0.923543,quasi
792,6.6,-0.096667,0.239137,0.453899,0.852904,-0.921109,-0.155266,0.073245,-0.034601,-0.033622,0.256233,0.96541,-0.495231,-0.041615,0.030139,-0.015937,0.027901,-0.40526,-0.913637,-0.643718,-0.103967,0.92428,quasi
793,6.608333,-0.099042,0.257284,0.449002,0.849937,-0.918891,-0.153169,0.07616,-0.033349,-0.033557,0.25655,0.965373,-0.495231,-0.04169,0.030136,-0.016393,0.027745,-0.40612,-0.913251,-0.640839,-0.103979,0.924997,quasi
794,6.616667,-0.112436,0.265913,0.452111,0.843946,-0.915773,-0.149968,0.079938,-0.032051,-0.033648,0.256903,0.96532,-0.495218,-0.041763,0.030108,-0.016221,0.028295,-0.406273,-0.91317,-0.63808,-0.103627,0.925579,quasi
795,6.625,-0.114833,0.278801,0.449773,0.840707,-0.913143,-0.147238,0.083443,-0.031257,-0.033681,0.25736,0.965223,-0.49521,-0.041816,0.030124,-0.016183,0.02869,-0.406622,-0.913002,-0.635396,-0.103327,0.926139,quasi
796,6.633333,-0.114155,0.290456,0.446402,0.838647,-0.910404,-0.143972,0.087269,-0.030381,-0.033676,0.257757,0.965145,-0.49519,-0.041856,0.030111,-0.016789,0.028958,-0.407024,-0.912804,-0.632886,-0.102974,0.926691,quasi
797,6.641667,-0.115561,0.301381,0.442794,0.83651,-0.907488,-0.140895,0.090937,-0.029757,-0.033487,0.258044,0.965094,-0.495173,-0.041893,0.030075,-0.018222,0.028708,-0.407426,-0.912605,-0.6305,-0.102876,0.927056,quasi
798,6.65,-0.110457,0.315514,0.436746,0.835167,-0.904638,-0.138027,0.094461,-0.029321,-0.033295,0.258283,0.96505,-0.495162,-0.041932,0.030022,-0.017472,0.030181,-0.40855,-0.912069,-0.627654,-0.102206,0.927791,quasi
799,6.658333,-0.108286,0.328065,0.430668,0.83377,-0.901052,-0.135084,0.098002,-0.028992,-0.033119,0.258483,0.965013,-0.495158,-0.041978,0.029934,-0.018359,0.03083,-0.408621,-0.911999,-0.62526,-0.101748,0.928126,quasi
800,6.666667,-0.106608,0.33787,0.425935,0.832501,-0.896869,-0.13168,0.101525,-0.028792,-0.032926,0.258667,0.964976,-0.495168,-0.042026,0.029841,-0.018123,0.031112,-0.409139,-0.911761,-0.622559,-0.10104,0.928645,quasi
801,6.675,-0.106903,0.341763,0.423546,0.832093,-0.891666,-0.127436,0.105193,-0.024526,-0.030123,0.256804,0.965683,-0.495447,-0.041765,0.029719,-0.019429,0.032051,-0.409206,-0.911672,-0.620044,-0.10035,0.9291,quasi
802,6.683333,-0.113335,0.344121,0.42579,0.829119,-0.886417,-0.122961,0.108371,-0.024179,-0.029876,0.256993,0.965649,-0.495459,-0.041802,0.029638,-0.0205,0.033112,-0.408921,-0.911739,-0.617537,-0.099641,0.929384,quasi
803,6.691667,-0.116794,0.340789,0.430888,0.82738,-0.880776,-0.117786,0.111426,-0.023967,-0.029583,0.257039,0.965651,-0.495459,-0.041821,0.029603,-0.021721,0.033596,-0.408916,-0.911695,-0.615167,-0.098957,0.929775,quasi
804,6.7,-0.115453,0.336584,0.43385,0.827742,-0.874482,-0.112303,0.113688,-0.023796,-0.029315,0.257141,0.965636,-0.495442,-0.041862,0.029562,-0.025051,0.034887,-0.408732,-0.911643,-0.612854,-0.098292,0.930017,quasi
805,6.708333,-0.111613,0.330137,0.436339,0.829554,-0.867639,-0.106191,0.115455,-0.025067,-0.029019,0.257833,0.965428,-0.495337,-0.041995,0.029618,-0.023084,0.036159,-0.407779,-0.912072,-0.610681,-0.096415,0.930576,quasi
806,6.716667,-0.105301,0.323607,0.437666,0.832249,-0.860072,-0.099615,0.116599,-0.023542,-0.02929,0.257748,0.965481,-0.49542,-0.04193,0.029452,-0.027403,0.037143,-0.40722,-0.912163,-0.608057,-0.096274,0.930568,quasi
807,6.725,-0.099388,0.317738,0.437223,0.835464,-0.85215,-0.09308,0.11705,-0.022075,-0.027877,0.257425,0.965644,-0.495405,-0.041954,0.029466,-0.029008,0.037872,-0.405247,-0.912962,-0.605624,-0.095241,0.930888,quasi
808,6.733333,-0.096835,0.309621,0.438009,0.838395,-0.843836,-0.086067,0.117219,-0.02077,-0.027222,0.257271,0.965733,-0.495387,-0.041983,0.029403,-0.02781,0.038862,-0.40332,-0.91381,-0.603458,-0.093605,0.931394,quasi
809,6.741667,-0.091558,0.30333,0.437061,0.841775,-0.835435,-0.079004,0.116543,-0.01941,-0.026576,0.257192,0.9658,-0.495355,-0.042028,0.029379,-0.030185,0.039239,-0.401091,-0.914699,-0.601487,-0.092864,0.931673,quasi
810,6.75,-0.087557,0.292801,0.436468,0.846225,-0.826413,-0.071537,0.115812,-0.019499,-0.026405,0.257315,0.96577,-0.495275,-0.042147,0.029346,-0.032762,0.040463,-0.400195,-0.91495,-0.599566,-0.092097,0.932226,quasi
811,6.758333,-0.084284,0.282879,0.434856,0.85075,-0.816981,-0.063901,0.114543,-0.019094,-0.026458,0.257687,0.965677,-0.495173,-0.042245,0.029412,-0.033702,0.039631,-0.397403,-0.916168,-0.597342,-0.091188,0.932565,quasi
812,6.766667,-0.083769,0.273782,0.436458,0.852954,-0.807434,-0.055895,0.112946,-0.018106,-0.026271,0.258091,0.965594,-0.495088,-0.042323,0.029453,-0.035734,0.040549,-0.396045,-0.916639,-0.595177,-0.090273,0.933024,quasi
813,6.775,-0.083737,0.261019,0.43678,0.856785,-0.797253,-0.04767,0.111221,-0.017344,-0.026234,0.258658,0.965457,-0.494956,-0.042422,0.029533,-0.036684,0.039872,-0.394283,-0.917391,-0.593305,-0.089263,0.933657,quasi
814,6.783333,-0.084145,0.250172,0.436952,0.859887,-0.787402,-0.039872,0.108932,-0.016228,-0.025837,0.258917,0.965417,-0.494852,-0.042475,0.029581,-0.038334,0.040699,-0.393293,-0.917712,-0.591262,-0.088353,0.934059,quasi
815,6.791667,-0.072437,0.240362,0.432698,0.865882,-0.776728,-0.031251,0.10661,-0.014679,-0.02541,0.258842,0.965474,-0.494776,-0.042522,0.029591,-0.038942,0.040111,-0.391417,-0.918513,-0.589226,-0.087225,0.934524,quasi
816,6.8,-0.068363,0.227732,0.433243,0.869348,-0.766539,-0.023313,0.10359,-0.014493,-0.024793,0.258579,0.965563,-0.494696,-0.042623,0.029568,-0.040783,0.040479,-0.390842,-0.918663,-0.587402,-0.086349,0.935032,quasi
817,6.808333,-0.07629,0.214435,0.437289,0.870044,-0.755608,-0.014205,0.101359,-0.013872,-0.024324,0.258481,0.96561,-0.49463,-0.042701,0.029566,-0.040922,0.040123,-0.389542,-0.919224,-0.585445,-0.085096,0.935436,quasi
818,6.816667,-0.093423,0.200348,0.446704,0.866942,-0.743879,-0.003927,0.09939,-0.013063,-0.023996,0.258599,0.965598,-0.494567,-0.042763,0.029585,-0.042137,0.040431,-0.389055,-0.919362,-0.583494,-0.084096,0.935812,quasi
819,6.825,-0.095096,0.188184,0.45153,0.866985,-0.733197,0.00473,0.096346,-0.012098,-0.023816,0.258509,0.96564,-0.494525,-0.042827,0.029604,-0.042823,0.04031,-0.388261,-0.919671,-0.581546,-0.08286,0.936172,quasi
820,6.833333,-0.087744,0.176135,0.453026,0.869508,-0.722537,0.014385,0.093091,-0.011294,-0.02354,0.25879,0.965581,-0.494493,-0.04286,0.029556,-0.043504,0.040541,-0.3878,-0.919823,-0.579655,-0.081661,0.936427,quasi
821,6.841667,-0.084739,0.163992,0.455019,0.871139,-0.711553,0.024164,0.090039,-0.010318,-0.023088,0.259153,0.965505,-0.49449,-0.042877,0.029501,-0.044064,0.040242,-0.387365,-0.919993,-0.577709,-0.080405,0.936725,quasi
822,6.85,-0.080519,0.151475,0.456506,0.873026,-0.700788,0.034051,0.086951,-0.009556,-0.022097,0.259582,0.965421,-0.494501,-0.042965,0.029509,-0.043961,0.039338,-0.386776,-0.920285,-0.575796,-0.079086,0.937001,quasi
823,6.858333,-0.064381,0.139446,0.455413,0.876931,-0.690779,0.04427,0.083421,-0.010053,-0.023036,0.259257,0.965481,-0.49436,-0.042958,0.029557,-0.044658,0.039862,-0.386624,-0.920293,-0.573968,-0.077857,0.937244,quasi
824,6.866667,-0.046439,0.129336,0.452376,0.881176,-0.680314,0.05546,0.080348,-0.009142,-0.022811,0.259241,0.9655,-0.494355,-0.043025,0.029566,-0.044485,0.038938,-0.386331,-0.920464,-0.572006,-0.076593,0.937402,quasi
825,6.875,-0.054947,0.115407,0.460557,0.878379,-0.66934,0.064898,0.077904,-0.00902,-0.022748,0.259465,0.965442,-0.494324,-0.043099,0.029538,-0.045355,0.040284,-0.386327,-0.920365,-0.570597,-0.07516,0.937666,quasi
826,6.883333,-0.049602,0.10374,0.458911,0.88101,-0.658864,0.074473,0.075326,-0.008519,-0.022189,0.259177,0.965537,-0.494334,-0.043101,0.029526,-0.045142,0.039872,-0.386739,-0.92022,-0.56859,-0.073419,0.937548,quasi
827,6.891667,-0.042232,0.094201,0.462998,0.880327,-0.648365,0.084835,0.072944,-0.007917,-0.021857,0.259538,0.965453,-0.494328,-0.043098,0.029491,-0.045809,0.040359,-0.386362,-0.920325,-0.567115,-0.072141,0.937689,quasi
828,6.9,-0.0375,0.083452,0.463555,0.881332,-0.638006,0.094931,0.070841,-0.007673,-0.021657,0.259672,0.965424,-0.494313,-0.043128,0.02946,-0.046414,0.040645,-0.385967,-0.920447,-0.565575,-0.070957,0.937846,quasi
829,6.908333,-0.037976,0.068768,0.463384,0.882669,-0.627361,0.105546,0.069702,-0.008711,-0.021039,0.26024,0.965275,-0.494297,-0.043318,0.029518,-0.042856,0.039379,-0.387094,-0.920202,-0.564422,-0.069621,0.937007,quasi
830,6.916667,-0.034552,0.059376,0.462644,0.883879,-0.617459,0.115573,0.067983,-0.009092,-0.020672,0.259854,0.965384,-0.494313,-0.043411,0.029442,-0.043334,0.039738,-0.386284,-0.920504,-0.562985,-0.068402,0.936995,quasi
831,6.925,-0.028942,0.052136,0.461431,0.88517,-0.607828,0.125429,0.066233,-0.009808,-0.020149,0.259781,0.965408,-0.494314,-0.043486,0.029483,-0.043251,0.040813,-0.385249,-0.920895,-0.56136,-0.067006,0.936828,quasi
832,6.933333,-0.026128,0.041952,0.458937,0.887093,-0.597802,0.135248,0.064997,-0.009332,-0.019545,0.259891,0.965395,-0.494312,-0.043508,0.029545,-0.044458,0.041299,-0.385315,-0.920788,-0.559967,-0.065971,0.93709,quasi
833,6.941667,-0.023311,0.03339,0.45657,0.888755,-0.587966,0.145072,0.063964,-0.008948,-0.019495,0.259854,0.96541,-0.494335,-0.04349,0.029521,-0.045089,0.041661,-0.384614,-0.921034,-0.558629,-0.064675,0.937335,quasi
834,6.95,-0.019997,0.025647,0.454696,0.890053,-0.578801,0.154508,0.062687,-0.00864,-0.019493,0.259776,0.965433,-0.494357,-0.043481,0.029496,-0.044948,0.042168,-0.383186,-0.921613,-0.556961,-0.063436,0.937094,quasi
835,6.958333,-0.0193,0.016821,0.45174,0.891782,-0.569489,0.164091,0.06207,-0.008668,-0.019306,0.259693,0.965459,-0.494365,-0.043492,0.029475,-0.04503,0.043166,-0.38203,-0.922042,-0.55543,-0.062139,0.936914,quasi
836,6.966667,-0.017313,0.009116,0.449499,0.893066,-0.560585,0.173322,0.061376,-0.008825,-0.019309,0.25957,0.965491,-0.494359,-0.04349,0.029455,-0.045347,0.043389,-0.381174,-0.92237,-0.553952,-0.061024,0.936962,quasi
837,6.975,-0.016495,0.001139,0.446732,0.894515,-0.551701,0.182428,0.060967,-0.009102,-0.01928,0.259527,0.965501,-0.49434,-0.043517,0.02946,-0.046195,0.044968,-0.380396,-0.922574,-0.552388,-0.059721,0.937096,quasi
838,6.983333,-0.016597,-0.004883,0.444283,0.895719,-0.543139,0.191438,0.060805,-0.008373,-0.018689,0.259596,0.9655,-0.494217,-0.04362,0.029519,-0.045664,0.045372,-0.379332,-0.923019,-0.550789,-0.058464,0.936808,quasi
839,6.991667,-0.016823,-0.009641,0.442867,0.896378,-0.534838,0.200177,0.0605,-0.008614,-0.019076,0.258622,0.965752,-0.494022,-0.043478,0.029524,-0.04576,0.046598,-0.378029,-0.923487,-0.54936,-0.057282,0.936549,quasi
840,7.0,-0.017763,-0.014053,0.441294,0.897077,-0.526748,0.208664,0.060188,-0.00906,-0.020486,0.257671,0.965973,-0.493879,-0.043311,0.029539,-0.045964,0.047094,-0.377095,-0.923834,-0.547704,-0.056072,0.93653,quasi
841,7.008333,-0.017177,-0.014357,0.441901,0.896784,-0.519126,0.217013,0.059588,-0.010156,-0.021399,0.257306,0.96604,-0.493834,-0.043261,0.029566,-0.046202,0.046388,-0.375841,-0.924368,-0.546165,-0.055061,0.936371,quasi
842,7.016667,-0.017393,-0.017298,0.441124,0.897111,-0.511457,0.225191,0.059506,-0.01064,-0.021661,0.257014,0.966106,-0.493855,-0.043192,0.029533,-0.046188,0.047692,-0.374576,-0.924816,-0.544675,-0.053787,0.936109,quasi
843,7.025,-0.017341,-0.02001,0.439463,0.897871,-0.503681,0.23296,0.059586,-0.011224,-0.022245,0.256817,0.966139,-0.493837,-0.04307,0.029496,-0.046293,0.048249,-0.373515,-0.925211,-0.543266,-0.052753,0.935787,quasi
844,7.033333,-0.018401,-0.021711,0.43972,0.897684,-0.496572,0.24064,0.059365,-0.012073,-0.022505,0.256635,0.966171,-0.493857,-0.042981,0.02946,-0.046171,0.049187,-0.372239,-0.925682,-0.541657,-0.051544,0.935451,quasi
845,7.041667,-0.019502,-0.026703,0.43709,0.89881,-0.488915,0.247893,0.060017,-0.013226,-0.022831,0.256425,0.966204,-0.493892,-0.04285,0.029418,-0.045816,0.049205,-0.370677,-0.926325,-0.53981,-0.050422,0.935052,quasi
846,7.05,-0.021396,-0.031534,0.435891,0.899192,-0.481956,0.254912,0.060506,-0.016286,-0.022465,0.256291,0.966201,-0.494146,-0.042855,0.029159,-0.045963,0.050213,-0.369351,-0.926793,-0.53839,-0.049351,0.934731,quasi
847,7.058333,-0.022947,-0.034043,0.435246,0.899375,-0.474905,0.261916,0.060899,-0.015836,-0.022657,0.256145,0.966243,-0.494259,-0.042601,0.029064,-0.046352,0.05105,-0.368594,-0.92703,-0.536818,-0.04834,0.934502,quasi
848,7.066667,-0.025191,-0.03662,0.435281,0.899197,-0.468294,0.268723,0.061235,-0.017442,-0.022264,0.256201,0.96621,-0.494215,-0.042446,0.029048,-0.046863,0.05068,-0.368403,-0.9271,-0.535411,-0.04729,0.934606,quasi
849,7.075,-0.025105,-0.038425,0.434723,0.899394,-0.461823,0.275016,0.061431,-0.019016,-0.02313,0.256212,0.966157,-0.494269,-0.042463,0.028959,-0.046157,0.051454,-0.367344,-0.927513,-0.533601,-0.045953,0.934239,quasi
850,7.083333,-0.02693,-0.041281,0.435218,0.898975,-0.455729,0.281671,0.062161,-0.020827,-0.022971,0.256236,0.966117,-0.494294,-0.042435,0.028903,-0.047032,0.052538,-0.366058,-0.927917,-0.53235,-0.045011,0.933985,quasi
851,7.091667,-0.028015,-0.042699,0.434756,0.899099,-0.449762,0.28766,0.062558,-0.019884,-0.023233,0.256828,0.965973,-0.494329,-0.042269,0.028937,-0.046728,0.054865,-0.364921,-0.928245,-0.530898,-0.043764,0.933345,quasi
852,7.1,-0.030083,-0.046839,0.435416,0.898507,-0.444401,0.293798,0.063277,-0.018608,-0.023105,0.257203,0.965902,-0.494386,-0.042145,0.028914,-0.046409,0.054555,-0.364181,-0.92857,-0.529228,-0.04247,0.933178,quasi
853,7.108333,-0.028348,-0.044617,0.434343,0.899195,-0.438617,0.299347,0.063301,-0.018932,-0.022987,0.257293,0.965874,-0.494393,-0.042062,0.028883,-0.045784,0.055305,-0.363258,-0.928918,-0.527871,-0.041196,0.932884,quasi
854,7.116667,-0.029141,-0.045397,0.433855,0.899366,-0.433548,0.30469,0.063759,-0.019335,-0.023083,0.257147,0.965903,-0.494398,-0.042018,0.02884,-0.044671,0.057099,-0.362488,-0.929165,-0.526264,-0.039867,0.932426,quasi
855,7.125,-0.029508,-0.046042,0.433072,0.899699,-0.428471,0.310141,0.064296,-0.020188,-0.023252,0.256969,0.965929,-0.494417,-0.041969,0.028819,-0.044,0.05778,-0.362286,-0.929233,-0.524939,-0.038434,0.932216,quasi
856,7.133333,-0.031631,-0.045271,0.432806,0.899794,-0.423686,0.315304,0.064655,-0.020706,-0.023382,0.256733,0.965978,-0.494438,-0.041941,0.028787,-0.042706,0.058508,-0.361595,-0.929517,-0.523471,-0.036889,0.931895,quasi
857,7.141667,-0.032527,-0.043818,0.432233,0.900109,-0.41913,0.32021,0.064778,-0.0212,-0.023498,0.256614,0.965996,-0.494445,-0.041907,0.028761,-0.042366,0.058193,-0.360412,-0.930012,-0.521795,-0.035635,0.931895,quasi
858,7.15,-0.034935,-0.043728,0.430128,0.901031,-0.414612,0.324698,0.065048,-0.021895,-0.023815,0.256608,0.965974,-0.49451,-0.041859,0.02871,-0.041404,0.059368,-0.359489,-0.930338,-0.520378,-0.034186,0.931481,quasi
859,7.158333,-0.03658,-0.042739,0.428237,0.901914,-0.410384,0.329017,0.065175,-0.022547,-0.023689,0.256595,0.965966,-0.494515,-0.041838,0.02867,-0.040829,0.059054,-0.357779,-0.931042,-0.519025,-0.03288,0.931118,quasi
860,7.166667,-0.040275,-0.040717,0.42645,0.902696,-0.406503,0.332927,0.064968,-0.022799,-0.023499,0.256393,0.966018,-0.494492,-0.041777,0.028694,-0.04036,0.060858,-0.357624,-0.931006,-0.517771,-0.031659,0.930903,quasi
861,7.175,-0.042453,-0.037258,0.424396,0.903713,-0.402755,0.336649,0.064706,-0.023469,-0.023555,0.256212,0.966049,-0.494501,-0.041726,0.028714,-0.040517,0.059122,-0.356111,-0.931691,-0.516181,-0.030378,0.930838,quasi
862,7.183333,-0.046038,-0.033699,0.422255,0.90468,-0.399123,0.340126,0.064414,-0.024071,-0.023748,0.256026,0.966078,-0.494534,-0.041674,0.028694,-0.040656,0.060144,-0.354443,-0.932255,-0.514887,-0.02933,0.930506,quasi
863,7.191667,-0.049623,-0.028576,0.419911,0.905757,-0.395646,0.34334,0.063943,-0.024676,-0.023797,0.255842,0.966111,-0.494552,-0.041621,0.028695,-0.039653,0.060831,-0.353358,-0.932666,-0.513352,-0.027789,0.930196,quasi
864,7.2,-0.054505,-0.023352,0.417254,0.906853,-0.392378,0.346184,0.063288,-0.025509,-0.024125,0.255609,0.966143,-0.494605,-0.04156,0.028652,-0.038647,0.062295,-0.352645,-0.932881,-0.512084,-0.026566,0.929631,quasi
865,7.208333,-0.058521,-0.015595,0.415267,0.907682,-0.389416,0.34875,0.062429,-0.026281,-0.024292,0.255453,0.966159,-0.494608,-0.041495,0.02865,-0.038619,0.060962,-0.351428,-0.933429,-0.510868,-0.025496,0.929544,quasi
866,7.216667,-0.063113,-0.007196,0.412933,0.908544,-0.38661,0.350944,0.061318,-0.027274,-0.024435,0.255267,0.966177,-0.494621,-0.041444,0.028645,-0.038308,0.060341,-0.350035,-0.934006,-0.509618,-0.024105,0.929397,quasi
867,7.225,-0.066746,0.002847,0.411036,0.909168,-0.384164,0.352665,0.060107,-0.02792,-0.024607,0.255068,0.966207,-0.494645,-0.041397,0.028631,-0.036458,0.060584,-0.348991,-0.934455,-0.50797,-0.022469,0.928941,quasi
868,7.233333,-0.071407,0.013148,0.409776,0.909292,-0.381908,0.353878,0.058886,-0.028723,-0.024825,0.254887,0.966225,-0.49467,-0.041354,0.02861,-0.035692,0.061559,-0.34784,-0.93485,-0.506669,-0.0211,0.928517,quasi
869,7.241667,-0.071496,0.023337,0.408969,0.909444,-0.38021,0.354446,0.057448,-0.029589,-0.025042,0.254646,0.966257,-0.494692,-0.041311,0.028583,-0.034448,0.061896,-0.347221,-0.935104,-0.505487,-0.019683,0.928084,quasi
870,7.25,-0.067883,0.030862,0.407334,0.91023,-0.37918,0.354568,0.056172,-0.030338,-0.025147,0.254352,0.966309,-0.494711,-0.04126,0.028574,-0.033168,0.061665,-0.34589,-0.935659,-0.504211,-0.018179,0.927649,quasi
871,7.258333,-0.059872,0.029721,0.404002,0.912313,-0.378802,0.354366,0.055259,-0.031004,-0.025374,0.254132,0.966339,-0.494732,-0.041175,0.028537,-0.032446,0.063563,-0.345669,-0.935639,-0.503061,-0.016829,0.927046,quasi
872,7.266667,-0.051964,0.026667,0.401648,0.91393,-0.378835,0.353962,0.054641,-0.03193,-0.025495,0.253779,0.966399,-0.494749,-0.041083,0.028524,-0.031393,0.063297,-0.344417,-0.936154,-0.501782,-0.015232,0.926772,quasi
873,7.275,-0.043472,0.027117,0.399606,0.915254,-0.379383,0.353209,0.053882,-0.032897,-0.025615,0.253355,0.966474,-0.494756,-0.040973,0.028535,-0.030615,0.063342,-0.342638,-0.93683,-0.500611,-0.013755,0.926363,quasi
874,7.283333,-0.035852,0.028236,0.396969,0.916697,-0.380321,0.351999,0.052629,-0.033983,-0.025819,0.252843,0.966566,-0.494821,-0.040871,0.028502,-0.024964,0.062,-0.341655,-0.937446,-0.499431,-0.012154,0.92627,quasi
875,7.291667,-0.032287,0.026797,0.395224,0.917626,-0.381557,0.350565,0.051085,-0.034718,-0.025804,0.252322,0.966676,-0.494837,-0.040749,0.028511,-0.026176,0.065516,-0.340003,-0.937774,-0.498151,-0.011024,0.925702,quasi
876,7.3,-0.029641,0.023606,0.39448,0.918123,-0.382892,0.349449,0.049833,-0.035894,-0.025967,0.251873,0.966746,-0.494874,-0.040603,0.02853,-0.0237,0.062854,-0.338801,-0.938457,-0.496854,-0.009347,0.924936,quasi
877,7.308333,-0.024167,0.022028,0.393678,0.918667,-0.383663,0.348432,0.048618,-0.037302,-0.026434,0.25144,0.966793,-0.494959,-0.040465,0.028488,-0.024439,0.064164,-0.337579,-0.93879,-0.495523,-0.007963,0.924679,quasi
878,7.316667,-0.018814,0.018335,0.392749,0.91927,-0.383849,0.347776,0.047828,-0.038313,-0.026757,0.251011,0.966856,-0.495034,-0.040352,0.028447,-0.025323,0.063173,-0.336625,-0.939176,-0.494379,-0.006734,0.92443,quasi
879,7.325,-0.013385,0.016803,0.392883,0.919338,-0.383518,0.347683,0.047253,-0.039322,-0.027069,0.250707,0.966885,-0.495103,-0.040278,0.028401,-0.025053,0.0641,-0.335776,-0.939424,-0.493245,-0.005419,0.923914,quasi
880,7.333333,-0.010847,0.014353,0.393471,0.919161,-0.383108,0.347963,0.046614,-0.040041,-0.027318,0.250417,0.966924,-0.495165,-0.040206,0.028358,-0.022983,0.062564,-0.334967,-0.939869,-0.492219,-0.004017,0.923698,quasi
881,7.341667,-0.007591,0.013414,0.393934,0.91901,-0.382687,0.348399,0.045864,-0.040685,-0.027245,0.250106,0.96698,-0.495184,-0.040092,0.028366,-0.023923,0.063055,-0.334053,-0.940139,-0.490924,-0.002785,0.923071,quasi
882,7.35,-0.005196,0.012814,0.393904,0.919048,-0.38258,0.348912,0.045039,-0.041381,-0.027214,0.249724,0.96705,-0.495235,-0.040035,0.028332,-0.021234,0.061354,-0.333795,-0.940407,-0.489943,-0.001384,0.922635,quasi
883,7.358333,-0.003236,0.010135,0.393393,0.919309,-0.382594,0.349369,0.044384,-0.042356,-0.0276,0.24953,0.967047,-0.495254,-0.039949,0.028323,-0.020417,0.06093,-0.333134,-0.940687,-0.488812,-7.6e-05,0.922464,quasi
884,7.366667,-0.00121,0.00631,0.392163,0.919874,-0.382744,0.349575,0.043905,-0.042964,-0.027585,0.24906,0.967141,-0.495297,-0.039915,0.02828,-0.019387,0.061433,-0.332624,-0.940857,-0.487708,0.001243,0.921679,quasi
885,7.375,0.001703,0.003505,0.390985,0.920389,-0.383006,0.34941,0.043351,-0.043745,-0.027747,0.248744,0.967183,-0.495319,-0.039869,0.028257,-0.023681,0.06181,-0.333415,-0.940454,-0.487326,0.002295,0.922277,quasi
886,7.383333,0.005291,0.002169,0.390894,0.920418,-0.383325,0.349137,0.042686,-0.044467,-0.027901,0.248379,0.967239,-0.495346,-0.039818,0.028234,-0.021148,0.061743,-0.332995,-0.940667,-0.486209,0.003581,0.921316,quasi
887,7.391667,0.008478,0.000149,0.391187,0.920272,-0.383618,0.348942,0.04219,-0.044871,-0.027624,0.248243,0.967264,-0.495371,-0.039729,0.028177,-0.019558,0.059701,-0.332538,-0.940995,-0.485188,0.004881,0.920685,quasi
888,7.4,0.011706,-0.001033,0.391683,0.920025,-0.383736,0.348832,0.041735,-0.045276,-0.027458,0.248112,0.967283,-0.495382,-0.039638,0.028135,-0.019571,0.06158,-0.332382,-0.940929,-0.484332,0.006064,0.920314,quasi
889,7.408333,0.015074,-0.001654,0.391846,0.919906,-0.383691,0.348608,0.041157,-0.045886,-0.02757,0.247856,0.967317,-0.495406,-0.039578,0.028123,-0.021961,0.064033,-0.332103,-0.940811,-0.483424,0.007147,0.919956,quasi
890,7.416667,0.017353,-0.002272,0.392057,0.919774,-0.383562,0.348551,0.040783,-0.046473,-0.027683,0.247527,0.96737,-0.495432,-0.039542,0.028116,-0.019254,0.061377,-0.331924,-0.94111,-0.482543,0.008461,0.919528,quasi
891,7.425,0.01829,-0.003411,0.392487,0.919569,-0.383293,0.348485,0.040502,-0.04706,-0.027847,0.247242,0.96741,-0.49545,-0.039505,0.028098,-0.019418,0.061322,-0.331576,-0.941233,-0.481603,0.009664,0.91921,quasi
892,7.433333,0.017928,-0.004798,0.393104,0.919307,-0.383126,0.348648,0.040403,-0.050823,-0.031082,0.247947,0.96694,-0.495338,-0.039682,0.027871,-0.017489,0.059502,-0.331478,-0.941422,-0.480767,0.010863,0.918574,quasi
893,7.441667,0.018416,-0.005707,0.393792,0.918997,-0.382942,0.34867,0.04025,-0.051687,-0.031316,0.247761,0.966935,-0.495342,-0.039682,0.027854,-0.019657,0.061468,-0.331295,-0.941318,-0.480066,0.011886,0.918443,quasi
894,7.45,0.020857,-0.005631,0.394467,0.918656,-0.382651,0.348631,0.040085,-0.052357,-0.031352,0.24755,0.966951,-0.49532,-0.039657,0.027878,-0.017789,0.060506,-0.3311,-0.941486,-0.47941,0.013248,0.917576,quasi
895,7.458333,0.023532,-0.004699,0.395342,0.918221,-0.382279,0.348563,0.039972,-0.052872,-0.031397,0.247345,0.966974,-0.495326,-0.039636,0.027886,-0.019073,0.061605,-0.331002,-0.941424,-0.478768,0.014249,0.917678,quasi
896,7.466667,0.027023,-0.003272,0.396064,0.917819,-0.381929,0.348462,0.039844,-0.053594,-0.031542,0.247244,0.966956,-0.495299,-0.03959,0.027922,-0.018599,0.060897,-0.331231,-0.941399,-0.478238,0.01522,0.917521,quasi
897,7.475,0.029591,-0.002515,0.396727,0.917456,-0.381629,0.348343,0.039754,-0.054175,-0.031709,0.247072,0.966962,-0.495303,-0.03955,0.027933,-0.018757,0.062063,-0.331441,-0.941245,-0.477691,0.016243,0.917133,quasi
898,7.483333,0.031796,-0.001912,0.397077,0.917233,-0.381388,0.34826,0.0397,-0.054547,-0.031875,0.246871,0.966987,-0.49531,-0.039507,0.027919,-0.024053,0.064722,-0.331028,-0.941091,-0.477248,0.017147,0.918811,quasi
899,7.491667,0.033456,-0.000931,0.397331,0.917065,-0.381211,0.348213,0.03966,-0.055057,-0.032093,0.246751,0.966981,-0.495331,-0.039479,0.027906,-0.022918,0.062093,-0.330804,-0.941376,-0.476456,0.017955,0.918246,quasi
900,7.5,0.034267,-0.000565,0.397366,0.91702,-0.381105,0.348203,0.039621,-0.055508,-0.032164,0.24656,0.967002,-0.495357,-0.039437,0.027908,-0.024525,0.062393,-0.331287,-0.941145,-0.476103,0.018893,0.91864,quasi
901,7.508333,0.034176,-0.000769,0.397143,0.91712,-0.381035,0.348241,0.039667,-0.055936,-0.032078,0.24636,0.967031,-0.495383,-0.039396,0.027923,-0.025601,0.06441,-0.332357,-0.940604,-0.475703,0.019809,0.918759,quasi
902,7.516667,0.033846,-0.000827,0.397137,0.917135,-0.381026,0.348294,0.039699,-0.056351,-0.032159,0.246267,0.967028,-0.49541,-0.039374,0.02792,-0.024652,0.061661,-0.332752,-0.940673,-0.475006,0.020762,0.918889,quasi
903,7.525,0.033704,-0.000688,0.397196,0.917114,-0.38105,0.348339,0.039708,-0.056506,-0.032118,0.246042,0.967078,-0.495439,-0.039331,0.027927,-0.025841,0.060849,-0.333165,-0.940548,-0.474689,0.021622,0.91927,quasi
904,7.533333,0.0334,-0.00063,0.397188,0.917129,-0.38109,0.348388,0.039714,-0.057244,-0.032628,0.246177,0.966983,-0.49542,-0.039377,0.02789,-0.027098,0.06051,-0.333716,-0.940339,-0.474221,0.022374,0.919205,quasi
905,7.541667,0.033059,-0.000458,0.397264,0.917108,-0.381148,0.348453,0.03971,-0.05737,-0.032583,0.246074,0.967003,-0.495442,-0.039378,0.027887,-0.026252,0.061507,-0.334813,-0.939908,-0.473812,0.023353,0.9194,quasi
906,7.55,0.032536,-0.000585,0.39734,0.917094,-0.381211,0.348515,0.039708,-0.057538,-0.032627,0.245994,0.967012,-0.495458,-0.039372,0.027892,-0.026935,0.059432,-0.334745,-0.940047,-0.473332,0.024022,0.919334,quasi
907,7.558333,0.032487,-0.000165,0.397564,0.916999,-0.381234,0.348547,0.039726,-0.057765,-0.032691,0.24604,0.966984,-0.495468,-0.039383,0.027907,-0.026612,0.059563,-0.335378,-0.939822,-0.472943,0.024993,0.919744,quasi
908,7.566667,0.032294,-0.000275,0.397631,0.916977,-0.38123,0.348554,0.039722,-0.057606,-0.032666,0.246008,0.967003,-0.495489,-0.039392,0.027892,-0.027177,0.057913,-0.335267,-0.939949,-0.472579,0.025688,0.919945,quasi
909,7.575,0.032545,-0.000358,0.397636,0.916966,-0.381219,0.348551,0.039694,-0.057643,-0.032662,0.245984,0.967007,-0.495506,-0.039396,0.027895,-0.026449,0.058403,-0.333191,-0.940677,-0.472468,0.025759,0.92022,quasi
910,7.583333,0.032939,-0.000258,0.397731,0.916911,-0.381196,0.348535,0.039671,-0.057646,-0.032605,0.245919,0.967025,-0.495517,-0.039402,0.027897,-0.024632,0.057224,-0.333286,-0.940765,-0.4724,0.026553,0.920782,quasi
911,7.591667,0.033266,-0.000115,0.397881,0.916834,-0.381148,0.348503,0.039664,-0.057881,-0.032638,0.245908,0.967013,-0.495524,-0.03941,0.027923,-0.023748,0.056881,-0.333479,-0.94074,-0.472045,0.02744,0.920987,quasi
912,7.6,0.033767,0.000136,0.397947,0.916787,-0.381095,0.348475,0.039649,-0.057753,-0.032687,0.245924,0.967015,-0.495538,-0.039423,0.027898,-0.023976,0.057932,-0.333554,-0.940644,-0.471782,0.028261,0.921179,quasi
913,7.608333,0.03452,0.000291,0.397984,0.916743,-0.381044,0.348453,0.039604,-0.057691,-0.03257,0.245851,0.967041,-0.495557,-0.039425,0.027912,-0.024134,0.058261,-0.3334,-0.940674,-0.471531,0.029166,0.921328,quasi
914,7.616667,0.034958,0.000469,0.398135,0.916661,-0.380992,0.348416,0.039568,-0.05771,-0.032506,0.245923,0.967024,-0.495562,-0.039439,0.027932,-0.022708,0.057482,-0.33334,-0.940779,-0.471266,0.02992,0.921318,quasi
915,7.625,0.035486,0.000529,0.3982,0.916612,-0.380944,0.348386,0.03954,-0.057708,-0.032331,0.245969,0.967018,-0.495576,-0.039458,0.027976,-0.022431,0.056454,-0.333257,-0.940877,-0.47088,0.030612,0.921121,quasi
916,7.633333,0.036023,0.000899,0.398325,0.916536,-0.380887,0.348364,0.039522,-0.057372,-0.032175,0.246066,0.967018,-0.495581,-0.03948,0.02797,-0.022291,0.058172,-0.333732,-0.940607,-0.470742,0.031279,0.921206,quasi
917,7.641667,0.036749,0.001152,0.398407,0.916472,-0.380846,0.348341,0.039473,-0.057418,-0.031939,0.246116,0.967011,-0.495592,-0.039496,0.028025,-0.022125,0.055798,-0.33313,-0.940969,-0.470493,0.031999,0.921211,quasi
918,7.65,0.037285,0.001272,0.398469,0.916423,-0.380808,0.348327,0.039441,-0.057563,-0.032,0.246082,0.967009,-0.495601,-0.039496,0.028034,-0.021636,0.055076,-0.333098,-0.941034,-0.470307,0.032676,0.92105,quasi
919,7.658333,0.03781,0.001392,0.398562,0.916361,-0.38077,0.348315,0.039402,-0.057828,-0.032205,0.246076,0.966988,-0.495613,-0.039489,0.028024,-0.020581,0.054654,-0.333356,-0.940991,-0.470072,0.033351,0.921072,quasi
920,7.666667,0.03821,0.001522,0.398659,0.916301,-0.380738,0.348299,0.039376,-0.057789,-0.032369,0.245966,0.967013,-0.495635,-0.039467,0.027979,-0.019926,0.052123,-0.333763,-0.941004,-0.469746,0.033597,0.920687,quasi
921,7.675,0.038663,0.001467,0.398709,0.916261,-0.380696,0.348282,0.039347,-0.058436,-0.032639,0.245948,0.966969,-0.495662,-0.039454,0.028005,-0.019891,0.051718,-0.333828,-0.941004,-0.469499,0.034,0.920188,quasi
922,7.683333,0.038664,0.001577,0.398814,0.916215,-0.380675,0.348262,0.039337,-0.058775,-0.032884,0.245869,0.96696,-0.495697,-0.039441,0.027992,-0.019198,0.050762,-0.333797,-0.941081,-0.469494,0.034612,0.920437,quasi
923,7.691667,0.038976,0.001542,0.398832,0.916194,-0.380671,0.348254,0.039313,-0.059069,-0.033068,0.245847,0.966942,-0.495735,-0.039436,0.027977,-0.020352,0.049949,-0.334037,-0.941015,-0.469342,0.035204,0.920754,quasi
924,7.7,0.039025,0.001507,0.398856,0.916182,-0.380661,0.348246,0.039313,-0.059342,-0.033283,0.245829,0.966923,-0.49576,-0.039435,0.027963,-0.019112,0.048949,-0.334127,-0.941062,-0.469112,0.035694,0.920852,quasi
925,7.708333,0.039089,0.001386,0.398872,0.916172,-0.380682,0.348248,0.039291,-0.059367,-0.033393,0.24573,0.966942,-0.495805,-0.039436,0.027941,-0.019471,0.050555,-0.3344,-0.940873,-0.469006,0.03631,0.921038,quasi
926,7.716667,0.039237,0.001218,0.398852,0.916174,-0.380686,0.348248,0.039276,-0.059531,-0.03345,0.245748,0.966926,-0.495814,-0.039423,0.027951,-0.019706,0.048361,-0.334113,-0.941085,-0.468855,0.036738,0.921292,quasi
927,7.725,0.03918,0.001147,0.398876,0.916167,-0.380711,0.348243,0.039276,-0.059451,-0.033549,0.245704,0.966938,-0.495856,-0.039449,0.02792,-0.018159,0.048156,-0.334193,-0.941099,-0.468683,0.037254,0.921027,quasi
928,7.733333,0.039121,0.001013,0.398885,0.916166,-0.380735,0.348239,0.039262,-0.059595,-0.033695,0.24568,0.966931,-0.495871,-0.039453,0.027921,-0.020247,0.047835,-0.334209,-0.941067,-0.468622,0.037561,0.920794,quasi
929,7.741667,0.039022,0.000821,0.39891,0.916159,-0.380741,0.348246,0.039276,-0.059525,-0.033775,0.245681,0.966932,-0.495895,-0.039464,0.027904,-0.021514,0.042696,-0.333603,-0.9415,-0.468824,0.038165,0.921912,quasi
930,7.75,0.038979,0.000684,0.398959,0.91614,-0.380772,0.348247,0.039278,-0.059615,-0.033949,0.24571,0.966913,-0.495914,-0.039476,0.027891,-0.018812,0.043801,-0.33437,-0.941236,-0.4687,0.038737,0.921837,quasi
931,7.758333,0.039101,0.000688,0.399072,0.916085,-0.380803,0.348242,0.039279,-0.059763,-0.034089,0.245777,0.966882,-0.495914,-0.039467,0.0279,-0.017715,0.044614,-0.334747,-0.941085,-0.468602,0.039227,0.921664,quasi
932,7.766667,0.038988,0.000486,0.399125,0.916067,-0.380835,0.348245,0.039277,-0.059717,-0.034168,0.245767,0.966884,-0.49596,-0.039482,0.02788,-0.015283,0.047078,-0.334218,-0.941195,-0.468912,0.039444,0.921677,quasi
933,7.775,0.038881,-7.9e-05,0.399056,0.916102,-0.380882,0.348239,0.039242,-0.059796,-0.034394,0.245809,0.966861,-0.49599,-0.039507,0.02786,-0.014167,0.047639,-0.334376,-0.941128,-0.46911,0.039983,0.92189,quasi
934,7.783333,0.039028,-0.000434,0.399002,0.916119,-0.380912,0.348235,0.03923,-0.059723,-0.034556,0.245771,0.966869,-0.496018,-0.039523,0.027828,-0.013317,0.047915,-0.334415,-0.941113,-0.469319,0.040552,0.922139,quasi
935,7.791667,0.038875,-0.00043,0.399063,0.916099,-0.380936,0.34822,0.039241,-0.059688,-0.034624,0.245732,0.966879,-0.496047,-0.039547,0.027802,-0.012076,0.047712,-0.334624,-0.941066,-0.469416,0.040966,0.922046,quasi
936,7.8,0.038941,-0.000731,0.399117,0.916073,-0.380965,0.348199,0.039225,-0.059699,-0.034765,0.245774,0.966862,-0.496067,-0.039567,0.027781,-0.011826,0.049078,-0.334845,-0.94092,-0.469424,0.041316,0.921963,quasi
937,7.808333,0.038842,-0.000942,0.399151,0.916062,-0.380982,0.348182,0.039232,-0.059661,-0.034803,0.245749,0.96687,-0.4961,-0.039578,0.027768,-0.012721,0.046463,-0.334053,-0.941322,-0.468972,0.041549,0.921168,quasi
938,7.816667,0.038931,-0.000954,0.399249,0.916015,-0.381008,0.348163,0.039242,-0.05964,-0.034879,0.245713,0.966877,-0.496121,-0.039591,0.027754,-0.012501,0.045544,-0.33383,-0.94145,-0.469102,0.041956,0.921405,quasi
939,7.825,0.039074,-0.001116,0.399254,0.916007,-0.381045,0.348149,0.039228,-0.059691,-0.035016,0.245783,0.966852,-0.49613,-0.039608,0.027741,-0.012104,0.044874,-0.333814,-0.941492,-0.469174,0.042304,0.92154,quasi
940,7.833333,0.038941,-0.001257,0.399331,0.915978,-0.381063,0.348131,0.039246,-0.059747,-0.035046,0.245788,0.966846,-0.496153,-0.039613,0.027747,-0.011208,0.044554,-0.334022,-0.941445,-0.469213,0.042687,0.921525,quasi
941,7.841667,0.038817,-0.001463,0.399388,0.915959,-0.381088,0.348102,0.039256,-0.059787,-0.035104,0.245833,0.96683,-0.496166,-0.039632,0.027743,-0.012187,0.045029,-0.334038,-0.941404,-0.469257,0.043058,0.921461,quasi
942,7.85,0.038751,-0.001595,0.399417,0.915949,-0.381121,0.348073,0.039258,-0.059848,-0.035251,0.245898,0.966804,-0.496171,-0.039639,0.027734,-0.011769,0.043385,-0.333648,-0.941625,-0.469129,0.043461,0.921318,quasi
943,7.858333,0.038783,-0.001772,0.399448,0.915934,-0.38115,0.348054,0.039252,-0.059845,-0.035299,0.245892,0.966804,-0.496194,-0.039636,0.027724,-0.011576,0.043412,-0.333718,-0.941602,-0.469091,0.043857,0.921153,quasi
944,7.866667,0.03886,-0.001501,0.39962,0.915856,-0.38118,0.348031,0.039274,-0.059948,-0.035426,0.245885,0.966795,-0.496208,-0.039634,0.027715,-0.011481,0.043469,-0.33364,-0.941628,-0.469158,0.044324,0.921368,quasi
945,7.875,0.038533,-0.001571,0.399762,0.915807,-0.381199,0.348005,0.039311,-0.060137,-0.03559,0.245869,0.966781,-0.496223,-0.039625,0.027711,-0.010809,0.043947,-0.333536,-0.94165,-0.469227,0.044908,0.921464,quasi
946,7.883333,0.038377,-0.00172,0.399814,0.915791,-0.38123,0.347989,0.039306,-0.060267,-0.035733,0.245865,0.966769,-0.496241,-0.039631,0.02769,-0.010852,0.043794,-0.333272,-0.941751,-0.469217,0.045399,0.921532,quasi
947,7.891667,0.038339,-0.001882,0.399886,0.915761,-0.381275,0.34797,0.039302,-0.060407,-0.035838,0.245844,0.966761,-0.496259,-0.039629,0.027684,-0.010739,0.0439,-0.333209,-0.941769,-0.469169,0.04587,0.921555,quasi
948,7.9,0.03824,-0.002097,0.399952,0.915736,-0.381316,0.347961,0.039303,-0.060536,-0.035952,0.245823,0.966754,-0.496286,-0.03964,0.027675,-0.011344,0.042875,-0.332667,-0.942001,-0.468814,0.046311,0.921107,quasi
949,7.908333,0.038009,-0.002281,0.399968,0.915738,-0.38136,0.34794,0.039313,-0.060694,-0.036081,0.245795,0.966747,-0.49631,-0.039642,0.027663,-0.011505,0.043823,-0.332923,-0.941865,-0.468783,0.046849,0.921219,quasi
950,7.916667,0.037802,-0.002984,0.399894,0.915777,-0.381418,0.34793,0.039303,-0.060889,-0.036257,0.245863,0.966711,-0.49633,-0.039661,0.027649,-0.011386,0.042637,-0.332311,-0.942137,-0.468597,0.047459,0.920981,quasi
951,7.925,0.037449,-0.002747,0.400076,0.915713,-0.38146,0.347917,0.039358,-0.060917,-0.036298,0.245862,0.966708,-0.496344,-0.039669,0.027642,-0.012489,0.042253,-0.33222,-0.942172,-0.468403,0.047889,0.920801,quasi
952,7.933333,0.037243,-0.003302,0.400055,0.915728,-0.381529,0.347908,0.03932,-0.060994,-0.036398,0.245885,0.966693,-0.496357,-0.039681,0.027635,-0.011922,0.041442,-0.331979,-0.942301,-0.468198,0.048379,0.920618,quasi
953,7.941667,0.037134,-0.003066,0.400197,0.915671,-0.381549,0.347909,0.03935,-0.061113,-0.036465,0.245823,0.966699,-0.496366,-0.039691,0.027626,-0.010538,0.041476,-0.332123,-0.942265,-0.468124,0.048992,0.920658,quasi
954,7.95,0.036871,-0.003139,0.400337,0.91562,-0.381597,0.347894,0.039377,-0.061101,-0.036453,0.245904,0.96668,-0.496359,-0.039724,0.027618,-0.010437,0.040727,-0.331284,-0.942594,-0.467687,0.049519,0.92017,quasi
955,7.958333,0.03649,-0.003159,0.40043,0.915595,-0.381642,0.347883,0.03941,-0.060988,-0.036328,0.245906,0.966691,-0.496357,-0.039721,0.027643,-0.010157,0.040948,-0.331196,-0.942618,-0.467518,0.050133,0.920153,quasi
956,7.966667,0.036439,-0.003208,0.400509,0.915562,-0.381692,0.347883,0.039436,-0.061017,-0.036418,0.245935,0.966678,-0.496383,-0.039736,0.027627,-0.0095,0.04154,-0.331504,-0.942491,-0.467542,0.050862,0.920582,quasi
957,7.975,0.03626,-0.003124,0.400569,0.915543,-0.381743,0.347878,0.039451,-0.061158,-0.036567,0.245873,0.966679,-0.4964,-0.039732,0.027626,-0.011172,0.040298,-0.330997,-0.942705,-0.467185,0.051482,0.920271,quasi
958,7.983333,0.036095,-0.003222,0.400619,0.915528,-0.381769,0.347866,0.03948,-0.061512,-0.036878,0.245872,0.966646,-0.496435,-0.039745,0.027602,-0.010988,0.040214,-0.330883,-0.942751,-0.467027,0.052169,0.920315,quasi
959,7.991667,0.035891,-0.003255,0.400734,0.915485,-0.381817,0.347873,0.039499,-0.061701,-0.037188,0.245841,0.96663,-0.49647,-0.039764,0.027571,-0.011891,0.039638,-0.33033,-0.942958,-0.46659,0.052962,0.919988,quasi
960,8.0,0.035667,-0.003196,0.400865,0.915437,-0.381872,0.347883,0.039509,-0.061793,-0.037239,0.245791,0.966634,-0.496492,-0.039775,0.027565,-0.012242,0.04153,-0.330146,-0.942937,-0.466708,0.053877,0.920521,quasi
961,8.008333,0.035557,-0.00285,0.400992,0.915387,-0.381864,0.347889,0.039567,-0.061857,-0.037349,0.2457,0.966649,-0.496506,-0.039774,0.027564,-0.012645,0.040815,-0.32928,-0.943265,-0.46642,0.054643,0.920429,quasi
962,8.016667,0.03548,-0.002447,0.401068,0.915358,-0.381846,0.347892,0.03963,-0.062038,-0.037484,0.245641,0.966647,-0.496519,-0.039787,0.027556,-0.012878,0.040954,-0.329199,-0.943284,-0.466019,0.055645,0.920434,quasi
963,8.025,0.035327,-0.002069,0.401267,0.915278,-0.381832,0.347928,0.039697,-0.062151,-0.037642,0.245613,0.966641,-0.496542,-0.039798,0.02754,-0.013442,0.04046,-0.328691,-0.943475,-0.46558,0.056447,0.920208,quasi
964,8.033333,0.034497,-0.001847,0.401526,0.915196,-0.381855,0.347965,0.039769,-0.062427,-0.037804,0.24556,0.96663,-0.49656,-0.039801,0.027531,-0.014063,0.040489,-0.328214,-0.94363,-0.465052,0.05751,0.92004,quasi
965,8.041667,0.034124,-0.002544,0.401136,0.915379,-0.38186,0.347861,0.039797,-0.06257,-0.037952,0.245485,0.966634,-0.496588,-0.039804,0.027513,-0.013803,0.040887,-0.328228,-0.943612,-0.464825,0.058346,0.919906,quasi
966,8.05,0.034116,-0.002769,0.401023,0.915429,-0.381951,0.347764,0.039809,-0.062838,-0.038131,0.245447,0.966619,-0.496615,-0.039812,0.027506,-0.014803,0.04029,-0.327538,-0.943862,-0.464328,0.059503,0.920055,quasi
967,8.058333,0.034244,-0.002776,0.401005,0.915431,-0.382015,0.347695,0.039933,-0.063013,-0.038241,0.245334,0.966632,-0.496643,-0.039829,0.027485,-0.013919,0.040334,-0.327342,-0.943942,-0.463908,0.060527,0.919862,quasi
968,8.066667,0.034104,-0.003481,0.401122,0.915383,-0.382102,0.347575,0.040034,-0.063241,-0.038397,0.245207,0.966644,-0.496664,-0.039825,0.027472,-0.014077,0.039495,-0.327154,-0.94404,-0.463419,0.061548,0.91962,quasi
969,8.075,0.034581,-0.004084,0.401231,0.915315,-0.382287,0.347347,0.039891,-0.06357,-0.038594,0.245116,0.966637,-0.496692,-0.039839,0.02745,-0.014094,0.039201,-0.326537,-0.944266,-0.462829,0.062917,0.919633,quasi
970,8.083333,0.035333,-0.004338,0.401665,0.915095,-0.382372,0.347205,0.039932,-0.063797,-0.038732,0.24499,0.966649,-0.496713,-0.03983,0.027441,-0.014836,0.038605,-0.326108,-0.944427,-0.462408,0.063927,0.919346,quasi
971,8.091667,0.03571,-0.005011,0.40241,0.914749,-0.382517,0.347144,0.039952,-0.063835,-0.03873,0.24491,0.966666,-0.496732,-0.039825,0.027429,-0.014492,0.038269,-0.325692,-0.94459,-0.461666,0.065284,0.919062,quasi
972,8.1,0.035534,-0.005985,0.403221,0.914393,-0.382615,0.347243,0.040272,-0.064059,-0.03882,0.244793,0.966678,-0.496749,-0.039823,0.027421,-0.014418,0.03918,-0.325635,-0.944573,-0.461124,0.066682,0.919291,quasi
973,8.108333,0.03533,-0.00691,0.404334,0.913903,-0.38274,0.347355,0.040479,-0.064273,-0.038889,0.244752,0.966671,-0.496758,-0.039832,0.027412,-0.015612,0.036783,-0.324307,-0.945108,-0.460077,0.068195,0.919169,quasi
974,8.116667,0.03541,-0.007327,0.405483,0.913387,-0.382923,0.347441,0.040597,-0.06407,-0.038434,0.244511,0.966764,-0.496787,-0.039805,0.027449,-0.015802,0.035904,-0.323976,-0.945252,-0.459232,0.06962,0.919123,quasi
975,8.125,0.035935,-0.007871,0.406858,0.912751,-0.383145,0.347531,0.040671,-0.06399,-0.038362,0.244308,0.966823,-0.496787,-0.03981,0.027464,-0.015852,0.034759,-0.323318,-0.945519,-0.458379,0.071291,0.919085,quasi
976,8.133333,0.036625,-0.0084,0.408556,0.911959,-0.383439,0.347684,0.040719,-0.064055,-0.038353,0.244094,0.966873,-0.496786,-0.039809,0.027475,-0.01588,0.035094,-0.323046,-0.945599,-0.457619,0.072817,0.918965,quasi
977,8.141667,0.035858,-0.00966,0.410564,0.911075,-0.384061,0.347994,0.040623,-0.064177,-0.038492,0.243947,0.966897,-0.496779,-0.0398,0.027478,-0.016334,0.034994,-0.322629,-0.945737,-0.456699,0.074523,0.918729,quasi
978,8.15,0.038184,-0.009159,0.412593,0.910069,-0.384625,0.348071,0.040176,-0.064555,-0.038507,0.244006,0.966856,-0.496782,-0.039783,0.027488,-0.016713,0.034538,-0.322102,-0.945927,-0.455738,0.076364,0.918823,quasi
979,8.158333,0.039116,-0.009169,0.414676,0.909082,-0.385036,0.348283,0.040081,-0.064918,-0.038432,0.243996,0.966838,-0.496787,-0.039777,0.0275,-0.015919,0.033481,-0.321707,-0.946113,-0.454722,0.078092,0.918489,quasi
980,8.166667,0.039099,-0.009104,0.416469,0.908263,-0.385374,0.348527,0.040058,-0.065222,-0.038369,0.243916,0.96684,-0.496793,-0.039776,0.027503,-0.015593,0.033854,-0.321365,-0.946222,-0.453817,0.079973,0.918287,quasi
981,8.175,0.03812,-0.009173,0.417631,0.90777,-0.38553,0.348714,0.040124,-0.06537,-0.038262,0.243802,0.966863,-0.496789,-0.039767,0.027511,-0.015339,0.033649,-0.320793,-0.946427,-0.452583,0.082072,0.918016,quasi
982,8.183333,0.036839,-0.009249,0.418073,0.907619,-0.385576,0.348845,0.040215,-0.065525,-0.038108,0.243666,0.966893,-0.496783,-0.039749,0.02754,-0.015999,0.033593,-0.320369,-0.946562,-0.451643,0.084257,0.918176,quasi
983,8.191667,0.036305,-0.009013,0.418017,0.907669,-0.385526,0.348887,0.040167,-0.065682,-0.037849,0.243588,0.966912,-0.496779,-0.039747,0.027567,-0.016008,0.033066,-0.319953,-0.946721,-0.450464,0.086375,0.918003,quasi
984,8.2,0.036438,-0.008058,0.417468,0.907925,-0.385366,0.348863,0.04009,-0.065824,-0.037578,0.243433,0.966952,-0.496766,-0.039734,0.027601,-0.017299,0.033421,-0.3195,-0.946839,-0.449314,0.088725,0.918252,quasi
985,8.208333,0.036533,-0.007086,0.41692,0.908181,-0.385211,0.348846,0.039963,-0.066022,-0.037229,0.243287,0.966988,-0.496752,-0.039721,0.027643,-0.016701,0.032328,-0.319076,-0.94703,-0.448,0.091036,0.918019,quasi
986,8.216667,0.036795,-0.006179,0.41652,0.908361,-0.38509,0.348885,0.039857,-0.066252,-0.03686,0.243173,0.967016,-0.49674,-0.039705,0.027697,-0.017692,0.031902,-0.318541,-0.947207,-0.446757,0.093408,0.918024,quasi
987,8.225,0.036272,-0.005213,0.416269,0.908503,-0.38477,0.348902,0.039953,-0.066315,-0.036446,0.242953,0.967082,-0.49672,-0.039672,0.027768,-0.017266,0.030324,-0.318113,-0.94741,-0.445432,0.095884,0.917735,quasi
988,8.233333,0.035534,-0.004498,0.416599,0.908384,-0.384602,0.349077,0.039942,-0.066788,-0.036198,0.242841,0.967087,-0.496678,-0.039659,0.02782,-0.017327,0.031314,-0.31832,-0.947308,-0.444263,0.09839,0.917738,quasi
989,8.241667,0.034511,-0.004554,0.417451,0.908032,-0.384512,0.349353,0.040048,-0.067116,-0.035417,0.242531,0.967171,-0.496658,-0.039613,0.027932,-0.015626,0.029532,-0.318039,-0.947489,-0.443042,0.101026,0.91751,quasi
990,8.25,0.031589,-0.007801,0.418898,0.90745,-0.384925,0.349619,0.039898,-0.067322,-0.034585,0.242207,0.967268,-0.496641,-0.039558,0.028048,-0.011161,0.027015,-0.317345,-0.94786,-0.441596,0.103744,0.917262,quasi
991,8.258333,0.032902,-0.006379,0.41889,0.907418,-0.384969,0.349706,0.039771,-0.069593,-0.033255,0.241127,0.967424,-0.496529,-0.039517,0.028139,-0.014201,0.028609,-0.31741,-0.94775,-0.440402,0.106555,0.917456,quasi
992,8.266667,0.03334,-0.005822,0.418787,0.907454,-0.384897,0.349742,0.03961,-0.069994,-0.031978,0.240496,0.967595,-0.496498,-0.039383,0.0283,-0.014943,0.027405,-0.317173,-0.947854,-0.43908,0.109268,0.917136,quasi
993,8.275,0.034043,-0.005005,0.418546,0.907544,-0.384567,0.349735,0.039615,-0.070293,-0.030541,0.239429,0.967884,-0.496461,-0.039184,0.028483,-0.015194,0.02763,-0.316941,-0.947921,-0.437943,0.11222,0.917217,quasi
994,8.283333,0.034857,-0.004561,0.418703,0.907443,-0.384408,0.349819,0.039508,-0.070243,-0.028542,0.237912,0.968323,-0.496465,-0.038943,0.028679,-0.016076,0.02764,-0.316571,-0.94803,-0.436682,0.115082,0.917223,quasi
995,8.291667,0.035726,-0.003897,0.418769,0.907382,-0.384288,0.34986,0.039407,-0.07075,-0.026617,0.236133,0.968776,-0.496509,-0.038615,0.028892,-0.016605,0.026096,-0.315868,-0.948299,-0.435371,0.118053,0.917186,quasi
996,8.3,0.036264,-0.003251,0.418883,0.90731,-0.384176,0.349898,0.03932,-0.070716,-0.024296,0.234123,0.969327,-0.496561,-0.038241,0.029178,-0.016546,0.02547,-0.315699,-0.948373,-0.434127,0.12106,0.916982,quasi
997,8.308333,0.037061,-0.002521,0.419046,0.907205,-0.3841,0.34994,0.039183,-0.07003,-0.020991,0.23125,0.970144,-0.496564,-0.037652,0.029624,-0.017074,0.025106,-0.31454,-0.948759,-0.432885,0.124186,0.916665,quasi
998,8.316667,0.037662,-0.001983,0.419207,0.907107,-0.384013,0.349993,0.039061,-0.069238,-0.017313,0.228403,0.970947,-0.496583,-0.037036,0.030094,-0.016867,0.023616,-0.314337,-0.948868,-0.431532,0.12726,0.916604,quasi
999,8.325,0.038257,-0.001386,0.419346,0.907019,-0.383933,0.350051,0.038945,-0.068256,-0.014653,0.226708,0.971458,-0.49669,-0.036541,0.030533,-0.017572,0.024124,-0.313852,-0.949003,-0.430174,0.130488,0.916746,quasi
1000,8.333333,0.038741,-0.000855,0.41951,0.906923,-0.383843,0.350092,0.038841,-0.068618,-0.011767,0.225003,0.971868,-0.496804,-0.036086,0.030985,-0.017492,0.022951,-0.313404,-0.949181,-0.428807,0.133695,0.91671,quasi
1001,8.341667,0.039505,-0.00031,0.419466,0.906911,-0.383759,0.350113,0.038747,-0.069953,-0.008769,0.22319,0.972222,-0.496941,-0.035671,0.03144,-0.018482,0.023907,-0.313382,-0.949146,-0.427543,0.137045,0.917081,quasi
1002,8.35,0.040282,4.9e-05,0.419411,0.906902,-0.383658,0.350128,0.038635,-0.070651,-0.005002,0.22168,0.972544,-0.496905,-0.035331,0.031989,-0.018551,0.023792,-0.313278,-0.949182,-0.426288,0.140397,0.917363,quasi
1003,8.358333,0.041141,0.00044,0.419337,0.906898,-0.38359,0.350165,0.038525,-0.071943,-0.000637,0.220382,0.972757,-0.496882,-0.035035,0.032644,-0.019079,0.024637,-0.313401,-0.94911,-0.42495,0.143744,0.917683,quasi
1004,8.366667,0.04168,0.000886,0.419331,0.906876,-0.38351,0.350218,0.038438,-0.07185,0.003982,0.219246,0.973012,-0.496752,-0.03474,0.033393,-0.018537,0.024335,-0.313058,-0.949241,-0.423594,0.147182,0.918116,quasi
1005,8.375,0.042095,0.000967,0.41911,0.906959,-0.383571,0.350242,0.038324,-0.073056,0.008231,0.218924,0.972968,-0.496646,-0.034619,0.034207,-0.017813,0.024295,-0.313331,-0.949166,-0.422391,0.150606,0.918567,quasi
1006,8.383333,0.042731,0.001214,0.418911,0.907021,-0.383506,0.350255,0.03825,-0.073281,0.013609,0.218687,0.972944,-0.49645,-0.034437,0.035125,-0.017659,0.024586,-0.313399,-0.949139,-0.421229,0.154017,0.919391,quasi
1007,8.391667,0.043083,0.001579,0.418746,0.907079,-0.383412,0.350254,0.038211,-0.073527,0.019866,0.218428,0.972876,-0.496115,-0.034267,0.036158,-0.018648,0.027851,-0.313938,-0.948852,-0.420073,0.157379,0.919873,quasi
1008,8.4,0.0437,0.002654,0.4186,0.907115,-0.38329,0.350218,0.038173,-0.073714,0.026688,0.219095,0.972549,-0.495776,-0.034182,0.037249,-0.018056,0.029728,-0.314117,-0.948747,-0.419026,0.160854,0.920471,quasi
1009,8.408333,0.043975,0.003407,0.41841,0.907187,-0.383133,0.350252,0.038169,-0.075893,0.031886,0.220518,0.971903,-0.495289,-0.034273,0.03828,-0.01986,0.031545,-0.314576,-0.9485,-0.417988,0.164346,0.921402,quasi
1010,8.416667,0.042753,0.002329,0.418891,0.907027,-0.383338,0.350357,0.038045,-0.075731,0.040463,0.220718,0.971551,-0.494849,-0.034052,0.039623,-0.018741,0.03066,-0.314633,-0.948533,-0.416737,0.167849,0.921771,quasi
1011,8.425,0.042454,0.002352,0.418854,0.907058,-0.383331,0.350391,0.038001,-0.077308,0.048562,0.221461,0.970886,-0.494239,-0.033977,0.04102,-0.018664,0.030495,-0.315419,-0.948279,-0.415556,0.17149,0.92281,quasi
1012,8.433333,0.042376,0.002385,0.418683,0.90714,-0.383331,0.350431,0.037957,-0.076108,0.059698,0.221437,0.970366,-0.493627,-0.033689,0.042681,-0.017881,0.029708,-0.315243,-0.948377,-0.414353,0.174989,0.923281,quasi
1013,8.441667,0.042124,0.002257,0.418518,0.907228,-0.383331,0.35047,0.037926,-0.077335,0.070713,0.221858,0.969432,-0.492883,-0.033429,0.044372,-0.017862,0.028806,-0.315386,-0.948358,-0.41315,0.178464,0.92383,quasi
1014,8.45,0.041727,0.002116,0.418345,0.907327,-0.383345,0.350506,0.037895,-0.080493,0.082231,0.221365,0.968378,-0.491898,-0.033109,0.046195,-0.017324,0.027625,-0.315643,-0.948318,-0.412117,0.181747,0.924407,quasi
1015,8.458333,0.043434,0.002637,0.417639,0.90757,-0.3835,0.350605,0.037747,-0.082114,0.095955,0.220316,0.967218,-0.491134,-0.032633,0.048295,-0.017738,0.02886,-0.315784,-0.948226,-0.411102,0.185218,0.925387,quasi
1016,8.466667,0.044658,0.002696,0.417007,0.907802,-0.383651,0.35073,0.037618,-0.082494,0.108828,0.220704,0.965734,-0.490193,-0.031912,0.050494,-0.017047,0.027118,-0.315963,-0.948231,-0.410011,0.188739,0.926232,quasi
1017,8.475,0.043707,0.002437,0.417106,0.907803,-0.383621,0.350771,0.037645,-0.083065,0.122556,0.220524,0.96408,-0.489058,-0.031183,0.052825,-0.016431,0.025735,-0.316488,-0.948105,-0.408945,0.192096,0.927144,quasi
1018,8.483333,0.042691,0.002067,0.41719,0.907814,-0.383586,0.350738,0.037663,-0.084546,0.137698,0.219475,0.962145,-0.487826,-0.030345,0.055275,-0.016882,0.025318,-0.316445,-0.948123,-0.407986,0.195467,0.928044,quasi
1019,8.491667,0.042026,0.001705,0.41719,0.907846,-0.383587,0.350725,0.037641,-0.087599,0.153713,0.218366,0.959695,-0.486379,-0.029392,0.057887,-0.016767,0.025121,-0.316823,-0.948004,-0.407091,0.198703,0.928826,quasi
1020,8.5,0.041443,0.001074,0.417102,0.907914,-0.383893,0.350797,0.037469,-0.090431,0.169146,0.217148,0.95711,-0.484692,-0.028301,0.06068,-0.017055,0.025607,-0.317268,-0.947837,-0.406283,0.20198,0.929579,quasi
1021,8.508333,0.041083,0.000804,0.417058,0.907951,-0.384009,0.350866,0.0374,-0.094336,0.185539,0.215257,0.954118,-0.482925,-0.026917,0.06366,-0.017435,0.025023,-0.317178,-0.947876,-0.405425,0.20508,0.930157,quasi
1022,8.516667,0.041397,0.00121,0.416867,0.908023,-0.383788,0.350783,0.037502,-0.096696,0.201585,0.214302,0.950835,-0.481085,-0.025596,0.066664,-0.017995,0.024788,-0.317149,-0.947881,-0.404721,0.208244,0.930782,quasi
1023,8.525,0.041399,0.001009,0.416805,0.908052,-0.383756,0.350778,0.037483,-0.097201,0.220383,0.20929,0.947724,-0.478939,-0.023654,0.070219,-0.018961,0.025273,-0.31743,-0.947755,-0.404034,0.211116,0.931257,quasi
1024,8.533333,0.041432,0.000874,0.416696,0.908101,-0.383791,0.350785,0.037442,-0.098464,0.235639,0.206213,0.944593,-0.476518,-0.021552,0.07382,-0.019013,0.024994,-0.317087,-0.947876,-0.40331,0.214171,0.931757,quasi
1025,8.541667,0.04167,0.000965,0.416655,0.908109,-0.383802,0.350786,0.03738,-0.097841,0.251703,0.201683,0.941486,-0.473862,-0.019286,0.077744,-0.021045,0.02771,-0.317691,-0.947556,-0.402629,0.217313,0.932595,quasi
1026,8.55,0.041757,0.000967,0.416568,0.908145,-0.383815,0.350765,0.037336,-0.099274,0.267281,0.196604,0.938111,-0.470835,-0.016843,0.081979,-0.022195,0.028067,-0.317891,-0.947452,-0.401964,0.220138,0.933129,quasi
1027,8.558333,0.041786,0.000904,0.416535,0.908158,-0.383796,0.35074,0.037295,-0.098016,0.28081,0.191212,0.935402,-0.467442,-0.014027,0.086393,-0.022694,0.029071,-0.317905,-0.947405,-0.401244,0.222938,0.933409,quasi
1028,8.566667,0.041942,0.000754,0.416501,0.908167,-0.383778,0.350718,0.037251,-0.097867,0.293559,0.186546,0.932441,-0.463791,-0.010837,0.090874,-0.022878,0.029607,-0.318038,-0.947339,-0.400471,0.225754,0.933785,quasi
1029,8.575,0.042018,0.000698,0.416468,0.908179,-0.383768,0.350688,0.037209,-0.101318,0.303008,0.183029,0.929743,-0.459583,-0.007359,0.095405,-0.023056,0.030497,-0.318555,-0.947133,-0.400022,0.228437,0.933985,quasi
1030,8.583333,0.042251,0.000851,0.416472,0.908166,-0.383735,0.350661,0.037179,-0.107043,0.309698,0.181063,0.927278,-0.455192,-0.003729,0.09992,-0.023541,0.031038,-0.318764,-0.947033,-0.399297,0.230981,0.934193,quasi
1031,8.591667,0.042443,0.000889,0.416478,0.908154,-0.38372,0.350631,0.037144,-0.113062,0.317476,0.177933,0.924535,-0.450149,0.000707,0.10444,-0.023206,0.031427,-0.318719,-0.947044,-0.398443,0.233584,0.934182,quasi
1032,8.6,0.04265,0.001027,0.416491,0.908138,-0.383694,0.35061,0.037124,-0.121247,0.324159,0.174246,0.921878,-0.444939,0.00541,0.108756,-0.023396,0.03227,-0.318836,-0.946972,-0.397591,0.236027,0.934326,quasi
1033,8.608333,0.042702,0.000976,0.416454,0.908153,-0.383671,0.350587,0.037092,-0.125648,0.329009,0.170501,0.920269,-0.439136,0.010536,0.11208,-0.022522,0.032493,-0.318754,-0.947013,-0.396569,0.237923,0.934209,quasi
1034,8.616667,0.042927,0.001155,0.416466,0.908137,-0.383649,0.350577,0.037076,-0.133471,0.331019,0.164462,0.919546,-0.433129,0.015867,0.1148,-0.022095,0.033852,-0.319279,-0.946798,-0.39566,0.240314,0.934369,quasi
1035,8.625,0.042967,0.00129,0.416511,0.908114,-0.383637,0.350557,0.037068,-0.138195,0.325621,0.160302,0.921507,-0.426114,0.021494,0.117172,-0.021968,0.03495,-0.319557,-0.946668,-0.39485,0.242689,0.934554,quasi
1036,8.633333,0.043131,0.001355,0.416465,0.908127,-0.383623,0.350543,0.037047,-0.145653,0.318716,0.155527,0.923589,-0.418835,0.027336,0.118913,-0.022016,0.036411,-0.320273,-0.946369,-0.393965,0.244882,0.934755,quasi
1037,8.641667,0.043186,0.001347,0.416467,0.908124,-0.383619,0.350531,0.037032,-0.150006,0.309341,0.152674,0.926551,-0.410933,0.033379,0.120216,-0.022479,0.037704,-0.320925,-0.946087,-0.393139,0.247136,0.93505,quasi
1038,8.65,0.043284,0.001413,0.41648,0.908113,-0.383604,0.350517,0.037021,-0.156622,0.299633,0.151195,0.928886,-0.402631,0.040057,0.120921,-0.021951,0.040099,-0.322278,-0.945541,-0.392068,0.249964,0.935472,quasi
1039,8.658333,0.04338,0.001496,0.41651,0.908094,-0.383592,0.350506,0.037018,-0.16107,0.289064,0.151495,0.931423,-0.393739,0.047543,0.121152,-0.021807,0.04141,-0.322879,-0.945283,-0.391178,0.252126,0.935712,quasi
1040,8.666667,0.043391,0.001553,0.4165,0.908098,-0.383583,0.350494,0.037016,-0.165147,0.278506,0.152221,0.933804,-0.384657,0.055236,0.120878,-0.021732,0.042551,-0.322962,-0.945205,-0.390038,0.2543,0.935874,quasi
1041,8.675,0.043451,0.001565,0.416524,0.908084,-0.383582,0.350482,0.037012,-0.162903,0.264815,0.15317,0.938016,-0.374856,0.063737,0.120411,-0.021665,0.043388,-0.322891,-0.945193,-0.388868,0.256211,0.936042,quasi
1042,8.683333,0.04348,0.001697,0.416441,0.908121,-0.383595,0.350463,0.037029,-0.161829,0.253916,0.155376,0.940849,-0.364964,0.072413,0.119298,-0.02135,0.044611,-0.323274,-0.945012,-0.387798,0.258193,0.936302,quasi
1043,8.691667,0.043625,0.00173,0.416497,0.908088,-0.383599,0.350456,0.037033,-0.158356,0.242452,0.160983,0.943517,-0.355013,0.081431,0.117484,-0.021427,0.04623,-0.324254,-0.944597,-0.387157,0.260259,0.936666,quasi
1044,8.7,0.043687,0.00167,0.416574,0.90805,-0.383613,0.350417,0.037032,-0.153719,0.230427,0.165364,0.946535,-0.344666,0.090733,0.115261,-0.021146,0.04791,-0.324705,-0.944364,-0.386248,0.262352,0.936999,quasi
1045,8.708333,0.043757,0.001657,0.416587,0.908041,-0.383623,0.350405,0.037025,-0.150197,0.217673,0.170755,0.949158,-0.334109,0.09999,0.112545,-0.020867,0.048621,-0.325052,-0.944215,-0.385081,0.264323,0.937238,quasi
1046,8.716667,0.043663,0.001784,0.416584,0.908046,-0.38366,0.3504,0.037026,-0.145429,0.204051,0.174604,0.952222,-0.323108,0.10957,0.109479,-0.020608,0.049495,-0.325718,-0.943946,-0.384214,0.266312,0.937495,quasi
1047,8.725,0.04381,0.001792,0.416578,0.908042,-0.383667,0.350392,0.037028,-0.14937,0.189845,0.176666,0.954168,-0.312338,0.119113,0.105971,-0.020463,0.050932,-0.326238,-0.943693,-0.383312,0.268412,0.937695,quasi
1048,8.733333,0.043844,0.001801,0.416601,0.90803,-0.383664,0.350366,0.037022,-0.144715,0.175586,0.181322,0.956739,-0.300867,0.129219,0.102188,-0.020296,0.051648,-0.326509,-0.943564,-0.382257,0.270427,0.937892,quasi
1049,8.741667,0.043917,0.001733,0.416643,0.908007,-0.383662,0.350346,0.037008,-0.141898,0.158264,0.184243,0.959621,-0.289052,0.139143,0.098402,-0.020185,0.052063,-0.326938,-0.943395,-0.381244,0.27231,0.938087,quasi
1050,8.75,0.04421,0.001463,0.416558,0.908032,-0.383641,0.350343,0.036983,-0.138635,0.145206,0.180757,0.96282,-0.276852,0.1495,0.094994,-0.020153,0.052638,-0.327281,-0.943244,-0.380182,0.274187,0.938242,quasi
1051,8.758333,0.043279,0.002332,0.416445,0.908127,-0.383713,0.350331,0.037106,-0.121477,0.13488,0.175871,0.967533,-0.264502,0.160378,0.091943,-0.02016,0.053317,-0.327309,-0.943197,-0.379144,0.276225,0.938357,quasi
1052,8.766667,0.042061,0.001796,0.416032,0.908375,-0.38368,0.350263,0.037062,-0.119091,0.120181,0.173463,0.970198,-0.252265,0.17083,0.088639,-0.020368,0.053518,-0.327534,-0.943103,-0.378122,0.278317,0.938426,quasi
1053,8.775,0.043445,0.002203,0.415992,0.908327,-0.383752,0.350219,0.037049,-0.10799,0.110246,0.167807,0.973666,-0.239337,0.181676,0.085996,-0.020387,0.05375,-0.327898,-0.942963,-0.377075,0.280013,0.938522,quasi
1054,8.783333,0.043231,0.002471,0.41614,0.908269,-0.383679,0.3502,0.037144,-0.10492,0.095724,0.164317,0.976129,-0.226726,0.1923,0.082982,-0.020448,0.053894,-0.327855,-0.942968,-0.376058,0.281913,0.938568,quasi
1055,8.791667,0.041403,0.002626,0.415882,0.908472,-0.383805,0.350214,0.037229,-0.101156,0.080468,0.159871,0.978639,-0.214247,0.202813,0.079726,-0.020722,0.054443,-0.327875,-0.942924,-0.374938,0.28366,0.938578,quasi
1056,8.8,0.041171,0.002924,0.415747,0.908543,-0.383805,0.350213,0.037238,-0.100211,0.065441,0.154633,0.980696,-0.201889,0.213165,0.076761,-0.021094,0.054963,-0.328075,-0.942816,-0.373969,0.285404,0.938566,quasi
1057,8.808333,0.042167,0.002354,0.41625,0.908269,-0.383757,0.350212,0.037158,-0.097489,0.05115,0.15029,0.982493,-0.189325,0.2235,0.073977,-0.021612,0.055351,-0.328278,-0.94271,-0.372903,0.287076,0.938616,quasi
1058,8.816667,0.043179,0.00163,0.416187,0.908252,-0.383813,0.350144,0.036914,-0.091257,0.040309,0.146429,0.984178,-0.177011,0.233961,0.07169,-0.022591,0.055477,-0.328354,-0.942654,-0.37192,0.288486,0.938825,quasi
1059,8.825,0.045565,0.002239,0.416544,0.90797,-0.383564,0.350093,0.036928,-0.085761,0.028688,0.143419,0.985522,-0.164738,0.244456,0.069495,-0.021452,0.055914,-0.328058,-0.942757,-0.370369,0.290983,0.938146,quasi
1060,8.833333,0.045576,0.002323,0.416467,0.908005,-0.383554,0.350057,0.036921,-0.078721,0.019741,0.140829,0.986702,-0.152531,0.254675,0.067679,-0.02166,0.056148,-0.327853,-0.94281,-0.369153,0.29275,0.93801,quasi
1061,8.841667,0.04592,0.002992,0.416857,0.907807,-0.383556,0.350105,0.036871,-0.071943,0.010475,0.139339,0.987572,-0.140603,0.265214,0.065758,-0.021869,0.055879,-0.328068,-0.942746,-0.368018,0.294427,0.937829,quasi
1062,8.85,0.046283,0.003326,0.416997,0.907723,-0.383517,0.350097,0.036903,-0.067835,0.00226,0.138037,0.988099,-0.128937,0.27564,0.063982,-0.022207,0.055925,-0.327753,-0.942846,-0.366722,0.296011,0.937674,quasi
1063,8.858333,0.04666,0.003565,0.416786,0.907799,-0.383473,0.35001,0.036972,-0.063455,-0.004862,0.136469,0.988598,-0.11752,0.285787,0.062412,-0.022555,0.056476,-0.327811,-0.942784,-0.365505,0.297798,0.937454,quasi
1064,8.866667,0.047241,0.00421,0.416441,0.907925,-0.383375,0.349883,0.036949,-0.061086,-0.011366,0.136299,0.988717,-0.106296,0.295602,0.060933,-0.02324,0.056639,-0.327887,-0.942731,-0.36421,0.299491,0.937253,quasi
1065,8.875,0.047408,0.004345,0.416467,0.907903,-0.383364,0.349869,0.036925,-0.05978,-0.017218,0.135555,0.988815,-0.095403,0.304897,0.059744,-0.023901,0.056344,-0.32797,-0.942703,-0.362978,0.301138,0.936977,quasi
1066,8.883333,0.046424,0.003543,0.41635,0.908011,-0.383329,0.349804,0.036821,-0.055723,-0.022354,0.135827,0.988912,-0.084866,0.314373,0.058739,-0.024674,0.055946,-0.327977,-0.942705,-0.361634,0.302757,0.936607,quasi
1067,8.891667,0.047998,0.00435,0.416526,0.907846,-0.38346,0.349764,0.036697,-0.051105,-0.027399,0.135824,0.989035,-0.074686,0.323762,0.058112,-0.025372,0.055926,-0.327895,-0.942716,-0.360401,0.304388,0.936164,quasi
1068,8.9,0.048309,0.00382,0.416499,0.907844,-0.383554,0.349618,0.036579,-0.044742,-0.033899,0.137383,0.988926,-0.0648,0.332907,0.057746,-0.026111,0.055453,-0.327927,-0.942713,-0.359023,0.306038,0.935746,quasi
1069,8.908333,0.048707,0.002949,0.415986,0.908061,-0.383664,0.349519,0.036435,-0.040027,-0.040377,0.138637,0.98871,-0.055258,0.341983,0.057752,-0.026864,0.055664,-0.328273,-0.942559,-0.357547,0.307914,0.935382,quasi
1070,8.916667,0.049267,0.002792,0.416289,0.907892,-0.38371,0.34959,0.036462,-0.036183,-0.045752,0.139683,0.988477,-0.046125,0.350727,0.058145,-0.027664,0.055782,-0.32816,-0.942568,-0.356005,0.309672,0.934868,quasi
1071,8.925,0.047544,0.004175,0.416452,0.907904,-0.383525,0.349691,0.036673,-0.03089,-0.050771,0.141407,0.988166,-0.037411,0.359293,0.058707,-0.028625,0.055263,-0.32857,-0.942427,-0.354453,0.31131,0.934377,quasi
1072,8.933333,0.047432,0.004984,0.416469,0.907898,-0.383429,0.349793,0.036808,-0.030101,-0.057613,0.139438,0.988095,-0.028781,0.367463,0.058799,-0.029649,0.054891,-0.328676,-0.94238,-0.353063,0.313164,0.933848,quasi
1073,8.941667,0.047697,0.004962,0.416132,0.908039,-0.38335,0.349756,0.036831,-0.026185,-0.063788,0.14006,0.987739,-0.020918,0.375379,0.059065,-0.030947,0.054617,-0.32885,-0.942294,-0.351618,0.314971,0.933286,quasi
1074,8.95,0.048015,0.005344,0.415966,0.908096,-0.383312,0.349711,0.036817,-0.022789,-0.069891,0.142459,0.987067,-0.013395,0.38293,0.0595,-0.031957,0.054507,-0.329171,-0.942154,-0.350186,0.316782,0.93267,quasi
1075,8.958333,0.049561,0.006296,0.414739,0.908568,-0.383165,0.349523,0.036652,-0.016307,-0.076266,0.1461,0.986191,-0.005975,0.390476,0.060073,-0.033097,0.05394,-0.329473,-0.942042,-0.348605,0.318682,0.932087,quasi
1076,8.966667,0.049198,0.006177,0.415376,0.908298,-0.383222,0.349595,0.036729,-0.011109,-0.08184,0.147383,0.985625,0.000698,0.3974,0.060379,-0.034366,0.053521,-0.330106,-0.941798,-0.347187,0.320407,0.931487,quasi
1077,8.975,0.048865,0.006163,0.415621,0.908203,-0.383269,0.349639,0.036745,-0.008205,-0.085287,0.14951,0.985041,0.006993,0.403873,0.060777,-0.035443,0.053309,-0.330428,-0.941658,-0.345645,0.322211,0.930839,quasi
1078,8.983333,0.048528,0.006366,0.415943,0.908073,-0.383312,0.349675,0.036735,-0.007047,-0.088164,0.1509,0.984584,0.012928,0.409964,0.06096,-0.036505,0.053592,-0.33043,-0.9416,-0.343861,0.324134,0.930232,quasi
1079,8.991667,0.048284,0.006337,0.41605,0.908037,-0.383355,0.34969,0.036742,-0.00416,-0.089871,0.153429,0.984056,0.018398,0.415769,0.061522,-0.037906,0.053657,-0.331528,-0.941155,-0.34194,0.326146,0.929586,quasi
1080,9.0,0.04602,0.005028,0.417648,0.907429,-0.383605,0.35001,0.036787,-0.004592,-0.088999,0.154405,0.98398,0.023548,0.420904,0.061974,-0.038597,0.053788,-0.331885,-0.940994,-0.340275,0.328181,0.928946,quasi
1081,9.008333,0.045857,0.005125,0.417872,0.907333,-0.383623,0.350052,0.036782,-0.001531,-0.089486,0.15718,0.983506,0.028284,0.426278,0.062547,-0.039386,0.053165,-0.333124,-0.940559,-0.339112,0.329979,0.928386,quasi
1082,9.016667,0.045845,0.005302,0.417982,0.907282,-0.38361,0.350065,0.036772,-5.5e-05,-0.090479,0.160774,0.982835,0.032711,0.430915,0.063048,-0.040301,0.052911,-0.334197,-0.940154,-0.337493,0.331857,0.927793,quasi
1083,9.025,0.045915,0.005644,0.418108,0.907219,-0.383594,0.350068,0.036781,0.005513,-0.087974,0.157166,0.983631,0.036322,0.435995,0.063261,-0.041006,0.052765,-0.33526,-0.939753,-0.33589,0.333797,0.927127,quasi
1084,9.033333,0.046074,0.005847,0.418142,0.907194,-0.383572,0.350056,0.036783,0.00597,-0.090125,0.163574,0.982388,0.040182,0.44004,0.063677,-0.041599,0.052503,-0.336515,-0.939293,-0.334183,0.335495,0.926583,quasi
1085,9.041667,0.046141,0.005999,0.418222,0.907152,-0.38356,0.350048,0.03679,0.006282,-0.092176,0.168788,0.981313,0.043596,0.443914,0.063678,-0.042229,0.052505,-0.337676,-0.938848,-0.332346,0.337391,0.925962,quasi
1086,9.05,0.046121,0.006234,0.418145,0.907187,-0.38353,0.350011,0.036776,0.007436,-0.094471,0.1746,0.980069,0.046562,0.447534,0.063482,-0.042587,0.052289,-0.339043,-0.938351,-0.330528,0.33916,0.925321,quasi
1087,9.058333,0.046229,0.006493,0.418141,0.907182,-0.383505,0.349987,0.036788,0.013744,-0.097059,0.182779,0.978255,0.049008,0.451196,0.063257,-0.043127,0.052299,-0.340319,-0.937863,-0.328484,0.341,0.924687,quasi
1088,9.066667,0.046264,0.006798,0.418222,0.90714,-0.383483,0.349967,0.036802,0.016924,-0.098667,0.189337,0.976796,0.050955,0.454436,0.062791,-0.043671,0.05198,-0.341495,-0.937428,-0.32653,0.342939,0.924133,quasi
1089,9.075,0.046398,0.007209,0.41828,0.907103,-0.383448,0.349946,0.036817,0.018871,-0.099995,0.1968,0.975149,0.052599,0.457259,0.062172,-0.043919,0.051783,-0.342996,-0.936879,-0.324346,0.344692,0.923544,quasi
1090,9.083333,0.046525,0.007495,0.418372,0.907053,-0.38342,0.34994,0.03682,0.019872,-0.100808,0.205611,0.973225,0.053856,0.459779,0.061422,-0.044323,0.052038,-0.344098,-0.936442,-0.322057,0.346538,0.922958,quasi
1091,9.091667,0.046696,0.007809,0.418511,0.906977,-0.383401,0.349933,0.036833,0.018632,-0.099519,0.213871,0.971601,0.054655,0.46195,0.060494,-0.044722,0.051899,-0.345415,-0.935946,-0.320015,0.348458,0.922374,quasi
1092,9.1,0.046821,0.008067,0.418649,0.906904,-0.38338,0.349943,0.036846,0.016454,-0.097434,0.22152,0.970137,0.054974,0.463725,0.059267,-0.044988,0.051189,-0.347161,-0.935326,-0.31793,0.350139,0.921886,quasi
1093,9.108333,0.046873,0.008394,0.418804,0.906827,-0.383363,0.349943,0.036851,0.013361,-0.094326,0.228076,0.968971,0.054841,0.465075,0.05772,-0.046681,0.051376,-0.34873,-0.934649,-0.316022,0.352036,0.921594,quasi
1094,9.116667,0.046931,0.008714,0.418944,0.906757,-0.383339,0.349955,0.036853,0.009686,-0.090049,0.233177,0.968208,0.054317,0.466058,0.055846,-0.046863,0.050283,-0.350358,-0.93409,-0.313917,0.353594,0.921156,quasi
1095,9.125,0.047001,0.009088,0.419078,0.906687,-0.38331,0.349958,0.036858,0.004957,-0.084657,0.23596,0.968056,0.053722,0.466583,0.053789,-0.046965,0.049864,-0.351545,-0.933662,-0.311791,0.355221,0.920652,quasi
1096,9.133333,0.047053,0.009455,0.419233,0.906609,-0.383273,0.349959,0.036872,0.001083,-0.078318,0.237578,0.968206,0.053103,0.467001,0.051721,-0.04693,0.049318,-0.352708,-0.933254,-0.309598,0.356699,0.920192,quasi
1097,9.141667,0.047111,0.009947,0.419424,0.906512,-0.38323,0.349954,0.036897,-0.003923,-0.071767,0.237706,0.968674,0.05289,0.467104,0.050235,-0.046901,0.049166,-0.354385,-0.932628,-0.307486,0.358105,0.919864,quasi
1098,9.15,0.047218,0.010398,0.419617,0.906412,-0.383183,0.349943,0.036908,-0.01023,-0.068053,0.23702,0.969064,0.052869,0.467744,0.049117,-0.046912,0.048983,-0.355568,-0.932186,-0.305408,0.359497,0.919515,quasi
1099,9.158333,0.047347,0.010853,0.419824,0.906305,-0.383138,0.349936,0.036928,-0.013901,-0.06655,0.237309,0.969052,0.053249,0.468704,0.048451,-0.046562,0.048832,-0.356709,-0.931776,-0.303475,0.360835,0.919278,quasi
1100,9.166667,0.047467,0.011449,0.420003,0.906208,-0.38308,0.349915,0.03696,-0.01665,-0.064154,0.238232,0.968944,0.053725,0.469547,0.047873,-0.045788,0.048909,-0.358078,-0.931285,-0.30146,0.362071,0.919102,quasi
1101,9.175,0.047523,0.012029,0.420193,0.90611,-0.383028,0.349897,0.036989,-0.019732,-0.062858,0.240088,0.968513,0.05396,0.470502,0.047185,-0.045198,0.049329,-0.358942,-0.930959,-0.299547,0.363361,0.918972,quasi
1102,9.183333,0.047901,0.012596,0.420351,0.906009,-0.382975,0.349907,0.037019,-0.018153,-0.058523,0.244159,0.967797,0.053931,0.471647,0.04671,-0.044404,0.049824,-0.35949,-0.930759,-0.297492,0.364688,0.918943,quasi
1103,9.191667,0.048106,0.013225,0.420604,0.905872,-0.382892,0.349917,0.037056,-0.021305,-0.054529,0.244965,0.967763,0.05401,0.472101,0.045778,-0.043455,0.050447,-0.360284,-0.930463,-0.295471,0.365959,0.918896,quasi
1104,9.2,0.04836,0.013743,0.420869,0.905727,-0.382827,0.349899,0.037083,-0.027408,-0.047132,0.243762,0.968301,0.054188,0.472755,0.044985,-0.042778,0.051402,-0.360704,-0.93028,-0.293494,0.367199,0.918918,quasi
1105,9.208333,0.048454,0.014184,0.421151,0.905584,-0.382779,0.349875,0.037116,-0.029974,-0.042058,0.244549,0.96826,0.054352,0.473058,0.044126,-0.042329,0.051778,-0.361315,-0.930042,-0.29142,0.368409,0.918987,quasi
1106,9.216667,0.048589,0.014648,0.42141,0.905449,-0.382736,0.349841,0.037151,-0.032799,-0.03985,0.246836,0.967682,0.054654,0.47316,0.042986,-0.041969,0.052691,-0.361228,-0.930041,-0.289316,0.369688,0.918944,quasi
1107,9.225,0.04861,0.015058,0.421676,0.905317,-0.382693,0.349818,0.037195,-0.036075,-0.034918,0.246692,0.967793,0.055119,0.473276,0.042339,-0.041628,0.052383,-0.361794,-0.929854,-0.287155,0.370919,0.918945,quasi
1108,9.233333,0.048706,0.015523,0.421971,0.905167,-0.382653,0.349799,0.037233,-0.03919,-0.031422,0.245621,0.968064,0.055663,0.473326,0.041766,-0.041366,0.052209,-0.362235,-0.929704,-0.285093,0.372072,0.918828,quasi
1109,9.241667,0.048717,0.015946,0.42225,0.905029,-0.382613,0.349794,0.037272,-0.040754,-0.029071,0.244457,0.968367,0.056234,0.473352,0.041414,-0.041472,0.052216,-0.362823,-0.929469,-0.283028,0.373247,0.918795,quasi
1110,9.25,0.048796,0.016431,0.42253,0.904885,-0.382568,0.349779,0.037309,-0.042867,-0.028619,0.243595,0.968507,0.05664,0.473482,0.04109,-0.041438,0.051938,-0.363488,-0.929227,-0.280919,0.374367,0.918713,quasi
1111,9.258333,0.048813,0.016902,0.42288,0.904712,-0.382526,0.349766,0.037345,-0.043385,-0.028384,0.242566,0.968749,0.056835,0.4736,0.040758,-0.041215,0.051537,-0.364149,-0.929,-0.278707,0.37547,0.918543,quasi
1112,9.266667,0.04914,0.01775,0.423335,0.904466,-0.382507,0.349749,0.037439,-0.044892,-0.028535,0.242212,0.968764,0.056886,0.473748,0.040565,-0.04093,0.051024,-0.365001,-0.928706,-0.276674,0.376469,0.918455,quasi
1113,9.275,0.050128,0.018972,0.423591,0.904266,-0.38241,0.349641,0.037519,-0.046208,-0.028998,0.242286,0.96867,0.056861,0.473873,0.040484,-0.040439,0.050243,-0.366036,-0.928363,-0.274628,0.37745,0.918327,quasi
1114,9.283333,0.04997,0.019415,0.424498,0.90384,-0.382511,0.349672,0.037568,-0.046861,-0.029213,0.242414,0.9686,0.056857,0.473947,0.040392,-0.039999,0.050071,-0.366672,-0.92814,-0.272529,0.378399,0.918195,quasi
1115,9.291667,0.050284,0.019886,0.424929,0.90361,-0.382479,0.349607,0.03759,-0.047257,-0.029312,0.242551,0.968544,0.056905,0.473978,0.040345,-0.03928,0.04954,-0.367602,-0.927832,-0.270576,0.379344,0.918204,quasi
1116,9.3,0.050411,0.020211,0.425292,0.903425,-0.38243,0.349562,0.037604,-0.047625,-0.029338,0.242462,0.968547,0.056994,0.473995,0.040277,-0.038531,0.049778,-0.368111,-0.927648,-0.268597,0.380251,0.918136,quasi
1117,9.308333,0.050343,0.020534,0.425567,0.903292,-0.382364,0.349557,0.037622,-0.048136,-0.029214,0.242103,0.968615,0.057072,0.474004,0.040204,-0.037511,0.049312,-0.368839,-0.927426,-0.266756,0.381022,0.918157,quasi
1118,9.316667,0.050331,0.02093,0.425928,0.903113,-0.382298,0.349526,0.037668,-0.048535,-0.029396,0.241863,0.96865,0.057146,0.474004,0.040133,-0.036664,0.049043,-0.36953,-0.927199,-0.26503,0.381714,0.918249,quasi
1119,9.325,0.050305,0.021418,0.426207,0.902972,-0.382239,0.349508,0.037731,-0.048533,-0.029536,0.241566,0.96872,0.057188,0.474025,0.040081,-0.035673,0.049712,-0.369458,-0.927231,-0.263087,0.38263,0.91828,quasi
1120,9.333333,0.050242,0.021917,0.426532,0.90281,-0.382166,0.349511,0.037794,-0.048593,-0.029707,0.241303,0.968777,0.057226,0.474048,0.040023,-0.03462,0.049368,-0.369498,-0.927273,-0.261442,0.38335,0.918405,quasi
1121,9.341667,0.050133,0.022424,0.426833,0.902661,-0.3821,0.349504,0.037866,-0.04887,-0.029668,0.241166,0.968799,0.057264,0.474055,0.039981,-0.033749,0.049657,-0.369355,-0.927347,-0.259499,0.38419,0.91851,quasi
1122,9.35,0.050157,0.02288,0.427191,0.902479,-0.382033,0.349496,0.037933,-0.048995,-0.029666,0.240973,0.96884,0.057286,0.474081,0.03993,-0.033184,0.049174,-0.369697,-0.927257,-0.257945,0.384827,0.91877,quasi
1123,9.358333,0.05003,0.023335,0.427488,0.902334,-0.381958,0.349491,0.037989,-0.049118,-0.029751,0.240809,0.968872,0.057302,0.474096,0.039857,-0.032673,0.048898,-0.369883,-0.927215,-0.256266,0.38555,0.919014,quasi
1124,9.366667,0.050046,0.023775,0.427842,0.902154,-0.381877,0.349483,0.038048,-0.049208,-0.029802,0.240645,0.968907,0.05732,0.474114,0.039803,-0.032075,0.04837,-0.370205,-0.927135,-0.254733,0.386232,0.919221,quasi
1125,9.375,0.050036,0.024145,0.428154,0.901996,-0.381811,0.349465,0.038097,-0.049375,-0.029851,0.240523,0.968927,0.057341,0.47413,0.039763,-0.031626,0.048006,-0.37026,-0.927147,-0.25316,0.386942,0.919442,quasi
1126,9.383333,0.050128,0.024451,0.428481,0.901828,-0.381742,0.349432,0.038134,-0.049691,-0.029927,0.240496,0.968915,0.057362,0.474146,0.039721,-0.030519,0.047122,-0.369036,-0.927718,-0.251462,0.386922,0.919626,quasi
1127,9.391667,0.050208,0.024752,0.428837,0.901646,-0.381683,0.349389,0.038156,-0.05,-0.029908,0.240433,0.968916,0.057389,0.474161,0.039706,-0.030052,0.046625,-0.368841,-0.927836,-0.249872,0.387503,0.919866,quasi
1128,9.4,0.05037,0.025046,0.429121,0.901494,-0.381628,0.349336,0.038178,-0.050449,-0.02992,0.240412,0.968897,0.057408,0.474161,0.03969,-0.029611,0.046025,-0.369299,-0.927698,-0.24845,0.387978,0.920057,quasi
1129,9.408333,0.050526,0.025269,0.429422,0.901335,-0.381583,0.349284,0.03819,-0.050961,-0.030034,0.240428,0.968863,0.05744,0.474168,0.039689,-0.029289,0.045316,-0.36972,-0.927575,-0.246815,0.388477,0.920256,quasi
1130,9.416667,0.050472,0.025217,0.429652,0.90123,-0.381532,0.349207,0.038219,-0.051572,-0.030111,0.240369,0.968843,0.057456,0.474155,0.039656,-0.029033,0.044327,-0.370467,-0.927333,-0.245369,0.388704,0.920507,quasi
1131,9.425,0.050667,0.025275,0.429885,0.901106,-0.381503,0.349151,0.038222,-0.052044,-0.030268,0.240337,0.968821,0.057457,0.474148,0.039622,-0.028647,0.044136,-0.370902,-0.92718,-0.24374,0.389323,0.920623,quasi
1132,9.433333,0.050979,0.025413,0.430032,0.901015,-0.381486,0.349106,0.03822,-0.052411,-0.030345,0.240355,0.968794,0.057455,0.47415,0.039586,-0.028396,0.043497,-0.372125,-0.926728,-0.242411,0.389509,0.920809,quasi
1133,9.441667,0.051489,0.025635,0.430202,0.900899,-0.3815,0.349092,0.038168,-0.052827,-0.030521,0.240413,0.968752,0.057448,0.474148,0.039565,-0.027956,0.043166,-0.372642,-0.926549,-0.240948,0.39002,0.920927,quasi
1134,9.45,0.051609,0.025536,0.43025,0.900872,-0.381511,0.349052,0.038146,-0.05325,-0.030516,0.24048,0.968712,0.057402,0.474132,0.039544,-0.027424,0.042125,-0.373904,-0.926104,-0.239728,0.390017,0.921011,quasi
1135,9.458333,0.051707,0.025424,0.430314,0.900839,-0.381524,0.349013,0.038128,-0.053922,-0.030483,0.240549,0.968659,0.057336,0.474092,0.039512,-0.02667,0.041338,-0.374305,-0.926,-0.238332,0.390256,0.921028,quasi
1136,9.466667,0.05182,0.025261,0.430299,0.900844,-0.381542,0.348973,0.038097,-0.054505,-0.030553,0.240567,0.968619,0.057282,0.47408,0.039469,-0.026173,0.040665,-0.375256,-0.925659,-0.237023,0.390511,0.921063,quasi
1137,9.475,0.051976,0.02515,0.430329,0.900823,-0.381559,0.348941,0.038063,-0.055313,-0.030819,0.240629,0.96855,0.057239,0.474077,0.039429,-0.02546,0.039966,-0.375778,-0.925497,-0.23559,0.390727,0.921089,quasi
1138,9.483333,0.052203,0.02507,0.43036,0.900798,-0.381571,0.348902,0.03803,-0.056151,-0.031072,0.240658,0.968486,0.057191,0.474071,0.039385,-0.025019,0.03964,-0.376226,-0.925342,-0.234313,0.391052,0.921124,quasi
1139,9.491667,0.050745,0.024471,0.430865,0.900656,-0.381473,0.348724,0.03806,-0.056674,-0.031336,0.240608,0.96846,0.057123,0.474057,0.039357,-0.024675,0.03945,-0.376692,-0.925169,-0.233065,0.39128,0.921198,quasi
1140,9.5,0.052422,0.02483,0.430454,0.900747,-0.381574,0.348795,0.037977,-0.057254,-0.031609,0.240596,0.968419,0.057082,0.47406,0.039323,-0.024746,0.03824,-0.377757,-0.924784,-0.232033,0.391369,0.921341,quasi
1141,9.508333,0.052898,0.024785,0.430482,0.900707,-0.381593,0.348789,0.037933,-0.057608,-0.031777,0.240599,0.968392,0.057048,0.474064,0.039302,-0.02482,0.037809,-0.378376,-0.924547,-0.230898,0.391639,0.921462,quasi
1142,9.516667,0.053095,0.024699,0.43058,0.900651,-0.381594,0.348735,0.0379,-0.057894,-0.031929,0.24058,0.968375,0.057007,0.474059,0.039289,-0.024701,0.037536,-0.378728,-0.924416,-0.229862,0.391834,0.921637,quasi
1143,9.525,0.053145,0.024552,0.430655,0.900616,-0.381594,0.348675,0.037875,-0.058084,-0.031979,0.240561,0.968367,0.056975,0.474064,0.039289,-0.024154,0.037063,-0.379172,-0.924268,-0.2289,0.391867,0.921759,quasi
1144,9.533333,0.053244,0.024347,0.430726,0.900582,-0.381598,0.348624,0.03784,-0.058212,-0.032119,0.240554,0.968356,0.056937,0.47405,0.03928,-0.023891,0.036864,-0.379371,-0.924201,-0.227712,0.392346,0.92186,quasi
1145,9.541667,0.053306,0.024106,0.430723,0.900586,-0.381612,0.348561,0.037816,-0.058398,-0.032321,0.240704,0.968301,0.056925,0.474026,0.039276,-0.023369,0.036769,-0.37967,-0.924096,-0.226448,0.3923,0.921998,quasi
1146,9.55,0.053357,0.023911,0.430732,0.900584,-0.381632,0.348509,0.037786,-0.058353,-0.032445,0.240731,0.968293,0.05689,0.474014,0.03927,-0.023229,0.03572,-0.380463,-0.923814,-0.2256,0.392391,0.922048,quasi
1147,9.558333,0.053416,0.023717,0.430758,0.900573,-0.381649,0.348458,0.037756,-0.05826,-0.032501,0.240728,0.968297,0.056849,0.474006,0.039272,-0.023192,0.035032,-0.380812,-0.923698,-0.224549,0.392829,0.92206,quasi
1148,9.566667,0.053381,0.023422,0.430813,0.900557,-0.381662,0.348385,0.037706,-0.058315,-0.032652,0.2408,0.968271,0.056815,0.473987,0.039269,-0.022744,0.034629,-0.381219,-0.923556,-0.22327,0.392764,0.92209,quasi
1149,9.575,0.053471,0.023275,0.430822,0.900551,-0.381672,0.348328,0.037681,-0.05829,-0.032742,0.240793,0.968271,0.056782,0.473978,0.039274,-0.022758,0.034109,-0.381612,-0.923413,-0.222303,0.393027,0.921998,quasi
1150,9.583333,0.053588,0.023073,0.430815,0.900552,-0.381684,0.348264,0.037641,-0.058119,-0.032687,0.240768,0.96829,0.056742,0.473976,0.039281,-0.022782,0.033983,-0.381982,-0.923264,-0.220995,0.393268,0.921938,quasi
1151,9.591667,0.053732,0.022909,0.430777,0.900566,-0.381689,0.348202,0.037606,-0.057835,-0.032374,0.240589,0.968361,0.056691,0.473979,0.039292,-0.022597,0.033097,-0.382362,-0.923143,-0.219941,0.393278,0.921949,quasi
1152,9.6,0.05379,0.022694,0.43079,0.900562,-0.381706,0.348142,0.037569,-0.058128,-0.031881,0.240514,0.968379,0.056709,0.47394,0.039342,-0.022922,0.033019,-0.382664,-0.923013,-0.218751,0.393769,0.921698,quasi
1153,9.608333,0.053857,0.022522,0.430738,0.900587,-0.381728,0.348085,0.037533,-0.057767,-0.031478,0.240392,0.968444,0.05669,0.473957,0.039384,-0.022701,0.032072,-0.38318,-0.922838,-0.217599,0.393658,0.921723,quasi
1154,9.616667,0.053955,0.022313,0.430718,0.900596,-0.381743,0.348029,0.037492,-0.058644,-0.031013,0.240574,0.968361,0.056777,0.473928,0.039463,-0.022793,0.032078,-0.383204,-0.922825,-0.216326,0.394041,0.92146,quasi
1155,9.625,0.054082,0.022205,0.430714,0.900593,-0.381759,0.347976,0.037457,-0.058788,-0.030393,0.240464,0.968399,0.056794,0.473883,0.039528,-0.023032,0.031342,-0.383562,-0.922696,-0.215072,0.394133,0.921416,quasi
1156,9.633333,0.05417,0.02206,0.430711,0.900593,-0.381773,0.34793,0.037418,-0.058707,-0.029996,0.240365,0.968441,0.05678,0.473845,0.039603,-0.023143,0.03122,-0.38354,-0.922706,-0.213802,0.394546,0.921158,quasi
1157,9.641667,0.054201,0.021896,0.430709,0.900596,-0.381791,0.347869,0.037386,-0.058447,-0.02967,0.240183,0.968512,0.056724,0.473816,0.039641,-0.023328,0.031217,-0.383682,-0.922642,-0.212478,0.39487,0.920934,quasi
1158,9.65,0.054271,0.021751,0.430635,0.90063,-0.381813,0.347802,0.037355,-0.058047,-0.029452,0.239972,0.968595,0.056639,0.473783,0.039674,-0.023419,0.030671,-0.383886,-0.922574,-0.211028,0.395194,0.920744,quasi
1159,9.658333,0.054309,0.021595,0.430589,0.900654,-0.381838,0.347742,0.037325,-0.057889,-0.029473,0.239942,0.968612,0.056551,0.473744,0.039726,-0.023452,0.030711,-0.383799,-0.922608,-0.209523,0.395535,0.920474,quasi
1160,9.666667,0.054327,0.021464,0.430571,0.900665,-0.381868,0.3477,0.037296,-0.057425,-0.029707,0.240006,0.968616,0.056459,0.473722,0.03977,-0.023715,0.030023,-0.384133,-0.922485,-0.208081,0.395826,0.920311,quasi
1161,9.675,0.054475,0.021396,0.430461,0.90071,-0.381882,0.347649,0.037273,-0.057162,-0.030155,0.240178,0.968575,0.056378,0.473728,0.039827,-0.023704,0.030369,-0.383643,-0.922677,-0.206387,0.3964,0.919894,quasi
1162,9.683333,0.0546,0.021426,0.430448,0.900708,-0.381891,0.347616,0.037249,-0.057356,-0.030617,0.240443,0.968483,0.056342,0.473738,0.039898,-0.024027,0.029771,-0.383769,-0.922636,-0.20477,0.396659,0.919737,quasi
1163,9.691667,0.054602,0.021478,0.430418,0.900721,-0.381906,0.347581,0.037243,-0.057441,-0.031063,0.240621,0.96842,0.056294,0.47377,0.039967,-0.024038,0.030059,-0.383654,-0.922675,-0.203049,0.397299,0.91938,quasi
1164,9.7,0.05453,0.021679,0.430467,0.900697,-0.38195,0.347616,0.037243,-0.057338,-0.031444,0.240599,0.968419,0.056215,0.47374,0.040003,-0.024308,0.029473,-0.38384,-0.922609,-0.201262,0.397706,0.919142,quasi
1165,9.708333,0.054389,0.022075,0.430429,0.900714,-0.38195,0.347626,0.037251,-0.057492,-0.031778,0.240486,0.968427,0.05615,0.473729,0.040054,-0.024193,0.029741,-0.383464,-0.92276,-0.199314,0.398376,0.918685,quasi
1166,9.716667,0.054391,0.02242,0.430465,0.900688,-0.381944,0.34762,0.03726,-0.057597,-0.03212,0.240357,0.968442,0.05609,0.473712,0.040091,-0.02476,0.029192,-0.384015,-0.922533,-0.197496,0.398782,0.918499,quasi
1167,9.725,0.054362,0.022908,0.430484,0.900669,-0.381918,0.347618,0.037287,-0.057838,-0.032366,0.240146,0.968472,0.056038,0.473679,0.040106,-0.024452,0.029196,-0.383945,-0.92257,-0.195421,0.399423,0.918049,quasi
1168,9.733333,0.054427,0.023596,0.430537,0.900621,-0.381895,0.347629,0.037325,-0.058115,-0.032702,0.240046,0.968469,0.056004,0.473684,0.040106,-0.024703,0.029417,-0.384166,-0.922465,-0.193254,0.400058,0.917699,quasi
1169,9.741667,0.054336,0.024333,0.430575,0.900589,-0.381861,0.347626,0.037357,-0.058488,-0.03294,0.240015,0.968445,0.055979,0.473716,0.040073,-0.02462,0.028987,-0.384485,-0.922348,-0.191141,0.400725,0.917425,quasi
1170,9.75,0.054314,0.02527,0.430691,0.900509,-0.381837,0.347626,0.037392,-0.05887,-0.032898,0.240049,0.968415,0.055969,0.473772,0.040046,-0.024457,0.029802,-0.384405,-0.922359,-0.18884,0.401486,0.917004,quasi
1171,9.758333,0.054254,0.026258,0.430963,0.900354,-0.381819,0.347672,0.037439,-0.059132,-0.03293,0.240008,0.968409,0.055955,0.473826,0.039985,-0.02498,0.030264,-0.384804,-0.922164,-0.186467,0.402341,0.916595,quasi
1172,9.766667,0.054479,0.027297,0.430832,0.900373,-0.381759,0.347687,0.037502,-0.059455,-0.032955,0.2399,0.968415,0.055939,0.473901,0.039931,-0.02489,0.029989,-0.385291,-0.921972,-0.184129,0.403046,0.916272,quasi
1173,9.775,0.05457,0.028375,0.430733,0.900381,-0.381694,0.347708,0.037586,-0.059808,-0.032952,0.239888,0.968396,0.055972,0.473989,0.039889,-0.02458,0.03048,-0.385139,-0.922027,-0.181604,0.403879,0.915837,quasi
1174,9.783333,0.054788,0.02988,0.430655,0.900356,-0.381633,0.347746,0.037704,-0.060109,-0.03294,0.239912,0.968372,0.055996,0.474052,0.03984,-0.02489,0.030608,-0.385638,-0.921806,-0.179097,0.404711,0.915451,quasi
1175,9.791667,0.054852,0.031592,0.430738,0.900254,-0.381567,0.34777,0.037846,-0.060247,-0.03285,0.239899,0.96837,0.056031,0.474085,0.039783,-0.024808,0.030888,-0.385808,-0.921728,-0.176467,0.405496,0.915065,quasi
1176,9.8,0.05314,0.033208,0.431115,0.900119,-0.381327,0.347674,0.038085,-0.060931,-0.032714,0.239951,0.968319,0.056101,0.474142,0.039729,-0.024841,0.030183,-0.385998,-0.921671,-0.173954,0.406248,0.914718,quasi
1177,9.808333,0.052949,0.034961,0.431525,0.899867,-0.381239,0.347632,0.038266,-0.061121,-0.032718,0.239987,0.968298,0.056149,0.474194,0.039665,-0.025344,0.030905,-0.386128,-0.921579,-0.171192,0.407338,0.914272,quasi
1178,9.816667,0.051992,0.036671,0.432226,0.899518,-0.381098,0.347548,0.038506,-0.061406,-0.032842,0.23996,0.968282,0.056197,0.474252,0.03961,-0.025384,0.030594,-0.386337,-0.921501,-0.168369,0.408179,0.913886,quasi
1179,9.825,0.050485,0.038604,0.433301,0.899006,-0.380961,0.347383,0.03884,-0.061839,-0.03305,0.240007,0.968236,0.056246,0.474326,0.039556,-0.025766,0.030244,-0.386677,-0.921359,-0.165535,0.408999,0.913546,quasi
1180,9.833333,0.048713,0.040375,0.434656,0.898371,-0.380728,0.347235,0.039178,-0.062179,-0.033399,0.240053,0.968191,0.056289,0.474417,0.0395,-0.025553,0.030182,-0.387178,-0.921157,-0.162661,0.409848,0.913235,quasi
1181,9.841667,0.048486,0.043263,0.4356,0.897792,-0.380539,0.347198,0.039531,-0.062562,-0.033872,0.240188,0.968116,0.056323,0.474473,0.039469,-0.024815,0.030468,-0.387397,-0.921075,-0.159657,0.410899,0.913088,quasi
1182,9.85,0.046887,0.046159,0.436848,0.897126,-0.380255,0.347062,0.039998,-0.063102,-0.034028,0.240222,0.968067,0.056371,0.474537,0.039435,-0.024643,0.030913,-0.387589,-0.920984,-0.156649,0.411955,0.912916,quasi
1183,9.858333,0.043507,0.048746,0.438334,0.896434,-0.379852,0.346813,0.040564,-0.063261,-0.034138,0.240399,0.968009,0.056441,0.474567,0.039395,-0.024173,0.031501,-0.387536,-0.920999,-0.153526,0.412898,0.912831,quasi
1184,9.866667,0.041416,0.051993,0.439524,0.895768,-0.379532,0.346695,0.041204,-0.063588,-0.034386,0.240517,0.967949,0.056503,0.474636,0.039364,-0.02378,0.032515,-0.387918,-0.920813,-0.150336,0.414075,0.91283,quasi
1185,9.875,0.038038,0.055779,0.440619,0.895152,-0.379162,0.346588,0.041959,-0.064065,-0.034484,0.2406,0.967894,0.056556,0.474667,0.039318,-0.023673,0.033561,-0.388609,-0.920487,-0.147098,0.415221,0.912994,quasi
1186,9.883333,0.034669,0.060184,0.441801,0.894421,-0.378798,0.346595,0.042878,-0.064398,-0.034618,0.240569,0.967875,0.056596,0.474684,0.039273,-0.02341,0.033842,-0.389293,-0.920195,-0.143893,0.416278,0.913198,quasi
1187,9.891667,0.032067,0.065226,0.442681,0.893728,-0.378442,0.346686,0.043874,-0.064444,-0.034712,0.240564,0.967869,0.056638,0.474689,0.039204,-0.023429,0.034068,-0.389601,-0.920055,-0.140669,0.417392,0.913489,quasi
1188,9.9,0.025681,0.070942,0.443811,0.892939,-0.377722,0.346916,0.045318,-0.064398,-0.035014,0.240344,0.967916,0.056667,0.474702,0.039077,-0.023211,0.034582,-0.389601,-0.920042,-0.137321,0.418459,0.913771,quasi
1189,9.908333,0.018918,0.07647,0.445087,0.892016,-0.377206,0.346965,0.046784,-0.064567,-0.035121,0.24043,0.96788,0.056732,0.474646,0.039007,-0.022779,0.034553,-0.390219,-0.919792,-0.134043,0.419274,0.914217,quasi
1190,9.916667,0.012858,0.082574,0.446461,0.890892,-0.3766,0.347154,0.048325,-0.06446,-0.034922,0.240314,0.967923,0.056777,0.474612,0.038973,-0.022288,0.034432,-0.390496,-0.919691,-0.130736,0.420018,0.914647,quasi
1191,9.925,0.010064,0.094955,0.443696,0.891076,-0.375298,0.34723,0.049783,-0.064686,-0.035103,0.240572,0.967837,0.056839,0.474556,0.038932,-0.021835,0.0345,-0.39041,-0.919735,-0.127245,0.42079,0.915163,quasi
1192,9.933333,0.0054,0.103678,0.444064,0.88996,-0.37453,0.347692,0.051677,-0.06445,-0.035307,0.240629,0.967831,0.056861,0.474491,0.038815,-0.021731,0.034978,-0.390109,-0.919847,-0.123952,0.421818,0.915636,quasi
1193,9.941667,8.1e-05,0.112529,0.444509,0.888678,-0.373696,0.348219,0.053789,-0.064316,-0.035481,0.240654,0.967827,0.05689,0.474465,0.038754,-0.021373,0.036093,-0.390931,-0.919464,-0.120545,0.423057,0.916379,quasi
1194,9.95,-0.00601,0.122417,0.445179,0.887014,-0.372785,0.34882,0.056024,-0.064058,-0.035696,0.240723,0.96782,0.056909,0.474452,0.038682,-0.020835,0.035994,-0.390133,-0.919819,-0.116994,0.423558,0.916978,quasi
1195,9.958333,-0.012243,0.133469,0.445565,0.88516,-0.371646,0.349407,0.058364,-0.063339,-0.035149,0.240438,0.967958,0.056921,0.474462,0.03867,-0.020618,0.036224,-0.389345,-0.920149,-0.113499,0.424364,0.917639,quasi
1196,9.966667,-0.018761,0.144928,0.445933,0.883056,-0.370399,0.350127,0.061078,-0.063365,-0.034899,0.240369,0.967982,0.05695,0.474454,0.038678,-0.020602,0.036617,-0.388822,-0.920354,-0.11012,0.425034,0.918471,quasi
1197,9.975,-0.025477,0.157391,0.44649,0.880469,-0.369003,0.35095,0.064103,-0.062707,-0.034729,0.24028,0.968053,0.056938,0.474453,0.038631,-0.020377,0.037194,-0.388127,-0.92063,-0.106644,0.425796,0.919285,quasi
1198,9.983333,-0.033423,0.17125,0.447622,0.877035,-0.367487,0.351819,0.067307,-0.061988,-0.034395,0.240068,0.968164,0.056936,0.474446,0.038572,-0.019953,0.037124,-0.387203,-0.921031,-0.103157,0.426542,0.920119,quasi
1199,9.991667,-0.041734,0.186577,0.448028,0.873337,-0.365674,0.352765,0.070528,-0.060961,-0.034188,0.239912,0.968275,0.05692,0.474467,0.038521,-0.020219,0.037903,-0.386366,-0.921345,-0.099773,0.427278,0.921025,quasi
1200,10.0,-0.049459,0.203351,0.448906,0.868726,-0.363628,0.354053,0.074131,-0.059614,-0.034114,0.239784,0.968394,0.056966,0.474506,0.038487,-0.019955,0.038149,-0.385393,-0.921747,-0.096363,0.427929,0.921947,quasi
1201,10.008333,-0.05882,0.219666,0.450218,0.863476,-0.36123,0.355461,0.077825,-0.058308,-0.03427,0.239998,0.968415,0.057046,0.474525,0.038432,-0.01553,0.036296,-0.385401,-0.921904,-0.093504,0.428814,0.921635,quasi
1202,10.016667,-0.06669,0.238349,0.448852,0.858647,-0.358485,0.357507,0.08169,-0.057788,-0.034663,0.241041,0.968173,0.057039,0.474582,0.038426,-0.020268,0.038822,-0.383674,-0.92243,-0.089774,0.429009,0.923683,quasi
1203,10.025,-0.075034,0.258728,0.448,0.852482,-0.355325,0.359542,0.085545,-0.055198,-0.035762,0.242297,0.96797,0.056962,0.474761,0.03833,-0.020811,0.038888,-0.382543,-0.922885,-0.086383,0.429564,0.924517,quasi
1204,10.033333,-0.083005,0.27731,0.447245,0.846275,-0.352007,0.361817,0.089787,-0.053434,-0.035871,0.242546,0.968003,0.056917,0.474866,0.038259,-0.017139,0.03687,-0.383347,-0.922709,-0.083815,0.430087,0.924486,quasi
1205,10.041667,-0.090799,0.296082,0.447807,0.838785,-0.348346,0.364517,0.094444,-0.052454,-0.036412,0.2428,0.967973,0.056887,0.474817,0.038091,-0.016954,0.037162,-0.383082,-0.922811,-0.080795,0.43054,0.925297,quasi
1206,10.05,-0.10126,0.310454,0.448034,0.832244,-0.344385,0.367697,0.099309,-0.052799,-0.036519,0.242788,0.967953,0.056899,0.474848,0.038054,-0.017252,0.038022,-0.382772,-0.922899,-0.077731,0.430995,0.926099,quasi
1207,10.058333,-0.112492,0.324205,0.448412,0.825326,-0.33999,0.370748,0.104322,-0.053724,-0.03666,0.242973,0.96785,0.05692,0.474889,0.038019,-0.016692,0.038478,-0.382645,-0.922943,-0.074788,0.431504,0.926939,quasi
1208,10.066667,-0.119415,0.336831,0.447801,0.819609,-0.335482,0.37428,0.10952,-0.053969,-0.03663,0.243059,0.967816,0.056908,0.474934,0.037981,-0.017168,0.039184,-0.382291,-0.923051,-0.071934,0.432065,0.927583,quasi
1209,10.075,-0.125838,0.348592,0.447845,0.813685,-0.330646,0.378165,0.114591,-0.054127,-0.036894,0.243185,0.967766,0.056874,0.474952,0.037887,-0.017353,0.04,-0.382433,-0.922954,-0.069099,0.432518,0.92822,quasi
1210,10.083333,-0.132289,0.358786,0.449628,0.807222,-0.325191,0.38226,0.119556,-0.053844,-0.037238,0.243245,0.967753,0.056829,0.474965,0.037767,-0.017206,0.040827,-0.382483,-0.9229,-0.066329,0.433024,0.92888,quasi
1211,10.091667,-0.134317,0.36874,0.451095,0.801563,-0.31953,0.386638,0.123909,-0.054261,-0.037037,0.24325,0.967736,0.056828,0.474992,0.037806,-0.018146,0.041064,-0.382215,-0.922982,-0.063565,0.433569,0.929295,quasi
1212,10.1,-0.133279,0.375058,0.451902,0.798343,-0.31367,0.391596,0.127808,-0.054342,-0.037495,0.243355,0.967688,0.056799,0.474986,0.037706,-0.019603,0.041577,-0.382004,-0.923017,-0.060962,0.434082,0.929612,quasi
1213,10.108333,-0.132664,0.375634,0.454289,0.79682,-0.307218,0.397381,0.131166,-0.054312,-0.037733,0.24306,0.967754,0.056789,0.474975,0.037655,-0.020205,0.042185,-0.381951,-0.922998,-0.058286,0.43475,0.930147,quasi
1214,10.116667,-0.130665,0.370816,0.458614,0.796929,-0.300322,0.404022,0.134117,-0.05474,-0.037448,0.243114,0.967728,0.056785,0.474995,0.037683,-0.020479,0.043362,-0.381558,-0.9231,-0.055669,0.435512,0.930618,quasi
1215,10.125,-0.124812,0.366657,0.462287,0.797668,-0.292479,0.411523,0.136529,-0.054727,-0.037514,0.243198,0.967705,0.056773,0.474997,0.037662,-0.022583,0.044288,-0.381544,-0.923013,-0.053283,0.436246,0.931037,quasi
1216,10.133333,-0.116175,0.360945,0.464865,0.800077,-0.284569,0.419007,0.137994,-0.05467,-0.037498,0.243195,0.967709,0.056747,0.475013,0.037648,-0.023541,0.045324,-0.381073,-0.923133,-0.050834,0.43712,0.931453,quasi
1217,10.141667,-0.108806,0.352369,0.463896,0.80548,-0.276315,0.427332,0.138172,-0.054349,-0.03749,0.242906,0.9678,0.056759,0.47502,0.037641,-0.024088,0.046602,-0.379723,-0.923612,-0.04832,0.43808,0.931711,quasi
1218,10.15,-0.102957,0.344937,0.465445,0.808566,-0.267684,0.435665,0.13798,-0.054427,-0.037683,0.24274,0.96783,0.056765,0.474996,0.0376,-0.030917,0.048065,-0.377923,-0.924071,-0.04567,0.438483,0.932966,quasi
1219,10.158333,-0.104433,0.331192,0.469785,0.811608,-0.259363,0.444275,0.136535,-0.054261,-0.037852,0.242685,0.967847,0.056738,0.474994,0.037546,-0.032196,0.049032,-0.376683,-0.924483,-0.043296,0.439334,0.933487,quasi
1220,10.166667,-0.103553,0.318528,0.470973,0.816089,-0.249777,0.4536,0.135305,-0.054349,-0.037886,0.242651,0.967849,0.056731,0.475008,0.037536,-0.03425,0.049797,-0.375133,-0.924999,-0.040918,0.44008,0.933762,quasi
1221,10.175,-0.098379,0.307369,0.468744,0.822268,-0.239686,0.462934,0.133521,-0.05428,-0.037964,0.242575,0.967869,0.056705,0.475019,0.037499,-0.035234,0.050758,-0.373913,-0.925403,-0.038661,0.441107,0.934396,quasi
1222,10.183333,-0.099214,0.293405,0.469149,0.827025,-0.229817,0.472784,0.131287,-0.054364,-0.037956,0.242546,0.967872,0.056692,0.475033,0.037496,-0.037732,0.051162,-0.372142,-0.925996,-0.036334,0.441631,0.93462,quasi
1223,10.191667,-0.097298,0.280792,0.466703,0.832993,-0.219396,0.482795,0.128794,-0.054397,-0.037997,0.242464,0.967889,0.056687,0.475035,0.037484,-0.038485,0.051305,-0.370882,-0.926463,-0.034027,0.442612,0.935186,quasi
1224,10.2,-0.095619,0.267206,0.465344,0.838399,-0.209128,0.492686,0.125757,-0.054137,-0.038362,0.242337,0.967921,0.056676,0.475033,0.037433,-0.040643,0.051747,-0.369689,-0.926823,-0.031849,0.44331,0.935599,quasi
1225,10.208333,-0.091437,0.254619,0.463762,0.843643,-0.198586,0.502531,0.122298,-0.05445,-0.038342,0.242435,0.967879,0.056693,0.475045,0.037482,-0.041038,0.051833,-0.368405,-0.927311,-0.029571,0.444295,0.936065,quasi
1226,10.216667,-0.093688,0.241635,0.464618,0.846738,-0.187551,0.512807,0.119039,-0.05503,-0.038143,0.243074,0.967694,0.056671,0.475028,0.037496,-0.042812,0.051715,-0.367096,-0.927757,-0.027323,0.444904,0.936373,quasi
1227,10.225,-0.083997,0.225071,0.460572,0.854495,-0.176967,0.523945,0.115337,-0.05521,-0.037968,0.243131,0.967676,0.056669,0.475026,0.037505,-0.04325,0.051981,-0.366202,-0.928075,-0.025177,0.445888,0.936781,quasi
1228,10.233333,-0.078955,0.212931,0.458565,0.859154,-0.165763,0.534537,0.111635,-0.055113,-0.037896,0.243106,0.967691,0.056658,0.475015,0.0375,-0.044561,0.051907,-0.365499,-0.928294,-0.023067,0.446667,0.937166,quasi
1229,10.241667,-0.077882,0.197777,0.457429,0.863468,-0.154097,0.545451,0.107826,-0.055175,-0.037777,0.242993,0.967721,0.056654,0.475002,0.037487,-0.044289,0.051979,-0.364639,-0.928642,-0.020806,0.447725,0.937503,quasi
1230,10.25,-0.078651,0.182138,0.456333,0.86741,-0.142624,0.556705,0.104123,-0.055111,-0.037738,0.242958,0.967734,0.056646,0.474987,0.03747,-0.045788,0.051653,-0.364287,-0.928725,-0.018774,0.448418,0.937912,quasi
1231,10.258333,-0.074476,0.16887,0.454501,0.871416,-0.131596,0.568251,0.100307,-0.053185,-0.03665,0.242147,0.968087,0.056621,0.475133,0.037515,-0.046085,0.051736,-0.363659,-0.928952,-0.016666,0.449381,0.938131,quasi
1232,10.266667,-0.068979,0.155528,0.454235,0.874485,-0.120161,0.579883,0.096707,-0.054534,-0.037885,0.242479,0.967882,0.056544,0.474884,0.037284,-0.04656,0.051254,-0.363607,-0.928975,-0.014655,0.450248,0.938493,quasi
1233,10.275,-0.065326,0.139644,0.454987,0.877051,-0.108697,0.591794,0.093303,-0.059726,-0.041686,0.244056,0.967022,0.056691,0.474446,0.037055,-0.04666,0.051021,-0.362989,-0.929225,-0.01274,0.4513,0.938661,quasi
1234,10.283333,-0.059187,0.125406,0.455352,0.879446,-0.097236,0.603585,0.089922,-0.059537,-0.040296,0.243258,0.967294,0.056672,0.474253,0.037013,-0.046867,0.050187,-0.362764,-0.929348,-0.010679,0.452028,0.938916,quasi
1235,10.291667,-0.044465,0.111351,0.454867,0.882451,-0.086127,0.61531,0.086299,-0.066078,-0.04267,0.244424,0.966473,0.056557,0.473689,0.036699,-0.047155,0.050368,-0.362689,-0.929353,-0.008871,0.453069,0.939121,quasi
1236,10.3,-0.036573,0.099382,0.458559,0.882332,-0.07482,0.627141,0.083381,-0.065922,-0.04251,0.244359,0.966507,0.056546,0.47367,0.036697,-0.046649,0.049932,-0.362619,-0.929429,-0.006948,0.454037,0.939228,quasi
1237,10.308333,-0.030358,0.085133,0.459367,0.883636,-0.063568,0.638758,0.080853,-0.065867,-0.042198,0.244387,0.966518,0.05652,0.473691,0.036718,-0.047223,0.050016,-0.362344,-0.929503,-0.005201,0.454912,0.939348,quasi
1238,10.316667,-0.024221,0.068469,0.455665,0.887184,-0.052372,0.649981,0.078278,-0.066404,-0.040946,0.244172,0.966589,0.056556,0.473781,0.036984,-0.047473,0.049388,-0.361791,-0.929739,-0.003414,0.4558,0.939325,quasi
1239,10.325,-0.016084,0.056293,0.455059,0.888534,-0.041611,0.66129,0.076011,-0.063599,-0.038652,0.243342,0.967081,0.05641,0.473964,0.037066,-0.047811,0.049956,-0.361683,-0.929733,-0.001621,0.456725,0.939369,quasi
1240,10.333333,-0.009441,0.043704,0.454584,0.889581,-0.030532,0.672421,0.074132,-0.059891,-0.036332,0.241472,0.967876,0.056541,0.474324,0.037403,-0.048037,0.049217,-0.361029,-0.930015,0.000173,0.457639,0.939336,quasi
1241,10.341667,-0.005552,0.030957,0.453473,0.890715,-0.019427,0.683357,0.072656,-0.058639,-0.035583,0.240783,0.968152,0.056625,0.474517,0.037515,-0.04849,0.049048,-0.360467,-0.930219,0.001884,0.458532,0.939259,quasi
1242,10.35,0.000422,0.020185,0.451965,0.891807,-0.008626,0.693995,0.0712,-0.060978,-0.03795,0.241409,0.967762,0.056412,0.474311,0.037214,-0.049096,0.050082,-0.359981,-0.93032,0.003665,0.459424,0.939267,quasi
1243,10.358333,0.009711,0.010354,0.449241,0.893298,0.002216,0.704318,0.06984,-0.061272,-0.038096,0.24143,0.967732,0.056395,0.47434,0.037181,-0.049634,0.050195,-0.359341,-0.930533,0.005364,0.46044,0.939271,quasi
1244,10.366667,0.015739,0.001327,0.451016,0.892376,0.012299,0.71527,0.068774,-0.061483,-0.038131,0.241252,0.967762,0.05639,0.474353,0.03715,-0.050017,0.05021,-0.359037,-0.930629,0.007011,0.461374,0.939297,quasi
1245,10.375,0.020877,-0.010118,0.448394,0.893535,0.022783,0.725255,0.068553,-0.061547,-0.038193,0.24106,0.967803,0.056369,0.474345,0.037119,-0.049393,0.050977,-0.358979,-0.930643,0.008923,0.462453,0.939179,quasi
1246,10.383333,0.025891,-0.021715,0.44552,0.894634,0.033023,0.73512,0.068315,-0.061985,-0.038145,0.241063,0.967776,0.05637,0.474366,0.037127,-0.049235,0.051138,-0.358278,-0.930912,0.010691,0.463516,0.938993,quasi
1247,10.391667,0.031697,-0.032249,0.442932,0.895414,0.043027,0.744754,0.068392,-0.062097,-0.037881,0.241,0.967796,0.056377,0.474364,0.037144,-0.049232,0.052144,-0.358271,-0.930859,0.012357,0.464538,0.939018,quasi
1248,10.4,0.036917,-0.04267,0.440179,0.896135,0.052723,0.754098,0.068852,-0.061766,-0.03697,0.240903,0.967876,0.056347,0.474361,0.037117,-0.048221,0.052286,-0.358065,-0.930983,0.014079,0.465585,0.938886,quasi
1249,10.408333,0.041145,-0.053191,0.437973,0.89647,0.06216,0.763165,0.069559,-0.061542,-0.03637,0.241296,0.967815,0.056348,0.474342,0.037095,-0.047099,0.052141,-0.357471,-0.931277,0.015823,0.466608,0.938814,quasi
1250,10.416667,0.045453,-0.063454,0.435821,0.896643,0.071357,0.771894,0.070352,-0.061406,-0.035863,0.241029,0.967909,0.056397,0.474443,0.037053,-0.047532,0.050738,-0.355165,-0.932215,0.017534,0.466902,0.938202,quasi
1251,10.425,0.049162,-0.073771,0.434496,0.8963,0.080196,0.780373,0.07131,-0.061353,-0.035617,0.241001,0.967929,0.056405,0.47446,0.037028,-0.047721,0.051788,-0.355428,-0.932047,0.019202,0.467761,0.938295,quasi
1252,10.433333,0.052148,-0.083626,0.433378,0.895807,0.088799,0.788563,0.072545,-0.061381,-0.035538,0.240927,0.967948,0.056414,0.474463,0.037017,-0.047076,0.051442,-0.354655,-0.932394,0.020963,0.468685,0.937832,quasi
1253,10.441667,0.054658,-0.093246,0.433075,0.894854,0.097187,0.796361,0.073901,-0.061334,-0.034893,0.240778,0.968012,0.056389,0.474436,0.036992,-0.04676,0.051741,-0.353951,-0.932661,0.022677,0.46951,0.937508,quasi
1254,10.45,0.057814,-0.102246,0.433349,0.893539,0.105255,0.803843,0.07527,-0.06145,-0.034846,0.240767,0.968009,0.056442,0.474492,0.037014,-0.045878,0.052042,-0.353575,-0.93283,0.024348,0.470558,0.937173,quasi
1255,10.458333,0.061477,-0.110281,0.435229,0.891423,0.112807,0.811095,0.076634,-0.0616,-0.034535,0.24056,0.968062,0.056455,0.47453,0.037029,-0.04447,0.051547,-0.352618,-0.933288,0.026161,0.471756,0.936845,quasi
1256,10.466667,0.063971,-0.119056,0.436519,0.889486,0.120286,0.81781,0.077933,-0.062211,-0.03442,0.240296,0.968092,0.05645,0.474594,0.037044,-0.043156,0.052327,-0.352912,-0.933195,0.027927,0.473229,0.936744,quasi
1257,10.475,0.065405,-0.127975,0.438177,0.887325,0.127436,0.824299,0.079739,-0.062362,-0.034267,0.240144,0.968126,0.056458,0.474604,0.037046,-0.04165,0.053347,-0.353852,-0.93285,0.029751,0.474684,0.93664,quasi
1258,10.483333,0.063927,-0.13757,0.439954,0.885115,0.134167,0.830625,0.082063,-0.062385,-0.034053,0.24004,0.968158,0.056472,0.474614,0.037052,-0.040804,0.05431,-0.354235,-0.932686,0.031513,0.476116,0.936531,quasi
1259,10.491667,0.064236,-0.145236,0.442529,0.88258,0.140334,0.836539,0.083999,-0.062327,-0.033885,0.239995,0.968178,0.056473,0.47461,0.037039,-0.043675,0.052707,-0.350049,-0.934227,0.033068,0.475711,0.935525,quasi
1260,10.5,0.065929,-0.152461,0.443027,0.880986,0.146563,0.84167,0.084888,-0.061944,-0.033576,0.239925,0.968231,0.056472,0.474616,0.03702,-0.043404,0.052442,-0.349029,-0.934636,0.034902,0.476803,0.935128,quasi
1261,10.508333,0.069294,-0.157417,0.443839,0.879446,0.152497,0.84647,0.085973,-0.062438,-0.033823,0.240037,0.968163,0.056529,0.474592,0.036988,-0.042861,0.053253,-0.349207,-0.934549,0.03682,0.478006,0.935007,quasi
1262,10.516667,0.069427,-0.163989,0.443536,0.878387,0.157869,0.85101,0.087327,-0.063563,-0.0349,0.240447,0.96795,0.056672,0.474466,0.036854,-0.043438,0.053488,-0.348061,-0.934936,0.038412,0.478881,0.934534,quasi
1263,10.525,0.069562,-0.168881,0.444105,0.877161,0.162741,0.855123,0.088471,-0.064884,-0.035662,0.240875,0.967728,0.056789,0.474355,0.036788,-0.0428,0.054255,-0.347839,-0.935004,0.04023,0.480212,0.934212,quasi
1264,10.533333,0.069963,-0.173418,0.4443,0.876144,0.167203,0.858817,0.089411,-0.066184,-0.036846,0.240703,0.967639,0.056849,0.474431,0.036654,-0.042078,0.055026,-0.347946,-0.934952,0.042107,0.481434,0.93393,quasi
1265,10.541667,0.070104,-0.177343,0.443374,0.875817,0.171362,0.86201,0.090175,-0.06651,-0.036863,0.240729,0.967609,0.056881,0.474444,0.036634,-0.041714,0.056164,-0.347721,-0.934984,0.043766,0.482737,0.93362,quasi
1266,10.55,0.070902,-0.180316,0.44253,0.875572,0.175118,0.864874,0.090765,-0.066448,-0.03684,0.240671,0.967629,0.05689,0.47449,0.036603,-0.040394,0.056559,-0.347776,-0.934998,0.045539,0.484272,0.933264,quasi
1267,10.558333,0.069949,-0.18279,0.440776,0.87602,0.178609,0.867127,0.091141,-0.066415,-0.036439,0.240533,0.96768,0.056871,0.474562,0.036624,-0.038961,0.058114,-0.348415,-0.934726,0.047309,0.485861,0.933099,quasi
1268,10.566667,0.06895,-0.184582,0.438538,0.876846,0.18168,0.869024,0.091225,-0.066037,-0.035803,0.240335,0.967779,0.056823,0.474651,0.036645,-0.037784,0.059434,-0.348803,-0.934546,0.049116,0.487444,0.932905,quasi
1269,10.575,0.070601,-0.184615,0.436103,0.877922,0.184469,0.870517,0.091036,-0.065652,-0.035058,0.240085,0.967895,0.056761,0.474743,0.036691,-0.040808,0.057442,-0.34569,-0.9357,0.050405,0.487371,0.932003,quasi
1270,10.583333,0.070403,-0.184047,0.43395,0.879123,0.186771,0.871672,0.090557,-0.065302,-0.034413,0.239944,0.967976,0.056712,0.474831,0.036729,-0.039698,0.061686,-0.346309,-0.935248,0.052195,0.488831,0.93192,quasi
1271,10.591667,0.067347,-0.183816,0.430131,0.881285,0.188843,0.872232,0.089866,-0.065078,-0.033909,0.239883,0.968024,0.056679,0.474901,0.036768,-0.040036,0.062511,-0.346096,-0.935258,0.053683,0.48991,0.931577,quasi
1272,10.6,0.065936,-0.182024,0.42693,0.883318,0.19046,0.87261,0.088884,-0.065241,-0.033394,0.239853,0.968039,0.056684,0.474967,0.036834,-0.039736,0.061435,-0.345608,-0.935522,0.055326,0.491083,0.931068,quasi
1273,10.608333,0.064089,-0.179631,0.423377,0.885651,0.191686,0.872523,0.087522,-0.065354,-0.03309,0.239824,0.968049,0.056681,0.475006,0.036857,-0.039343,0.059572,-0.344637,-0.936017,0.056917,0.492277,0.930697,quasi
1274,10.616667,0.062218,-0.177061,0.419494,0.888146,0.192746,0.871973,0.085899,-0.065627,-0.032889,0.239798,0.968044,0.056688,0.47503,0.036868,-0.036318,0.058336,-0.344316,-0.936336,0.058652,0.49403,0.930199,quasi
1275,10.625,0.061421,-0.174717,0.414725,0.890901,0.193409,0.871136,0.084101,-0.066083,-0.032787,0.239732,0.968032,0.056706,0.475035,0.03687,-0.037041,0.058516,-0.343109,-0.936739,0.059968,0.495046,0.929679,quasi
1276,10.633333,0.061591,-0.171236,0.410831,0.893366,0.193849,0.8701,0.08204,-0.066475,-0.032724,0.239706,0.968014,0.056738,0.475038,0.036853,-0.0361,0.060024,-0.342652,-0.936848,0.061477,0.496316,0.929109,quasi
1277,10.641667,0.061895,-0.166667,0.407854,0.895571,0.193946,0.86889,0.079774,-0.067139,-0.03255,0.239637,0.967991,0.056775,0.475043,0.036871,-0.034787,0.059762,-0.342222,-0.937071,0.063014,0.497907,0.928716,quasi
1278,10.65,0.061607,-0.162983,0.404433,0.897817,0.193933,0.867607,0.077716,-0.067659,-0.032368,0.239538,0.967986,0.056813,0.475046,0.036872,-0.032965,0.060072,-0.342215,-0.93712,0.064604,0.499571,0.928387,quasi
1279,10.658333,0.062291,-0.156785,0.402867,0.899576,0.193668,0.866683,0.075666,-0.06802,-0.032252,0.23947,0.967981,0.056847,0.475059,0.036878,-0.031395,0.059839,-0.342082,-0.937237,0.066015,0.50133,0.928192,quasi
1280,10.666667,0.061133,-0.151692,0.401277,0.901238,0.193678,0.866047,0.074056,-0.068113,-0.031997,0.23944,0.96799,0.056882,0.475053,0.036891,-0.030226,0.06189,-0.342585,-0.936959,0.067276,0.50315,0.928049,quasi
1281,10.675,0.059565,-0.148284,0.399911,0.902516,0.194305,0.865992,0.073056,-0.068395,-0.031757,0.239399,0.967989,0.056938,0.47505,0.03693,-0.028729,0.063041,-0.342698,-0.936888,0.068542,0.504978,0.927909,quasi
1282,10.683333,0.057911,-0.144909,0.397967,0.90403,0.195584,0.866563,0.072893,-0.068617,-0.031777,0.239195,0.968022,0.056946,0.475065,0.036904,-0.026664,0.063253,-0.342188,-0.937121,0.069902,0.506807,0.927477,quasi
1283,10.691667,0.057715,-0.141891,0.395438,0.905629,0.197497,0.867428,0.072838,-0.069354,-0.031611,0.238923,0.968043,0.057009,0.475111,0.036936,-0.027309,0.065067,-0.342272,-0.936947,0.071023,0.508417,0.927246,quasi
1284,10.7,0.058692,-0.139626,0.393082,0.906943,0.199578,0.86841,0.072534,-0.070245,-0.031635,0.238575,0.968063,0.057085,0.475161,0.03695,-0.027117,0.065312,-0.341799,-0.937108,0.072321,0.509952,0.92699,quasi
1285,10.708333,0.056453,-0.14011,0.388656,0.908917,0.201898,0.869058,0.072028,-0.070917,-0.031589,0.238209,0.968106,0.057152,0.475228,0.036972,-0.030777,0.059774,-0.335598,-0.939603,0.073327,0.50941,0.925316,quasi
1286,10.716667,0.057017,-0.134843,0.387537,0.910154,0.203241,0.870093,0.071361,-0.071452,-0.031502,0.237861,0.968155,0.057216,0.475297,0.037012,-0.03027,0.059147,-0.334937,-0.939895,0.07467,0.510834,0.92513,quasi
1287,10.725,0.056656,-0.129191,0.386501,0.911437,0.204251,0.870782,0.070493,-0.071245,-0.031465,0.237615,0.968232,0.057276,0.475362,0.037093,-0.03082,0.060034,-0.33455,-0.939959,0.075633,0.512105,0.924876,quasi
1288,10.733333,0.05404,-0.124077,0.38563,0.912674,0.204948,0.871134,0.069405,-0.071123,-0.031316,0.23737,0.968306,0.057303,0.475436,0.037138,-0.028739,0.05842,-0.334345,-0.940199,0.077022,0.513726,0.924718,quasi
1289,10.741667,0.049738,-0.119414,0.386609,0.913127,0.204929,0.871604,0.068243,-0.071561,-0.031603,0.237149,0.968318,0.057336,0.475502,0.037107,-0.027947,0.059118,-0.33494,-0.939968,0.077946,0.515262,0.924601,quasi
1290,10.75,0.046494,-0.113082,0.386954,0.913957,0.205351,0.871578,0.067023,-0.072116,-0.031646,0.237048,0.968301,0.05734,0.475533,0.037107,-0.026745,0.057741,-0.335898,-0.939746,0.078714,0.516876,0.924744,quasi
1291,10.758333,0.045679,-0.106129,0.388462,0.914192,0.205349,0.871817,0.065689,-0.072533,-0.031576,0.236988,0.968286,0.057317,0.475551,0.037111,-0.028962,0.058086,-0.334202,-0.940264,0.079547,0.517409,0.923956,quasi
1292,10.766667,0.044168,-0.099595,0.389482,0.914568,0.205528,0.871969,0.064528,-0.073126,-0.031695,0.236919,0.968255,0.057322,0.475567,0.037121,-0.028268,0.056696,-0.334244,-0.940355,0.080476,0.518843,0.923699,quasi
1293,10.775,0.043198,-0.095158,0.390313,0.914732,0.205731,0.872327,0.063651,-0.073252,-0.031548,0.236902,0.968254,0.057314,0.475562,0.03715,-0.027871,0.056669,-0.334699,-0.940206,0.081298,0.520077,0.923586,quasi
1294,10.783333,0.038648,-0.092268,0.390816,0.915017,0.206135,0.872628,0.062917,-0.07406,-0.03181,0.236765,0.968218,0.057313,0.475592,0.037122,-0.026228,0.055762,-0.335415,-0.940053,0.082235,0.521564,0.923566,quasi
1295,10.791667,0.036411,-0.090546,0.390523,0.915406,0.206512,0.873088,0.062331,-0.074755,-0.031983,0.236692,0.968177,0.0573,0.475617,0.037106,-0.024165,0.055806,-0.336495,-0.93972,0.083007,0.523217,0.92377,quasi
1296,10.8,0.035196,-0.08765,0.390278,0.91584,0.206894,0.873621,0.061703,-0.075182,-0.032149,0.236637,0.968151,0.057275,0.47563,0.037079,-0.023638,0.057668,-0.338267,-0.938984,0.083312,0.524659,0.924308,quasi
1297,10.808333,0.032997,-0.083762,0.389443,0.91664,0.207316,0.874054,0.06107,-0.075664,-0.032337,0.23657,0.968124,0.057256,0.475645,0.037061,-0.021249,0.05776,-0.338906,-0.938805,0.084056,0.526277,0.924356,quasi
1298,10.816667,0.029719,-0.079831,0.388566,0.917475,0.207683,0.874425,0.060428,-0.076076,-0.032551,0.236493,0.968103,0.057235,0.475652,0.037026,-0.020677,0.058685,-0.33966,-0.938488,0.084778,0.527673,0.924255,quasi
1299,10.825,0.025756,-0.077513,0.387324,0.918318,0.207909,0.874706,0.05949,-0.076417,-0.032723,0.236412,0.96809,0.057211,0.475656,0.037005,-0.021255,0.059408,-0.340438,-0.938148,0.085489,0.529048,0.924184,quasi
1300,10.833333,0.021446,-0.074115,0.386322,0.919131,0.208123,0.875008,0.058651,-0.076805,-0.03293,0.236365,0.968064,0.05718,0.475652,0.036982,-0.022018,0.059692,-0.341003,-0.937907,0.086134,0.530252,0.924202,quasi
1301,10.841667,0.01593,-0.070066,0.385629,0.919852,0.208334,0.875362,0.057749,-0.077037,-0.033198,0.236303,0.968052,0.057163,0.475647,0.036949,-0.021833,0.059936,-0.341044,-0.937881,0.086784,0.53144,0.924274,quasi
1302,10.85,0.009525,-0.06556,0.384886,0.920583,0.20859,0.87581,0.056838,-0.077256,-0.033299,0.236209,0.968054,0.057144,0.475651,0.036936,-0.02125,0.059574,-0.340796,-0.938007,0.087383,0.532556,0.923938,quasi
1303,10.858333,0.002646,-0.060965,0.384202,0.92123,0.208782,0.876397,0.055772,-0.077466,-0.033459,0.236128,0.968051,0.057121,0.475651,0.036921,-0.020861,0.059207,-0.340441,-0.938168,0.087975,0.533668,0.923747,quasi
1304,10.866667,-0.002469,-0.054787,0.384143,0.921643,0.208926,0.877178,0.054729,-0.077659,-0.033697,0.236022,0.968053,0.057104,0.475653,0.036897,-0.019654,0.058575,-0.339659,-0.938517,0.08857,0.534816,0.923412,quasi
1305,10.875,-0.006249,-0.048626,0.38414,0.921972,0.209174,0.877981,0.053856,-0.077884,-0.033868,0.235901,0.968059,0.057071,0.475659,0.03688,-0.018148,0.057746,-0.338768,-0.938921,0.089236,0.535922,0.923199,quasi
1306,10.883333,-0.010825,-0.046462,0.385766,0.921363,0.209091,0.878942,0.053162,-0.078092,-0.034031,0.235766,0.968069,0.057035,0.475656,0.036868,-0.016814,0.056296,-0.33806,-0.939289,0.089872,0.537157,0.922726,quasi
1307,10.891667,-0.011431,-0.043457,0.388076,0.920531,0.209082,0.879812,0.052643,-0.078652,-0.033956,0.235539,0.968082,0.057003,0.475673,0.036901,-0.017333,0.05601,-0.337673,-0.939436,0.09058,0.538289,0.922417,quasi
1308,10.9,-0.011088,-0.038623,0.390459,0.919743,0.209197,0.880432,0.052128,-0.078621,-0.034187,0.235441,0.9681,0.056982,0.475686,0.036873,-0.016628,0.055413,-0.337221,-0.939646,0.091166,0.539514,0.921932,quasi
1309,10.908333,-0.009589,-0.034692,0.392354,0.91911,0.209354,0.880666,0.051682,-0.079117,-0.034175,0.235295,0.968096,0.056948,0.4757,0.036902,-0.021837,0.052034,-0.333497,-0.941061,0.092061,0.539505,0.920896,quasi
1310,10.916667,-0.007148,-0.031907,0.393176,0.918882,0.209651,0.880574,0.051383,-0.079173,-0.034368,0.235175,0.968113,0.056926,0.475719,0.036882,-0.02193,0.051389,-0.333407,-0.941126,0.092608,0.540813,0.920661,quasi
1311,10.925,-0.002685,-0.028432,0.392776,0.919191,0.210007,0.880215,0.05076,-0.079641,-0.034368,0.234992,0.968119,0.056895,0.475739,0.036912,-0.022852,0.052249,-0.333369,-0.94107,0.092969,0.542102,0.920721,quasi
1312,10.933333,0.00209,-0.026718,0.391355,0.91985,0.210482,0.879929,0.050392,-0.079966,-0.034326,0.234835,0.968132,0.056877,0.475765,0.036933,-0.020991,0.050524,-0.333355,-0.941213,0.093488,0.543425,0.920172,quasi
1313,10.941667,0.003433,-0.02708,0.391289,0.919863,0.210844,0.879991,0.050441,-0.080252,-0.03444,0.234658,0.968147,0.056856,0.475804,0.036942,-0.019864,0.050708,-0.333829,-0.941059,0.0937,0.544724,0.92023,quasi
1314,10.95,0.003264,-0.02414,0.392347,0.919495,0.211103,0.880191,0.050532,-0.080525,-0.034516,0.234507,0.968158,0.056838,0.475841,0.036959,-0.019468,0.049902,-0.334176,-0.940987,0.094045,0.545995,0.920639,quasi
1315,10.958333,0.003744,-0.022756,0.393402,0.919077,0.211247,0.880243,0.050286,-0.080755,-0.034699,0.234394,0.96816,0.056804,0.475875,0.036973,-0.019215,0.050824,-0.33474,-0.940743,0.094239,0.547328,0.920906,quasi
1316,10.966667,0.005143,-0.021368,0.393703,0.918975,0.211483,0.880197,0.050262,-0.081181,-0.034866,0.234282,0.968146,0.056784,0.475886,0.03699,-0.019516,0.049967,-0.335022,-0.940682,0.094668,0.548477,0.920642,quasi
1317,10.975,0.006977,-0.021553,0.39355,0.919024,0.211677,0.880105,0.050176,-0.081415,-0.035092,0.234217,0.968133,0.056737,0.475899,0.037004,-0.019826,0.04903,-0.335501,-0.940554,0.09507,0.549613,0.920486,quasi
1318,10.983333,0.007487,-0.021476,0.393757,0.918933,0.211895,0.880048,0.050189,-0.082084,-0.035479,0.234056,0.968102,0.056688,0.475939,0.036971,-0.020067,0.049531,-0.33617,-0.940284,0.095283,0.550752,0.920472,quasi
1319,10.991667,0.007558,-0.020301,0.394191,0.918773,0.21197,0.880091,0.050094,-0.082609,-0.035696,0.233968,0.968071,0.056646,0.475973,0.03697,-0.02023,0.048299,-0.336361,-0.940276,0.095742,0.551889,0.920349,quasi
1320,11.0,0.006896,-0.019871,0.394777,0.918536,0.211997,0.880145,0.050032,-0.083055,-0.035906,0.233888,0.968044,0.056613,0.475994,0.036967,-0.021622,0.048001,-0.33715,-0.939978,0.09594,0.552926,0.92023,quasi
1321,11.008333,0.00778,-0.019902,0.395004,0.918431,0.212021,0.880135,0.049975,-0.083479,-0.036054,0.233785,0.968027,0.056591,0.476016,0.036973,-0.021765,0.048335,-0.33756,-0.93981,0.096094,0.553907,0.920266,quasi
1322,11.016667,0.008792,-0.019862,0.394998,0.918425,0.212074,0.880114,0.049959,-0.083582,-0.036311,0.233697,0.96803,0.056561,0.476024,0.036964,-0.021694,0.047217,-0.337853,-0.939763,0.096518,0.555065,0.920592,quasi
1323,11.025,0.009161,-0.019667,0.395083,0.918389,0.212125,0.880143,0.049955,-0.083665,-0.036493,0.233624,0.968033,0.056534,0.476028,0.036939,-0.02215,0.046406,-0.33825,-0.93965,0.096792,0.556006,0.920592,quasi
1324,11.033333,0.008625,-0.019275,0.395449,0.918245,0.212133,0.880202,0.049893,-0.083756,-0.036526,0.233603,0.968029,0.05651,0.476023,0.036946,-0.021862,0.046611,-0.338637,-0.939508,0.097,0.557064,0.920922,quasi
1325,11.041667,0.00855,-0.019019,0.395787,0.918106,0.21215,0.880231,0.04986,-0.083829,-0.036605,0.233536,0.968036,0.056489,0.47602,0.036951,-0.021891,0.045661,-0.338587,-0.939572,0.097301,0.558045,0.921225,quasi
1326,11.05,0.00912,-0.018987,0.395944,0.918033,0.212193,0.880224,0.049865,-0.08379,-0.036685,0.23346,0.968055,0.056474,0.476005,0.036955,-0.021647,0.044396,-0.338695,-0.939599,0.097586,0.558889,0.920868,quasi
1327,11.058333,0.009837,-0.018853,0.396005,0.918002,0.212252,0.880221,0.049856,-0.083691,-0.036626,0.233432,0.968072,0.056456,0.475988,0.036961,-0.022013,0.045275,-0.338744,-0.939531,0.097772,0.559976,0.921479,quasi
1328,11.066667,0.009799,-0.018291,0.396257,0.917905,0.212326,0.880232,0.04983,-0.083596,-0.036639,0.233411,0.968085,0.056446,0.475966,0.036969,-0.021625,0.043565,-0.338622,-0.939665,0.09798,0.560798,0.921296,quasi
1329,11.075,0.009822,-0.017903,0.396552,0.917785,0.212376,0.880267,0.049799,-0.083468,-0.036609,0.233371,0.968107,0.056443,0.475955,0.036975,-0.021949,0.042529,-0.338459,-0.939763,0.098188,0.561593,0.921194,quasi
1330,11.083333,0.010242,-0.017636,0.396748,0.917701,0.212422,0.880269,0.049786,-0.083181,-0.03668,0.23337,0.968129,0.056425,0.475926,0.036978,-0.021401,0.042978,-0.338586,-0.93971,0.098317,0.562608,0.921445,quasi
1331,11.091667,0.010726,-0.017645,0.396846,0.917653,0.212475,0.880252,0.049756,-0.08314,-0.03668,0.233296,0.96815,0.056425,0.475916,0.036988,-0.022128,0.043198,-0.338381,-0.939757,0.098425,0.563453,0.92222,quasi
1332,11.1,0.011112,-0.017513,0.397043,0.917566,0.212518,0.880252,0.049726,-0.083184,-0.036718,0.233194,0.96817,0.056423,0.475904,0.036991,-0.020342,0.04072,-0.338618,-0.939822,0.098459,0.564053,0.921219,quasi
1333,11.108333,0.011249,-0.017328,0.39731,0.917452,0.212557,0.880254,0.04968,-0.083113,-0.036759,0.233163,0.968182,0.056415,0.475891,0.036989,-0.020264,0.040101,-0.338304,-0.939964,0.098563,0.564894,0.920951,quasi
1334,11.116667,0.011852,-0.017063,0.397432,0.917396,0.212599,0.880256,0.049635,-0.083173,-0.036782,0.233105,0.96819,0.056397,0.475879,0.037009,-0.020353,0.039671,-0.338364,-0.939958,0.098633,0.565574,0.920941,quasi
1335,11.125,0.012794,-0.016803,0.397382,0.91741,0.212642,0.880244,0.049611,-0.083177,-0.036933,0.233109,0.968183,0.056384,0.475866,0.037011,-0.020169,0.039795,-0.338513,-0.939904,0.098699,0.566267,0.921182,quasi
1336,11.133333,0.013235,-0.016541,0.397466,0.917372,0.212679,0.880238,0.049567,-0.083182,-0.037078,0.233038,0.968194,0.056379,0.47587,0.036992,-0.020346,0.039532,-0.338233,-0.940012,0.098784,0.56703,0.921543,quasi
1337,11.141667,0.013451,-0.016201,0.397643,0.917299,0.212704,0.880238,0.049532,-0.083291,-0.037252,0.232966,0.968195,0.056365,0.475865,0.036997,-0.021297,0.038824,-0.337925,-0.940131,0.098974,0.567642,0.921411,quasi
1338,11.15,0.013697,-0.01597,0.397703,0.917273,0.212734,0.88023,0.049505,-0.083182,-0.037396,0.232869,0.968222,0.056307,0.475869,0.036992,-0.021223,0.039117,-0.33824,-0.940007,0.099005,0.56829,0.921775,quasi
1339,11.158333,0.014304,-0.015691,0.397811,0.917222,0.212772,0.880229,0.049483,-0.083029,-0.03759,0.232877,0.968226,0.05629,0.475866,0.036974,-0.02242,0.039095,-0.337991,-0.94007,0.099165,0.568948,0.922449,quasi
1340,11.166667,0.014797,-0.015409,0.397922,0.91717,0.212799,0.880235,0.049456,-0.083139,-0.0378,0.232823,0.968221,0.056275,0.475862,0.036978,-0.024412,0.039981,-0.337879,-0.940023,0.099246,0.56957,0.92341,quasi
1341,11.175,0.015109,-0.015122,0.397994,0.917139,0.212818,0.880233,0.049418,-0.0834,-0.037825,0.232742,0.968217,0.056245,0.475852,0.037006,-0.024034,0.040753,-0.337897,-0.939993,0.099323,0.57025,0.92391,quasi
1342,11.183333,0.015442,-0.0148,0.398059,0.917111,0.212841,0.880233,0.049384,-0.083206,-0.038091,0.232726,0.968228,0.056211,0.475843,0.036971,-0.022061,0.037305,-0.337638,-0.940278,0.099358,0.570542,0.92251,quasi
1343,11.191667,0.015828,-0.014709,0.398101,0.917087,0.21287,0.88023,0.049361,-0.083479,-0.038206,0.232525,0.968248,0.056156,0.475856,0.036964,-0.020124,0.034593,-0.337445,-0.940494,0.099374,0.570968,0.92172,quasi
1344,11.2,0.016201,-0.01447,0.398169,0.917055,0.212888,0.880232,0.049329,-0.083533,-0.03843,0.23248,0.968245,0.056131,0.475841,0.036954,-0.020034,0.034447,-0.337207,-0.940587,0.099419,0.571486,0.921946,quasi
1345,11.208333,0.016296,-0.014304,0.398295,0.917001,0.212906,0.88024,0.049315,-0.083406,-0.038523,0.232448,0.96826,0.056101,0.475823,0.036947,-0.020091,0.033688,-0.336885,-0.940729,0.099494,0.57199,0.921994,quasi
1346,11.216667,0.01654,-0.014171,0.398339,0.91698,0.212926,0.880246,0.049292,-0.083395,-0.038618,0.232432,0.968261,0.056085,0.475807,0.036954,-0.020638,0.033505,-0.336413,-0.940892,0.099484,0.572496,0.921929,quasi
1347,11.225,0.016714,-0.014006,0.398405,0.91695,0.212943,0.880242,0.049264,-0.083369,-0.03882,0.232389,0.968265,0.056068,0.475793,0.036946,-0.020243,0.033798,-0.336393,-0.940897,0.099335,0.572928,0.922058,quasi
1348,11.233333,0.016942,-0.013966,0.398453,0.916926,0.212955,0.880238,0.049237,-0.083346,-0.038938,0.232341,0.968274,0.056051,0.475776,0.036939,-0.02061,0.032974,-0.336034,-0.941047,0.099394,0.573384,0.922108,quasi
1349,11.241667,0.017909,-0.013742,0.398031,0.917094,0.21285,0.880287,0.049137,-0.082979,-0.038934,0.232395,0.968293,0.05604,0.47574,0.03696,-0.020767,0.033496,-0.335965,-0.94105,0.099326,0.57378,0.922322,quasi
1350,11.25,0.018097,-0.013515,0.398077,0.917074,0.212858,0.880287,0.049106,-0.083024,-0.039063,0.232362,0.968292,0.056033,0.475726,0.03696,-0.021186,0.034672,-0.336018,-0.940979,0.099234,0.574215,0.922835,quasi
1351,11.258333,0.018414,-0.01336,0.398137,0.917044,0.212866,0.880288,0.04907,-0.083141,-0.039141,0.232315,0.96829,0.056014,0.475713,0.036948,-0.021731,0.034695,-0.335867,-0.941019,0.099164,0.574523,0.922878,quasi
1352,11.266667,0.01865,-0.013212,0.398203,0.917012,0.212875,0.880291,0.049047,-0.083114,-0.039346,0.232289,0.96829,0.056001,0.475704,0.036938,-0.023726,0.035869,-0.335643,-0.941007,0.099216,0.575005,0.923386,quasi
1353,11.275,0.018712,-0.013019,0.398274,0.916983,0.212911,0.88028,0.049052,-0.083238,-0.039419,0.232289,0.968277,0.055996,0.475676,0.036941,-0.025753,0.03726,-0.335514,-0.940946,0.099113,0.57539,0.9241,quasi
1354,11.283333,0.01893,-0.013126,0.398281,0.916974,0.212916,0.880282,0.049031,-0.083255,-0.039618,0.232279,0.968269,0.055989,0.475658,0.036943,-0.02034,0.030749,-0.335208,-0.941422,0.099119,0.575353,0.921681,quasi
1355,11.291667,0.019079,-0.013033,0.398379,0.91693,0.212936,0.880274,0.049018,-0.083262,-0.039748,0.232193,0.968284,0.055974,0.475639,0.036929,-0.020101,0.030515,-0.335133,-0.941462,0.099035,0.575601,0.921526,quasi
1356,11.3,0.019268,-0.013079,0.398416,0.916909,0.212939,0.880272,0.048983,-0.083198,-0.039939,0.232187,0.968283,0.05596,0.475611,0.036913,-0.020312,0.03008,-0.334911,-0.941551,0.099017,0.575794,0.921396,quasi
1357,11.308333,0.019368,-0.012931,0.398528,0.916861,0.212962,0.880267,0.048991,-0.083159,-0.040223,0.232145,0.968285,0.055932,0.47559,0.036892,-0.020354,0.029465,-0.334803,-0.941607,0.098957,0.575963,0.921259,quasi
1358,11.316667,0.019637,-0.012847,0.398605,0.916823,0.212976,0.880266,0.048981,-0.082991,-0.040367,0.232161,0.968289,0.055911,0.475567,0.03689,-0.02068,0.029873,-0.334939,-0.941539,0.098836,0.576109,0.921302,quasi
1359,11.325,0.019535,-0.012851,0.398797,0.916741,0.212997,0.880243,0.048992,-0.082679,-0.040725,0.232181,0.968296,0.05589,0.475534,0.036843,-0.020911,0.02984,-0.334977,-0.941521,0.098772,0.57628,0.921327,quasi
1360,11.333333,0.019787,-0.012887,0.398889,0.916695,0.213004,0.880233,0.048966,-0.082509,-0.040872,0.232183,0.968304,0.055862,0.47551,0.036842,-0.020435,0.029462,-0.334859,-0.941586,0.09869,0.576538,0.92132,quasi
1361,11.341667,0.020097,-0.012905,0.398936,0.916668,0.213022,0.880228,0.048952,-0.082506,-0.040892,0.232174,0.968306,0.055845,0.475488,0.036848,-0.024138,0.032427,-0.334611,-0.941489,0.098524,0.576698,0.922434,quasi
1362,11.35,0.020185,-0.01293,0.399033,0.916623,0.213042,0.880219,0.048955,-0.082494,-0.041042,0.232147,0.968307,0.055827,0.475479,0.036833,-0.029333,0.034827,-0.334355,-0.941347,0.098396,0.576886,0.923507,quasi
1363,11.358333,0.019895,-0.012978,0.399588,0.916387,0.213153,0.880177,0.04895,-0.082493,-0.041173,0.232127,0.968306,0.055813,0.475476,0.036824,-0.021742,0.032555,-0.334588,-0.941551,0.098292,0.576607,0.922336,quasi
1364,11.366667,0.019858,-0.012898,0.399727,0.916328,0.213179,0.880163,0.048953,-0.082537,-0.041184,0.232059,0.968318,0.055799,0.475474,0.036819,-0.019965,0.031081,-0.33477,-0.941575,0.098281,0.576658,0.921617,quasi
1365,11.375,0.020057,-0.012854,0.399783,0.9163,0.21319,0.880161,0.048944,-0.082661,-0.041313,0.232016,0.968312,0.055797,0.475481,0.036817,-0.019512,0.031385,-0.334958,-0.941508,0.098149,0.576889,0.921559,quasi
1366,11.383333,0.020287,-0.012792,0.39985,0.916267,0.213198,0.880154,0.04893,-0.082688,-0.041297,0.23198,0.968319,0.055795,0.475484,0.03682,-0.020204,0.032226,-0.334748,-0.94154,0.098197,0.577027,0.921856,quasi
1367,11.391667,0.020431,-0.012707,0.399901,0.916242,0.213207,0.880147,0.048921,-0.082664,-0.041323,0.231972,0.968322,0.055774,0.475479,0.036814,-0.020646,0.032911,-0.334904,-0.941451,0.098168,0.57718,0.922107,quasi
1368,11.4,0.020585,-0.012783,0.399931,0.916225,0.213212,0.880148,0.048907,-0.082639,-0.041328,0.231966,0.968326,0.055774,0.475472,0.036808,-0.022084,0.034336,-0.335151,-0.94128,0.098122,0.577287,0.922402,quasi
1369,11.408333,0.020645,-0.012857,0.400011,0.916188,0.213225,0.880139,0.048908,-0.082517,-0.041413,0.231974,0.968331,0.055758,0.475458,0.036798,-0.02214,0.03611,-0.335404,-0.941122,0.097946,0.577341,0.922778,quasi
1370,11.416667,0.020821,-0.012675,0.400079,0.916157,0.21324,0.880133,0.0489,-0.082437,-0.041434,0.231972,0.968337,0.055759,0.475443,0.036792,-0.022095,0.03692,-0.335542,-0.941042,0.097906,0.577406,0.922913,quasi
1371,11.425,0.021053,-0.012522,0.400145,0.916124,0.213264,0.880135,0.048905,-0.082326,-0.041292,0.232136,0.968313,0.05578,0.475414,0.03683,-0.022128,0.037068,-0.33565,-0.940997,0.097932,0.577464,0.922869,quasi
1372,11.433333,0.021198,-0.012542,0.400198,0.916098,0.213263,0.880133,0.048894,-0.082105,-0.041319,0.23217,0.968323,0.055781,0.475399,0.036846,-0.022495,0.037208,-0.335709,-0.940962,0.09797,0.577529,0.922859,quasi
1373,11.441667,0.021368,-0.012546,0.400251,0.916071,0.213272,0.880122,0.048877,-0.082138,-0.041275,0.232171,0.968321,0.055779,0.475397,0.03684,-0.022619,0.037271,-0.335728,-0.940949,0.098029,0.577563,0.922813,quasi
1374,11.45,0.021501,-0.012531,0.400308,0.916043,0.213292,0.880118,0.048875,-0.082104,-0.041326,0.232145,0.968328,0.055773,0.475389,0.036829,-0.022657,0.037365,-0.335774,-0.940929,0.098068,0.577596,0.922793,quasi
1375,11.458333,0.021726,-0.012428,0.400381,0.916007,0.213317,0.880116,0.048869,-0.082031,-0.041315,0.232138,0.968337,0.055763,0.475378,0.036826,-0.022847,0.037514,-0.335767,-0.940921,0.098131,0.577635,0.922803,quasi
1376,11.466667,0.021937,-0.012397,0.400427,0.915982,0.213331,0.880098,0.048849,-0.081996,-0.041326,0.232125,0.968342,0.055762,0.475374,0.036822,-0.023242,0.03778,-0.335777,-0.940897,0.098186,0.577619,0.922768,quasi
1377,11.475,0.022158,-0.012335,0.400519,0.915937,0.213355,0.880086,0.04885,-0.082028,-0.04125,0.232121,0.968344,0.055761,0.475369,0.036824,-0.023427,0.037895,-0.335768,-0.94089,0.098245,0.577609,0.92271,quasi
1378,11.483333,0.022465,-0.012195,0.400567,0.915911,0.213387,0.880057,0.048885,-0.081991,-0.041255,0.232146,0.968341,0.055772,0.475367,0.036821,-0.023321,0.037214,-0.335544,-0.941,0.098395,0.577677,0.922783,quasi
1379,11.491667,0.022684,-0.012111,0.400573,0.915904,0.213401,0.880044,0.048875,-0.081951,-0.041231,0.232131,0.968349,0.055773,0.475365,0.036814,-0.023491,0.036815,-0.335464,-0.94104,0.098487,0.577638,0.922602,quasi
1380,11.5,0.022977,-0.011906,0.400633,0.915873,0.213428,0.880035,0.048879,-0.081913,-0.041197,0.232112,0.968358,0.055785,0.475361,0.036815,-0.023224,0.03743,-0.335504,-0.941009,0.098515,0.577623,0.92269,quasi
1381,11.508333,0.023136,-0.011933,0.400706,0.915837,0.213446,0.880022,0.048887,-0.081799,-0.041126,0.232099,0.968374,0.055791,0.475352,0.036809,-0.023102,0.036974,-0.335389,-0.94107,0.098626,0.577586,0.922526,quasi
1382,11.516667,0.023317,-0.011796,0.400723,0.915826,0.213462,0.879999,0.048885,-0.081755,-0.041119,0.232114,0.968374,0.0558,0.475345,0.036809,-0.022227,0.037023,-0.335385,-0.941091,0.09869,0.57753,0.922397,quasi
1383,11.525,0.023441,-0.011733,0.400779,0.9158,0.213476,0.879987,0.048894,-0.081669,-0.041004,0.232105,0.968388,0.055804,0.475334,0.036805,-0.021033,0.037085,-0.335442,-0.941096,0.098741,0.577466,0.922283,quasi
1384,11.533333,0.023574,-0.011737,0.400828,0.915775,0.213483,0.87998,0.048893,-0.081623,-0.040976,0.232134,0.968386,0.055821,0.475326,0.036806,-0.020845,0.037567,-0.335502,-0.941059,0.098761,0.577397,0.922273,quasi
1385,11.541667,0.023651,-0.011715,0.400832,0.915771,0.213495,0.879969,0.048896,-0.081501,-0.040891,0.232146,0.968398,0.055832,0.475317,0.036814,-0.020849,0.03762,-0.335538,-0.941044,0.098808,0.577317,0.922148,quasi
1386,11.55,0.023804,-0.01169,0.400824,0.915771,0.213498,0.879962,0.048899,-0.081319,-0.040752,0.232143,0.968419,0.055836,0.475309,0.036803,-0.020598,0.036674,-0.335464,-0.941113,0.098903,0.577177,0.921742,quasi
1387,11.558333,0.023893,-0.011611,0.400825,0.91577,0.213513,0.879952,0.048895,-0.081251,-0.040672,0.232134,0.968431,0.05584,0.475306,0.036799,-0.020062,0.036168,-0.335508,-0.941129,0.098971,0.577015,0.921333,quasi
1388,11.566667,0.023963,-0.011585,0.40084,0.915761,0.213522,0.879946,0.0489,-0.081144,-0.040561,0.232101,0.968452,0.055841,0.4753,0.036799,-0.019754,0.035514,-0.335562,-0.941141,0.09917,0.576974,0.921145,quasi
1389,11.575,0.024084,-0.011573,0.400848,0.915755,0.213531,0.879939,0.048909,-0.081056,-0.040571,0.232133,0.968451,0.055848,0.475293,0.036803,-0.019652,0.034968,-0.335462,-0.941199,0.099301,0.576934,0.921036,quasi
1390,11.583333,0.024137,-0.011556,0.400851,0.915753,0.213533,0.879929,0.048899,-0.081038,-0.040469,0.232111,0.968463,0.055854,0.475282,0.036799,-0.019258,0.034462,-0.335499,-0.941213,0.099298,0.576751,0.920841,quasi
1391,11.591667,0.024196,-0.01152,0.400893,0.915733,0.213538,0.879919,0.0489,-0.080891,-0.040418,0.232141,0.96847,0.05586,0.475267,0.036796,-0.019023,0.033976,-0.335374,-0.94128,0.099357,0.576645,0.920677,quasi
1392,11.6,0.024312,-0.01138,0.40092,0.91572,0.213552,0.879915,0.048921,-0.080748,-0.040332,0.232158,0.968481,0.055857,0.475262,0.036796,-0.01808,0.032531,-0.336241,-0.94104,0.099471,0.576989,0.920159,quasi
1393,11.608333,0.024344,-0.011468,0.400901,0.915726,0.213555,0.879906,0.048911,-0.080705,-0.040242,0.232148,0.968491,0.055866,0.475257,0.036799,-0.017885,0.032114,-0.336115,-0.941104,0.099541,0.576898,0.919979,quasi
1394,11.616667,0.024365,-0.011344,0.400931,0.915714,0.213562,0.879895,0.04892,-0.08059,-0.040241,0.232147,0.968501,0.055875,0.475252,0.036787,-0.017678,0.032014,-0.336126,-0.941107,0.09957,0.576842,0.919924,quasi
1395,11.625,0.024493,-0.01129,0.400932,0.915711,0.213575,0.879895,0.048928,-0.08055,-0.040215,0.232171,0.968499,0.055879,0.475247,0.036781,-0.017771,0.032341,-0.336237,-0.941054,0.0996,0.576776,0.920014,quasi
1396,11.633333,0.024547,-0.011304,0.400931,0.91571,0.213577,0.879881,0.048931,-0.080372,-0.040155,0.232186,0.968513,0.055871,0.47524,0.036785,-0.017725,0.032243,-0.336298,-0.941037,0.099623,0.576735,0.920019,quasi
1397,11.641667,0.024505,-0.011376,0.400954,0.9157,0.213573,0.879881,0.048938,-0.080315,-0.040143,0.232199,0.968515,0.055877,0.475228,0.036778,-0.017718,0.032255,-0.336298,-0.941036,0.099651,0.576665,0.919981,quasi
1398,11.65,0.024502,-0.011426,0.400946,0.915703,0.213566,0.879877,0.048939,-0.080202,-0.04016,0.232226,0.968517,0.055874,0.475217,0.03678,-0.017652,0.032759,-0.336493,-0.940951,0.099624,0.576582,0.919962,quasi
1399,11.658333,0.024414,-0.011428,0.400975,0.915692,0.213568,0.879876,0.048946,-0.080143,-0.040098,0.232243,0.968521,0.055883,0.475208,0.036777,-0.017678,0.031974,-0.336401,-0.94101,0.099696,0.576536,0.919948,quasi
1400,11.666667,0.024404,-0.011436,0.400969,0.915695,0.213567,0.879865,0.048954,-0.080147,-0.040174,0.232255,0.968514,0.055888,0.475207,0.036768,-0.018027,0.032767,-0.336482,-0.940947,0.099724,0.576532,0.920312,quasi
1401,11.675,0.02442,-0.011338,0.400979,0.915691,0.21357,0.879866,0.048969,-0.080066,-0.040129,0.232277,0.968518,0.055889,0.475201,0.036768,-0.019545,0.035621,-0.336524,-0.940798,0.099728,0.576674,0.921525,quasi
1402,11.683333,0.024439,-0.011336,0.400963,0.915698,0.213569,0.879861,0.048981,-0.08001,-0.040066,0.232312,0.968516,0.055887,0.475195,0.036759,-0.019369,0.035605,-0.336607,-0.940772,0.099724,0.576628,0.921562,quasi
1403,11.691667,0.024361,-0.011471,0.401001,0.915682,0.213552,0.879854,0.048979,-0.080072,-0.040034,0.232319,0.968511,0.055898,0.475194,0.036767,-0.019588,0.035289,-0.33658,-0.94079,0.099726,0.576539,0.921439,quasi
1404,11.7,0.024365,-0.011585,0.400979,0.91569,0.213544,0.879855,0.048982,-0.079952,-0.040078,0.23234,0.968514,0.05589,0.47519,0.036761,-0.019182,0.03513,-0.336586,-0.940802,0.099702,0.576487,0.921352,quasi
1405,11.708333,0.024286,-0.011675,0.401005,0.915679,0.213538,0.879851,0.048987,-0.079968,-0.040104,0.232332,0.968514,0.055888,0.475186,0.036759,-0.019102,0.034779,-0.336523,-0.940839,0.099716,0.576451,0.921251,quasi
1406,11.716667,0.024247,-0.01154,0.40104,0.915667,0.213546,0.879858,0.049008,-0.080009,-0.040198,0.232334,0.968506,0.055884,0.475177,0.036743,-0.018955,0.034889,-0.336615,-0.940805,0.099674,0.576362,0.921095,quasi
1407,11.725,0.024305,-0.011494,0.401018,0.915676,0.21355,0.879858,0.049014,-0.080035,-0.040255,0.232363,0.968494,0.055879,0.475172,0.036739,-0.018984,0.034308,-0.336473,-0.940876,0.099721,0.576358,0.921019,quasi
1408,11.733333,0.024267,-0.011492,0.401024,0.915674,0.213546,0.879855,0.049018,-0.079907,-0.040292,0.232396,0.968495,0.055867,0.475157,0.036725,-0.01886,0.034569,-0.336644,-0.940808,0.099648,0.576278,0.920867,quasi
1409,11.741667,0.024227,-0.01159,0.401053,0.915661,0.213527,0.879847,0.049029,-0.079811,-0.040298,0.232434,0.968494,0.055862,0.475153,0.036718,-0.018814,0.034375,-0.336651,-0.940814,0.09964,0.576242,0.920752,quasi
1410,11.75,0.023986,-0.011751,0.401066,0.91566,0.213503,0.879837,0.049036,-0.079739,-0.040255,0.232492,0.968488,0.055861,0.475145,0.03671,-0.01874,0.034151,-0.336687,-0.940811,0.099623,0.576223,0.920648,quasi
1411,11.758333,0.023909,-0.011924,0.401059,0.915662,0.213485,0.879831,0.049044,-0.079738,-0.040253,0.232533,0.968478,0.055869,0.475146,0.036708,-0.018715,0.0342,-0.336761,-0.940783,0.099608,0.576215,0.920611,quasi
1412,11.766667,0.023678,-0.012044,0.401054,0.915669,0.213463,0.879823,0.04906,-0.079714,-0.040328,0.232568,0.968469,0.055872,0.475141,0.036704,-0.01861,0.034034,-0.336844,-0.940761,0.0996,0.576192,0.920478,quasi
1413,11.775,0.023598,-0.012116,0.401057,0.915669,0.213444,0.879818,0.049063,-0.079742,-0.040341,0.232538,0.968473,0.05586,0.475134,0.036705,-0.018664,0.033928,-0.336874,-0.940753,0.0996,0.576228,0.920502,quasi
1414,11.783333,0.02343,-0.0122,0.401045,0.915677,0.213432,0.879816,0.049079,-0.079879,-0.040443,0.232546,0.968455,0.055856,0.475132,0.036704,-0.018645,0.033927,-0.336955,-0.940725,0.099583,0.576237,0.920444,quasi
1415,11.791667,0.02334,-0.012214,0.401051,0.915677,0.213417,0.879812,0.049097,-0.079926,-0.040466,0.232529,0.968455,0.055847,0.475125,0.036695,-0.018649,0.034212,-0.337078,-0.94067,0.099554,0.576255,0.920417,quasi
1416,11.8,0.023133,-0.012288,0.401092,0.915663,0.213392,0.879808,0.049114,-0.079842,-0.040488,0.232593,0.968445,0.055837,0.475122,0.036687,-0.018578,0.03372,-0.337079,-0.940689,0.099578,0.576317,0.920336,quasi
1417,11.808333,0.022953,-0.012341,0.40109,0.915668,0.213368,0.879802,0.049127,-0.079755,-0.04054,0.232638,0.96844,0.055833,0.475113,0.03668,-0.016894,0.031402,-0.337127,-0.940784,0.099534,0.576259,0.919294,quasi
1418,11.816667,0.022825,-0.012419,0.401113,0.91566,0.213341,0.879802,0.049164,-0.079812,-0.040649,0.232655,0.968426,0.055835,0.475105,0.036669,-0.016817,0.031584,-0.337209,-0.94075,0.09948,0.576272,0.919188,quasi
1419,11.825,0.02256,-0.01246,0.401143,0.915653,0.213312,0.879797,0.049191,-0.07978,-0.040669,0.232705,0.968416,0.055824,0.475097,0.03666,-0.016497,0.031687,-0.337326,-0.94071,0.099481,0.576364,0.919105,quasi
1420,11.833333,0.022321,-0.012519,0.401167,0.915647,0.213278,0.879792,0.049215,-0.079791,-0.040659,0.232711,0.968414,0.05582,0.475093,0.036648,-0.016033,0.031192,-0.337378,-0.940716,0.099541,0.576471,0.919009,quasi
1421,11.841667,0.022063,-0.012642,0.40121,0.915633,0.213254,0.879779,0.049235,-0.079888,-0.040701,0.232728,0.9684,0.055818,0.475091,0.036643,-0.015837,0.030162,-0.337304,-0.940779,0.099708,0.576641,0.919028,quasi
1422,11.85,0.021856,-0.012644,0.401257,0.915617,0.213225,0.879778,0.049267,-0.079855,-0.040802,0.232762,0.968391,0.055814,0.47508,0.036625,-0.015429,0.030194,-0.33741,-0.940747,0.099775,0.576766,0.918876,quasi
1423,11.858333,0.021604,-0.01272,0.401299,0.915604,0.213186,0.879777,0.049295,-0.079902,-0.040819,0.232796,0.968378,0.05581,0.47507,0.036614,-0.015041,0.029966,-0.337423,-0.940756,0.099866,0.57692,0.918721,quasi
1424,11.866667,0.02141,-0.012742,0.401311,0.915603,0.213164,0.87978,0.049333,-0.079913,-0.04085,0.232862,0.96836,0.055807,0.475059,0.036605,-0.014864,0.03093,-0.337556,-0.94068,0.099917,0.577109,0.918501,quasi
1425,11.875,0.021218,-0.012821,0.401333,0.915597,0.213135,0.879778,0.049346,-0.079896,-0.040966,0.232886,0.96835,0.055801,0.475048,0.036594,-0.014901,0.031021,-0.337705,-0.940623,0.100005,0.577358,0.918468,quasi
1426,11.883333,0.020847,-0.013004,0.401431,0.91556,0.213109,0.879781,0.049371,-0.079953,-0.041043,0.232871,0.968346,0.055792,0.475046,0.036575,-0.015073,0.031964,-0.337646,-0.940609,0.100141,0.577649,0.918329,quasi
1427,11.891667,0.020605,-0.012989,0.401456,0.915555,0.213082,0.879784,0.049405,-0.080016,-0.041128,0.232903,0.96833,0.055795,0.475044,0.036563,-0.014918,0.031623,-0.337578,-0.940648,0.100266,0.57791,0.918189,quasi
1428,11.9,0.020381,-0.013015,0.401463,0.915556,0.213059,0.879777,0.049418,-0.080164,-0.041227,0.232869,0.968321,0.055786,0.475045,0.036551,-0.01544,0.031652,-0.337422,-0.940695,0.100476,0.578239,0.918214,quasi
1429,11.908333,0.020251,-0.013117,0.401518,0.915533,0.213036,0.879771,0.049435,-0.080124,-0.041219,0.232867,0.968326,0.055776,0.47504,0.036546,-0.014974,0.032503,-0.337674,-0.940583,0.100427,0.578441,0.917857,quasi
1430,11.916667,0.020014,-0.013113,0.401507,0.915543,0.213014,0.879768,0.049477,-0.080182,-0.041302,0.232901,0.968309,0.055773,0.475039,0.036536,-0.015101,0.0327,-0.337565,-0.940613,0.10059,0.578829,0.917693,quasi
1431,11.925,0.019859,-0.013095,0.401532,0.915536,0.212988,0.879757,0.049493,-0.080155,-0.041367,0.232904,0.968308,0.055762,0.475033,0.036517,-0.014788,0.031869,-0.337249,-0.94076,0.10087,0.579264,0.917471,quasi
1432,11.933333,0.019767,-0.013039,0.40153,0.91554,0.212975,0.879739,0.04952,-0.080309,-0.041451,0.2329,0.968292,0.055755,0.475038,0.036499,-0.014757,0.032215,-0.337259,-0.940745,0.101022,0.579633,0.917235,quasi
1433,11.941667,0.019678,-0.013061,0.401536,0.915539,0.212964,0.879727,0.049525,-0.080305,-0.041557,0.2329,0.968288,0.055743,0.475031,0.036494,-0.01594,0.033937,-0.337015,-0.940753,0.101105,0.580055,0.917422,quasi
1434,11.95,0.019556,-0.012879,0.401544,0.91554,0.212954,0.879717,0.04955,-0.080433,-0.041648,0.23288,0.968278,0.055731,0.475025,0.036466,-0.015051,0.034013,-0.337088,-0.940738,0.101385,0.580701,0.917303,quasi
1435,11.958333,0.019461,-0.012785,0.401546,0.915543,0.212942,0.879705,0.049569,-0.080519,-0.041723,0.232933,0.968255,0.055721,0.475026,0.036467,-0.014752,0.033528,-0.337002,-0.940791,0.101785,0.581274,0.91687,quasi
1436,11.966667,0.01943,-0.012713,0.401513,0.915559,0.212934,0.879687,0.04959,-0.080672,-0.041856,0.232896,0.968246,0.055713,0.475031,0.036442,-0.015197,0.033474,-0.336681,-0.940901,0.101986,0.581798,0.916735,quasi
1437,11.975,0.019248,-0.012737,0.40154,0.915551,0.212926,0.879676,0.049602,-0.080795,-0.041986,0.232913,0.968225,0.05572,0.475029,0.036438,-0.015044,0.034545,-0.336797,-0.940823,0.102136,0.582296,0.916436,quasi
1438,11.983333,0.019062,-0.012655,0.401567,0.915544,0.212914,0.879677,0.049592,-0.080866,-0.042029,0.232881,0.968226,0.055705,0.475026,0.036422,-0.015555,0.035266,-0.336568,-0.94087,0.102568,0.583072,0.9165,quasi
1439,11.991667,0.019067,-0.012588,0.401593,0.915533,0.212911,0.879656,0.049606,-0.080979,-0.042081,0.232868,0.968217,0.0557,0.475036,0.03642,-0.015676,0.035636,-0.33663,-0.940832,0.102941,0.58384,0.916448,quasi
1440,12.0,0.018937,-0.012572,0.401583,0.915541,0.2129,0.879663,0.049608,-0.081104,-0.042104,0.232856,0.968208,0.055686,0.475038,0.036415,-0.01514,0.03452,-0.336465,-0.940941,0.103271,0.58449,0.915899,quasi
1441,12.008333,0.018842,-0.012505,0.401591,0.91554,0.21289,0.879655,0.049603,-0.081284,-0.042212,0.23284,0.968192,0.055686,0.475045,0.036402,-0.015626,0.0362,-0.336387,-0.940898,0.103522,0.58515,0.91553,quasi
1442,12.016667,0.018883,-0.012448,0.401596,0.915538,0.212866,0.879664,0.049589,-0.081496,-0.042223,0.232824,0.968178,0.055686,0.475042,0.036401,-0.015651,0.035603,-0.336062,-0.941037,0.104078,0.586103,0.915601,quasi
1443,12.025,0.018634,-0.01245,0.401571,0.915554,0.212876,0.879628,0.049623,-0.081464,-0.042141,0.232774,0.968196,0.055671,0.475049,0.036402,-0.015013,0.03516,-0.336055,-0.941066,0.104589,0.587075,0.915495,quasi
1444,12.033333,0.018832,-0.01227,0.401593,0.915543,0.212843,0.87963,0.049608,-0.081654,-0.042248,0.232762,0.968179,0.055669,0.475055,0.036396,-0.014796,0.035711,-0.335824,-0.941131,0.104953,0.587863,0.914936,quasi
1445,12.041667,0.018545,-0.012293,0.401536,0.915573,0.212855,0.879594,0.049641,-0.081728,-0.042201,0.232706,0.968188,0.055669,0.47506,0.036396,-0.015467,0.03687,-0.335851,-0.941066,0.105406,0.58911,0.915461,quasi
1446,12.05,0.018567,-0.012231,0.401571,0.915558,0.212826,0.879597,0.049628,-0.081869,-0.042206,0.232668,0.968185,0.055672,0.475062,0.036395,-0.013159,0.035597,-0.336051,-0.941079,0.105854,0.590177,0.914993,quasi
1447,12.058333,0.01857,-0.012166,0.401545,0.91557,0.212804,0.879584,0.049638,-0.081738,-0.042048,0.232717,0.968191,0.055652,0.475057,0.036443,-0.016171,0.038065,-0.335322,-0.941195,0.106465,0.59131,0.91535,quasi
1448,12.066667,0.01848,-0.012183,0.401543,0.915573,0.212793,0.879562,0.049656,-0.082004,-0.042071,0.232562,0.968205,0.055671,0.475071,0.036397,-0.014577,0.036274,-0.335214,-0.941331,0.106954,0.592314,0.91493,quasi
1449,12.075,0.018367,-0.011733,0.401491,0.915603,0.212851,0.879578,0.049765,-0.082049,-0.041954,0.232537,0.968212,0.05567,0.475076,0.036403,-0.015604,0.03665,-0.334633,-0.941506,0.107593,0.593576,0.914952,quasi
1450,12.083333,0.018517,-0.010801,0.401349,0.915674,0.212955,0.879569,0.049909,-0.082131,-0.041859,0.232515,0.968215,0.055674,0.475078,0.036408,-0.013895,0.036176,-0.334647,-0.941547,0.108117,0.594712,0.914529,quasi
1451,12.091667,0.019096,-0.008862,0.401228,0.915736,0.213047,0.879519,0.049951,-0.082202,-0.041765,0.232439,0.968231,0.055685,0.475089,0.03642,-0.015967,0.036589,-0.333501,-0.941904,0.108738,0.596118,0.915001,quasi
1452,12.1,0.020563,-0.007986,0.400431,0.916061,0.213259,0.879406,0.049858,-0.082306,-0.041585,0.23235,0.968251,0.055686,0.475087,0.036421,-0.013796,0.035495,-0.33298,-0.942165,0.109183,0.597105,0.913931,quasi
1453,12.108333,0.022695,-0.00873,0.399969,0.916206,0.213167,0.879249,0.049305,-0.082414,-0.04148,0.232301,0.968258,0.055693,0.475096,0.036426,-0.009973,0.037374,-0.332684,-0.942245,0.109805,0.598874,0.915122,quasi
1454,12.116667,0.022747,-0.008653,0.399861,0.916253,0.213176,0.879237,0.049315,-0.082506,-0.041355,0.232246,0.968269,0.055698,0.475101,0.036437,-0.009833,0.036237,-0.332219,-0.942455,0.110603,0.600358,0.914544,quasi
1455,12.125,0.022798,-0.008591,0.399846,0.916258,0.21318,0.879229,0.049296,-0.082723,-0.041268,0.232225,0.968259,0.055712,0.475104,0.036455,-0.014534,0.034235,-0.329707,-0.94335,0.111679,0.601466,0.913717,quasi
1456,12.133333,0.022769,-0.008526,0.399832,0.916266,0.213188,0.879213,0.049295,-0.082781,-0.041229,0.232224,0.968256,0.055722,0.47511,0.036465,-0.01437,0.034333,-0.329105,-0.94356,0.112309,0.603065,0.913663,quasi
1457,12.141667,0.02287,-0.008441,0.399862,0.916251,0.213194,0.879205,0.049296,-0.082984,-0.041054,0.232172,0.968258,0.05574,0.475112,0.036488,-0.01729,0.036222,-0.328297,-0.943721,0.113094,0.604649,0.913946,quasi
1458,12.15,0.022629,-0.008545,0.399794,0.916286,0.21323,0.879177,0.049323,-0.082998,-0.040955,0.232152,0.968266,0.055756,0.475119,0.036499,-0.014882,0.03529,-0.327773,-0.94398,0.113827,0.60641,0.913535,quasi
1459,12.158333,0.022645,-0.008412,0.399778,0.916294,0.213253,0.879169,0.049323,-0.083295,-0.040801,0.232048,0.968272,0.055756,0.475134,0.036463,-0.013816,0.03531,-0.327107,-0.944227,0.114498,0.608322,0.913672,quasi
1460,12.166667,0.022829,-0.008282,0.399784,0.916287,0.21328,0.879153,0.04932,-0.083607,-0.040612,0.231995,0.968266,0.055791,0.475144,0.03648,-0.01411,0.034133,-0.325946,-0.944667,0.115387,0.610265,0.913899,quasi
1461,12.175,0.022954,-0.008168,0.399717,0.916315,0.213305,0.87914,0.049312,-0.083927,-0.040503,0.231953,0.968253,0.055834,0.475146,0.036499,-0.013949,0.033933,-0.324939,-0.945023,0.116205,0.612106,0.913706,quasi
1462,12.183333,0.023034,-0.007969,0.399706,0.916319,0.213322,0.879129,0.049313,-0.084003,-0.040162,0.23205,0.968237,0.05587,0.475134,0.036555,-0.014351,0.034068,-0.323899,-0.945369,0.117043,0.614257,0.913998,quasi
1463,12.191667,0.023096,-0.007905,0.399673,0.916332,0.213349,0.879104,0.04931,-0.084547,-0.039521,0.23178,0.968281,0.055878,0.475152,0.036595,-0.013884,0.03335,-0.322965,-0.945721,0.117839,0.616194,0.913404,quasi
1464,12.2,0.02299,-0.007748,0.399703,0.916324,0.213384,0.879094,0.049317,-0.084615,-0.039058,0.231721,0.968308,0.055911,0.475165,0.036611,-0.011336,0.032726,-0.322276,-0.946012,0.118561,0.618385,0.91329,quasi
1465,12.208333,0.022938,-0.007572,0.399698,0.916329,0.213415,0.879086,0.049335,-0.08467,-0.038602,0.231575,0.968356,0.055938,0.475177,0.036643,-0.013522,0.032996,-0.320841,-0.946462,0.119491,0.620729,0.913755,quasi
1466,12.216667,0.023143,-0.007431,0.399843,0.916261,0.213423,0.879099,0.049288,-0.08493,-0.038144,0.231379,0.968399,0.055971,0.475203,0.03669,-0.011986,0.031625,-0.319837,-0.946869,0.120313,0.622846,0.913231,quasi
1467,12.225,0.023698,-0.007171,0.399811,0.916263,0.213459,0.879101,0.049236,-0.085326,-0.037579,0.231122,0.968447,0.056015,0.475244,0.036743,-0.012824,0.030607,-0.318309,-0.947406,0.121214,0.625051,0.912891,quasi
1468,12.233333,0.024091,-0.006972,0.399711,0.916298,0.2135,0.879083,0.049196,-0.085326,-0.037117,0.230949,0.968506,0.056033,0.475273,0.036819,-0.013634,0.029429,-0.316593,-0.948007,0.122082,0.627273,0.912565,quasi
1469,12.241667,0.024478,-0.006829,0.399565,0.916353,0.213529,0.879062,0.049155,-0.08573,-0.036377,0.230668,0.968566,0.056066,0.475314,0.0369,-0.012837,0.027551,-0.315078,-0.948579,0.122878,0.629808,0.912257,quasi
1470,12.25,0.024824,-0.006796,0.399357,0.916434,0.213565,0.879046,0.049106,-0.086372,-0.035364,0.230253,0.968645,0.056114,0.475384,0.036971,-0.015519,0.029839,-0.314459,-0.948675,0.123876,0.632606,0.913032,quasi
1471,12.258333,0.025215,-0.006907,0.399127,0.916523,0.213601,0.879054,0.049063,-0.086515,-0.034332,0.22992,0.968748,0.056148,0.475435,0.037101,-0.015952,0.02958,-0.312654,-0.949272,0.124653,0.635192,0.913697,quasi
1472,12.266667,0.025571,-0.006991,0.398971,0.91658,0.213637,0.879084,0.049019,-0.086694,-0.033195,0.229456,0.968882,0.056162,0.475511,0.037226,-0.014047,0.028332,-0.311959,-0.949569,0.125584,0.638086,0.913455,quasi
1473,12.275,0.025821,-0.00708,0.398844,0.916628,0.213688,0.879141,0.048979,-0.086689,-0.031839,0.2289,0.969059,0.056159,0.475599,0.037372,-0.014054,0.028664,-0.311262,-0.949788,0.126462,0.64098,0.913454,quasi
1474,12.283333,0.026164,-0.007047,0.398629,0.916712,0.21375,0.879198,0.048926,-0.086841,-0.030812,0.228212,0.969241,0.056162,0.475736,0.037501,-0.014241,0.02812,-0.310371,-0.950093,0.127406,0.643833,0.913354,quasi
1475,12.291667,0.026579,-0.007069,0.398328,0.916831,0.213825,0.879232,0.048856,-0.087215,-0.029687,0.227238,0.969472,0.056135,0.475918,0.03763,-0.015548,0.027986,-0.30915,-0.950474,0.128357,0.646639,0.913201,quasi
1476,12.3,0.027134,-0.006957,0.398038,0.916941,0.213903,0.879264,0.048795,-0.087289,-0.028353,0.226097,0.969772,0.056066,0.476132,0.037813,-0.015878,0.025358,-0.307987,-0.95092,0.129673,0.650014,0.913575,quasi
1477,12.308333,0.027483,-0.006414,0.397918,0.916987,0.213971,0.879285,0.048751,-0.087871,-0.027593,0.224684,0.970069,0.056034,0.476443,0.037948,-0.012783,0.024191,-0.308068,-0.950971,0.13045,0.653092,0.912984,quasi
1478,12.316667,0.027614,-0.006179,0.397716,0.917072,0.214072,0.879307,0.04867,-0.087637,-0.026083,0.223312,0.970449,0.055964,0.476739,0.038193,-0.013516,0.024244,-0.307349,-0.951192,0.131349,0.656254,0.913146,quasi
1479,12.325,0.027687,-0.00612,0.397401,0.917207,0.214118,0.879316,0.048564,-0.087315,-0.024411,0.221925,0.97084,0.055866,0.477055,0.038506,-0.014122,0.022629,-0.306345,-0.951547,0.132323,0.659404,0.912907,quasi
1480,12.333333,0.027346,-0.00673,0.397105,0.917341,0.21409,0.87932,0.048375,-0.086865,-0.0217,0.220439,0.971283,0.055774,0.477418,0.038932,-0.016367,0.021611,-0.305069,-0.951945,0.133525,0.662628,0.913469,quasi
1481,12.341667,0.027002,-0.006384,0.397053,0.917376,0.214104,0.879329,0.048315,-0.087222,-0.01882,0.218697,0.971705,0.055682,0.477827,0.039402,-0.015018,0.018846,-0.303945,-0.952385,0.134449,0.665709,0.913188,quasi
1482,12.35,0.027155,-0.006356,0.396547,0.917591,0.214168,0.879312,0.048342,-0.087026,-0.01544,0.217192,0.972119,0.055623,0.478233,0.039955,-0.016098,0.01951,-0.302983,-0.95266,0.135168,0.668932,0.913545,quasi
1483,12.358333,0.023242,-0.011861,0.39749,0.917235,0.213646,0.879578,0.048442,-0.0868,-0.011165,0.215892,0.972487,0.05556,0.4786,0.040701,-0.017342,0.018844,-0.30202,-0.952958,0.136197,0.672272,0.914412,quasi
1484,12.366667,0.022871,-0.012184,0.397129,0.917397,0.2136,0.87959,0.048453,-0.086771,-0.006959,0.214414,0.972856,0.055565,0.479026,0.041405,-0.018277,0.016806,-0.301101,-0.953269,0.137361,0.675578,0.915291,quasi
1485,12.375,0.022663,-0.012343,0.39679,0.917547,0.213572,0.87959,0.048442,-0.085718,-0.001586,0.213073,0.973268,0.055574,0.479407,0.042287,-0.017887,0.014916,-0.300234,-0.953581,0.13835,0.678782,0.915758,quasi
1486,12.383333,0.022353,-0.012615,0.396482,0.917684,0.213545,0.879586,0.04842,-0.085939,0.00397,0.211749,0.97353,0.055617,0.479761,0.043279,-0.019726,0.016936,-0.299455,-0.953756,0.139013,0.682021,0.916725,quasi
1487,12.391667,0.02208,-0.012877,0.396141,0.917834,0.213503,0.879592,0.048382,-0.084773,0.010462,0.21059,0.973836,0.055747,0.480185,0.044286,-0.02129,0.018115,-0.298768,-0.953916,0.139768,0.685212,0.91776,quasi
1488,12.4,0.02172,-0.013112,0.395781,0.917995,0.213455,0.879603,0.048363,-0.08476,0.017323,0.209552,0.973963,0.055951,0.480599,0.045454,-0.021199,0.016811,-0.298139,-0.954139,0.140729,0.688466,0.918533,quasi
1489,12.408333,0.021476,-0.013317,0.395392,0.918165,0.213397,0.87962,0.048345,-0.084297,0.02578,0.208925,0.973951,0.056187,0.480992,0.046766,-0.021472,0.01591,-0.29746,-0.95436,0.141634,0.691752,0.919567,quasi
1490,12.416667,0.021419,-0.013781,0.394904,0.918369,0.213368,0.879659,0.048309,-0.084328,0.035205,0.208154,0.973818,0.056456,0.481414,0.048201,-0.02154,0.015231,-0.296829,-0.954566,0.142507,0.695015,0.920394,quasi
1491,12.425,0.021015,-0.014234,0.394529,0.918533,0.213306,0.879685,0.048266,-0.083504,0.044254,0.207742,0.973608,0.056889,0.481881,0.049528,-0.022413,0.016779,-0.29642,-0.954647,0.143188,0.698213,0.921548,quasi
1492,12.433333,0.020584,-0.014452,0.394289,0.918642,0.213236,0.8797,0.048245,-0.08442,0.05428,0.207301,0.973115,0.057327,0.482287,0.051203,-0.02058,0.015627,-0.296202,-0.954776,0.14387,0.701459,0.922109,quasi
1493,12.441667,0.02003,-0.014663,0.394038,0.918759,0.213152,0.879703,0.048231,-0.085519,0.064896,0.206735,0.972489,0.057942,0.482827,0.052955,-0.02159,0.015406,-0.29596,-0.954832,0.144875,0.70462,0.923483,quasi
1494,12.45,0.019345,-0.014887,0.393739,0.918898,0.213056,0.879701,0.048213,-0.08758,0.075698,0.20627,0.971624,0.058649,0.483379,0.054854,-0.019922,0.015197,-0.29606,-0.95484,0.145526,0.707893,0.924116,quasi
1495,12.458333,0.018524,-0.015259,0.393444,0.919035,0.212962,0.879712,0.048201,-0.089576,0.088466,0.205607,0.970503,0.05941,0.484087,0.056999,-0.019692,0.016165,-0.295881,-0.954885,0.146008,0.711013,0.925045,quasi
1496,12.466667,0.017631,-0.015933,0.393122,0.919179,0.212865,0.879727,0.048238,-0.091561,0.10279,0.205127,0.969007,0.06014,0.484885,0.059214,-0.01928,0.016964,-0.295896,-0.954875,0.146475,0.713977,0.925795,quasi
1497,12.475,0.016725,-0.01667,0.392803,0.91932,0.212772,0.879749,0.048255,-0.092905,0.118092,0.20422,0.967325,0.061,0.485798,0.061568,-0.018551,0.014885,-0.295675,-0.954992,0.147388,0.717088,0.926992,quasi
1498,12.483333,0.015818,-0.017389,0.392343,0.919519,0.212679,0.879748,0.048282,-0.093844,0.13351,0.203576,0.965363,0.062007,0.486822,0.064208,-0.017008,0.012227,-0.295132,-0.955227,0.148402,0.720058,0.927959,quasi
1499,12.491667,0.014906,-0.01824,0.391798,0.91975,0.212606,0.87973,0.048313,-0.091881,0.152601,0.201648,0.963125,0.062823,0.488621,0.067452,-0.019937,0.014772,-0.294988,-0.955179,0.148831,0.722825,0.92943,quasi
1500,12.5,0.013693,-0.018926,0.391242,0.919991,0.212502,0.879705,0.04836,-0.097528,0.168383,0.200632,0.960147,0.064346,0.490137,0.070565,-0.017711,0.0132,-0.294814,-0.955299,0.149447,0.725808,0.930103,quasi
1501,12.508333,0.012805,-0.019557,0.390644,0.920245,0.212381,0.879686,0.048385,-0.104202,0.182549,0.198989,0.957194,0.066063,0.491743,0.073991,-0.017073,0.012432,-0.294584,-0.955392,0.150092,0.728636,0.931064,quasi
1502,12.516667,0.011802,-0.02051,0.3899,0.920553,0.21228,0.879705,0.048437,-0.114837,0.189606,0.198851,0.954631,0.06754,0.493781,0.077427,-0.016433,0.013056,-0.294864,-0.955309,0.15066,0.731455,0.932251,quasi
1503,12.525,0.01078,-0.021392,0.389212,0.920837,0.212082,0.87972,0.04843,-0.120266,0.197699,0.198703,0.952349,0.069456,0.495832,0.081587,-0.014791,0.012541,-0.295305,-0.955206,0.151047,0.734233,0.933112,quasi
1504,12.533333,0.011463,-0.021656,0.388251,0.921228,0.211798,0.879819,0.048342,-0.124432,0.208124,0.196497,0.950048,0.071541,0.498338,0.086277,-0.013475,0.011626,-0.29515,-0.955285,0.151481,0.736736,0.933859,quasi
1505,12.541667,0.01222,-0.021991,0.387532,0.921513,0.211569,0.879952,0.048341,-0.127819,0.220125,0.192053,0.947799,0.073902,0.50125,0.091557,-0.011893,0.010789,-0.294935,-0.955382,0.151996,0.739185,0.934434,quasi
1506,12.55,0.009324,-0.023513,0.387441,0.921547,0.211512,0.879892,0.04848,-0.131601,0.230332,0.187088,0.945847,0.076752,0.504382,0.097258,-0.011665,0.011143,-0.29438,-0.955552,0.152593,0.74161,0.935185,quasi
1507,12.558333,0.007418,-0.025088,0.38694,0.921734,0.211369,0.879894,0.048568,-0.140784,0.25143,0.181434,0.940236,0.080584,0.508351,0.10408,-0.011828,0.011924,-0.294049,-0.955643,0.153142,0.743951,0.936017,quasi
1508,12.566667,0.005278,-0.026685,0.386629,0.921834,0.211227,0.879957,0.048667,-0.147408,0.261255,0.176732,0.937434,0.084052,0.512037,0.109581,-0.011185,0.011982,-0.293716,-0.955752,0.153742,0.746195,0.936758,quasi
1509,12.575,0.003039,-0.028174,0.386332,0.921925,0.210998,0.880075,0.048761,-0.148298,0.273899,0.169375,0.93504,0.087997,0.515949,0.115224,-0.011124,0.012609,-0.292904,-0.955994,0.154432,0.748349,0.937476,quasi
1510,12.583333,0.00144,-0.029185,0.386265,0.921925,0.210678,0.880216,0.048805,-0.146237,0.276834,0.165909,0.935121,0.092797,0.521036,0.120904,-0.01386,0.012488,-0.291314,-0.956446,0.155675,0.749858,0.938654,quasi
1511,12.591667,-0.001325,-0.030276,0.386138,0.921943,0.210526,0.880332,0.049071,-0.145099,0.280479,0.159839,0.93527,0.097759,0.52573,0.126845,-0.013877,0.014138,-0.291181,-0.956463,0.156408,0.751793,0.939564,quasi
1512,12.6,-0.003794,-0.030956,0.386128,0.921918,0.210337,0.880478,0.049242,-0.145376,0.28167,0.155584,0.935586,0.102671,0.530846,0.132768,-0.012794,0.015324,-0.291089,-0.956488,0.157172,0.753832,0.940349,quasi
1513,12.608333,-0.007004,-0.032576,0.386108,0.921852,0.210177,0.88053,0.049355,-0.147491,0.28238,0.152211,0.935596,0.107716,0.536221,0.138409,-0.011829,0.016924,-0.29121,-0.956436,0.157888,0.755747,0.941125,quasi
1514,12.616667,-0.010418,-0.035112,0.385849,0.921835,0.210028,0.880567,0.049355,-0.149101,0.284062,0.149098,0.935333,0.112797,0.541741,0.143891,-0.011347,0.018879,-0.291699,-0.956256,0.15872,0.757666,0.942076,quasi
1515,12.625,-0.013448,-0.035846,0.385668,0.921843,0.209843,0.880653,0.04945,-0.153685,0.28359,0.148205,0.934876,0.117998,0.547331,0.148936,-0.011405,0.021401,-0.292031,-0.956102,0.159534,0.759497,0.943133,quasi
1516,12.633333,-0.01579,-0.036771,0.385873,0.921684,0.209761,0.880729,0.049758,-0.148548,0.285597,0.144488,0.935677,0.123921,0.553643,0.154283,-0.011095,0.023191,-0.292677,-0.955866,0.16037,0.761374,0.94416,quasi
1517,12.641667,-0.017872,-0.038347,0.385951,0.921548,0.20953,0.880852,0.049832,-0.148534,0.284741,0.144292,0.93597,0.129969,0.559624,0.159156,-0.010388,0.024716,-0.293391,-0.955616,0.161354,0.763166,0.945141,quasi
1518,12.65,-0.021247,-0.039304,0.385927,0.921447,0.209361,0.881007,0.050159,-0.151406,0.282494,0.147103,0.935753,0.13612,0.56548,0.16367,-0.009699,0.02719,-0.293967,-0.955379,0.162205,0.764934,0.946051,quasi
1519,12.658333,-0.022844,-0.041763,0.385964,0.921285,0.209094,0.881152,0.050143,-0.147874,0.282126,0.146817,0.936474,0.142529,0.57199,0.168448,-0.00866,0.029149,-0.294805,-0.955074,0.163134,0.766793,0.947019,quasi
1520,12.666667,-0.022708,-0.042178,0.38556,0.921439,0.208974,0.881259,0.050283,-0.146829,0.285389,0.142804,0.93627,0.148246,0.578731,0.173354,-0.007453,0.031054,-0.295385,-0.954844,0.164164,0.768315,0.947775,quasi
1521,12.675,-0.02313,-0.042151,0.385191,0.921584,0.208797,0.881212,0.050068,-0.142109,0.287534,0.140396,0.936706,0.154815,0.585429,0.178052,-0.006628,0.033416,-0.296236,-0.954507,0.165133,0.770034,0.948756,quasi
1522,12.683333,-0.028067,-0.041875,0.385306,0.921411,0.208588,0.881288,0.050228,-0.140947,0.285867,0.141017,0.937299,0.161446,0.591865,0.182348,-0.005655,0.035211,-0.296973,-0.95422,0.166132,0.771602,0.949653,quasi
1523,12.691667,-0.031062,-0.040832,0.384927,0.92152,0.208329,0.881596,0.050703,-0.138174,0.285146,0.140352,0.93803,0.168239,0.598584,0.186581,-0.00459,0.037291,-0.297596,-0.953952,0.167275,0.773127,0.950518,quasi
1524,12.7,-0.033226,-0.042225,0.384952,0.921371,0.208076,0.881798,0.050856,-0.136231,0.284211,0.141371,0.938445,0.175134,0.605007,0.190601,-0.003851,0.039253,-0.29825,-0.953673,0.168363,0.77463,0.951485,quasi
1525,12.708333,-0.035938,-0.043864,0.385317,0.92104,0.207872,0.881974,0.050949,-0.134937,0.28248,0.141819,0.939087,0.182175,0.611416,0.194451,-0.003032,0.041161,-0.298904,-0.95339,0.169543,0.776068,0.952373,quasi
1526,12.716667,-0.038907,-0.045439,0.384932,0.921004,0.207543,0.882107,0.051097,-0.134746,0.27886,0.142437,0.940102,0.189337,0.617783,0.198063,-0.002084,0.043114,-0.2995,-0.953119,0.170843,0.777499,0.953214,quasi
1527,12.725,-0.041846,-0.0479,0.384877,0.920774,0.207327,0.882293,0.051294,-0.13603,0.274188,0.145246,0.940861,0.19695,0.623683,0.201559,-0.000954,0.043902,-0.300085,-0.952901,0.172126,0.778786,0.953959,quasi
1528,12.733333,-0.044292,-0.049429,0.384937,0.920553,0.207045,0.882467,0.051441,-0.132892,0.275115,0.14456,0.941145,0.204351,0.630062,0.205227,0.00016,0.045763,-0.30049,-0.952686,0.173259,0.780127,0.954788,quasi
1529,12.741667,-0.046537,-0.05143,0.385179,0.920232,0.206851,0.882598,0.051467,-0.131448,0.272537,0.145357,0.941975,0.211792,0.636208,0.208489,0.001375,0.04761,-0.30125,-0.952355,0.174413,0.781407,0.955487,quasi
1530,12.75,-0.048156,-0.052293,0.385253,0.920069,0.206549,0.882759,0.051533,-0.129576,0.270331,0.145029,0.94292,0.219497,0.642361,0.211678,0.000452,0.051182,-0.302695,-0.951712,0.175769,0.782835,0.956847,quasi
1531,12.758333,-0.050891,-0.053998,0.385253,0.919823,0.206293,0.882879,0.051543,-0.128888,0.267653,0.144632,0.943839,0.227244,0.648268,0.21474,0.00058,0.052658,-0.30367,-0.951321,0.177134,0.78398,0.957805,quasi
1532,12.766667,-0.053739,-0.055509,0.385116,0.919629,0.20601,0.88303,0.05158,-0.12841,0.264203,0.146109,0.944648,0.23516,0.654006,0.217643,0.000957,0.054311,-0.304865,-0.950845,0.178462,0.785143,0.958671,quasi
1533,12.775,-0.056944,-0.056714,0.384761,0.919511,0.205703,0.883154,0.051696,-0.125217,0.26172,0.146171,0.945758,0.243196,0.659973,0.220469,0.001614,0.055053,-0.306159,-0.950386,0.179884,0.786248,0.959289,quasi
1534,12.783333,-0.058808,-0.057274,0.38483,0.91933,0.205521,0.883351,0.051812,-0.129304,0.259188,0.146682,0.945826,0.251024,0.665504,0.222905,0.001386,0.056727,-0.307529,-0.949845,0.181351,0.787212,0.960251,quasi
1535,12.791667,-0.060663,-0.05832,0.385086,0.919036,0.205406,0.883462,0.05183,-0.129693,0.255514,0.146711,0.946767,0.259053,0.671032,0.225211,0.002299,0.058448,-0.309267,-0.949175,0.182733,0.788373,0.961111,quasi
1536,12.8,-0.062259,-0.059129,0.385045,0.918895,0.205244,0.883557,0.051909,-0.129217,0.251787,0.148094,0.947615,0.267364,0.676349,0.227496,0.003731,0.059735,-0.31112,-0.948484,0.184122,0.789726,0.961722,quasi
1537,12.808333,-0.063863,-0.060144,0.385223,0.918644,0.205111,0.883676,0.052022,-0.131349,0.24562,0.14967,0.948693,0.275649,0.681476,0.229534,0.004845,0.061212,-0.312807,-0.94783,0.185664,0.790866,0.962471,quasi
1538,12.816667,-0.062514,-0.060573,0.385843,0.918449,0.205083,0.88383,0.051894,-0.128666,0.231261,0.156042,0.951638,0.283694,0.685634,0.230392,0.006054,0.062769,-0.314647,-0.947112,0.1872,0.792015,0.963211,quasi
1539,12.825,-0.063221,-0.060645,0.385917,0.918365,0.205027,0.883873,0.051941,-0.129752,0.228316,0.156762,0.952083,0.292288,0.690866,0.232382,0.006551,0.066163,-0.316718,-0.946187,0.18858,0.793233,0.964405,quasi
1540,12.833333,-0.063464,-0.060379,0.385861,0.918389,0.205011,0.883894,0.051958,-0.127472,0.222943,0.158198,0.953426,0.300775,0.696028,0.234074,0.007704,0.068287,-0.318546,-0.945413,0.190075,0.794366,0.965225,quasi
1541,12.841667,-0.063824,-0.060459,0.385878,0.918351,0.205045,0.883883,0.051936,-0.126237,0.221805,0.156624,0.954115,0.309569,0.701115,0.236384,0.009277,0.069763,-0.320307,-0.944696,0.191575,0.795486,0.965941,quasi
1542,12.85,-0.063083,-0.05964,0.385971,0.918417,0.205057,0.883895,0.051937,-0.122711,0.214309,0.159034,0.955888,0.318189,0.706047,0.237819,0.010508,0.072011,-0.321992,-0.943941,0.193034,0.796706,0.966815,quasi
1543,12.858333,-0.062625,-0.058924,0.386366,0.918329,0.205151,0.883925,0.051916,-0.117063,0.22266,0.151541,0.955905,0.327262,0.712286,0.241039,0.011748,0.074152,-0.323871,-0.943118,0.194432,0.797817,0.967699,quasi
1544,12.866667,-0.062182,-0.056667,0.387005,0.918232,0.205303,0.884021,0.051801,-0.10946,0.214233,0.15654,0.957924,0.335764,0.716842,0.242132,0.013312,0.075787,-0.325863,-0.942281,0.195816,0.798949,0.968499,quasi
1545,12.875,-0.061456,-0.056035,0.387116,0.918273,0.205382,0.883958,0.051753,-0.107884,0.212144,0.155391,0.958754,0.344561,0.722021,0.243927,0.015582,0.077123,-0.327459,-0.941584,0.19714,0.800317,0.96891,quasi
1546,12.883333,-0.060655,-0.054091,0.387631,0.918225,0.205514,0.884015,0.051702,-0.110736,0.207629,0.156996,0.959156,0.353261,0.726678,0.245474,0.017635,0.079024,-0.329135,-0.940805,0.198643,0.801624,0.969387,quasi
1547,12.891667,-0.059269,-0.052537,0.3877,0.918377,0.205617,0.883914,0.051571,-0.106298,0.20314,0.158145,0.960429,0.361926,0.73154,0.246882,0.019095,0.081244,-0.330735,-0.940026,0.200097,0.802713,0.970081,quasi
1548,12.9,-0.058358,-0.053124,0.387835,0.918344,0.20568,0.883702,0.051413,-0.105677,0.198068,0.159593,0.961318,0.37058,0.73614,0.248186,0.020347,0.082935,-0.332025,-0.939397,0.201696,0.803809,0.970786,quasi
1549,12.908333,-0.056825,-0.05278,0.387882,0.918441,0.20578,0.883566,0.051318,-0.102447,0.19461,0.159849,0.962331,0.3793,0.740997,0.249793,0.021668,0.086305,-0.33165,-0.939196,0.204006,0.80507,0.97132,quasi
1550,12.916667,-0.055261,-0.051914,0.387965,0.91855,0.205893,0.883447,0.051186,-0.099814,0.188152,0.160224,0.963828,0.38801,0.745399,0.250936,0.02205,0.089975,-0.334469,-0.937843,0.205311,0.80613,0.972391,quasi
1551,12.925,-0.053195,-0.05075,0.388029,0.91871,0.206029,0.883351,0.051023,-0.098666,0.181647,0.161609,0.964962,0.396624,0.749793,0.252113,0.022847,0.093099,-0.336671,-0.93673,0.206808,0.807381,0.973,quasi
1552,12.933333,-0.053654,-0.051132,0.388245,0.918571,0.206031,0.883273,0.051062,-0.09924,0.175202,0.163113,0.965842,0.405266,0.754161,0.253209,0.023225,0.095022,-0.338553,-0.935849,0.208301,0.80854,0.973537,quasi
1553,12.941667,-0.055583,-0.051699,0.387805,0.91861,0.206088,0.883136,0.051115,-0.098398,0.168673,0.163478,0.967027,0.413652,0.758677,0.254236,0.023885,0.096715,-0.34,-0.935134,0.209848,0.809644,0.973921,quasi
1554,12.95,-0.053462,-0.051838,0.388226,0.918551,0.20608,0.883065,0.051119,-0.098458,0.162516,0.163871,0.968009,0.422034,0.763224,0.255273,0.02466,0.098495,-0.341337,-0.934441,0.211306,0.810634,0.974391,quasi
1555,12.958333,-0.052838,-0.051097,0.388332,0.918583,0.206159,0.883029,0.051057,-0.102925,0.155456,0.16365,0.968741,0.430498,0.767578,0.256028,0.025108,0.100293,-0.342846,-0.933685,0.212696,0.811601,0.974891,quasi
1556,12.966667,-0.052155,-0.049844,0.388488,0.918625,0.206272,0.88303,0.05102,-0.099712,0.150217,0.163881,0.969864,0.438963,0.772086,0.257008,0.026162,0.101494,-0.344395,-0.932956,0.214075,0.812633,0.975211,quasi
1557,12.975,-0.051201,-0.048434,0.388655,0.918684,0.206395,0.883041,0.051001,-0.096223,0.144725,0.164563,0.970935,0.447168,0.776395,0.257923,0.027797,0.100891,-0.34572,-0.932484,0.21555,0.81359,0.975303,quasi
1558,12.983333,-0.049908,-0.047869,0.389071,0.918609,0.206507,0.883033,0.050985,-0.096034,0.138265,0.166068,0.971639,0.455329,0.780883,0.25863,0.030976,0.09951,-0.345724,-0.932531,0.217498,0.814617,0.974379,quasi
1559,12.991667,-0.048942,-0.046977,0.389151,0.918673,0.206687,0.882965,0.050963,-0.093244,0.134302,0.166272,0.972431,0.463483,0.785145,0.259494,0.028817,0.107081,-0.348933,-0.930564,0.218084,0.815744,0.97652,quasi
1560,13.0,-0.047353,-0.04425,0.389339,0.918812,0.206884,0.882959,0.050807,-0.091009,0.129243,0.167002,0.973203,0.471553,0.789388,0.260139,0.029403,0.108784,-0.350032,-0.929935,0.219432,0.816749,0.976866,quasi
1561,13.008333,-0.045309,-0.042444,0.389383,0.918981,0.20708,0.882809,0.050598,-0.087279,0.124172,0.166858,0.974229,0.479706,0.793491,0.260734,0.029642,0.110048,-0.351287,-0.929305,0.220626,0.817733,0.977289,quasi
1562,13.016667,-0.043062,-0.039878,0.389753,0.919047,0.207275,0.882654,0.050278,-0.084347,0.119878,0.166653,0.97506,0.487771,0.797699,0.261293,0.029996,0.110457,-0.352365,-0.928837,0.221882,0.818663,0.977415,quasi
1563,13.025,-0.039865,-0.039462,0.389612,0.91927,0.207551,0.88243,0.050215,-0.084458,0.114638,0.166634,0.975684,0.495605,0.802037,0.261618,0.029916,0.111509,-0.35356,-0.92826,0.223115,0.819649,0.977666,quasi
1564,13.033333,-0.037294,-0.037423,0.388901,0.919764,0.207924,0.882262,0.050002,-0.081788,0.110016,0.166943,0.97639,0.503352,0.806168,0.261936,0.03032,0.112176,-0.354671,-0.927742,0.224255,0.820713,0.977782,quasi
1565,13.041667,-0.034804,-0.034836,0.388671,0.92006,0.208258,0.882104,0.049768,-0.077821,0.105668,0.167622,0.977078,0.511066,0.810344,0.262125,0.030238,0.113398,-0.355884,-0.927132,0.225398,0.821711,0.978077,quasi
1566,13.05,-0.032023,-0.032869,0.388354,0.920367,0.208542,0.881929,0.049554,-0.075726,0.100348,0.167517,0.977821,0.518621,0.814576,0.262107,0.030505,0.114051,-0.356976,-0.926623,0.226552,0.822798,0.978107,quasi
1567,13.058333,-0.029216,-0.031137,0.388214,0.92058,0.208843,0.881779,0.049464,-0.073574,0.095284,0.167635,0.978471,0.526209,0.818791,0.261945,0.030871,0.11598,-0.357892,-0.926018,0.22778,0.823841,0.978274,quasi
1568,13.066667,-0.026335,-0.029359,0.388115,0.920767,0.209113,0.881606,0.049354,-0.070041,0.089867,0.168264,0.979135,0.533705,0.823074,0.261501,0.030672,0.11699,-0.358392,-0.925704,0.229117,0.82484,0.978323,quasi
1569,13.075,-0.023131,-0.027597,0.38819,0.920876,0.209393,0.881455,0.049223,-0.068434,0.085287,0.168991,0.979533,0.541012,0.82745,0.260986,0.03226,0.11536,-0.358531,-0.925801,0.230769,0.825847,0.977685,quasi
1570,13.083333,-0.019116,-0.025883,0.38791,0.921136,0.209714,0.881188,0.048953,-0.064718,0.081493,0.170184,0.979902,0.548273,0.831659,0.260293,0.03173,0.115917,-0.359052,-0.925547,0.231942,0.826858,0.977501,quasi
1571,13.091667,-0.015375,-0.024331,0.387808,0.921291,0.210025,0.880928,0.048752,-0.061597,0.077599,0.172562,0.980003,0.555421,0.836061,0.259341,0.031767,0.118209,-0.359905,-0.924925,0.233046,0.827957,0.977532,quasi
1572,13.1,-0.012338,-0.022885,0.387836,0.921362,0.210348,0.880725,0.048609,-0.059031,0.073263,0.174057,0.980231,0.56243,0.840466,0.258197,0.032305,0.119371,-0.360688,-0.924452,0.234219,0.82921,0.977222,quasi
1573,13.108333,-0.009332,-0.021161,0.387692,0.921499,0.210631,0.880541,0.048464,-0.057126,0.069922,0.175489,0.980332,0.56924,0.844902,0.256782,0.033354,0.120222,-0.361186,-0.92411,0.235322,0.830378,0.976793,quasi
1574,13.116667,-0.006625,-0.019979,0.387556,0.921606,0.210917,0.880348,0.048358,-0.055589,0.066184,0.17732,0.980351,0.576036,0.849406,0.255277,0.03356,0.122019,-0.361911,-0.923583,0.236398,0.831628,0.976486,quasi
1575,13.125,-0.004455,-0.01936,0.387532,0.921642,0.211141,0.880156,0.048252,-0.051177,0.06275,0.179515,0.980417,0.582736,0.854011,0.253674,0.03326,0.122377,-0.362416,-0.923348,0.237377,0.832699,0.976143,quasi
1576,13.133333,-0.003722,-0.019162,0.387771,0.921549,0.211336,0.879938,0.048245,-0.050108,0.060094,0.180871,0.98039,0.589422,0.858597,0.251872,0.033252,0.123149,-0.363093,-0.92298,0.238475,0.833959,0.975654,quasi
1577,13.141667,0.000834,-0.016499,0.387444,0.921745,0.211532,0.879736,0.047671,-0.046784,0.05508,0.182684,0.980512,0.596222,0.863299,0.249554,0.03226,0.125729,-0.36386,-0.922365,0.239354,0.835162,0.975575,quasi
1578,13.15,0.001719,-0.016105,0.387514,0.921722,0.211654,0.879675,0.047683,-0.046182,0.051642,0.183652,0.980547,0.602695,0.867849,0.247148,0.032247,0.125648,-0.364206,-0.92224,0.240528,0.836348,0.974864,quasi
1579,13.158333,0.001422,-0.016518,0.38778,0.921603,0.211699,0.879648,0.047724,-0.042784,0.04787,0.18549,0.980547,0.609119,0.872575,0.24465,0.03155,0.126959,-0.364625,-0.921919,0.241403,0.837433,0.974619,quasi
1580,13.166667,0.00089,-0.015804,0.38828,0.921406,0.211699,0.879749,0.047902,-0.040346,0.045239,0.185512,0.980771,0.615471,0.877332,0.242348,0.03055,0.12621,-0.364751,-0.922006,0.242522,0.838423,0.973945,quasi
1581,13.175,0.000975,-0.015341,0.388487,0.921326,0.211683,0.879786,0.047897,-0.039665,0.040448,0.18851,0.980436,0.62196,0.882072,0.239292,0.029281,0.127308,-0.365208,-0.921715,0.24346,0.839581,0.973541,quasi
1582,13.183333,0.000929,-0.015007,0.388609,0.92128,0.211746,0.879816,0.047943,-0.035395,0.037521,0.190226,0.980384,0.62823,0.886916,0.236416,0.029021,0.126397,-0.365217,-0.921845,0.244552,0.840603,0.972807,quasi
1583,13.191667,0.000551,-0.014614,0.38888,0.921172,0.211767,0.879749,0.047973,-0.031804,0.034123,0.191803,0.980324,0.634403,0.891748,0.233329,0.027105,0.126873,-0.365328,-0.921794,0.245462,0.841549,0.972469,quasi
1584,13.2,-0.000188,-0.014695,0.389255,0.921013,0.211838,0.879675,0.04794,-0.028548,0.03074,0.193344,0.980234,0.640444,0.896564,0.230137,0.026319,0.127253,-0.365437,-0.921721,0.246519,0.842654,0.971911,quasi
1585,13.208333,-0.000849,-0.014828,0.389515,0.920901,0.211902,0.87965,0.047891,-0.02477,0.026453,0.194525,0.980228,0.646346,0.901475,0.226818,0.025075,0.12772,-0.365633,-0.921613,0.2475,0.84385,0.971256,quasi
1586,13.216667,-0.001072,-0.014666,0.389731,0.920812,0.211938,0.879657,0.047915,-0.020485,0.022558,0.195974,0.980136,0.652109,0.906363,0.223461,0.023687,0.126941,-0.365474,-0.921821,0.248787,0.845131,0.970107,quasi
1587,13.225,-0.00079,-0.014506,0.389843,0.920767,0.211948,0.87965,0.047927,-0.017092,0.018526,0.197348,0.980009,0.657816,0.911256,0.219912,0.022598,0.128132,-0.365466,-0.921687,0.249889,0.846493,0.969374,quasi
1588,13.233333,-0.00011,-0.013725,0.389799,0.920798,0.211986,0.879643,0.047868,-0.013132,0.015079,0.198918,0.979812,0.663365,0.916106,0.216303,0.021789,0.127761,-0.3656,-0.921705,0.250815,0.847582,0.968804,quasi
1589,13.241667,1.7e-05,-0.012704,0.389686,0.92086,0.212047,0.879651,0.047875,-0.010226,0.011949,0.200043,0.979661,0.668771,0.920932,0.212474,0.019351,0.129411,-0.365968,-0.921383,0.251839,0.848779,0.968213,quasi
1590,13.25,3.7e-05,-0.012672,0.389669,0.920868,0.212096,0.87963,0.047915,-0.006916,0.009927,0.200678,0.979583,0.674017,0.925739,0.20835,0.01795,0.129092,-0.365714,-0.921557,0.252929,0.850008,0.967114,quasi
1591,13.258333,-0.000396,-0.012451,0.389743,0.92084,0.212155,0.879641,0.047961,-0.003402,0.009625,0.201272,0.979482,0.679191,0.930558,0.204002,0.015845,0.129517,-0.366314,-0.921297,0.253691,0.851083,0.966432,quasi
1592,13.266667,-0.000453,-0.012544,0.389716,0.92085,0.212197,0.879642,0.047942,-0.001512,0.011008,0.201495,0.979427,0.684182,0.935265,0.199466,0.014314,0.128092,-0.366695,-0.92137,0.254628,0.851981,0.965481,quasi
1593,13.275,-0.000771,-0.013444,0.389923,0.920749,0.21213,0.879649,0.04793,0.002049,0.013841,0.202365,0.97921,0.68905,0.939907,0.194585,0.013729,0.127344,-0.36637,-0.921612,0.255744,0.85306,0.964292,quasi
1594,13.283333,-0.00045,-0.013087,0.390076,0.92069,0.212196,0.879653,0.047969,0.007269,0.018109,0.20356,0.978868,0.693845,0.944462,0.189594,0.01263,0.126067,-0.366288,-0.921836,0.25643,0.853873,0.963013,quasi
1595,13.291667,0.000448,-0.012532,0.390143,0.920669,0.212288,0.879609,0.047924,0.014083,0.022099,0.203259,0.978774,0.698354,0.948854,0.184486,0.011838,0.124778,-0.366353,-0.921996,0.257148,0.85482,0.961983,quasi
1596,13.3,0.00173,-0.011878,0.390275,0.92062,0.212393,0.879544,0.047887,0.019192,0.029321,0.199459,0.979279,0.702688,0.953336,0.180112,0.01031,0.125257,-0.366456,-0.921908,0.258096,0.856099,0.960936,quasi
1597,13.308333,0.00272,-0.011414,0.390431,0.920558,0.2125,0.879451,0.047852,0.023536,0.032048,0.197056,0.979586,0.706666,0.957578,0.175346,0.008614,0.124947,-0.36682,-0.921823,0.259171,0.857459,0.959852,quasi
1598,13.316667,0.004069,-0.011092,0.39054,0.92051,0.212577,0.879331,0.047774,0.029935,0.034705,0.196805,0.979371,0.710439,0.961797,0.1708,0.009456,0.125141,-0.366163,-0.922049,0.260727,0.859096,0.958584,quasi
1599,13.325,0.005457,-0.010894,0.390605,0.920478,0.212661,0.879188,0.047703,0.036492,0.036683,0.197209,0.978995,0.714056,0.965973,0.166556,0.005854,0.126406,-0.367458,-0.921391,0.261552,0.860478,0.957932,quasi
1600,13.333333,0.007098,-0.009414,0.39057,0.920498,0.212842,0.879084,0.047696,0.041954,0.037727,0.197433,0.978691,0.717442,0.969941,0.162465,0.003046,0.125942,-0.368335,-0.921118,0.26245,0.861742,0.956698,quasi
1601,13.341667,0.008283,-0.009996,0.390685,0.920433,0.21284,0.878945,0.047591,0.049656,0.040289,0.197303,0.978255,0.720634,0.973907,0.158402,0.001771,0.124625,-0.369216,-0.920948,0.263312,0.8628,0.955494,quasi
1602,13.35,0.009396,-0.009336,0.390654,0.920442,0.212897,0.878854,0.047535,0.055836,0.041792,0.197246,0.97787,0.723688,0.977694,0.154297,0.000198,0.122997,-0.369883,-0.920901,0.264177,0.863916,0.954193,quasi
1603,13.358333,0.010372,-0.008687,0.390592,0.920465,0.212969,0.878803,0.047521,0.06103,0.042665,0.19746,0.977479,0.726499,0.981422,0.150195,-0.000581,0.121218,-0.370164,-0.921024,0.265261,0.865174,0.952562,quasi
1604,13.366667,0.010765,-0.008141,0.390757,0.920395,0.213101,0.878736,0.047522,0.065126,0.043766,0.198091,0.977038,0.729121,0.984977,0.146164,-0.000116,0.120724,-0.370472,-0.920965,0.266137,0.86601,0.95164,quasi
1605,13.375,0.011641,-0.007795,0.390666,0.920426,0.213186,0.87869,0.047464,0.068692,0.046196,0.199583,0.976378,0.73167,0.988361,0.142526,-0.002355,0.115138,-0.371092,-0.921428,0.266833,0.86676,0.949415,quasi
1606,13.383333,0.012862,-0.007049,0.390545,0.920467,0.213281,0.878636,0.04743,0.073345,0.046507,0.201973,0.975533,0.733883,0.9916,0.138772,-0.004341,0.112479,-0.372115,-0.921336,0.267354,0.86747,0.948322,quasi
1607,13.391667,0.014298,-0.006253,0.390478,0.92048,0.213375,0.878555,0.047378,0.072924,0.045767,0.203812,0.975217,0.735971,0.994649,0.134853,-0.005764,0.111466,-0.372888,-0.921139,0.26833,0.868692,0.946898,quasi
1608,13.4,0.015449,-0.005533,0.390487,0.920462,0.213466,0.878483,0.047342,0.07002,0.045065,0.20606,0.97499,0.737825,0.99735,0.131091,-0.005403,0.111519,-0.373044,-0.921072,0.269942,0.870335,0.945242,quasi
1609,13.408333,0.015976,-0.004941,0.390523,0.920441,0.213538,0.878419,0.047317,0.067644,0.043889,0.207446,0.974917,0.739523,0.999827,0.127286,-0.006324,0.109833,-0.373633,-0.921029,0.270958,0.871496,0.943714,quasi
1610,13.416667,0.017136,-0.00397,0.390514,0.920429,0.21359,0.878399,0.04726,0.067463,0.044143,0.208816,0.974626,0.741028,1.002074,0.123934,-0.007627,0.108976,-0.374513,-0.920764,0.271961,0.872698,0.942359,quasi
1611,13.425,0.017656,-0.003425,0.390934,0.920243,0.21365,0.878424,0.047262,0.069388,0.042115,0.209948,0.974338,0.7423,1.004129,0.120423,-0.008477,0.107106,-0.375323,-0.920646,0.272957,0.873834,0.940867,quasi
1612,13.433333,0.018102,-0.002662,0.39102,0.9202,0.213703,0.87841,0.047238,0.069993,0.041049,0.210611,0.974197,0.743276,1.006017,0.116938,-0.009619,0.105509,-0.37616,-0.920478,0.274008,0.874994,0.939389,quasi
1613,13.441667,0.0185,-0.001938,0.391282,0.920083,0.21372,0.87843,0.047215,0.069604,0.041302,0.210231,0.974296,0.743995,1.007703,0.113693,-0.011026,0.104643,-0.377078,-0.920185,0.275015,0.876156,0.93818,quasi
1614,13.45,0.018657,-0.00164,0.391568,0.919959,0.213729,0.878477,0.047204,0.071091,0.041721,0.210262,0.974164,0.74452,1.00924,0.110395,-0.012192,0.10249,-0.377942,-0.920058,0.27606,0.877398,0.936543,quasi
1615,13.458333,0.018313,-0.00151,0.391441,0.92002,0.213789,0.878456,0.047193,0.075723,0.042398,0.211248,0.973572,0.744827,1.010624,0.107175,-0.012886,0.101468,-0.378605,-0.919889,0.277215,0.878589,0.935148,quasi
1616,13.466667,0.018501,-0.000734,0.391659,0.919924,0.213826,0.878454,0.047236,0.076395,0.042657,0.211172,0.973525,0.744921,1.011951,0.103788,-0.014421,0.099461,-0.379754,-0.919612,0.278228,0.879618,0.933765,quasi
1617,13.475,0.018452,-0.000481,0.391841,0.919848,0.213853,0.878456,0.047244,0.078328,0.044222,0.210447,0.973458,0.744897,1.013173,0.100408,-0.015206,0.097909,-0.380376,-0.919509,0.279356,0.88079,0.932309,quasi
1618,13.483333,0.018413,-0.000374,0.391937,0.919808,0.213856,0.878474,0.047232,0.080071,0.046256,0.209765,0.973369,0.744678,1.014222,0.097023,-0.01652,0.096377,-0.381455,-0.919201,0.280416,0.881989,0.930986,quasi
1619,13.491667,0.018561,-0.000238,0.39207,0.919748,0.213844,0.878513,0.0472,0.079515,0.046007,0.209543,0.973475,0.744186,1.015139,0.093409,-0.017616,0.094566,-0.382004,-0.919141,0.281559,0.883083,0.929626,quasi
1620,13.5,0.018616,-0.00012,0.392161,0.919708,0.213845,0.878535,0.047189,0.082646,0.04657,0.209989,0.973091,0.743466,1.015869,0.090126,-0.018721,0.092234,-0.382884,-0.91899,0.282637,0.884185,0.928275,quasi
1621,13.508333,0.018585,-4e-06,0.392237,0.919677,0.213849,0.878549,0.047185,0.08261,0.047668,0.209474,0.973152,0.742593,1.016612,0.086709,-0.020202,0.090429,-0.383656,-0.918816,0.28373,0.885332,0.927104,quasi
1622,13.516667,0.018338,9.8e-05,0.392315,0.919648,0.213864,0.878568,0.047189,0.082303,0.048168,0.208753,0.973308,0.741633,1.017043,0.083201,-0.021193,0.088342,-0.384198,-0.91877,0.284859,0.886435,0.925853,quasi
1623,13.525,0.018272,0.000338,0.392359,0.919631,0.213876,0.878595,0.047189,0.083908,0.050102,0.208031,0.973228,0.740466,1.017357,0.079985,-0.022085,0.086467,-0.384829,-0.918663,0.286069,0.88756,0.924733,quasi
1624,13.533333,0.018214,0.000569,0.39244,0.919597,0.213896,0.878625,0.047189,0.083229,0.050816,0.207311,0.973403,0.739156,1.017588,0.076596,-0.022988,0.084558,-0.385357,-0.918598,0.287264,0.888656,0.923721,quasi
1625,13.541667,0.018272,0.000787,0.39252,0.919561,0.21393,0.878632,0.047186,0.087816,0.053762,0.206261,0.973064,0.737751,1.017479,0.073364,-0.024377,0.08254,-0.385704,-0.9186,0.288526,0.889776,0.922689,quasi
1626,13.55,0.018394,0.001022,0.392589,0.919529,0.213958,0.878633,0.047188,0.088022,0.057601,0.204861,0.973122,0.736208,1.017502,0.070102,-0.025108,0.080543,-0.385995,-0.918635,0.289833,0.890961,0.921603,quasi
1627,13.558333,0.018662,0.001242,0.392649,0.919498,0.213975,0.878624,0.047167,0.081898,0.058486,0.20262,0.974073,0.734631,1.017454,0.06742,-0.025838,0.078333,-0.386092,-0.918765,0.291234,0.892044,0.920561,quasi
1628,13.566667,0.018976,0.001435,0.392704,0.919468,0.213989,0.878604,0.047163,0.072415,0.061456,0.201129,0.974949,0.732989,1.01755,0.065408,-0.02666,0.076707,-0.386138,-0.91886,0.292603,0.893262,0.919635,quasi
1629,13.575,0.019422,0.001608,0.39277,0.91943,0.213998,0.878574,0.047145,0.061303,0.057468,0.203239,0.975517,0.731543,1.017732,0.063762,-0.026927,0.0745,-0.385822,-0.919166,0.29412,0.894401,0.918564,quasi
1630,13.583333,0.019893,0.001836,0.392855,0.919383,0.214023,0.878536,0.047131,0.048074,0.044135,0.208951,0.975746,0.73039,1.018202,0.06231,-0.028016,0.072654,-0.385783,-0.919298,0.295501,0.89551,0.917757,quasi
1631,13.591667,0.020349,0.001957,0.392959,0.919329,0.214045,0.878495,0.047119,0.037654,0.03518,0.214845,0.975288,0.729463,1.018503,0.060686,-0.028517,0.070666,-0.385448,-0.919578,0.29699,0.896615,0.916889,quasi
1632,13.6,0.02099,0.002099,0.393015,0.91929,0.214053,0.87844,0.047101,0.0246,0.02826,0.219705,0.974847,0.729034,1.018591,0.059129,-0.028969,0.068785,-0.384831,-0.919964,0.298557,0.897594,0.916136,quasi
1633,13.608333,0.021777,0.002274,0.392929,0.919308,0.214019,0.878373,0.047071,0.019373,0.025589,0.222027,0.974512,0.729078,1.018407,0.058097,-0.029459,0.066852,-0.384235,-0.92034,0.300112,0.898633,0.915424,quasi
1634,13.616667,0.022072,0.002409,0.393063,0.919244,0.21404,0.878325,0.047077,0.016218,0.022236,0.221475,0.974778,0.729273,1.01836,0.05684,-0.029945,0.065075,-0.383482,-0.920766,0.30171,0.899559,0.914898,quasi
1635,13.625,0.022515,0.002137,0.392887,0.919309,0.214,0.878296,0.047008,0.012266,0.014525,0.220165,0.975277,0.729668,1.018732,0.05569,-0.030251,0.063282,-0.382586,-0.921254,0.303276,0.900487,0.914305,quasi
1636,13.633333,0.023771,0.002802,0.392839,0.919296,0.213958,0.878255,0.047025,0.005716,0.009481,0.218447,0.975786,0.730156,1.019439,0.055116,-0.029755,0.060992,-0.381611,-0.921828,0.304846,0.901466,0.913573,quasi
1637,13.641667,0.025074,0.002786,0.392246,0.919514,0.213845,0.878262,0.046921,-0.000363,0.009081,0.215809,0.976393,0.730386,1.02013,0.054732,-0.03014,0.059677,-0.380827,-0.922226,0.306385,0.902258,0.913185,quasi
1638,13.65,0.025718,0.003096,0.392052,0.919578,0.213807,0.878269,0.046913,-0.002824,0.005328,0.215375,0.976513,0.730679,1.020832,0.054147,-0.030452,0.058722,-0.380031,-0.922606,0.307874,0.903003,0.912968,quasi
1639,13.658333,0.02613,0.003701,0.392125,0.919533,0.213837,0.878249,0.046946,-0.004482,0.003987,0.213482,0.976929,0.730732,1.021677,0.053742,-0.030343,0.057275,-0.379203,-0.923041,0.309459,0.903775,0.91254,quasi
1640,13.666667,0.026209,0.003969,0.392173,0.91951,0.213864,0.878237,0.046968,-0.005417,0.002057,0.212351,0.977176,0.730523,1.022116,0.053367,-0.030098,0.056087,-0.378284,-0.923499,0.310987,0.904596,0.912156,quasi
1641,13.675,0.0262,0.004128,0.392142,0.919522,0.21392,0.878191,0.047005,-0.006194,0.000319,0.211881,0.977276,0.730226,1.022388,0.053072,-0.030236,0.055215,-0.377485,-0.923874,0.31248,0.905438,0.911906,quasi
1642,13.683333,0.02617,0.004035,0.392021,0.919575,0.213938,0.878181,0.046982,-0.00672,-0.002192,0.211509,0.977351,0.729887,1.022631,0.052721,-0.030127,0.05402,-0.376661,-0.924284,0.31399,0.906181,0.911666,quasi
1643,13.691667,0.026265,0.004297,0.391971,0.919592,0.21395,0.878185,0.047001,-0.008522,-0.005574,0.210803,0.977475,0.729593,1.022857,0.052416,-0.029968,0.052969,-0.375935,-0.924646,0.315543,0.90697,0.911442,quasi
1644,13.7,0.023692,0.004344,0.392973,0.919235,0.214257,0.878132,0.047154,-0.011105,-0.00781,0.210969,0.977398,0.729497,1.02299,0.052142,-0.029655,0.052088,-0.375065,-0.925059,0.317253,0.907711,0.911215,quasi
1645,13.708333,0.023372,0.004901,0.393347,0.91908,0.214383,0.878136,0.047233,-0.014333,-0.010363,0.211103,0.977304,0.72951,1.023186,0.051774,-0.029614,0.051031,-0.374744,-0.925249,0.318774,0.908508,0.911045,quasi
1646,13.716667,0.023199,0.004857,0.393328,0.919093,0.214412,0.878144,0.04724,-0.016733,-0.012082,0.210889,0.977292,0.72956,1.023358,0.051407,-0.029631,0.050412,-0.37409,-0.925547,0.320451,0.909182,0.911055,quasi
1647,13.725,0.02337,0.005487,0.393373,0.919065,0.214439,0.878128,0.047286,-0.019262,-0.012409,0.210023,0.977428,0.729549,1.023523,0.051137,-0.029262,0.04969,-0.373378,-0.925885,0.32225,0.91,0.910913,quasi
1648,13.733333,0.023509,0.005905,0.393315,0.919084,0.214442,0.878119,0.047317,-0.021354,-0.012989,0.209126,0.977569,0.729388,1.023666,0.050953,-0.028983,0.049121,-0.372878,-0.926126,0.323884,0.910737,0.910914,quasi
1649,13.741667,0.023539,0.006262,0.393229,0.919118,0.214446,0.878112,0.047341,-0.023295,-0.013694,0.208812,0.977582,0.729352,1.023797,0.050886,-0.029071,0.049002,-0.372624,-0.926232,0.32561,0.911465,0.911018,quasi
1650,13.75,0.023523,0.006667,0.393175,0.919138,0.21446,0.87811,0.04737,-0.024334,-0.014192,0.208854,0.977541,0.729352,1.023858,0.050843,-0.028316,0.048068,-0.372869,-0.926206,0.327075,0.912037,0.910906,quasi
1651,13.758333,0.023464,0.007074,0.393124,0.919159,0.214481,0.878116,0.047415,-0.024823,-0.014226,0.208728,0.977555,0.72937,1.023902,0.05083,-0.027104,0.047699,-0.373218,-0.92612,0.328689,0.912605,0.910746,quasi
1652,13.766667,0.023384,0.007441,0.393076,0.919178,0.214507,0.878132,0.047452,-0.024924,-0.014027,0.208657,0.977571,0.729417,1.023928,0.050819,-0.026567,0.047305,-0.37312,-0.926195,0.330386,0.91329,0.910737,quasi
1653,13.775,0.02328,0.007835,0.393036,0.919195,0.214537,0.878137,0.047495,-0.024834,-0.013796,0.208478,0.977615,0.729481,1.023982,0.050829,-0.026171,0.046753,-0.373292,-0.926165,0.331977,0.913785,0.910819,quasi
1654,13.783333,0.023324,0.008335,0.392965,0.91922,0.21454,0.878145,0.047552,-0.025061,-0.013787,0.208163,0.977676,0.72953,1.024088,0.050842,-0.025779,0.045738,-0.373105,-0.926302,0.333753,0.91445,0.910728,quasi
1655,13.791667,0.023224,0.008668,0.392894,0.91925,0.214555,0.878137,0.04759,-0.02534,-0.013817,0.207941,0.977716,0.729601,1.024164,0.050867,-0.024015,0.044424,-0.37329,-0.926339,0.33543,0.914936,0.910368,quasi
1656,13.8,0.023109,0.008992,0.392844,0.919271,0.214566,0.878136,0.047638,-0.025763,-0.014091,0.207658,0.977761,0.729645,1.024272,0.050861,-0.023914,0.044141,-0.373158,-0.926409,0.337146,0.915469,0.910497,quasi
1657,13.808333,0.022972,0.009433,0.392822,0.919279,0.214574,0.878138,0.047677,-0.025922,-0.014287,0.207371,0.977815,0.729666,1.02437,0.050838,-0.024002,0.04357,-0.372667,-0.926631,0.33892,0.915905,0.910671,quasi
1658,13.816667,0.022919,0.009752,0.392778,0.919296,0.214588,0.878159,0.047717,-0.026486,-0.014597,0.207104,0.977851,0.72966,1.024462,0.050801,-0.023742,0.043036,-0.372266,-0.926824,0.340704,0.916353,0.910771,quasi
1659,13.825,0.022772,0.010066,0.392783,0.919294,0.214593,0.878157,0.047734,-0.026942,-0.015017,0.20678,0.977901,0.729644,1.024538,0.050751,-0.023817,0.042485,-0.371673,-0.927085,0.342481,0.916781,0.910912,quasi
1660,13.833333,0.022737,0.010328,0.392743,0.919309,0.214601,0.878159,0.047765,-0.027458,-0.015382,0.206515,0.977937,0.729636,1.02459,0.050693,-0.0236,0.041782,-0.371173,-0.927323,0.344206,0.917231,0.910996,quasi
1661,13.841667,0.02313,0.010442,0.392548,0.919381,0.214569,0.878173,0.047785,-0.028195,-0.015703,0.206328,0.977951,0.729631,1.024641,0.050647,-0.023416,0.040919,-0.370562,-0.92761,0.345964,0.917576,0.911076,quasi
1662,13.85,0.023128,0.0107,0.39251,0.919395,0.214571,0.878179,0.047815,-0.028891,-0.016107,0.206168,0.977957,0.72963,1.024688,0.050599,-0.022925,0.039842,-0.37002,-0.927886,0.347661,0.918019,0.911006,quasi
1663,13.858333,0.022591,0.011157,0.392618,0.919357,0.214605,0.878162,0.047872,-0.029568,-0.016435,0.206042,0.977958,0.729629,1.024725,0.050558,-0.022966,0.038939,-0.369468,-0.928143,0.349392,0.918484,0.911041,quasi
1664,13.866667,0.022363,0.011543,0.392648,0.919345,0.21462,0.878164,0.047928,-0.030233,-0.016791,0.205771,0.977989,0.729619,1.024773,0.050518,-0.0227,0.038293,-0.368759,-0.928459,0.351049,0.918758,0.911138,quasi
1665,13.875,0.022333,0.011893,0.392584,0.919368,0.214623,0.878166,0.04796,-0.030808,-0.017129,0.205588,0.978004,0.7296,1.024835,0.050468,-0.022415,0.037504,-0.368234,-0.928706,0.352849,0.919134,0.911174,quasi
1666,13.883333,0.022278,0.012221,0.392536,0.919385,0.214627,0.878168,0.048006,-0.031523,-0.017467,0.205418,0.978011,0.729588,1.024884,0.05044,-0.021989,0.036263,-0.367643,-0.929,0.354541,0.919538,0.911056,quasi
1667,13.891667,0.022127,0.012532,0.3925,0.9194,0.214628,0.87817,0.048053,-0.032082,-0.017795,0.205194,0.978033,0.729569,1.024945,0.050404,-0.021685,0.035758,-0.367144,-0.929223,0.356292,0.919915,0.911061,quasi
1668,13.9,0.022104,0.012835,0.392461,0.919414,0.214615,0.878172,0.048091,-0.032703,-0.01809,0.205067,0.978034,0.729556,1.024999,0.050384,-0.021398,0.035161,-0.366585,-0.929474,0.358004,0.920197,0.911095,quasi
1669,13.908333,0.021976,0.013103,0.392377,0.919449,0.214604,0.878182,0.048129,-0.033112,-0.018443,0.204838,0.978062,0.72952,1.025066,0.050335,-0.020897,0.033989,-0.366483,-0.929569,0.359681,0.920583,0.911002,quasi
1670,13.916667,0.021858,0.013418,0.392328,0.919468,0.214586,0.878204,0.048179,-0.033607,-0.018831,0.204717,0.978063,0.729482,1.025136,0.050296,-0.020894,0.033126,-0.365943,-0.929813,0.361393,0.920769,0.911023,quasi
1671,13.925,0.021651,0.013697,0.392326,0.919469,0.214565,0.878223,0.048229,-0.033958,-0.019253,0.204617,0.978064,0.729444,1.025194,0.050265,-0.020737,0.032084,-0.365744,-0.929931,0.363088,0.920971,0.910984,quasi
1672,13.933333,0.021315,0.013937,0.392344,0.919466,0.214547,0.878239,0.048282,-0.034431,-0.019432,0.204625,0.978042,0.729422,1.025241,0.050251,-0.020082,0.030835,-0.365515,-0.930078,0.364932,0.921216,0.910811,quasi
1673,13.941667,0.02109,0.014223,0.392359,0.91946,0.214524,0.878274,0.048316,-0.034669,-0.019644,0.204526,0.97805,0.729384,1.025275,0.05022,-0.019963,0.0298,-0.365473,-0.930131,0.366639,0.921466,0.910747,quasi
1674,13.95,0.020823,0.014409,0.392419,0.919438,0.214495,0.8783,0.04836,-0.034806,-0.019817,0.204494,0.978048,0.729359,1.025315,0.050198,-0.019785,0.028581,-0.365477,-0.930171,0.368505,0.921736,0.910645,quasi
1675,13.958333,0.020526,0.014603,0.392496,0.919409,0.214461,0.878316,0.048387,-0.03521,-0.019915,0.204411,0.978049,0.729336,1.025354,0.050183,-0.019297,0.02706,-0.365328,-0.930285,0.370241,0.921943,0.910448,quasi
1676,13.966667,0.020373,0.014968,0.392565,0.919377,0.214436,0.878337,0.048414,-0.0356,-0.020139,0.20436,0.978041,0.729311,1.025408,0.050178,-0.019019,0.025979,-0.365402,-0.930293,0.372191,0.922212,0.910366,quasi
1677,13.975,0.02015,0.015225,0.392639,0.919346,0.214414,0.878351,0.048449,-0.035963,-0.020166,0.204247,0.978051,0.729272,1.025464,0.050164,-0.018768,0.024974,-0.36525,-0.930385,0.373991,0.922275,0.91036,quasi
1678,13.983333,0.019966,0.015422,0.392711,0.919316,0.214387,0.878357,0.048492,-0.03644,-0.020372,0.204212,0.978036,0.729243,1.025514,0.050162,-0.019116,0.02389,-0.365646,-0.930251,0.375838,0.922627,0.910291,quasi
1679,13.991667,0.019762,0.015627,0.392773,0.91929,0.214368,0.878365,0.048543,-0.036921,-0.020469,0.204009,0.978058,0.729188,1.02558,0.050146,-0.01831,0.022143,-0.365494,-0.93037,0.377752,0.922694,0.910184,quasi
1680,14.0,0.019402,0.01576,0.392823,0.919274,0.214352,0.878377,0.048584,-0.037387,-0.020668,0.2039,0.978059,0.729142,1.02564,0.050132,-0.018305,0.020921,-0.365929,-0.930228,0.379661,0.922958,0.910122,quasi
1681,14.008333,0.019514,0.015873,0.39274,0.919306,0.214302,0.878401,0.048621,-0.037782,-0.020879,0.203812,0.978058,0.72909,1.025708,0.05012,-0.018335,0.01998,-0.366031,-0.930207,0.381624,0.92304,0.910113,quasi
1682,14.016667,0.019388,0.016097,0.39273,0.919309,0.214281,0.878408,0.04866,-0.038161,-0.020988,0.203617,0.978082,0.729026,1.025779,0.050111,-0.01798,0.019019,-0.36686,-0.929908,0.383425,0.9232,0.91009,quasi
1683,14.025,0.019132,0.016354,0.392734,0.919308,0.214258,0.878409,0.048706,-0.038648,-0.021163,0.203536,0.978075,0.72898,1.025846,0.050103,-0.017895,0.017663,-0.366867,-0.929933,0.38551,0.923381,0.910018,quasi
1684,14.033333,0.018872,0.016673,0.392711,0.919317,0.214233,0.878421,0.048757,-0.039094,-0.021375,0.203448,0.978071,0.728911,1.025924,0.050095,-0.017964,0.016505,-0.366982,-0.929908,0.387532,0.923691,0.910118,quasi
1685,14.041667,0.018642,0.017013,0.392699,0.919321,0.214203,0.87842,0.048802,-0.039373,-0.021588,0.203331,0.97808,0.728844,1.025983,0.050084,-0.018156,0.015554,-0.367102,-0.929873,0.389601,0.923835,0.91028,quasi
1686,14.05,0.018376,0.017367,0.392606,0.919359,0.214168,0.878433,0.048861,-0.039686,-0.021709,0.203222,0.978087,0.728782,1.026032,0.050078,-0.01795,0.014816,-0.367128,-0.929879,0.39191,0.924031,0.910299,quasi
1687,14.058333,0.01819,0.017722,0.392574,0.91937,0.214139,0.878447,0.048913,-0.039889,-0.021877,0.20318,0.978084,0.728718,1.026069,0.050077,-0.017643,0.013499,-0.367176,-0.929886,0.394154,0.924226,0.910359,quasi
1688,14.066667,0.017921,0.018405,0.392636,0.919335,0.214065,0.878494,0.048969,-0.040061,-0.021977,0.203153,0.97808,0.728667,1.026096,0.050076,-0.017501,0.012398,-0.367264,-0.929869,0.396441,0.924386,0.910402,quasi
1689,14.075,0.017797,0.019098,0.392574,0.91935,0.21406,0.878506,0.049023,-0.040335,-0.022123,0.203178,0.978061,0.728632,1.026114,0.050093,-0.016912,0.011395,-0.367274,-0.929889,0.398815,0.924589,0.910487,quasi
1690,14.083333,0.017842,0.019531,0.392375,0.919425,0.214024,0.878513,0.049083,-0.04061,-0.022064,0.203273,0.978031,0.728621,1.026112,0.050129,-0.016679,0.010003,-0.367547,-0.929802,0.40116,0.924788,0.910523,quasi
1691,14.091667,0.018012,0.019711,0.391935,0.919605,0.214011,0.878491,0.049131,-0.040896,-0.021976,0.20334,0.978007,0.728619,1.026117,0.050162,-0.016883,0.009421,-0.367509,-0.929819,0.403729,0.925076,0.910712,quasi
1692,14.1,0.018481,0.020418,0.391496,0.919768,0.213899,0.878529,0.049155,-0.041081,-0.02168,0.203358,0.978002,0.72862,1.026116,0.050187,-0.016476,0.008225,-0.367534,-0.929828,0.406293,0.92531,0.910832,quasi
1693,14.108333,0.01842,0.021141,0.390753,0.920068,0.213894,0.878506,0.049273,-0.041274,-0.02165,0.203431,0.977979,0.728612,1.026131,0.050217,-0.016637,0.00698,-0.367793,-0.929733,0.408764,0.925627,0.911002,quasi
1694,14.116667,0.018471,0.021944,0.390062,0.920342,0.213855,0.878503,0.049362,-0.040998,-0.02163,0.2035,0.977977,0.72859,1.026152,0.050206,-0.016742,0.006512,-0.367699,-0.929771,0.41148,0.925932,0.911306,quasi
1695,14.125,0.02104,0.023197,0.38854,0.9209,0.213639,0.878677,0.049383,-0.040492,-0.0214,0.203359,0.978032,0.728554,1.026153,0.050168,-0.016699,0.005282,-0.367734,-0.929766,0.414089,0.926288,0.911434,quasi
1696,14.133333,0.020793,0.024147,0.388204,0.921023,0.213431,0.878735,0.049442,-0.040651,-0.021369,0.203563,0.977984,0.728586,1.026142,0.050206,-0.015701,0.004077,-0.367581,-0.92985,0.417056,0.926609,0.911441,quasi
1697,14.141667,0.02055,0.024946,0.387568,0.921274,0.213283,0.878801,0.049555,-0.040392,-0.021115,0.203665,0.977979,0.728598,1.026122,0.050208,-0.01543,0.003132,-0.367577,-0.92986,0.419916,0.926894,0.911724,quasi
1698,14.15,0.019375,0.025072,0.387258,0.921427,0.213124,0.878806,0.049689,-0.040003,-0.021173,0.203211,0.978088,0.728576,1.02619,0.050144,-0.014839,0.002429,-0.367574,-0.929873,0.423059,0.927243,0.911917,quasi
1699,14.158333,0.019615,0.026681,0.386472,0.921706,0.213102,0.878939,0.049885,-0.040002,-0.021088,0.203205,0.978091,0.728597,1.026192,0.05016,-0.014797,0.001931,-0.367615,-0.929858,0.426008,0.927851,0.912086,quasi
1700,14.166667,0.018546,0.027403,0.386109,0.92186,0.212967,0.878985,0.050055,-0.039873,-0.020927,0.203234,0.978094,0.728625,1.026177,0.05017,-0.014781,0.001517,-0.367766,-0.9298,0.429136,0.928353,0.912365,quasi
1701,14.175,0.017994,0.029059,0.385552,0.922053,0.212958,0.879074,0.050336,-0.039816,-0.02049,0.203157,0.978122,0.728658,1.026142,0.050193,-0.014001,0.000839,-0.367853,-0.929778,0.432384,0.928846,0.912569,quasi
1702,14.183333,0.017255,0.030668,0.38509,0.922208,0.212952,0.879152,0.050624,-0.039789,-0.020343,0.203238,0.978109,0.728733,1.026111,0.050227,-0.01305,0.000251,-0.367768,-0.929826,0.435894,0.929289,0.912841,quasi
1703,14.191667,0.016322,0.032509,0.384802,0.922282,0.212951,0.879242,0.050954,-0.039275,-0.020013,0.203094,0.978167,0.728863,1.026026,0.050269,-0.012249,-0.00049,-0.367935,-0.929771,0.439472,0.929833,0.913098,quasi
1704,14.2,0.015421,0.034392,0.384473,0.922367,0.212925,0.87936,0.051322,-0.038861,-0.019839,0.203123,0.978181,0.728986,1.025943,0.050312,-0.012595,-0.000572,-0.368181,-0.929669,0.442983,0.930443,0.91359,quasi
1705,14.208333,0.014095,0.036195,0.384264,0.922406,0.212918,0.879445,0.051685,-0.038109,-0.019679,0.20314,0.97821,0.729107,1.025827,0.050357,-0.012659,-0.000468,-0.368079,-0.929708,0.446653,0.931293,0.913955,quasi
1706,14.216667,0.012985,0.038342,0.383791,0.922532,0.212901,0.879571,0.052089,-0.037324,-0.019737,0.203114,0.978244,0.729262,1.02569,0.050417,-0.0117,0.000257,-0.367703,-0.92987,0.450652,0.932335,0.914081,quasi
1707,14.225,0.011281,0.040872,0.383304,0.922648,0.212927,0.879695,0.052588,-0.036075,-0.019752,0.202953,0.978324,0.729454,1.025517,0.050443,-0.011794,0.001527,-0.367621,-0.9299,0.454766,0.933183,0.914693,quasi
1708,14.233333,0.008694,0.042942,0.383306,0.922582,0.212859,0.879808,0.053099,-0.035216,-0.019453,0.202353,0.978486,0.729729,1.025358,0.050486,-0.011774,0.001557,-0.367832,-0.929817,0.458753,0.933884,0.915288,quasi
1709,14.241667,0.006898,0.045793,0.382961,0.922603,0.212897,0.879947,0.053711,-0.034266,-0.019569,0.201245,0.978746,0.730043,1.025258,0.050467,-0.011643,0.001507,-0.367811,-0.929826,0.46288,0.934611,0.915876,quasi
1710,14.25,0.005572,0.050052,0.382547,0.922563,0.213095,0.880171,0.05448,-0.03338,-0.019622,0.199889,0.979053,0.730408,1.025195,0.050437,-0.010741,0.001486,-0.367875,-0.929812,0.467035,0.935429,0.916409,quasi
1711,14.258333,0.004688,0.055798,0.381815,0.922541,0.213415,0.880429,0.055371,-0.032437,-0.020023,0.198612,0.979337,0.730784,1.025105,0.050453,-0.01041,0.001261,-0.368175,-0.929697,0.471269,0.936329,0.916951,quasi
1712,14.266667,0.002748,0.061179,0.381143,0.922486,0.213716,0.88064,0.056354,-0.030963,-0.019895,0.197562,0.979599,0.731051,1.024983,0.05048,-0.009794,0.001164,-0.368751,-0.929476,0.475339,0.937247,0.917585,quasi
1713,14.275,-0.000391,0.066341,0.381166,0.922123,0.214042,0.880795,0.057383,-0.029224,-0.019956,0.196954,0.979774,0.731238,1.024825,0.050542,-0.009352,0.000831,-0.369524,-0.929174,0.479501,0.938023,0.918354,quasi
1714,14.283333,-0.004526,0.071577,0.381101,0.921747,0.214408,0.881032,0.058531,-0.027296,-0.019795,0.196593,0.979905,0.731357,1.024691,0.050606,-0.008393,0.00094,-0.370007,-0.928991,0.483849,0.938862,0.919141,quasi
1715,14.291667,-0.007543,0.077531,0.381055,0.921265,0.214732,0.881327,0.059752,-0.02558,-0.0198,0.196487,0.979973,0.731431,1.024603,0.050659,-0.007657,0.000814,-0.370335,-0.928866,0.488049,0.939731,0.920026,quasi
1716,14.3,-0.012123,0.083442,0.381192,0.920643,0.215132,0.881635,0.0611,-0.024096,-0.019743,0.196537,0.980001,0.731483,1.02455,0.050695,-0.007729,0.001167,-0.370858,-0.928657,0.49243,0.940801,0.920978,quasi
1717,14.308333,-0.016925,0.090044,0.381699,0.919734,0.215659,0.881936,0.0626,-0.022982,-0.020079,0.19669,0.979991,0.731515,1.024535,0.05071,-0.007707,0.000808,-0.371395,-0.928443,0.496826,0.941719,0.921959,quasi
1718,14.316667,-0.02128,0.098184,0.382013,0.91868,0.216279,0.882316,0.064305,-0.022049,-0.019961,0.196799,0.979993,0.731548,1.024518,0.050702,-0.007769,0.000957,-0.3719,-0.92824,0.501218,0.942834,0.922936,quasi
1719,14.325,-0.026403,0.10662,0.382614,0.917356,0.216981,0.882762,0.066137,-0.021137,-0.01976,0.196831,0.98001,0.731537,1.024521,0.050643,-0.006994,0.00243,-0.373192,-0.927725,0.505714,0.944281,0.924366,quasi
1720,14.333333,-0.029678,0.116045,0.382886,0.915997,0.217828,0.883349,0.068284,-0.020563,-0.019855,0.197206,0.979945,0.73154,1.024532,0.050591,-0.007651,0.002392,-0.373538,-0.92758,0.510145,0.945271,0.925669,quasi
1721,14.341667,-0.034021,0.126544,0.383426,0.914228,0.218811,0.883908,0.070554,-0.020393,-0.020118,0.197973,0.979789,0.731564,1.024542,0.0506,-0.007859,0.002537,-0.373538,-0.927578,0.514643,0.946399,0.926892,quasi
1722,14.35,-0.038174,0.137996,0.38371,0.912286,0.219941,0.884519,0.073005,-0.020118,-0.020795,0.19813,0.979749,0.731535,1.024599,0.050514,-0.008222,0.002735,-0.373227,-0.927699,0.519241,0.947561,0.928084,quasi
1723,14.358333,-0.042833,0.151205,0.384256,0.909753,0.221173,0.885087,0.07559,-0.020281,-0.020913,0.198793,0.979608,0.731532,1.024623,0.05049,-0.008833,0.002641,-0.372976,-0.927795,0.523883,0.948641,0.929333,quasi
1724,14.366667,-0.048056,0.163317,0.385494,0.90687,0.222606,0.885816,0.078487,-0.020197,-0.020853,0.1994,0.979488,0.731522,1.024632,0.050436,-0.009438,0.002734,-0.372672,-0.927911,0.528266,0.949751,0.930704,quasi
1725,14.375,-0.055315,0.178227,0.385442,0.903665,0.224379,0.88648,0.081189,-0.019838,-0.021012,0.200034,0.979363,0.731505,1.024621,0.050368,-0.010168,0.002217,-0.372292,-0.928057,0.532583,0.951017,0.931897,quasi
1726,14.383333,-0.056494,0.194864,0.384279,0.900648,0.226436,0.88781,0.084555,-0.019386,-0.021128,0.200701,0.979233,0.731487,1.024602,0.050297,-0.011424,0.001896,-0.372218,-0.928073,0.536743,0.95212,0.933392,quasi
1727,14.391667,-0.063516,0.21073,0.383393,0.896977,0.228653,0.888954,0.087735,-0.019082,-0.021289,0.201397,0.979092,0.731477,1.024586,0.050253,-0.011938,0.001478,-0.37181,-0.928231,0.541047,0.953294,0.934677,quasi
1728,14.4,-0.071047,0.227717,0.383735,0.892101,0.231339,0.890335,0.091376,-0.018534,-0.021369,0.202099,0.978957,0.731457,1.024539,0.050223,-0.012871,0.001405,-0.371059,-0.928519,0.545351,0.954393,0.935998,quasi
1729,14.408333,-0.08343,0.248675,0.38697,0.883999,0.233913,0.891934,0.095104,-0.017576,-0.021438,0.202783,0.978831,0.731436,1.024475,0.0502,-0.013602,0.001413,-0.370686,-0.928658,0.549511,0.955577,0.937274,quasi
1730,14.416667,-0.095619,0.266032,0.388751,0.876902,0.237167,0.893587,0.099204,-0.015919,-0.021201,0.203426,0.978731,0.731386,1.024399,0.050161,-0.014877,0.001397,-0.371276,-0.928403,0.553262,0.956676,0.938818,quasi
1731,14.425,-0.106451,0.281191,0.390343,0.870191,0.240555,0.895686,0.103788,-0.014087,-0.021153,0.203999,0.978641,0.731363,1.024269,0.050159,-0.015676,0.001428,-0.371164,-0.928434,0.557277,0.957813,0.940193,quasi
1732,14.433333,-0.112617,0.296178,0.391057,0.864101,0.244269,0.898171,0.108908,-0.011897,-0.020937,0.204431,0.978585,0.731355,1.024107,0.050164,-0.016377,0.001496,-0.371425,-0.928317,0.56124,0.958933,0.94162,quasi
1733,14.441667,-0.120974,0.309978,0.392013,0.857674,0.248373,0.900733,0.115008,-0.009523,-0.020578,0.204808,0.978539,0.731369,1.023909,0.050177,-0.016872,0.002055,-0.371129,-0.928426,0.565221,0.960077,0.943024,quasi
1734,14.45,-0.124405,0.326116,0.390338,0.851944,0.252774,0.903144,0.121179,-0.007163,-0.020096,0.205081,0.978513,0.731391,1.02371,0.050195,-0.018016,0.002802,-0.370596,-0.928615,0.569252,0.960589,0.944566,quasi
1735,14.458333,-0.127412,0.343255,0.387418,0.846079,0.257673,0.905745,0.127747,-0.004452,-0.01966,0.205289,0.978494,0.731398,1.02351,0.050201,-0.018676,0.003178,-0.371004,-0.928438,0.57304,0.961723,0.945853,quasi
1736,14.466667,-0.130807,0.358929,0.384673,0.840289,0.262847,0.908675,0.134457,-0.002099,-0.01886,0.205815,0.978407,0.731479,1.023231,0.050319,-0.018613,0.003706,-0.371358,-0.928296,0.576649,0.964132,0.946876,quasi
1737,14.475,-0.134973,0.368583,0.382437,0.836463,0.269024,0.91198,0.140879,0.000254,-0.017896,0.206353,0.978314,0.731567,1.022925,0.050475,-0.014805,0.002251,-0.370624,-0.928662,0.580429,0.966015,0.947378,quasi
1738,14.483333,-0.140083,0.365614,0.380561,0.837781,0.276359,0.915618,0.147146,0.002548,-0.016956,0.206824,0.978228,0.731644,1.022647,0.050603,-0.015318,0.002907,-0.371266,-0.928396,0.583739,0.967315,0.948589,quasi
1739,14.491667,-0.138868,0.373366,0.380013,0.834808,0.283623,0.919676,0.152921,0.004982,-0.016101,0.207273,0.978138,0.731719,1.022375,0.050749,-0.01601,0.00344,-0.372163,-0.928023,0.586862,0.968614,0.949889,quasi
1740,14.5,-0.138045,0.372865,0.380895,0.834766,0.29107,0.923881,0.158304,0.00767,-0.015104,0.207576,0.978072,0.731777,1.022114,0.050878,-0.015726,0.005053,-0.371805,-0.928164,0.59025,0.97019,0.950406,quasi
1741,14.508333,-0.139548,0.371366,0.382048,0.834657,0.299409,0.928645,0.163784,0.011092,-0.014531,0.207622,0.978038,0.731795,1.021892,0.050889,-0.014429,0.005846,-0.370973,-0.928513,0.593641,0.971676,0.950938,quasi
1742,14.516667,-0.138833,0.369512,0.382769,0.835269,0.307647,0.933675,0.168879,0.013877,-0.0138,0.207763,0.977984,0.731806,1.02168,0.05096,-0.0149,0.006213,-0.370403,-0.928731,0.597043,0.97304,0.951742,quasi
1743,14.525,-0.138749,0.3686,0.38416,0.835048,0.316306,0.939171,0.173594,0.016129,-0.013508,0.208053,0.977891,0.731846,1.02148,0.051095,-0.018703,0.007712,-0.370638,-0.928557,0.599833,0.97456,0.953121,quasi
1744,14.533333,-0.142533,0.36957,0.386357,0.832965,0.324987,0.944865,0.177706,0.018617,-0.013166,0.208225,0.977815,0.731856,1.02131,0.051183,-0.018384,0.008387,-0.369382,-0.929058,0.602967,0.976178,0.953799,quasi
1745,14.541667,-0.144687,0.365105,0.385771,0.834832,0.334767,0.950328,0.181818,0.020428,-0.011716,0.208539,0.977731,0.731937,1.021095,0.051304,-0.021137,0.009505,-0.368716,-0.929253,0.605865,0.977813,0.954927,quasi
1746,14.55,-0.149014,0.361697,0.386013,0.835442,0.344398,0.955969,0.185466,0.022043,-0.011381,0.208904,0.977621,0.731971,1.020956,0.051399,-0.021819,0.010781,-0.366554,-0.930078,0.609079,0.979422,0.955605,quasi
1747,14.558333,-0.15443,0.356723,0.385991,0.836607,0.354204,0.961886,0.188738,0.023766,-0.011061,0.209141,0.977534,0.731966,1.020866,0.05143,-0.025596,0.011625,-0.365209,-0.930501,0.611909,0.980985,0.956808,quasi
1748,14.566667,-0.160069,0.352933,0.385889,0.837201,0.363984,0.967953,0.191731,0.025142,-0.010494,0.209409,0.977449,0.731955,1.020794,0.051446,-0.028253,0.013293,-0.363495,-0.931073,0.614815,0.982637,0.958046,quasi
1749,14.575,-0.166168,0.347819,0.386346,0.837942,0.373953,0.974247,0.194454,0.025857,-0.009918,0.209875,0.977336,0.731959,1.020729,0.051507,-0.031628,0.013557,-0.361768,-0.931633,0.617702,0.984205,0.959066,quasi
1750,14.583333,-0.168666,0.343277,0.385381,0.839758,0.384081,0.980638,0.196971,0.026038,-0.00892,0.210602,0.977184,0.731989,1.020616,0.051579,-0.034255,0.014127,-0.359921,-0.932247,0.62055,0.985886,0.959875,quasi
1751,14.591667,-0.171055,0.338419,0.38477,0.841525,0.394193,0.987187,0.199253,0.026341,-0.009051,0.21031,0.977238,0.731904,1.020711,0.05149,-0.036572,0.014764,-0.357775,-0.932975,0.623591,0.987594,0.960674,quasi
1752,14.6,-0.17278,0.334617,0.38416,0.842971,0.404331,0.993955,0.201238,0.026206,-0.008913,0.210614,0.977177,0.731885,1.020731,0.05147,-0.039592,0.015664,-0.356525,-0.933315,0.626184,0.989298,0.961636,quasi
1753,14.608333,-0.17452,0.329506,0.384657,0.844398,0.414429,1.001062,0.203171,0.026372,-0.008648,0.211038,0.977084,0.731841,1.020768,0.051355,-0.041939,0.01713,-0.354401,-0.933996,0.629163,0.991033,0.962112,quasi
1754,14.616667,-0.175991,0.324187,0.386056,0.845512,0.424144,1.008083,0.204848,0.025889,-0.008144,0.211073,0.977094,0.731869,1.020711,0.051372,-0.0439,0.017837,-0.352637,-0.93456,0.632019,0.992579,0.962922,quasi
1755,14.625,-0.175714,0.320614,0.387059,0.846473,0.433927,1.015371,0.206313,0.025033,-0.008466,0.211461,0.977029,0.731843,1.020733,0.051398,-0.047049,0.018347,-0.351154,-0.934955,0.634691,0.994118,0.963585,quasi
1756,14.633333,-0.174992,0.318398,0.387791,0.847124,0.443702,1.022762,0.20757,0.024554,-0.008663,0.211674,0.976994,0.731809,1.020747,0.051347,-0.049545,0.019764,-0.349629,-0.935368,0.637502,0.995956,0.964173,quasi
1757,14.641667,-0.172839,0.311679,0.386346,0.850717,0.453671,1.030031,0.208945,0.024184,-0.008325,0.211846,0.976968,0.731765,1.020739,0.051282,-0.050982,0.020483,-0.347961,-0.935898,0.640283,0.997504,0.964597,quasi
1758,14.65,-0.171282,0.306497,0.385836,0.853143,0.463591,1.037481,0.210144,0.024814,-0.004605,0.212885,0.976751,0.731989,1.020588,0.051685,-0.054284,0.021033,-0.347844,-0.935743,0.642684,0.999295,0.965465,quasi
1759,14.658333,-0.166991,0.313571,0.384789,0.851895,0.472806,1.044661,0.210314,0.026554,-0.002418,0.212922,0.976705,0.731969,1.020638,0.051659,-0.056921,0.022255,-0.346817,-0.93594,0.645252,1.00092,0.966156,quasi
1760,14.666667,-0.168899,0.306227,0.383801,0.854632,0.482909,1.052302,0.211298,0.026498,-0.00109,0.213001,0.976692,0.732074,1.020664,0.051941,-0.058518,0.022739,-0.346006,-0.93613,0.647771,1.002714,0.966646,quasi
1761,14.675,-0.169282,0.301842,0.382868,0.856532,0.492603,1.059965,0.211995,0.026313,-0.000918,0.213067,0.976683,0.732076,1.020662,0.05189,-0.060779,0.022505,-0.345405,-0.936213,0.650222,1.004232,0.967355,quasi
1762,14.683333,-0.168299,0.295026,0.38223,0.859381,0.502255,1.06796,0.212719,0.025673,-0.000536,0.213062,0.976701,0.732117,1.020647,0.051768,-0.063327,0.023941,-0.344847,-0.936214,0.652478,1.005915,0.968231,quasi
1763,14.691667,-0.170235,0.28796,0.382804,0.861139,0.51148,1.075901,0.213298,0.023937,-0.001004,0.213382,0.976675,0.732081,1.020641,0.051623,-0.065275,0.024567,-0.3441,-0.936339,0.654874,1.007613,0.968654,quasi
1764,14.7,-0.177892,0.283145,0.388436,0.858662,0.520724,1.084711,0.213383,0.021695,-0.002928,0.212892,0.976831,0.731935,1.020731,0.051309,-0.067784,0.027538,-0.342861,-0.936533,0.657176,1.009239,0.969212,quasi
1765,14.708333,-0.176721,0.275353,0.389175,0.8611,0.530429,1.092133,0.212784,0.019148,-0.002504,0.213496,0.976753,0.731907,1.020671,0.051239,-0.070084,0.029283,-0.341743,-0.936719,0.659506,1.010792,0.969643,quasi
1766,14.716667,-0.179252,0.266542,0.390462,0.862765,0.539108,1.099703,0.212229,0.016446,-0.002718,0.213898,0.976714,0.731862,1.020681,0.051113,-0.073437,0.031334,-0.34087,-0.936714,0.661671,1.012227,0.970419,quasi
1767,14.725,-0.18568,0.254296,0.39185,0.864471,0.54777,1.10709,0.2121,0.013745,-0.003517,0.214057,0.976718,0.731791,1.020797,0.050928,-0.074969,0.031889,-0.339718,-0.936992,0.664075,1.013888,0.970597,quasi
1768,14.733333,-0.194111,0.240331,0.394942,0.865207,0.557258,1.1159,0.212584,0.010538,-0.004463,0.214257,0.97671,0.731721,1.021027,0.050769,-0.073461,0.0311,-0.33836,-0.93763,0.66664,1.015847,0.970166,quasi
1769,14.741667,-0.190875,0.235799,0.395563,0.866889,0.565961,1.124797,0.212959,0.007523,-0.005562,0.214022,0.976784,0.731602,1.021364,0.050502,-0.075768,0.03191,-0.337613,-0.937688,0.669064,1.017201,0.970583,quasi
1770,14.75,-0.188193,0.231826,0.395714,0.868476,0.574428,1.133112,0.212323,0.004004,-0.006168,0.214323,0.976735,0.731507,1.02168,0.050283,-0.077087,0.034541,-0.335894,-0.938104,0.67131,1.018786,0.970664,quasi
1771,14.758333,-0.186719,0.222948,0.393784,0.871989,0.582297,1.141099,0.211481,0.000836,-0.006955,0.214392,0.976723,0.731425,1.021982,0.050102,-0.077378,0.034092,-0.334949,-0.938435,0.67371,1.020525,0.970246,quasi
1772,14.766667,-0.180954,0.217722,0.394727,0.874096,0.59117,1.150185,0.211831,-0.001906,-0.007479,0.214168,0.976767,0.731353,1.022264,0.049943,-0.076853,0.034478,-0.333865,-0.93885,0.675967,1.021897,0.970453,quasi
1773,14.775,-0.172682,0.21017,0.394735,0.877607,0.599489,1.158836,0.210772,-0.004259,-0.008035,0.213815,0.976832,0.731253,1.022535,0.049813,-0.077394,0.037456,-0.332272,-0.939256,0.678137,1.023445,0.970261,quasi
1774,14.783333,-0.164238,0.204461,0.396715,0.879681,0.607821,1.167557,0.209605,-0.006122,-0.008448,0.213617,0.976862,0.73115,1.022777,0.04968,-0.078856,0.03662,-0.330997,-0.939618,0.68032,1.024657,0.970205,quasi
1775,14.791667,-0.162414,0.194774,0.398453,0.881431,0.61683,1.176241,0.208329,-0.008083,-0.008885,0.213789,0.976806,0.731144,1.02294,0.049568,-0.083712,0.03996,-0.330083,-0.939383,0.682738,1.026418,0.969589,quasi
1776,14.8,-0.163169,0.183973,0.397745,0.883928,0.62613,1.185202,0.207314,-0.009786,-0.009483,0.213403,0.976869,0.73106,1.02317,0.049444,-0.083732,0.040951,-0.328749,-0.939806,0.685001,1.028034,0.969097,quasi
1777,14.808333,-0.163122,0.176155,0.400193,0.884424,0.635574,1.194698,0.206768,-0.01197,-0.010459,0.212925,0.976939,0.730961,1.023434,0.049325,-0.092277,0.048029,-0.326644,-0.939405,0.686726,1.029342,0.971301,quasi
1778,14.816667,-0.151977,0.165994,0.399265,0.888783,0.643967,1.203349,0.205727,-0.013713,-0.0114,0.211439,0.977229,0.730796,1.023789,0.049157,-0.091808,0.048747,-0.325146,-0.939934,0.689021,1.030904,0.970979,quasi
1779,14.825,-0.146229,0.159489,0.401045,0.890136,0.652294,1.212582,0.204488,-0.017014,-0.012062,0.210979,0.977268,0.730636,1.024081,0.049012,-0.092073,0.049332,-0.323233,-0.940537,0.691308,1.032409,0.970523,quasi
1780,14.833333,-0.133052,0.144295,0.397287,0.896459,0.661661,1.222505,0.204555,-0.020572,-0.013748,0.210542,0.977272,0.730513,1.024406,0.048912,-0.093403,0.050832,-0.322044,-0.940734,0.693071,1.033581,0.970354,quasi
1781,14.841667,-0.119081,0.14536,0.396249,0.898709,0.669658,1.231378,0.202591,-0.024386,-0.014684,0.210194,0.977245,0.730287,1.024731,0.048738,-0.091791,0.047592,-0.321429,-0.941272,0.69536,1.035198,0.969489,quasi
1782,14.85,-0.110183,0.135925,0.393788,0.902394,0.678357,1.240222,0.200977,-0.027254,-0.015346,0.209865,0.97723,0.730108,1.024991,0.048666,-0.093442,0.047011,-0.320931,-0.941309,0.69728,1.036186,0.969147,quasi
1783,14.858333,-0.08364,0.133156,0.387943,0.908171,0.687092,1.249312,0.199276,-0.029855,-0.016128,0.20952,0.977215,0.729894,1.025255,0.048593,-0.09507,0.051233,-0.31868,-0.94169,0.69932,1.037646,0.969193,quasi
1784,14.866667,-0.076946,0.124816,0.386839,0.910415,0.695667,1.258263,0.197442,-0.032574,-0.016711,0.209278,0.977171,0.729715,1.025522,0.048521,-0.094132,0.049279,-0.317928,-0.942142,0.701625,1.038886,0.968781,quasi
1785,14.875,-0.070195,0.113649,0.384837,0.913267,0.704395,1.267015,0.195404,-0.035597,-0.017638,0.209129,0.977081,0.729563,1.025827,0.04846,-0.094447,0.049733,-0.31603,-0.942725,0.703476,1.039841,0.967933,quasi
1786,14.883333,-0.064505,0.104052,0.383706,0.915304,0.712944,1.275867,0.193351,-0.03965,-0.01863,0.208972,0.97694,0.7294,1.026155,0.048469,-0.09226,0.050247,-0.314801,-0.943326,0.705516,1.041266,0.966644,quasi
1787,14.891667,-0.074251,0.09147,0.386131,0.91489,0.721587,1.285091,0.191922,-0.043239,-0.01978,0.208695,0.976824,0.729183,1.026506,0.048408,-0.093336,0.052548,-0.313439,-0.943548,0.707558,1.042616,0.96629,quasi
1788,14.9,-0.068246,0.088,0.387235,0.915231,0.729927,1.294006,0.189861,-0.047104,-0.020834,0.208603,0.976643,0.728994,1.026844,0.048398,-0.093369,0.053294,-0.311692,-0.944082,0.709581,1.043715,0.96574,quasi
1789,14.908333,-0.075712,0.074369,0.390769,0.914351,0.739405,1.301856,0.187799,-0.049456,-0.021499,0.207636,0.976719,0.728881,1.027183,0.048257,-0.088948,0.051706,-0.310349,-0.945039,0.712234,1.045285,0.964515,quasi
1790,14.916667,-0.069735,0.066159,0.39155,0.915122,0.747722,1.310299,0.184902,-0.051503,-0.022427,0.206862,0.976756,0.728808,1.027474,0.04807,-0.09336,0.051796,-0.309716,-0.944816,0.713564,1.046209,0.964698,quasi
1791,14.925,-0.062607,0.05714,0.39237,0.915894,0.755876,1.318629,0.181844,-0.054469,-0.027169,0.208931,0.976034,0.728649,1.027471,0.047642,-0.093502,0.055101,-0.307694,-0.945276,0.715545,1.047197,0.963605,quasi
1792,14.933333,-0.057499,0.048192,0.393428,0.916289,0.76404,1.327034,0.178953,-0.055937,-0.027082,0.208593,0.976026,0.728514,1.027707,0.047673,-0.092788,0.053814,-0.306114,-0.945933,0.717602,1.048396,0.962752,quasi
1793,14.941667,-0.052256,0.037468,0.394835,0.916499,0.772334,1.335379,0.176027,-0.058894,-0.028157,0.208354,0.975872,0.72847,1.027964,0.047708,-0.103039,0.060033,-0.3051,-0.944825,0.719061,1.048657,0.964588,quasi
1794,14.95,-0.046918,0.026766,0.396003,0.916659,0.780419,1.343576,0.173057,-0.061483,-0.029796,0.20846,0.975642,0.728487,1.02808,0.047606,-0.094192,0.05837,-0.303581,-0.94634,0.72147,1.050506,0.961967,quasi
1795,14.958333,-0.040284,0.016255,0.397135,0.916732,0.788578,1.351711,0.170355,-0.064614,-0.031864,0.208258,0.975417,0.72858,1.028176,0.047384,-0.096339,0.058286,-0.302992,-0.946318,0.723263,1.051578,0.962254,quasi
1796,14.966667,-0.032865,0.005081,0.39819,0.9167,0.796454,1.359742,0.16745,-0.065959,-0.032556,0.208065,0.975345,0.728611,1.028269,0.047288,-0.094054,0.059932,-0.301363,-0.946965,0.725265,1.052725,0.961057,quasi
1797,14.975,-0.031481,-0.007444,0.399605,0.916116,0.80458,1.36803,0.165639,-0.065911,-0.032423,0.208092,0.975347,0.728638,1.028296,0.047213,-0.099009,0.061565,-0.300305,-0.946691,0.726977,1.053395,0.961604,quasi
1798,14.983333,-0.025878,-0.017434,0.400252,0.915874,0.812366,1.375671,0.162839,-0.065778,-0.032414,0.208515,0.975266,0.728618,1.028294,0.047172,-0.096617,0.061353,-0.298549,-0.947507,0.729199,1.054677,0.960725,quasi
1799,14.991667,-0.020044,-0.026718,0.401536,0.915234,0.819969,1.383172,0.16,-0.066117,-0.032867,0.208825,0.975162,0.728609,1.028301,0.047179,-0.086774,0.058115,-0.297618,-0.948956,0.73162,1.056703,0.958513,quasi
1800,15.0,-0.013654,-0.035655,0.402704,0.914534,0.827475,1.390505,0.157318,-0.065255,-0.031693,0.208667,0.975292,0.728609,1.028352,0.047256,-0.084222,0.059262,-0.296538,-0.949452,0.733553,1.057801,0.957592,quasi
1801,15.008333,-0.007371,-0.04498,0.403495,0.913846,0.834853,1.397552,0.154766,-0.062826,-0.028611,0.207923,0.975706,0.728567,1.028374,0.04734,-0.082114,0.058229,-0.295728,-0.949953,0.735532,1.058989,0.956343,quasi
1802,15.016667,-0.001416,-0.054525,0.404188,0.913048,0.842084,1.404313,0.152243,-0.061633,-0.026563,0.207976,0.975829,0.72847,1.028377,0.047475,-0.081521,0.056874,-0.295087,-0.950286,0.737465,1.060141,0.955422,quasi
1803,15.025,0.00497,-0.064286,0.404604,0.912216,0.849131,1.410863,0.149857,-0.062859,-0.027373,0.208815,0.975549,0.728427,1.028352,0.047561,-0.079597,0.055563,-0.295177,-0.950499,0.739462,1.061436,0.954216,quasi
1804,15.033333,0.01082,-0.073767,0.404896,0.911318,0.856097,1.417184,0.147632,-0.064348,-0.02779,0.208539,0.975499,0.728583,1.028391,0.047574,-0.079728,0.055692,-0.29563,-0.950339,0.74144,1.062663,0.953549,quasi
1805,15.041667,0.015612,-0.082434,0.405544,0.910217,0.862913,1.423223,0.145451,-0.065915,-0.026682,0.206767,0.975803,0.728851,1.028506,0.047605,-0.079266,0.056872,-0.295133,-0.950462,0.743127,1.063584,0.952797,quasi
1806,15.05,0.021366,-0.090334,0.405955,0.909166,0.869534,1.428982,0.143558,-0.063946,-0.025278,0.207634,0.975787,0.728663,1.028488,0.047671,-0.076963,0.056821,-0.294853,-0.950742,0.744892,1.064638,0.951557,quasi
1807,15.058333,0.026825,-0.09695,0.406692,0.90801,0.875937,1.434442,0.14182,-0.063593,-0.023971,0.207009,0.975976,0.728711,1.028559,0.047718,-0.075987,0.057764,-0.295217,-0.950651,0.746742,1.065794,0.950699,quasi
1808,15.066667,0.031984,-0.101676,0.407411,0.907003,0.882079,1.439692,0.140455,-0.064134,-0.023817,0.206686,0.976013,0.728772,1.028598,0.047732,-0.075822,0.058513,-0.295393,-0.950563,0.748695,1.066861,0.950096,quasi
1809,15.075,0.036434,-0.103843,0.408668,0.906024,0.888003,1.444668,0.139535,-0.064555,-0.023336,0.206446,0.976047,0.728822,1.028631,0.047757,-0.074209,0.058854,-0.29562,-0.950599,0.750605,1.068011,0.949145,quasi
1810,15.083333,0.041739,-0.106806,0.409478,0.905084,0.893676,1.4492,0.138295,-0.065132,-0.023124,0.206348,0.976035,0.72885,1.02865,0.047787,-0.073356,0.0594,-0.295904,-0.950543,0.752544,1.069188,0.948409,quasi
1811,15.091667,0.04942,-0.11632,0.41017,0.90321,0.898754,1.453037,0.135864,-0.065262,-0.022461,0.206237,0.976065,0.728878,1.028666,0.047853,-0.071854,0.058362,-0.296044,-0.950678,0.7545,1.070408,0.947339,quasi
1812,15.1,0.053367,-0.124007,0.410025,0.902028,0.904106,1.457081,0.134205,-0.06527,-0.021208,0.206126,0.976116,0.728917,1.028706,0.048002,-0.070965,0.058467,-0.296105,-0.950719,0.756288,1.07158,0.946233,quasi
1813,15.108333,0.057424,-0.129579,0.411102,0.900504,0.909261,1.460674,0.13295,-0.065088,-0.019463,0.206042,0.976182,0.728919,1.028759,0.048168,-0.069395,0.058377,-0.297192,-0.950502,0.758359,1.073118,0.945132,quasi
1814,15.116667,0.061231,-0.132597,0.412685,0.899089,0.914126,1.464134,0.132078,-0.064476,-0.017484,0.207135,0.976029,0.729032,1.028629,0.048416,-0.068487,0.057254,-0.297323,-0.950595,0.760226,1.074406,0.943816,quasi
1815,15.125,0.059896,-0.145645,0.411496,0.897703,0.919109,1.467319,0.130192,-0.064183,-0.016555,0.207364,0.976016,0.72904,1.028635,0.048534,-0.067482,0.057746,-0.29808,-0.9504,0.762133,1.07577,0.942926,quasi
1816,15.133333,0.061608,-0.156001,0.411955,0.895634,0.923558,1.4701,0.1284,-0.063871,-0.015596,0.207177,0.976092,0.728977,1.028684,0.048636,-0.067184,0.057554,-0.298522,-0.950294,0.763901,1.076984,0.942008,quasi
1817,15.141667,0.063138,-0.163629,0.411758,0.894256,0.927973,1.472461,0.126582,-0.063792,-0.014486,0.206816,0.976191,0.728884,1.028782,0.048783,-0.065316,0.056891,-0.298482,-0.950477,0.765803,1.078389,0.940928,quasi
1818,15.15,0.065317,-0.169477,0.412328,0.892747,0.93189,1.47467,0.124977,-0.063395,-0.013292,0.206422,0.976317,0.728804,1.028863,0.048905,-0.064939,0.057463,-0.298626,-0.950423,0.767439,1.079604,0.940162,quasi
1819,15.158333,0.061718,-0.179762,0.412294,0.891005,0.935405,1.476699,0.124169,-0.063073,-0.01207,0.205902,0.976463,0.728746,1.028927,0.049036,-0.062682,0.057975,-0.298464,-0.950594,0.769134,1.080822,0.939268,quasi
1820,15.166667,0.060632,-0.181259,0.411373,0.891202,0.939809,1.478004,0.123052,-0.063799,-0.012381,0.204263,0.976756,0.728592,1.029155,0.049056,-0.060181,0.057758,-0.297298,-0.951134,0.770767,1.081883,0.938264,quasi
1821,15.175,0.06162,-0.184294,0.411335,0.890529,0.943013,1.479146,0.12143,-0.063883,-0.011281,0.203848,0.976851,0.728593,1.029179,0.049215,-0.057471,0.057513,-0.296572,-0.951543,0.772224,1.082958,0.937126,quasi
1822,15.183333,0.062063,-0.187526,0.410589,0.890168,0.945973,1.47991,0.119635,-0.063904,-0.00998,0.203382,0.976961,0.728664,1.029199,0.049386,-0.055965,0.058969,-0.295854,-0.951767,0.773845,1.083996,0.936463,quasi
1823,15.191667,0.059226,-0.19192,0.409508,0.889923,0.948417,1.480451,0.118077,-0.064217,-0.008886,0.20294,0.977043,0.728767,1.02922,0.049556,-0.052633,0.059283,-0.295558,-0.95203,0.775462,1.085286,0.935478,quasi
1824,15.2,0.061775,-0.19205,0.409122,0.889899,0.950942,1.480539,0.115852,-0.063147,-0.006428,0.204019,0.976907,0.72899,1.02885,0.049879,-0.050345,0.058962,-0.294942,-0.952364,0.777078,1.086493,0.934394,quasi
1825,15.208333,0.063523,-0.191437,0.408005,0.89042,0.953207,1.480309,0.11356,-0.064077,-0.005059,0.203141,0.977037,0.728891,1.029145,0.050094,-0.04338,0.063929,-0.295712,-0.952148,0.778772,1.088115,0.934331,quasi
1826,15.216667,0.05944,-0.195301,0.402453,0.892388,0.955643,1.478933,0.111279,-0.064242,-0.003955,0.202582,0.977148,0.728987,1.02923,0.050227,-0.041491,0.063852,-0.29516,-0.952408,0.780366,1.089456,0.933262,quasi
1827,15.225,0.057649,-0.196069,0.399109,0.893838,0.957452,1.477861,0.108757,-0.064543,-0.003405,0.20219,0.977211,0.729075,1.029236,0.050349,-0.03917,0.064772,-0.294597,-0.952619,0.781812,1.090779,0.932484,quasi
1828,15.233333,0.057707,-0.198929,0.396249,0.894474,0.959072,1.476346,0.105702,-0.064695,-0.003032,0.201867,0.977269,0.729176,1.029228,0.05046,-0.037742,0.064146,-0.294006,-0.952901,0.783414,1.092089,0.931235,quasi
1829,15.241667,0.054226,-0.197605,0.391658,0.897004,0.960435,1.474759,0.102842,-0.064895,-0.002664,0.201584,0.977316,0.729257,1.029227,0.050576,-0.035427,0.064439,-0.293123,-0.953243,0.785002,1.093518,0.930328,quasi
1830,15.25,0.048738,-0.195629,0.385682,0.900335,0.961555,1.47287,0.099936,-0.065287,-0.002404,0.201071,0.977396,0.729333,1.029233,0.050697,-0.033759,0.063965,-0.29261,-0.953493,0.78643,1.094852,0.929366,quasi
1831,15.258333,0.039204,-0.201527,0.377312,0.903042,0.962834,1.470712,0.096149,-0.064468,0.000508,0.200897,0.977489,0.72919,1.02941,0.050737,-0.032028,0.064418,-0.292005,-0.953707,0.787886,1.096301,0.928491,quasi
1832,15.266667,0.03679,-0.19917,0.371676,0.905999,0.963364,1.468395,0.092646,-0.064524,0.001085,0.200288,0.97761,0.729193,1.029468,0.050789,-0.03508,0.057099,-0.290422,-0.954549,0.789468,1.097572,0.925939,quasi
1833,15.275,0.035655,-0.196959,0.364832,0.909304,0.963899,1.466195,0.089068,-0.064608,0.001553,0.199667,0.97773,0.72918,1.029514,0.050834,-0.03422,0.056524,-0.290098,-0.954713,0.790786,1.099002,0.925098,quasi
1834,15.283333,0.0309,-0.191645,0.35872,0.913037,0.964614,1.464933,0.08657,-0.06449,0.001879,0.199058,0.977862,0.729148,1.029591,0.050847,-0.032842,0.056879,-0.289847,-0.954817,0.792121,1.100608,0.924034,quasi
1835,15.291667,0.029318,-0.181149,0.356041,0.916275,0.966431,1.464674,0.086086,-0.064516,0.002118,0.198565,0.97796,0.729108,1.029654,0.050863,-0.036364,0.059514,-0.288153,-0.955041,0.793647,1.101507,0.923934,quasi
1836,15.3,0.026707,-0.168504,0.354116,0.919508,0.968872,1.465953,0.085119,-0.064632,0.002448,0.198109,0.978044,0.729074,1.029725,0.050894,-0.031249,0.064334,-0.288942,-0.954671,0.794877,1.103499,0.924355,quasi
1837,15.308333,0.030439,-0.166023,0.349712,0.921527,0.972665,1.46738,0.081819,-0.065259,0.002059,0.196246,0.978379,0.728888,1.029991,0.050871,-0.030304,0.064328,-0.288787,-0.954749,0.795674,1.105001,0.923698,quasi
1838,15.316667,0.03212,-0.163694,0.337337,0.926486,0.976607,1.467771,0.08215,-0.065742,0.001845,0.195748,0.978446,0.728845,1.030123,0.050931,-0.028607,0.06567,-0.288778,-0.954713,0.796488,1.106482,0.923275,quasi
1839,15.325,0.036313,-0.152413,0.331757,0.930263,0.979488,1.469443,0.081511,-0.066154,0.001614,0.195102,0.978548,0.728784,1.030271,0.050988,-0.026901,0.064354,-0.288554,-0.95492,0.79737,1.107835,0.922462,quasi
1840,15.333333,0.031502,-0.140112,0.321492,0.935959,0.982124,1.470173,0.081668,-0.066606,0.00136,0.194512,0.978635,0.728725,1.030416,0.051048,-0.025705,0.062766,-0.288309,-0.955132,0.798508,1.109081,0.921372,quasi
1841,15.341667,0.024161,-0.130172,0.313384,0.940352,0.983563,1.470011,0.080873,-0.066855,0.001207,0.19394,0.978732,0.728658,1.030565,0.051085,-0.028686,0.062636,-0.288416,-0.955024,0.799341,1.110253,0.921533,quasi
1842,15.35,0.018594,-0.128861,0.311105,0.941415,0.984138,1.468719,0.078003,-0.066888,0.001087,0.193588,0.9788,0.728644,1.030674,0.051107,-0.028409,0.06166,-0.288563,-0.955051,0.800118,1.111416,0.921109,quasi
1843,15.358333,0.013538,-0.123549,0.306271,0.943796,0.98463,1.467761,0.076242,-0.066928,0.001174,0.193287,0.978856,0.728604,1.030768,0.051133,-0.030482,0.061484,-0.289005,-0.954865,0.800943,1.112544,0.920848,quasi
1844,15.366667,0.011322,-0.119566,0.303533,0.945221,0.984963,1.467187,0.074695,-0.067009,0.001313,0.193024,0.978902,0.72859,1.030826,0.051162,-0.03131,0.062875,-0.289925,-0.954469,0.80145,1.11369,0.920966,quasi
1845,15.375,0.007784,-0.115451,0.301259,0.946495,0.985545,1.466993,0.073519,-0.066933,0.001428,0.19288,0.978936,0.72859,1.030844,0.051177,-0.032551,0.062351,-0.290761,-0.954207,0.801949,1.114791,0.920777,quasi
1846,15.383333,0.004292,-0.110687,0.299622,0.947606,0.986191,1.46704,0.072302,-0.066821,0.001478,0.192861,0.978947,0.728607,1.030836,0.051181,-0.032535,0.061624,-0.291824,-0.95393,0.802606,1.116195,0.920338,quasi
1847,15.391667,0.001166,-0.107294,0.297282,0.948741,0.986951,1.467459,0.071528,-0.066509,0.001305,0.192738,0.978993,0.728609,1.030846,0.051145,-0.033469,0.058951,-0.292694,-0.9538,0.803268,1.117408,0.919461,quasi
1848,15.4,-0.003769,-0.103611,0.294552,0.949995,0.98769,1.467692,0.070754,-0.066092,0.000708,0.192541,0.97906,0.728561,1.030875,0.051043,-0.036912,0.050571,-0.290647,-0.95478,0.803826,1.118034,0.917046,quasi
1849,15.408333,-0.007356,-0.099646,0.292279,0.951099,0.988145,1.468021,0.069936,-0.065698,-0.000238,0.192375,0.97912,0.728517,1.030873,0.050904,-0.041052,0.051171,-0.291572,-0.954297,0.804153,1.119212,0.916879,quasi
1850,15.416667,-0.009678,-0.09478,0.291039,0.951956,0.98846,1.468484,0.069416,-0.065696,-0.001666,0.191601,0.97927,0.728399,1.030912,0.05076,-0.04314,0.053285,-0.292129,-0.953918,0.804514,1.120611,0.91706,quasi
1851,15.425,-0.015135,-0.090101,0.290775,0.95242,0.988735,1.46882,0.069056,-0.065515,-0.00345,0.191338,0.979329,0.728328,1.030908,0.050523,-0.039286,0.047731,-0.292827,-0.954165,0.805124,1.122182,0.915435,quasi
1852,15.433333,-0.016409,-0.088534,0.291721,0.952256,0.988866,1.469203,0.068382,-0.064446,-0.002539,0.191385,0.979394,0.728246,1.030849,0.05021,-0.037801,0.045155,-0.292811,-0.954355,0.805945,1.123723,0.914388,quasi
1853,15.441667,-0.020582,-0.085601,0.292439,0.952223,0.98894,1.46968,0.067662,-0.061923,-0.005162,0.193469,0.979137,0.728019,1.030622,0.050014,-0.039604,0.044218,-0.292522,-0.954415,0.806669,1.125081,0.913802,quasi
1854,15.45,-0.022197,-0.081528,0.293021,0.952365,0.989019,1.470314,0.067115,-0.061536,-0.006697,0.193303,0.979185,0.727892,1.030605,0.049758,-0.040016,0.044248,-0.29189,-0.954589,0.807213,1.126396,0.913566,quasi
1855,15.458333,-0.023836,-0.078678,0.293558,0.9524,0.98897,1.470966,0.066516,-0.061724,-0.007927,0.192676,0.979287,0.727763,1.030607,0.049537,-0.038116,0.042103,-0.290425,-0.955211,0.808307,1.127807,0.912378,quasi
1856,15.466667,-0.026142,-0.076338,0.294,0.952394,0.988972,1.471478,0.065942,-0.062091,-0.008316,0.19181,0.979431,0.727613,1.030623,0.049392,-0.039651,0.047424,-0.289447,-0.955196,0.808459,1.128845,0.913253,quasi
1857,15.475,-0.02809,-0.073825,0.294171,0.952483,0.989028,1.471845,0.065447,-0.063105,-0.01117,0.191223,0.979452,0.727489,1.030671,0.049072,-0.042052,0.050995,-0.28805,-0.955332,0.808875,1.12974,0.913497,quasi
1858,15.483333,-0.029421,-0.07156,0.29407,0.952647,0.989123,1.472031,0.064933,-0.063618,-0.012389,0.191122,0.979424,0.727357,1.030658,0.048913,-0.03991,0.049296,-0.286772,-0.955897,0.809718,1.13091,0.912768,quasi
1859,15.491667,-0.030267,-0.069834,0.293759,0.952845,0.989208,1.472086,0.06436,-0.064309,-0.013379,0.191044,0.979381,0.72728,1.030646,0.048793,-0.041296,0.049169,-0.285305,-0.956284,0.810342,1.131894,0.912558,quasi
1860,15.5,-0.030555,-0.067763,0.292941,0.953237,0.989361,1.472064,0.063887,-0.065397,-0.014276,0.190962,0.979313,0.727259,1.030666,0.048712,-0.040035,0.046388,-0.284986,-0.956571,0.811051,1.133155,0.911585,quasi
1861,15.508333,-0.029565,-0.064904,0.292027,0.953747,0.989535,1.471951,0.063331,-0.066594,-0.01518,0.190771,0.979255,0.727298,1.030706,0.048629,-0.037912,0.041629,-0.284678,-0.956968,0.811957,1.134529,0.910508,quasi
1862,15.516667,-0.028407,-0.062422,0.290907,0.95429,0.989762,1.47182,0.062828,-0.067893,-0.015969,0.190631,0.979181,0.727348,1.03075,0.048584,-0.036521,0.041852,-0.284959,-0.956929,0.812106,1.136026,0.91077,quasi
1863,15.525,-0.026144,-0.059426,0.28998,0.954828,0.989982,1.471725,0.062328,-0.068728,-0.016334,0.190561,0.97913,0.727363,1.03079,0.048579,-0.036033,0.0401,-0.284928,-0.957032,0.812754,1.137295,0.910221,quasi
1864,15.533333,-0.024321,-0.056174,0.289429,0.95524,0.990181,1.471631,0.061827,-0.069354,-0.01642,0.190492,0.979098,0.727373,1.030822,0.048588,-0.036421,0.042409,-0.285362,-0.956788,0.812766,1.138494,0.910707,quasi
1865,15.541667,-0.021793,-0.052701,0.289312,0.955535,0.990374,1.471567,0.061307,-0.06975,-0.0165,0.190517,0.979064,0.72739,1.030842,0.0486,-0.032227,0.038954,-0.285867,-0.956935,0.813509,1.139889,0.910362,quasi
1866,15.55,-0.017591,-0.045055,0.288836,0.956156,0.991078,1.472386,0.062537,-0.069998,-0.01633,0.190422,0.979067,0.727404,1.030875,0.048624,-0.036066,0.040391,-0.286025,-0.956691,0.814008,1.141232,0.910521,quasi
1867,15.558333,-0.014279,-0.040693,0.289296,0.956268,0.991426,1.472347,0.062058,-0.07018,-0.016259,0.190366,0.979067,0.727399,1.030887,0.048642,-0.034065,0.037983,-0.286759,-0.956643,0.814818,1.142708,0.909794,quasi
1868,15.566667,-0.010828,-0.036467,0.289498,0.956422,0.991771,1.472194,0.061518,-0.070189,-0.016105,0.190194,0.979102,0.727395,1.030907,0.048658,-0.036099,0.038735,-0.286718,-0.956551,0.815539,1.144179,0.910032,quasi
1869,15.575,-0.007717,-0.032839,0.289657,0.956536,0.992126,1.47207,0.061114,-0.070305,-0.015973,0.190082,0.979118,0.727375,1.030913,0.04867,-0.035126,0.036432,-0.28691,-0.95662,0.816482,1.145758,0.909283,quasi
1870,15.583333,-0.005602,-0.029638,0.290712,0.956335,0.992359,1.471827,0.060592,-0.070358,-0.015844,0.189941,0.979143,0.727359,1.030933,0.048674,-0.034247,0.035595,-0.287143,-0.956613,0.817156,1.147213,0.908996,quasi
1871,15.591667,-0.00327,-0.029278,0.29092,0.956294,0.992516,1.471529,0.059964,-0.070465,-0.015917,0.18985,0.979152,0.727343,1.030946,0.048688,-0.031606,0.035645,-0.287806,-0.956503,0.817573,1.148569,0.908815,quasi
1872,15.6,0.000171,-0.028788,0.291195,0.956231,0.992624,1.471237,0.059449,-0.0712,-0.015829,0.189577,0.979153,0.727276,1.030998,0.048699,-0.034049,0.036827,-0.287056,-0.9566,0.818558,1.150149,0.909059,quasi
1873,15.608333,0.001745,-0.02886,0.291342,0.956182,0.992664,1.471034,0.058972,-0.071494,-0.016171,0.189588,0.979124,0.72723,1.031013,0.048701,-0.03445,0.037042,-0.287291,-0.956507,0.818916,1.151443,0.909317,quasi
1874,15.616667,0.002639,-0.02855,0.291247,0.956218,0.992672,1.470827,0.058537,-0.071702,-0.016292,0.189578,0.979109,0.727225,1.031025,0.048701,-0.037297,0.038683,-0.287006,-0.95642,0.819579,1.152838,0.910094,quasi
1875,15.625,0.002731,-0.028254,0.291529,0.956141,0.992743,1.470738,0.058352,-0.071959,-0.016394,0.189528,0.979098,0.727203,1.031045,0.048688,-0.033842,0.035994,-0.28689,-0.956689,0.820562,1.154232,0.909014,quasi
1876,15.633333,0.003127,-0.027578,0.291896,0.956047,0.992819,1.470676,0.058203,-0.07227,-0.016793,0.189466,0.97908,0.727181,1.031055,0.048657,-0.031276,0.035406,-0.287219,-0.956699,0.820977,1.155453,0.908916,quasi
1877,15.641667,0.004949,-0.026542,0.291885,0.956072,0.992894,1.470667,0.058058,-0.072611,-0.017447,0.18951,0.979035,0.727135,1.03107,0.048618,-0.035058,0.035519,-0.286481,-0.956785,0.821723,1.156749,0.909736,quasi
1878,15.65,0.004581,-0.026322,0.292466,0.955903,0.993015,1.470687,0.058154,-0.073173,-0.017976,0.189332,0.979018,0.727084,1.031103,0.048577,-0.030015,0.032038,-0.286378,-0.957111,0.822328,1.157946,0.908948,quasi
1879,15.658333,0.006456,-0.025639,0.292439,0.955919,0.993068,1.470738,0.058122,-0.073799,-0.018623,0.189196,0.978985,0.727009,1.031134,0.048516,-0.033975,0.033865,-0.28605,-0.957013,0.822891,1.159186,0.910088,quasi
1880,15.666667,0.00753,-0.024925,0.292544,0.955898,0.993144,1.470785,0.058157,-0.07423,-0.019148,0.188785,0.979022,0.726879,1.031221,0.048448,-0.030971,0.032043,-0.286013,-0.957189,0.823488,1.160411,0.909602,quasi
1881,15.675,0.008382,-0.024128,0.292669,0.955873,0.993211,1.470832,0.058211,-0.074896,-0.019788,0.188527,0.979008,0.726753,1.031267,0.048403,-0.028766,0.029733,-0.285352,-0.95753,0.824055,1.161631,0.909564,quasi
1882,15.683333,0.008979,-0.023417,0.292739,0.955863,0.993265,1.470866,0.058265,-0.07562,-0.020503,0.188259,0.978989,0.726633,1.031323,0.048345,-0.030144,0.034499,-0.285463,-0.957294,0.824389,1.162948,0.911308,quasi
1883,15.691667,0.009203,-0.023014,0.292757,0.955866,0.993286,1.47089,0.058283,-0.07635,-0.021115,0.188039,0.978962,0.726519,1.03138,0.048309,-0.028246,0.035499,-0.285872,-0.957193,0.824542,1.164253,0.91175,quasi
1884,15.7,0.009416,-0.022588,0.292787,0.955865,0.993301,1.470911,0.058288,-0.076888,-0.021571,0.187764,0.978962,0.726391,1.031428,0.048267,-0.02598,0.033361,-0.285732,-0.957376,0.824996,1.165511,0.911701,quasi
1885,15.708333,0.00979,-0.022245,0.29285,0.95585,0.993306,1.470917,0.058251,-0.077579,-0.022056,0.187421,0.978963,0.726264,1.031478,0.048226,-0.02155,0.032896,-0.284057,-0.958001,0.825872,1.166339,0.911555,quasi
1886,15.716667,0.010364,-0.021812,0.292924,0.955831,0.993315,1.470897,0.058168,-0.077786,-0.022418,0.187192,0.978982,0.726175,1.0315,0.048181,-0.024955,0.029246,-0.283076,-0.958327,0.826239,1.167283,0.911081,quasi
1887,15.725,0.010935,-0.021585,0.292946,0.955823,0.993335,1.470859,0.058088,-0.078028,-0.022514,0.187008,0.978996,0.726108,1.031509,0.04815,-0.024918,0.029837,-0.2819,-0.958656,0.826473,1.168118,0.91035,quasi
1888,15.733333,0.011736,-0.021302,0.29301,0.9558,0.993359,1.470805,0.05799,-0.078212,-0.022683,0.186878,0.979002,0.726073,1.03151,0.048137,-0.02709,0.029014,-0.280538,-0.959022,0.827572,1.169705,0.911473,quasi
1889,15.741667,0.012378,-0.02112,0.293086,0.955773,0.993396,1.470751,0.057899,-0.07826,-0.022689,0.186775,0.979018,0.726054,1.031516,0.048128,-0.026443,0.026947,-0.279514,-0.959399,0.828135,1.170719,0.911255,quasi
1890,15.75,0.013082,-0.020866,0.293396,0.955674,0.993429,1.470717,0.057814,-0.078406,-0.022713,0.186641,0.979031,0.726045,1.0315,0.048128,-0.021543,0.025237,-0.278367,-0.959901,0.828588,1.171535,0.909876,quasi
1891,15.758333,0.01324,-0.020711,0.293668,0.955592,0.993531,1.470695,0.057836,-0.078285,-0.022704,0.186609,0.979047,0.726036,1.031492,0.048132,-0.024098,0.025026,-0.277596,-0.96007,0.829092,1.172702,0.910881,quasi
1892,15.766667,0.014219,-0.019275,0.293809,0.955564,0.993632,1.470619,0.05778,-0.078107,-0.022694,0.186459,0.97909,0.726029,1.031471,0.048116,-0.020073,0.021811,-0.27665,-0.960514,0.829729,1.173734,0.910009,quasi
1893,15.775,0.017479,-0.016949,0.293673,0.955596,0.993715,1.470436,0.057531,-0.078004,-0.022557,0.18632,0.979128,0.726014,1.031455,0.04811,-0.021991,0.021849,-0.275759,-0.960727,0.830478,1.175085,0.910612,quasi
1894,15.783333,0.021478,-0.014768,0.293363,0.955646,0.993718,1.470234,0.05713,-0.077871,-0.022516,0.186303,0.979143,0.726001,1.031432,0.048111,-0.019017,0.01933,-0.275549,-0.960905,0.831154,1.176409,0.910099,quasi
1895,15.791667,0.023435,-0.014145,0.293314,0.955624,0.993773,1.470104,0.056927,-0.077861,-0.022722,0.186185,0.979161,0.725997,1.031426,0.048103,-0.019859,0.019599,-0.275084,-0.961015,0.831585,1.177577,0.910407,quasi
1896,15.8,0.022182,-0.014821,0.293942,0.955451,0.993898,1.46996,0.056942,-0.078045,-0.022853,0.186151,0.97915,0.725994,1.031435,0.048086,-0.019578,0.019417,-0.2753,-0.960963,0.832017,1.179016,0.910787,quasi
1897,15.808333,0.02611,-0.010312,0.294262,0.955313,0.994177,1.470201,0.057672,-0.07838,-0.022961,0.185964,0.979156,0.725974,1.031456,0.048077,-0.016973,0.020056,-0.27649,-0.960658,0.831809,1.179947,0.910556,quasi
1898,15.816667,0.02674,-0.01043,0.294676,0.955166,0.994318,1.470163,0.057671,-0.078854,-0.023138,0.185704,0.979163,0.725938,1.031503,0.048063,-0.017852,0.017649,-0.27499,-0.961119,0.832958,1.181317,0.910535,quasi
1899,15.825,0.030676,-0.010006,0.294268,0.955178,0.994328,1.470212,0.05742,-0.079126,-0.023351,0.185503,0.979174,0.725888,1.031532,0.048035,-0.016574,0.015261,-0.274302,-0.96138,0.833541,1.182419,0.910038,quasi
1900,15.833333,0.030719,-0.00919,0.294963,0.954971,0.994492,1.47013,0.057547,-0.078756,-0.023569,0.185408,0.979217,0.725857,1.031525,0.047973,-0.016646,0.017099,-0.274828,-0.961197,0.833875,1.183668,0.910883,quasi
1901,15.841667,0.03093,-0.008949,0.295406,0.954829,0.994595,1.470107,0.057627,-0.078871,-0.023836,0.185123,0.979255,0.725797,1.031526,0.047926,-0.016122,0.017033,-0.275076,-0.961137,0.834016,1.184675,0.910489,quasi
1902,15.85,0.03097,-0.009185,0.295913,0.954668,0.994654,1.47008,0.057621,-0.078851,-0.024375,0.184806,0.979303,0.725723,1.031528,0.047861,-0.015709,0.017012,-0.275187,-0.961112,0.834628,1.186115,0.911188,quasi
1903,15.858333,0.031223,-0.00948,0.296177,0.954575,0.99472,1.470039,0.057626,-0.078955,-0.024836,0.184519,0.979337,0.725656,1.031517,0.047784,-0.013836,0.014932,-0.274171,-0.961466,0.835161,1.186936,0.910161,quasi
1904,15.866667,0.031598,-0.009323,0.296438,0.954484,0.994786,1.469994,0.057642,-0.078703,-0.025549,0.184448,0.979353,0.725601,1.031493,0.047695,-0.011197,0.012109,-0.272537,-0.962004,0.836068,1.18792,0.909264,quasi
1905,15.875,0.032183,-0.009283,0.296649,0.954399,0.994834,1.469934,0.057609,-0.078807,-0.025678,0.184231,0.979382,0.725523,1.031459,0.047661,-0.012023,0.012195,-0.272871,-0.961898,0.83674,1.189484,0.910293,quasi
1906,15.883333,0.032533,-0.00911,0.296784,0.954347,0.994892,1.469879,0.057606,-0.078937,-0.02614,0.184195,0.979366,0.725487,1.031421,0.047613,-0.012579,0.010294,-0.271302,-0.962357,0.837814,1.190733,0.910181,quasi
1907,15.891667,0.033214,-0.008949,0.296823,0.954313,0.994922,1.469811,0.057574,-0.079038,-0.026607,0.184057,0.979371,0.725449,1.031377,0.047574,-0.011833,0.011371,-0.271696,-0.962243,0.838107,1.192056,0.910672,quasi
1908,15.9,0.033659,-0.008856,0.296851,0.954289,0.994936,1.469745,0.057563,-0.079225,-0.02706,0.183963,0.979361,0.725428,1.031349,0.047544,-0.010268,0.010276,-0.271261,-0.962396,0.838578,1.193177,0.910623,quasi
1909,15.908333,0.034151,-0.00871,0.296861,0.95427,0.994935,1.469688,0.057542,-0.079342,-0.027456,0.183842,0.979364,0.725413,1.031322,0.04753,-0.009864,0.007343,-0.269713,-0.962862,0.839534,1.194422,0.910023,quasi
1910,15.916667,0.034213,-0.008576,0.296964,0.954237,0.994944,1.469639,0.057546,-0.079627,-0.027895,0.183558,0.979382,0.725397,1.031289,0.047522,-0.007726,0.006123,-0.268434,-0.963248,0.840334,1.195475,0.909719,quasi
1911,15.925,0.03442,-0.008508,0.296971,0.954228,0.994945,1.469601,0.057545,-0.079784,-0.028128,0.183332,0.979404,0.725379,1.031262,0.047509,-0.007967,0.005825,-0.268069,-0.963349,0.840885,1.196834,0.910062,quasi
1912,15.933333,0.034309,-0.008508,0.297003,0.954222,0.994937,1.46956,0.057563,-0.07995,-0.028204,0.183074,0.979437,0.725375,1.031232,0.047516,-0.007111,0.004385,-0.266662,-0.963754,0.841686,1.198042,0.909866,quasi
1913,15.941667,0.034164,-0.008517,0.297048,0.954213,0.994931,1.469543,0.057607,-0.079929,-0.028171,0.182919,0.979469,0.725369,1.031209,0.047514,-0.00763,0.003065,-0.266012,-0.963935,0.842562,1.199661,0.910067,quasi
1914,15.95,0.034096,-0.008499,0.297121,0.954193,0.994924,1.469542,0.057661,-0.07987,-0.028148,0.182695,0.979516,0.725382,1.031183,0.047526,-0.008008,0.003239,-0.265287,-0.964131,0.84326,1.2011,0.910453,quasi
1915,15.958333,0.033818,-0.008798,0.297159,0.954188,0.994917,1.469549,0.0577,-0.07981,-0.027953,0.182562,0.979551,0.725393,1.031166,0.047524,-0.005175,0.001477,-0.264205,-0.964452,0.844214,1.20247,0.909995,quasi
1916,15.966667,0.033508,-0.008906,0.297255,0.954168,0.994914,1.469563,0.05774,-0.079647,-0.027831,0.182446,0.979589,0.7254,1.031138,0.047538,-0.006075,0.001596,-0.263469,-0.964647,0.845051,1.204055,0.91047,quasi
1917,15.975,0.033263,-0.009115,0.297279,0.954168,0.994904,1.469559,0.057781,-0.079601,-0.027697,0.182354,0.979614,0.725429,1.031095,0.047567,-0.005159,0.000669,-0.262453,-0.964931,0.845987,1.20553,0.910344,quasi
1918,15.983333,0.033125,-0.009077,0.297297,0.954167,0.994902,1.469546,0.057832,-0.079366,-0.027602,0.182306,0.979645,0.725449,1.031058,0.0476,-0.007668,0.001228,-0.26202,-0.965031,0.846756,1.20726,0.911046,quasi
1919,15.991667,0.032939,-0.009204,0.297309,0.954169,0.99488,1.469531,0.057882,-0.079383,-0.027641,0.182371,0.97963,0.725476,1.031039,0.047634,-0.001232,-0.001482,-0.260733,-0.965409,0.848062,1.208736,0.910005,quasi
1920,16.0,0.0326,-0.009496,0.297445,0.954135,0.994842,1.469528,0.057956,-0.079523,-0.02767,0.182457,0.979602,0.725513,1.03102,0.047696,-0.003567,-0.001636,-0.25991,-0.965625,0.849097,1.210562,0.910542,quasi
1921,16.008333,0.032216,-0.009887,0.29755,0.954111,0.994772,1.469532,0.05804,-0.080121,-0.026547,0.182934,0.979495,0.725459,1.030958,0.047808,-0.002322,0.000128,-0.260233,-0.965543,0.849683,1.212093,0.91061,quasi
1922,16.016667,0.031691,-0.010086,0.297721,0.954073,0.994696,1.469545,0.058143,-0.080282,-0.026028,0.183371,0.979414,0.725427,1.031015,0.047877,-0.011504,0.003947,-0.259241,-0.965736,0.850551,1.213948,0.912721,quasi
1923,16.025,0.030961,-0.010321,0.297832,0.95406,0.994622,1.469545,0.058243,-0.080134,-0.025837,0.183414,0.979424,0.725444,1.031069,0.047941,-0.005675,2e-05,-0.258409,-0.966019,0.852221,1.216136,0.912332,quasi
1924,16.033333,0.030421,-0.010541,0.297891,0.954057,0.994558,1.469547,0.058347,-0.080318,-0.025752,0.183206,0.97945,0.725499,1.031092,0.048022,0.023385,-0.012867,-0.257937,-0.965793,0.853665,1.217413,0.906214,quasi
1925,16.041667,0.029766,-0.010824,0.29795,0.954056,0.994507,1.469564,0.058461,-0.080749,-0.024896,0.183142,0.979448,0.725583,1.031087,0.048149,0.023269,-0.014168,-0.257178,-0.96598,0.854881,1.219404,0.906271,quasi
1926,16.05,0.029299,-0.011133,0.29804,0.954039,0.99446,1.469584,0.058585,-0.081388,-0.024206,0.182522,0.979528,0.725646,1.031055,0.04828,0.023022,-0.015272,-0.256738,-0.966086,0.856046,1.221385,0.906327,quasi
1927,16.058333,0.025944,-0.014652,0.299319,0.953688,0.994299,1.469979,0.058973,-0.081576,-0.022924,0.182037,0.979634,0.725655,1.031075,0.048397,0.022856,-0.016605,-0.255307,-0.966447,0.857677,1.222833,0.90637,quasi
1928,16.066667,0.025526,-0.015233,0.299726,0.953562,0.994204,1.470017,0.059033,-0.081633,-0.021594,0.181536,0.979752,0.725671,1.031108,0.04853,0.022766,-0.01785,-0.254643,-0.966602,0.858858,1.224841,0.906412,quasi
1929,16.075,0.025214,-0.015631,0.300204,0.953414,0.994104,1.470055,0.059071,-0.081851,-0.020407,0.181309,0.979802,0.725659,1.031131,0.048702,0.022261,-0.018822,-0.253849,-0.966805,0.860303,1.227104,0.906548,quasi
1930,16.083333,0.025008,-0.015935,0.300652,0.953273,0.994035,1.47008,0.059138,-0.082053,-0.019011,0.18082,0.979903,0.725547,1.031178,0.048902,0.021218,-0.020228,-0.252733,-0.967092,0.861836,1.229429,0.906784,quasi
1931,16.091667,0.025161,-0.0162,0.301049,0.953139,0.993987,1.47009,0.059215,-0.082121,-0.017242,0.180863,0.979922,0.725465,1.031168,0.049194,0.020616,-0.021153,-0.252048,-0.967264,0.863286,1.231728,0.906903,quasi
1932,16.1,0.025509,-0.016785,0.301219,0.953066,0.993961,1.470064,0.059309,-0.082494,-0.014831,0.18109,0.979888,0.725449,1.031163,0.049572,0.020038,-0.022186,-0.251034,-0.967516,0.864817,1.234137,0.907136,quasi
1933,16.108333,0.026112,-0.017212,0.301255,0.953031,0.993946,1.470011,0.059371,-0.082952,-0.012728,0.18112,0.979874,0.725457,1.031221,0.049951,0.01986,-0.022773,-0.249973,-0.967781,0.866567,1.236663,0.907264,quasi
1934,16.116667,0.026896,-0.017522,0.30124,0.953008,0.993958,1.469955,0.059419,-0.08377,-0.010251,0.18125,0.979809,0.725512,1.031295,0.050425,0.019179,-0.02364,-0.249267,-0.967956,0.868115,1.239097,0.907462,quasi
1935,16.125,0.027733,-0.017502,0.301193,0.952999,0.993981,1.469898,0.059413,-0.084305,-0.007244,0.181054,0.979826,0.725573,1.031396,0.050964,0.01842,-0.024302,-0.248305,-0.968202,0.869873,1.24163,0.907725,quasi
1936,16.133333,0.028591,-0.01731,0.301158,0.952989,0.994037,1.469844,0.059389,-0.084554,-0.003476,0.181209,0.979797,0.725712,1.031487,0.051606,0.018858,-0.024477,-0.247533,-0.968387,0.871696,1.244331,0.907985,quasi
1937,16.141667,0.029454,-0.01702,0.301058,0.952999,0.994114,1.46979,0.059332,-0.084752,0.000657,0.181328,0.979764,0.72586,1.031583,0.052283,0.019001,-0.024958,-0.246807,-0.968557,0.873394,1.246821,0.908318,quasi
1938,16.15,0.030298,-0.016919,0.300876,0.953032,0.994188,1.469718,0.059248,-0.084353,0.006135,0.181136,0.979815,0.726057,1.031764,0.053149,0.018812,-0.02573,-0.246322,-0.968664,0.875191,1.249486,0.908688,quasi
1939,16.158333,0.031129,-0.016781,0.300709,0.95306,0.994274,1.46964,0.059164,-0.083696,0.012704,0.181365,0.979765,0.726353,1.031926,0.054168,0.018855,-0.025695,-0.245572,-0.968854,0.87705,1.252217,0.909093,quasi
1940,16.166667,0.031705,-0.017213,0.300252,0.953177,0.994385,1.469496,0.059052,-0.082868,0.019169,0.180823,0.979831,0.726645,1.032112,0.055268,0.019085,-0.025969,-0.245127,-0.968955,0.878948,1.254975,0.909581,quasi
1941,16.175,0.032498,-0.017045,0.299919,0.953258,0.994479,1.469278,0.058782,-0.08175,0.027704,0.180756,0.979733,0.727125,1.032303,0.056702,0.019214,-0.026056,-0.245165,-0.968941,0.880578,1.25769,0.910202,quasi
1942,16.183333,0.033684,-0.016132,0.299662,0.953314,0.994612,1.469005,0.058428,-0.082044,0.036473,0.181624,0.979261,0.727708,1.032355,0.058221,0.019149,-0.026084,-0.244709,-0.969057,0.882584,1.26052,0.910752,quasi
1943,16.191667,0.03495,-0.015473,0.299407,0.95336,0.994709,1.468749,0.057906,-0.08209,0.045267,0.181931,0.978833,0.72828,1.032457,0.059784,0.019434,-0.026049,-0.244365,-0.969139,0.884411,1.263331,0.911425,quasi
1944,16.2,0.036293,-0.014542,0.299175,0.953397,0.994786,1.468577,0.057433,-0.079394,0.054989,0.183163,0.978327,0.729147,1.032699,0.061635,0.01868,-0.025459,-0.244075,-0.969242,0.886269,1.266009,0.91221,quasi
1945,16.208333,0.036449,-0.014254,0.298734,0.953534,0.994864,1.468542,0.057082,-0.082185,0.0659,0.18468,0.977137,0.730086,1.032829,0.06366,0.018855,-0.025232,-0.244004,-0.969262,0.888055,1.26885,0.913078,quasi
1946,16.216667,0.036746,-0.013819,0.298518,0.953596,0.99496,1.468539,0.056883,-0.072804,0.088262,0.183025,0.976428,0.731225,1.033963,0.066781,0.019077,-0.024406,-0.243632,-0.969373,0.890035,1.271727,0.913925,quasi
1947,16.225,0.037028,-0.013343,0.298377,0.953636,0.995059,1.468557,0.056782,-0.07722,0.100812,0.184765,0.974544,0.732193,1.034242,0.069071,0.018721,-0.02423,-0.243396,-0.969444,0.891792,1.274585,0.914934,quasi
1948,16.233333,0.037535,-0.012866,0.298353,0.953631,0.995169,1.468577,0.056754,-0.082871,0.114066,0.18742,0.972109,0.733289,1.034512,0.07163,0.018279,-0.023604,-0.243074,-0.969548,0.893615,1.277391,0.915988,quasi
1949,16.241667,0.038098,-0.012333,0.298339,0.95362,0.995292,1.468575,0.056804,-0.086495,0.132042,0.188084,0.969385,0.734733,1.035365,0.074368,0.018421,-0.022954,-0.242741,-0.969645,0.895369,1.280226,0.916992,quasi
1950,16.25,0.037722,-0.012169,0.298141,0.953699,0.995398,1.468639,0.056804,-0.098365,0.156008,0.189707,0.964364,0.736602,1.036366,0.078166,0.018118,-0.022356,-0.242336,-0.969766,0.897211,1.28317,0.918132,quasi
1951,16.258333,0.037532,-0.012051,0.297967,0.953762,0.995494,1.468681,0.05685,-0.108811,0.171408,0.192305,0.960103,0.738315,1.037479,0.081341,0.018218,-0.021581,-0.241791,-0.969917,0.898979,1.286093,0.919265,quasi
1952,16.266667,0.038053,-0.011756,0.297892,0.953768,0.995562,1.468699,0.056867,-0.119363,0.190511,0.19402,0.95489,0.740527,1.039096,0.0853,0.01782,-0.020577,-0.241299,-0.970069,0.900504,1.288869,0.920499,quasi
1953,16.275,0.039722,-0.0119,0.296992,0.953979,0.995593,1.468752,0.056794,-0.129565,0.208914,0.194507,0.949597,0.742856,1.04076,0.089444,0.017806,-0.019506,-0.240417,-0.970311,0.902408,1.29184,0.921583,quasi
1954,16.283333,0.037881,-0.011882,0.297348,0.953943,0.995781,1.468498,0.056924,-0.140775,0.223977,0.194285,0.944601,0.745626,1.042748,0.094588,0.016917,-0.019764,-0.239938,-0.97044,0.903781,1.294631,0.922951,quasi
1955,16.291667,0.037596,-0.012207,0.297659,0.953854,0.995839,1.468556,0.056909,-0.151973,0.255376,0.192418,0.935234,0.748799,1.045214,0.101028,0.016478,-0.018476,-0.238716,-0.970774,0.90547,1.297494,0.923943,quasi
1956,16.3,0.038003,-0.012259,0.297398,0.953918,0.995856,1.468572,0.056832,-0.163199,0.27097,0.190908,0.929245,0.752146,1.047984,0.106902,0.016315,-0.018603,-0.238417,-0.970848,0.906761,1.300317,0.925231,quasi
1957,16.308333,0.038543,-0.012245,0.297338,0.953915,0.995826,1.468587,0.056711,-0.127301,0.313701,0.175535,0.924432,0.75671,1.053035,0.115207,0.015556,-0.017087,-0.23709,-0.971213,0.908279,1.303117,0.926131,quasi
1958,16.316667,0.039241,-0.012604,0.297027,0.953979,0.99578,1.468623,0.05657,-0.132155,0.335316,0.172087,0.916779,0.760587,1.056552,0.121872,0.013933,-0.017502,-0.236239,-0.971437,0.90939,1.305658,0.927302,quasi
1959,16.325,0.040549,-0.012978,0.296624,0.954045,0.995746,1.46869,0.056391,-0.138662,0.353521,0.167793,0.909748,0.765246,1.060353,0.1286,0.013744,-0.015723,-0.235203,-0.971722,0.910944,1.308478,0.928211,quasi
1960,16.333333,0.04178,-0.013449,0.296268,0.954096,0.995712,1.468805,0.056222,-0.141134,0.377108,0.160424,0.901185,0.770881,1.064351,0.136053,0.013897,-0.013261,-0.234539,-0.971917,0.912654,1.311456,0.929303,quasi
1961,16.341667,0.042523,-0.013793,0.295969,0.954151,0.995643,1.468911,0.056099,-0.147682,0.382392,0.153383,0.899133,0.777549,1.069475,0.14221,0.013342,-0.011778,-0.234654,-0.971916,0.914015,1.314266,0.930473,quasi
1962,16.35,0.038184,-0.011917,0.298669,0.953518,0.99592,1.468493,0.056422,-0.14767,0.388116,0.14507,0.898062,0.78458,1.075799,0.147751,0.013446,-0.009983,-0.233864,-0.972125,0.915493,1.316986,0.931355,quasi
1963,16.358333,0.038255,-0.012138,0.298741,0.95349,0.995922,1.46849,0.056408,-0.145502,0.399497,0.14041,0.894157,0.792795,1.081177,0.15485,0.012657,-0.007667,-0.233176,-0.972322,0.917075,1.319655,0.932265,quasi
1964,16.366667,0.038504,-0.012045,0.298872,0.95344,0.99591,1.4685,0.056358,-0.152224,0.391286,0.136163,0.89732,0.800286,1.087316,0.159294,0.012513,-0.00585,-0.232985,-0.972382,0.918505,1.322298,0.933029,quasi
1965,16.375,0.038653,-0.011991,0.298966,0.953405,0.995895,1.468519,0.05633,-0.155556,0.390753,0.135401,0.897096,0.809192,1.092795,0.165368,0.01292,-0.003846,-0.23302,-0.972379,0.919878,1.324655,0.933783,quasi
1966,16.383333,0.038891,-0.011991,0.299102,0.953353,0.995885,1.468521,0.056298,-0.16365,0.38044,0.135978,0.899997,0.817612,1.098825,0.170036,0.013368,-0.001376,-0.232947,-0.972397,0.921321,1.326967,0.934517,quasi
1967,16.391667,0.039574,-0.011931,0.298852,0.953404,0.995851,1.468574,0.056266,-0.168563,0.37857,0.134444,0.900109,0.826478,1.105231,0.174883,0.014174,0.000756,-0.232976,-0.972379,0.922716,1.329132,0.935265,quasi
1968,16.4,0.041694,-0.012055,0.298052,0.953562,0.995739,1.468718,0.056107,-0.169159,0.381394,0.134177,0.898844,0.83601,1.111374,0.180291,0.015167,0.002918,-0.233048,-0.972343,0.924205,1.331304,0.936016,quasi
1969,16.408333,0.04025,-0.012006,0.298843,0.953378,0.995822,1.468623,0.056248,-0.160052,0.386691,0.122506,0.899914,0.846608,1.119331,0.185187,0.015354,0.0052,-0.233164,-0.972302,0.925639,1.333332,0.937,quasi
1970,16.416667,0.040345,-0.012073,0.298867,0.953365,0.995801,1.468639,0.056259,-0.167529,0.375526,0.119688,0.903653,0.854989,1.126339,0.188099,0.01534,0.007835,-0.233115,-0.972297,0.927167,1.335404,0.938036,quasi
1971,16.425,0.040487,-0.012099,0.298972,0.953326,0.995794,1.46864,0.056267,-0.172613,0.371106,0.12004,0.904475,0.864211,1.133188,0.191794,0.014999,0.009497,-0.233359,-0.972229,0.928411,1.337351,0.939062,quasi
1972,16.433333,0.040826,-0.011995,0.298926,0.953327,0.995784,1.46862,0.056283,-0.166815,0.365826,0.113008,0.908611,0.875031,1.140447,0.195208,0.01524,0.009869,-0.233798,-0.972116,0.92933,1.339158,0.940127,quasi
1973,16.441667,0.041606,-0.011374,0.298861,0.953322,0.995784,1.468572,0.056232,-0.166191,0.361229,0.111232,0.910781,0.885123,1.147661,0.198419,0.01601,0.010838,-0.233965,-0.972053,0.930455,1.340642,0.941164,quasi
1974,16.45,0.042688,-0.010845,0.298795,0.953301,0.995733,1.468562,0.056147,-0.163297,0.35661,0.105858,0.91376,0.895436,1.155069,0.201357,0.016035,0.012737,-0.234822,-0.971823,0.931646,1.342647,0.942129,quasi
1975,16.458333,0.041767,-0.011189,0.298474,0.953438,0.995829,1.468498,0.056247,-0.161907,0.353469,0.103494,0.915497,0.905824,1.162509,0.204178,0.017688,0.014729,-0.235395,-0.971627,0.933207,1.344427,0.942723,quasi
1976,16.466667,0.042079,-0.010746,0.298469,0.953431,0.995881,1.46844,0.056197,-0.156183,0.34968,0.098976,0.918441,0.916089,1.170226,0.206722,0.01922,0.015232,-0.236272,-0.971377,0.934089,1.346314,0.943463,quasi
1977,16.475,0.041773,-0.010881,0.298388,0.953468,0.995955,1.468391,0.05625,-0.153093,0.345148,0.096531,0.920933,0.926529,1.177705,0.208533,0.018905,0.016812,-0.236693,-0.971255,0.935368,1.348227,0.944325,quasi
1978,16.483333,0.044056,-0.010386,0.297416,0.953675,0.995881,1.468434,0.056097,-0.151458,0.339125,0.094219,0.923676,0.93707,1.185181,0.210299,0.020009,0.019167,-0.237023,-0.971109,0.936858,1.349965,0.94514,quasi
1979,16.491667,0.044304,-0.009719,0.297089,0.953772,0.995885,1.468383,0.056081,-0.147757,0.333024,0.090848,0.926827,0.947741,1.192636,0.211695,0.021811,0.019996,-0.237393,-0.970963,0.938131,1.351539,0.945699,quasi
1980,16.5,0.044583,-0.009482,0.296909,0.953817,0.995941,1.468338,0.056057,-0.148893,0.325732,0.09229,0.929092,0.957767,1.199695,0.212951,0.023679,0.022173,-0.238082,-0.970703,0.939531,1.353108,0.946318,quasi
1981,16.508333,0.045043,-0.008983,0.296831,0.953825,0.995989,1.468305,0.055985,-0.126891,0.332988,0.074645,0.931368,0.969858,1.208509,0.215149,0.026144,0.023988,-0.238794,-0.970422,0.940913,1.354563,0.946722,quasi
1982,16.516667,0.045108,-0.008533,0.296838,0.953824,0.996027,1.468266,0.055953,-0.131181,0.315058,0.074501,0.937006,0.979658,1.21583,0.214733,0.024011,0.026806,-0.237744,-0.970661,0.942788,1.356214,0.947779,quasi
1983,16.525,0.045168,-0.008291,0.296676,0.953873,0.996035,1.468281,0.055933,-0.132444,0.306544,0.074395,0.939657,0.990127,1.222688,0.21506,0.023632,0.030106,-0.238297,-0.970438,0.944157,1.356974,0.949185,quasi
1984,16.533333,0.045937,-0.008212,0.296901,0.953767,0.99605,1.468273,0.055757,-0.130804,0.300077,0.075156,0.941911,1.001058,1.229117,0.21546,0.02484,0.03227,-0.238309,-0.970335,0.945678,1.358375,0.949884,quasi
1985,16.541667,0.045017,-0.007836,0.297113,0.953748,0.996055,1.468311,0.055761,-0.131076,0.293726,0.074939,0.94389,1.012177,1.235669,0.21526,0.025838,0.035278,-0.238369,-0.97019,0.94732,1.359963,0.950594,quasi
1986,16.55,0.044986,-0.007688,0.297224,0.953716,0.996063,1.468338,0.055683,-0.133681,0.284092,0.07782,0.946237,1.023048,1.241519,0.214758,0.02661,0.037409,-0.238537,-0.970048,0.948937,1.361357,0.951185,quasi
1987,16.558333,0.044833,-0.007779,0.297221,0.953724,0.996069,1.468345,0.055652,-0.131026,0.275523,0.078903,0.949049,1.03407,1.247713,0.214214,0.028705,0.03869,-0.239056,-0.96981,0.950351,1.362549,0.95191,quasi
1988,16.566667,0.045708,-0.008059,0.297543,0.95358,0.996131,1.468445,0.055629,-0.125205,0.271425,0.07559,0.951283,1.045861,1.253879,0.213583,0.02826,0.040238,-0.239489,-0.969653,0.951991,1.364163,0.952242,quasi
1989,16.575,0.045427,-0.007485,0.297556,0.953594,0.996147,1.468438,0.05556,-0.117776,0.263543,0.072832,0.954657,1.056926,1.260056,0.212198,0.028809,0.041496,-0.240035,-0.969449,0.953646,1.365613,0.952563,quasi
1990,16.583333,0.04534,-0.007342,0.297613,0.953581,0.996165,1.468455,0.055524,-0.112568,0.255688,0.071463,0.95752,1.068134,1.266205,0.210733,0.03035,0.042833,-0.240584,-0.969208,0.955172,1.366926,0.953321,quasi
1991,16.591667,0.045887,-0.006747,0.297802,0.9535,0.996096,1.468359,0.055473,-0.101968,0.249448,0.067368,0.960646,1.079997,1.272766,0.209408,0.028162,0.048902,-0.241443,-0.968773,0.957333,1.369573,0.954064,quasi
1992,16.6,0.045956,-0.00637,0.298246,0.953361,0.99613,1.468385,0.055463,-0.095278,0.241529,0.066876,0.963387,1.091498,1.278753,0.207614,0.027576,0.049923,-0.242175,-0.968555,0.958975,1.371097,0.954373,quasi
1993,16.608333,0.045914,-0.006297,0.29839,0.953318,0.996205,1.468382,0.055479,-0.088765,0.233612,0.066915,0.965955,1.103013,1.284811,0.205448,0.026724,0.052116,-0.242533,-0.968374,0.960787,1.372699,0.954954,quasi
1994,16.616667,0.046354,-0.006381,0.298623,0.953224,0.996239,1.468396,0.055508,-0.085088,0.221765,0.062925,0.969341,1.114363,1.29117,0.202243,0.026223,0.053848,-0.242994,-0.968177,0.962529,1.374231,0.955505,quasi
1995,16.625,0.046323,-0.005899,0.298597,0.953236,0.996228,1.46839,0.05546,-0.07973,0.2149,0.0635,0.971303,1.126135,1.296553,0.199699,0.025544,0.055763,-0.243517,-0.967955,0.964255,1.375694,0.956379,quasi
1996,16.633333,0.046475,-0.005792,0.298645,0.953214,0.996232,1.468382,0.055442,-0.07515,0.20483,0.063263,0.973856,1.137712,1.302069,0.196478,0.027567,0.060005,-0.244761,-0.967332,0.965817,1.377069,0.957406,quasi
1997,16.641667,0.046289,-0.005179,0.298755,0.953193,0.996246,1.468344,0.055455,-0.073886,0.192755,0.063913,0.976372,1.149374,1.307286,0.192832,0.027607,0.062314,-0.245504,-0.966997,0.967584,1.378657,0.957878,quasi
1998,16.65,0.046716,-0.004405,0.298604,0.953223,0.996244,1.468273,0.055401,-0.070434,0.181211,0.063232,0.978878,1.160976,1.312449,0.189151,0.026819,0.064172,-0.246077,-0.966752,0.969429,1.380237,0.958333,quasi
1999,16.658333,0.04695,-0.005452,0.298821,0.953138,0.996249,1.468354,0.055392,-0.067796,0.17155,0.062704,0.980838,1.17273,1.317441,0.185393,0.025507,0.065875,-0.246708,-0.966512,0.971276,1.381741,0.958814,quasi
2000,16.666667,0.046873,-0.005129,0.29898,0.953094,0.996234,1.468325,0.055404,-0.065362,0.160243,0.06195,0.982961,1.184319,1.322337,0.181408,0.024606,0.066954,-0.247629,-0.966225,0.973032,1.383323,0.959136,quasi
2001,16.675,0.046942,-0.005196,0.299055,0.953066,0.996228,1.4683,0.055406,-0.063073,0.148801,0.061493,0.984936,1.195854,1.327145,0.177365,0.023847,0.068513,-0.248303,-0.965962,0.974833,1.384759,0.959508,quasi
2002,16.683333,0.043838,-0.011192,0.300211,0.952799,0.996323,1.46848,0.05582,-0.059347,0.137766,0.061738,0.986756,1.207332,1.332,0.173394,0.02244,0.067726,-0.248408,-0.966024,0.976886,1.386208,0.959268,quasi
2003,16.691667,0.044487,-0.010417,0.300186,0.952786,0.996315,1.468462,0.055766,-0.054819,0.126606,0.063463,0.988402,1.218794,1.336797,0.169439,0.024707,0.06856,-0.248041,-0.966005,0.978755,1.387132,0.95964,quasi
2004,16.7,0.044189,-0.010414,0.300647,0.952655,0.99629,1.468548,0.055845,-0.050876,0.11429,0.066803,0.989892,1.230141,1.341702,0.165511,0.023068,0.065826,-0.248173,-0.966201,0.980711,1.388483,0.958898,quasi
2005,16.708333,0.047308,-0.004407,0.29931,0.952972,0.996152,1.468193,0.055532,-0.04538,0.101899,0.071575,0.991178,1.241426,1.346663,0.161733,0.018749,0.061329,-0.247389,-0.966792,0.982359,1.390083,0.959301,quasi
2006,16.716667,0.047806,-0.005015,0.299316,0.952942,0.996126,1.468248,0.055582,-0.039775,0.089307,0.077609,0.992179,1.252418,1.351787,0.157922,0.013371,0.056781,-0.246583,-0.967364,0.984338,1.39202,0.959048,quasi
2007,16.725,0.048943,-0.006256,0.299291,0.952885,0.99631,1.468431,0.055734,-0.033212,0.077653,0.083992,0.992881,1.2632,1.356881,0.154217,0.00316,0.062202,-0.246188,-0.967219,0.986627,1.394019,0.960861,quasi
2008,16.733333,0.049361,-0.00583,0.299457,0.952814,0.996321,1.468444,0.055745,-0.025672,0.067523,0.09108,0.99322,1.273747,1.361957,0.15071,-0.004402,0.065945,-0.247485,-0.966635,0.988376,1.395465,0.962188,quasi
2009,16.741667,0.049412,-0.005483,0.299104,0.952925,0.996391,1.468462,0.055775,-0.019133,0.05826,0.097784,0.993317,1.283927,1.366844,0.147257,-0.007249,0.067604,-0.248162,-0.966329,0.990303,1.397315,0.962547,quasi
2010,16.75,0.049103,-0.0057,0.298546,0.953114,0.996456,1.468444,0.055871,-0.011725,0.049545,0.103306,0.993346,1.293675,1.371683,0.143715,-0.007742,0.068724,-0.249551,-0.965889,0.992332,1.399405,0.962665,quasi
2011,16.758333,0.049619,-0.00517,0.298635,0.953063,0.996498,1.468502,0.055875,-0.004179,0.042868,0.109238,0.993082,1.302991,1.376256,0.140417,-0.011296,0.074697,-0.249943,-0.965309,0.994541,1.401095,0.963823,quasi
2012,16.766667,0.049181,-0.004826,0.298707,0.953065,0.996513,1.468497,0.055859,0.003126,0.036488,0.114509,0.992747,1.311872,1.380807,0.137023,-0.013806,0.07915,-0.250303,-0.964828,0.996497,1.402357,0.964812,quasi
2013,16.775,0.048579,-0.005398,0.297899,0.953345,0.996555,1.468483,0.055674,0.009289,0.031058,0.120007,0.992244,1.320369,1.385069,0.133837,-0.015344,0.080121,-0.250756,-0.964607,0.998586,1.404162,0.964725,quasi
2014,16.783333,0.047325,-0.00439,0.298391,0.95326,0.996659,1.468575,0.05572,0.015297,0.025885,0.125748,0.991607,1.328356,1.389122,0.130789,-0.016927,0.080355,-0.250756,-0.964561,1.000733,1.405805,0.964552,quasi
2015,16.791667,0.046954,-0.003389,0.298651,0.953201,0.996652,1.468558,0.055679,0.021894,0.023053,0.132859,0.990625,1.335676,1.393205,0.127739,-0.018583,0.079224,-0.251263,-0.964492,1.002503,1.407242,0.964235,quasi
2016,16.8,0.046908,-0.003283,0.298666,0.953199,0.996629,1.468548,0.055636,0.031605,0.019373,0.140801,0.989344,1.342738,1.397134,0.124702,-0.019781,0.078252,-0.251351,-0.964525,1.004448,1.408671,0.963866,quasi
2017,16.808333,0.046864,-0.003127,0.298661,0.953203,0.996639,1.468552,0.055615,0.047011,0.016629,0.148675,0.987628,1.349352,1.40119,0.121916,-0.020888,0.076581,-0.251496,-0.964598,1.006343,1.409733,0.963311,quasi
2018,16.816667,0.046691,-0.002966,0.298701,0.953199,0.996659,1.468556,0.055585,0.055658,0.018681,0.154378,0.986266,1.355577,1.404623,0.119496,-0.021437,0.075503,-0.251159,-0.964759,1.008451,1.410871,0.962847,quasi
2019,16.825,0.046643,-0.002747,0.298688,0.953206,0.996684,1.46857,0.05557,0.062949,0.01952,0.159759,0.984954,1.36133,1.408086,0.117132,-0.022517,0.074013,-0.251999,-0.96463,1.009974,1.411906,0.962444,quasi
2020,16.833333,0.046374,-0.002839,0.298523,0.953271,0.996694,1.468554,0.055575,0.06921,0.016966,0.164872,0.983737,1.366753,1.411429,0.114582,-0.022261,0.073521,-0.252566,-0.964526,1.011772,1.412998,0.962133,quasi
2021,16.841667,0.046359,-0.002477,0.298789,0.953189,0.996706,1.468578,0.055565,0.073025,0.015287,0.171329,0.982385,1.371918,1.414193,0.111761,-0.021851,0.072672,-0.252736,-0.964555,1.014064,1.414493,0.961434,quasi
2022,16.85,0.046598,-0.002009,0.298776,0.953183,0.996707,1.468592,0.055572,0.075538,0.011339,0.17658,0.981318,1.376757,1.416987,0.108726,-0.022648,0.071197,-0.254507,-0.964181,1.016079,1.415957,0.960951,quasi
2023,16.858333,0.046625,-0.001797,0.298786,0.953179,0.996708,1.468599,0.055567,0.07914,0.01189,0.18174,0.980085,1.381168,1.419479,0.105844,-0.023094,0.067818,-0.256384,-0.963916,1.017583,1.417527,0.959887,quasi
2024,16.866667,0.04658,-0.001636,0.298836,0.953166,0.996712,1.468597,0.055576,0.079624,0.016016,0.184997,0.979377,1.385221,1.42165,0.103134,-0.022229,0.06612,-0.257839,-0.963666,1.019521,1.41879,0.958931,quasi
2025,16.875,0.046571,-0.001476,0.298864,0.953157,0.99671,1.468601,0.055584,0.080277,0.018805,0.187918,0.978718,1.389083,1.423831,0.100075,-0.023459,0.064511,-0.258954,-0.963448,1.021395,1.419811,0.958476,quasi
2026,16.883333,0.046522,-0.001307,0.298914,0.953145,0.996704,1.468611,0.055584,0.082301,0.024259,0.190041,0.97802,1.392542,1.425799,0.096927,-0.023879,0.063448,-0.260146,-0.963187,1.023346,1.421156,0.957778,quasi
2027,16.891667,0.046455,-0.001203,0.298939,0.95314,0.996702,1.468615,0.055578,0.083057,0.03087,0.190663,0.977648,1.395695,1.427374,0.094109,-0.025043,0.061964,-0.261543,-0.962875,1.025082,1.422125,0.957409,quasi
2028,16.9,0.046373,-0.001131,0.29896,0.953138,0.996705,1.468627,0.055574,0.083148,0.038796,0.190524,0.977385,1.398624,1.428481,0.091403,-0.025615,0.059896,-0.26377,-0.962383,1.026505,1.423459,0.956708,quasi
2029,16.908333,0.046304,-0.001148,0.298986,0.953133,0.9967,1.468626,0.055572,0.081505,0.045737,0.189712,0.977382,1.401127,1.429455,0.088715,-0.026501,0.059333,-0.264991,-0.962059,1.028566,1.424287,0.956439,quasi
2030,16.916667,0.046319,-0.001085,0.299026,0.953119,0.996683,1.468627,0.055555,0.079069,0.046992,0.189143,0.977632,1.40327,1.430426,0.086015,-0.027417,0.058584,-0.266266,-0.961727,1.030545,1.425294,0.956064,quasi
2031,16.925,0.046295,-0.001072,0.299079,0.953104,0.99667,1.468627,0.055542,0.072886,0.047882,0.187754,0.978337,1.405087,1.430987,0.083182,-0.028574,0.057959,-0.267178,-0.961478,1.032565,1.42635,0.955674,quasi
2032,16.933333,0.046295,-0.001076,0.299138,0.953086,0.996661,1.468617,0.055532,0.063898,0.047794,0.186622,0.979186,1.40658,1.43113,0.080425,-0.02975,0.056897,-0.268207,-0.961219,1.034539,1.427432,0.955156,quasi
2033,16.941667,0.046318,-0.001027,0.299203,0.953064,0.996651,1.468604,0.055521,0.056723,0.046258,0.184704,0.980065,1.407518,1.431114,0.077125,-0.031516,0.055774,-0.269586,-0.960843,1.036408,1.428408,0.954825,quasi
2034,16.95,0.046336,-0.000931,0.299271,0.953042,0.996637,1.46859,0.055514,0.053318,0.048338,0.181735,0.980711,1.408054,1.430961,0.074147,-0.032954,0.055192,-0.27117,-0.960383,1.038334,1.429288,0.954542,quasi
2035,16.958333,0.046507,-0.000908,0.299305,0.953023,0.996627,1.468568,0.055507,0.047217,0.049451,0.179199,0.981434,1.408025,1.430548,0.07118,-0.034159,0.054127,-0.272479,-0.960031,1.040359,1.430097,0.954196,quasi
2036,16.966667,0.046539,-0.000895,0.299385,0.952996,0.996623,1.468557,0.05551,0.034718,0.045355,0.178471,0.982286,1.407528,1.430186,0.068224,-0.035134,0.053357,-0.273764,-0.959673,1.042554,1.431114,0.953714,quasi
2037,16.975,0.046575,-0.000929,0.299434,0.952979,0.99661,1.468549,0.055509,0.024014,0.037299,0.182148,0.98227,1.406806,1.430229,0.06644,-0.036703,0.05304,-0.274774,-0.959343,1.044735,1.432091,0.953366,quasi
2038,16.983333,0.04659,-0.000902,0.299561,0.952938,0.996602,1.468532,0.055509,0.014651,0.029761,0.18794,0.98162,1.406123,1.430348,0.065159,-0.038245,0.051785,-0.276142,-0.958958,1.046813,1.433077,0.952871,quasi
2039,16.991667,0.046609,-0.000927,0.299696,0.952895,0.996603,1.468517,0.055528,0.00599,0.023854,0.194075,0.980678,1.405321,1.430415,0.063977,-0.039423,0.05072,-0.277698,-0.958518,1.049145,1.433626,0.952533,quasi
2040,17.0,0.046629,-0.000944,0.299804,0.95286,0.996577,1.46851,0.055537,0.00105,0.018866,0.198302,0.979959,1.404534,1.430449,0.062849,-0.040732,0.050071,-0.279163,-0.958072,1.051292,1.434125,0.952227,quasi
2041,17.008333,0.046677,-0.000949,0.299909,0.952825,0.996553,1.468501,0.055543,-0.002628,0.012748,0.200528,0.979601,1.40398,1.430622,0.061391,-0.041654,0.048858,-0.280762,-0.957628,1.053325,1.434782,0.951809,quasi
2042,17.016667,0.047957,-0.000778,0.299971,0.952742,0.996524,1.468512,0.055631,-0.006707,0.00861,0.200241,0.979686,1.403841,1.430564,0.060263,-0.043202,0.047634,-0.282209,-0.957195,1.055319,1.435208,0.951572,quasi
2043,17.025,0.049624,-0.00041,0.300031,0.952638,0.996518,1.468523,0.055757,-0.012836,0.002266,0.198816,0.97995,1.403575,1.430862,0.059517,-0.043205,0.046821,-0.283279,-0.956919,1.057634,1.435733,0.951139,quasi
2044,17.033333,0.050656,-0.000126,0.300093,0.952564,0.996519,1.468526,0.055847,-0.015438,-0.001394,0.196095,0.980463,1.403327,1.431573,0.058701,-0.043863,0.045687,-0.284923,-0.956456,1.05933,1.436256,0.950762,quasi
2045,17.041667,0.051024,6.5e-05,0.300192,0.952513,0.996512,1.468526,0.055892,-0.02055,-0.004563,0.195407,0.980496,1.403113,1.432045,0.058337,-0.044152,0.044881,-0.285813,-0.956215,1.061401,1.436622,0.950466,quasi
2046,17.05,0.051186,0.000128,0.300378,0.952446,0.996499,1.468517,0.055922,-0.017948,-0.004715,0.194816,0.980664,1.403061,1.43286,0.058368,-0.044188,0.043857,-0.28674,-0.955983,1.063279,1.436996,0.950162,quasi
2047,17.058333,0.051275,0.000222,0.300494,0.952404,0.996481,1.468507,0.055943,-0.020247,-0.006867,0.194424,0.980685,1.403029,1.433377,0.058228,-0.043252,0.04345,-0.286396,-0.956148,1.064565,1.437064,0.950014,quasi
2048,17.066667,0.051402,0.00024,0.300614,0.95236,0.996468,1.468495,0.055976,-0.021741,-0.008783,0.193462,0.980828,1.403062,1.433702,0.058152,-0.043009,0.042735,-0.287007,-0.956008,1.066343,1.437095,0.949793,quasi
2049,17.075,0.051439,0.000142,0.300757,0.952313,0.996453,1.468486,0.056002,-0.023605,-0.009716,0.191563,0.981148,1.403123,1.434152,0.058211,-0.042511,0.04253,-0.287342,-0.955939,1.068103,1.4369,0.949619,quasi
2050,17.083333,0.051522,0.000136,0.30093,0.952254,0.996441,1.468474,0.056013,-0.024426,-0.009108,0.189338,0.981566,1.403167,1.434708,0.05829,-0.041678,0.041784,-0.287877,-0.955847,1.069689,1.437006,0.949376,quasi
2051,17.091667,0.051709,6.1e-05,0.30103,0.952212,0.996424,1.468456,0.056017,-0.026931,-0.01061,0.188505,0.981646,1.403208,1.435011,0.058144,-0.040827,0.041339,-0.287901,-0.955896,1.07128,1.437082,0.949214,quasi
2052,17.1,0.051617,1.2e-05,0.301197,0.952164,0.99641,1.468435,0.056033,-0.028873,-0.0118,0.188046,0.981665,1.403258,1.435184,0.058027,-0.038532,0.041647,-0.287799,-0.956009,1.073003,1.436684,0.94892,quasi
2053,17.108333,0.051556,-0.000125,0.301376,0.95211,0.99638,1.46841,0.056032,-0.030384,-0.012658,0.187807,0.981654,1.40332,1.435266,0.057919,-0.037183,0.040606,-0.287437,-0.956216,1.07467,1.437092,0.948651,quasi
2054,17.116667,0.051296,-0.000251,0.301573,0.952062,0.996348,1.468371,0.056021,-0.031269,-0.013108,0.187684,0.981644,1.403379,1.435285,0.057831,-0.036461,0.039826,-0.287466,-0.956267,1.076116,1.437176,0.948651,quasi
2055,17.125,0.051251,-0.000336,0.301793,0.951995,0.996307,1.468347,0.056022,-0.031599,-0.013359,0.18768,0.981631,1.403444,1.435244,0.057748,-0.035951,0.039619,-0.287218,-0.95637,1.077457,1.436987,0.948785,quasi
2056,17.133333,0.051226,-0.000431,0.301996,0.951932,0.996265,1.468331,0.056017,-0.031169,-0.013307,0.187704,0.981641,1.403514,1.435157,0.05768,-0.035213,0.039134,-0.287665,-0.956283,1.078788,1.437311,0.948862,quasi
2057,17.141667,0.051144,-0.000464,0.302212,0.951868,0.996232,1.468324,0.056019,-0.030602,-0.013061,0.187835,0.981637,1.403616,1.435047,0.057654,-0.034682,0.03899,-0.28767,-0.956307,1.080226,1.437314,0.949076,quasi
2058,17.15,0.051123,-0.000436,0.302428,0.9518,0.996201,1.468322,0.056019,-0.029679,-0.012804,0.187955,0.981646,1.403746,1.434936,0.057635,-0.0341,0.038629,-0.288084,-0.956218,1.081885,1.437725,0.949154,quasi
2059,17.158333,0.051012,-0.000462,0.302557,0.951765,0.996185,1.468319,0.056028,-0.028868,-0.0126,0.18793,0.981677,1.403904,1.434849,0.057641,-0.033262,0.03863,-0.28856,-0.956104,1.083279,1.437874,0.949302,quasi
2060,17.166667,0.051067,-0.000366,0.302794,0.951687,0.996165,1.468318,0.056029,-0.028061,-0.01218,0.187829,0.981725,1.404055,1.434784,0.05767,-0.032936,0.038398,-0.289404,-0.955869,1.084744,1.43805,0.949458,quasi
2061,17.175,0.05107,-0.000399,0.302956,0.951635,0.996143,1.46831,0.056047,-0.027404,-0.011995,0.187465,0.981816,1.404205,1.434724,0.057653,-0.032397,0.038578,-0.290125,-0.955662,1.086358,1.438391,0.94949,quasi
2062,17.183333,0.051072,-0.000396,0.303162,0.951569,0.996113,1.468302,0.056062,-0.027063,-0.011939,0.187109,0.981894,1.404327,1.434717,0.057643,-0.032355,0.038405,-0.291178,-0.95535,1.087986,1.438777,0.949559,quasi
2063,17.191667,0.051149,-0.00034,0.303338,0.951509,0.996089,1.468301,0.056067,-0.026982,-0.011974,0.186744,0.981965,1.4044,1.434744,0.057615,-0.032434,0.038282,-0.292084,-0.955076,1.089612,1.439132,0.949586,quasi
2064,17.2,0.051158,-0.000257,0.303558,0.951439,0.996086,1.468304,0.056082,-0.027075,-0.012358,0.186354,0.982032,1.404432,1.434805,0.057562,-0.033037,0.038573,-0.293229,-0.954693,1.091047,1.439198,0.949848,quasi
2065,17.208333,0.051265,-0.000136,0.303694,0.95139,0.996083,1.468299,0.056072,-0.027565,-0.012785,0.186026,0.982075,1.404438,1.434901,0.0575,-0.032563,0.038187,-0.29458,-0.954308,1.092483,1.439553,0.949722,quasi
2066,17.216667,0.051261,-5.8e-05,0.303824,0.951348,0.996091,1.468296,0.056087,-0.028421,-0.013228,0.185744,0.982098,1.404446,1.435008,0.057471,-0.032652,0.038014,-0.295595,-0.953998,1.09398,1.439698,0.949739,quasi
2067,17.225,0.051312,2.2e-05,0.303904,0.95132,0.996099,1.46829,0.056092,-0.029432,-0.013795,0.185492,0.982108,1.404441,1.435151,0.057425,-0.032817,0.037716,-0.296319,-0.95378,1.095521,1.439913,0.949726,quasi
2068,17.233333,0.051388,5.4e-05,0.303943,0.951303,0.996109,1.468276,0.056094,-0.03033,-0.014323,0.185149,0.982138,1.404435,1.435266,0.057353,-0.032526,0.037655,-0.297141,-0.953536,1.097069,1.440206,0.94956,quasi
2069,17.241667,0.051487,8.5e-05,0.303991,0.951283,0.996118,1.468277,0.056095,-0.031539,-0.014874,0.184826,0.982153,1.404423,1.435384,0.05729,-0.032797,0.037688,-0.297586,-0.953387,1.098548,1.440228,0.949625,quasi
2070,17.25,0.051519,0.000238,0.304069,0.951256,0.996133,1.468266,0.0561,-0.032544,-0.015241,0.184593,0.982158,1.404399,1.43549,0.057227,-0.03265,0.037505,-0.298426,-0.953136,1.099823,1.440356,0.949608,quasi
2071,17.258333,0.051485,0.000424,0.304193,0.951218,0.996158,1.468257,0.05611,-0.033515,-0.015579,0.18442,0.982152,1.404378,1.435595,0.05717,-0.032495,0.037406,-0.299081,-0.95294,1.101147,1.440526,0.94959,quasi
2072,17.266667,0.051558,0.000652,0.304251,0.951196,0.996177,1.46825,0.056115,-0.034263,-0.015802,0.184216,0.982161,1.404353,1.435683,0.057114,-0.0318,0.037275,-0.299165,-0.952943,1.102566,1.440861,0.949507,quasi
2073,17.275,0.051662,0.000742,0.30431,0.951171,0.996202,1.468248,0.056125,-0.034916,-0.016086,0.184103,0.982155,1.404327,1.435753,0.057067,-0.03156,0.036714,-0.300023,-0.952703,1.103766,1.440952,0.949523,quasi
2074,17.283333,0.051746,0.000923,0.304393,0.951139,0.996224,1.468232,0.056124,-0.035453,-0.01628,0.184,0.982152,1.404319,1.435812,0.057023,-0.031031,0.036653,-0.300693,-0.952511,1.104922,1.441183,0.949546,quasi
2075,17.291667,0.051788,0.001124,0.304473,0.951111,0.996254,1.46822,0.056135,-0.035819,-0.016371,0.183852,0.982165,1.404306,1.435861,0.056991,-0.030683,0.036723,-0.30072,-0.952511,1.106195,1.441242,0.949659,quasi
2076,17.3,0.052006,0.001247,0.304542,0.951077,0.996271,1.468206,0.05615,-0.036123,-0.01652,0.18371,0.982178,1.404298,1.435906,0.056962,-0.030439,0.036149,-0.301229,-0.95238,1.107222,1.441475,0.949665,quasi
2077,17.308333,0.052122,0.001418,0.304652,0.951035,0.996294,1.468192,0.056163,-0.036347,-0.016576,0.183664,0.982177,1.40429,1.435944,0.056943,-0.030071,0.035525,-0.302819,-0.951911,1.108095,1.441753,0.949648,quasi
2078,17.316667,0.05231,0.001557,0.304711,0.951006,0.996306,1.468183,0.056167,-0.036477,-0.016604,0.18356,0.982191,1.404292,1.43598,0.056927,-0.029711,0.035433,-0.303371,-0.95175,1.109236,1.441834,0.949766,quasi
2079,17.325,0.052393,0.00168,0.304809,0.95097,0.996325,1.468167,0.056184,-0.036562,-0.016564,0.183436,0.982212,1.404284,1.436017,0.056911,-0.029855,0.035217,-0.30387,-0.951594,1.110264,1.441944,0.949847,quasi
2080,17.333333,0.052392,0.001811,0.304922,0.950933,0.996332,1.468149,0.056186,-0.036614,-0.016574,0.183349,0.982226,1.404279,1.436054,0.056895,-0.029708,0.035008,-0.304491,-0.951408,1.111292,1.442091,0.949898,quasi
2081,17.341667,0.05245,0.00191,0.305022,0.950898,0.996345,1.468135,0.056192,-0.036636,-0.016624,0.183213,0.98225,1.404257,1.436091,0.05688,-0.029794,0.03463,-0.305923,-0.95096,1.112078,1.442287,0.949942,quasi
2082,17.35,0.052542,0.00205,0.305117,0.950862,0.996342,1.468127,0.056193,-0.036784,-0.016607,0.183074,0.98227,1.404243,1.436125,0.056868,-0.029804,0.034429,-0.306676,-0.950724,1.113019,1.442415,0.949999,quasi
2083,17.358333,0.052525,0.002085,0.305188,0.95084,0.99635,1.468122,0.056192,-0.036934,-0.01664,0.182959,0.982286,1.404225,1.43616,0.056848,-0.030364,0.034318,-0.307434,-0.950466,1.113862,1.442549,0.950117,quasi
2084,17.366667,0.052479,0.002157,0.305229,0.950829,0.996346,1.468117,0.056204,-0.037053,-0.016785,0.1828,0.982308,1.404206,1.436199,0.056823,-0.030388,0.033909,-0.30848,-0.95014,1.114674,1.442864,0.950052,quasi
2085,17.375,0.052388,0.002185,0.305293,0.950814,0.996351,1.468122,0.0562,-0.037231,-0.016816,0.18266,0.982327,1.404192,1.436239,0.056795,-0.030387,0.03367,-0.309092,-0.94995,1.115564,1.443027,0.950038,quasi
2086,17.383333,0.05223,0.002235,0.305331,0.95081,0.996351,1.46813,0.0562,-0.037561,-0.016936,0.182537,0.982335,1.404179,1.436278,0.056781,-0.030688,0.033423,-0.309749,-0.949735,1.116276,1.443093,0.950112,quasi
2087,17.391667,0.052129,0.002363,0.30538,0.9508,0.996347,1.46815,0.056203,-0.037847,-0.017011,0.182415,0.982346,1.404172,1.436313,0.056772,-0.030882,0.033319,-0.310435,-0.949508,1.116944,1.443279,0.950138,quasi
2088,17.4,0.052032,0.002438,0.305452,0.950782,0.996349,1.468162,0.056213,-0.038018,-0.017061,0.182286,0.982362,1.404151,1.436341,0.056746,-0.030989,0.033197,-0.310521,-0.949481,1.117746,1.44332,0.950181,quasi
2089,17.408333,0.051971,0.002524,0.305502,0.950769,0.996344,1.468184,0.056214,-0.038308,-0.01716,0.182229,0.98236,1.404137,1.436364,0.056743,-0.031054,0.033219,-0.310944,-0.94934,1.118383,1.443401,0.950242,quasi
2090,17.416667,0.051874,0.002576,0.305541,0.950761,0.996353,1.468199,0.056229,-0.038568,-0.017221,0.182141,0.982365,1.404126,1.436385,0.056727,-0.03099,0.033104,-0.311294,-0.949231,1.119019,1.443547,0.950249,quasi
2091,17.425,0.051762,0.002627,0.305616,0.950743,0.996357,1.468217,0.056235,-0.038876,-0.017345,0.18206,0.982366,1.404122,1.436407,0.056725,-0.030986,0.032843,-0.311648,-0.949124,1.119552,1.443644,0.95028,quasi
2092,17.433333,0.051723,0.002734,0.305616,0.950745,0.996359,1.468237,0.05624,-0.039765,-0.018353,0.181935,0.982335,1.404153,1.436469,0.056751,-0.030922,0.032803,-0.312121,-0.948972,1.120015,1.443806,0.950323,quasi
2093,17.441667,0.05166,0.002861,0.305653,0.950736,0.996369,1.468236,0.056241,-0.040316,-0.018667,0.18188,0.982317,1.40415,1.436479,0.056729,-0.030976,0.032842,-0.312052,-0.948992,1.120596,1.443829,0.950378,quasi
2094,17.45,0.05175,0.002931,0.305654,0.950731,0.996373,1.468244,0.056248,-0.04093,-0.018952,0.181873,0.982287,1.404126,1.436486,0.056693,-0.030908,0.032372,-0.312367,-0.948907,1.121096,1.444017,0.950331,quasi
2095,17.458333,0.051801,0.003018,0.305692,0.950716,0.996379,1.468248,0.056241,-0.041532,-0.019192,0.181879,0.982256,1.404098,1.436479,0.056659,-0.030617,0.032637,-0.31218,-0.948968,1.121783,1.444284,0.950302,quasi
2096,17.466667,0.051893,0.003091,0.305718,0.950702,0.996391,1.468249,0.056242,-0.041976,-0.019527,0.181877,0.982231,1.404077,1.436489,0.056623,-0.030744,0.032271,-0.312873,-0.948749,1.121994,1.444288,0.950351,quasi
2097,17.475,0.051952,0.003203,0.305729,0.950695,0.996396,1.468246,0.056233,-0.041758,-0.019593,0.181549,0.9823,1.40402,1.436522,0.05654,-0.030854,0.032038,-0.312948,-0.948728,1.12249,1.444343,0.950352,quasi
2098,17.483333,0.051853,0.003268,0.305705,0.950708,0.996401,1.468247,0.056241,-0.041955,-0.019661,0.181509,0.982297,1.404017,1.436548,0.056519,-0.030833,0.031816,-0.313211,-0.94865,1.12292,1.444499,0.950314,quasi
2099,17.491667,0.051858,0.003234,0.305717,0.950704,0.996403,1.468243,0.056231,-0.042168,-0.019807,0.181492,0.982288,1.40401,1.436572,0.056519,-0.030919,0.031635,-0.3135,-0.948557,1.123317,1.444579,0.950313,quasi
2100,17.5,0.051854,0.003322,0.305727,0.9507,0.99641,1.468242,0.056238,-0.042296,-0.019861,0.181444,0.982291,1.40401,1.436607,0.05652,-0.031015,0.031413,-0.313944,-0.948415,1.123621,1.444647,0.950304,quasi
2101,17.508333,0.051963,0.003384,0.305743,0.950689,0.996417,1.468241,0.056234,-0.042345,-0.019953,0.181389,0.982297,1.404008,1.436644,0.056537,-0.031105,0.031247,-0.314359,-0.94828,1.123919,1.44464,0.950334,quasi
2102,17.516667,0.051786,0.003431,0.305766,0.950691,0.99642,1.468235,0.05624,-0.042381,-0.020037,0.181315,0.982307,1.404012,1.436671,0.056559,-0.031078,0.031121,-0.314664,-0.948184,1.124261,1.444738,0.950293,quasi
2103,17.525,0.051833,0.003495,0.305794,0.95068,0.996427,1.468243,0.056244,-0.042578,-0.020112,0.181207,0.982317,1.404013,1.436685,0.056566,-0.031075,0.031134,-0.315169,-0.948016,1.124508,1.444843,0.95027,quasi
2104,17.533333,0.051875,0.003533,0.305783,0.95068,0.996434,1.468248,0.056242,-0.042502,-0.020027,0.181102,0.982341,1.403996,1.436701,0.056571,-0.031198,0.031045,-0.315543,-0.94789,1.12481,1.444871,0.950283,quasi
2105,17.541667,0.051803,0.003572,0.305843,0.950665,0.99644,1.468245,0.056241,-0.042589,-0.02001,0.181033,0.982351,1.403978,1.436705,0.056559,-0.032101,0.028095,-0.315408,-0.947997,1.126496,1.444951,0.949589,quasi
2106,17.55,0.051871,0.003623,0.305847,0.95066,0.99644,1.468254,0.056248,-0.042576,-0.019932,0.180964,0.982366,1.40395,1.436714,0.056547,-0.032062,0.027882,-0.315686,-0.947912,1.126692,1.444981,0.949572,quasi
2107,17.558333,0.051815,0.00372,0.305895,0.950647,0.996447,1.468263,0.05625,-0.042703,-0.019995,0.180889,0.982373,1.403936,1.436723,0.056531,-0.031724,0.027426,-0.316094,-0.947801,1.126859,1.445054,0.949463,quasi
2108,17.566667,0.051745,0.003724,0.305937,0.950637,0.996458,1.46826,0.056244,-0.042837,-0.02005,0.18087,0.982369,1.403931,1.436731,0.056534,-0.031438,0.026937,-0.316108,-0.947819,1.127261,1.445158,0.94932,quasi
2109,17.575,0.051769,0.003777,0.305931,0.950638,0.996458,1.468268,0.056255,-0.04307,-0.020131,0.180805,0.982369,1.403919,1.436744,0.056526,-0.031017,0.026952,-0.316469,-0.947712,1.127224,1.445267,0.949329,quasi
2110,17.583333,0.051791,0.003812,0.305949,0.950631,0.996459,1.468263,0.056256,-0.04333,-0.02029,0.180776,0.98236,1.403907,1.436759,0.056531,-0.030654,0.026843,-0.316669,-0.947661,1.127285,1.445388,0.949331,quasi
2111,17.591667,0.051815,0.003836,0.305991,0.950616,0.996454,1.468266,0.056258,-0.04367,-0.020504,0.180777,0.98234,1.403902,1.436777,0.056534,-0.030502,0.026813,-0.317137,-0.94751,1.127252,1.445665,0.949326,quasi
2112,17.6,0.051891,0.00384,0.306002,0.950608,0.996447,1.46826,0.056256,-0.043918,-0.020643,0.180719,0.982337,1.403892,1.436784,0.056522,-0.031052,0.02654,-0.318011,-0.947207,1.127479,1.445864,0.949237,quasi
2113,17.608333,0.051844,0.003812,0.306,0.950611,0.996442,1.468257,0.056248,-0.044219,-0.02076,0.180657,0.982332,1.403876,1.436797,0.056527,-0.031359,0.026502,-0.318965,-0.946877,1.127455,1.446043,0.949246,quasi
2114,17.616667,0.051864,0.003841,0.305971,0.950619,0.996436,1.468259,0.056247,-0.04425,-0.020772,0.180597,0.982342,1.40386,1.436816,0.056527,-0.031574,0.026631,-0.31967,-0.946628,1.127424,1.446243,0.9493,quasi
2115,17.625,0.051793,0.003827,0.305991,0.950617,0.99644,1.468248,0.056244,-0.044383,-0.02085,0.180567,0.98234,1.403847,1.436829,0.056526,-0.031865,0.026891,-0.320342,-0.946384,1.127415,1.446391,0.949368,quasi
2116,17.633333,0.0519,0.0038,0.306036,0.950597,0.996437,1.468259,0.056247,-0.044497,-0.020896,0.180561,0.982334,1.403839,1.436848,0.056527,-0.03213,0.027239,-0.320875,-0.946184,1.127424,1.446522,0.949457,quasi
